# https://github.com/mikedh/trimesh
v -0.00098472 -0.04491028 0.03260271
v 0.00098472 -0.04491028 0.03260271
v -0.00098472 -0.04484874 0.03457451
v -0.00296295 -0.04472564 0.03457451
v -0.00296295 -0.04477840 0.03260271
v -0.00493239 -0.04368817 -0.00296495
v -0.00296295 -0.04380247 -0.00296495
v -0.00098472 -0.04390798 -0.00296495
v 0.00098472 -0.04392556 -0.00296495
v 0.00296295 -0.04477840 0.03260271
v 0.00296295 -0.04472564 0.03457451
v 0.00098472 -0.04484874 0.03457451
v 0.00296295 -0.04382006 -0.00296495
v -0.00098472 -0.04425966 0.03654632
v -0.00493239 -0.04458497 0.03457451
v -0.00296295 -0.04412778 0.03654632
v -0.00493239 -0.04463772 0.03260271
v -0.00631276 -0.04354750 -0.00296495
v -0.00610175 -0.04350354 -0.00495180
v -0.00596987 -0.04347716 -0.00614090
v -0.00368391 -0.04147255 -0.06460252
v -0.00299812 -0.04153410 -0.06404560
v 0.00098472 -0.04385522 -0.00495180
v -0.00098472 -0.04163081 -0.06421117
v 0.00206615 -0.04347716 -0.01405820
v 0.00493239 -0.04463772 0.03260271
v 0.00493239 -0.04458497 0.03457451
v 0.00296295 -0.04412778 0.03654632
v 0.00098472 -0.04425966 0.03654632
v 0.00402680 -0.04149893 -0.06345857
v 0.00422023 -0.04349475 -0.00889540
v 0.00493239 -0.04365300 -0.00296495
v -0.00098472 -0.04360904 0.03767521
v -0.00296295 -0.04354750 0.03761500
v -0.00434332 -0.04349475 0.03756985
v -0.00497635 -0.04389918 0.03672694
v -0.00691063 -0.04384643 0.03632054
v -0.00691063 -0.04432121 0.03457451
v -0.00691063 -0.04437396 0.03260271
v -0.00888886 -0.04398711 0.03260271
v -0.00888886 -0.04301997 -0.00296495
v -0.00997029 -0.04151651 -0.03654576
v -0.00888886 -0.04068126 -0.06421117
v -0.00691063 -0.04106811 -0.06421117
v -0.00510824 -0.04141101 -0.06223937
v -0.00474776 -0.04139342 -0.06404560
v -0.00493239 -0.03985480 -0.09384838
v -0.00296295 -0.04003064 -0.09384838
v -0.00098472 -0.04015373 -0.09384838
v -0.00236509 -0.04151651 -0.06532501
v 0.00098472 -0.04170115 -0.06223937
v 0.00098472 -0.04015373 -0.09384838
v 0.00098472 -0.04162202 -0.06421117
v 0.00296295 -0.04160443 -0.06223937
v 0.00691063 -0.04437396 0.03260271
v 0.00624242 -0.04352112 -0.00296495
v 0.00691063 -0.04432121 0.03457451
v 0.00691063 -0.04384643 0.03632054
v 0.00497635 -0.04389918 0.03672694
v 0.00434332 -0.04349475 0.03756985
v 0.00296295 -0.04354750 0.03761500
v 0.00098472 -0.04360904 0.03767521
v 0.00358720 -0.04147255 -0.06478314
v 0.00493239 -0.03985480 -0.09384838
v 0.00478293 -0.04136705 -0.06415096
v 0.00573248 -0.04147255 -0.05870217
v 0.00420265 -0.04152530 -0.06223937
v 0.00589074 -0.04345958 -0.00586997
v 0.00565335 -0.04344199 -0.00692360
v -0.00098472 -0.04247486 0.03839770
v -0.00296295 -0.04247486 0.03830739
v -0.00497635 -0.04265949 0.03808161
v -0.00566214 -0.04344199 0.03749459
v -0.00888886 -0.04365300 0.03595929
v -0.00691063 -0.04330132 0.03731396
v -0.01015493 -0.04352112 0.03568836
v -0.00888886 -0.04393435 0.03457451
v -0.01063850 -0.04362663 0.03260271
v -0.01086709 -0.04260674 -0.00296495
v -0.01046265 -0.04163081 -0.03061531
v -0.01086709 -0.04030320 -0.06223937
v -0.01086709 -0.04214955 -0.01482585
v -0.01086709 -0.04022407 -0.06421117
v -0.00888886 -0.03915143 -0.09384838
v -0.00749091 -0.03943277 -0.09384838
v -0.00650619 -0.03962620 -0.09384838
v -0.00624242 -0.03958224 -0.09542882
v -0.00509944 -0.03967896 -0.09598575
v -0.00296295 -0.03988997 -0.09582018
v -0.00098472 -0.04001305 -0.09582018
v 0.00098472 -0.04001305 -0.09582018
v 0.00296295 -0.04003064 -0.09384838
v 0.00888886 -0.04398711 0.03260271
v 0.00723594 -0.04334528 -0.00296495
v 0.00888886 -0.04302876 -0.00296495
v 0.00606658 -0.04348595 -0.00454540
v 0.00594349 -0.04149014 -0.05739265
v 0.00798327 -0.04150772 -0.04784974
v 0.00888886 -0.04393435 0.03457451
v 0.01015493 -0.04352112 0.03568836
v 0.00888886 -0.04365300 0.03595929
v 0.00691063 -0.04330132 0.03731396
v 0.00566214 -0.04344199 0.03749459
v 0.00497635 -0.04265949 0.03808161
v 0.00296295 -0.04247486 0.03830739
v 0.00098472 -0.04247486 0.03839770
v 0.00296295 -0.03988997 -0.09582018
v 0.00509944 -0.03967896 -0.09598575
v 0.00624242 -0.03958224 -0.09542882
v 0.00650619 -0.03962620 -0.09384838
v 0.00691063 -0.04102415 -0.06421117
v 0.00518737 -0.04139342 -0.06223937
v 0.00691063 -0.04111207 -0.06223937
v 0.00052753 -0.01796235 0.05388612
v -0.00098472 -0.01794477 0.05388612
v -0.00232113 -0.01783047 0.05388612
v -0.00691063 -0.04231660 0.03811171
v -0.00307725 -0.01771617 0.05388612
v -0.00888886 -0.04209679 0.03800635
v -0.01086709 -0.04189457 0.03787088
v -0.01250243 -0.04169235 0.03772036
v -0.01083192 -0.04294963 0.03642590
v -0.00888886 -0.04308152 0.03693766
v -0.01302996 -0.04216713 0.03674199
v -0.01481477 -0.04185061 0.03624528
v -0.01614238 -0.04162202 0.03582382
v -0.01283653 -0.04296722 0.03457451
v -0.01149133 -0.04338045 0.03457451
v -0.01050661 -0.04360025 0.03457451
v -0.01162322 -0.04341561 0.03260271
v -0.01283653 -0.04205283 -0.00296495
v -0.01193094 -0.04151651 -0.02435371
v -0.01185181 -0.04149014 -0.02566323
v -0.01177268 -0.04147255 -0.02667170
v -0.01271344 -0.03981963 -0.06025252
v -0.01259035 -0.03977567 -0.06223937
v -0.01246726 -0.03973171 -0.06421117
v -0.01086709 -0.03865906 -0.09384838
v -0.00888886 -0.03901075 -0.09582018
v -0.00691063 -0.03938881 -0.09598575
v -0.00586436 -0.03950311 -0.09675340
v -0.00454554 -0.03958224 -0.09697917
v -0.00296295 -0.03965258 -0.09714474
v -0.00098472 -0.03971412 -0.09728021
v 0.00098472 -0.03971412 -0.09728021
v 0.00296295 -0.03965258 -0.09714474
v 0.01063850 -0.04362663 0.03260271
v 0.00888886 -0.04243969 -0.01878450
v 0.00888886 -0.04258915 -0.01482585
v 0.00888886 -0.04295842 -0.00495180
v 0.01086709 -0.04260674 -0.00296495
v 0.00888886 -0.04067247 -0.06421117
v 0.00784259 -0.04148134 -0.04915926
v 0.00888886 -0.04075160 -0.06223937
v 0.00888886 -0.04098899 -0.05630892
v 0.00850200 -0.04161323 -0.04247621
v 0.00888886 -0.04214076 -0.02667170
v 0.01050661 -0.04360025 0.03457451
v 0.01614238 -0.04162202 0.03582382
v 0.01481477 -0.04185061 0.03624528
v 0.01302996 -0.04216713 0.03674199
v 0.01083192 -0.04294963 0.03642590
v 0.01149133 -0.04338045 0.03457451
v 0.01283653 -0.04296722 0.03457451
v 0.00888886 -0.04308152 0.03693766
v 0.01250243 -0.04169235 0.03772036
v 0.01086709 -0.04189457 0.03787088
v 0.00888886 -0.04209679 0.03800635
v 0.00691063 -0.04231660 0.03811171
v 0.00233871 -0.01784806 0.05388612
v 0.00199582 -0.01788323 0.05388612
v 0.00098472 -0.01796235 0.05388612
v 0.00454554 -0.03958224 -0.09697917
v 0.00586436 -0.03950311 -0.09675340
v 0.00888886 -0.03915143 -0.09384838
v 0.00749091 -0.03943277 -0.09384838
v 0.00691063 -0.03938881 -0.09598575
v 0.00888886 -0.03901075 -0.09582018
v -0.00330585 -0.01768101 0.05388612
v -0.00493239 -0.01725898 0.05388612
v -0.01302996 -0.04069884 0.03821708
v -0.01481477 -0.04030320 0.03809666
v -0.01679300 -0.03992513 0.03785583
v -0.01382125 -0.04149014 0.03752469
v -0.01481477 -0.04128792 0.03723871
v -0.01679300 -0.04094502 0.03650116
v -0.01875365 -0.04004823 0.03659147
v -0.02016918 -0.03972292 0.03594424
v -0.01742603 -0.04134946 0.03457451
v -0.01643252 -0.04172752 0.03457451
v -0.01481477 -0.04230781 0.03457451
v -0.01283653 -0.04302876 0.03260271
v -0.01416415 -0.04160443 -0.00296495
v -0.01404985 -0.04156927 -0.00495180
v -0.01225625 -0.04163081 -0.01878450
v -0.01283653 -0.04025924 -0.04840666
v -0.01283653 -0.04002185 -0.05433712
v -0.01386521 -0.03952949 -0.05757327
v -0.01404985 -0.03959982 -0.05433712
v -0.01346078 -0.03938002 -0.06421117
v -0.01404106 -0.03761280 -0.09384838
v -0.01393555 -0.03757763 -0.09518799
v -0.01283653 -0.03802603 -0.09384838
v -0.01086709 -0.03851839 -0.09582018
v -0.01240572 -0.03772710 -0.09722000
v -0.01075279 -0.03791173 -0.09785218
v -0.00888886 -0.03837772 -0.09780703
v -0.00691063 -0.03877336 -0.09780703
v -0.00509944 -0.03913384 -0.09770167
v -0.00296295 -0.03911626 -0.09812312
v -0.00098472 -0.03916901 -0.09827364
v 0.00098472 -0.03916901 -0.09827364
v 0.00296295 -0.03911626 -0.09812312
v 0.01162322 -0.04341561 0.03260271
v 0.01086709 -0.04253640 -0.00495180
v 0.00991754 -0.04149893 -0.03782517
v 0.01283653 -0.04204404 -0.00296495
v 0.01086709 -0.04022407 -0.06421117
v 0.00948673 -0.04141101 -0.04247621
v 0.00904712 -0.04165719 -0.03850250
v 0.02016918 -0.03972292 0.03594424
v 0.01875365 -0.04004823 0.03659147
v 0.01679300 -0.04095381 0.03650116
v 0.01481477 -0.04128792 0.03723871
v 0.01382125 -0.04149014 0.03752469
v 0.01481477 -0.04230781 0.03457451
v 0.01643252 -0.04172752 0.03457451
v 0.01742603 -0.04134946 0.03457451
v 0.01283653 -0.04302876 0.03260271
v 0.01679300 -0.03992513 0.03785583
v 0.01481477 -0.04030320 0.03809666
v 0.01302996 -0.04069884 0.03821708
v 0.00493239 -0.01728536 0.05388612
v 0.00459829 -0.01736449 0.05388612
v 0.00332343 -0.01766342 0.05388612
v 0.00509944 -0.03912505 -0.09770167
v 0.01086709 -0.03851839 -0.09582018
v 0.00691063 -0.03879095 -0.09780703
v 0.00888886 -0.03838651 -0.09780703
v 0.01240572 -0.03772710 -0.09722000
v 0.01086709 -0.03865906 -0.09384838
v -0.00538959 -0.01710072 0.05388612
v -0.00691063 -0.01655561 0.05388612
v -0.01809424 -0.03967016 0.03767521
v -0.00723594 -0.01641494 0.05388612
v -0.01940427 -0.03930969 0.03726881
v -0.02079343 -0.03901954 0.03659147
v -0.02391464 -0.03767435 0.03580877
v -0.02147042 -0.03938002 0.03457451
v -0.02048570 -0.03987238 0.03457451
v -0.01877123 -0.04071643 0.03457451
v -0.02267494 -0.03804362 0.03650116
v -0.01877123 -0.04077797 0.03260271
v -0.01749637 -0.04137584 0.03260271
v -0.01651165 -0.04175390 0.03260271
v -0.01481477 -0.04236056 0.03260271
v -0.01514887 -0.04126154 -0.00296495
v -0.01463892 -0.04120879 -0.00886530
v -0.01481477 -0.03898438 -0.06223937
v -0.01492027 -0.03918659 -0.05630892
v -0.01481477 -0.03889645 -0.06421117
v -0.01503457 -0.03725232 -0.09384838
v -0.01468288 -0.03721715 -0.09583523
v -0.01372454 -0.03749850 -0.09649751
v -0.01297721 -0.03783260 -0.09583523
v -0.01679300 -0.03588075 -0.09738557
v -0.01500819 -0.03632036 -0.09800270
v -0.01297721 -0.03716440 -0.09785218
v -0.01133308 -0.03734904 -0.09852952
v -0.01001425 -0.03757763 -0.09883055
v -0.00888886 -0.03770072 -0.09892086
v -0.00691063 -0.03789415 -0.09905633
v -0.00493239 -0.03805241 -0.09914664
v -0.00296295 -0.03813154 -0.09919180
v -0.00098472 -0.03818429 -0.09919180
v 0.00098472 -0.03818429 -0.09920685
v 0.00296295 -0.03812274 -0.09917675
v 0.00493239 -0.03804362 -0.09914664
v 0.00691063 -0.03791173 -0.09908643
v 0.01086709 -0.04238694 -0.00889540
v 0.01183423 -0.04149014 -0.02555786
v 0.00980324 -0.04147255 -0.03914974
v 0.01086709 -0.04030320 -0.06223937
v 0.01001425 -0.04152530 -0.03654576
v 0.01414656 -0.04159564 -0.00296495
v 0.01481477 -0.04236056 0.03260271
v 0.01248485 -0.03973171 -0.06421117
v 0.01877123 -0.04071643 0.03457451
v 0.02048570 -0.03987238 0.03457451
v 0.02147042 -0.03938002 0.03457451
v 0.02391464 -0.03767435 0.03580877
v 0.02267494 -0.03804362 0.03650116
v 0.02079343 -0.03901954 0.03659147
v 0.01940427 -0.03930969 0.03726881
v 0.01809424 -0.03967016 0.03767521
v 0.01651165 -0.04175390 0.03260271
v 0.01749637 -0.04137584 0.03260271
v 0.01877123 -0.04077797 0.03260271
v 0.00691063 -0.01661716 0.05388612
v 0.00646223 -0.01677541 0.05388612
v 0.01372454 -0.03749850 -0.09649751
v 0.01297721 -0.03783260 -0.09583523
v 0.01393555 -0.03757763 -0.09518799
v 0.00888886 -0.03770951 -0.09893592
v 0.00997029 -0.03756884 -0.09881550
v 0.01072642 -0.03790294 -0.09785218
v 0.01128912 -0.03734024 -0.09852952
v 0.01297721 -0.03716440 -0.09785218
v 0.01500819 -0.03632036 -0.09800270
v 0.01679300 -0.03588075 -0.09738557
v 0.01283653 -0.03802603 -0.09384838
v -0.02074067 -0.03799966 0.03788593
v -0.02198916 -0.03770072 0.03767521
v -0.00822066 -0.01598412 0.05388612
v -0.02330798 -0.03723474 0.03713334
v -0.02560273 -0.03550268 0.03746448
v -0.02620060 -0.03591591 0.03615497
v -0.02752821 -0.03545872 0.03457451
v -0.02653469 -0.03615330 0.03457451
v -0.02509278 -0.03713802 0.03457451
v -0.02409927 -0.03779744 0.03457451
v -0.02271890 -0.03865906 0.03457451
v -0.02153197 -0.03941519 0.03260271
v -0.02054724 -0.03990755 0.03260271
v -0.01945702 -0.03937123 -0.00296495
v -0.01846351 -0.03983721 -0.00296495
v -0.01679300 -0.04059334 -0.00296495
v -0.01679300 -0.04051421 -0.00495180
v -0.01679300 -0.04027682 -0.01088225
v -0.01679300 -0.03827221 -0.06025252
v -0.01679300 -0.03810516 -0.06421117
v -0.01679300 -0.03646982 -0.09384838
v -0.01679300 -0.03631156 -0.09582018
v -0.01787443 -0.03560819 -0.09693402
v -0.01679300 -0.03530926 -0.09837900
v -0.01579069 -0.03555544 -0.09878540
v -0.01448066 -0.03582799 -0.09898107
v -0.01283653 -0.03610934 -0.09914664
v -0.00888886 -0.03654895 -0.09941757
v -0.00691063 -0.03654895 -0.09956810
v -0.00493239 -0.03654895 -0.09967347
v -0.00296295 -0.03654895 -0.09971862
v 0.00098472 -0.03654895 -0.09974873
v 0.00296295 -0.03654895 -0.09971862
v 0.00493239 -0.03654895 -0.09968852
v 0.00691063 -0.03654895 -0.09958316
v 0.00888886 -0.03654895 -0.09940252
v 0.01283653 -0.03610934 -0.09913159
v 0.01031319 -0.04160443 -0.03260216
v 0.01086709 -0.04207921 -0.01679765
v 0.01513128 -0.04125275 -0.00296495
v 0.01481477 -0.03893162 -0.06421117
v 0.02054724 -0.03990755 0.03260271
v 0.02153197 -0.03941519 0.03260271
v 0.02271890 -0.03865906 0.03457451
v 0.02620060 -0.03591591 0.03615497
v 0.02560273 -0.03550268 0.03746448
v 0.02330798 -0.03723474 0.03713334
v 0.02409927 -0.03779744 0.03457451
v 0.02509278 -0.03713802 0.03457451
v 0.02653469 -0.03615330 0.03457451
v 0.02752821 -0.03545872 0.03457451
v 0.02198916 -0.03770072 0.03767521
v 0.02074067 -0.03799966 0.03788593
v 0.00827341 -0.01600171 0.05388612
v 0.01679300 -0.04061092 -0.00296495
v 0.01846351 -0.03986359 -0.00296495
v 0.01787443 -0.03560819 -0.09693402
v 0.01679300 -0.03631156 -0.09582018
v 0.01468288 -0.03721715 -0.09583523
v 0.01503457 -0.03725232 -0.09384838
v 0.01404106 -0.03761280 -0.09384838
v 0.01448066 -0.03582799 -0.09898107
v 0.01579069 -0.03555544 -0.09878540
v 0.01679300 -0.03530046 -0.09837900
v -0.02267494 -0.03656653 0.03805150
v -0.02428391 -0.03592471 0.03779562
v -0.00920538 -0.01539505 0.05388612
v -0.02667537 -0.03411353 0.03787088
v -0.02777439 -0.03369150 0.03761500
v -0.02678088 -0.03512462 0.03671189
v -0.02960316 -0.03355962 0.03534216
v -0.02821399 -0.03407836 0.03654632
v -0.02882945 -0.03432454 0.03463472
v -0.02969108 -0.03363875 0.03401759
v -0.02757217 -0.03549389 0.03260271
v -0.02658745 -0.03618847 0.03260271
v -0.02513674 -0.03717319 0.03260271
v -0.02415203 -0.03783260 0.03260271
v -0.02271890 -0.03872061 0.03260271
v -0.02226171 -0.03787656 -0.00296495
v -0.02074067 -0.03872061 -0.00296495
v -0.01838438 -0.03980204 -0.00495180
v -0.01977354 -0.03755125 -0.04366531
v -0.01815578 -0.03772710 -0.05828072
v -0.01797994 -0.03763918 -0.06223937
v -0.01789202 -0.03759521 -0.06421117
v -0.01820853 -0.03577524 -0.09384838
v -0.01804148 -0.03569611 -0.09582018
v -0.01903500 -0.03519496 -0.09582018
v -0.02166385 -0.03354204 -0.09646741
v -0.02034503 -0.03396406 -0.09746083
v -0.01880640 -0.03459709 -0.09785218
v -0.01973837 -0.03356841 -0.09877035
v -0.01841954 -0.03392010 -0.09901118
v -0.01679300 -0.03432454 -0.09917675
v -0.01500819 -0.03477294 -0.09929716
v -0.01283653 -0.03457072 -0.09967347
v -0.01086709 -0.03457072 -0.09977883
v -0.00888886 -0.03457072 -0.09982399
v -0.00296295 -0.03457072 -0.09986914
v 0.00493239 -0.03457072 -0.09986914
v 0.00691063 -0.03457072 -0.09983904
v 0.01283653 -0.03457072 -0.09965842
v 0.01086709 -0.03457072 -0.09974873
v 0.01500819 -0.03477294 -0.09928211
v 0.01679300 -0.03431575 -0.09917675
v 0.01679300 -0.03812274 -0.06421117
v 0.02271890 -0.03872061 0.03260271
v 0.02074067 -0.03869423 -0.00296495
v 0.02229688 -0.03786777 -0.00296495
v 0.02415203 -0.03783260 0.03260271
v 0.02960316 -0.03355962 0.03534216
v 0.02822279 -0.03407836 0.03654632
v 0.02678088 -0.03512462 0.03671189
v 0.02777439 -0.03369150 0.03761500
v 0.02667537 -0.03411353 0.03787088
v 0.02428391 -0.03592471 0.03779562
v 0.02513674 -0.03717319 0.03260271
v 0.02658745 -0.03618847 0.03260271
v 0.02882945 -0.03432454 0.03463472
v 0.02757217 -0.03549389 0.03260271
v 0.02969108 -0.03363875 0.03401759
v 0.02267494 -0.03656653 0.03805150
v 0.00926692 -0.01544780 0.05388612
v 0.01790081 -0.03759521 -0.06421117
v 0.01888553 -0.03711165 -0.06421117
v 0.02166385 -0.03354204 -0.09646741
v 0.01903500 -0.03519496 -0.09582018
v 0.01804148 -0.03569611 -0.09582018
v 0.01879761 -0.03458830 -0.09785218
v 0.02034503 -0.03396406 -0.09744578
v 0.01820853 -0.03577524 -0.09384838
v 0.01679300 -0.03646982 -0.09384838
v 0.01839317 -0.03390252 -0.09899612
v 0.01971199 -0.03355962 -0.09877035
v -0.02484660 -0.03473777 0.03823213
v -0.01066487 -0.01440154 0.05388612
v -0.01164959 -0.01365420 0.05388612
v -0.02667537 -0.03260128 0.03860843
v -0.02852172 -0.03251335 0.03790099
v -0.02984054 -0.03179240 0.03767521
v -0.03115936 -0.03115936 0.03696777
v -0.03055271 -0.03212650 0.03641085
v -0.02920751 -0.03320793 0.03654632
v -0.03166052 -0.03166052 0.03564320
v -0.03174844 -0.03174844 0.03457451
v -0.03046478 -0.03289142 0.03463472
v -0.03178361 -0.03178361 0.03260271
v -0.03068459 -0.03277712 0.03260271
v -0.02864481 -0.03456192 0.03260271
v -0.02800298 -0.03388493 -0.00296495
v -0.02674571 -0.03486965 -0.00296495
v -0.02576099 -0.03561698 -0.00296495
v -0.02324643 -0.03724353 -0.00296495
v -0.02170781 -0.03554665 -0.06473799
v -0.02219138 -0.03783260 -0.00495180
v -0.01906137 -0.03718198 -0.06025252
v -0.01897345 -0.03713802 -0.06223937
v -0.01888553 -0.03708527 -0.06421117
v -0.01919325 -0.03528288 -0.09384838
v -0.02089893 -0.03411353 -0.09582018
v -0.02178694 -0.03362996 -0.09515789
v -0.02256065 -0.03303209 -0.09582018
v -0.02413444 -0.03193307 -0.09582018
v -0.02394101 -0.03178361 -0.09714474
v -0.02270132 -0.03219684 -0.09780703
v -0.02334315 -0.03135279 -0.09846931
v -0.02202433 -0.03180119 -0.09892086
v -0.02074067 -0.03224080 -0.09910149
v -0.01895587 -0.03278591 -0.09931221
v -0.01679300 -0.03260128 -0.09970357
v -0.01481477 -0.03260128 -0.09980893
v -0.01283653 -0.03260128 -0.09985409
v -0.01086709 -0.03260128 -0.09986914
v -0.00296295 0.03457072 -0.09988419
v 0.01086709 -0.03260128 -0.09986914
v 0.01283653 -0.03260128 -0.09985409
v 0.01679300 -0.03260128 -0.09971862
v 0.01481477 -0.03260128 -0.09980893
v 0.01893828 -0.03277712 -0.09931221
v 0.02074067 -0.03225838 -0.09913159
v 0.01783926 -0.03756884 -0.06532501
v 0.02328160 -0.03727870 -0.00296495
v 0.02222654 -0.03782381 -0.00495180
v 0.02469714 -0.03635552 -0.00296495
v 0.03046478 -0.03289142 0.03463472
v 0.03174844 -0.03174844 0.03457451
v 0.03166052 -0.03166052 0.03564320
v 0.03055271 -0.03212650 0.03641085
v 0.03115936 -0.03115936 0.03696777
v 0.02984054 -0.03179240 0.03766016
v 0.02852172 -0.03251335 0.03790099
v 0.02484660 -0.03473777 0.03823213
v 0.01172872 -0.01372454 0.05388612
v 0.01097260 -0.01429603 0.05388612
v 0.01074400 -0.01446308 0.05388612
v 0.02577857 -0.03562578 -0.00296495
v 0.02864481 -0.03456192 0.03260271
v 0.02676329 -0.03487844 -0.00296495
v 0.02800298 -0.03388493 -0.00296495
v 0.03068459 -0.03277712 0.03260271
v 0.03178361 -0.03178361 0.03260271
v 0.01040990 -0.01469168 0.05388612
v 0.01919325 -0.03528288 -0.09384838
v 0.02069671 -0.03611814 -0.06421117
v 0.02413444 -0.03193307 -0.09582018
v 0.02256065 -0.03303209 -0.09582018
v 0.02178694 -0.03362996 -0.09515789
v 0.02089893 -0.03411353 -0.09582018
v 0.02394101 -0.03178361 -0.09715980
v 0.02089893 -0.03328706 -0.09798765
v 0.02272770 -0.03222322 -0.09780703
v 0.02207708 -0.03184515 -0.09895097
v 0.02339590 -0.03135279 -0.09846931
v -0.01188698 -0.01343440 0.05388612
v -0.03055271 -0.03055271 0.03794614
v -0.03179240 -0.02984054 0.03767521
v -0.03369150 -0.02777439 0.03761500
v -0.03212650 -0.03055271 0.03641085
v -0.03407836 -0.02822279 0.03654632
v -0.03355962 -0.02960316 0.03534216
v -0.03289142 -0.03046478 0.03463472
v -0.03363875 -0.02969108 0.03401759
v -0.03277712 -0.03068459 0.03260271
v -0.03110661 -0.03094835 -0.00296495
v -0.03011310 -0.03202979 -0.00296495
v -0.02898771 -0.03302330 -0.00296495
v -0.02966470 -0.02967349 -0.05828072
v -0.02639402 -0.03223201 -0.06421117
v -0.02518070 -0.03321673 -0.06421117
v -0.02418719 -0.03391131 -0.06421117
v -0.02284200 -0.03300572 -0.09384838
v -0.02185727 -0.03366512 -0.09384838
v -0.02074067 -0.03437729 -0.09384838
v -0.02424874 -0.03202100 -0.09384838
v -0.02523346 -0.03123850 -0.09384838
v -0.02511916 -0.03114178 -0.09582018
v -0.02602475 -0.02993726 -0.09731031
v -0.02473231 -0.03064063 -0.09789734
v -0.02627093 -0.03015706 -0.09582018
v -0.02552360 -0.02949765 -0.09863489
v -0.02420478 -0.03003397 -0.09901118
v -0.02270132 -0.03066701 -0.09920685
v -0.02074067 -0.03062304 -0.09962831
v -0.01877123 -0.03062304 -0.09980893
v -0.01679300 -0.03062304 -0.09986914
v 0.03457072 -0.00493239 -0.09986914
v 0.03260128 -0.01086709 -0.09986914
v 0.02864481 -0.01877123 -0.09986914
v 0.01679300 -0.03062304 -0.09986914
v -0.02469714 -0.02469714 -0.09986914
v -0.02667537 -0.02271890 -0.09986914
v -0.03260128 -0.01283653 -0.09986914
v -0.03457072 -0.00493239 -0.09986914
v -0.03457072 0.00296295 -0.09986914
v -0.03260128 0.01283653 -0.09986914
v -0.02469714 0.02271890 -0.09986914
v -0.01679300 0.03062304 -0.09986914
v -0.01086709 0.03260128 -0.09986914
v -0.00493239 0.03457072 -0.09986914
v -0.00296295 0.03654895 -0.09973367
v -0.00098472 0.03654895 -0.09974873
v 0.00098472 0.03654895 -0.09974873
v 0.00296295 0.03457072 -0.09986914
v 0.01283653 0.03260128 -0.09986914
v 0.02271890 0.02667537 -0.09986914
v 0.02469714 0.02469714 -0.09986914
v 0.03062304 0.01679300 -0.09986914
v 0.03260128 0.01086709 -0.09986914
v 0.03457072 0.00493239 -0.09986914
v 0.02074067 -0.03062304 -0.09964336
v 0.01877123 -0.03062304 -0.09982399
v 0.02272770 -0.03066701 -0.09920685
v 0.02321127 -0.03723474 -0.00495180
v 0.02304421 -0.03513341 -0.05433712
v 0.02386188 -0.03566974 -0.03061531
v 0.02191003 -0.03567853 -0.05828072
v 0.02568186 -0.03556423 -0.00593017
v 0.02406410 -0.03580162 -0.02468485
v 0.02511916 -0.03518617 -0.02272810
v 0.03289142 -0.03046478 0.03463472
v 0.03355962 -0.02960316 0.03534216
v 0.03363875 -0.02969108 0.03401759
v 0.03212650 -0.03055271 0.03641085
v 0.03407836 -0.02821399 0.03654632
v 0.03369150 -0.02777439 0.03761500
v 0.03179240 -0.02984054 0.03767521
v 0.03055271 -0.03055271 0.03794614
v 0.01249364 -0.01296841 0.05388612
v 0.02569065 -0.03359479 -0.04950545
v 0.02898771 -0.03302330 -0.00296495
v 0.03011310 -0.03202979 -0.00296495
v 0.03277712 -0.03068459 0.03260271
v 0.03109782 -0.03094835 -0.00296495
v 0.02074067 -0.03437729 -0.09384838
v 0.02168143 -0.03552906 -0.06421117
v 0.02177814 -0.03559061 -0.06183297
v 0.02511916 -0.03114178 -0.09582018
v 0.02523346 -0.03123850 -0.09384838
v 0.02424874 -0.03202100 -0.09384838
v 0.02284200 -0.03300572 -0.09384838
v 0.02185727 -0.03366512 -0.09384838
v 0.02602475 -0.02993726 -0.09729526
v 0.02627093 -0.03015706 -0.09582018
v 0.02549722 -0.02948006 -0.09861983
v 0.02417840 -0.03003397 -0.09901118
v -0.01268707 -0.01266948 0.05388612
v -0.01368058 -0.01167597 0.05388612
v -0.03251335 -0.02852172 0.03790099
v -0.03411353 -0.02667537 0.03785583
v -0.03550268 -0.02560273 0.03747953
v -0.03512462 -0.02678088 0.03671189
v -0.03591591 -0.02620060 0.03615497
v -0.03432454 -0.02882945 0.03463472
v -0.03545872 -0.02752821 0.03457451
v -0.03549389 -0.02757217 0.03260271
v -0.03456192 -0.02864481 0.03260271
v -0.03357720 -0.02567307 -0.03930026
v -0.02963832 -0.02963832 -0.05940960
v -0.02851293 -0.03037686 -0.06421117
v -0.02737874 -0.03137038 -0.06421117
v -0.03544993 -0.02751063 0.03061586
v -0.02638523 -0.03024498 -0.09384838
v -0.02726444 -0.02928664 -0.09582018
v -0.02803815 -0.02803815 -0.09737052
v -0.02678967 -0.02876790 -0.09800270
v -0.02736995 -0.02938335 -0.09384838
v -0.02755459 -0.02754579 -0.09869509
v -0.02623576 -0.02817883 -0.09905633
v -0.02479385 -0.02875911 -0.09928211
v -0.02271890 -0.02864481 -0.09973367
v -0.02074067 -0.02864481 -0.09985409
v 0.03654895 -0.00098472 -0.09973367
v 0.03457072 -0.00888886 -0.09983904
v 0.03260128 -0.01283653 -0.09985409
v 0.03062304 -0.01679300 -0.09985409
v 0.02864481 -0.02074067 -0.09985409
v 0.02667537 -0.02271890 -0.09985409
v 0.02469714 -0.02469714 -0.09985409
v 0.02074067 -0.02864481 -0.09983904
v -0.02469714 -0.02667537 -0.09976378
v -0.02667537 -0.02469714 -0.09976378
v -0.03062304 -0.01877123 -0.09980893
v -0.03260128 -0.01481477 -0.09982399
v -0.03457072 -0.01086709 -0.09976378
v -0.03457072 -0.00691063 -0.09983904
v -0.03654895 -0.00296295 -0.09973367
v -0.03654895 0.00098472 -0.09974873
v -0.03654895 0.00296295 -0.09973367
v -0.03457072 0.00691063 -0.09983904
v -0.03062304 0.01679300 -0.09985409
v -0.03457072 0.00888886 -0.09980893
v -0.03260128 0.01481477 -0.09982399
v -0.02271890 0.02667537 -0.09983904
v -0.02074067 0.02864481 -0.09983904
v -0.01877123 0.03062304 -0.09982399
v -0.01283653 0.03260128 -0.09985409
v -0.00691063 0.03457072 -0.09983904
v -0.01086709 0.03457072 -0.09974873
v -0.00493239 0.03654895 -0.09968852
v -0.00296295 0.03813154 -0.09919180
v -0.00098472 0.03817550 -0.09920685
v 0.00098472 0.03818429 -0.09920685
v 0.00296295 0.03654895 -0.09973367
v 0.00493239 0.03457072 -0.09985409
v 0.00888886 0.03457072 -0.09980893
v 0.01481477 0.03260128 -0.09983904
v 0.01877123 0.03062304 -0.09980893
v 0.02469714 0.02667537 -0.09977883
v 0.02667537 0.02271890 -0.09985409
v 0.03062304 0.01877123 -0.09982399
v 0.03260128 0.01283653 -0.09985409
v 0.03457072 0.00691063 -0.09985409
v 0.03654895 0.00098472 -0.09973367
v 0.02271890 -0.02864481 -0.09970357
v 0.02477627 -0.02875032 -0.09926706
v 0.02667537 -0.02469714 -0.09976378
v 0.02469714 -0.02667537 -0.09974873
v 0.02198036 -0.03572249 -0.05630892
v 0.02297388 -0.03508945 -0.05630892
v 0.02447733 -0.03409594 -0.05630892
v 0.02469714 -0.03466743 -0.04050441
v 0.03432454 -0.02882945 0.03463472
v 0.03545872 -0.02752821 0.03457451
v 0.03591591 -0.02620060 0.03615497
v 0.03456192 -0.02864481 0.03260271
v 0.03549389 -0.02757217 0.03260271
v 0.03320793 -0.02920751 0.03654632
v 0.03512462 -0.02678088 0.03671189
v 0.03550268 -0.02560273 0.03746448
v 0.03411353 -0.02667537 0.03785583
v 0.03251335 -0.02852172 0.03791604
v 0.01370696 -0.01171114 0.05388612
v 0.02440700 -0.03405198 -0.05828072
v 0.02559394 -0.03352445 -0.05235026
v 0.02639402 -0.03224080 -0.06421117
v 0.02850414 -0.03037686 -0.06421117
v 0.02949765 -0.02946248 -0.06421117
v 0.02419599 -0.03391131 -0.06421117
v 0.02282441 -0.03499274 -0.06025252
v 0.02638523 -0.03024498 -0.09384838
v 0.02518950 -0.03322552 -0.06421117
v 0.02679846 -0.02875911 -0.09800270
v 0.02803815 -0.02803815 -0.09740062
v 0.02726444 -0.02928664 -0.09582018
v 0.02736995 -0.02938335 -0.09384838
v 0.02757217 -0.02757217 -0.09871014
v 0.02625335 -0.02816124 -0.09904128
v -0.01441912 -0.01068246 0.05388612
v -0.03473777 -0.02484660 0.03823213
v -0.03592471 -0.02428391 0.03779562
v -0.03770072 -0.02198916 0.03767521
v -0.03724353 -0.02330798 0.03713334
v -0.03767435 -0.02391464 0.03580877
v -0.03615330 -0.02653469 0.03457451
v -0.03618847 -0.02658745 0.03260271
v -0.03390252 -0.02417840 -0.05433712
v -0.03314639 -0.02304421 -0.08791792
v -0.03202100 -0.02424874 -0.09384838
v -0.03605659 -0.02639402 0.02667226
v -0.03558182 -0.02570823 0.00559959
v -0.02960316 -0.02959436 -0.06071913
v -0.02950644 -0.02947127 -0.06421117
v -0.02830192 -0.02830192 -0.09582018
v -0.02993726 -0.02602475 -0.09729526
v -0.02875911 -0.02678967 -0.09800270
v -0.02928664 -0.02726444 -0.09582018
v -0.02838984 -0.02838984 -0.09384838
v -0.02947127 -0.02550602 -0.09861983
v -0.03004276 -0.02418719 -0.09902623
v -0.02815245 -0.02623576 -0.09904128
v -0.02680725 -0.02680725 -0.09929716
v 0.03817550 -0.00098472 -0.09919180
v 0.03654895 -0.00296295 -0.09971862
v 0.03654895 -0.00493239 -0.09967347
v 0.03457072 -0.01086709 -0.09977883
v 0.03260128 -0.01481477 -0.09979388
v 0.03062304 -0.01877123 -0.09980893
v 0.02864481 -0.02271890 -0.09974873
v -0.02875032 -0.02478506 -0.09928211
v -0.02864481 -0.02271890 -0.09973367
v -0.03260128 -0.01679300 -0.09971862
v -0.03457072 -0.01283653 -0.09967347
v -0.03654895 -0.00493239 -0.09967347
v -0.03813154 -0.00296295 -0.09919180
v -0.03818429 0.00098472 -0.09920685
v -0.03654895 0.00493239 -0.09965842
v -0.03457072 0.01086709 -0.09976378
v -0.03814033 0.00296295 -0.09919180
v -0.03062304 0.01877123 -0.09977883
v -0.02864481 0.02074067 -0.09980893
v -0.02667537 0.02271890 -0.09982399
v -0.03457072 0.01283653 -0.09967347
v -0.03260128 0.01679300 -0.09970357
v -0.02469714 0.02667537 -0.09973367
v -0.02271890 0.02864481 -0.09971862
v -0.02074067 0.03062304 -0.09962831
v -0.01679300 0.03260128 -0.09971862
v -0.01481477 0.03260128 -0.09980893
v -0.01283653 0.03457072 -0.09965842
v -0.00691063 0.03654895 -0.09956810
v -0.00493239 0.03805241 -0.09914664
v -0.00098472 0.03916022 -0.09825858
v 0.00098472 0.03916901 -0.09827364
v 0.00296295 0.03814033 -0.09919180
v 0.00493239 0.03654895 -0.09965842
v 0.01086709 0.03457072 -0.09976378
v 0.01283653 0.03457072 -0.09968852
v 0.01679300 0.03260128 -0.09970357
v 0.02074067 0.03062304 -0.09964336
v 0.02271890 0.02864481 -0.09971862
v 0.02477627 0.02875032 -0.09928211
v 0.02681604 0.02681604 -0.09929716
v 0.02667537 0.02469714 -0.09976378
v 0.03062304 0.02074067 -0.09964336
v 0.03260128 0.01679300 -0.09971862
v 0.03260128 0.01481477 -0.09980893
v 0.03457072 0.01086709 -0.09976378
v 0.03654895 0.00493239 -0.09968852
v 0.03654895 0.00296295 -0.09971862
v 0.03817550 0.00098472 -0.09919180
v 0.02681604 -0.02681604 -0.09929716
v 0.03615330 -0.02653469 0.03457451
v 0.03767435 -0.02391464 0.03580877
v 0.03618847 -0.02658745 0.03260271
v 0.03544993 -0.02751063 0.03061586
v 0.03723474 -0.02330798 0.03713334
v 0.03770072 -0.02198916 0.03767521
v 0.03592471 -0.02428391 0.03778057
v 0.03656653 -0.02267494 0.03803645
v 0.03473777 -0.02484660 0.03820203
v 0.01447187 -0.01071763 0.05388612
v 0.01429603 -0.01094622 0.05388612
v 0.03260128 -0.02667537 0.03860843
v 0.02533017 -0.03332223 -0.06025252
v 0.02838984 -0.02838984 -0.09384838
v 0.02938335 -0.02736995 -0.09384838
v 0.03024498 -0.02638523 -0.09384838
v 0.03123850 -0.02523346 -0.09384838
v 0.03202100 -0.02424874 -0.09384838
v 0.03357720 -0.02567307 -0.03930026
v 0.02993726 -0.02602475 -0.09729526
v 0.02928664 -0.02726444 -0.09582018
v 0.02830192 -0.02830192 -0.09582018
v 0.02875911 -0.02679846 -0.09800270
v 0.02948006 -0.02551481 -0.09861983
v 0.02816124 -0.02625335 -0.09905633
v 0.03004276 -0.02419599 -0.09902623
v -0.01540384 -0.00917021 0.05388612
v -0.03656653 -0.02267494 0.03805150
v -0.03799966 -0.02074067 0.03787088
v -0.03967016 -0.01809424 0.03767521
v -0.03930969 -0.01940427 0.03726881
v -0.03901954 -0.02079343 0.03659147
v -0.03804362 -0.02267494 0.03650116
v -0.01594895 -0.00818549 0.05388612
v -0.03972292 -0.02016918 0.03594424
v -0.03938002 -0.02147042 0.03457451
v -0.03865906 -0.02271890 0.03457451
v -0.03779744 -0.02409927 0.03457451
v -0.03713802 -0.02509278 0.03457451
v -0.03717319 -0.02513674 0.03260271
v -0.03529167 -0.02329919 -0.03654576
v -0.03376184 -0.02198916 -0.08990478
v -0.03371788 -0.02191882 -0.09187658
v -0.03300572 -0.02284200 -0.09384838
v -0.03193307 -0.02413444 -0.09582018
v -0.03123850 -0.02523346 -0.09384838
v -0.03699735 -0.02487298 0.02468541
v -0.03690943 -0.02474110 0.02074181
v -0.03739300 -0.02348382 0.01283956
v -0.03024498 -0.02638523 -0.09384838
v -0.02938335 -0.02736995 -0.09384838
v -0.03178361 -0.02394101 -0.09714474
v -0.03064942 -0.02472351 -0.09788229
v -0.03015706 -0.02627093 -0.09582018
v -0.03136158 -0.02336073 -0.09846931
v -0.03066701 -0.02271011 -0.09920685
v -0.03181878 -0.02204191 -0.09893592
v 0.03812274 -0.00296295 -0.09917675
v 0.03916901 -0.00098472 -0.09827364
v 0.03804362 -0.00493239 -0.09914664
v 0.03654895 -0.00691063 -0.09959821
v 0.03457072 -0.01283653 -0.09965842
v 0.03260128 -0.01679300 -0.09968852
v 0.03062304 -0.02074067 -0.09964336
v 0.02875032 -0.02478506 -0.09929716
v -0.03062304 -0.02074067 -0.09961326
v -0.03278591 -0.01895587 -0.09929716
v -0.03430695 -0.01679300 -0.09917675
v -0.03654895 -0.00691063 -0.09955305
v -0.03475535 -0.01499061 -0.09929716
v -0.03611814 -0.01283653 -0.09914664
v -0.03654895 -0.00888886 -0.09937242
v -0.03805241 -0.00493239 -0.09914664
v -0.03916022 -0.00098472 -0.09825858
v -0.03817550 -0.00098472 -0.09919180
v -0.03916901 0.00098472 -0.09827364
v -0.03654895 0.00691063 -0.09955305
v -0.03804362 0.00493239 -0.09913159
v -0.02864481 0.02271890 -0.09970357
v -0.02667537 0.02469714 -0.09971862
v -0.03654895 0.00888886 -0.09938747
v -0.03662808 0.01075279 -0.09916169
v -0.03609176 0.01283653 -0.09913159
v -0.03457072 0.01481477 -0.09943263
v -0.03276833 0.01892949 -0.09929716
v -0.03062304 0.02074067 -0.09959821
v -0.02681604 0.02681604 -0.09929716
v -0.02478506 0.02875032 -0.09928211
v -0.02271011 0.03067580 -0.09920685
v -0.02074067 0.03224959 -0.09911654
v -0.01895587 0.03278591 -0.09931221
v -0.01679300 0.03432454 -0.09917675
v -0.01500819 0.03477294 -0.09928211
v -0.01283653 0.03610934 -0.09913159
v -0.00888886 0.03654895 -0.09938747
v -0.00691063 0.03789415 -0.09905633
v -0.00296295 0.03911626 -0.09812312
v -0.00098472 0.03971412 -0.09728021
v 0.00098472 0.03971412 -0.09728021
v 0.00296295 0.03912505 -0.09813817
v 0.00493239 0.03804362 -0.09913159
v 0.00691063 0.03654895 -0.09953799
v 0.00888886 0.03654895 -0.09938747
v 0.01283653 0.03610934 -0.09914664
v 0.01500819 0.03477294 -0.09931221
v 0.01679300 0.03431575 -0.09917675
v 0.01893828 0.03277712 -0.09929716
v 0.02074067 0.03225838 -0.09913159
v 0.02272770 0.03066701 -0.09920685
v 0.02417840 0.03003397 -0.09901118
v 0.02625335 0.02816124 -0.09904128
v 0.02816124 0.02625335 -0.09904128
v 0.02875032 0.02477627 -0.09926706
v 0.03066701 0.02272770 -0.09920685
v 0.03225838 0.02074067 -0.09913159
v 0.03277712 0.01893828 -0.09931221
v 0.03431575 0.01679300 -0.09917675
v 0.03477294 0.01500819 -0.09929716
v 0.03457072 0.01283653 -0.09965842
v 0.03654895 0.00691063 -0.09959821
v 0.03804362 0.00493239 -0.09914664
v 0.03812274 0.00296295 -0.09917675
v 0.03916901 0.00098472 -0.09827364
v 0.03713802 -0.02509278 0.03457451
v 0.03972292 -0.02016918 0.03594424
v 0.03804362 -0.02267494 0.03650116
v 0.03779744 -0.02409927 0.03457451
v 0.03865906 -0.02271890 0.03457451
v 0.03938002 -0.02147042 0.03457451
v 0.03717319 -0.02513674 0.03260271
v 0.03605659 -0.02639402 0.02667226
v 0.03901954 -0.02079343 0.03657642
v 0.03930969 -0.01940427 0.03726881
v 0.03967016 -0.01809424 0.03767521
v 0.03799966 -0.02074067 0.03788593
v 0.01588741 -0.00851959 0.05388612
v 0.01545659 -0.00928451 0.05388612
v 0.01470047 -0.01039232 0.05388612
v 0.03015706 -0.02627093 -0.09582018
v 0.03114178 -0.02511916 -0.09582018
v 0.03193307 -0.02413444 -0.09582018
v 0.03300572 -0.02284200 -0.09384838
v 0.03314639 -0.02304421 -0.08791792
v 0.03390252 -0.02417840 -0.05433712
v 0.03558182 -0.02570823 0.00559959
v 0.03064942 -0.02472351 -0.09788229
v 0.03178361 -0.02394101 -0.09714474
v 0.03136158 -0.02336073 -0.09846931
v 0.03067580 -0.02271011 -0.09922190
v 0.03181878 -0.02204191 -0.09893592
v -0.03992513 -0.01679300 0.03785583
v -0.04149014 -0.01382125 0.03752469
v -0.04128792 -0.01481477 0.03723871
v -0.04094502 -0.01679300 0.03650116
v -0.04004823 -0.01875365 0.03659147
v -0.01640614 -0.00722714 0.05388612
v -0.01655561 -0.00691063 0.05388612
v -0.04162202 -0.01614238 0.03582382
v -0.04134946 -0.01742603 0.03457451
v -0.04071643 -0.01877123 0.03457451
v -0.03987238 -0.02048570 0.03457451
v -0.03941519 -0.02153197 0.03260271
v -0.03872061 -0.02271890 0.03260271
v -0.03783260 -0.02415203 0.03260271
v -0.03590712 -0.02224413 -0.03851756
v -0.03751609 -0.02169022 -0.01088225
v -0.03559061 -0.02177814 -0.05235026
v -0.03550268 -0.02163747 -0.05630892
v -0.03437729 -0.02074067 -0.09384838
v -0.03366512 -0.02185727 -0.09384838
v -0.03362996 -0.02178694 -0.09515789
v -0.03303209 -0.02256065 -0.09582018
v -0.03354204 -0.02166385 -0.09646741
v -0.03114178 -0.02511916 -0.09582018
v -0.03761280 -0.02381792 0.02271361
v -0.03756884 -0.02176935 -0.00853415
v -0.03396406 -0.02034503 -0.09746083
v -0.03220563 -0.02271011 -0.09780703
v -0.03356841 -0.01973837 -0.09877035
v -0.03224959 -0.02074067 -0.09910149
v -0.03391131 -0.01841954 -0.09901118
v 0.03971412 -0.00098472 -0.09728021
v 0.03965258 -0.00296295 -0.09714474
v 0.03910746 -0.00296295 -0.09812312
v 0.03791173 -0.00691063 -0.09908643
v 0.03654895 -0.00888886 -0.09943263
v 0.03610934 -0.01283653 -0.09914664
v 0.03477294 -0.01500819 -0.09928211
v 0.03432454 -0.01679300 -0.09917675
v 0.03278591 -0.01895587 -0.09929716
v 0.03224959 -0.02074067 -0.09911654
v -0.03581920 -0.01444550 -0.09898107
v -0.03788536 -0.00691063 -0.09905633
v -0.03756005 -0.00996150 -0.09881550
v -0.03767435 -0.00888886 -0.09890581
v -0.03911626 -0.00296295 -0.09812312
v -0.03971412 -0.00098472 -0.09728021
v -0.03971412 0.00098472 -0.09728021
v -0.03912505 0.00296295 -0.09813817
v -0.03787656 0.00691063 -0.09904128
v -0.02875032 0.02478506 -0.09928211
v -0.03769193 0.00888886 -0.09892086
v -0.03757763 0.01001425 -0.09883055
v -0.03575766 0.01481477 -0.09893592
v -0.03457951 0.01660836 -0.09911654
v -0.03392010 0.01838438 -0.09901118
v -0.03222322 0.02074067 -0.09911654
v -0.03066701 0.02270132 -0.09920685
v -0.02816124 0.02626214 -0.09905633
v -0.02625335 0.02816124 -0.09904128
v -0.02419599 0.03004276 -0.09902623
v -0.02204191 0.03181878 -0.09893592
v -0.01841954 0.03392010 -0.09901118
v -0.01448066 0.03582799 -0.09898107
v -0.01001425 0.03757763 -0.09883055
v -0.00888886 0.03770072 -0.09892086
v -0.00509944 0.03913384 -0.09770167
v -0.00296295 0.03965258 -0.09714474
v -0.00098472 0.04001305 -0.09582018
v 0.00098472 0.04001305 -0.09582018
v 0.00296295 0.03965258 -0.09714474
v 0.00888886 0.03769193 -0.09892086
v 0.00691063 0.03787656 -0.09904128
v 0.00454554 0.03958224 -0.09699423
v 0.00509944 0.03912505 -0.09770167
v 0.01075279 0.03663687 -0.09916169
v 0.01001425 0.03757763 -0.09883055
v 0.01448066 0.03582799 -0.09898107
v 0.01839317 0.03390252 -0.09899612
v 0.02207708 0.03184515 -0.09895097
v 0.02549722 0.02948006 -0.09861983
v 0.02757217 0.02757217 -0.09871014
v 0.03003397 0.02417840 -0.09901118
v 0.03184515 0.02207708 -0.09895097
v 0.03390252 0.01839317 -0.09899612
v 0.03582799 0.01448066 -0.09898107
v 0.03610934 0.01283653 -0.09913159
v 0.03654895 0.00888886 -0.09940252
v 0.03791173 0.00691063 -0.09908643
v 0.03910746 0.00296295 -0.09812312
v 0.03965258 0.00296295 -0.09714474
v 0.03971412 0.00098472 -0.09728021
v 0.03783260 -0.02415203 0.03260271
v 0.03987238 -0.02048570 0.03457451
v 0.04071643 -0.01877123 0.03457451
v 0.04134946 -0.01742603 0.03457451
v 0.04162202 -0.01614238 0.03582382
v 0.04004823 -0.01875365 0.03657642
v 0.03872061 -0.02271890 0.03260271
v 0.03941519 -0.02153197 0.03260271
v 0.03699735 -0.02487298 0.02468541
v 0.04094502 -0.01679300 0.03650116
v 0.04128792 -0.01481477 0.03723871
v 0.04149014 -0.01382125 0.03752469
v 0.03992513 -0.01679300 0.03785583
v 0.01663474 -0.00691063 0.05388612
v 0.01601050 -0.00829099 0.05388612
v 0.03354204 -0.02166385 -0.09646741
v 0.03303209 -0.02256065 -0.09582018
v 0.03362996 -0.02178694 -0.09515789
v 0.03366512 -0.02185727 -0.09384838
v 0.03371788 -0.02191882 -0.09187658
v 0.03376184 -0.02198916 -0.08990478
v 0.03529167 -0.02329919 -0.03654576
v 0.03739300 -0.02348382 0.01283956
v 0.03690943 -0.02474110 0.02074181
v 0.03220563 -0.02271011 -0.09780703
v 0.03396406 -0.02034503 -0.09746083
v 0.03356841 -0.01973837 -0.09877035
v 0.03392010 -0.01841954 -0.09901118
v -0.04029440 -0.01481477 0.03808161
v -0.04169235 -0.01250243 0.03772036
v -0.04294963 -0.01083192 0.03642590
v -0.04216713 -0.01302996 0.03674199
v -0.04185061 -0.01481477 0.03624528
v -0.01708314 -0.00538959 0.05388612
v -0.04352112 -0.01015493 0.03568836
v -0.04296722 -0.01283653 0.03457451
v -0.04230781 -0.01481477 0.03457451
v -0.04172752 -0.01643252 0.03457451
v -0.04175390 -0.01651165 0.03260271
v -0.04137584 -0.01749637 0.03260271
v -0.04077797 -0.01877123 0.03260271
v -0.03990755 -0.02054724 0.03260271
v -0.03933606 -0.02136491 0.02864406
v -0.03855356 -0.02271890 0.02864406
v -0.03549389 -0.01961528 -0.08397432
v -0.03555544 -0.01974716 -0.08087363
v -0.03528288 -0.01919325 -0.09384838
v -0.03411353 -0.02089893 -0.09582018
v -0.03519496 -0.01903500 -0.09582018
v -0.03560819 -0.01787443 -0.09693402
v -0.03459709 -0.01880640 -0.09785218
v -0.03529167 -0.01679300 -0.09836395
v -0.03553785 -0.01576432 -0.09877035
v 0.04001305 -0.00098472 -0.09582018
v 0.03912505 -0.00509944 -0.09770167
v 0.03988997 -0.00296295 -0.09582018
v 0.03958224 -0.00454554 -0.09697917
v 0.03879095 -0.00691063 -0.09780703
v 0.03770951 -0.00888886 -0.09893592
v 0.03756884 -0.00997029 -0.09881550
v 0.03582799 -0.01448066 -0.09898107
v -0.03735783 -0.01128032 -0.09854457
v -0.03876457 -0.00691063 -0.09780703
v -0.03912505 -0.00509944 -0.09770167
v -0.03790294 -0.01071763 -0.09785218
v -0.03836013 -0.00888886 -0.09780703
v -0.03958224 -0.00454554 -0.09697917
v -0.03965258 -0.00296295 -0.09714474
v -0.04001305 -0.00098472 -0.09582018
v -0.04001305 0.00098472 -0.09582018
v -0.03965258 0.00296295 -0.09714474
v -0.03958224 0.00454554 -0.09699423
v -0.03912505 0.00509944 -0.09770167
v -0.03004276 0.02418719 -0.09902623
v -0.03734904 0.01133308 -0.09852952
v -0.03557302 0.01582586 -0.09880045
v -0.03875578 0.00691063 -0.09780703
v -0.03837772 0.00888886 -0.09780703
v -0.03791173 0.01075279 -0.09785218
v -0.03354204 0.01970320 -0.09875530
v -0.03180998 0.02202433 -0.09892086
v -0.02757217 0.02757217 -0.09871014
v -0.02551481 0.02948006 -0.09861983
v -0.02336073 0.03136158 -0.09846931
v -0.01973837 0.03356841 -0.09877035
v -0.01579069 0.03555544 -0.09878540
v -0.01133308 0.03734024 -0.09852952
v -0.01075279 0.03791173 -0.09785218
v -0.00888886 0.03837772 -0.09780703
v -0.00691063 0.03877336 -0.09780703
v -0.00586436 0.03950311 -0.09675340
v -0.00454554 0.03958224 -0.09697917
v -0.00296295 0.03988997 -0.09582018
v -0.00098472 0.04015373 -0.09384838
v 0.00296295 0.03988997 -0.09582018
v 0.00098472 0.04015373 -0.09384838
v 0.00586436 0.03950311 -0.09675340
v 0.00691063 0.03875578 -0.09780703
v 0.01133308 0.03734904 -0.09852952
v 0.01579069 0.03555544 -0.09878540
v 0.00888886 0.03837772 -0.09780703
v 0.01075279 0.03791173 -0.09785218
v 0.01971199 0.03355962 -0.09877035
v 0.02339590 0.03135279 -0.09846931
v 0.02602475 0.02993726 -0.09729526
v 0.02679846 0.02875911 -0.09800270
v 0.02803815 0.02803815 -0.09740062
v 0.02875911 0.02679846 -0.09800270
v 0.02948006 0.02549722 -0.09861983
v 0.03355962 0.01971199 -0.09877035
v 0.03135279 0.02339590 -0.09846931
v 0.03555544 0.01579069 -0.09878540
v 0.03756884 0.00997029 -0.09881550
v 0.03770951 0.00888886 -0.09893592
v 0.03879095 0.00691063 -0.09780703
v 0.03912505 0.00509944 -0.09770167
v 0.03958224 0.00454554 -0.09697917
v 0.03988997 0.00296295 -0.09582018
v 0.04001305 0.00098472 -0.09582018
v 0.03761280 -0.02381792 0.02271361
v 0.03756884 -0.02176935 -0.00853415
v 0.03855356 -0.02271890 0.02864406
v 0.03990755 -0.02054724 0.03260271
v 0.04077797 -0.01877123 0.03260271
v 0.04172752 -0.01643252 0.03457451
v 0.04137584 -0.01749637 0.03260271
v 0.04175390 -0.01651165 0.03260271
v 0.04352112 -0.01015493 0.03568836
v 0.04185061 -0.01481477 0.03624528
v 0.04230781 -0.01481477 0.03457451
v 0.04296722 -0.01283653 0.03457451
v 0.04338924 -0.01149133 0.03457451
v 0.03933606 -0.02136491 0.02864406
v 0.03751609 -0.02169022 -0.01088225
v 0.04169235 -0.01250243 0.03772036
v 0.04216713 -0.01302996 0.03674199
v 0.04294963 -0.01083192 0.03642590
v 0.04029440 -0.01481477 0.03808161
v 0.01733811 -0.00493239 0.05388612
v 0.03560819 -0.01787443 -0.09693402
v 0.03519496 -0.01903500 -0.09582018
v 0.03411353 -0.02089893 -0.09582018
v 0.03437729 -0.02074067 -0.09384838
v 0.03550268 -0.02163747 -0.05630892
v 0.03559061 -0.02177814 -0.05235026
v 0.03590712 -0.02224413 -0.03851756
v 0.03459709 -0.01880640 -0.09785218
v 0.03555544 -0.01579069 -0.09878540
v 0.03530926 -0.01679300 -0.09837900
v -0.01724140 -0.00493239 0.05388612
v -0.04189457 -0.01086709 0.03788593
v -0.04344199 -0.00566214 0.03749459
v -0.04330132 -0.00691063 0.03731396
v -0.04308152 -0.00888886 0.03693766
v -0.04365300 -0.00888886 0.03595929
v -0.04432121 -0.00691063 0.03457451
v -0.04393435 -0.00888886 0.03457451
v -0.04360025 -0.01050661 0.03457451
v -0.04338045 -0.01149133 0.03457451
v -0.04341561 -0.01162322 0.03260271
v -0.04302876 -0.01283653 0.03260271
v -0.04236056 -0.01481477 0.03260271
v -0.04171873 -0.01640614 0.03061586
v -0.04069884 -0.01877123 0.03061586
v -0.04134067 -0.01739086 0.03061586
v -0.03757763 -0.01588741 -0.07804387
v -0.04045266 -0.01877123 0.02468541
v -0.03682151 -0.01877123 -0.06223937
v -0.03640828 -0.01877123 -0.07211342
v -0.03594229 -0.01854264 -0.08594612
v -0.03577524 -0.01820853 -0.09384838
v -0.03569611 -0.01804148 -0.09582018
v -0.03631156 -0.01679300 -0.09582018
v -0.03749850 -0.01372454 -0.09649751
v -0.03588075 -0.01679300 -0.09738557
v -0.03631156 -0.01499061 -0.09798765
v -0.03716440 -0.01297721 -0.09785218
v 0.04015373 -0.00098472 -0.09384838
v 0.03950311 -0.00586436 -0.09675340
v 0.03967896 -0.00509944 -0.09598575
v 0.04003064 -0.00296295 -0.09384838
v 0.03985480 -0.00493239 -0.09384838
v 0.03838651 -0.00888886 -0.09780703
v 0.03734904 -0.01128912 -0.09852952
v 0.03790294 -0.01072642 -0.09785218
v -0.03772710 -0.01240572 -0.09723505
v -0.03950311 -0.00586436 -0.09675340
v -0.03988997 -0.00296295 -0.09582018
v -0.04015373 -0.00098472 -0.09384838
v -0.03988997 0.00296295 -0.09582018
v -0.04015373 0.00098472 -0.09384838
v -0.03950311 0.00586436 -0.09675340
v -0.03136158 0.02334315 -0.09846931
v -0.02948006 0.02550602 -0.09861983
v -0.03772710 0.01240572 -0.09722000
v -0.03649620 0.01481477 -0.09780703
v -0.03581920 0.01660836 -0.09767156
v -0.03523892 0.01714468 -0.09824353
v -0.03459709 0.01878882 -0.09783713
v -0.03396406 0.02034503 -0.09743073
v -0.02875911 0.02679846 -0.09800270
v -0.02803815 0.02803815 -0.09740062
v -0.02679846 0.02875911 -0.09800270
v -0.02602475 0.02993726 -0.09729526
v -0.02472351 0.03064942 -0.09788229
v -0.02394101 0.03178361 -0.09714474
v -0.02271011 0.03220563 -0.09780703
v -0.02034503 0.03396406 -0.09746083
v -0.01880640 0.03459709 -0.09785218
v -0.01679300 0.03530926 -0.09837900
v -0.01679300 0.03588075 -0.09738557
v -0.01500819 0.03632036 -0.09800270
v -0.01297721 0.03716440 -0.09785218
v -0.01240572 0.03772710 -0.09722000
v -0.01086709 0.03851839 -0.09582018
v -0.00888886 0.03901075 -0.09582018
v -0.00691063 0.03938881 -0.09598575
v -0.00624242 0.03958224 -0.09542882
v -0.00509944 0.03967896 -0.09598575
v -0.00493239 0.03985480 -0.09384838
v -0.00296295 0.04003064 -0.09384838
v -0.00098472 0.04023286 -0.09187658
v 0.00509944 0.03967896 -0.09598575
v 0.00296295 0.04003064 -0.09384838
v 0.00493239 0.03985480 -0.09384838
v 0.00098472 0.04023286 -0.09187658
v 0.00624242 0.03958224 -0.09542882
v 0.00691063 0.03938881 -0.09598575
v 0.00888886 0.03901075 -0.09582018
v 0.01086709 0.03851839 -0.09582018
v 0.01240572 0.03772710 -0.09722000
v 0.01297721 0.03716440 -0.09785218
v 0.01500819 0.03632036 -0.09800270
v 0.01679300 0.03588075 -0.09738557
v 0.01679300 0.03530046 -0.09837900
v 0.01879761 0.03458830 -0.09785218
v 0.02034503 0.03396406 -0.09744578
v 0.02089893 0.03328706 -0.09798765
v 0.02272770 0.03222322 -0.09780703
v 0.02394101 0.03178361 -0.09715980
v 0.02627093 0.03015706 -0.09582018
v 0.02726444 0.02928664 -0.09582018
v 0.02830192 0.02830192 -0.09582018
v 0.02928664 0.02726444 -0.09582018
v 0.02993726 0.02602475 -0.09729526
v 0.03222322 0.02272770 -0.09780703
v 0.03328706 0.02089893 -0.09798765
v 0.03396406 0.02034503 -0.09744578
v 0.03458830 0.01879761 -0.09785218
v 0.03530046 0.01679300 -0.09837900
v 0.03178361 0.02394101 -0.09715980
v 0.03588075 0.01679300 -0.09738557
v 0.03632036 0.01500819 -0.09800270
v 0.03716440 0.01297721 -0.09785218
v 0.03734024 0.01128912 -0.09852952
v 0.03790294 0.01072642 -0.09785218
v 0.03838651 0.00888886 -0.09780703
v 0.03950311 0.00586436 -0.09675340
v 0.03967896 0.00509944 -0.09598575
v 0.03985480 0.00493239 -0.09384838
v 0.04003064 0.00296295 -0.09384838
v 0.04015373 0.00098472 -0.09384838
v 0.04045266 -0.01877123 0.02468541
v 0.04069884 -0.01877123 0.03061586
v 0.03549389 -0.01961528 -0.08397432
v 0.03682151 -0.01877123 -0.06223937
v 0.04134067 -0.01739086 0.03061586
v 0.03757763 -0.01588741 -0.07804387
v 0.04236056 -0.01481477 0.03260271
v 0.04171873 -0.01640614 0.03061586
v 0.04365300 -0.00888886 0.03595929
v 0.04360025 -0.01050661 0.03457451
v 0.04393435 -0.00888886 0.03457451
v 0.04432121 -0.00691063 0.03457451
v 0.04302876 -0.01283653 0.03260271
v 0.04341561 -0.01162322 0.03260271
v 0.03555544 -0.01974716 -0.08087363
v 0.04309031 -0.00888886 0.03693766
v 0.04330132 -0.00691063 0.03731396
v 0.04343320 -0.00566214 0.03749459
v 0.04189457 -0.01086709 0.03788593
v 0.01742603 -0.00458950 0.05388612
v 0.03749850 -0.01372454 -0.09649751
v 0.03631156 -0.01679300 -0.09582018
v 0.03569611 -0.01804148 -0.09582018
v 0.03588075 -0.01679300 -0.09738557
v 0.03528288 -0.01919325 -0.09384838
v 0.03716440 -0.01297721 -0.09785218
v 0.03632036 -0.01500819 -0.09800270
v -0.01779530 -0.00238267 0.05388612
v -0.04231660 -0.00691063 0.03812676
v -0.04265949 -0.00497635 0.03808161
v -0.04349475 -0.00434332 0.03756985
v -0.04389918 -0.00497635 0.03672694
v -0.04384643 -0.00691063 0.03632054
v -0.04458497 -0.00493239 0.03457451
v -0.04437396 -0.00691063 0.03260271
v -0.04398711 -0.00888886 0.03260271
v -0.04362663 -0.01063850 0.03260271
v -0.04148134 -0.01179906 -0.01548814
v -0.04150772 -0.01188698 -0.01416357
v -0.04280017 -0.01283653 0.02667226
v -0.04338045 -0.01144737 0.03061586
v -0.03952070 -0.00989116 -0.07912761
v -0.04197370 -0.01481477 0.02271361
v -0.04147255 -0.01575553 0.01821309
v -0.04152530 -0.01588741 0.02074181
v -0.04160443 -0.01609842 0.02468541
v -0.04168356 -0.01630064 0.02864406
v -0.03953828 -0.01782168 -0.00838363
v -0.03952949 -0.01584345 -0.03002828
v -0.03752488 -0.01576432 -0.08064785
v -0.03646982 -0.01679300 -0.09384838
v -0.03663687 -0.01679300 -0.08990478
v -0.03680392 -0.01679300 -0.08594612
v -0.03738420 -0.01746120 -0.06421117
v -0.03721715 -0.01468288 -0.09583523
v -0.03725232 -0.01503457 -0.09384838
v -0.03757763 -0.01393555 -0.09518799
v -0.03783260 -0.01297721 -0.09583523
v -0.03851839 -0.01086709 -0.09582018
v 0.04023286 -0.00098472 -0.09187658
v 0.03958224 -0.00624242 -0.09542882
v 0.03938881 -0.00691063 -0.09598575
v 0.03901075 -0.00888886 -0.09582018
v 0.03851839 -0.01086709 -0.09582018
v 0.03772710 -0.01240572 -0.09722000
v 0.03993393 -0.00493239 -0.09187658
v 0.04018011 -0.00296295 -0.08990478
v 0.04149014 -0.00392130 -0.05329853
v 0.03962620 -0.00650619 -0.09384838
v -0.03901075 -0.00888886 -0.09582018
v -0.03938881 -0.00691063 -0.09598575
v -0.03958224 -0.00624242 -0.09542882
v -0.03967896 -0.00509944 -0.09598575
v -0.03985480 -0.00493239 -0.09384838
v -0.04003064 -0.00296295 -0.09384838
v -0.04023286 -0.00098472 -0.09187658
v -0.03967896 0.00509944 -0.09598575
v -0.04003064 0.00296295 -0.09384838
v -0.03985480 0.00493239 -0.09384838
v -0.04023286 0.00098472 -0.09187658
v -0.03958224 0.00624242 -0.09542882
v -0.03938881 0.00691063 -0.09598575
v -0.03901075 0.00888886 -0.09582018
v -0.03851839 0.01086709 -0.09582018
v -0.03219684 0.02270132 -0.09780703
v -0.03178361 0.02394101 -0.09714474
v -0.03064942 0.02472351 -0.09788229
v -0.02993726 0.02602475 -0.09729526
v -0.03749850 0.01372454 -0.09649751
v -0.03560819 0.01787443 -0.09693402
v -0.03354204 0.02166385 -0.09646741
v -0.02928664 0.02726444 -0.09582018
v -0.02830192 0.02830192 -0.09582018
v -0.02726444 0.02928664 -0.09582018
v -0.02627093 0.03015706 -0.09582018
v -0.02511916 0.03114178 -0.09582018
v -0.02413444 0.03193307 -0.09582018
v -0.02166385 0.03354204 -0.09646741
v -0.01787443 0.03560819 -0.09693402
v -0.01372454 0.03749850 -0.09649751
v -0.01297721 0.03783260 -0.09583523
v -0.01393555 0.03757763 -0.09518799
v -0.01086709 0.03865906 -0.09384838
v -0.00888886 0.03915143 -0.09384838
v -0.00749091 0.03943277 -0.09384838
v -0.00650619 0.03962620 -0.09384838
v -0.00493239 0.03993393 -0.09187658
v -0.00392130 0.04149014 -0.05329853
v -0.00296295 0.04018011 -0.08990478
v -0.00098472 0.04053179 -0.08397432
v -0.00014067 0.04149893 -0.05953002
v 0.00296295 0.04018011 -0.08990478
v 0.00392130 0.04149014 -0.05329853
v 0.00493239 0.03993393 -0.09187658
v 0.00650619 0.03962620 -0.09384838
v 0.00014067 0.04149893 -0.05953002
v 0.00098472 0.04053179 -0.08397432
v 0.00749091 0.03943277 -0.09384838
v 0.00888886 0.03915143 -0.09384838
v 0.01393555 0.03757763 -0.09518799
v 0.01297721 0.03783260 -0.09583523
v 0.01372454 0.03749850 -0.09649751
v 0.01086709 0.03865906 -0.09384838
v 0.01787443 0.03560819 -0.09693402
v 0.02166385 0.03354204 -0.09646741
v 0.02413444 0.03193307 -0.09582018
v 0.02511916 0.03114178 -0.09582018
v 0.02523346 0.03123850 -0.09384838
v 0.02638523 0.03024498 -0.09384838
v 0.02736995 0.02938335 -0.09384838
v 0.02838984 0.02838984 -0.09384838
v 0.02938335 0.02736995 -0.09384838
v 0.03015706 0.02627093 -0.09582018
v 0.03354204 0.02166385 -0.09646741
v 0.03560819 0.01787443 -0.09693402
v 0.03114178 0.02511916 -0.09582018
v 0.03193307 0.02413444 -0.09582018
v 0.03772710 0.01240572 -0.09722000
v 0.03749850 0.01372454 -0.09649751
v 0.03851839 0.01086709 -0.09582018
v 0.03901075 0.00888886 -0.09582018
v 0.03938881 0.00691063 -0.09598575
v 0.03958224 0.00624242 -0.09542882
v 0.03962620 0.00650619 -0.09384838
v 0.03993393 0.00493239 -0.09187658
v 0.04023286 0.00098472 -0.09187658
v 0.04149014 0.00392130 -0.05329853
v 0.04018011 0.00296295 -0.08990478
v 0.03953828 -0.01782168 -0.00838363
v 0.03738420 -0.01746120 -0.06421117
v 0.03577524 -0.01820853 -0.09384838
v 0.03594229 -0.01854264 -0.08594612
v 0.03640828 -0.01877123 -0.07211342
v 0.04168356 -0.01630064 0.02864406
v 0.03752488 -0.01576432 -0.08064785
v 0.03952949 -0.01584345 -0.03002828
v 0.03680392 -0.01679300 -0.08594612
v 0.03663687 -0.01679300 -0.08990478
v 0.03646982 -0.01679300 -0.09384838
v 0.04160443 -0.01609842 0.02468541
v 0.04152530 -0.01588741 0.02074181
v 0.04147255 -0.01575553 0.01821309
v 0.04197370 -0.01481477 0.02271361
v 0.04280017 -0.01283653 0.02667226
v 0.04384643 -0.00691063 0.03632054
v 0.04362663 -0.01063850 0.03260271
v 0.04398711 -0.00888886 0.03260271
v 0.04458497 -0.00493239 0.03457451
v 0.04437396 -0.00691063 0.03260271
v 0.04338045 -0.01144737 0.03061586
v 0.04150772 -0.01188698 -0.01416357
v 0.04148134 -0.01179906 -0.01548814
v 0.03952070 -0.00989116 -0.07912761
v 0.04349475 -0.00434332 0.03756985
v 0.04231660 -0.00691063 0.03812676
v 0.04209679 -0.00888886 0.03802140
v 0.04389918 -0.00497635 0.03672694
v 0.01770738 -0.00345531 0.05388612
v 0.03783260 -0.01297721 -0.09583523
v 0.03757763 -0.01393555 -0.09518799
v 0.03721715 -0.01468288 -0.09583523
v 0.03725232 -0.01503457 -0.09384838
v -0.01783047 -0.00215408 0.05388612
v -0.04247486 -0.00296295 0.03830739
v -0.04354750 -0.00296295 0.03761500
v -0.04425966 -0.00098472 0.03654632
v -0.04412778 -0.00296295 0.03654632
v -0.04472564 -0.00296295 0.03457451
v -0.04463772 -0.00493239 0.03260271
v -0.04430362 -0.00691063 0.03061586
v -0.04383764 -0.00888886 0.02864406
v -0.04344199 -0.00974170 0.02271361
v -0.04355629 -0.01027802 0.02864406
v -0.04359146 -0.01046265 0.03061586
v -0.03881732 -0.01086709 -0.08990478
v -0.04180665 -0.01277499 0.00097865
v -0.03951190 -0.01183423 -0.06505407
v -0.03953828 -0.01191336 -0.06372950
v -0.04006581 -0.00888886 -0.07014162
v -0.03962620 -0.00844046 -0.08397432
v -0.03934485 -0.00871302 -0.08984457
v -0.03938881 -0.00924055 -0.08594612
v -0.03923055 -0.00888886 -0.09187658
v -0.03915143 -0.00888886 -0.09384838
v -0.03865906 -0.01086709 -0.09384838
v -0.04174511 -0.01456859 0.01481136
v -0.04133188 -0.01532471 0.01086776
v -0.03944157 -0.01558847 -0.03457396
v -0.03950311 -0.01577311 -0.03135285
v -0.03765676 -0.01415535 -0.09187658
v -0.03761280 -0.01404106 -0.09384838
v -0.03802603 -0.01283653 -0.09384838
v 0.04149893 -0.00014067 -0.05953002
v 0.04053179 -0.00098472 -0.08397432
v 0.03943277 -0.00749091 -0.09384838
v 0.03915143 -0.00888886 -0.09384838
v 0.03865906 -0.01086709 -0.09384838
v 0.04149893 -0.00596987 -0.04765407
v 0.04151651 -0.00418506 -0.05197396
v 0.04346837 -0.00594349 0.00382346
v 0.04032957 -0.00296295 -0.08594612
v 0.04147255 -0.00362236 -0.05433712
v 0.04347716 -0.00404439 -0.00019540
v 0.04404865 -0.00493239 0.01678316
v 0.03967016 -0.00669082 -0.09187658
v 0.04152530 -0.00609296 -0.04643486
v -0.03943277 -0.00749091 -0.09384838
v -0.03962620 -0.00650619 -0.09384838
v -0.03993393 -0.00493239 -0.09187658
v -0.04149014 -0.00392130 -0.05329853
v -0.04018011 -0.00296295 -0.08990478
v -0.04053179 -0.00098472 -0.08397432
v -0.04149893 -0.00014067 -0.05953002
v -0.03993393 0.00493239 -0.09187658
v -0.04018011 0.00296295 -0.08990478
v -0.04149014 0.00392130 -0.05329853
v -0.03962620 0.00650619 -0.09384838
v -0.04149893 0.00014067 -0.05953002
v -0.04053179 0.00098472 -0.08397432
v -0.03943277 0.00749091 -0.09384838
v -0.03915143 0.00888886 -0.09384838
v -0.03757763 0.01393555 -0.09518799
v -0.03783260 0.01297721 -0.09583523
v -0.03865906 0.01086709 -0.09384838
v -0.03193307 0.02413444 -0.09582018
v -0.03114178 0.02511916 -0.09582018
v -0.03015706 0.02627093 -0.09582018
v -0.03721715 0.01468288 -0.09583523
v -0.03631156 0.01679300 -0.09582018
v -0.03569611 0.01804148 -0.09582018
v -0.03519496 0.01903500 -0.09582018
v -0.03411353 0.02089893 -0.09582018
v -0.03362996 0.02178694 -0.09515789
v -0.03303209 0.02256065 -0.09582018
v -0.02938335 0.02736995 -0.09384838
v -0.02838984 0.02838984 -0.09384838
v -0.02736995 0.02938335 -0.09384838
v -0.02638523 0.03024498 -0.09384838
v -0.02523346 0.03123850 -0.09384838
v -0.02256065 0.03303209 -0.09582018
v -0.02424874 0.03202100 -0.09384838
v -0.02284200 0.03300572 -0.09384838
v -0.02178694 0.03362996 -0.09515789
v -0.02089893 0.03411353 -0.09582018
v -0.01903500 0.03519496 -0.09582018
v -0.01804148 0.03569611 -0.09582018
v -0.01679300 0.03631156 -0.09582018
v -0.01468288 0.03721715 -0.09583523
v -0.01503457 0.03725232 -0.09384838
v -0.01404106 0.03761280 -0.09384838
v -0.01283653 0.03802603 -0.09384838
v -0.01183423 0.03951190 -0.06505407
v -0.01086709 0.03881732 -0.08990478
v -0.00989116 0.03952070 -0.07912761
v -0.00888886 0.03923055 -0.09187658
v -0.00669082 0.03967016 -0.09187658
v -0.00609296 0.04152530 -0.04643486
v -0.00596987 0.04149893 -0.04765407
v -0.00418506 0.04151651 -0.05197396
v -0.00594349 0.04346837 0.00382346
v -0.00362236 0.04147255 -0.05433712
v -0.00296295 0.04032957 -0.08594612
v -0.00493239 0.04404865 0.01678316
v -0.00493239 0.04419812 0.02074181
v -0.00404439 0.04347716 -0.00019540
v -0.00098472 0.04068126 -0.08001567
v -0.00050994 0.04152530 -0.05828072
v -0.00029014 0.04348595 -0.00642689
v 0.00296295 0.04032957 -0.08594612
v 0.00418506 0.04151651 -0.05197396
v 0.00362236 0.04147255 -0.05433712
v 0.00404439 0.04347716 -0.00019540
v 0.00493239 0.04419812 0.02074181
v 0.00493239 0.04404865 0.01678316
v 0.00594349 0.04346837 0.00382346
v 0.00596987 0.04149893 -0.04765407
v 0.00669082 0.03967016 -0.09187658
v 0.00609296 0.04152530 -0.04643486
v 0.00050994 0.04152530 -0.05828072
v 0.00098472 0.04068126 -0.08001567
v 0.00029014 0.04348595 -0.00642689
v 0.00888886 0.03923055 -0.09187658
v 0.00989116 0.03952070 -0.07912761
v 0.01468288 0.03721715 -0.09583523
v 0.01283653 0.03802603 -0.09384838
v 0.01404106 0.03761280 -0.09384838
v 0.01503457 0.03725232 -0.09384838
v 0.01679300 0.03631156 -0.09582018
v 0.01086709 0.03881732 -0.08990478
v 0.01183423 0.03951190 -0.06505407
v 0.01804148 0.03569611 -0.09582018
v 0.01903500 0.03519496 -0.09582018
v 0.02089893 0.03411353 -0.09582018
v 0.02178694 0.03362996 -0.09515789
v 0.02256065 0.03303209 -0.09582018
v 0.02284200 0.03300572 -0.09384838
v 0.02424874 0.03202100 -0.09384838
v 0.02535655 0.03133521 -0.08990478
v 0.02553239 0.03148467 -0.08397432
v 0.02568186 0.03160777 -0.07894698
v 0.02667537 0.03058788 -0.08198747
v 0.02748425 0.02948006 -0.08990478
v 0.02959436 0.02959436 -0.05037846
v 0.02948006 0.02748425 -0.08990478
v 0.03058788 0.02667537 -0.08198747
v 0.03024498 0.02638523 -0.09384838
v 0.03123850 0.02523346 -0.09384838
v 0.03303209 0.02256065 -0.09582018
v 0.03362996 0.02178694 -0.09515789
v 0.03411353 0.02089893 -0.09582018
v 0.03519496 0.01903500 -0.09582018
v 0.03569611 0.01804148 -0.09582018
v 0.03631156 0.01679300 -0.09582018
v 0.03202100 0.02424874 -0.09384838
v 0.03300572 0.02284200 -0.09384838
v 0.03721715 0.01468288 -0.09583523
v 0.03757763 0.01393555 -0.09518799
v 0.03783260 0.01297721 -0.09583523
v 0.03865906 0.01086709 -0.09384838
v 0.03915143 0.00888886 -0.09384838
v 0.03943277 0.00749091 -0.09384838
v 0.03967016 0.00669082 -0.09187658
v 0.04152530 0.00609296 -0.04643486
v 0.04149893 0.00596987 -0.04765407
v 0.04151651 0.00418506 -0.05197396
v 0.04346837 0.00594349 0.00382346
v 0.04053179 0.00098472 -0.08397432
v 0.04149893 0.00014067 -0.05953002
v 0.04147255 0.00362236 -0.05433712
v 0.04032957 0.00296295 -0.08594612
v 0.04404865 0.00493239 0.01678316
v 0.04347716 0.00404439 -0.00019540
v 0.03765676 -0.01415535 -0.09187658
v 0.03944157 -0.01558847 -0.03457396
v 0.03950311 -0.01577311 -0.03135285
v 0.04125275 -0.01509611 0.00690910
v 0.04174511 -0.01456859 0.01481136
v 0.04180665 -0.01277499 0.00097865
v 0.04359146 -0.01046265 0.03061586
v 0.04355629 -0.01027802 0.02864406
v 0.04344199 -0.00974170 0.02271361
v 0.04383764 -0.00888886 0.02864406
v 0.04430362 -0.00691063 0.03061586
v 0.04463772 -0.00493239 0.03260271
v 0.04472564 -0.00296295 0.03457451
v 0.04412778 -0.00296295 0.03654632
v 0.03953828 -0.01191336 -0.06372950
v 0.03951190 -0.01183423 -0.06505407
v 0.03881732 -0.01086709 -0.08990478
v 0.03923055 -0.00888886 -0.09187658
v 0.03934485 -0.00871302 -0.08984457
v 0.03962620 -0.00844046 -0.08397432
v 0.04006581 -0.00888886 -0.07014162
v 0.04425966 -0.00098472 0.03654632
v 0.04354750 -0.00296295 0.03761500
v 0.04265949 -0.00497635 0.03806656
v 0.01782168 -0.00269040 0.05388612
v 0.03802603 -0.01283653 -0.09384838
v 0.03761280 -0.01404106 -0.09384838
v -0.01784806 -0.00186393 0.05388612
v -0.04360904 -0.00098472 0.03767521
v -0.04425966 0.00098472 0.03654632
v -0.04484874 -0.00098472 0.03457451
v -0.04491028 -0.00098472 0.03260271
v -0.04477840 -0.00296295 0.03260271
v -0.04456739 -0.00493239 0.03061586
v -0.04415416 -0.00691063 0.02667226
v -0.04349475 -0.00605779 0.00493730
v -0.04349475 -0.00802723 0.01514250
v -0.04278258 -0.00888886 0.00097865
v -0.03818429 -0.01283653 -0.08990478
v -0.03842168 -0.01283653 -0.08397432
v -0.03850081 -0.01283653 -0.08198747
v -0.03981963 -0.01470926 -0.03260216
v -0.04048783 -0.01481477 -0.01482585
v -0.03985480 -0.00691063 -0.08594612
v -0.03967016 -0.00669082 -0.09187658
v 0.04152530 -0.00050994 -0.05828072
v 0.04068126 -0.00098472 -0.08001567
v 0.04348595 -0.00029014 -0.00642689
v 0.04349475 -0.00605779 0.00493730
v 0.04456739 -0.00493239 0.03061586
v 0.04099778 -0.00296295 -0.06816982
v 0.04285292 -0.00296295 -0.01878450
v 0.04352112 -0.00299812 -0.00091789
v 0.04403986 -0.00296295 0.01283956
v 0.04455860 -0.00296295 0.02667226
v 0.03985480 -0.00691063 -0.08594612
v -0.04152530 -0.00609296 -0.04643486
v -0.04149893 -0.00596987 -0.04765407
v -0.04151651 -0.00418506 -0.05197396
v -0.04346837 -0.00594349 0.00382346
v -0.04099778 -0.00296295 -0.06816982
v -0.04032957 -0.00296295 -0.08594612
v -0.04404865 -0.00493239 0.01678316
v -0.04347716 -0.00404439 -0.00019540
v -0.04068126 -0.00098472 -0.08001567
v -0.04152530 -0.00050994 -0.05828072
v -0.04348595 -0.00029014 -0.00642689
v -0.04149893 0.00596987 -0.04765407
v -0.04151651 0.00418506 -0.05197396
v -0.04346837 0.00594349 0.00382346
v -0.04032957 0.00296295 -0.08594612
v -0.04099778 0.00296295 -0.06816982
v -0.04347716 0.00403559 -0.00019540
v -0.04404865 0.00493239 0.01678316
v -0.03967016 0.00669082 -0.09187658
v -0.04152530 0.00050994 -0.05828072
v -0.04068126 0.00098472 -0.08001567
v -0.04348595 0.00029014 -0.00642689
v -0.03923055 0.00888886 -0.09187658
v -0.03952070 0.00989116 -0.07912761
v -0.03802603 0.01283653 -0.09384838
v -0.03761280 0.01404106 -0.09384838
v -0.03725232 0.01503457 -0.09384838
v -0.03881732 0.01086709 -0.08990478
v -0.03951190 0.01183423 -0.06505407
v -0.03300572 0.02284200 -0.09384838
v -0.03202100 0.02424874 -0.09384838
v -0.03123850 0.02523346 -0.09384838
v -0.03024498 0.02638523 -0.09384838
v -0.03646982 0.01679300 -0.09384838
v -0.03577524 0.01820853 -0.09384838
v -0.03528288 0.01919325 -0.09384838
v -0.03437729 0.02074067 -0.09384838
v -0.03366512 0.02185727 -0.09384838
v -0.03058788 0.02667537 -0.08198747
v -0.02948006 0.02748425 -0.08990478
v -0.02959436 0.02959436 -0.05037846
v -0.02748425 0.02948006 -0.08990478
v -0.02667537 0.03058788 -0.08198747
v -0.02571703 0.03164293 -0.07763747
v -0.02568186 0.03160777 -0.07894698
v -0.02553239 0.03148467 -0.08397432
v -0.02535655 0.03133521 -0.08990478
v -0.02304421 0.03314639 -0.08791792
v -0.02567307 0.03357720 -0.03930026
v -0.02185727 0.03366512 -0.09384838
v -0.02191882 0.03371788 -0.09187658
v -0.02074067 0.03437729 -0.09384838
v -0.01919325 0.03528288 -0.09384838
v -0.01820853 0.03577524 -0.09384838
v -0.01679300 0.03646982 -0.09384838
v -0.01576432 0.03752488 -0.08064785
v -0.01415535 0.03765676 -0.09187658
v -0.01283653 0.03818429 -0.08990478
v -0.01283653 0.03842168 -0.08397432
v -0.01191336 0.03953828 -0.06372950
v -0.01188698 0.04150772 -0.01416357
v -0.01179906 0.04148134 -0.01548814
v -0.00888886 0.04006581 -0.07014162
v -0.00844046 0.03962620 -0.08397432
v -0.00871302 0.03934485 -0.08984457
v -0.00924055 0.03938881 -0.08594612
v -0.01162322 0.04341561 0.03260271
v -0.01144737 0.04338045 0.03061586
v -0.01027802 0.04355629 0.02864406
v -0.00974170 0.04344199 0.02271361
v -0.00691063 0.03985480 -0.08594612
v -0.00605779 0.04349475 0.00493730
v -0.00493239 0.04456739 0.03061586
v -0.00296295 0.04099778 -0.06816982
v -0.00296295 0.04285292 -0.01878450
v -0.00296295 0.04455860 0.02667226
v -0.00296295 0.04403986 0.01283956
v -0.00299812 0.04352112 -0.00091789
v -0.00098472 0.04491028 0.03260271
v 0.00296295 0.04099778 -0.06816982
v 0.00296295 0.04285292 -0.01878450
v 0.00299812 0.04352112 -0.00091789
v 0.00296295 0.04403986 0.01283956
v 0.00296295 0.04455860 0.02667226
v 0.00493239 0.04456739 0.03061586
v 0.00605779 0.04349475 0.00493730
v 0.00691063 0.03985480 -0.08594612
v 0.00844046 0.03962620 -0.08397432
v 0.00871302 0.03934485 -0.08984457
v 0.00098472 0.04491028 0.03260271
v 0.00924055 0.03938881 -0.08594612
v 0.00888886 0.04006581 -0.07014162
v 0.00974170 0.04344199 0.02271361
v 0.01027802 0.04355629 0.02864406
v 0.01144737 0.04338045 0.03061586
v 0.01162322 0.04341561 0.03260271
v 0.01179906 0.04148134 -0.01548814
v 0.01283653 0.03818429 -0.08990478
v 0.01415535 0.03765676 -0.09187658
v 0.01679300 0.03646982 -0.09384838
v 0.01576432 0.03752488 -0.08064785
v 0.01820853 0.03577524 -0.09384838
v 0.01188698 0.04150772 -0.01416357
v 0.01191336 0.03953828 -0.06372950
v 0.01283653 0.03842168 -0.08397432
v 0.01919325 0.03528288 -0.09384838
v 0.02074067 0.03437729 -0.09384838
v 0.02185727 0.03366512 -0.09384838
v 0.02191882 0.03371788 -0.09187658
v 0.02304421 0.03314639 -0.08791792
v 0.02567307 0.03357720 -0.03930026
v 0.02860085 0.03441246 0.02864406
v 0.02809970 0.03002518 -0.06816982
v 0.02925147 0.03325189 0.01678316
v 0.02948006 0.03147588 -0.01482585
v 0.03002518 0.02809970 -0.06816982
v 0.03161656 0.03161656 0.02564873
v 0.03160777 0.02568186 -0.07894698
v 0.03147588 0.02948006 -0.01482585
v 0.03325189 0.02925147 0.01678316
v 0.03441246 0.02860085 0.02864406
v 0.03148467 0.02553239 -0.08397432
v 0.03133521 0.02535655 -0.08990478
v 0.03366512 0.02185727 -0.09384838
v 0.03437729 0.02074067 -0.09384838
v 0.03528288 0.01919325 -0.09384838
v 0.03577524 0.01820853 -0.09384838
v 0.03646982 0.01679300 -0.09384838
v 0.03725232 0.01503457 -0.09384838
v 0.03314639 0.02304421 -0.08791792
v 0.03357720 0.02567307 -0.03930026
v 0.03371788 0.02191882 -0.09187658
v 0.03761280 0.01404106 -0.09384838
v 0.03802603 0.01283653 -0.09384838
v 0.03881732 0.01086709 -0.08990478
v 0.03952070 0.00989116 -0.07912761
v 0.03951190 0.01183423 -0.06505407
v 0.03923055 0.00888886 -0.09187658
v 0.03934485 0.00871302 -0.08984457
v 0.03962620 0.00844046 -0.08397432
v 0.03985480 0.00691063 -0.08594612
v 0.04349475 0.00605779 0.00493730
v 0.04456739 0.00493239 0.03061586
v 0.04068126 0.00098472 -0.08001567
v 0.04152530 0.00050994 -0.05828072
v 0.04348595 0.00029014 -0.00642689
v 0.04099778 0.00296295 -0.06816982
v 0.04285292 0.00296295 -0.01878450
v 0.04455860 0.00296295 0.02667226
v 0.04403986 0.00296295 0.01283956
v 0.04352112 0.00299812 -0.00091789
v 0.03818429 -0.01283653 -0.08990478
v 0.03842168 -0.01283653 -0.08397432
v 0.03850081 -0.01283653 -0.08198747
v 0.03981963 -0.01470926 -0.03260216
v 0.04048783 -0.01481477 -0.01482585
v 0.04278258 -0.00888886 0.00097865
v 0.04332769 -0.00876577 0.01461568
v 0.04349475 -0.00802723 0.01514250
v 0.04415416 -0.00691063 0.02667226
v 0.04477840 -0.00296295 0.03260271
v 0.04491028 -0.00098472 0.03260271
v 0.04484874 -0.00098472 0.03457451
v 0.04425966 0.00098472 0.03654632
v 0.04360904 -0.00098472 0.03767521
v 0.04247486 -0.00098472 0.03839770
v 0.01784806 -0.00247059 0.05388612
v -0.01790081 -0.00098472 0.05388612
v -0.04247486 0.00098472 0.03839770
v -0.04360904 0.00098472 0.03767521
v -0.04354750 0.00296295 0.03761500
v -0.04349475 0.00434332 0.03756985
v -0.04389918 0.00497635 0.03672694
v -0.04412778 0.00296295 0.03654632
v -0.04472564 0.00296295 0.03457451
v -0.04484874 0.00098472 0.03457451
v -0.04285292 -0.00296295 -0.01878450
v -0.04403986 -0.00296295 0.01283956
v -0.04455860 -0.00296295 0.02667226
v -0.04490149 0.00098472 0.03260271
v -0.04483115 0.00098472 0.03061586
v -0.04476082 0.00098472 0.02864406
v -0.04257157 -0.00691063 -0.01482585
v 0.04257157 -0.00691063 -0.01482585
v -0.04352112 -0.00299812 -0.00091789
v -0.04152530 0.00608417 -0.04643486
v -0.04349475 0.00605779 0.00493730
v -0.04456739 0.00493239 0.03061586
v -0.04285292 0.00296295 -0.01878450
v -0.04352112 0.00299812 -0.00091789
v -0.04403986 0.00296295 0.01283956
v -0.04455860 0.00296295 0.02667226
v -0.03962620 0.00844046 -0.08397432
v -0.03934485 0.00871302 -0.08984457
v -0.04076039 0.00691063 -0.06223937
v -0.04424208 0.00098472 0.01481136
v -0.03938881 0.00924055 -0.08594612
v -0.04006581 0.00888886 -0.07014162
v -0.04344199 0.00974170 0.02271361
v -0.04355629 0.01027802 0.02864406
v -0.04338045 0.01144737 0.03061586
v -0.04341561 0.01162322 0.03260271
v -0.04148134 0.01179906 -0.01548814
v -0.03818429 0.01283653 -0.08990478
v -0.03765676 0.01415535 -0.09187658
v -0.03752488 0.01576432 -0.08064785
v -0.04150772 0.01188698 -0.01416357
v -0.03953828 0.01191336 -0.06372950
v -0.03842168 0.01283653 -0.08397432
v -0.03371788 0.02191882 -0.09187658
v -0.03314639 0.02304421 -0.08791792
v -0.03133521 0.02535655 -0.08990478
v -0.03357720 0.02567307 -0.03930026
v -0.03148467 0.02553239 -0.08397432
v -0.03160777 0.02568186 -0.07894698
v -0.03164293 0.02571703 -0.07763747
v -0.03757763 0.01588741 -0.07804387
v -0.03663687 0.01679300 -0.08990478
v -0.03680392 0.01679300 -0.08594612
v -0.03594229 0.01854264 -0.08594612
v -0.03549389 0.01961528 -0.08397432
v -0.03555544 0.01974716 -0.08087363
v -0.03751609 0.02169022 -0.01088225
v -0.03550268 0.02163747 -0.05630892
v -0.03002518 0.02809970 -0.06816982
v -0.03441246 0.02860085 0.02864406
v -0.03325189 0.02925147 0.01678316
v -0.03147588 0.02948006 -0.01482585
v -0.02809970 0.03002518 -0.06816982
v -0.03161656 0.03161656 0.02564873
v -0.02948006 0.03147588 -0.01482585
v -0.02925147 0.03325189 0.01678316
v -0.02860085 0.03441246 0.02864406
v -0.02198916 0.03376184 -0.08990478
v -0.02417840 0.03390252 -0.05433712
v -0.02751063 0.03544993 0.03061586
v -0.02639402 0.03605659 0.02667226
v -0.02570823 0.03558182 0.00559959
v -0.02163747 0.03550268 -0.05630892
v -0.01974716 0.03555544 -0.08087363
v -0.01961528 0.03549389 -0.08397432
v -0.02169022 0.03751609 -0.01088225
v -0.01854264 0.03594229 -0.08594612
v -0.01679300 0.03680392 -0.08594612
v -0.01679300 0.03663687 -0.08990478
v -0.01588741 0.03757763 -0.07804387
v -0.01739086 0.04134067 0.03061586
v -0.01584345 0.03952949 -0.03002828
v -0.01577311 0.03950311 -0.03135285
v -0.01558847 0.03944157 -0.03457396
v -0.01283653 0.03850081 -0.08198747
v -0.01470926 0.03981963 -0.03260216
v -0.01481477 0.04048783 -0.01482585
v -0.01532471 0.04133188 0.01086776
v -0.01456859 0.04174511 0.01481136
v -0.01277499 0.04180665 0.00097865
v -0.01283653 0.04280017 0.02667226
v -0.00888886 0.04278258 0.00097865
v -0.00802723 0.04349475 0.01514250
v -0.01283653 0.04302876 0.03260271
v -0.01283653 0.04296722 0.03457451
v -0.01149133 0.04338045 0.03457451
v -0.01050661 0.04360025 0.03457451
v -0.01063850 0.04362663 0.03260271
v -0.01046265 0.04359146 0.03061586
v -0.00888886 0.04398711 0.03260271
v -0.00888886 0.04383764 0.02864406
v -0.00691063 0.04257157 -0.01482585
v -0.00691063 0.04415416 0.02667226
v -0.00691063 0.04430362 0.03061586
v -0.00493239 0.04463772 0.03260271
v -0.00296295 0.04477840 0.03260271
v -0.00296295 0.04472564 0.03457451
v -0.00098472 0.04484874 0.03457451
v 0.00296295 0.04477840 0.03260271
v 0.00493239 0.04463772 0.03260271
v 0.00691063 0.04430362 0.03061586
v 0.00691063 0.04415416 0.02667226
v 0.00802723 0.04349475 0.01514250
v 0.00691063 0.04257157 -0.01482585
v 0.00098472 0.04484874 0.03457451
v 0.00296295 0.04472564 0.03457451
v 0.00888886 0.04278258 0.00097865
v 0.00876577 0.04332769 0.01461568
v 0.00888886 0.04383764 0.02864406
v 0.00888886 0.04398711 0.03260271
v 0.01046265 0.04359146 0.03061586
v 0.01063850 0.04362663 0.03260271
v 0.01149133 0.04338924 0.03457451
v 0.01283653 0.04297601 0.03457451
v 0.01283653 0.04302876 0.03260271
v 0.01283653 0.04280017 0.02667226
v 0.01283653 0.03850081 -0.08198747
v 0.01558847 0.03944157 -0.03457396
v 0.01588741 0.03757763 -0.07804387
v 0.01679300 0.03663687 -0.08990478
v 0.01577311 0.03950311 -0.03135285
v 0.01584345 0.03952949 -0.03002828
v 0.01739086 0.04134067 0.03061586
v 0.01679300 0.03680392 -0.08594612
v 0.01854264 0.03594229 -0.08594612
v 0.01961528 0.03549389 -0.08397432
v 0.01277499 0.04180665 0.00097865
v 0.01470926 0.03981963 -0.03260216
v 0.01456859 0.04174511 0.01481136
v 0.01481477 0.04048783 -0.01482585
v 0.01974716 0.03555544 -0.08087363
v 0.02169022 0.03751609 -0.01088225
v 0.02163747 0.03550268 -0.05630892
v 0.02198916 0.03376184 -0.08990478
v 0.02417840 0.03390252 -0.05433712
v 0.02570823 0.03558182 0.00559959
v 0.02639402 0.03605659 0.02667226
v 0.02751063 0.03544993 0.03061586
v 0.02757217 0.03549389 0.03260271
v 0.02883824 0.03429816 0.03057071
v 0.03068459 0.03277712 0.03260271
v 0.02953282 0.03349808 0.02667226
v 0.03173965 0.03173965 0.03061586
v 0.03277712 0.03068459 0.03260271
v 0.03349808 0.02953282 0.02667226
v 0.03429816 0.02883824 0.03057071
v 0.03549389 0.02757217 0.03260271
v 0.03544993 0.02751063 0.03061586
v 0.03555544 0.01974716 -0.08087363
v 0.03549389 0.01961528 -0.08397432
v 0.03550268 0.02163747 -0.05630892
v 0.03751609 0.02169022 -0.01088225
v 0.03594229 0.01854264 -0.08594612
v 0.03680392 0.01679300 -0.08594612
v 0.03663687 0.01679300 -0.08990478
v 0.03757763 0.01588741 -0.07804387
v 0.03752488 0.01576432 -0.08064785
v 0.03765676 0.01415535 -0.09187658
v 0.03376184 0.02198916 -0.08990478
v 0.03390252 0.02417840 -0.05433712
v 0.03605659 0.02639402 0.02667226
v 0.03558182 0.02570823 0.00559959
v 0.03818429 0.01283653 -0.08990478
v 0.04150772 0.01188698 -0.01416357
v 0.04148134 0.01179906 -0.01548814
v 0.04006581 0.00888886 -0.07014162
v 0.03938881 0.00924055 -0.08594612
v 0.04341561 0.01162322 0.03260271
v 0.04338045 0.01144737 0.03061586
v 0.04355629 0.01027802 0.02864406
v 0.04344199 0.00974170 0.02271361
v 0.03842168 0.01283653 -0.08397432
v 0.03953828 0.01191336 -0.06372950
v 0.04349475 0.00802723 0.01514250
v 0.04257157 0.00691063 -0.01482585
v 0.04415416 0.00691063 0.02667226
v 0.04430362 0.00691063 0.03061586
v 0.04463772 0.00493239 0.03260271
v 0.04477840 0.00296295 0.03260271
v 0.04491028 0.00098472 0.03260271
v 0.04484874 0.00098472 0.03457451
v 0.04412778 0.00296295 0.03654632
v 0.04389918 0.00497635 0.03672694
v 0.04349475 0.00434332 0.03756985
v 0.04354750 0.00296295 0.03761500
v 0.04360904 0.00098472 0.03767521
v 0.04472564 0.00296295 0.03457451
v 0.04247486 0.00098472 0.03839770
v 0.01797994 -0.00052753 0.05388612
v 0.01797115 -0.00098472 0.05388612
v -0.01790960 0.00068579 0.05388612
v -0.04247486 0.00296295 0.03833749
v -0.01790960 0.00098472 0.05388612
v -0.04343320 0.00566214 0.03749459
v -0.04265949 0.00497635 0.03808161
v -0.04384643 0.00691063 0.03632054
v -0.04458497 0.00493239 0.03457451
v -0.04477840 0.00296295 0.03260271
v -0.04430362 0.00691063 0.03061586
v -0.04415416 0.00691063 0.02667226
v -0.04349475 0.00802723 0.01515755
v -0.04257157 0.00691063 -0.01482585
v -0.04463772 0.00493239 0.03260271
v -0.04278258 0.00888886 0.00097865
v -0.04383764 0.00888886 0.02864406
v -0.04398711 0.00888886 0.03260271
v -0.04359146 0.01046265 0.03061586
v -0.04362663 0.01063850 0.03260271
v -0.04360025 0.01050661 0.03457451
v -0.04338045 0.01149133 0.03457451
v -0.04296722 0.01283653 0.03457451
v -0.04302876 0.01283653 0.03260271
v -0.04280017 0.01283653 0.02667226
v -0.03850081 0.01283653 -0.08198747
v -0.03944157 0.01558847 -0.03457396
v -0.03950311 0.01577311 -0.03135285
v -0.03952949 0.01584345 -0.03002828
v -0.04134067 0.01739086 0.03061586
v -0.04180665 0.01277499 0.00097865
v -0.03981963 0.01470926 -0.03260216
v -0.04174511 0.01456859 0.01481136
v -0.04048783 0.01481477 -0.01482585
v -0.03376184 0.02198916 -0.08990478
v -0.03390252 0.02417840 -0.05433712
v -0.03558182 0.02570823 0.00559959
v -0.03605659 0.02639402 0.02667226
v -0.03544993 0.02751063 0.03061586
v -0.03738420 0.01746120 -0.06421117
v -0.04137584 0.01749637 0.03260271
v -0.04069884 0.01877123 0.03061586
v -0.03953828 0.01782168 -0.00838363
v -0.03682151 0.01877123 -0.06223937
v -0.03640828 0.01877123 -0.07211342
v -0.03990755 0.02054724 0.03260271
v -0.03933606 0.02136491 0.02864406
v -0.03941519 0.02153197 0.03260271
v -0.03756884 0.02176935 -0.00853415
v -0.03739300 0.02348382 0.01283956
v -0.03590712 0.02224413 -0.03851756
v -0.03559061 0.02177814 -0.05235026
v -0.03549389 0.02757217 0.03260271
v -0.03429816 0.02883824 0.03057071
v -0.03277712 0.03068459 0.03260271
v -0.03349808 0.02953282 0.02667226
v -0.03173965 0.03173965 0.03061586
v -0.03068459 0.03277712 0.03260271
v -0.02953282 0.03349808 0.02667226
v -0.02883824 0.03429816 0.03057071
v -0.02757217 0.03549389 0.03260271
v -0.02329919 0.03529167 -0.03654576
v -0.02224413 0.03590712 -0.03851756
v -0.02177814 0.03559061 -0.05235026
v -0.02658745 0.03618847 0.03260271
v -0.02513674 0.03717319 0.03260271
v -0.02487298 0.03699735 0.02468541
v -0.02474110 0.03690943 0.02074181
v -0.02348382 0.03739300 0.01283956
v -0.01877123 0.03682151 -0.06223937
v -0.01877123 0.03640828 -0.07211342
v -0.02136491 0.03933606 0.02864406
v -0.02054724 0.03990755 0.03260271
v -0.02176935 0.03756884 -0.00853415
v -0.02153197 0.03941519 0.03260271
v -0.01746120 0.03738420 -0.06421117
v -0.01782168 0.03953828 -0.00838363
v -0.01877123 0.04069884 0.03061586
v -0.01749637 0.04137584 0.03260271
v -0.01640614 0.04171873 0.03061586
v -0.01630064 0.04168356 0.02864406
v -0.01609842 0.04160443 0.02468541
v -0.01588741 0.04152530 0.02074181
v -0.01575553 0.04147255 0.01821309
v -0.01481477 0.04197370 0.02271361
v -0.01481477 0.04236056 0.03260271
v -0.01481477 0.04230781 0.03457451
v -0.01614238 0.04162202 0.03582382
v -0.01015493 0.04352112 0.03568836
v -0.00888886 0.04393435 0.03457451
v -0.00691063 0.04437396 0.03260271
v -0.00493239 0.04458497 0.03457451
v -0.00296295 0.04412778 0.03654632
v -0.00098472 0.04425966 0.03654632
v 0.00691063 0.04437396 0.03260271
v 0.00493239 0.04458497 0.03457451
v 0.00098472 0.04425966 0.03654632
v 0.00296295 0.04412778 0.03654632
v 0.00888886 0.04393435 0.03457451
v 0.01050661 0.04360025 0.03457451
v 0.01015493 0.04352112 0.03568836
v 0.01481477 0.04230781 0.03457451
v 0.01614238 0.04162202 0.03582382
v 0.01481477 0.04236056 0.03260271
v 0.01481477 0.04197370 0.02271361
v 0.01509611 0.04125275 0.00690910
v 0.01575553 0.04147255 0.01821309
v 0.01746120 0.03738420 -0.06421117
v 0.01749637 0.04137584 0.03260271
v 0.01877123 0.04069884 0.03061586
v 0.01782168 0.03953828 -0.00838363
v 0.01588741 0.04152530 0.02074181
v 0.01609842 0.04160443 0.02468541
v 0.01630064 0.04168356 0.02864406
v 0.01640614 0.04171873 0.03061586
v 0.01877123 0.03640828 -0.07211342
v 0.02054724 0.03990755 0.03260271
v 0.02136491 0.03933606 0.02864406
v 0.02153197 0.03941519 0.03260271
v 0.02176935 0.03756884 -0.00853415
v 0.02348382 0.03739300 0.01283956
v 0.02224413 0.03590712 -0.03851756
v 0.02177814 0.03559061 -0.05235026
v 0.02329919 0.03529167 -0.03654576
v 0.02474110 0.03690943 0.02074181
v 0.02487298 0.03699735 0.02468541
v 0.02513674 0.03717319 0.03260271
v 0.02658745 0.03618847 0.03260271
v 0.02752821 0.03545872 0.03457451
v 0.02969108 0.03363875 0.03401759
v 0.02864481 0.03456192 0.03260271
v 0.03178361 0.03178361 0.03260271
v 0.03363875 0.02969108 0.03401759
v 0.03456192 0.02864481 0.03260271
v 0.03545872 0.02752821 0.03457451
v 0.03618847 0.02658745 0.03260271
v 0.03682151 0.01877123 -0.06223937
v 0.03640828 0.01877123 -0.07211342
v 0.03933606 0.02136491 0.02864406
v 0.03990755 0.02054724 0.03260271
v 0.03559061 0.02177814 -0.05235026
v 0.03739300 0.02348382 0.01283956
v 0.03756884 0.02176935 -0.00853415
v 0.03941519 0.02153197 0.03260271
v 0.03590712 0.02224413 -0.03851756
v 0.03738420 0.01746120 -0.06421117
v 0.03953828 0.01782168 -0.00838363
v 0.04069884 0.01877123 0.03061586
v 0.04137584 0.01749637 0.03260271
v 0.04134067 0.01739086 0.03061586
v 0.03952949 0.01584345 -0.03002828
v 0.03950311 0.01577311 -0.03135285
v 0.03944157 0.01558847 -0.03457396
v 0.03850081 0.01283653 -0.08198747
v 0.03529167 0.02329919 -0.03654576
v 0.03717319 0.02513674 0.03260271
v 0.03699735 0.02487298 0.02468541
v 0.03690943 0.02474110 0.02074181
v 0.04180665 0.01277499 0.00097865
v 0.04280017 0.01283653 0.02667226
v 0.04278258 0.00888886 0.00097865
v 0.04302876 0.01283653 0.03260271
v 0.04296722 0.01283653 0.03457451
v 0.04338045 0.01149133 0.03457451
v 0.04360025 0.01050661 0.03457451
v 0.04362663 0.01063850 0.03260271
v 0.04359146 0.01046265 0.03061586
v 0.04398711 0.00888886 0.03260271
v 0.04383764 0.00888886 0.02864406
v 0.03981963 0.01470926 -0.03260216
v 0.04048783 0.01481477 -0.01482585
v 0.04174511 0.01456859 0.01481136
v 0.04437396 0.00691063 0.03260271
v 0.04458497 0.00493239 0.03457451
v 0.04343320 0.00566214 0.03749459
v 0.04384643 0.00691063 0.03632054
v 0.04231660 0.00691063 0.03812676
v 0.04265949 0.00497635 0.03806656
v 0.01785685 0.00250576 0.05388612
v 0.01795356 0.00133641 0.05388612
v 0.01797994 0.00098472 0.05388612
v -0.01785685 0.00198703 0.05388612
v -0.01781289 0.00239146 0.05388612
v -0.04231660 0.00691063 0.03809666
v -0.04209679 0.00888886 0.03800635
v -0.04189457 0.01086709 0.03788593
v -0.04169235 0.01250243 0.03772036
v -0.04330132 0.00691063 0.03731396
v -0.04365300 0.00888886 0.03595929
v -0.04432121 0.00691063 0.03457451
v -0.04437396 0.00691063 0.03260271
v -0.04393435 0.00888886 0.03457451
v -0.04352112 0.01015493 0.03568836
v -0.04162202 0.01614238 0.03582382
v -0.04230781 0.01481477 0.03457451
v -0.04236056 0.01481477 0.03260271
v -0.04197370 0.01481477 0.02271361
v -0.04125275 0.01509611 0.00690910
v -0.04147255 0.01575553 0.01821309
v -0.04152530 0.01588741 0.02074181
v -0.04160443 0.01609842 0.02468541
v -0.04168356 0.01630064 0.02864406
v -0.04171873 0.01640614 0.03061586
v -0.03529167 0.02329919 -0.03654576
v -0.03690943 0.02474110 0.02074181
v -0.03699735 0.02487298 0.02468541
v -0.03717319 0.02513674 0.03260271
v -0.03618847 0.02658745 0.03260271
v -0.04045266 0.01877123 0.02468541
v -0.04175390 0.01651165 0.03260271
v -0.04134946 0.01742603 0.03457451
v -0.04077797 0.01877123 0.03260271
v -0.04071643 0.01877123 0.03457451
v -0.03938881 0.02147042 0.03457451
v -0.03865906 0.02271890 0.03457451
v -0.03872061 0.02271890 0.03260271
v -0.03855356 0.02271890 0.02864406
v -0.03783260 0.02415203 0.03260271
v -0.03761280 0.02381792 0.02271361
v -0.03545872 0.02752821 0.03457451
v -0.03363875 0.02969108 0.03401759
v -0.03456192 0.02864481 0.03260271
v -0.03178361 0.03178361 0.03260271
v -0.02969108 0.03363875 0.03401759
v -0.02864481 0.03456192 0.03260271
v -0.02752821 0.03545872 0.03457451
v -0.02653469 0.03615330 0.03457451
v -0.02509278 0.03713802 0.03457451
v -0.02415203 0.03783260 0.03260271
v -0.02381792 0.03761280 0.02271361
v -0.01877123 0.04045266 0.02468541
v -0.02048570 0.03987238 0.03457451
v -0.01877123 0.04071643 0.03457451
v -0.01877123 0.04077797 0.03260271
v -0.02271890 0.03855356 0.02864406
v -0.02271890 0.03872061 0.03260271
v -0.02271890 0.03865906 0.03457451
v -0.02147042 0.03938002 0.03457451
v -0.01742603 0.04134946 0.03457451
v -0.01651165 0.04175390 0.03260271
v -0.01643252 0.04172752 0.03457451
v -0.02016918 0.03972292 0.03594424
v -0.01875365 0.04004823 0.03659147
v -0.01679300 0.04094502 0.03650116
v -0.01481477 0.04128792 0.03723871
v -0.01382125 0.04149014 0.03752469
v -0.01481477 0.04185061 0.03624528
v -0.01302996 0.04216713 0.03674199
v -0.01083192 0.04294963 0.03642590
v -0.00888886 0.04365300 0.03595929
v -0.00691063 0.04432121 0.03457451
v -0.00691063 0.04384643 0.03632054
v -0.00497635 0.04389918 0.03672694
v -0.00434332 0.04349475 0.03756985
v -0.00296295 0.04354750 0.03761500
v -0.00098472 0.04360904 0.03767521
v 0.00691063 0.04432121 0.03457451
v 0.00497635 0.04389918 0.03672694
v 0.00691063 0.04384643 0.03632054
v 0.00098472 0.04360904 0.03767521
v 0.00296295 0.04354750 0.03761500
v 0.00434332 0.04349475 0.03756985
v 0.00888886 0.04365300 0.03595929
v 0.01083192 0.04294963 0.03642590
v 0.01302996 0.04216713 0.03674199
v 0.01481477 0.04185061 0.03624528
v 0.01643252 0.04172752 0.03457451
v 0.01651165 0.04175390 0.03260271
v 0.01382125 0.04149014 0.03752469
v 0.01481477 0.04128792 0.03723871
v 0.01679300 0.04094502 0.03650116
v 0.01875365 0.04004823 0.03659147
v 0.02016918 0.03972292 0.03594424
v 0.01742603 0.04134946 0.03457451
v 0.01877123 0.04045266 0.02468541
v 0.01877123 0.03896679 -0.01088225
v 0.01877123 0.04077797 0.03260271
v 0.01877123 0.04071643 0.03457451
v 0.02048570 0.03987238 0.03457451
v 0.02147042 0.03938002 0.03457451
v 0.02271890 0.03865906 0.03457451
v 0.02271890 0.03872061 0.03260271
v 0.02271890 0.03855356 0.02864406
v 0.02415203 0.03783260 0.03260271
v 0.02381792 0.03761280 0.02271361
v 0.02509278 0.03713802 0.03457451
v 0.02653469 0.03615330 0.03457451
v 0.02391464 0.03767435 0.03580877
v 0.02620060 0.03591591 0.03615497
v 0.02960316 0.03355962 0.03534216
v 0.02882945 0.03432454 0.03463472
v 0.03046478 0.03289142 0.03463472
v 0.03174844 0.03174844 0.03457451
v 0.03289142 0.03046478 0.03463472
v 0.03432454 0.02882945 0.03463472
v 0.03355962 0.02960316 0.03534216
v 0.03591591 0.02620060 0.03615497
v 0.03767435 0.02391464 0.03580877
v 0.03615330 0.02653469 0.03457451
v 0.03713802 0.02509278 0.03457451
v 0.04045266 0.01877123 0.02468541
v 0.03987238 0.02048570 0.03457451
v 0.04071643 0.01877123 0.03457451
v 0.04077797 0.01877123 0.03260271
v 0.03761280 0.02381792 0.02271361
v 0.03783260 0.02415203 0.03260271
v 0.03855356 0.02271890 0.02864406
v 0.03872061 0.02271890 0.03260271
v 0.03865906 0.02271890 0.03457451
v 0.03938002 0.02147042 0.03457451
v 0.04134946 0.01742603 0.03457451
v 0.04175390 0.01651165 0.03260271
v 0.04171873 0.01640614 0.03061586
v 0.04168356 0.01630064 0.02864406
v 0.04160443 0.01609842 0.02468541
v 0.04152530 0.01588741 0.02074181
v 0.04147255 0.01575553 0.01821309
v 0.04125275 0.01509611 0.00690910
v 0.04197370 0.01481477 0.02271361
v 0.04236056 0.01481477 0.03260271
v 0.04230781 0.01481477 0.03457451
v 0.04162202 0.01614238 0.03582382
v 0.04352112 0.01015493 0.03568836
v 0.04393435 0.00888886 0.03457451
v 0.04432121 0.00691063 0.03457451
v 0.04330132 0.00691063 0.03731396
v 0.04169235 0.01250243 0.03772036
v 0.04189457 0.01086709 0.03788593
v 0.04209679 0.00888886 0.03802140
v 0.04365300 0.00888886 0.03595929
v 0.01770738 0.00349048 0.05388612
v 0.01774255 0.00327068 0.05388612
v -0.01731174 0.00459829 0.05388612
v -0.01722381 0.00493239 0.05388612
v -0.04069884 0.01302996 0.03820203
v -0.04029440 0.01481477 0.03806656
v -0.03991634 0.01679300 0.03785583
v -0.04149014 0.01382125 0.03752469
v -0.04294963 0.01083192 0.03642590
v -0.04308152 0.00888886 0.03693766
v -0.04216713 0.01302996 0.03674199
v -0.04185061 0.01481477 0.03624528
v -0.04128792 0.01481477 0.03723871
v -0.04094502 0.01679300 0.03650116
v -0.04004823 0.01875365 0.03659147
v -0.03972292 0.02016918 0.03594424
v -0.04172752 0.01643252 0.03457451
v -0.03713802 0.02509278 0.03457451
v -0.03615330 0.02653469 0.03457451
v -0.03767435 0.02391464 0.03580877
v -0.03779744 0.02409927 0.03457451
v -0.03591591 0.02620060 0.03615497
v -0.03355962 0.02960316 0.03534216
v -0.03432454 0.02882945 0.03463472
v -0.03289142 0.03046478 0.03463472
v -0.03174844 0.03174844 0.03457451
v -0.03046478 0.03289142 0.03463472
v -0.02882945 0.03432454 0.03463472
v -0.02960316 0.03355962 0.03534216
v -0.02620060 0.03591591 0.03615497
v -0.02391464 0.03767435 0.03580877
v -0.02409927 0.03779744 0.03457451
v -0.02267494 0.03804362 0.03650116
v -0.02079343 0.03901954 0.03659147
v -0.01940427 0.03930969 0.03726881
v -0.01809424 0.03967016 0.03767521
v -0.01679300 0.03991634 0.03785583
v -0.01250243 0.04169235 0.03772036
v -0.00888886 0.04308152 0.03693766
v -0.00691063 0.04330132 0.03731396
v -0.00566214 0.04344199 0.03749459
v -0.00497635 0.04265949 0.03808161
v -0.00296295 0.04247486 0.03830739
v 0.00098472 0.04247486 0.03839770
v -0.00232113 0.01783926 0.05388612
v -0.00103747 0.01791839 0.05388612
v 0.00566214 0.04343320 0.03749459
v 0.00691063 0.04330132 0.03731396
v 0.00296295 0.04247486 0.03832244
v 0.00497635 0.04265949 0.03806656
v 0.00888886 0.04308152 0.03693766
v 0.01250243 0.04169235 0.03772036
v 0.01679300 0.03992513 0.03785583
v 0.01809424 0.03967016 0.03767521
v 0.01940427 0.03930969 0.03726881
v 0.02079343 0.03901954 0.03659147
v 0.02267494 0.03804362 0.03650116
v 0.02409927 0.03779744 0.03457451
v 0.02330798 0.03723474 0.03713334
v 0.02560273 0.03550268 0.03746448
v 0.02678088 0.03512462 0.03671189
v 0.02822279 0.03407836 0.03654632
v 0.03166052 0.03166052 0.03564320
v 0.03407836 0.02822279 0.03654632
v 0.03512462 0.02678088 0.03671189
v 0.03550268 0.02560273 0.03746448
v 0.03724353 0.02330798 0.03713334
v 0.03804362 0.02267494 0.03650116
v 0.03972292 0.02016918 0.03594424
v 0.03779744 0.02409927 0.03457451
v 0.04172752 0.01643252 0.03457451
v 0.04004823 0.01875365 0.03659147
v 0.04094502 0.01679300 0.03650116
v 0.04128792 0.01481477 0.03723871
v 0.04149014 0.01382125 0.03752469
v 0.04185061 0.01481477 0.03624528
v 0.04216713 0.01302996 0.03674199
v 0.04294963 0.01083192 0.03642590
v 0.04309031 0.00888886 0.03693766
v 0.03992513 0.01679300 0.03785583
v 0.04029440 0.01481477 0.03808161
v 0.01717106 0.00538959 0.05388612
v 0.01732053 0.00493239 0.05388612
v -0.01652044 0.00691063 0.05388612
v -0.03967016 0.01809424 0.03767521
v -0.03930969 0.01940427 0.03726881
v -0.03901954 0.02079343 0.03659147
v -0.03804362 0.02267494 0.03650116
v -0.03723474 0.02330798 0.03713334
v -0.03550268 0.02560273 0.03747953
v -0.03512462 0.02678088 0.03671189
v -0.03407836 0.02822279 0.03654632
v -0.03166052 0.03166052 0.03564320
v -0.02821399 0.03407836 0.03654632
v -0.02678088 0.03512462 0.03671189
v -0.02560273 0.03550268 0.03746448
v -0.02330798 0.03723474 0.03713334
v -0.02198916 0.03770072 0.03767521
v -0.02074067 0.03799966 0.03788593
v -0.01875365 0.03860631 0.03811171
v -0.00822066 0.01595774 0.05388612
v -0.00691063 0.01655561 0.05388612
v -0.01481477 0.04029440 0.03806656
v -0.00646223 0.01672266 0.05388612
v -0.01086709 0.04189457 0.03788593
v -0.01302996 0.04069884 0.03820203
v -0.00493239 0.01725898 0.05388612
v -0.00691063 0.04231660 0.03812676
v 0.00110781 0.01791839 0.05388612
v -0.00459829 0.01733811 0.05388612
v 0.00691063 0.04231660 0.03809666
v 0.00888886 0.04209679 0.03800635
v 0.01086709 0.04189457 0.03788593
v 0.00226837 0.01783926 0.05388612
v 0.01481477 0.04029440 0.03808161
v 0.00493239 0.01725898 0.05388612
v 0.00691063 0.01658199 0.05388612
v 0.02074067 0.03799966 0.03788593
v 0.02198916 0.03770072 0.03767521
v 0.00721835 0.01644131 0.05388612
v 0.00822945 0.01597533 0.05388612
v 0.02428391 0.03592471 0.03779562
v 0.02667537 0.03411353 0.03787088
v 0.02777439 0.03369150 0.03761500
v 0.03055271 0.03212650 0.03641085
v 0.03115936 0.03115936 0.03696777
v 0.03212650 0.03055271 0.03641085
v 0.03369150 0.02777439 0.03761500
v 0.03411353 0.02667537 0.03785583
v 0.03592471 0.02428391 0.03779562
v 0.03770072 0.02198916 0.03767521
v 0.03901954 0.02079343 0.03659147
v 0.03930969 0.01940427 0.03726881
v 0.03967016 0.01809424 0.03767521
v 0.01649407 0.00723594 0.05388612
v 0.01663474 0.00691063 0.05388612
v -0.01609842 0.00786897 0.05388612
v -0.03860631 0.01875365 0.03811171
v -0.03799966 0.02074067 0.03788593
v -0.03770072 0.02198916 0.03767521
v -0.01595774 0.00818549 0.05388612
v -0.03411353 0.02667537 0.03787088
v -0.03369150 0.02777439 0.03761500
v -0.03212650 0.03055271 0.03641085
v -0.03115936 0.03115936 0.03696777
v -0.03055271 0.03212650 0.03641085
v -0.02920751 0.03320793 0.03654632
v -0.02777439 0.03369150 0.03761500
v -0.02667537 0.03411353 0.03787088
v -0.02267494 0.03656653 0.03803645
v -0.00920538 0.01544780 0.05388612
v 0.00307725 0.01766342 0.05388612
v 0.02267494 0.03656653 0.03805150
v 0.00898557 0.01555331 0.05388612
v 0.00921417 0.01542142 0.05388612
v 0.00956585 0.01520162 0.05388612
v 0.02484660 0.03473777 0.03823213
v 0.01172872 0.01372454 0.05388612
v 0.02667537 0.03260128 0.03860843
v 0.02852172 0.03251335 0.03790099
v 0.02984054 0.03179240 0.03767521
v 0.03179240 0.02984054 0.03767521
v 0.03251335 0.02852172 0.03790099
v 0.03473777 0.02484660 0.03823213
v 0.01368937 0.01168476 0.05388612
v 0.01386521 0.01146496 0.05388612
v 0.01444550 0.01070004 0.05388612
v 0.03656653 0.02267494 0.03805150
v 0.03799966 0.02074067 0.03787088
v 0.01543901 0.00929330 0.05388612
v 0.01557968 0.00906470 0.05388612
v 0.01602808 0.00829979 0.05388612
v -0.03656653 0.02267494 0.03803645
v -0.01541263 0.00917021 0.05388612
v -0.03473777 0.02484660 0.03821708
v -0.01441912 0.01064729 0.05388612
v -0.01425207 0.01087588 0.05388612
v -0.01364541 0.01164080 0.05388612
v -0.03260128 0.02667537 0.03860843
v -0.03251335 0.02852172 0.03790099
v -0.03179240 0.02984054 0.03767521
v -0.02984054 0.03179240 0.03767521
v -0.02852172 0.03251335 0.03790099
v -0.02667537 0.03260128 0.03860843
v -0.01087588 0.01427844 0.05388612
v -0.01065608 0.01445429 0.05388612
v -0.02484660 0.03473777 0.03821708
v 0.01074400 0.01443670 0.05388612
v 0.01194853 0.01350474 0.05388612
v 0.03055271 0.03055271 0.03794614
v 0.01346078 0.01193973 0.05388612
v -0.01464771 0.01032198 0.05388612
v -0.01266069 0.01265190 0.05388612
v -0.03055271 0.03055271 0.03794614
v -0.01164080 0.01363662 0.05388612
v 0.01270465 0.01273982 0.05388612
f 1 2 12
f 1 12 3
f 1 3 4
f 1 4 5
f 1 5 6
f 1 6 7
f 1 7 8
f 1 8 9
f 1 9 2
f 2 10 11
f 2 11 12
f 2 9 13
f 2 13 10
f 3 12 29
f 3 29 14
f 3 14 4
f 4 15 17
f 4 17 5
f 4 14 16
f 4 16 15
f 5 17 6
f 6 17 18
f 6 18 19
f 6 19 20
f 6 20 21
f 6 21 22
f 6 22 7
f 7 22 8
f 8 23 9
f 8 22 24
f 8 24 23
f 9 23 25
f 9 25 13
f 10 26 27
f 10 27 11
f 10 13 26
f 11 27 28
f 11 28 29
f 11 29 12
f 13 25 30
f 13 30 31
f 13 31 32
f 13 32 26
f 14 29 62
f 14 62 33
f 14 33 34
f 14 34 35
f 14 35 36
f 14 36 16
f 15 16 36
f 15 36 37
f 15 37 38
f 15 38 39
f 15 39 17
f 17 39 18
f 18 39 40
f 18 40 41
f 18 41 42
f 18 42 43
f 18 43 44
f 18 44 19
f 19 44 20
f 20 44 45
f 20 45 46
f 20 46 21
f 21 46 47
f 21 47 48
f 21 48 49
f 21 49 50
f 21 50 22
f 22 50 24
f 23 24 51
f 23 51 25
f 24 50 49
f 24 49 52
f 24 52 53
f 24 53 51
f 25 51 54
f 25 54 30
f 26 55 57
f 26 57 27
f 26 32 56
f 26 56 55
f 27 57 58
f 27 58 59
f 27 59 28
f 28 59 29
f 29 59 60
f 29 60 61
f 29 61 62
f 30 54 63
f 30 63 64
f 30 64 65
f 30 65 66
f 30 66 67
f 30 67 68
f 30 68 69
f 30 69 32
f 30 32 31
f 32 69 68
f 32 68 56
f 33 62 106
f 33 106 70
f 33 70 71
f 33 71 34
f 34 71 72
f 34 72 35
f 35 73 36
f 35 72 73
f 36 73 37
f 37 74 38
f 37 73 75
f 37 75 74
f 38 74 76
f 38 76 77
f 38 77 40
f 38 40 39
f 40 77 78
f 40 78 41
f 41 78 79
f 41 79 42
f 42 80 81
f 42 81 43
f 42 79 82
f 42 82 80
f 43 81 83
f 43 83 84
f 43 84 85
f 43 85 86
f 43 86 44
f 44 86 46
f 44 46 45
f 46 86 47
f 47 86 87
f 47 87 88
f 47 88 89
f 47 89 48
f 48 89 90
f 48 90 49
f 49 90 91
f 49 91 52
f 51 53 63
f 51 63 54
f 52 91 107
f 52 107 92
f 52 92 63
f 52 63 53
f 55 93 99
f 55 99 57
f 55 56 94
f 55 94 95
f 55 95 93
f 56 68 96
f 56 96 66
f 56 66 97
f 56 97 98
f 56 98 94
f 57 99 100
f 57 100 101
f 57 101 58
f 58 101 102
f 58 102 103
f 58 103 59
f 59 103 60
f 60 103 104
f 60 104 61
f 61 104 105
f 61 105 62
f 62 105 106
f 63 92 64
f 64 92 107
f 64 107 108
f 64 108 109
f 64 109 110
f 64 110 65
f 65 111 112
f 65 112 66
f 65 110 111
f 66 112 111
f 66 111 113
f 66 113 97
f 66 96 68
f 66 68 67
f 70 106 172
f 70 172 114
f 70 114 115
f 70 115 71
f 71 115 116
f 71 116 72
f 72 117 73
f 72 116 118
f 72 118 117
f 73 117 119
f 73 119 120
f 73 120 121
f 73 121 75
f 74 75 122
f 74 122 76
f 75 121 123
f 75 123 122
f 76 122 124
f 76 124 125
f 76 125 126
f 76 126 127
f 76 127 128
f 76 128 129
f 76 129 77
f 77 129 78
f 78 129 130
f 78 130 79
f 79 130 131
f 79 131 132
f 79 132 133
f 79 133 134
f 79 134 82
f 80 82 81
f 81 82 134
f 81 134 83
f 83 134 133
f 83 133 135
f 83 135 136
f 83 136 137
f 83 137 138
f 83 138 84
f 84 138 204
f 84 204 139
f 84 139 87
f 84 87 85
f 85 87 86
f 87 139 140
f 87 140 141
f 87 141 88
f 88 141 89
f 89 141 142
f 89 142 143
f 89 143 90
f 90 143 144
f 90 144 145
f 90 145 91
f 91 145 146
f 91 146 107
f 93 147 99
f 93 95 147
f 94 98 148
f 94 148 149
f 94 149 150
f 94 150 95
f 95 150 215
f 95 215 151
f 95 151 147
f 97 113 152
f 97 152 153
f 97 153 98
f 98 153 152
f 98 152 154
f 98 154 155
f 98 155 156
f 98 156 157
f 98 157 148
f 99 158 100
f 99 147 158
f 100 159 160
f 100 160 161
f 100 161 162
f 100 162 101
f 100 158 163
f 100 163 164
f 100 164 159
f 101 162 102
f 102 162 165
f 102 165 166
f 102 166 103
f 103 166 167
f 103 167 168
f 103 168 169
f 103 169 104
f 104 169 170
f 104 170 171
f 104 171 105
f 105 171 172
f 105 172 106
f 107 146 173
f 107 173 174
f 107 174 108
f 108 174 109
f 109 175 176
f 109 176 110
f 109 174 177
f 109 177 178
f 109 178 175
f 110 176 152
f 110 152 111
f 111 152 113
f 114 172 171
f 114 171 170
f 114 170 235
f 114 235 234
f 114 234 233
f 114 233 300
f 114 300 299
f 114 299 365
f 114 365 435
f 114 435 514
f 114 514 507
f 114 507 506
f 114 506 505
f 114 505 600
f 114 600 704
f 114 704 804
f 114 804 803
f 114 803 931
f 114 931 930
f 114 930 929
f 114 929 1050
f 114 1050 1049
f 114 1049 1174
f 114 1174 1317
f 114 1317 1475
f 114 1475 1674
f 114 1674 1872
f 114 1872 2071
f 114 2071 2070
f 114 2070 2250
f 114 2250 2249
f 114 2249 2248
f 114 2248 2401
f 114 2401 2400
f 114 2400 2482
f 114 2482 2481
f 114 2481 2535
f 114 2535 2534
f 114 2534 2571
f 114 2571 2570
f 114 2570 2569
f 114 2569 2566
f 114 2566 2565
f 114 2565 2564
f 114 2564 2590
f 114 2590 2595
f 114 2595 2588
f 114 2588 2557
f 114 2557 2587
f 114 2587 2555
f 114 2555 2554
f 114 2554 2553
f 114 2553 2520
f 114 2520 2519
f 114 2519 2516
f 114 2516 2515
f 114 2515 2551
f 114 2551 2513
f 114 2513 2508
f 114 2508 2445
f 114 2445 2444
f 114 2444 2509
f 114 2509 2506
f 114 2506 2503
f 114 2503 2501
f 114 2501 2500
f 114 2500 2550
f 114 2550 2585
f 114 2585 2584
f 114 2584 2594
f 114 2594 2592
f 114 2592 2577
f 114 2577 2576
f 114 2576 2575
f 114 2575 2591
f 114 2591 2573
f 114 2573 2540
f 114 2540 2536
f 114 2536 2483
f 114 2483 2403
f 114 2403 2402
f 114 2402 2252
f 114 2252 2251
f 114 2251 2074
f 114 2074 2072
f 114 2072 1873
f 114 1873 1677
f 114 1677 1480
f 114 1480 1325
f 114 1325 1185
f 114 1185 1069
f 114 1069 950
f 114 950 949
f 114 949 827
f 114 827 820
f 114 820 720
f 114 720 619
f 114 619 618
f 114 618 526
f 114 526 449
f 114 449 448
f 114 448 378
f 114 378 314
f 114 314 245
f 114 245 243
f 114 243 242
f 114 242 180
f 114 180 179
f 114 179 118
f 114 118 116
f 114 116 115
f 117 118 179
f 117 179 119
f 119 179 120
f 120 179 180
f 120 180 121
f 121 181 182
f 121 182 183
f 121 183 184
f 121 184 122
f 121 122 123
f 121 180 181
f 122 184 124
f 124 184 125
f 125 184 126
f 126 184 185
f 126 185 186
f 126 186 187
f 126 187 188
f 126 188 189
f 126 189 190
f 126 190 191
f 126 191 127
f 127 191 192
f 127 192 130
f 127 130 128
f 128 130 129
f 130 192 131
f 131 193 194
f 131 194 195
f 131 195 132
f 131 192 193
f 132 196 133
f 132 195 196
f 133 196 197
f 133 197 135
f 135 198 136
f 135 197 199
f 135 199 198
f 136 200 137
f 136 198 200
f 137 200 201
f 137 201 202
f 137 202 203
f 137 203 138
f 138 203 202
f 138 202 204
f 139 204 141
f 139 141 140
f 141 204 205
f 141 205 206
f 141 206 207
f 141 207 208
f 141 208 209
f 141 209 142
f 142 209 143
f 143 209 210
f 143 210 144
f 144 210 211
f 144 211 212
f 144 212 145
f 145 212 213
f 145 213 146
f 146 213 173
f 147 214 158
f 147 151 214
f 148 215 149
f 148 157 216
f 148 216 215
f 149 215 150
f 151 215 217
f 151 217 214
f 152 218 219
f 152 219 154
f 152 176 175
f 152 175 218
f 154 219 155
f 155 219 156
f 156 219 220
f 156 220 157
f 157 220 216
f 158 214 163
f 159 221 222
f 159 222 223
f 159 223 224
f 159 224 225
f 159 225 160
f 159 164 226
f 159 226 227
f 159 227 228
f 159 228 221
f 160 225 161
f 161 225 162
f 162 225 166
f 162 166 165
f 163 214 164
f 164 214 229
f 164 229 226
f 166 225 230
f 166 230 231
f 166 231 232
f 166 232 233
f 166 233 167
f 167 233 234
f 167 234 235
f 167 235 168
f 168 235 169
f 169 235 170
f 173 213 236
f 173 236 174
f 174 237 178
f 174 178 177
f 174 236 238
f 174 238 239
f 174 239 240
f 174 240 237
f 175 178 237
f 175 237 241
f 175 241 218
f 180 242 182
f 180 182 181
f 182 242 243
f 182 243 183
f 183 244 184
f 183 243 245
f 183 245 244
f 184 244 185
f 185 244 186
f 186 244 187
f 187 244 246
f 187 246 247
f 187 247 188
f 188 248 249
f 188 249 250
f 188 250 251
f 188 251 189
f 188 247 252
f 188 252 248
f 189 251 253
f 189 253 254
f 189 254 255
f 189 255 190
f 190 255 191
f 191 255 256
f 191 256 192
f 192 256 193
f 193 257 194
f 193 256 257
f 194 257 258
f 194 258 196
f 194 196 195
f 196 199 197
f 196 258 199
f 198 259 200
f 198 199 259
f 199 260 259
f 199 258 257
f 199 257 260
f 200 259 261
f 200 261 201
f 201 262 202
f 201 261 262
f 202 262 263
f 202 263 264
f 202 264 265
f 202 265 204
f 204 265 264
f 204 264 205
f 205 266 267
f 205 267 268
f 205 268 269
f 205 269 206
f 205 264 266
f 206 269 270
f 206 270 207
f 207 270 208
f 208 270 271
f 208 271 209
f 209 271 272
f 209 272 210
f 210 272 273
f 210 273 211
f 211 273 274
f 211 274 275
f 211 275 276
f 211 276 212
f 212 276 277
f 212 277 278
f 212 278 213
f 213 278 279
f 213 279 236
f 214 217 229
f 215 216 280
f 215 280 281
f 215 281 217
f 216 220 282
f 216 282 283
f 216 283 284
f 216 284 280
f 217 285 286
f 217 286 229
f 217 281 285
f 218 287 281
f 218 281 283
f 218 283 282
f 218 282 219
f 218 241 287
f 219 282 220
f 221 228 288
f 221 288 289
f 221 289 290
f 221 290 291
f 221 291 292
f 221 292 293
f 221 293 222
f 222 293 294
f 222 294 295
f 222 295 223
f 223 295 224
f 224 295 225
f 225 295 230
f 226 229 286
f 226 286 296
f 226 296 227
f 227 296 228
f 228 296 297
f 228 297 298
f 228 298 288
f 230 295 299
f 230 299 231
f 231 299 300
f 231 300 232
f 232 300 233
f 236 279 238
f 237 240 301
f 237 301 302
f 237 302 303
f 237 303 241
f 238 279 304
f 238 304 305
f 238 305 239
f 239 305 306
f 239 306 240
f 240 306 307
f 240 307 308
f 240 308 309
f 240 309 310
f 240 310 301
f 241 303 311
f 241 311 287
f 244 312 313
f 244 313 246
f 244 245 314
f 244 314 312
f 246 313 247
f 247 313 252
f 248 252 315
f 248 315 316
f 248 316 317
f 248 317 318
f 248 318 319
f 248 319 320
f 248 320 321
f 248 321 322
f 248 322 249
f 249 322 323
f 249 323 324
f 249 324 250
f 250 324 251
f 251 324 253
f 252 313 315
f 253 324 325
f 253 325 326
f 253 326 254
f 254 326 327
f 254 327 257
f 254 257 255
f 255 257 256
f 257 327 328
f 257 328 329
f 257 329 330
f 257 330 260
f 259 260 330
f 259 330 331
f 259 331 261
f 261 331 262
f 262 332 333
f 262 333 263
f 262 331 332
f 263 333 264
f 264 333 334
f 264 334 266
f 266 335 336
f 266 336 267
f 266 334 335
f 267 336 268
f 268 336 269
f 269 336 270
f 270 336 337
f 270 337 338
f 270 338 271
f 271 338 339
f 271 339 272
f 272 339 340
f 272 340 273
f 273 340 341
f 273 341 274
f 274 341 342
f 274 342 275
f 275 342 276
f 276 342 343
f 276 343 344
f 276 344 345
f 276 345 277
f 277 345 278
f 278 345 346
f 278 346 279
f 279 346 347
f 279 347 348
f 279 348 304
f 280 284 349
f 280 349 350
f 280 350 281
f 281 349 283
f 281 287 285
f 281 350 349
f 283 349 284
f 285 351 286
f 285 287 352
f 285 352 351
f 286 351 296
f 287 311 303
f 287 303 352
f 288 298 353
f 288 353 289
f 289 353 354
f 289 354 290
f 290 354 355
f 290 355 291
f 291 356 357
f 291 357 358
f 291 358 292
f 291 355 359
f 291 359 360
f 291 360 361
f 291 361 362
f 291 362 356
f 292 358 363
f 292 363 293
f 293 363 294
f 294 363 295
f 295 363 364
f 295 364 365
f 295 365 299
f 296 351 297
f 297 351 366
f 297 366 367
f 297 367 298
f 298 367 353
f 301 368 369
f 301 369 370
f 301 370 303
f 301 303 302
f 301 310 368
f 303 371 372
f 303 372 352
f 303 370 371
f 304 348 305
f 305 348 373
f 305 373 374
f 305 374 307
f 305 307 306
f 307 374 308
f 308 374 309
f 309 374 310
f 310 374 375
f 310 375 368
f 312 314 313
f 313 376 377
f 313 377 316
f 313 316 315
f 313 314 378
f 313 378 376
f 316 377 379
f 316 379 380
f 316 380 381
f 316 381 317
f 317 382 318
f 317 381 383
f 317 383 382
f 318 382 384
f 318 384 385
f 318 385 386
f 318 386 387
f 318 387 319
f 319 387 320
f 320 387 388
f 320 388 389
f 320 389 321
f 321 389 322
f 322 389 390
f 322 390 323
f 323 390 391
f 323 391 392
f 323 392 325
f 323 325 324
f 325 393 326
f 325 392 394
f 325 394 395
f 325 395 393
f 326 393 327
f 327 393 328
f 328 393 329
f 329 393 330
f 330 395 331
f 330 393 395
f 331 395 396
f 331 396 397
f 331 397 332
f 332 398 333
f 332 397 398
f 333 399 334
f 333 398 399
f 334 399 400
f 334 400 401
f 334 401 402
f 334 402 403
f 334 403 335
f 335 404 336
f 335 403 404
f 336 404 405
f 336 405 337
f 337 405 406
f 337 406 338
f 338 406 407
f 338 407 408
f 338 408 339
f 339 408 340
f 340 408 409
f 340 409 341
f 341 409 342
f 342 409 410
f 342 410 343
f 343 410 411
f 343 411 412
f 343 412 413
f 343 413 344
f 344 413 345
f 345 414 346
f 345 413 415
f 345 415 414
f 346 414 347
f 347 414 348
f 348 414 416
f 348 416 417
f 348 417 373
f 351 352 366
f 352 372 371
f 352 371 418
f 352 418 366
f 353 367 354
f 354 419 355
f 354 367 420
f 354 420 421
f 354 421 419
f 355 419 422
f 355 422 359
f 356 362 423
f 356 423 424
f 356 424 425
f 356 425 357
f 357 425 426
f 357 426 427
f 357 427 428
f 357 428 363
f 357 363 358
f 359 422 360
f 360 422 429
f 360 429 430
f 360 430 361
f 361 430 362
f 362 431 423
f 362 430 432
f 362 432 433
f 362 433 431
f 363 428 434
f 363 434 435
f 363 435 365
f 363 365 364
f 366 418 367
f 367 418 436
f 367 436 437
f 367 437 420
f 368 438 439
f 368 439 440
f 368 440 369
f 368 375 441
f 368 441 442
f 368 442 438
f 369 440 443
f 369 443 444
f 369 444 371
f 369 371 370
f 371 444 418
f 373 445 374
f 373 417 445
f 374 445 446
f 374 446 375
f 375 446 441
f 376 447 377
f 376 378 448
f 376 448 447
f 377 447 379
f 379 447 448
f 379 448 449
f 379 449 450
f 379 450 451
f 379 451 380
f 380 452 453
f 380 453 454
f 380 454 455
f 380 455 383
f 380 383 381
f 380 451 452
f 382 456 457
f 382 457 458
f 382 458 384
f 382 383 456
f 383 455 454
f 383 454 456
f 384 458 385
f 385 459 460
f 385 460 461
f 385 461 386
f 385 458 457
f 385 457 459
f 386 461 462
f 386 462 463
f 386 463 464
f 386 464 387
f 387 464 388
f 388 464 389
f 389 464 465
f 389 465 391
f 389 391 390
f 391 465 466
f 391 466 467
f 391 467 392
f 392 467 394
f 394 466 468
f 394 468 395
f 394 467 466
f 395 468 469
f 395 469 396
f 396 469 397
f 397 469 470
f 397 470 471
f 397 471 398
f 398 471 399
f 399 471 400
f 400 471 472
f 400 472 401
f 401 472 473
f 401 473 474
f 401 474 475
f 401 475 476
f 401 476 402
f 402 476 404
f 402 404 403
f 404 476 477
f 404 477 478
f 404 478 479
f 404 479 405
f 405 480 481
f 405 481 406
f 405 479 480
f 406 481 482
f 406 482 408
f 406 408 407
f 408 482 409
f 409 483 484
f 409 484 410
f 409 482 483
f 410 484 485
f 410 485 411
f 411 485 486
f 411 486 412
f 412 486 487
f 412 487 488
f 412 488 413
f 413 488 490
f 413 490 415
f 414 415 489
f 414 489 417
f 414 417 416
f 415 490 489
f 417 489 491
f 417 491 492
f 417 492 445
f 418 444 493
f 418 493 436
f 419 421 494
f 419 494 422
f 420 495 421
f 420 437 495
f 421 495 585
f 421 585 494
f 422 494 496
f 422 496 429
f 423 431 497
f 423 497 498
f 423 498 499
f 423 499 424
f 424 426 425
f 424 499 500
f 424 500 426
f 426 501 502
f 426 502 503
f 426 503 427
f 426 500 501
f 427 504 428
f 427 503 505
f 427 505 506
f 427 506 507
f 427 507 504
f 428 504 434
f 429 496 508
f 429 508 430
f 430 508 432
f 431 433 497
f 432 509 433
f 432 508 510
f 432 510 511
f 432 511 509
f 433 509 512
f 433 512 513
f 433 513 498
f 433 498 497
f 434 504 514
f 434 514 435
f 436 493 437
f 437 493 443
f 437 443 515
f 437 515 516
f 437 516 495
f 438 517 518
f 438 518 519
f 438 519 520
f 438 520 439
f 438 442 521
f 438 521 517
f 439 520 515
f 439 515 440
f 440 515 443
f 441 446 442
f 442 446 522
f 442 522 523
f 442 523 521
f 443 493 444
f 445 524 446
f 445 492 524
f 446 524 525
f 446 525 523
f 446 523 522
f 449 526 527
f 449 527 452
f 449 452 451
f 449 451 450
f 452 528 453
f 452 527 528
f 453 528 529
f 453 529 530
f 453 530 456
f 453 456 454
f 456 530 531
f 456 531 532
f 456 532 457
f 457 532 533
f 457 533 534
f 457 534 459
f 459 534 535
f 459 535 536
f 459 536 537
f 459 537 460
f 460 537 538
f 460 538 462
f 460 462 461
f 462 538 539
f 462 539 540
f 462 540 541
f 462 541 463
f 463 541 464
f 464 541 542
f 464 542 466
f 464 466 465
f 466 542 543
f 466 543 544
f 466 544 473
f 466 473 545
f 466 545 471
f 466 471 470
f 466 470 469
f 466 469 468
f 471 545 472
f 472 545 473
f 473 544 543
f 473 543 475
f 473 475 474
f 475 543 546
f 475 546 547
f 475 547 548
f 475 548 476
f 476 549 550
f 476 550 478
f 476 478 477
f 476 548 551
f 476 551 549
f 478 552 479
f 478 550 552
f 479 552 553
f 479 553 554
f 479 554 480
f 480 554 481
f 481 554 555
f 481 555 482
f 482 555 642
f 482 642 556
f 482 556 483
f 483 556 557
f 483 557 484
f 484 557 485
f 485 557 486
f 486 558 559
f 486 559 560
f 486 560 561
f 486 561 487
f 486 557 562
f 486 562 563
f 486 563 564
f 486 564 565
f 486 565 566
f 486 566 567
f 486 567 568
f 486 568 569
f 486 569 570
f 486 570 668
f 486 668 571
f 486 571 572
f 486 572 573
f 486 573 574
f 486 574 575
f 486 575 576
f 486 576 577
f 486 577 578
f 486 578 579
f 486 579 580
f 486 580 581
f 486 581 558
f 487 561 488
f 488 561 583
f 488 583 490
f 489 582 491
f 489 490 583
f 489 583 582
f 491 582 492
f 492 582 584
f 492 584 524
f 494 585 586
f 494 586 587
f 494 587 496
f 495 516 588
f 495 588 585
f 496 589 508
f 496 587 590
f 496 590 591
f 496 591 589
f 498 592 593
f 498 593 499
f 498 513 594
f 498 594 592
f 499 595 501
f 499 501 500
f 499 593 596
f 499 596 595
f 501 597 598
f 501 598 502
f 501 595 597
f 502 598 599
f 502 599 503
f 503 599 505
f 504 507 514
f 505 599 600
f 508 589 601
f 508 601 510
f 509 511 602
f 509 602 512
f 510 601 511
f 511 601 602
f 512 602 603
f 512 603 513
f 513 604 594
f 513 603 605
f 513 605 604
f 515 520 606
f 515 606 516
f 516 606 607
f 516 607 608
f 516 608 588
f 517 609 610
f 517 610 611
f 517 611 612
f 517 612 519
f 517 519 518
f 517 521 609
f 519 612 613
f 519 613 606
f 519 606 520
f 521 523 525
f 521 525 614
f 521 614 615
f 521 615 609
f 524 616 525
f 524 584 617
f 524 617 616
f 525 616 614
f 526 618 527
f 527 618 619
f 527 619 528
f 528 619 620
f 528 620 529
f 529 620 621
f 529 621 622
f 529 622 623
f 529 623 531
f 529 531 530
f 531 623 624
f 531 624 532
f 532 625 533
f 532 624 626
f 532 626 625
f 533 625 534
f 534 627 628
f 534 628 535
f 534 625 626
f 534 626 627
f 535 628 536
f 536 628 627
f 536 627 539
f 536 539 537
f 537 539 538
f 539 629 630
f 539 630 631
f 539 631 632
f 539 632 540
f 539 627 633
f 539 633 629
f 540 632 638
f 540 638 634
f 540 634 547
f 540 547 541
f 541 547 546
f 541 546 543
f 541 543 542
f 547 634 551
f 547 551 548
f 549 551 635
f 549 635 636
f 549 636 637
f 549 637 552
f 549 552 550
f 551 634 638
f 551 638 635
f 552 639 640
f 552 640 553
f 552 637 639
f 553 640 641
f 553 641 554
f 554 641 555
f 555 641 642
f 556 642 643
f 556 643 557
f 557 643 562
f 558 581 685
f 558 685 644
f 558 644 745
f 558 745 645
f 558 645 559
f 559 646 647
f 559 647 560
f 559 645 646
f 560 647 648
f 560 648 649
f 560 649 650
f 560 650 561
f 561 650 651
f 561 651 583
f 562 643 652
f 562 652 653
f 562 653 563
f 563 653 654
f 563 654 655
f 563 655 564
f 564 655 656
f 564 656 657
f 564 657 565
f 565 657 658
f 565 658 659
f 565 659 566
f 566 659 660
f 566 660 661
f 566 661 567
f 567 662 568
f 567 661 663
f 567 663 759
f 567 759 664
f 567 664 662
f 568 662 665
f 568 665 569
f 569 665 666
f 569 666 667
f 569 667 770
f 569 770 668
f 569 668 570
f 571 668 669
f 571 669 572
f 572 669 670
f 572 670 671
f 572 671 672
f 572 672 673
f 572 673 573
f 573 673 674
f 573 674 574
f 574 674 675
f 574 675 575
f 575 675 676
f 575 676 576
f 576 676 677
f 576 677 678
f 576 678 577
f 577 678 679
f 577 679 680
f 577 680 578
f 578 680 785
f 578 785 681
f 578 681 579
f 579 681 682
f 579 682 788
f 579 788 683
f 579 683 580
f 580 683 684
f 580 684 581
f 581 684 791
f 581 791 685
f 582 583 686
f 582 686 687
f 582 687 584
f 583 651 688
f 583 688 689
f 583 689 686
f 584 687 617
f 585 588 690
f 585 690 586
f 586 690 588
f 586 588 691
f 586 691 705
f 586 705 692
f 586 692 587
f 587 692 693
f 587 693 591
f 587 591 590
f 588 608 691
f 589 591 601
f 591 693 601
f 592 694 593
f 592 594 694
f 593 694 695
f 593 695 696
f 593 696 596
f 594 604 697
f 594 697 698
f 594 698 695
f 594 695 694
f 595 596 699
f 595 699 597
f 596 700 597
f 596 597 699
f 596 696 700
f 597 700 701
f 597 701 702
f 597 702 703
f 597 703 598
f 598 703 599
f 599 703 704
f 599 704 600
f 601 693 692
f 601 692 705
f 601 705 706
f 601 706 707
f 601 707 602
f 602 707 603
f 603 707 708
f 603 708 709
f 603 709 605
f 604 605 697
f 605 698 697
f 605 709 698
f 606 613 607
f 607 710 608
f 607 613 710
f 608 711 691
f 608 710 711
f 609 615 610
f 610 615 712
f 610 712 707
f 610 707 713
f 610 713 611
f 611 713 612
f 612 713 710
f 612 710 613
f 614 616 714
f 614 714 715
f 614 715 716
f 614 716 615
f 615 716 717
f 615 717 712
f 616 617 718
f 616 718 714
f 617 687 719
f 617 719 718
f 619 720 721
f 619 721 621
f 619 621 620
f 621 721 722
f 621 722 622
f 622 722 723
f 622 723 724
f 622 724 725
f 622 725 624
f 622 624 623
f 624 725 626
f 626 725 726
f 626 726 727
f 626 727 627
f 627 727 633
f 629 728 729
f 629 729 730
f 629 730 630
f 629 633 731
f 629 731 732
f 629 732 728
f 630 733 631
f 630 730 733
f 631 733 734
f 631 734 638
f 631 638 632
f 633 727 731
f 635 638 735
f 635 735 636
f 636 736 737
f 636 737 639
f 636 639 637
f 636 735 738
f 636 738 736
f 638 739 735
f 638 734 739
f 639 737 740
f 639 740 741
f 639 741 742
f 639 742 640
f 640 742 743
f 640 743 641
f 641 743 652
f 641 652 642
f 642 652 643
f 644 685 792
f 644 792 744
f 644 744 745
f 645 745 746
f 645 746 747
f 645 747 748
f 645 748 646
f 646 748 749
f 646 749 647
f 647 749 648
f 648 749 750
f 648 750 688
f 648 688 649
f 649 688 650
f 650 688 651
f 652 743 653
f 653 743 751
f 653 751 752
f 653 752 654
f 654 752 753
f 654 753 655
f 655 753 754
f 655 754 656
f 656 754 755
f 656 755 658
f 656 658 657
f 658 755 756
f 658 756 757
f 658 757 659
f 659 757 660
f 660 758 759
f 660 759 663
f 660 663 661
f 660 757 760
f 660 760 758
f 662 664 761
f 662 761 762
f 662 762 763
f 662 763 665
f 664 759 764
f 664 764 765
f 664 765 761
f 665 763 766
f 665 766 666
f 666 766 667
f 667 766 767
f 667 767 768
f 667 768 769
f 667 769 770
f 668 770 670
f 668 670 669
f 670 770 769
f 670 769 771
f 670 771 671
f 671 771 772
f 671 772 773
f 671 773 672
f 672 773 774
f 672 774 673
f 673 774 775
f 673 775 674
f 674 776 675
f 674 775 776
f 675 776 777
f 675 777 779
f 675 779 778
f 675 778 677
f 675 677 676
f 677 778 678
f 678 778 779
f 678 779 780
f 678 780 679
f 679 780 781
f 679 781 782
f 679 782 680
f 680 782 783
f 680 783 784
f 680 784 785
f 681 785 682
f 682 785 786
f 682 786 787
f 682 787 788
f 683 788 789
f 683 789 684
f 684 789 790
f 684 790 791
f 685 791 792
f 686 689 793
f 686 793 687
f 687 793 719
f 688 750 793
f 688 793 689
f 691 711 710
f 691 710 705
f 695 794 795
f 695 795 696
f 695 698 796
f 695 796 794
f 696 795 701
f 696 701 700
f 698 797 796
f 698 709 797
f 701 798 799
f 701 799 800
f 701 800 702
f 701 795 798
f 702 801 802
f 702 802 803
f 702 803 804
f 702 804 704
f 702 704 805
f 702 805 703
f 702 800 801
f 703 805 704
f 705 710 706
f 706 710 806
f 706 806 707
f 707 806 713
f 707 712 717
f 707 717 708
f 708 717 709
f 709 717 807
f 709 807 808
f 709 808 809
f 709 809 810
f 709 810 811
f 709 811 812
f 709 812 797
f 710 713 806
f 714 718 715
f 715 813 814
f 715 814 815
f 715 815 716
f 715 718 816
f 715 816 813
f 716 815 717
f 717 815 807
f 718 817 816
f 718 719 818
f 718 818 819
f 718 819 817
f 719 793 818
f 720 820 821
f 720 821 721
f 721 821 722
f 722 821 723
f 723 822 823
f 723 823 824
f 723 824 825
f 723 825 826
f 723 826 724
f 723 821 820
f 723 820 827
f 723 827 822
f 724 826 725
f 725 826 828
f 725 828 829
f 725 829 830
f 725 830 831
f 725 831 832
f 725 832 726
f 726 832 727
f 727 832 833
f 727 833 731
f 728 834 835
f 728 835 729
f 728 732 834
f 729 835 836
f 729 836 837
f 729 837 730
f 730 837 838
f 730 838 839
f 730 839 733
f 731 833 732
f 732 833 840
f 732 840 841
f 732 841 842
f 732 842 834
f 733 839 734
f 734 839 843
f 734 843 844
f 734 844 739
f 735 739 844
f 735 844 738
f 736 845 846
f 736 846 740
f 736 740 737
f 736 738 847
f 736 847 845
f 738 844 847
f 740 846 848
f 740 848 741
f 741 849 751
f 741 751 742
f 741 848 850
f 741 850 849
f 742 751 743
f 744 851 745
f 744 792 916
f 744 916 852
f 744 852 851
f 745 851 746
f 746 851 853
f 746 853 854
f 746 854 747
f 747 854 855
f 747 855 856
f 747 856 748
f 748 856 749
f 749 856 857
f 749 857 750
f 750 857 858
f 750 858 793
f 751 849 752
f 752 859 753
f 752 849 859
f 753 859 860
f 753 860 861
f 753 861 754
f 754 862 755
f 754 861 863
f 754 863 864
f 754 864 865
f 754 865 862
f 755 862 866
f 755 866 756
f 756 866 867
f 756 867 868
f 756 868 757
f 757 868 867
f 757 867 869
f 757 869 760
f 758 870 764
f 758 764 759
f 758 760 871
f 758 871 870
f 760 869 871
f 761 765 872
f 761 872 762
f 762 872 873
f 762 873 763
f 763 873 766
f 764 870 874
f 764 874 875
f 764 875 876
f 764 876 877
f 764 877 765
f 765 877 878
f 765 878 879
f 765 879 872
f 766 873 880
f 766 880 767
f 767 880 881
f 767 881 768
f 768 881 882
f 768 882 883
f 768 883 884
f 768 884 769
f 769 884 885
f 769 885 771
f 771 885 886
f 771 886 887
f 771 887 888
f 771 888 772
f 772 888 889
f 772 889 773
f 773 889 890
f 773 890 774
f 774 890 891
f 774 891 775
f 775 891 892
f 775 892 893
f 775 893 894
f 775 894 776
f 776 894 777
f 777 895 779
f 777 894 895
f 779 895 896
f 779 896 897
f 779 897 898
f 779 898 780
f 780 898 899
f 780 899 900
f 780 900 781
f 781 900 901
f 781 901 902
f 781 902 783
f 781 783 782
f 783 902 903
f 783 903 904
f 783 904 784
f 784 904 905
f 784 905 906
f 784 906 785
f 785 906 786
f 786 906 907
f 786 907 908
f 786 908 909
f 786 909 787
f 787 909 910
f 787 910 911
f 787 911 912
f 787 912 789
f 787 789 788
f 789 912 913
f 789 913 790
f 790 913 914
f 790 914 915
f 790 915 792
f 790 792 791
f 792 915 916
f 793 858 818
f 794 796 917
f 794 917 795
f 795 918 919
f 795 919 798
f 795 917 920
f 795 920 921
f 795 921 922
f 795 922 918
f 796 923 917
f 796 797 924
f 796 924 923
f 797 812 924
f 798 919 799
f 799 801 800
f 799 919 925
f 799 925 926
f 799 926 927
f 799 927 928
f 799 928 929
f 799 929 930
f 799 930 801
f 801 930 931
f 801 931 802
f 802 931 803
f 807 815 808
f 808 815 814
f 808 814 932
f 808 932 809
f 809 932 810
f 810 932 933
f 810 933 934
f 810 934 811
f 811 934 935
f 811 935 936
f 811 936 812
f 812 936 937
f 812 937 938
f 812 938 924
f 813 816 817
f 813 817 939
f 813 939 940
f 813 940 932
f 813 932 814
f 817 941 939
f 817 819 941
f 818 858 819
f 819 858 942
f 819 942 943
f 819 943 941
f 822 827 823
f 823 944 945
f 823 945 946
f 823 946 947
f 823 947 948
f 823 948 824
f 823 827 949
f 823 949 950
f 823 950 944
f 824 948 825
f 825 948 828
f 825 828 826
f 828 951 952
f 828 952 953
f 828 953 954
f 828 954 829
f 828 948 951
f 829 954 1077
f 829 1077 955
f 829 955 830
f 830 955 956
f 830 956 957
f 830 957 831
f 831 957 832
f 832 957 833
f 833 957 840
f 834 958 835
f 834 842 958
f 835 958 959
f 835 959 960
f 835 960 961
f 835 961 836
f 836 962 963
f 836 963 837
f 836 961 962
f 837 963 964
f 837 964 838
f 838 964 965
f 838 965 966
f 838 966 845
f 838 845 967
f 838 967 839
f 839 967 847
f 839 847 843
f 840 957 841
f 841 957 968
f 841 968 842
f 842 968 969
f 842 969 959
f 842 959 958
f 843 847 844
f 845 970 971
f 845 971 848
f 845 848 846
f 845 847 967
f 845 966 970
f 848 972 850
f 848 971 972
f 849 860 859
f 849 850 973
f 849 973 860
f 850 972 974
f 850 974 973
f 851 852 853
f 852 916 1035
f 852 1035 975
f 852 975 976
f 852 976 977
f 852 977 978
f 852 978 853
f 853 978 854
f 854 979 855
f 854 978 979
f 855 979 980
f 855 980 981
f 855 981 982
f 855 982 856
f 856 982 983
f 856 983 857
f 857 983 984
f 857 984 942
f 857 942 858
f 860 973 974
f 860 974 861
f 861 974 985
f 861 985 864
f 861 864 863
f 862 865 986
f 862 986 866
f 864 986 865
f 864 985 987
f 864 987 988
f 864 988 986
f 866 986 989
f 866 989 867
f 867 989 990
f 867 990 869
f 869 990 991
f 869 991 992
f 869 992 871
f 870 871 993
f 870 993 874
f 871 992 993
f 872 879 994
f 872 994 880
f 872 880 873
f 874 993 995
f 874 995 875
f 875 995 996
f 875 996 876
f 876 996 997
f 876 997 877
f 877 997 998
f 877 998 878
f 878 998 999
f 878 999 1000
f 878 1000 879
f 879 1000 1001
f 879 1001 994
f 880 994 1002
f 880 1002 1003
f 880 1003 881
f 881 1003 1004
f 881 1004 882
f 882 1004 1005
f 882 1005 883
f 883 1005 1006
f 883 1006 884
f 884 1006 885
f 885 887 886
f 885 1006 1007
f 885 1007 887
f 887 1007 1008
f 887 1008 1009
f 887 1009 888
f 888 1009 889
f 889 1009 1010
f 889 1010 890
f 890 1010 1011
f 890 1011 891
f 891 1011 1012
f 891 1012 1013
f 891 1013 892
f 892 1013 1014
f 892 1014 893
f 893 1015 1016
f 893 1016 894
f 893 1014 1017
f 893 1017 1018
f 893 1018 1015
f 894 1016 896
f 894 896 895
f 896 1016 1015
f 896 1015 1019
f 896 1019 897
f 897 1019 1015
f 897 1015 1020
f 897 1020 1021
f 897 1021 898
f 898 1021 899
f 899 901 900
f 899 1021 1022
f 899 1022 901
f 901 1022 1023
f 901 1023 902
f 902 1023 903
f 903 1023 1024
f 903 1024 1025
f 903 1025 904
f 904 1025 905
f 905 1025 1026
f 905 1026 906
f 906 1026 907
f 907 1026 1027
f 907 1027 908
f 908 910 909
f 908 1027 1028
f 908 1028 910
f 910 1028 1029
f 910 1029 911
f 911 1029 1030
f 911 1030 912
f 912 1030 1031
f 912 1031 913
f 913 1031 1032
f 913 1032 914
f 914 1032 916
f 914 916 915
f 916 1033 1034
f 916 1034 1035
f 916 1032 1033
f 917 923 1036
f 917 1036 920
f 918 922 1037
f 918 1037 1038
f 918 1038 1039
f 918 1039 1040
f 918 1040 1041
f 918 1041 926
f 918 926 925
f 918 925 919
f 920 1036 921
f 921 1036 1042
f 921 1042 1043
f 921 1043 922
f 922 1043 1158
f 922 1158 1037
f 923 924 938
f 923 938 1044
f 923 1044 1036
f 926 1041 927
f 927 1041 1045
f 927 1045 1046
f 927 1046 1047
f 927 1047 1048
f 927 1048 1049
f 927 1049 1050
f 927 1050 928
f 928 1050 929
f 932 940 933
f 933 940 934
f 934 940 1051
f 934 1051 1052
f 934 1052 1053
f 934 1053 935
f 935 1053 1054
f 935 1054 1055
f 935 1055 936
f 936 1055 1056
f 936 1056 937
f 937 1056 1057
f 937 1057 938
f 938 1058 1059
f 938 1059 1044
f 938 1057 1058
f 939 941 940
f 940 941 1060
f 940 1060 1061
f 940 1061 1051
f 941 943 1062
f 941 1062 1060
f 942 984 943
f 943 984 1063
f 943 1063 1062
f 944 1064 1065
f 944 1065 945
f 944 950 1064
f 945 1065 1066
f 945 1066 1067
f 945 1067 1068
f 945 1068 951
f 945 951 946
f 946 951 947
f 947 951 948
f 950 1069 1064
f 951 1068 1070
f 951 1070 1071
f 951 1071 1072
f 951 1072 1073
f 951 1073 952
f 952 1073 1074
f 952 1074 1075
f 952 1075 1076
f 952 1076 953
f 953 1076 1077
f 953 1077 954
f 955 1077 1078
f 955 1078 959
f 955 959 969
f 955 969 956
f 956 969 1079
f 956 1079 957
f 957 1079 969
f 957 969 968
f 959 1078 1080
f 959 1080 1081
f 959 1081 962
f 959 962 961
f 959 961 960
f 962 1081 1080
f 962 1080 1082
f 962 1082 1083
f 962 1083 964
f 962 964 963
f 964 1083 966
f 964 966 965
f 966 1083 1084
f 966 1084 1085
f 966 1085 970
f 970 1086 972
f 970 972 971
f 970 1085 1086
f 972 1086 1087
f 972 1087 1088
f 972 1088 974
f 974 1088 985
f 975 1035 1154
f 975 1154 1089
f 975 1089 976
f 976 1090 977
f 976 1089 1091
f 976 1091 1092
f 976 1092 1090
f 977 1090 978
f 978 1090 1093
f 978 1093 1094
f 978 1094 979
f 979 1094 980
f 980 982 981
f 980 1094 1095
f 980 1095 1096
f 980 1096 982
f 982 1096 1063
f 982 1063 983
f 983 1063 984
f 985 1088 1097
f 985 1097 987
f 986 988 1098
f 986 1098 1099
f 986 1099 989
f 987 1097 1100
f 987 1100 1101
f 987 1101 1098
f 987 1098 988
f 989 1099 1102
f 989 1102 1103
f 989 1103 990
f 990 1103 1104
f 990 1104 1105
f 990 1105 991
f 991 1105 1106
f 991 1106 992
f 992 995 993
f 992 1106 1107
f 992 1107 1108
f 992 1108 995
f 994 1001 1109
f 994 1109 1002
f 995 1108 996
f 996 1110 1111
f 996 1111 997
f 996 1108 1112
f 996 1112 1113
f 996 1113 1114
f 996 1114 1110
f 997 1111 998
f 998 1111 999
f 999 1111 1115
f 999 1115 1116
f 999 1116 1000
f 1000 1116 1001
f 1001 1116 1109
f 1002 1109 1117
f 1002 1117 1003
f 1003 1117 1004
f 1004 1117 1118
f 1004 1118 1119
f 1004 1119 1005
f 1005 1119 1120
f 1005 1120 1006
f 1006 1120 1121
f 1006 1121 1007
f 1007 1121 1008
f 1008 1121 1122
f 1008 1122 1123
f 1008 1123 1124
f 1008 1124 1125
f 1008 1125 1009
f 1009 1125 1010
f 1010 1125 1126
f 1010 1126 1127
f 1010 1127 1011
f 1011 1127 1128
f 1011 1128 1012
f 1012 1128 1256
f 1012 1256 1129
f 1012 1129 1131
f 1012 1131 1013
f 1013 1130 1017
f 1013 1017 1014
f 1013 1131 1259
f 1013 1259 1130
f 1015 1018 1020
f 1017 1130 1132
f 1017 1132 1018
f 1018 1133 1020
f 1018 1132 1133
f 1020 1134 1135
f 1020 1135 1021
f 1020 1133 1136
f 1020 1136 1137
f 1020 1137 1134
f 1021 1135 1022
f 1022 1135 1138
f 1022 1138 1023
f 1023 1138 1139
f 1023 1139 1024
f 1024 1139 1140
f 1024 1140 1141
f 1024 1141 1025
f 1025 1141 1142
f 1025 1142 1143
f 1025 1143 1144
f 1025 1144 1026
f 1026 1144 1027
f 1027 1145 1028
f 1027 1144 1146
f 1027 1146 1145
f 1028 1145 1147
f 1028 1147 1029
f 1029 1147 1148
f 1029 1148 1030
f 1030 1032 1031
f 1030 1148 1149
f 1030 1149 1032
f 1032 1149 1150
f 1032 1150 1151
f 1032 1151 1033
f 1033 1151 1034
f 1034 1151 1152
f 1034 1152 1153
f 1034 1153 1154
f 1034 1154 1035
f 1036 1044 1059
f 1036 1059 1155
f 1036 1155 1156
f 1036 1156 1157
f 1036 1157 1042
f 1037 1158 1038
f 1038 1158 1159
f 1038 1159 1039
f 1039 1160 1040
f 1039 1159 1161
f 1039 1161 1162
f 1039 1162 1160
f 1040 1163 1164
f 1040 1164 1047
f 1040 1047 1046
f 1040 1046 1045
f 1040 1045 1041
f 1040 1160 1165
f 1040 1165 1166
f 1040 1166 1167
f 1040 1167 1163
f 1042 1157 1156
f 1042 1156 1043
f 1043 1168 1158
f 1043 1156 1169
f 1043 1169 1168
f 1047 1170 1048
f 1047 1164 1171
f 1047 1171 1172
f 1047 1172 1170
f 1048 1170 1173
f 1048 1173 1049
f 1049 1173 1174
f 1051 1175 1176
f 1051 1176 1177
f 1051 1177 1053
f 1051 1053 1052
f 1051 1061 1175
f 1053 1177 1178
f 1053 1178 1054
f 1054 1178 1055
f 1055 1178 1179
f 1055 1179 1056
f 1056 1179 1180
f 1056 1180 1169
f 1056 1169 1181
f 1056 1181 1057
f 1057 1181 1058
f 1058 1169 1156
f 1058 1156 1155
f 1058 1155 1059
f 1058 1181 1169
f 1060 1062 1061
f 1061 1062 1182
f 1061 1182 1175
f 1062 1183 1184
f 1062 1184 1182
f 1062 1063 1183
f 1063 1096 1183
f 1064 1069 1185
f 1064 1185 1065
f 1065 1186 1187
f 1065 1187 1188
f 1065 1188 1189
f 1065 1189 1066
f 1065 1185 1186
f 1066 1189 1188
f 1066 1188 1190
f 1066 1190 1070
f 1066 1070 1067
f 1067 1070 1068
f 1070 1190 1191
f 1070 1191 1192
f 1070 1192 1193
f 1070 1193 1194
f 1070 1194 1071
f 1071 1194 1195
f 1071 1195 1196
f 1071 1196 1072
f 1072 1196 1197
f 1072 1197 1074
f 1072 1074 1073
f 1074 1197 1198
f 1074 1198 1200
f 1074 1200 1075
f 1075 1199 1076
f 1075 1200 1201
f 1075 1201 1199
f 1076 1199 1077
f 1077 1199 1202
f 1077 1202 1203
f 1077 1203 1080
f 1077 1080 1078
f 1080 1203 1204
f 1080 1204 1205
f 1080 1205 1206
f 1080 1206 1082
f 1082 1206 1207
f 1082 1207 1084
f 1082 1084 1083
f 1084 1207 1085
f 1085 1207 1208
f 1085 1208 1209
f 1085 1209 1210
f 1085 1210 1086
f 1086 1210 1087
f 1087 1210 1088
f 1088 1210 1211
f 1088 1211 1212
f 1088 1212 1097
f 1089 1154 1297
f 1089 1297 1213
f 1089 1213 1216
f 1089 1216 1091
f 1090 1092 1214
f 1090 1214 1093
f 1091 1215 1214
f 1091 1214 1092
f 1091 1216 1217
f 1091 1217 1215
f 1093 1218 1095
f 1093 1095 1094
f 1093 1214 1218
f 1095 1219 1183
f 1095 1183 1096
f 1095 1218 1220
f 1095 1220 1219
f 1097 1212 1221
f 1097 1221 1100
f 1098 1101 1222
f 1098 1222 1099
f 1099 1222 1102
f 1100 1221 1222
f 1100 1222 1101
f 1102 1222 1223
f 1102 1223 1103
f 1103 1223 1104
f 1104 1223 1372
f 1104 1372 1224
f 1104 1224 1226
f 1104 1226 1105
f 1105 1225 1107
f 1105 1107 1106
f 1105 1226 1375
f 1105 1375 1225
f 1107 1225 1227
f 1107 1227 1108
f 1108 1227 1112
f 1109 1116 1228
f 1109 1228 1229
f 1109 1229 1117
f 1110 1114 1230
f 1110 1230 1111
f 1111 1230 1231
f 1111 1231 1232
f 1111 1232 1233
f 1111 1233 1115
f 1112 1227 1113
f 1113 1227 1114
f 1114 1227 1230
f 1115 1233 1234
f 1115 1234 1235
f 1115 1235 1228
f 1115 1228 1116
f 1117 1229 1236
f 1117 1236 1237
f 1117 1237 1238
f 1117 1238 1118
f 1118 1238 1239
f 1118 1239 1240
f 1118 1240 1119
f 1119 1240 1241
f 1119 1241 1242
f 1119 1242 1120
f 1120 1242 1243
f 1120 1243 1244
f 1120 1244 1245
f 1120 1245 1121
f 1121 1245 1246
f 1121 1246 1247
f 1121 1247 1248
f 1121 1248 1122
f 1122 1248 1249
f 1122 1249 1123
f 1123 1249 1126
f 1123 1126 1124
f 1124 1126 1125
f 1126 1250 1251
f 1126 1251 1252
f 1126 1252 1253
f 1126 1253 1254
f 1126 1254 1128
f 1126 1128 1127
f 1126 1249 1250
f 1128 1254 1255
f 1128 1255 1256
f 1129 1256 1257
f 1129 1257 1261
f 1129 1261 1131
f 1130 1258 1132
f 1130 1259 1260
f 1130 1260 1258
f 1131 1261 1259
f 1132 1258 1262
f 1132 1262 1263
f 1132 1263 1264
f 1132 1264 1265
f 1132 1265 1266
f 1132 1266 1137
f 1132 1137 1136
f 1132 1136 1133
f 1134 1137 1266
f 1134 1266 1267
f 1134 1267 1135
f 1135 1267 1268
f 1135 1268 1269
f 1135 1269 1270
f 1135 1270 1138
f 1138 1270 1271
f 1138 1271 1272
f 1138 1272 1273
f 1138 1273 1274
f 1138 1274 1139
f 1139 1274 1275
f 1139 1275 1140
f 1140 1142 1141
f 1140 1275 1276
f 1140 1276 1277
f 1140 1277 1142
f 1142 1277 1278
f 1142 1278 1279
f 1142 1279 1280
f 1142 1280 1143
f 1143 1280 1144
f 1144 1280 1146
f 1145 1146 1281
f 1145 1281 1282
f 1145 1282 1283
f 1145 1283 1284
f 1145 1284 1285
f 1145 1285 1147
f 1146 1280 1286
f 1146 1286 1281
f 1147 1285 1287
f 1147 1287 1288
f 1147 1288 1289
f 1147 1289 1290
f 1147 1290 1148
f 1148 1290 1291
f 1148 1291 1292
f 1148 1292 1150
f 1148 1150 1149
f 1150 1292 1293
f 1150 1293 1151
f 1151 1293 1152
f 1152 1293 1153
f 1153 1293 1294
f 1153 1294 1295
f 1153 1295 1296
f 1153 1296 1297
f 1153 1297 1154
f 1158 1298 1299
f 1158 1299 1159
f 1158 1168 1300
f 1158 1300 1301
f 1158 1301 1298
f 1159 1299 1161
f 1160 1162 1165
f 1161 1302 1305
f 1161 1305 1162
f 1161 1299 1303
f 1161 1303 1302
f 1162 1304 1165
f 1162 1305 1304
f 1163 1306 1172
f 1163 1172 1171
f 1163 1171 1164
f 1163 1167 1307
f 1163 1307 1308
f 1163 1308 1309
f 1163 1309 1306
f 1165 1304 1310
f 1165 1310 1166
f 1166 1310 1311
f 1166 1311 1167
f 1167 1311 1463
f 1167 1463 1307
f 1168 1169 1300
f 1169 1180 1179
f 1169 1179 1178
f 1169 1178 1312
f 1169 1312 1300
f 1170 1172 1313
f 1170 1313 1314
f 1170 1314 1315
f 1170 1315 1316
f 1170 1316 1174
f 1170 1174 1173
f 1172 1306 1313
f 1174 1316 1317
f 1175 1318 1319
f 1175 1319 1320
f 1175 1320 1176
f 1175 1182 1184
f 1175 1184 1321
f 1175 1321 1318
f 1176 1320 1322
f 1176 1322 1177
f 1177 1322 1178
f 1178 1322 1300
f 1178 1300 1312
f 1183 1219 1323
f 1183 1323 1324
f 1183 1324 1321
f 1183 1321 1184
f 1185 1325 1186
f 1186 1326 1187
f 1186 1325 1326
f 1187 1326 1327
f 1187 1327 1328
f 1187 1328 1329
f 1187 1329 1330
f 1187 1330 1188
f 1188 1330 1190
f 1190 1330 1191
f 1191 1330 1331
f 1191 1331 1486
f 1191 1486 1332
f 1191 1332 1333
f 1191 1333 1192
f 1192 1333 1334
f 1192 1334 1193
f 1193 1334 1195
f 1193 1195 1194
f 1195 1335 1336
f 1195 1336 1337
f 1195 1337 1196
f 1195 1334 1491
f 1195 1491 1338
f 1195 1338 1339
f 1195 1339 1335
f 1196 1337 1197
f 1197 1337 1340
f 1197 1340 1341
f 1197 1341 1342
f 1197 1342 1343
f 1197 1343 1344
f 1197 1344 1198
f 1198 1344 1200
f 1199 1201 1345
f 1199 1345 1202
f 1200 1344 1346
f 1200 1346 1347
f 1200 1347 1201
f 1201 1347 1348
f 1201 1348 1349
f 1201 1349 1350
f 1201 1350 1351
f 1201 1351 1345
f 1202 1345 1351
f 1202 1351 1203
f 1203 1351 1205
f 1203 1205 1204
f 1205 1351 1350
f 1205 1350 1206
f 1206 1348 1208
f 1206 1208 1207
f 1206 1350 1349
f 1206 1349 1348
f 1208 1352 1209
f 1208 1348 1353
f 1208 1353 1352
f 1209 1352 1354
f 1209 1354 1355
f 1209 1355 1356
f 1209 1356 1221
f 1209 1221 1210
f 1210 1221 1211
f 1211 1221 1212
f 1213 1297 1443
f 1213 1443 1357
f 1213 1357 1216
f 1214 1215 1358
f 1214 1358 1359
f 1214 1359 1360
f 1214 1360 1361
f 1214 1361 1362
f 1214 1362 1218
f 1215 1217 1358
f 1216 1363 1217
f 1216 1357 1364
f 1216 1364 1365
f 1216 1365 1363
f 1217 1366 1358
f 1217 1363 1366
f 1218 1362 1220
f 1219 1220 1362
f 1219 1362 1323
f 1221 1356 1222
f 1222 1356 1367
f 1222 1367 1368
f 1222 1368 1369
f 1222 1369 1370
f 1222 1370 1223
f 1223 1370 1371
f 1223 1371 1372
f 1224 1372 1373
f 1224 1373 1377
f 1224 1377 1226
f 1225 1374 1227
f 1225 1375 1376
f 1225 1376 1374
f 1226 1377 1375
f 1227 1374 1378
f 1227 1378 1379
f 1227 1379 1380
f 1227 1380 1381
f 1227 1381 1230
f 1228 1235 1382
f 1228 1382 1383
f 1228 1383 1384
f 1228 1384 1229
f 1229 1384 1385
f 1229 1385 1236
f 1230 1381 1386
f 1230 1386 1231
f 1231 1386 1232
f 1232 1386 1387
f 1232 1387 1233
f 1233 1387 1234
f 1234 1387 1235
f 1235 1387 1388
f 1235 1388 1383
f 1235 1383 1382
f 1236 1385 1237
f 1237 1385 1389
f 1237 1389 1390
f 1237 1390 1391
f 1237 1391 1239
f 1237 1239 1238
f 1239 1391 1392
f 1239 1392 1241
f 1239 1241 1240
f 1241 1392 1393
f 1241 1393 1394
f 1241 1394 1395
f 1241 1395 1243
f 1241 1243 1242
f 1243 1395 1396
f 1243 1396 1244
f 1244 1396 1245
f 1245 1396 1246
f 1246 1249 1247
f 1246 1396 1397
f 1246 1397 1249
f 1247 1249 1248
f 1249 1397 1250
f 1250 1397 1398
f 1250 1398 1399
f 1250 1399 1400
f 1250 1400 1401
f 1250 1401 1251
f 1251 1401 1253
f 1251 1253 1252
f 1253 1401 1402
f 1253 1402 1403
f 1253 1403 1255
f 1253 1255 1254
f 1255 1403 1404
f 1255 1404 1256
f 1256 1404 1405
f 1256 1405 1406
f 1256 1406 1257
f 1257 1406 1407
f 1257 1407 1408
f 1257 1408 1413
f 1257 1413 1261
f 1258 1260 1262
f 1259 1261 1409
f 1259 1409 1410
f 1259 1410 1411
f 1259 1411 1260
f 1260 1412 1262
f 1260 1411 1412
f 1261 1413 1414
f 1261 1414 1409
f 1262 1264 1263
f 1262 1412 1415
f 1262 1415 1416
f 1262 1416 1264
f 1264 1416 1420
f 1264 1420 1265
f 1265 1417 1418
f 1265 1418 1419
f 1265 1419 1266
f 1265 1420 1417
f 1266 1269 1268
f 1266 1268 1267
f 1266 1419 1269
f 1269 1419 1421
f 1269 1421 1270
f 1270 1421 1271
f 1271 1421 1272
f 1272 1275 1274
f 1272 1274 1273
f 1272 1421 1422
f 1272 1422 1275
f 1275 1422 1423
f 1275 1423 1424
f 1275 1424 1276
f 1276 1424 1425
f 1276 1425 1426
f 1276 1426 1427
f 1276 1427 1277
f 1277 1427 1278
f 1278 1427 1428
f 1278 1428 1429
f 1278 1429 1279
f 1279 1429 1430
f 1279 1430 1280
f 1280 1430 1286
f 1281 1286 1283
f 1281 1283 1282
f 1283 1286 1431
f 1283 1431 1432
f 1283 1432 1284
f 1284 1432 1285
f 1285 1432 1287
f 1286 1430 1433
f 1286 1433 1434
f 1286 1434 1431
f 1287 1435 1288
f 1287 1432 1436
f 1287 1436 1435
f 1288 1435 1289
f 1289 1435 1290
f 1290 1435 1291
f 1291 1435 1292
f 1292 1435 1293
f 1293 1437 1438
f 1293 1438 1439
f 1293 1439 1440
f 1293 1440 1294
f 1293 1435 1437
f 1294 1440 1295
f 1295 1440 1441
f 1295 1441 1442
f 1295 1442 1296
f 1296 1443 1297
f 1296 1442 1444
f 1296 1444 1445
f 1296 1445 1443
f 1298 1446 1299
f 1298 1301 1447
f 1298 1447 1446
f 1299 1446 1303
f 1300 1322 1448
f 1300 1448 1449
f 1300 1449 1450
f 1300 1450 1301
f 1301 1450 1449
f 1301 1449 1447
f 1302 1451 1305
f 1302 1303 1452
f 1302 1452 1453
f 1302 1453 1451
f 1303 1447 1454
f 1303 1454 1455
f 1303 1455 1456
f 1303 1456 1452
f 1303 1446 1447
f 1304 1305 1451
f 1304 1451 1457
f 1304 1457 1458
f 1304 1458 1459
f 1304 1459 1460
f 1304 1460 1461
f 1304 1461 1310
f 1306 1309 1462
f 1306 1462 1314
f 1306 1314 1313
f 1307 1463 1308
f 1308 1463 1464
f 1308 1464 1466
f 1308 1466 1309
f 1309 1465 1462
f 1309 1466 1661
f 1309 1661 1465
f 1310 1461 1311
f 1311 1467 1656
f 1311 1656 1463
f 1311 1461 1468
f 1311 1468 1469
f 1311 1469 1470
f 1311 1470 1467
f 1314 1462 1315
f 1315 1471 1472
f 1315 1472 1473
f 1315 1473 1316
f 1315 1462 1474
f 1315 1474 1471
f 1316 1473 1475
f 1316 1475 1317
f 1318 1361 1476
f 1318 1476 1477
f 1318 1477 1478
f 1318 1478 1319
f 1318 1321 1362
f 1318 1362 1361
f 1319 1478 1479
f 1319 1479 1456
f 1319 1456 1448
f 1319 1448 1320
f 1320 1448 1322
f 1321 1324 1362
f 1323 1362 1324
f 1325 1480 1326
f 1326 1480 1327
f 1327 1481 1482
f 1327 1482 1328
f 1327 1480 1481
f 1328 1482 1483
f 1328 1483 1329
f 1329 1483 1484
f 1329 1484 1331
f 1329 1331 1330
f 1331 1484 1485
f 1331 1485 1682
f 1331 1682 1486
f 1332 1486 1683
f 1332 1683 1487
f 1332 1487 1333
f 1333 1487 1488
f 1333 1488 1489
f 1333 1489 1490
f 1333 1490 1491
f 1333 1491 1334
f 1335 1339 1492
f 1335 1492 1336
f 1336 1493 1337
f 1336 1492 1494
f 1336 1494 1495
f 1336 1495 1493
f 1337 1493 1340
f 1338 1491 1490
f 1338 1490 1339
f 1339 1496 1497
f 1339 1497 1498
f 1339 1498 1499
f 1339 1499 1500
f 1339 1500 1501
f 1339 1501 1502
f 1339 1502 1492
f 1339 1490 1489
f 1339 1489 1496
f 1340 1493 1503
f 1340 1503 1504
f 1340 1504 1341
f 1341 1504 1505
f 1341 1505 1506
f 1341 1506 1342
f 1342 1506 1343
f 1343 1506 1346
f 1343 1346 1344
f 1346 1506 1347
f 1347 1507 1353
f 1347 1353 1348
f 1347 1506 1505
f 1347 1505 1507
f 1352 1353 1354
f 1353 1507 1508
f 1353 1508 1354
f 1354 1356 1355
f 1354 1508 1509
f 1354 1509 1502
f 1354 1502 1356
f 1356 1502 1501
f 1356 1501 1367
f 1357 1443 1645
f 1357 1645 1510
f 1357 1510 1511
f 1357 1511 1364
f 1358 1360 1359
f 1358 1366 1512
f 1358 1512 1513
f 1358 1513 1360
f 1360 1513 1514
f 1360 1514 1361
f 1361 1477 1476
f 1361 1514 1477
f 1363 1515 1366
f 1363 1365 1516
f 1363 1516 1517
f 1363 1517 1515
f 1364 1511 1696
f 1364 1696 1518
f 1364 1518 1365
f 1365 1518 1519
f 1365 1519 1520
f 1365 1520 1521
f 1365 1521 1517
f 1365 1517 1516
f 1366 1522 1512
f 1366 1515 1523
f 1366 1523 1522
f 1367 1501 1369
f 1367 1369 1368
f 1369 1501 1524
f 1369 1524 1525
f 1369 1525 1371
f 1369 1371 1370
f 1371 1525 1526
f 1371 1526 1372
f 1372 1526 1527
f 1372 1527 1528
f 1372 1528 1373
f 1373 1528 1529
f 1373 1529 1530
f 1373 1530 1535
f 1373 1535 1377
f 1374 1376 1378
f 1375 1531 1376
f 1375 1377 1532
f 1375 1532 1533
f 1375 1533 1531
f 1376 1534 1378
f 1376 1531 1534
f 1377 1535 1536
f 1377 1536 1532
f 1378 1380 1379
f 1378 1534 1537
f 1378 1537 1538
f 1378 1538 1380
f 1380 1538 1541
f 1380 1541 1381
f 1381 1539 1540
f 1381 1540 1386
f 1381 1541 1539
f 1383 1388 1542
f 1383 1542 1543
f 1383 1543 1544
f 1383 1544 1385
f 1383 1385 1384
f 1385 1544 1389
f 1386 1540 1539
f 1386 1539 1545
f 1386 1545 1546
f 1386 1546 1387
f 1387 1546 1547
f 1387 1547 1548
f 1387 1548 1388
f 1388 1548 1549
f 1388 1549 1550
f 1388 1550 1551
f 1388 1551 1542
f 1389 1544 1552
f 1389 1552 1390
f 1390 1552 1553
f 1390 1553 1554
f 1390 1554 1391
f 1391 1554 1392
f 1392 1554 1555
f 1392 1555 1556
f 1392 1556 1393
f 1393 1556 1394
f 1394 1557 1395
f 1394 1556 1558
f 1394 1558 1559
f 1394 1559 1560
f 1394 1560 1557
f 1395 1557 1560
f 1395 1560 1561
f 1395 1561 1562
f 1395 1562 1396
f 1396 1562 1563
f 1396 1563 1564
f 1396 1564 1397
f 1397 1564 1565
f 1397 1565 1399
f 1397 1399 1398
f 1399 1565 1566
f 1399 1566 1567
f 1399 1567 1568
f 1399 1568 1400
f 1400 1568 1569
f 1400 1569 1570
f 1400 1570 1571
f 1400 1571 1401
f 1401 1571 1572
f 1401 1572 1402
f 1402 1572 1573
f 1402 1573 1403
f 1403 1573 1574
f 1403 1574 1575
f 1403 1575 1404
f 1404 1576 1405
f 1404 1575 1577
f 1404 1577 1576
f 1405 1578 1579
f 1405 1579 1406
f 1405 1576 1577
f 1405 1577 1580
f 1405 1580 1581
f 1405 1581 1582
f 1405 1582 1578
f 1406 1579 1583
f 1406 1583 1407
f 1407 1583 1408
f 1408 1583 1584
f 1408 1584 1585
f 1408 1585 1598
f 1408 1598 1413
f 1409 1414 1597
f 1409 1597 1586
f 1409 1586 1410
f 1410 1587 1411
f 1410 1586 1588
f 1410 1588 1589
f 1410 1589 1590
f 1410 1590 1591
f 1410 1591 1592
f 1410 1592 1587
f 1411 1593 1412
f 1411 1587 1592
f 1411 1592 1593
f 1412 1594 1415
f 1412 1593 1595
f 1412 1595 1594
f 1413 1596 1597
f 1413 1597 1414
f 1413 1598 1596
f 1415 1594 1599
f 1415 1599 1416
f 1416 1599 1600
f 1416 1600 1420
f 1417 1601 1419
f 1417 1419 1418
f 1417 1420 1602
f 1417 1602 1603
f 1417 1603 1604
f 1417 1604 1601
f 1419 1601 1605
f 1419 1605 1421
f 1420 1600 1606
f 1420 1606 1607
f 1420 1607 1602
f 1421 1605 1608
f 1421 1608 1609
f 1421 1609 1422
f 1422 1609 1610
f 1422 1610 1611
f 1422 1611 1612
f 1422 1612 1423
f 1423 1612 1611
f 1423 1611 1613
f 1423 1613 1614
f 1423 1614 1425
f 1423 1425 1424
f 1425 1614 1615
f 1425 1615 1426
f 1426 1615 1616
f 1426 1616 1617
f 1426 1617 1618
f 1426 1618 1427
f 1427 1618 1619
f 1427 1619 1620
f 1427 1620 1428
f 1428 1620 1429
f 1429 1621 1622
f 1429 1622 1623
f 1429 1623 1430
f 1429 1620 1621
f 1430 1623 1624
f 1430 1624 1433
f 1431 1434 1625
f 1431 1625 1626
f 1431 1626 1627
f 1431 1627 1628
f 1431 1628 1432
f 1432 1628 1629
f 1432 1629 1630
f 1432 1630 1436
f 1433 1624 1434
f 1434 1624 1631
f 1434 1631 1632
f 1434 1632 1626
f 1434 1626 1625
f 1435 1436 1437
f 1436 1630 1633
f 1436 1633 1634
f 1436 1634 1635
f 1436 1635 1437
f 1437 1635 1634
f 1437 1634 1636
f 1437 1636 1637
f 1437 1637 1438
f 1438 1637 1440
f 1438 1440 1439
f 1440 1637 1638
f 1440 1638 1441
f 1441 1638 1639
f 1441 1639 1640
f 1441 1640 1641
f 1441 1641 1442
f 1442 1642 1444
f 1442 1641 1643
f 1442 1643 1642
f 1443 1445 1644
f 1443 1644 1645
f 1444 1646 1647
f 1444 1647 1445
f 1444 1642 1643
f 1444 1643 1648
f 1444 1648 1649
f 1444 1649 1646
f 1445 1647 1849
f 1445 1849 1644
f 1447 1449 1454
f 1448 1456 1455
f 1448 1455 1454
f 1448 1454 1449
f 1451 1453 1457
f 1452 1456 1479
f 1452 1479 1650
f 1452 1650 1651
f 1452 1651 1652
f 1452 1652 1453
f 1453 1652 1457
f 1457 1652 1458
f 1458 1652 1459
f 1459 1653 1460
f 1459 1652 1651
f 1459 1651 1653
f 1460 1653 1654
f 1460 1654 1655
f 1460 1655 1461
f 1461 1655 1468
f 1462 1465 1474
f 1463 1656 1464
f 1464 1656 1657
f 1464 1657 1658
f 1464 1658 1659
f 1464 1659 1660
f 1464 1660 1466
f 1465 1661 1866
f 1465 1866 1662
f 1465 1662 1663
f 1465 1663 1474
f 1466 1660 1699
f 1466 1699 1661
f 1467 1657 1656
f 1467 1470 1657
f 1468 1655 1664
f 1468 1664 1665
f 1468 1665 1666
f 1468 1666 1469
f 1469 1666 1470
f 1470 1666 1514
f 1470 1514 1513
f 1470 1513 1667
f 1470 1667 1668
f 1470 1668 1669
f 1470 1669 1670
f 1470 1670 1658
f 1470 1658 1657
f 1471 1474 1671
f 1471 1671 1672
f 1471 1672 1673
f 1471 1673 1472
f 1472 1673 1674
f 1472 1674 1475
f 1472 1475 1473
f 1474 1663 1671
f 1477 1514 1675
f 1477 1675 1676
f 1477 1676 1479
f 1477 1479 1478
f 1479 1676 1650
f 1480 1677 1678
f 1480 1678 1481
f 1481 1678 1482
f 1482 1678 1483
f 1483 1678 1875
f 1483 1875 1679
f 1483 1679 1881
f 1483 1881 1680
f 1483 1680 1485
f 1483 1485 1484
f 1485 1680 1681
f 1485 1681 1682
f 1486 1682 1683
f 1487 1684 1488
f 1487 1683 1685
f 1487 1685 1684
f 1488 1684 1686
f 1488 1686 1489
f 1489 1686 1687
f 1489 1687 1496
f 1492 1502 1494
f 1493 1495 1503
f 1494 1502 1509
f 1494 1509 1688
f 1494 1688 1689
f 1494 1689 1495
f 1495 1689 1690
f 1495 1690 1691
f 1495 1691 1692
f 1495 1692 1504
f 1495 1504 1503
f 1496 1693 1497
f 1496 1687 1686
f 1496 1686 1693
f 1497 1693 1694
f 1497 1694 1498
f 1498 1694 1500
f 1498 1500 1499
f 1500 1694 1524
f 1500 1524 1501
f 1504 1692 1691
f 1504 1691 1505
f 1505 1691 1690
f 1505 1690 1507
f 1507 1690 1689
f 1507 1689 1688
f 1507 1688 1509
f 1507 1509 1508
f 1510 1695 1696
f 1510 1696 1511
f 1510 1645 1851
f 1510 1851 1697
f 1510 1697 1695
f 1512 1522 1667
f 1512 1667 1513
f 1514 1666 1665
f 1514 1665 1675
f 1515 1517 1698
f 1515 1698 1523
f 1517 1521 1699
f 1517 1699 1698
f 1518 1696 1700
f 1518 1700 1519
f 1519 1700 1701
f 1519 1701 1520
f 1520 1701 1702
f 1520 1702 1703
f 1520 1703 1704
f 1520 1704 1699
f 1520 1699 1521
f 1522 1705 1669
f 1522 1669 1668
f 1522 1668 1667
f 1522 1523 1705
f 1523 1698 1705
f 1524 1694 1525
f 1525 1694 1706
f 1525 1706 1707
f 1525 1707 1526
f 1526 1708 1527
f 1526 1707 1709
f 1526 1709 1708
f 1527 1710 1711
f 1527 1711 1528
f 1527 1708 1709
f 1527 1709 1712
f 1527 1712 1713
f 1527 1713 1710
f 1528 1711 1714
f 1528 1714 1529
f 1529 1714 1530
f 1530 1714 1715
f 1530 1715 1716
f 1530 1716 1727
f 1530 1727 1535
f 1531 1717 1534
f 1531 1533 1718
f 1531 1718 1719
f 1531 1719 1717
f 1532 1536 1726
f 1532 1726 1720
f 1532 1720 1533
f 1533 1720 1721
f 1533 1721 1722
f 1533 1722 1723
f 1533 1723 1719
f 1533 1719 1718
f 1534 1724 1537
f 1534 1717 1724
f 1535 1725 1726
f 1535 1726 1536
f 1535 1727 1725
f 1537 1724 1728
f 1537 1728 1538
f 1538 1728 1729
f 1538 1729 1541
f 1539 1541 1730
f 1539 1730 1731
f 1539 1731 1732
f 1539 1732 1545
f 1541 1729 1733
f 1541 1733 1734
f 1541 1734 1730
f 1542 1551 1550
f 1542 1550 1735
f 1542 1735 1736
f 1542 1736 1737
f 1542 1737 1543
f 1543 1737 1544
f 1544 1737 1738
f 1544 1738 1552
f 1545 1732 1546
f 1546 1732 1739
f 1546 1739 1740
f 1546 1740 1547
f 1547 1740 1741
f 1547 1741 1548
f 1548 1741 1549
f 1549 1741 1742
f 1549 1742 1550
f 1550 1742 1743
f 1550 1743 1735
f 1552 1738 1744
f 1552 1744 1745
f 1552 1745 1746
f 1552 1746 1553
f 1553 1746 1554
f 1554 1747 1748
f 1554 1748 1555
f 1554 1746 1747
f 1555 1748 1749
f 1555 1749 1750
f 1555 1750 1751
f 1555 1751 1752
f 1555 1752 1556
f 1556 1752 1558
f 1558 1753 1559
f 1558 1752 1754
f 1558 1754 1753
f 1559 1755 1560
f 1559 1753 1756
f 1559 1756 1755
f 1560 1755 1757
f 1560 1757 1561
f 1561 1757 1758
f 1561 1758 1562
f 1562 1758 1563
f 1563 1758 1759
f 1563 1759 1564
f 1564 1759 1760
f 1564 1760 1566
f 1564 1566 1565
f 1566 1760 1761
f 1566 1761 1762
f 1566 1762 1567
f 1567 1762 1568
f 1568 1762 1763
f 1568 1763 1569
f 1569 1763 1764
f 1569 1764 1765
f 1569 1765 1766
f 1569 1766 1570
f 1570 1766 1767
f 1570 1767 1571
f 1571 1768 1769
f 1571 1769 1770
f 1571 1770 1771
f 1571 1771 1572
f 1571 1767 1772
f 1571 1772 1773
f 1571 1773 1774
f 1571 1774 1775
f 1571 1775 1768
f 1572 1771 1770
f 1572 1770 1573
f 1573 1770 1769
f 1573 1769 1776
f 1573 1776 1574
f 1574 1776 1777
f 1574 1777 1575
f 1575 1777 1577
f 1577 1777 1778
f 1577 1778 1581
f 1577 1581 1580
f 1578 1779 1579
f 1578 1582 1780
f 1578 1780 1779
f 1579 1779 1583
f 1581 1778 1781
f 1581 1781 1582
f 1582 1781 1782
f 1582 1782 1783
f 1582 1783 1780
f 1583 1779 1780
f 1583 1780 1784
f 1583 1784 1585
f 1583 1585 1584
f 1585 1784 1795
f 1585 1795 1598
f 1586 1597 1785
f 1586 1785 1588
f 1588 1785 1786
f 1588 1786 1589
f 1589 1786 1787
f 1589 1787 1788
f 1589 1788 1789
f 1589 1789 1590
f 1590 1789 1790
f 1590 1790 1592
f 1590 1592 1591
f 1592 1790 1791
f 1592 1791 1593
f 1593 1791 1595
f 1594 1792 1793
f 1594 1793 1794
f 1594 1794 1599
f 1594 1595 1792
f 1595 1791 1792
f 1596 1598 1597
f 1597 1598 1795
f 1597 1795 1786
f 1597 1786 1785
f 1599 1794 1796
f 1599 1796 1600
f 1600 1796 1794
f 1600 1794 1793
f 1600 1793 1797
f 1600 1797 1798
f 1600 1798 1799
f 1600 1799 1800
f 1600 1800 1801
f 1600 1801 1802
f 1600 1802 1606
f 1601 1604 1605
f 1602 1607 1803
f 1602 1803 1804
f 1602 1804 1603
f 1603 1804 1604
f 1604 1805 1605
f 1604 1804 1806
f 1604 1806 1805
f 1605 1805 1807
f 1605 1807 1608
f 1606 1802 1808
f 1606 1808 1607
f 1607 1809 1810
f 1607 1810 1803
f 1607 1808 1809
f 1608 1807 1811
f 1608 1811 1609
f 1609 1811 1610
f 1610 1811 1812
f 1610 1812 1611
f 1611 1812 1813
f 1611 1813 1613
f 1613 1813 1814
f 1613 1814 1815
f 1613 1815 1614
f 1614 1815 1816
f 1614 1816 1615
f 1615 1816 1616
f 1616 1816 1617
f 1617 1816 1817
f 1617 1817 1618
f 1618 1818 1619
f 1618 1817 1819
f 1618 1819 1820
f 1618 1820 1818
f 1619 1818 1620
f 1620 1821 1621
f 1620 1818 1822
f 1620 1822 1821
f 1621 1821 1622
f 1622 1823 1623
f 1622 1821 1824
f 1622 1824 1825
f 1622 1825 1826
f 1622 1826 1823
f 1623 1823 1827
f 1623 1827 1828
f 1623 1828 1624
f 1624 1828 1631
f 1626 1632 1829
f 1626 1829 1830
f 1626 1830 1627
f 1627 1830 1831
f 1627 1831 1628
f 1628 1831 1629
f 1629 1831 1832
f 1629 1832 1630
f 1630 1832 1833
f 1630 1833 1834
f 1630 1834 1633
f 1631 1835 1632
f 1631 1828 1836
f 1631 1836 1835
f 1632 1837 1829
f 1632 1835 1837
f 1633 1834 1634
f 1634 1834 1838
f 1634 1838 1839
f 1634 1839 1636
f 1636 1840 1841
f 1636 1841 1637
f 1636 1839 1842
f 1636 1842 1840
f 1637 1841 1843
f 1637 1843 1638
f 1638 1843 1639
f 1639 1843 1844
f 1639 1844 1845
f 1639 1845 1846
f 1639 1846 1640
f 1640 1846 1847
f 1640 1847 1641
f 1641 1847 1643
f 1643 1847 1848
f 1643 1848 1648
f 1644 1849 1645
f 1645 1849 1850
f 1645 1850 1851
f 1646 1852 1647
f 1646 1649 1853
f 1646 1853 1852
f 1647 1852 1849
f 1648 1848 1649
f 1649 1848 1854
f 1649 1854 1855
f 1649 1855 1856
f 1649 1856 1853
f 1650 1676 1675
f 1650 1675 1857
f 1650 1857 1858
f 1650 1858 1859
f 1650 1859 1651
f 1651 1859 1860
f 1651 1860 1861
f 1651 1861 1653
f 1653 1861 1654
f 1654 1861 1664
f 1654 1664 1655
f 1658 1862 1863
f 1658 1863 1864
f 1658 1864 1659
f 1658 1670 1862
f 1659 1865 1660
f 1659 1864 1865
f 1660 1865 1698
f 1660 1698 1699
f 1661 1699 1866
f 1662 1866 1867
f 1662 1867 1868
f 1662 1868 1671
f 1662 1671 1663
f 1664 1860 1859
f 1664 1859 1858
f 1664 1858 1665
f 1664 1861 1860
f 1665 1858 1857
f 1665 1857 1675
f 1669 1705 1670
f 1670 1705 1864
f 1670 1864 1862
f 1671 1869 2067
f 1671 2067 1870
f 1671 1870 1672
f 1671 1868 2062
f 1671 2062 1869
f 1672 1870 1871
f 1672 1871 1872
f 1672 1872 1673
f 1673 1872 1674
f 1677 1873 1678
f 1678 1874 1875
f 1678 1873 1874
f 1679 1875 1876
f 1679 1876 1877
f 1679 1877 1878
f 1679 1878 1879
f 1679 1879 1880
f 1679 1880 1881
f 1680 1881 1681
f 1681 1882 1883
f 1681 1883 1884
f 1681 1884 1682
f 1681 1881 1885
f 1681 1885 1886
f 1681 1886 1887
f 1681 1887 1727
f 1681 1727 1716
f 1681 1716 1714
f 1681 1714 1882
f 1682 1884 1683
f 1683 1884 1713
f 1683 1713 1712
f 1683 1712 1709
f 1683 1709 1685
f 1684 1685 1686
f 1685 1888 1686
f 1685 1709 1707
f 1685 1707 1706
f 1685 1706 1693
f 1685 1693 1888
f 1686 1888 1693
f 1693 1706 1694
f 1695 1697 1696
f 1696 1697 1867
f 1696 1867 1701
f 1696 1701 1700
f 1697 1851 2061
f 1697 2061 1867
f 1698 1865 1864
f 1698 1864 1889
f 1698 1889 1705
f 1699 1704 1866
f 1701 1867 1703
f 1701 1703 1702
f 1703 1867 1704
f 1704 1867 1866
f 1705 1889 1864
f 1710 1714 1711
f 1710 1713 1882
f 1710 1882 1714
f 1713 1884 1883
f 1713 1883 1890
f 1713 1890 1882
f 1714 1716 1715
f 1717 1891 1724
f 1717 1719 1892
f 1717 1892 1891
f 1719 1723 1893
f 1719 1893 1892
f 1720 1726 1721
f 1721 1726 1894
f 1721 1894 1722
f 1722 1894 1895
f 1722 1895 1896
f 1722 1896 1897
f 1722 1897 1893
f 1722 1893 1723
f 1724 1898 1899
f 1724 1899 1728
f 1724 1891 1892
f 1724 1892 1900
f 1724 1900 1898
f 1725 1727 1726
f 1726 1727 1901
f 1726 1901 1894
f 1727 1887 1901
f 1728 1899 1902
f 1728 1902 1729
f 1729 1902 1899
f 1729 1899 1898
f 1729 1898 1903
f 1729 1903 1904
f 1729 1904 1905
f 1729 1905 1906
f 1729 1906 1907
f 1729 1907 1908
f 1729 1908 1733
f 1730 1909 1910
f 1730 1910 1731
f 1730 1734 1909
f 1731 1910 1732
f 1732 1910 1911
f 1732 1911 1739
f 1733 1908 1912
f 1733 1912 1734
f 1734 1913 1914
f 1734 1914 1909
f 1734 1912 1913
f 1735 1743 1915
f 1735 1915 1916
f 1735 1916 1736
f 1736 1917 1737
f 1736 1916 1918
f 1736 1918 1917
f 1737 1917 1738
f 1738 1917 1919
f 1738 1919 1920
f 1738 1920 1921
f 1738 1921 1744
f 1739 1911 1922
f 1739 1922 1923
f 1739 1923 1740
f 1740 1923 1924
f 1740 1924 1925
f 1740 1925 1926
f 1740 1926 1741
f 1741 1926 1742
f 1742 1915 1743
f 1742 1926 1927
f 1742 1927 1928
f 1742 1928 1929
f 1742 1929 1915
f 1744 1930 1745
f 1744 1921 1931
f 1744 1931 1932
f 1744 1932 1933
f 1744 1933 1930
f 1745 1930 1746
f 1746 1934 1747
f 1746 1930 1935
f 1746 1935 1934
f 1747 1934 1748
f 1748 1934 1936
f 1748 1936 1937
f 1748 1937 1938
f 1748 1938 1749
f 1749 1754 1750
f 1749 1938 1754
f 1750 1754 1751
f 1751 1754 1752
f 1753 1939 1756
f 1753 1754 1940
f 1753 1940 1939
f 1754 1938 1941
f 1754 1941 1942
f 1754 1942 1943
f 1754 1943 1940
f 1755 1756 1757
f 1756 1939 1944
f 1756 1944 1757
f 1757 1945 1946
f 1757 1946 1758
f 1757 1944 1947
f 1757 1947 1945
f 1758 1946 1759
f 1759 1946 1948
f 1759 1948 1949
f 1759 1949 1950
f 1759 1950 1760
f 1760 1950 1951
f 1760 1951 1761
f 1761 1951 1952
f 1761 1952 1953
f 1761 1953 1954
f 1761 1954 1955
f 1761 1955 1762
f 1762 1956 1764
f 1762 1764 1763
f 1762 1955 1956
f 1764 1956 1765
f 1765 1956 1957
f 1765 1957 1958
f 1765 1958 1959
f 1765 1959 1960
f 1765 1960 1961
f 1765 1961 1766
f 1766 1961 1962
f 1766 1962 1772
f 1766 1772 1767
f 1768 1776 1769
f 1768 1775 1963
f 1768 1963 1964
f 1768 1964 1776
f 1772 1962 1965
f 1772 1965 1966
f 1772 1966 1967
f 1772 1967 1968
f 1772 1968 1969
f 1772 1969 1970
f 1772 1970 1773
f 1773 1970 1774
f 1774 1970 1971
f 1774 1971 1775
f 1775 1971 1972
f 1775 1972 1964
f 1775 1964 1963
f 1776 1964 1973
f 1776 1973 1777
f 1777 1973 1964
f 1777 1964 1974
f 1777 1974 1975
f 1777 1975 1778
f 1778 1975 2160
f 1778 2160 1976
f 1778 1976 1977
f 1778 1977 1781
f 1780 1783 1782
f 1780 1782 1784
f 1781 1977 1784
f 1781 1784 1782
f 1784 1977 1978
f 1784 1978 1979
f 1784 1979 1986
f 1784 1986 1795
f 1786 1795 1788
f 1786 1788 1787
f 1788 1795 1789
f 1789 1795 1980
f 1789 1980 1790
f 1790 1980 1981
f 1790 1981 2164
f 1790 2164 1982
f 1790 1982 1791
f 1791 1982 1983
f 1791 1983 1984
f 1791 1984 1985
f 1791 1985 1792
f 1792 1797 1793
f 1792 1985 1984
f 1792 1984 1797
f 1795 1986 1987
f 1795 1987 1980
f 1797 1984 1988
f 1797 1988 1798
f 1798 1988 1989
f 1798 1989 1984
f 1798 1984 1990
f 1798 1990 1991
f 1798 1991 1799
f 1799 1991 1992
f 1799 1992 1800
f 1800 1992 1993
f 1800 1993 1801
f 1801 1993 2169
f 1801 2169 1994
f 1801 1994 1995
f 1801 1995 1996
f 1801 1996 1997
f 1801 1997 1808
f 1801 1808 1802
f 1803 1810 1804
f 1804 1810 1998
f 1804 1998 1999
f 1804 1999 1806
f 1805 1806 2000
f 1805 2000 2001
f 1805 2001 1807
f 1806 1999 2002
f 1806 2002 2003
f 1806 2003 2004
f 1806 2004 2000
f 1807 2001 2005
f 1807 2005 2006
f 1807 2006 2007
f 1807 2007 1811
f 1808 1997 2008
f 1808 2008 1809
f 1809 2009 1998
f 1809 1998 1810
f 1809 2008 2010
f 1809 2010 2011
f 1809 2011 2009
f 1811 2007 1812
f 1812 1814 1813
f 1812 2007 2012
f 1812 2012 2013
f 1812 2013 2014
f 1812 2014 1814
f 1814 2015 1815
f 1814 2014 2015
f 1815 2015 2016
f 1815 2016 1816
f 1816 2016 2017
f 1816 2017 2018
f 1816 2018 2019
f 1816 2019 1817
f 1817 2019 2020
f 1817 2020 2021
f 1817 2021 2022
f 1817 2022 2023
f 1817 2023 1819
f 1818 1820 1822
f 1819 2023 1820
f 1820 2023 1822
f 1821 1822 1824
f 1822 2023 2022
f 1822 2022 2024
f 1822 2024 2025
f 1822 2025 2026
f 1822 2026 1824
f 1823 1836 1827
f 1823 1826 1836
f 1824 2026 1825
f 1825 2026 1826
f 1826 2026 2025
f 1826 2025 2027
f 1826 2027 2028
f 1826 2028 2029
f 1826 2029 1836
f 1827 1836 1828
f 1829 1837 1830
f 1830 2030 2031
f 1830 2031 1831
f 1830 1837 2032
f 1830 2032 2033
f 1830 2033 2030
f 1831 2031 1832
f 1832 2031 2034
f 1832 2034 2035
f 1832 2035 2036
f 1832 2036 1833
f 1833 2036 2037
f 1833 2037 2038
f 1833 2038 1834
f 1834 2039 1838
f 1834 2038 2039
f 1835 2040 1837
f 1835 1836 2041
f 1835 2041 2040
f 1836 2029 2042
f 1836 2042 2043
f 1836 2043 2041
f 1837 2040 2032
f 1838 2039 1839
f 1839 2039 2044
f 1839 2044 1842
f 1840 1842 2045
f 1840 2045 2046
f 1840 2046 1841
f 1841 2047 1845
f 1841 1845 1844
f 1841 1844 2048
f 1841 2048 1843
f 1841 2046 2049
f 1841 2049 2050
f 1841 2050 2051
f 1841 2051 2052
f 1841 2052 2047
f 1842 2044 2053
f 1842 2053 2054
f 1842 2054 2045
f 1843 2048 1844
f 1845 2047 1846
f 1846 2047 2055
f 1846 2055 2056
f 1846 2056 1847
f 1847 2056 2055
f 1847 2055 2057
f 1847 2057 2058
f 1847 2058 1848
f 1848 2058 2242
f 1848 2242 2059
f 1848 2059 2060
f 1848 2060 1854
f 1849 1852 1853
f 1849 1853 2061
f 1849 2061 1851
f 1849 1851 1850
f 1853 1856 1855
f 1853 1855 2061
f 1854 2060 2061
f 1854 2061 1855
f 1862 1864 1863
f 1867 2061 2062
f 1867 2062 1868
f 1869 2063 2064
f 1869 2064 2065
f 1869 2065 2066
f 1869 2066 2067
f 1869 2062 2068
f 1869 2068 2063
f 1870 2067 2069
f 1870 2069 1871
f 1871 2069 2250
f 1871 2250 2070
f 1871 2070 2071
f 1871 2071 1872
f 1873 2072 1874
f 1874 2073 1875
f 1874 2072 2074
f 1874 2074 2073
f 1875 2073 1876
f 1876 2073 1877
f 1877 2075 1878
f 1877 2073 2076
f 1877 2076 2075
f 1878 2075 2077
f 1878 2077 2078
f 1878 2078 1879
f 1879 2078 1880
f 1880 2078 2084
f 1880 2084 2079
f 1880 2079 1885
f 1880 1885 1881
f 1882 1890 1883
f 1885 2079 1886
f 1886 2079 1887
f 1887 2079 1897
f 1887 1897 1896
f 1887 1896 1901
f 1892 1893 2080
f 1892 2080 2081
f 1892 2081 2082
f 1892 2082 2083
f 1892 2083 1900
f 1893 1897 2079
f 1893 2079 2084
f 1893 2084 2260
f 1893 2260 2080
f 1894 1901 1896
f 1894 1896 1895
f 1898 1900 1903
f 1900 2083 2085
f 1900 2085 1903
f 1903 2085 1904
f 1904 2085 2082
f 1904 2082 2086
f 1904 2086 2087
f 1904 2087 1905
f 1905 2087 2088
f 1905 2088 1906
f 1906 2088 2089
f 1906 2089 1907
f 1907 2089 2090
f 1907 2090 2091
f 1907 2091 2092
f 1907 2092 2093
f 1907 2093 2094
f 1907 2094 1912
f 1907 1912 1908
f 1909 1914 1910
f 1910 1914 2095
f 1910 2095 2096
f 1910 2096 1911
f 1911 2096 2097
f 1911 2097 2098
f 1911 2098 2099
f 1911 2099 1922
f 1912 2094 2100
f 1912 2100 1913
f 1913 2101 2095
f 1913 2095 1914
f 1913 2100 2102
f 1913 2102 2103
f 1913 2103 2101
f 1915 1929 2104
f 1915 2104 1916
f 1916 2104 2105
f 1916 2105 1918
f 1917 1918 1919
f 1918 1921 1920
f 1918 1920 1919
f 1918 2105 2106
f 1918 2106 2107
f 1918 2107 2108
f 1918 2108 1931
f 1918 1931 1921
f 1922 2109 1924
f 1922 1924 1923
f 1922 2099 2110
f 1922 2110 2111
f 1922 2111 2112
f 1922 2112 2109
f 1924 2109 1925
f 1925 2109 2113
f 1925 2113 2114
f 1925 2114 1926
f 1926 2114 2113
f 1926 2113 2115
f 1926 2115 2116
f 1926 2116 1928
f 1926 1928 1927
f 1928 2116 2117
f 1928 2117 2118
f 1928 2118 2119
f 1928 2119 2120
f 1928 2120 2104
f 1928 2104 2121
f 1928 2121 1929
f 1929 2121 2104
f 1930 1933 1935
f 1931 2108 2122
f 1931 2122 2123
f 1931 2123 2124
f 1931 2124 2125
f 1931 2125 1932
f 1932 2125 1933
f 1933 2125 1935
f 1934 1935 1936
f 1935 2125 2124
f 1935 2124 2126
f 1935 2126 2127
f 1935 2127 2128
f 1935 2128 1936
f 1936 2128 1937
f 1937 2128 1938
f 1938 2128 2127
f 1938 2127 2129
f 1938 2129 2130
f 1938 2130 1941
f 1939 1940 2131
f 1939 2131 2132
f 1939 2132 1947
f 1939 1947 2133
f 1939 2133 1944
f 1940 1943 2131
f 1941 2130 2134
f 1941 2134 1942
f 1942 2134 2135
f 1942 2135 1943
f 1943 2135 2136
f 1943 2136 2137
f 1943 2137 2138
f 1943 2138 2131
f 1944 2133 1947
f 1945 1947 1946
f 1946 2139 2140
f 1946 2140 1948
f 1946 1947 2141
f 1946 2141 2142
f 1946 2142 2139
f 1947 2138 2143
f 1947 2143 2144
f 1947 2144 2141
f 1947 2132 2138
f 1948 2140 2139
f 1948 2139 2145
f 1948 2145 1949
f 1949 1951 1950
f 1949 2145 1951
f 1951 2145 2146
f 1951 2146 2147
f 1951 2147 2148
f 1951 2148 1952
f 1952 2148 2309
f 1952 2309 2149
f 1952 2149 2150
f 1952 2150 1953
f 1953 2150 2151
f 1953 2151 1954
f 1954 2151 2152
f 1954 2152 2153
f 1954 2153 1955
f 1955 1957 1956
f 1955 2153 1959
f 1955 1959 1957
f 1957 1959 1958
f 1959 2153 2154
f 1959 2154 1960
f 1960 2154 1961
f 1961 2154 1962
f 1962 2154 2155
f 1962 2155 1965
f 1964 1972 1974
f 1965 2155 2156
f 1965 2156 1966
f 1966 2156 2157
f 1966 2157 2158
f 1966 2158 1967
f 1967 2158 1968
f 1968 2159 1969
f 1968 2158 2159
f 1969 1971 1970
f 1969 2159 1971
f 1971 2159 2320
f 1971 2320 2160
f 1971 2160 1975
f 1971 1975 1972
f 1972 1975 1974
f 1976 2160 2320
f 1976 2320 2161
f 1976 2161 1978
f 1976 1978 1977
f 1978 2161 2162
f 1978 2162 2163
f 1978 2163 1979
f 1979 2163 2166
f 1979 2166 1986
f 1980 1987 2165
f 1980 2165 1981
f 1981 2165 2326
f 1981 2326 2164
f 1982 2164 1991
f 1982 1991 1990
f 1982 1990 1983
f 1983 1990 1984
f 1984 1989 1988
f 1986 2166 1987
f 1987 2166 2167
f 1987 2167 2165
f 1991 2164 2326
f 1991 2326 2168
f 1991 2168 1993
f 1991 1993 1992
f 1993 2168 2169
f 1994 2169 2170
f 1994 2170 1995
f 1995 2171 2173
f 1995 2173 1996
f 1995 2170 2172
f 1995 2172 2171
f 1996 2173 1997
f 1997 2173 2174
f 1997 2174 2008
f 1998 2009 1999
f 1999 2009 2011
f 1999 2011 2175
f 1999 2175 2176
f 1999 2176 2002
f 2000 2177 2005
f 2000 2005 2001
f 2000 2004 2178
f 2000 2178 2179
f 2000 2179 2180
f 2000 2180 2177
f 2002 2176 2181
f 2002 2181 2182
f 2002 2182 2003
f 2003 2182 2183
f 2003 2183 2004
f 2004 2183 2184
f 2004 2184 2337
f 2004 2337 2178
f 2005 2177 2006
f 2006 2177 2185
f 2006 2185 2007
f 2007 2185 2186
f 2007 2186 2187
f 2007 2187 2013
f 2007 2013 2012
f 2008 2174 2010
f 2010 2175 2011
f 2010 2174 2175
f 2013 2187 2188
f 2013 2188 2189
f 2013 2189 2190
f 2013 2190 2191
f 2013 2191 2015
f 2013 2015 2192
f 2013 2192 2014
f 2014 2192 2015
f 2015 2191 2193
f 2015 2193 2016
f 2016 2193 2017
f 2017 2190 2194
f 2017 2194 2195
f 2017 2195 2196
f 2017 2196 2018
f 2017 2193 2190
f 2018 2196 2197
f 2018 2197 2019
f 2019 2197 2020
f 2020 2197 2198
f 2020 2198 2199
f 2020 2199 2200
f 2020 2200 2021
f 2021 2200 2022
f 2022 2200 2199
f 2022 2199 2201
f 2022 2201 2024
f 2024 2201 2025
f 2025 2201 2202
f 2025 2202 2203
f 2025 2203 2027
f 2027 2203 2028
f 2028 2203 2202
f 2028 2202 2204
f 2028 2204 2205
f 2028 2205 2029
f 2029 2205 2042
f 2030 2033 2031
f 2031 2206 2207
f 2031 2207 2034
f 2031 2033 2208
f 2031 2208 2209
f 2031 2209 2206
f 2032 2040 2210
f 2032 2210 2033
f 2033 2211 2212
f 2033 2212 2213
f 2033 2213 2208
f 2033 2210 2040
f 2033 2040 2214
f 2033 2214 2211
f 2034 2207 2206
f 2034 2206 2215
f 2034 2215 2035
f 2035 2037 2036
f 2035 2215 2037
f 2037 2215 2216
f 2037 2216 2217
f 2037 2217 2218
f 2037 2218 2219
f 2037 2219 2038
f 2038 2219 2220
f 2038 2220 2221
f 2038 2221 2222
f 2038 2222 2039
f 2039 2223 2053
f 2039 2053 2044
f 2039 2222 2223
f 2040 2041 2224
f 2040 2224 2214
f 2041 2043 2224
f 2042 2205 2225
f 2042 2225 2043
f 2043 2225 2226
f 2043 2226 2227
f 2043 2227 2211
f 2043 2211 2224
f 2045 2228 2229
f 2045 2229 2049
f 2045 2049 2046
f 2045 2054 2228
f 2047 2052 2230
f 2047 2230 2055
f 2049 2229 2231
f 2049 2231 2232
f 2049 2232 2233
f 2049 2233 2234
f 2049 2234 2235
f 2049 2235 2236
f 2049 2236 2050
f 2050 2236 2051
f 2051 2236 2237
f 2051 2237 2052
f 2052 2237 2238
f 2052 2238 2055
f 2052 2055 2230
f 2053 2223 2054
f 2054 2223 2239
f 2054 2239 2240
f 2054 2240 2241
f 2054 2241 2228
f 2055 2238 2057
f 2057 2238 2058
f 2058 2238 2237
f 2058 2237 2242
f 2059 2242 2394
f 2059 2394 2243
f 2059 2243 2068
f 2059 2068 2060
f 2060 2068 2061
f 2061 2068 2062
f 2063 2068 2243
f 2063 2243 2064
f 2064 2244 2065
f 2064 2243 2245
f 2064 2245 2244
f 2065 2244 2246
f 2065 2246 2247
f 2065 2247 2066
f 2066 2069 2067
f 2066 2247 2248
f 2066 2248 2069
f 2069 2248 2249
f 2069 2249 2250
f 2073 2074 2251
f 2073 2251 2252
f 2073 2252 2076
f 2075 2076 2253
f 2075 2253 2254
f 2075 2254 2255
f 2075 2255 2256
f 2075 2256 2257
f 2075 2257 2077
f 2076 2252 2253
f 2077 2258 2259
f 2077 2259 2078
f 2077 2257 2258
f 2078 2259 2260
f 2078 2260 2084
f 2080 2260 2087
f 2080 2087 2086
f 2080 2086 2081
f 2081 2086 2082
f 2082 2085 2083
f 2087 2260 2259
f 2087 2259 2261
f 2087 2261 2089
f 2087 2089 2088
f 2089 2261 2090
f 2090 2261 2262
f 2090 2262 2091
f 2091 2262 2092
f 2092 2262 2263
f 2092 2263 2264
f 2092 2264 2093
f 2093 2264 2265
f 2093 2265 2094
f 2094 2265 2266
f 2094 2266 2100
f 2095 2101 2096
f 2096 2101 2103
f 2096 2103 2267
f 2096 2267 2268
f 2096 2268 2097
f 2097 2268 2269
f 2097 2269 2270
f 2097 2270 2098
f 2098 2270 2271
f 2098 2271 2099
f 2099 2271 2272
f 2099 2272 2279
f 2099 2279 2110
f 2100 2266 2102
f 2102 2267 2103
f 2102 2266 2267
f 2104 2120 2273
f 2104 2273 2105
f 2105 2273 2106
f 2106 2119 2274
f 2106 2274 2275
f 2106 2275 2276
f 2106 2276 2107
f 2106 2273 2119
f 2107 2276 2277
f 2107 2277 2108
f 2108 2277 2122
f 2109 2112 2278
f 2109 2278 2113
f 2110 2279 2280
f 2110 2280 2281
f 2110 2281 2111
f 2111 2278 2112
f 2111 2281 2115
f 2111 2115 2278
f 2113 2278 2115
f 2115 2281 2282
f 2115 2282 2283
f 2115 2283 2117
f 2115 2117 2116
f 2117 2283 2284
f 2117 2284 2285
f 2117 2285 2118
f 2118 2285 2286
f 2118 2286 2287
f 2118 2287 2288
f 2118 2288 2119
f 2119 2288 2274
f 2119 2273 2120
f 2122 2277 2289
f 2122 2289 2290
f 2122 2290 2291
f 2122 2291 2123
f 2123 2291 2124
f 2124 2291 2290
f 2124 2290 2292
f 2124 2292 2126
f 2126 2292 2127
f 2127 2292 2293
f 2127 2293 2294
f 2127 2294 2129
f 2129 2294 2130
f 2130 2294 2293
f 2130 2293 2295
f 2130 2295 2134
f 2131 2138 2132
f 2134 2295 2296
f 2134 2296 2297
f 2134 2297 2135
f 2135 2297 2298
f 2135 2298 2136
f 2136 2298 2137
f 2137 2298 2299
f 2137 2299 2138
f 2138 2299 2143
f 2139 2142 2300
f 2139 2300 2145
f 2141 2144 2142
f 2142 2144 2307
f 2142 2307 2301
f 2142 2301 2302
f 2142 2302 2303
f 2142 2303 2147
f 2142 2147 2300
f 2143 2299 2298
f 2143 2298 2304
f 2143 2304 2305
f 2143 2305 2144
f 2144 2305 2306
f 2144 2306 2307
f 2145 2300 2146
f 2146 2300 2147
f 2147 2303 2148
f 2148 2303 2308
f 2148 2308 2309
f 2149 2309 2155
f 2149 2155 2150
f 2150 2155 2151
f 2151 2155 2152
f 2152 2155 2153
f 2153 2155 2154
f 2155 2309 2156
f 2156 2309 2310
f 2156 2310 2157
f 2157 2311 2312
f 2157 2312 2313
f 2157 2313 2314
f 2157 2314 2315
f 2157 2315 2316
f 2157 2316 2158
f 2157 2310 2308
f 2157 2308 2311
f 2158 2316 2317
f 2158 2317 2318
f 2158 2318 2319
f 2158 2319 2320
f 2158 2320 2159
f 2161 2320 2321
f 2161 2321 2322
f 2161 2322 2162
f 2162 2322 2163
f 2163 2322 2323
f 2163 2323 2324
f 2163 2324 2325
f 2163 2325 2329
f 2163 2329 2166
f 2165 2167 2327
f 2165 2327 2328
f 2165 2328 2326
f 2166 2329 2330
f 2166 2330 2331
f 2166 2331 2327
f 2166 2327 2167
f 2168 2326 2170
f 2168 2170 2169
f 2170 2332 2333
f 2170 2333 2334
f 2170 2334 2335
f 2170 2335 2172
f 2170 2326 2332
f 2171 2336 2337
f 2171 2337 2173
f 2171 2172 2336
f 2172 2335 2338
f 2172 2338 2339
f 2172 2339 2340
f 2172 2340 2341
f 2172 2341 2342
f 2172 2342 2343
f 2172 2343 2336
f 2173 2337 2184
f 2173 2184 2183
f 2173 2183 2182
f 2173 2182 2181
f 2173 2181 2176
f 2173 2176 2174
f 2174 2176 2175
f 2177 2180 2344
f 2177 2344 2345
f 2177 2345 2185
f 2178 2337 2343
f 2178 2343 2346
f 2178 2346 2179
f 2179 2346 2186
f 2179 2186 2344
f 2179 2344 2180
f 2185 2345 2186
f 2186 2345 2344
f 2186 2346 2347
f 2186 2347 2348
f 2186 2348 2349
f 2186 2349 2188
f 2186 2188 2187
f 2188 2349 2350
f 2188 2350 2351
f 2188 2351 2189
f 2189 2351 2352
f 2189 2352 2353
f 2189 2353 2354
f 2189 2354 2190
f 2190 2354 2194
f 2190 2193 2191
f 2194 2354 2353
f 2194 2353 2195
f 2195 2353 2196
f 2196 2353 2355
f 2196 2355 2197
f 2197 2355 2356
f 2197 2356 2198
f 2198 2356 2357
f 2198 2357 2358
f 2198 2358 2359
f 2198 2359 2360
f 2198 2360 2199
f 2199 2360 2361
f 2199 2361 2362
f 2199 2362 2201
f 2201 2362 2202
f 2202 2362 2363
f 2202 2363 2364
f 2202 2364 2204
f 2204 2364 2365
f 2204 2365 2366
f 2204 2366 2367
f 2204 2367 2368
f 2204 2368 2205
f 2205 2368 2369
f 2205 2369 2225
f 2206 2209 2370
f 2206 2370 2215
f 2208 2213 2209
f 2209 2213 2379
f 2209 2379 2371
f 2209 2371 2372
f 2209 2372 2373
f 2209 2373 2217
f 2209 2217 2370
f 2211 2227 2374
f 2211 2374 2212
f 2211 2214 2224
f 2212 2374 2375
f 2212 2375 2376
f 2212 2376 2377
f 2212 2377 2213
f 2213 2377 2378
f 2213 2378 2379
f 2215 2370 2216
f 2216 2370 2217
f 2217 2373 2218
f 2218 2373 2380
f 2218 2380 2381
f 2218 2381 2382
f 2218 2382 2219
f 2219 2382 2383
f 2219 2383 2220
f 2220 2383 2384
f 2220 2384 2221
f 2221 2384 2385
f 2221 2385 2386
f 2221 2386 2222
f 2222 2239 2223
f 2222 2386 2387
f 2222 2387 2240
f 2222 2240 2239
f 2225 2369 2375
f 2225 2375 2226
f 2226 2375 2227
f 2227 2375 2374
f 2228 2241 2388
f 2228 2388 2229
f 2229 2388 2389
f 2229 2389 2231
f 2231 2389 2390
f 2231 2390 2232
f 2232 2390 2391
f 2232 2391 2392
f 2232 2392 2233
f 2233 2392 2234
f 2234 2393 2235
f 2234 2392 2393
f 2235 2393 2237
f 2235 2237 2236
f 2237 2393 2394
f 2237 2394 2242
f 2240 2387 2241
f 2241 2387 2388
f 2243 2394 2245
f 2244 2395 2396
f 2244 2396 2397
f 2244 2397 2398
f 2244 2398 2246
f 2244 2245 2395
f 2245 2394 2399
f 2245 2399 2395
f 2246 2398 2400
f 2246 2400 2401
f 2246 2401 2248
f 2246 2248 2247
f 2252 2402 2255
f 2252 2255 2254
f 2252 2254 2253
f 2255 2402 2403
f 2255 2403 2256
f 2256 2404 2405
f 2256 2405 2406
f 2256 2406 2407
f 2256 2407 2408
f 2256 2408 2409
f 2256 2409 2257
f 2256 2403 2404
f 2257 2409 2408
f 2257 2408 2258
f 2258 2262 2259
f 2258 2408 2262
f 2259 2262 2261
f 2262 2408 2410
f 2262 2410 2411
f 2262 2411 2263
f 2263 2411 2407
f 2263 2407 2412
f 2263 2412 2413
f 2263 2413 2414
f 2263 2414 2415
f 2263 2415 2280
f 2263 2280 2416
f 2263 2416 2264
f 2264 2416 2279
f 2264 2279 2265
f 2265 2279 2272
f 2265 2272 2271
f 2265 2271 2270
f 2265 2270 2269
f 2265 2269 2268
f 2265 2268 2266
f 2266 2268 2267
f 2274 2288 2287
f 2274 2287 2275
f 2275 2287 2276
f 2276 2287 2417
f 2276 2417 2277
f 2277 2417 2418
f 2277 2418 2289
f 2279 2416 2280
f 2280 2415 2282
f 2280 2282 2281
f 2282 2415 2283
f 2283 2415 2419
f 2283 2419 2284
f 2284 2419 2420
f 2284 2420 2287
f 2284 2287 2285
f 2285 2287 2286
f 2287 2420 2417
f 2289 2418 2419
f 2289 2419 2421
f 2289 2421 2422
f 2289 2422 2423
f 2289 2423 2290
f 2290 2423 2424
f 2290 2424 2425
f 2290 2425 2292
f 2292 2425 2293
f 2293 2425 2426
f 2293 2426 2427
f 2293 2427 2295
f 2295 2427 2428
f 2295 2428 2429
f 2295 2429 2430
f 2295 2430 2296
f 2296 2430 2297
f 2297 2430 2431
f 2297 2431 2298
f 2298 2431 2306
f 2298 2306 2305
f 2298 2305 2304
f 2301 2307 2311
f 2301 2311 2302
f 2302 2308 2303
f 2302 2311 2308
f 2306 2431 2430
f 2306 2430 2307
f 2307 2430 2311
f 2308 2310 2309
f 2311 2430 2432
f 2311 2432 2433
f 2311 2433 2312
f 2312 2433 2434
f 2312 2434 2435
f 2312 2435 2313
f 2313 2435 2314
f 2314 2435 2315
f 2315 2435 2436
f 2315 2436 2437
f 2315 2437 2318
f 2315 2318 2317
f 2315 2317 2316
f 2318 2437 2438
f 2318 2438 2439
f 2318 2439 2319
f 2319 2321 2320
f 2319 2439 2321
f 2321 2439 2440
f 2321 2440 2322
f 2322 2440 2323
f 2323 2440 2441
f 2323 2441 2324
f 2324 2441 2442
f 2324 2442 2325
f 2325 2443 2329
f 2325 2442 2444
f 2325 2444 2445
f 2325 2445 2443
f 2326 2328 2332
f 2327 2331 2446
f 2327 2446 2328
f 2328 2446 2447
f 2328 2447 2332
f 2329 2443 2448
f 2329 2448 2330
f 2330 2448 2331
f 2331 2448 2449
f 2331 2449 2446
f 2332 2447 2333
f 2333 2447 2450
f 2333 2450 2451
f 2333 2451 2338
f 2333 2338 2334
f 2334 2338 2335
f 2336 2343 2337
f 2338 2451 2452
f 2338 2452 2453
f 2338 2453 2339
f 2339 2453 2340
f 2340 2453 2341
f 2341 2453 2454
f 2341 2454 2455
f 2341 2455 2342
f 2342 2357 2349
f 2342 2349 2348
f 2342 2348 2347
f 2342 2347 2343
f 2342 2455 2456
f 2342 2456 2357
f 2343 2347 2346
f 2349 2357 2350
f 2350 2357 2457
f 2350 2457 2353
f 2350 2353 2351
f 2351 2353 2352
f 2353 2457 2355
f 2355 2457 2357
f 2355 2357 2356
f 2357 2456 2458
f 2357 2458 2459
f 2357 2459 2358
f 2358 2459 2460
f 2358 2460 2461
f 2358 2461 2359
f 2359 2462 2362
f 2359 2362 2361
f 2359 2361 2360
f 2359 2461 2462
f 2362 2462 2365
f 2362 2365 2363
f 2363 2365 2364
f 2365 2462 2463
f 2365 2463 2366
f 2366 2463 2464
f 2366 2464 2465
f 2366 2465 2367
f 2367 2465 2466
f 2367 2466 2467
f 2367 2467 2468
f 2367 2468 2379
f 2367 2379 2378
f 2367 2378 2469
f 2367 2469 2369
f 2367 2369 2368
f 2369 2469 2375
f 2371 2379 2468
f 2371 2468 2372
f 2372 2380 2373
f 2372 2468 2380
f 2375 2469 2378
f 2375 2378 2377
f 2375 2377 2376
f 2380 2468 2391
f 2380 2391 2470
f 2380 2470 2381
f 2381 2470 2390
f 2381 2390 2389
f 2381 2389 2382
f 2382 2389 2383
f 2383 2389 2384
f 2384 2389 2385
f 2385 2389 2386
f 2386 2389 2388
f 2386 2388 2387
f 2390 2470 2391
f 2391 2468 2471
f 2391 2471 2472
f 2391 2472 2473
f 2391 2473 2474
f 2391 2474 2475
f 2391 2475 2392
f 2392 2475 2476
f 2392 2476 2477
f 2392 2477 2399
f 2392 2399 2394
f 2392 2394 2393
f 2395 2478 2396
f 2395 2399 2478
f 2396 2478 2477
f 2396 2477 2474
f 2396 2474 2479
f 2396 2479 2480
f 2396 2480 2481
f 2396 2481 2482
f 2396 2482 2397
f 2397 2482 2400
f 2397 2400 2398
f 2399 2477 2478
f 2403 2483 2405
f 2403 2405 2404
f 2405 2483 2406
f 2406 2484 2407
f 2406 2483 2484
f 2407 2484 2412
f 2407 2411 2410
f 2407 2410 2408
f 2412 2484 2413
f 2413 2484 2414
f 2414 2484 2485
f 2414 2485 2486
f 2414 2486 2415
f 2415 2486 2487
f 2415 2487 2419
f 2417 2420 2419
f 2417 2419 2418
f 2419 2487 2488
f 2419 2488 2489
f 2419 2489 2421
f 2421 2489 2490
f 2421 2490 2491
f 2421 2491 2422
f 2422 2492 2425
f 2422 2425 2424
f 2422 2424 2423
f 2422 2491 2492
f 2425 2492 2428
f 2425 2428 2426
f 2426 2428 2427
f 2428 2492 2493
f 2428 2493 2429
f 2429 2493 2494
f 2429 2494 2495
f 2429 2495 2430
f 2430 2495 2496
f 2430 2496 2432
f 2432 2496 2497
f 2432 2497 2433
f 2433 2497 2434
f 2434 2497 2435
f 2435 2497 2498
f 2435 2498 2499
f 2435 2499 2500
f 2435 2500 2501
f 2435 2501 2436
f 2436 2502 2437
f 2436 2501 2503
f 2436 2503 2502
f 2437 2504 2440
f 2437 2440 2439
f 2437 2439 2438
f 2437 2502 2505
f 2437 2505 2503
f 2437 2503 2506
f 2437 2506 2504
f 2440 2504 2507
f 2440 2507 2441
f 2441 2507 2444
f 2441 2444 2442
f 2443 2445 2508
f 2443 2508 2448
f 2444 2507 2504
f 2444 2504 2509
f 2446 2449 2510
f 2446 2510 2511
f 2446 2511 2512
f 2446 2512 2451
f 2446 2451 2447
f 2447 2451 2450
f 2448 2508 2513
f 2448 2513 2449
f 2449 2513 2510
f 2451 2514 2452
f 2451 2512 2515
f 2451 2515 2516
f 2451 2516 2514
f 2452 2514 2516
f 2452 2516 2453
f 2453 2517 2518
f 2453 2518 2454
f 2453 2516 2519
f 2453 2519 2520
f 2453 2520 2517
f 2454 2518 2455
f 2455 2518 2456
f 2456 2518 2458
f 2458 2518 2459
f 2459 2518 2521
f 2459 2521 2522
f 2459 2522 2523
f 2459 2523 2460
f 2460 2523 2461
f 2461 2523 2524
f 2461 2524 2462
f 2462 2524 2525
f 2462 2525 2526
f 2462 2526 2463
f 2463 2526 2527
f 2463 2527 2464
f 2464 2527 2465
f 2465 2527 2528
f 2465 2528 2529
f 2465 2529 2530
f 2465 2530 2466
f 2466 2530 2467
f 2467 2530 2531
f 2467 2531 2468
f 2468 2531 2471
f 2471 2531 2532
f 2471 2532 2533
f 2471 2533 2472
f 2472 2533 2473
f 2473 2533 2474
f 2474 2533 2479
f 2474 2477 2476
f 2474 2476 2475
f 2479 2533 2534
f 2479 2534 2535
f 2479 2535 2480
f 2480 2535 2481
f 2483 2536 2484
f 2484 2537 2538
f 2484 2538 2539
f 2484 2539 2485
f 2484 2536 2540
f 2484 2540 2537
f 2485 2539 2486
f 2486 2539 2487
f 2487 2539 2488
f 2488 2539 2489
f 2489 2539 2541
f 2489 2541 2542
f 2489 2542 2490
f 2490 2542 2491
f 2491 2542 2543
f 2491 2543 2492
f 2492 2543 2544
f 2492 2544 2545
f 2492 2545 2493
f 2493 2545 2546
f 2493 2546 2547
f 2493 2547 2494
f 2494 2547 2495
f 2495 2547 2548
f 2495 2548 2497
f 2495 2497 2496
f 2497 2548 2549
f 2497 2549 2550
f 2497 2550 2498
f 2498 2550 2500
f 2498 2500 2499
f 2502 2503 2505
f 2504 2506 2509
f 2510 2513 2511
f 2511 2513 2512
f 2512 2513 2551
f 2512 2551 2515
f 2517 2520 2518
f 2518 2552 2521
f 2518 2520 2553
f 2518 2553 2554
f 2518 2554 2555
f 2518 2555 2552
f 2521 2552 2556
f 2521 2556 2522
f 2522 2556 2557
f 2522 2557 2558
f 2522 2558 2559
f 2522 2559 2523
f 2523 2560 2525
f 2523 2525 2524
f 2523 2559 2560
f 2525 2560 2561
f 2525 2561 2527
f 2525 2527 2526
f 2527 2561 2562
f 2527 2562 2528
f 2528 2563 2529
f 2528 2562 2564
f 2528 2564 2565
f 2528 2565 2566
f 2528 2566 2563
f 2529 2563 2567
f 2529 2567 2530
f 2530 2568 2533
f 2530 2533 2532
f 2530 2532 2531
f 2530 2567 2569
f 2530 2569 2570
f 2530 2570 2571
f 2530 2571 2568
f 2533 2568 2571
f 2533 2571 2534
f 2537 2540 2538
f 2538 2540 2539
f 2539 2572 2541
f 2539 2540 2573
f 2539 2573 2572
f 2541 2572 2574
f 2541 2574 2575
f 2541 2575 2576
f 2541 2576 2577
f 2541 2577 2578
f 2541 2578 2579
f 2541 2579 2542
f 2542 2580 2544
f 2542 2544 2543
f 2542 2579 2580
f 2544 2580 2581
f 2544 2581 2547
f 2544 2547 2545
f 2545 2547 2546
f 2547 2581 2582
f 2547 2582 2548
f 2548 2582 2583
f 2548 2583 2584
f 2548 2584 2585
f 2548 2585 2586
f 2548 2586 2549
f 2549 2586 2550
f 2550 2586 2585
f 2552 2555 2587
f 2552 2587 2556
f 2556 2587 2557
f 2557 2588 2589
f 2557 2589 2560
f 2557 2560 2559
f 2557 2559 2558
f 2560 2589 2561
f 2561 2589 2590
f 2561 2590 2562
f 2562 2590 2564
f 2563 2566 2569
f 2563 2569 2567
f 2572 2573 2591
f 2572 2591 2574
f 2574 2591 2575
f 2577 2592 2593
f 2577 2593 2580
f 2577 2580 2579
f 2577 2579 2578
f 2580 2593 2581
f 2581 2593 2594
f 2581 2594 2582
f 2582 2594 2583
f 2583 2594 2584
f 2588 2595 2589
f 2589 2595 2590
f 2592 2594 2593

