# Converted/generated visual mesh for LIBERO obvious hazard prop
v 0.0062638 0.0195908 0.0861797
v 0.0094758 0.0190646 0.0854003
v 0.0086840 0.0186415 0.0822103
v 0.0055035 0.0191622 0.0829820
v 0.0122980 0.0175173 0.0848074
v 0.0114785 0.0171096 0.0816232
v 0.0074485 0.0186623 0.0773772
v 0.0103266 0.0170840 0.0767731
v 0.0099088 0.0168186 0.0751881
v 0.0070572 0.0183822 0.0757872
v 0.0041728 0.0191996 0.0781721
v 0.0038119 0.0189142 0.0765748
v 0.0004705 -0.0111119 0.0901920
v -0.0002329 -0.0112404 0.0869535
v 0.0026331 -0.0132605 0.0864108
v 0.0033650 -0.0131522 0.0896439
v -0.0017365 -0.0121130 0.0822674
v -0.0020417 -0.0121068 0.0806303
v 0.0008829 -0.0141683 0.0800765
v 0.0012158 -0.0141939 0.0817083
v 0.0044964 -0.0143723 0.0791883
v 0.0048634 -0.0143999 0.0808117
v 0.0061741 -0.0134604 0.0855404
v 0.0069412 -0.0133541 0.0887649
v 0.0238778 0.0068154 0.0759112
v 0.0245341 0.0070635 0.0791511
v 0.0259011 0.0041080 0.0790656
v 0.0252583 0.0038303 0.0758249
v 0.0261804 0.0075735 0.0838331
v 0.0264400 0.0076833 0.0854714
v 0.0278349 0.0046670 0.0853842
v 0.0275884 0.0045286 0.0837451
v 0.0279489 0.0012151 0.0856561
v 0.0277033 0.0010440 0.0840195
v 0.0260130 0.0007256 0.0793319
v 0.0253712 0.0004142 0.0760939
v -0.0022504 0.0111811 0.0890474
v -0.0029279 0.0108340 0.0858217
v -0.0027075 0.0070729 0.0860705
v -0.0020278 0.0073826 0.0892985
v -0.0045101 0.0106238 0.0810965
v -0.0047903 0.0104181 0.0794720
v -0.0045652 0.0065799 0.0797256
v -0.0042832 0.0067496 0.0813530
v -0.0042840 0.0025051 0.0799796
v -0.0039996 0.0026365 0.0816099
v -0.0024320 0.0030799 0.0863195
v -0.0017495 0.0033499 0.0895499
v -0.0027611 -0.0009122 0.0867202
v -0.0020820 -0.0006818 0.0899548
v -0.0046200 -0.0015686 0.0803889
v -0.0043389 -0.0014755 0.0820232
v -0.0048240 -0.0054834 0.0807598
v -0.0045449 -0.0054272 0.0823978
v -0.0029604 -0.0047489 0.0870825
v -0.0022835 -0.0045564 0.0903212
v 0.0002066 0.0171421 0.0879336
v -0.0004947 0.0167366 0.0847187
v -0.0022515 0.0141222 0.0853810
v -0.0015674 0.0145020 0.0886024
v -0.0020045 0.0167037 0.0799610
v -0.0023079 0.0164412 0.0783469
v -0.0041001 0.0137738 0.0790225
v -0.0038135 0.0140112 0.0806429
v 0.0106931 0.0169602 0.0784062
v 0.0137380 0.0149239 0.0812288
v 0.0129751 0.0147528 0.0780078
v 0.0127338 0.0179196 0.0863750
v 0.0131185 0.0179328 0.0879906
v 0.0154244 0.0157024 0.0875880
v 0.0150611 0.0156682 0.0859692
v 0.0175030 0.0135532 0.0872363
v 0.0171591 0.0134987 0.0856144
v 0.0157749 0.0128175 0.0808839
v 0.0150323 0.0126257 0.0776596
v 0.0225003 -0.0046613 0.0841075
v 0.0215813 -0.0048515 0.0809284
v 0.0244296 -0.0023919 0.0800002
v 0.0253769 -0.0021772 0.0831701
v 0.0207309 -0.0055366 0.0760621
v 0.0202165 -0.0055906 0.0744828
v 0.0231232 -0.0030805 0.0735356
v 0.0236648 -0.0030032 0.0751061
v 0.0247391 0.0001009 0.0728536
v 0.0252960 0.0002083 0.0744176
v 0.0260130 0.0007256 0.0793319
v 0.0269761 0.0009713 0.0824951
v 0.0053363 -0.0139112 0.0823636
v 0.0092922 -0.0117920 0.0811874
v 0.0100914 -0.0113617 0.0843756
v 0.0133759 -0.0089487 0.0799161
v 0.0141355 -0.0085454 0.0831166
v 0.0113052 -0.0114033 0.0892140
v 0.0154695 -0.0085044 0.0879177
v 0.0158286 -0.0082452 0.0895181
v 0.0117030 -0.0111173 0.0908024
v 0.0072707 -0.0135642 0.0904136
v 0.0077062 -0.0132581 0.0919908
v -0.0021458 -0.0082739 0.0871755
v -0.0014613 -0.0081161 0.0904159
v -0.0039936 -0.0090797 0.0808564
v -0.0037068 -0.0090574 0.0824955
v 0.0149808 -0.0083916 0.0863174
v 0.0180480 -0.0065873 0.0819653
v 0.0189320 -0.0064142 0.0851547
v 0.0130622 -0.0093400 0.0783158
v 0.0126189 -0.0093594 0.0767156
v 0.0166111 -0.0073617 0.0755409
v 0.0170918 -0.0073239 0.0771301
v 0.0195207 0.0100957 0.0767261
v 0.0202194 0.0103120 0.0799590
v 0.0225144 0.0090372 0.0794870
v 0.0218383 0.0088085 0.0762500
v 0.0217369 0.0109188 0.0846631
v 0.0220380 0.0109973 0.0862937
v 0.0243794 0.0096971 0.0858133
v 0.0241004 0.0096063 0.0841782
v 0.0029871 0.0189068 0.0870767
v 0.0022588 0.0184845 0.0838701
v 0.0008311 0.0185029 0.0790870
v 0.0005013 0.0182237 0.0774811
v 0.0179330 0.0113893 0.0804511
v 0.0172118 0.0111834 0.0772227
v 0.0197052 0.0120961 0.0867951
v 0.0193820 0.0120279 0.0851692
v 0.0169747 0.0111922 0.0755673
v 0.0193296 0.0100831 0.0750612
v 0.0147518 0.0126631 0.0760125
v 0.0013822 0.0183497 0.0806755
v -0.0013983 0.0165850 0.0815324
v 0.0046589 0.0190337 0.0797785
v 0.0216931 0.0087707 0.0745763
v 0.0237731 0.0067378 0.0742312
v 0.0173271 -0.0069713 0.0787534
v 0.0208954 -0.0052184 0.0777062
v -0.0030662 -0.0086732 0.0840147
v -0.0011343 -0.0116690 0.0837908
v -0.0038884 -0.0051135 0.0839200
v 0.0088979 -0.0122390 0.0796122
v 0.0237721 -0.0027343 0.0767688
v 0.0253712 0.0004142 0.0760939
v 0.0126538 0.0148327 0.0763673
v -0.0031722 0.0139449 0.0822012
v -0.0038553 0.0106240 0.0826461
v -0.0036868 -0.0012389 0.0835535
v -0.0033544 0.0027928 0.0831487
v -0.0036327 0.0068255 0.0828972
v 0.0251811 0.0036929 0.0741432
v 0.0252960 0.0002083 0.0744176
v 0.0017601 -0.0137093 0.0832427
v 0.0078709 0.0185075 0.0789991
v 0.0188167 0.0117405 0.0836240
v 0.0211256 0.0106528 0.0831273
v 0.0166371 0.0131828 0.0840608
v 0.0032383 0.0193385 0.0886889
v 0.0065800 0.0200352 0.0877740
v 0.0004028 0.0175394 0.0895629
v 0.0234431 0.0093656 0.0826512
v 0.0254826 0.0073725 0.0823125
v 0.0194991 -0.0064883 0.0867319
v 0.0231382 -0.0047009 0.0856640
v -0.0012995 -0.0082217 0.0920974
v 0.0006708 -0.0112773 0.0918692
v -0.0021376 -0.0045915 0.0919996
v 0.0108971 -0.0112349 0.0875887
v 0.0260722 -0.0021675 0.0847080
v 0.0277033 0.0010440 0.0840195
v 0.0145800 0.0153099 0.0844090
v -0.0014062 0.0148469 0.0902448
v -0.0021028 0.0114595 0.0906984
v -0.0019316 -0.0006398 0.0916251
v -0.0015923 0.0034722 0.0912118
v -0.0018759 0.0075852 0.0909549
v 0.0268632 0.0043874 0.0822261
v 0.0269761 0.0009713 0.0824951
v 0.0036231 -0.0133583 0.0913102
v 0.0098557 0.0194979 0.0869791
v 0.0232303 0.0065691 0.0726690
v 0.0246251 0.0035528 0.0725817
v 0.0247391 0.0001009 0.0728536
v 0.0122146 0.0145882 0.0747856
v 0.0142932 0.0124390 0.0744338
v 0.0084932 -0.0122315 0.0779999
v 0.0188283 0.0098831 0.0734913
v 0.0211697 0.0085829 0.0730108
v 0.0164954 0.0109819 0.0739926
v 0.0070216 0.0200284 0.0893772
v 0.0102669 0.0194964 0.0885897
v 0.0011680 -0.0109926 0.0934328
v 0.0040927 -0.0130541 0.0928790
v -0.0015805 0.0115323 0.0922745
v -0.0013555 0.0076941 0.0925281
v -0.0010742 0.0036193 0.0927821
v -0.0014103 -0.0004544 0.0931914
v -0.0016142 -0.0043692 0.0935622
v 0.0009019 0.0175554 0.0911494
v -0.0008904 0.0148880 0.0918250
v 0.0234263 -0.0044764 0.0872853
v 0.0263330 -0.0019663 0.0863381
v 0.0279489 0.0012151 0.0856561
v -0.0007839 -0.0079655 0.0936589
v 0.0198208 -0.0062475 0.0883434
v 0.0037110 0.0193379 0.0902836
v 0.0209909 0.0247030 0.1449205
v 0.0218352 0.0248314 0.1481233
v 0.0250250 0.0243140 0.1473882
v 0.0242122 0.0241801 0.1441783
v 0.0278287 0.0227853 0.1468381
v 0.0270438 0.0226361 0.1436227
v 0.0261977 0.0251707 0.1521606
v 0.0266086 0.0251691 0.1537703
v 0.0294697 0.0236088 0.1532090
v 0.0290851 0.0235957 0.1515937
v 0.0229124 0.0257047 0.1529175
v 0.0233538 0.0256978 0.1545201
v 0.0152502 -0.0059815 0.1491424
v 0.0181446 -0.0080217 0.1485943
v 0.0190176 -0.0075729 0.1517624
v 0.0161516 -0.0055528 0.1523052
v 0.0170553 -0.0055898 0.1572209
v 0.0200076 -0.0076707 0.1566618
v 0.0204772 -0.0073665 0.1582306
v 0.0175525 -0.0053050 0.1587845
v 0.0236552 -0.0078767 0.1557652
v 0.0240907 -0.0075705 0.1573424
v 0.0217208 -0.0082236 0.1477153
v 0.0225586 -0.0077729 0.1508921
v 0.0418671 0.0130600 0.1476641
v 0.0432477 0.0100750 0.1475778
v 0.0422856 0.0097955 0.1444173
v 0.0409186 0.0127511 0.1445028
v 0.0401576 0.0124254 0.1395828
v 0.0415656 0.0093805 0.1394948
v 0.0410096 0.0092403 0.1379334
v 0.0396148 0.0122566 0.1380206
v 0.0416805 0.0058959 0.1397693
v 0.0411236 0.0057884 0.1382052
v 0.0433606 0.0066589 0.1478468
v 0.0423975 0.0064131 0.1446836
v 0.0124761 0.0162931 0.1477861
v 0.0127098 0.0124985 0.1480814
v 0.0136346 0.0127458 0.1512533
v 0.0134033 0.0165031 0.1509610
v 0.0142290 0.0171287 0.1558397
v 0.0144670 0.0132584 0.1561407
v 0.0149874 0.0133672 0.1577136
v 0.0147511 0.0172015 0.1574152
v 0.0147647 0.0091502 0.1564536
v 0.0152827 0.0092973 0.1580239
v 0.0130021 0.0084706 0.1483884
v 0.0139240 0.0087576 0.1515573
v 0.0126834 0.0044437 0.1488481
v 0.0136086 0.0047702 0.1520126
v 0.0144393 0.0050430 0.1569222
v 0.0149605 0.0052284 0.1584883
v 0.0142431 0.0010947 0.1573360
v 0.0147664 0.0013170 0.1588984
v 0.0124918 0.0005725 0.1492544
v 0.0134193 0.0009370 0.1524152
v 0.0149233 0.0222507 0.1466330
v 0.0131520 0.0196116 0.1473125
v 0.0140727 0.0197888 0.1504921
v 0.0158269 0.0224023 0.1498193
v 0.0167244 0.0232051 0.1546635
v 0.0149181 0.0205135 0.1553565
v 0.0154339 0.0205546 0.1569365
v 0.0172234 0.0232211 0.1562500
v 0.0286487 0.0231932 0.1500240
v 0.0309393 0.0209887 0.1496599
v 0.0300968 0.0206025 0.1464776
v 0.0266777 0.0227599 0.1419919
v 0.0290135 0.0205115 0.1416202
v 0.0285744 0.0202672 0.1400387
v 0.0262599 0.0224946 0.1404065
v 0.0311197 0.0183449 0.1412983
v 0.0306613 0.0181208 0.1397199
v 0.0330046 0.0188644 0.1493446
v 0.0321419 0.0184990 0.1461655
v 0.0372799 0.0004691 0.1430579
v 0.0401566 0.0029533 0.1421205
v 0.0408141 0.0032957 0.1453519
v 0.0379658 0.0008360 0.1462801
v 0.0395228 0.0009866 0.1510157
v 0.0424567 0.0035200 0.1500596
v 0.0427175 0.0037212 0.1516897
v 0.0398108 0.0012112 0.1526369
v 0.0440878 0.0067315 0.1493711
v 0.0443334 0.0069026 0.1510077
v 0.0417557 0.0061018 0.1414455
v 0.0423975 0.0064131 0.1446836
v 0.0233257 -0.0076665 0.1541165
v 0.0264759 -0.0056741 0.1497273
v 0.0272816 -0.0055474 0.1529403
v 0.0305200 -0.0028579 0.1484683
v 0.0313653 -0.0027040 0.1516690
v 0.0252824 -0.0065514 0.1449638
v 0.0248777 -0.0065439 0.1433516
v 0.0290034 -0.0036718 0.1420673
v 0.0294467 -0.0036525 0.1436675
v 0.0212479 -0.0087123 0.1461634
v 0.0208810 -0.0086847 0.1445399
v 0.0133182 -0.0029857 0.1493658
v 0.0142384 -0.0025864 0.1525261
v 0.0150850 -0.0025342 0.1574488
v 0.0156006 -0.0022780 0.1590103
v 0.0297604 -0.0032611 0.1452678
v 0.0337116 -0.0012838 0.1441051
v 0.0344325 -0.0008997 0.1473169
v 0.0318540 -0.0028168 0.1532693
v 0.0358836 -0.0008007 0.1520836
v 0.0362053 -0.0005600 0.1536950
v 0.0322131 -0.0025576 0.1548698
v 0.0375063 0.0163390 0.1484641
v 0.0398272 0.0150530 0.1480012
v 0.0388983 0.0147245 0.1448363
v 0.0365997 0.0159981 0.1452941
v 0.0357107 0.0157695 0.1403996
v 0.0380774 0.0144581 0.1399269
v 0.0375539 0.0142703 0.1383615
v 0.0352094 0.0155695 0.1388297
v 0.0185832 0.0241512 0.1489821
v 0.0177067 0.0240165 0.1457877
v 0.0195630 0.0250053 0.1538016
v 0.0200355 0.0250047 0.1553961
v 0.0351916 0.0174248 0.1489375
v 0.0343075 0.0170734 0.1457626
v 0.0333501 0.0168766 0.1408828
v 0.0328709 0.0166664 0.1393084
v 0.0357574 0.0177123 0.1504847
v 0.0381180 0.0166052 0.1500014
v 0.0335271 0.0191806 0.1509002
v 0.0165282 0.0228078 0.1530342
v 0.0193116 0.0245736 0.1521889
v 0.0225958 0.0252601 0.1513218
v 0.0404847 0.0152938 0.1495288
v 0.0425649 0.0132610 0.1491847
v 0.0388848 0.0010262 0.1494591
v 0.0353165 -0.0007267 0.1505063
v 0.0168551 -0.0054244 0.1555437
v 0.0149231 -0.0024286 0.1557670
v 0.0140966 0.0011296 0.1556556
v 0.0276897 -0.0057158 0.1545657
v 0.0433606 0.0066589 0.1478468
v 0.0417614 0.0035104 0.1485217
v 0.0314209 0.0213473 0.1512221
v 0.0140810 0.0168502 0.1541873
v 0.0147569 0.0201687 0.1537137
v 0.0142883 0.0050008 0.1552494
v 0.0146070 0.0090277 0.1547896
v 0.0143147 0.0130556 0.1544826
v 0.0439729 0.0102162 0.1490967
v 0.0440878 0.0067315 0.1493711
v 0.0197495 -0.0074646 0.1549956
v 0.0258171 0.0247372 0.1505795
v 0.0359015 0.0157820 0.1420628
v 0.0335867 0.0168677 0.1425363
v 0.0313998 0.0183073 0.1429433
v 0.0171556 0.0241696 0.1441997
v 0.0205051 0.0248690 0.1433156
v 0.0143171 0.0223694 0.1450616
v 0.0402623 0.0125029 0.1412629
v 0.0382224 0.0144959 0.1416000
v 0.0334763 -0.0016363 0.1424817
v 0.0371154 0.0001510 0.1414138
v 0.0126777 -0.0033699 0.1478470
v 0.0146480 -0.0064254 0.1476190
v 0.0118358 0.0002591 0.1477341
v 0.0256767 -0.0061045 0.1465391
v 0.0400493 0.0026844 0.1404577
v 0.0416805 0.0058959 0.1397693
v 0.0293344 0.0204316 0.1432587
v 0.0125108 0.0196779 0.1457546
v 0.0118216 0.0162931 0.1462379
v 0.0120319 0.0042073 0.1473203
v 0.0123574 0.0083145 0.1468517
v 0.0120597 0.0124227 0.1465388
v 0.0417557 0.0061018 0.1414455
v 0.0416428 0.0095179 0.1411765
v 0.0176003 -0.0085064 0.1470599
v 0.0237903 0.0243350 0.1425588
v 0.0428245 0.0133708 0.1508231
v 0.0442194 0.0103545 0.1507359
v 0.0443334 0.0069026 0.1510077
v 0.0317842 0.0213814 0.1528411
v 0.0338710 0.0192350 0.1525224
v 0.0280875 -0.0054297 0.1561541
v 0.0384192 0.0166837 0.1516322
v 0.0407637 0.0153845 0.1511640
v 0.0360807 0.0177806 0.1521108
v 0.0201440 0.0245836 0.1417176
v 0.0233988 0.0240549 0.1409678
v 0.0143428 -0.0064192 0.1459820
v 0.0172674 -0.0084807 0.1454281
v 0.0115414 0.0160873 0.1446127
v 0.0117776 0.0122530 0.1449112
v 0.0120730 0.0081831 0.1452214
v 0.0117508 0.0041142 0.1456858
v 0.0115566 0.0002028 0.1460959
v 0.0140137 0.0221069 0.1434475
v 0.0122242 0.0194404 0.1441340
v 0.0366011 0.0000970 0.1398344
v 0.0395077 0.0026070 0.1388872
v 0.0411236 0.0057884 0.1382052
v 0.0123908 -0.0033922 0.1462078
v 0.0329956 -0.0016742 0.1408925
v 0.0168258 0.0238905 0.1425936
v 0.0420721 0.0040296 0.1842007
v 0.0073118 -0.0080367 0.0455550
v 0.0087888 -0.0082181 0.0452005
v 0.0435491 0.0038482 0.1838462
v 0.0464464 0.0043773 0.1830738
v 0.0116861 -0.0076891 0.0444281
v 0.0129950 -0.0069990 0.0440398
v 0.0477553 0.0050673 0.1826856
v 0.0141423 -0.0060570 0.0436702
v 0.0489026 0.0060093 0.1823159
v 0.0150839 -0.0048993 0.0433334
v 0.0498442 0.0071670 0.1819791
v 0.0157835 -0.0035704 0.0430423
v 0.0505438 0.0084959 0.1816881
v 0.0162144 -0.0021214 0.0428082
v 0.0509746 0.0099450 0.1814539
v 0.0163598 -0.0006078 0.0426400
v 0.0511201 0.0114585 0.1812857
v 0.0511201 0.0114585 0.1812857
v 0.0163598 -0.0006078 0.0426400
v 0.0162144 0.0009120 0.0425442
v 0.0509746 0.0129783 0.1811900
v 0.0157835 0.0023797 0.0425245
v 0.0505438 0.0144460 0.1811702
v 0.0150839 0.0037389 0.0425816
v 0.0498442 0.0158053 0.1812273
v 0.0141423 0.0049374 0.0427134
v 0.0489026 0.0170037 0.1813591
v 0.0129950 0.0059290 0.0429147
v 0.0477553 0.0179954 0.1815604
v 0.0116861 0.0066758 0.0431779
v 0.0464464 0.0187422 0.1818236
v 0.0102658 0.0071490 0.0434928
v 0.0450261 0.0192153 0.1821385
v 0.0087888 0.0073303 0.0438473
v 0.0435491 0.0193967 0.1824930
v 0.0073118 0.0072129 0.0442278
v 0.0420721 0.0192793 0.1828736
v 0.0058915 0.0068013 0.0446198
v 0.0406518 0.0188676 0.1832655
v 0.0045826 0.0061112 0.0450080
v 0.0393429 0.0181776 0.1836537
v 0.0034353 0.0051692 0.0453776
v 0.0381956 0.0172356 0.1840233
v 0.0024937 0.0040116 0.0457144
v 0.0372540 0.0160779 0.1843601
v 0.0017941 0.0026826 0.0460055
v 0.0365544 0.0147490 0.1846512
v 0.0013633 0.0012336 0.0462396
v 0.0361236 0.0132999 0.1848853
v 0.0012178 -0.0002799 0.0464078
v 0.0359781 0.0117864 0.1850535
v 0.0013633 -0.0017998 0.0465036
v 0.0361236 0.0102666 0.1851493
v 0.0017941 -0.0032675 0.0465233
v 0.0365544 0.0087989 0.1851690
v 0.0024938 -0.0046267 0.0464662
v 0.0372540 0.0074397 0.1851119
v 0.0034353 -0.0058252 0.0463344
v 0.0381956 0.0062412 0.1849802
v 0.0045826 -0.0068168 0.0461331
v 0.0393429 0.0052495 0.1847788
v 0.0058915 -0.0075636 0.0458699
v 0.0406518 0.0045028 0.1845157
v 0.0450261 0.0039656 0.1834657
v 0.0102658 -0.0081007 0.0448200
v 0.0289300 -0.0034974 0.1881507
v -0.0058303 -0.0155638 0.0495050
v -0.0043532 -0.0157452 0.0491505
v 0.0304070 -0.0036788 0.1877962
v 0.0333043 -0.0031498 0.1870238
v -0.0014559 -0.0152161 0.0483780
v -0.0001470 -0.0145261 0.0479898
v 0.0346133 -0.0024597 0.1866355
v 0.0010003 -0.0135841 0.0476202
v 0.0357605 -0.0015177 0.1862659
v 0.0019418 -0.0124264 0.0472834
v 0.0367021 -0.0003600 0.1859291
v 0.0026415 -0.0110975 0.0469923
v 0.0374017 0.0009689 0.1856380
v 0.0030723 -0.0096484 0.0467582
v 0.0378326 0.0024179 0.1854039
v 0.0032178 -0.0081349 0.0465900
v 0.0379780 0.0039314 0.1852357
v 0.0379780 0.0039314 0.1852357
v 0.0032178 -0.0081349 0.0465900
v 0.0030723 -0.0066151 0.0464942
v 0.0378326 0.0054513 0.1851399
v 0.0026415 -0.0051474 0.0464745
v 0.0374017 0.0069190 0.1851202
v 0.0019418 -0.0037881 0.0465316
v 0.0367021 0.0082782 0.1851773
v 0.0010003 -0.0025897 0.0466633
v 0.0357605 0.0094767 0.1853091
v -0.0001470 -0.0015980 0.0468647
v 0.0346133 0.0104683 0.1855104
v -0.0014559 -0.0008512 0.0471279
v 0.0333043 0.0112151 0.1857736
v -0.0028762 -0.0003781 0.0474428
v 0.0318841 0.0116883 0.1860885
v -0.0043533 -0.0001967 0.0477973
v 0.0304070 0.0118696 0.1864430
v -0.0058303 -0.0003141 0.0481778
v 0.0289300 0.0117522 0.1868235
v -0.0072506 -0.0007258 0.0485697
v 0.0275097 0.0113406 0.1872154
v -0.0085595 -0.0014158 0.0489579
v 0.0262008 0.0106505 0.1876037
v -0.0097068 -0.0023578 0.0493276
v 0.0250535 0.0097085 0.1879733
v -0.0106483 -0.0035155 0.0496644
v 0.0241120 0.0085508 0.1883101
v -0.0113480 -0.0048444 0.0499554
v 0.0234123 0.0072219 0.1886012
v -0.0117788 -0.0062935 0.0501896
v 0.0229815 0.0057729 0.1888353
v -0.0119243 -0.0078070 0.0503578
v 0.0228360 0.0042593 0.1890035
v -0.0117788 -0.0093268 0.0504536
v 0.0229815 0.0027395 0.1890993
v -0.0113479 -0.0107945 0.0504733
v 0.0234123 0.0012718 0.1891190
v -0.0106483 -0.0121537 0.0504162
v 0.0241120 -0.0000874 0.1890619
v -0.0097068 -0.0133522 0.0502844
v 0.0250535 -0.0012859 0.1889301
v -0.0085595 -0.0143439 0.0500831
v 0.0262008 -0.0022775 0.1887288
v -0.0072505 -0.0150906 0.0498199
v 0.0275097 -0.0030243 0.1884656
v 0.0318841 -0.0035614 0.1874157
v -0.0028762 -0.0156278 0.0487699
v 0.0289300 0.0121259 0.1867910
v -0.0058303 0.0000595 0.0481453
v -0.0043532 -0.0001218 0.0477908
v 0.0304070 0.0119445 0.1864365
v 0.0333043 0.0124735 0.1856641
v -0.0014559 0.0004072 0.0470183
v -0.0001470 0.0010973 0.0466301
v 0.0346133 0.0131636 0.1852758
v 0.0010003 0.0020392 0.0462605
v 0.0357605 0.0141056 0.1849062
v 0.0019418 0.0031969 0.0459237
v 0.0367021 0.0152633 0.1845694
v 0.0026415 0.0045258 0.0456326
v 0.0374017 0.0165922 0.1842783
v 0.0030723 0.0059749 0.0453985
v 0.0378326 0.0180412 0.1840442
v 0.0032178 0.0074884 0.0452303
v 0.0379780 0.0195548 0.1838760
v 0.0379780 0.0195548 0.1838760
v 0.0032178 0.0074884 0.0452303
v 0.0030723 0.0090082 0.0451345
v 0.0378326 0.0210746 0.1837802
v 0.0026415 0.0104760 0.0451148
v 0.0374017 0.0225423 0.1837605
v 0.0019418 0.0118352 0.0451719
v 0.0367021 0.0239015 0.1838176
v 0.0010003 0.0130336 0.0453036
v 0.0357605 0.0251000 0.1839494
v -0.0001470 0.0140253 0.0455050
v 0.0346133 0.0260916 0.1841507
v -0.0014559 0.0147721 0.0457682
v 0.0333043 0.0268384 0.1844139
v -0.0028762 0.0152452 0.0460831
v 0.0318841 0.0273116 0.1847288
v -0.0043533 0.0154266 0.0464376
v 0.0304070 0.0274929 0.1850833
v -0.0058303 0.0153092 0.0468181
v 0.0289300 0.0273755 0.1854638
v -0.0072506 0.0148975 0.0472100
v 0.0275097 0.0269639 0.1858557
v -0.0085595 0.0142075 0.0475982
v 0.0262008 0.0262738 0.1862440
v -0.0097068 0.0132655 0.0479679
v 0.0250535 0.0253318 0.1866136
v -0.0106483 0.0121078 0.0483047
v 0.0241120 0.0241741 0.1869504
v -0.0113480 0.0107789 0.0485957
v 0.0234123 0.0228452 0.1872415
v -0.0117788 0.0093298 0.0488299
v 0.0229815 0.0213962 0.1874756
v -0.0119243 0.0078163 0.0489981
v 0.0228360 0.0198827 0.1876438
v -0.0117788 0.0062965 0.0490939
v 0.0229815 0.0183628 0.1877396
v -0.0113479 0.0048288 0.0491136
v 0.0234123 0.0168951 0.1877593
v -0.0106483 0.0034696 0.0490565
v 0.0241120 0.0155359 0.1877022
v -0.0097068 0.0022711 0.0489247
v 0.0250535 0.0143374 0.1875704
v -0.0085595 0.0012794 0.0487234
v 0.0262008 0.0133458 0.1873691
v -0.0072505 0.0005327 0.0484602
v 0.0275097 0.0125990 0.1871059
v 0.0318841 0.0120619 0.1860560
v -0.0028762 -0.0000045 0.0474102
v 0.0452234 0.0042316 0.1843879
v 0.0437821 0.0041170 0.1847592
v 0.0450860 0.0051953 0.1845326
v 0.0438276 0.0050953 0.1848568
v 0.0085558 -0.0081111 0.0442548
v 0.0099972 -0.0079965 0.0438835
v 0.0085103 -0.0071644 0.0439896
v 0.0097688 -0.0070643 0.0436654
v 0.0466094 0.0046333 0.1840054
v 0.0462961 0.0055461 0.1841987
v 0.0113831 -0.0075948 0.0435011
v 0.0109789 -0.0067136 0.0433315
v 0.0478867 0.0053067 0.1836266
v 0.0474114 0.0061340 0.1838679
v 0.0126604 -0.0069214 0.0431222
v 0.0120941 -0.0061257 0.0430007
v 0.0490062 0.0062259 0.1832659
v 0.0483889 0.0069366 0.1835530
v 0.0137799 -0.0060022 0.0427615
v 0.0130717 -0.0053231 0.0426858
v 0.0499250 0.0073556 0.1829372
v 0.0491911 0.0079230 0.1832661
v 0.0146987 -0.0048725 0.0424329
v 0.0138739 -0.0043367 0.0423988
v 0.0506077 0.0086524 0.1826532
v 0.0497872 0.0090552 0.1830181
v 0.0153815 -0.0035757 0.0421488
v 0.0144700 -0.0032044 0.0421508
v 0.0510281 0.0100664 0.1824247
v 0.0501543 0.0102899 0.1828186
v 0.0158019 -0.0021617 0.0419204
v 0.0148371 -0.0019698 0.0419514
v 0.0511701 0.0115433 0.1822606
v 0.0502782 0.0115794 0.1826753
v 0.0159438 -0.0006848 0.0417562
v 0.0149610 -0.0006802 0.0418080
v 0.0510281 0.0130264 0.1821671
v 0.0511701 0.0115433 0.1822606
v 0.0501543 0.0128744 0.1825937
v 0.0502782 0.0115794 0.1826753
v 0.0159438 -0.0006848 0.0417562
v 0.0158019 0.0007983 0.0416628
v 0.0149610 -0.0006802 0.0418080
v 0.0148371 0.0006147 0.0417264
v 0.0506077 0.0144587 0.1821479
v 0.0497872 0.0141249 0.1825768
v 0.0153815 0.0022306 0.0416435
v 0.0144700 0.0018652 0.0417096
v 0.0499250 0.0157850 0.1822036
v 0.0491911 0.0152830 0.1826255
v 0.0146987 0.0035569 0.0416992
v 0.0138739 0.0030233 0.0417583
v 0.0490062 0.0169545 0.1823322
v 0.0483889 0.0163041 0.1827378
v 0.0137799 0.0047264 0.0418278
v 0.0130716 0.0040444 0.0418705
v 0.0478867 0.0179222 0.1825287
v 0.0474114 0.0171490 0.1829093
v 0.0126604 0.0056941 0.0420243
v 0.0120941 0.0048893 0.0420421
v 0.0466094 0.0186509 0.1827855
v 0.0462961 0.0177853 0.1831335
v 0.0113831 0.0064228 0.0422811
v 0.0109789 0.0055256 0.0422663
v 0.0452234 0.0191127 0.1830928
v 0.0450860 0.0181884 0.1834018
v 0.0099972 0.0068846 0.0425884
v 0.0097688 0.0059287 0.0425346
v 0.0437821 0.0192896 0.1834387
v 0.0438276 0.0183429 0.1837039
v 0.0085558 0.0070615 0.0429343
v 0.0085103 0.0060832 0.0428367
v 0.0423408 0.0191751 0.1838101
v 0.0425691 0.0182429 0.1840281
v 0.0071145 0.0069470 0.0433057
v 0.0072519 0.0059832 0.0431609
v 0.0409548 0.0187734 0.1841925
v 0.0413590 0.0178922 0.1843620
v 0.0057285 0.0065453 0.0436881
v 0.0060418 0.0056325 0.0434948
v 0.0396775 0.0181000 0.1845713
v 0.0402438 0.0173042 0.1846928
v 0.0044513 0.0058719 0.0440669
v 0.0049265 0.0050445 0.0438256
v 0.0385580 0.0171808 0.1849320
v 0.0392663 0.0165016 0.1850077
v 0.0033317 0.0049527 0.0444276
v 0.0039490 0.0042420 0.0441405
v 0.0376392 0.0160511 0.1852607
v 0.0384640 0.0155153 0.1852947
v 0.0024129 0.0038230 0.0447563
v 0.0031468 0.0032556 0.0444275
v 0.0369564 0.0147543 0.1855447
v 0.0378679 0.0143830 0.1855427
v 0.0017302 0.0025262 0.0450403
v 0.0025507 0.0021233 0.0446755
v 0.0365360 0.0133403 0.1857732
v 0.0375009 0.0131484 0.1857422
v 0.0013098 0.0011122 0.0452688
v 0.0021836 0.0008887 0.0448750
v 0.0363941 0.0118633 0.1859373
v 0.0373769 0.0118588 0.1858855
v 0.0011678 -0.0003648 0.0454329
v 0.0020597 -0.0004009 0.0450183
v 0.0365360 0.0103802 0.1860308
v 0.0375009 0.0105639 0.1859671
v 0.0013098 -0.0018479 0.0455264
v 0.0021836 -0.0016958 0.0450999
v 0.0369565 0.0089480 0.1860500
v 0.0378679 0.0093134 0.1859839
v 0.0017302 -0.0032801 0.0455456
v 0.0025507 -0.0029463 0.0451167
v 0.0376392 0.0076216 0.1859943
v 0.0384640 0.0081553 0.1859352
v 0.0024129 -0.0046065 0.0454899
v 0.0031468 -0.0041044 0.0450680
v 0.0385580 0.0064521 0.1858657
v 0.0392663 0.0071342 0.1858230
v 0.0033317 -0.0057760 0.0453613
v 0.0039490 -0.0051255 0.0449558
v 0.0396775 0.0054844 0.1856693
v 0.0402438 0.0062892 0.1856514
v 0.0044513 -0.0067437 0.0451649
v 0.0049265 -0.0059704 0.0447842
v 0.0409548 0.0047557 0.1854124
v 0.0413590 0.0056530 0.1854272
v 0.0057286 -0.0074724 0.0449081
v 0.0060418 -0.0066067 0.0445600
v 0.0423408 0.0042940 0.1851051
v 0.0425691 0.0052499 0.1851589
v 0.0071145 -0.0079341 0.0446008
v 0.0072519 -0.0070098 0.0442917
v 0.0320814 -0.0032955 0.1883378
v 0.0306400 -0.0034100 0.1887092
v 0.0319440 -0.0023317 0.1884826
v 0.0306855 -0.0024317 0.1888068
v -0.0045862 -0.0156381 0.0482048
v -0.0031449 -0.0155236 0.0478335
v -0.0046317 -0.0146914 0.0479396
v -0.0033733 -0.0145914 0.0476154
v 0.0334673 -0.0028938 0.1879554
v 0.0331541 -0.0019810 0.1881487
v -0.0017590 -0.0151219 0.0474510
v -0.0021632 -0.0142407 0.0472815
v 0.0347446 -0.0022204 0.1875766
v 0.0342693 -0.0013930 0.1878179
v -0.0004817 -0.0144485 0.0470722
v -0.0010479 -0.0136527 0.0469507
v 0.0358641 -0.0013012 0.1872159
v 0.0352468 -0.0005904 0.1875030
v 0.0006379 -0.0135293 0.0467115
v -0.0000704 -0.0128501 0.0466358
v 0.0367829 -0.0001715 0.1868872
v 0.0360490 0.0003959 0.1872160
v 0.0015567 -0.0123996 0.0463828
v 0.0007318 -0.0118637 0.0463488
v 0.0374657 0.0011253 0.1866032
v 0.0366452 0.0015282 0.1869680
v 0.0022394 -0.0111028 0.0460988
v 0.0013279 -0.0107315 0.0461008
v 0.0378861 0.0025393 0.1863747
v 0.0370122 0.0027628 0.1867685
v 0.0026598 -0.0096888 0.0458703
v 0.0016950 -0.0094969 0.0459013
v 0.0380280 0.0040163 0.1862106
v 0.0371362 0.0040524 0.1866252
v 0.0028018 -0.0082118 0.0457062
v 0.0018189 -0.0082073 0.0457580
v 0.0378861 0.0054994 0.1861171
v 0.0380280 0.0040163 0.1862106
v 0.0370122 0.0053473 0.1865436
v 0.0371362 0.0040524 0.1866252
v 0.0028018 -0.0082118 0.0457062
v 0.0026598 -0.0067287 0.0456127
v 0.0018189 -0.0082073 0.0457580
v 0.0016950 -0.0069124 0.0456764
v 0.0374657 0.0069316 0.1860978
v 0.0366452 0.0065978 0.1865268
v 0.0022394 -0.0052965 0.0455935
v 0.0013279 -0.0056619 0.0456596
v 0.0367829 0.0082580 0.1861536
v 0.0360490 0.0077559 0.1865755
v 0.0015567 -0.0039701 0.0456492
v 0.0007318 -0.0045038 0.0457083
v 0.0358641 0.0094275 0.1862822
v 0.0352468 0.0087770 0.1866877
v 0.0006379 -0.0028006 0.0457778
v -0.0000704 -0.0034827 0.0458205
v 0.0347446 0.0103952 0.1864786
v 0.0342693 0.0096219 0.1868593
v -0.0004817 -0.0018329 0.0459742
v -0.0010479 -0.0026377 0.0459921
v 0.0334673 0.0111239 0.1867354
v 0.0331541 0.0102582 0.1870835
v -0.0017590 -0.0011042 0.0462311
v -0.0021632 -0.0020015 0.0462163
v 0.0320814 0.0115856 0.1870427
v 0.0319440 0.0106613 0.1873518
v -0.0031449 -0.0006425 0.0465383
v -0.0033733 -0.0015983 0.0464846
v 0.0306400 0.0117626 0.1873887
v 0.0306855 0.0108159 0.1876539
v -0.0045862 -0.0004655 0.0468843
v -0.0046317 -0.0014438 0.0467867
v 0.0291987 0.0116480 0.1877600
v 0.0294270 0.0107158 0.1879781
v -0.0060276 -0.0005801 0.0472556
v -0.0058902 -0.0015438 0.0471109
v 0.0278127 0.0112463 0.1881425
v 0.0282169 0.0103651 0.1883120
v -0.0074135 -0.0009818 0.0476381
v -0.0071003 -0.0018946 0.0474448
v 0.0265355 0.0105729 0.1885213
v 0.0271017 0.0097772 0.1886428
v -0.0086908 -0.0016552 0.0480169
v -0.0082155 -0.0024825 0.0477756
v 0.0254159 0.0096537 0.1888820
v 0.0261242 0.0089746 0.1889577
v -0.0098104 -0.0025744 0.0483776
v -0.0091930 -0.0032851 0.0480905
v 0.0244971 0.0085240 0.1892106
v 0.0253220 0.0079882 0.1892447
v -0.0107292 -0.0037041 0.0487063
v -0.0099953 -0.0042715 0.0483775
v 0.0238144 0.0072272 0.1894947
v 0.0247259 0.0068559 0.1894927
v -0.0114119 -0.0050009 0.0489903
v -0.0105914 -0.0054037 0.0486254
v 0.0233940 0.0058132 0.1897231
v 0.0243588 0.0056213 0.1896922
v -0.0118323 -0.0064149 0.0492188
v -0.0109584 -0.0066384 0.0488249
v 0.0232520 0.0043363 0.1898873
v 0.0242348 0.0043318 0.1898355
v -0.0119743 -0.0078918 0.0493829
v -0.0110824 -0.0079279 0.0489682
v 0.0233940 0.0028532 0.1899808
v 0.0243588 0.0030368 0.1899171
v -0.0118323 -0.0093749 0.0494764
v -0.0109584 -0.0092228 0.0490499
v 0.0238144 0.0014209 0.1900000
v 0.0247259 0.0017863 0.1899339
v -0.0114119 -0.0108072 0.0494956
v -0.0105914 -0.0104734 0.0490667
v 0.0244971 0.0000946 0.1899443
v 0.0253220 0.0006282 0.1898852
v -0.0107291 -0.0121335 0.0494399
v -0.0099953 -0.0116315 0.0490180
v 0.0254159 -0.0010749 0.1898157
v 0.0261242 -0.0003929 0.1897730
v -0.0098104 -0.0133030 0.0493113
v -0.0091930 -0.0126526 0.0489057
v 0.0265355 -0.0020426 0.1896192
v 0.0271017 -0.0012378 0.1896014
v -0.0086908 -0.0142707 0.0491148
v -0.0082155 -0.0134975 0.0487342
v 0.0278128 -0.0027713 0.1893624
v 0.0282170 -0.0018741 0.1893772
v -0.0074135 -0.0149994 0.0488580
v -0.0071003 -0.0141337 0.0485100
v 0.0291987 -0.0032330 0.1890551
v 0.0294271 -0.0022772 0.1891089
v -0.0060276 -0.0154611 0.0485507
v -0.0058902 -0.0145369 0.0482417
v 0.0320814 0.0123278 0.1869781
v 0.0306400 0.0122133 0.1873495
v 0.0319440 0.0132916 0.1871229
v 0.0306855 0.0131916 0.1874471
v -0.0045862 -0.0000148 0.0468451
v -0.0031449 0.0000997 0.0464738
v -0.0046317 0.0009319 0.0465799
v -0.0033733 0.0010319 0.0462557
v 0.0334673 0.0127295 0.1865957
v 0.0331541 0.0136423 0.1867890
v -0.0017590 0.0005014 0.0460913
v -0.0021632 0.0013826 0.0459218
v 0.0347446 0.0134029 0.1862169
v 0.0342693 0.0142303 0.1864582
v -0.0004817 0.0011748 0.0457125
v -0.0010479 0.0019706 0.0455910
v 0.0358641 0.0143221 0.1858562
v 0.0352468 0.0150329 0.1861433
v 0.0006379 0.0020940 0.0453518
v -0.0000704 0.0027732 0.0452761
v 0.0367829 0.0154518 0.1855275
v 0.0360490 0.0160192 0.1858563
v 0.0015567 0.0032237 0.0450231
v 0.0007318 0.0037596 0.0449891
v 0.0374657 0.0167486 0.1852435
v 0.0366452 0.0171515 0.1856083
v 0.0022394 0.0045205 0.0447391
v 0.0013279 0.0048918 0.0447411
v 0.0378861 0.0181627 0.1850150
v 0.0370122 0.0183861 0.1854088
v 0.0026598 0.0059346 0.0445106
v 0.0016950 0.0061264 0.0445416
v 0.0380280 0.0196396 0.1848509
v 0.0371362 0.0196757 0.1852655
v 0.0028018 0.0074115 0.0443465
v 0.0018189 0.0074160 0.0443983
v 0.0378861 0.0211227 0.1847574
v 0.0380280 0.0196396 0.1848509
v 0.0370122 0.0209706 0.1851839
v 0.0371362 0.0196757 0.1852655
v 0.0028018 0.0074115 0.0443465
v 0.0026598 0.0088946 0.0442530
v 0.0018189 0.0074160 0.0443983
v 0.0016950 0.0087109 0.0443167
v 0.0374657 0.0225549 0.1847382
v 0.0366452 0.0222211 0.1851671
v 0.0022394 0.0103268 0.0442338
v 0.0013279 0.0099615 0.0442999
v 0.0367829 0.0238813 0.1847939
v 0.0360490 0.0233792 0.1852158
v 0.0015567 0.0116532 0.0442895
v 0.0007318 0.0111195 0.0443486
v 0.0358641 0.0250508 0.1849225
v 0.0352468 0.0244003 0.1853280
v 0.0006379 0.0128227 0.0444181
v -0.0000704 0.0121407 0.0444608
v 0.0347446 0.0260185 0.1851189
v 0.0342693 0.0252453 0.1854996
v -0.0004817 0.0137904 0.0446145
v -0.0010479 0.0129856 0.0446324
v 0.0334673 0.0267472 0.1853757
v 0.0331541 0.0258815 0.1857238
v -0.0017590 0.0145191 0.0448714
v -0.0021632 0.0136218 0.0448566
v 0.0320814 0.0272089 0.1856830
v 0.0319440 0.0262846 0.1859921
v -0.0031449 0.0149808 0.0451787
v -0.0033733 0.0140250 0.0451249
v 0.0306400 0.0273859 0.1860290
v 0.0306855 0.0264392 0.1862942
v -0.0045862 0.0151578 0.0455246
v -0.0046317 0.0141795 0.0454270
v 0.0291987 0.0272713 0.1864003
v 0.0294270 0.0263392 0.1866184
v -0.0060276 0.0150432 0.0458959
v -0.0058902 0.0140795 0.0457512
v 0.0278127 0.0268696 0.1867828
v 0.0282169 0.0259884 0.1869523
v -0.0074135 0.0146415 0.0462784
v -0.0071003 0.0137287 0.0460851
v 0.0265355 0.0261962 0.1871616
v 0.0271017 0.0254005 0.1872831
v -0.0086908 0.0139681 0.0466572
v -0.0082155 0.0131408 0.0464159
v 0.0254159 0.0252770 0.1875223
v 0.0261242 0.0245979 0.1875980
v -0.0098104 0.0130489 0.0470179
v -0.0091930 0.0123382 0.0467308
v 0.0244971 0.0241473 0.1878510
v 0.0253220 0.0236115 0.1878850
v -0.0107292 0.0119192 0.0473466
v -0.0099953 0.0113518 0.0470178
v 0.0238144 0.0228505 0.1881350
v 0.0247259 0.0224792 0.1881330
v -0.0114119 0.0106224 0.0476306
v -0.0105914 0.0102196 0.0472658
v 0.0233940 0.0214365 0.1883634
v 0.0243588 0.0212446 0.1883325
v -0.0118323 0.0092084 0.0478591
v -0.0109584 0.0089849 0.0474652
v 0.0232520 0.0199596 0.1885276
v 0.0242348 0.0199551 0.1884758
v -0.0119743 0.0077315 0.0480232
v -0.0110824 0.0076954 0.0476085
v 0.0233940 0.0184765 0.1886211
v 0.0243588 0.0186601 0.1885574
v -0.0118323 0.0062484 0.0481167
v -0.0109584 0.0064005 0.0476902
v 0.0238144 0.0170442 0.1886403
v 0.0247259 0.0174096 0.1885742
v -0.0114119 0.0048161 0.0481359
v -0.0105914 0.0051499 0.0477070
v 0.0244971 0.0157179 0.1885846
v 0.0253220 0.0162515 0.1885255
v -0.0107291 0.0034898 0.0480802
v -0.0099953 0.0039919 0.0476583
v 0.0254159 0.0145484 0.1884560
v 0.0261242 0.0152304 0.1884133
v -0.0098104 0.0023203 0.0479516
v -0.0091930 0.0029707 0.0475460
v 0.0265355 0.0135807 0.1882595
v 0.0271017 0.0143855 0.1882417
v -0.0086908 0.0013526 0.0477551
v -0.0082155 0.0021258 0.0473745
v 0.0278128 0.0128520 0.1880027
v 0.0282170 0.0137492 0.1880175
v -0.0074135 0.0006239 0.0474983
v -0.0071003 0.0014896 0.0471503
v 0.0291987 0.0123903 0.1876954
v 0.0294271 0.0133461 0.1877492
v -0.0060276 0.0001622 0.0471910
v -0.0058902 0.0010864 0.0468820
v -0.0212095 0.0033177 0.0685339
v -0.0218213 0.0023928 0.0691631
v -0.0236027 -0.0007615 0.0624123
v -0.0229752 0.0001914 0.0618434
v -0.0215202 0.0044812 0.0681152
v -0.0233027 0.0013252 0.0613608
v -0.0225715 0.0052018 0.0681522
v -0.0243934 0.0019757 0.0612471
v -0.0237474 0.0050573 0.0686234
v -0.0225715 0.0052018 0.0681522
v -0.0243934 0.0019757 0.0612471
v -0.0256084 0.0017618 0.0615691
v -0.0243592 0.0041323 0.0692526
v -0.0262360 0.0008088 0.0621380
v -0.0240484 0.0029688 0.0696713
v -0.0259085 -0.0003250 0.0626206
v -0.0229972 0.0022483 0.0696342
v -0.0248178 -0.0009754 0.0627343
v -0.0241091 -0.0032628 0.0572936
v -0.0234739 -0.0022749 0.0567974
v -0.0238061 -0.0011628 0.0562696
v -0.0249111 -0.0005781 0.0560193
v -0.0249111 -0.0005781 0.0560193
v -0.0261416 -0.0008632 0.0561932
v -0.0267768 -0.0018511 0.0566894
v -0.0264446 -0.0029631 0.0572172
v -0.0253396 -0.0035479 0.0574675
v -0.0239491 -0.0051704 0.0533078
v -0.0233162 -0.0041414 0.0529003
v -0.0236486 -0.0030268 0.0523780
v -0.0247515 -0.0024796 0.0520467
v -0.0247515 -0.0024796 0.0520467
v -0.0259790 -0.0028203 0.0521007
v -0.0266119 -0.0038494 0.0525082
v -0.0262796 -0.0049640 0.0530306
v -0.0251766 -0.0055112 0.0533618
v -0.0235550 -0.0065463 0.0499663
v -0.0229326 -0.0054745 0.0496670
v -0.0232733 -0.0043257 0.0492314
v -0.0243777 -0.0037728 0.0489146
v -0.0243777 -0.0037728 0.0489146
v -0.0255987 -0.0041396 0.0489023
v -0.0262212 -0.0052114 0.0492016
v -0.0258804 -0.0063602 0.0496373
v -0.0247760 -0.0069131 0.0499540
v -0.0232160 -0.0074258 0.0468349
v -0.0226040 -0.0063226 0.0466505
v -0.0229598 -0.0051282 0.0463813
v -0.0240751 -0.0045423 0.0461850
v -0.0240751 -0.0045423 0.0461850
v -0.0252965 -0.0049081 0.0461766
v -0.0259085 -0.0060113 0.0463610
v -0.0255527 -0.0072057 0.0466302
v -0.0244374 -0.0077916 0.0468265
v -0.0231265 -0.0078491 0.0436285
v -0.0225162 -0.0067343 0.0435264
v -0.0228759 -0.0055141 0.0434409
v -0.0239949 -0.0049032 0.0434221
v -0.0239949 -0.0049032 0.0434221
v -0.0252177 -0.0052595 0.0434811
v -0.0258280 -0.0063743 0.0435833
v -0.0254683 -0.0075945 0.0436688
v -0.0243493 -0.0082054 0.0436875
v -0.0233965 -0.0079349 0.0402248
v -0.0227847 -0.0068194 0.0401422
v -0.0231346 -0.0055940 0.0401834
v -0.0242413 -0.0049766 0.0403244
v -0.0242413 -0.0049766 0.0403244
v -0.0254564 -0.0053289 0.0404825
v -0.0260682 -0.0064445 0.0405652
v -0.0257183 -0.0076699 0.0405239
v -0.0246117 -0.0082872 0.0403830
v -0.0240494 -0.0078710 0.0365861
v -0.0234447 -0.0067553 0.0364625
v -0.0237868 -0.0055301 0.0365485
v -0.0248753 -0.0049130 0.0367937
v -0.0248753 -0.0049130 0.0367937
v -0.0260725 -0.0052655 0.0370544
v -0.0266772 -0.0063812 0.0371780
v -0.0263351 -0.0076065 0.0370920
v -0.0252466 -0.0082236 0.0368468
v -0.0250496 -0.0078746 0.0327650
v -0.0244666 -0.0067599 0.0325569
v -0.0248151 -0.0055350 0.0326178
v -0.0258910 -0.0049173 0.0329120
v -0.0258910 -0.0049173 0.0329120
v -0.0270640 -0.0052687 0.0332673
v -0.0276470 -0.0063833 0.0334755
v -0.0272985 -0.0076083 0.0334146
v -0.0262226 -0.0082260 0.0331203
v -0.0263099 -0.0081344 0.0288813
v -0.0257585 -0.0070268 0.0285732
v -0.0261285 -0.0058067 0.0285663
v -0.0272031 -0.0051887 0.0288645
v -0.0272031 -0.0051887 0.0288645
v -0.0283529 -0.0055349 0.0292933
v -0.0289043 -0.0066425 0.0296014
v -0.0285343 -0.0078626 0.0296084
v -0.0274597 -0.0084806 0.0293101
v -0.0276826 -0.0087181 0.0250301
v -0.0271583 -0.0076222 0.0246432
v -0.0275561 -0.0064140 0.0245551
v -0.0286431 -0.0058014 0.0248174
v -0.0286431 -0.0058014 0.0248174
v -0.0297825 -0.0061431 0.0252764
v -0.0303068 -0.0072390 0.0256633
v -0.0299089 -0.0084472 0.0257514
v -0.0288220 -0.0090598 0.0254892
v -0.0289536 -0.0095584 0.0212678
v -0.0284352 -0.0084664 0.0208624
v -0.0288551 -0.0072729 0.0207047
v -0.0299675 -0.0066771 0.0208871
v -0.0299675 -0.0066771 0.0208871
v -0.0311207 -0.0070279 0.0213027
v -0.0316391 -0.0081199 0.0217082
v -0.0312191 -0.0093134 0.0218658
v -0.0301068 -0.0099093 0.0216834
v -0.0298423 -0.0104553 0.0176108
v -0.0293056 -0.0093444 0.0172890
v -0.0297335 -0.0081591 0.0170949
v -0.0308754 -0.0075938 0.0171421
v -0.0308754 -0.0075938 0.0171421
v -0.0320623 -0.0079795 0.0174030
v -0.0325990 -0.0090904 0.0177247
v -0.0321711 -0.0102757 0.0179188
v -0.0310292 -0.0108410 0.0178716
v -0.0300549 -0.0111370 0.0140617
v -0.0295099 -0.0099908 0.0139393
v -0.0299377 -0.0088048 0.0137491
v -0.0310875 -0.0082738 0.0136026
v -0.0310875 -0.0082738 0.0136026
v -0.0322859 -0.0087087 0.0135856
v -0.0328309 -0.0098549 0.0137081
v -0.0324031 -0.0110409 0.0138982
v -0.0312533 -0.0115719 0.0140447
v -0.0294216 -0.0114184 0.0106767
v -0.0289282 -0.0102516 0.0108203
v -0.0293615 -0.0090634 0.0106590
v -0.0304677 -0.0085498 0.0102873
v -0.0304677 -0.0085498 0.0102873
v -0.0315989 -0.0090118 0.0099230
v -0.0320923 -0.0101787 0.0097795
v -0.0316590 -0.0113669 0.0099407
v -0.0305527 -0.0118804 0.0103124
v -0.0279313 -0.0112415 0.0075883
v -0.0275579 -0.0100879 0.0079825
v -0.0280040 -0.0089010 0.0078477
v -0.0290081 -0.0083763 0.0072630
v -0.0290081 -0.0083763 0.0072630
v -0.0299822 -0.0088210 0.0065708
v -0.0303556 -0.0099746 0.0061766
v -0.0299095 -0.0111614 0.0063114
v -0.0289053 -0.0116862 0.0068961
v -0.0257413 -0.0106761 0.0050196
v -0.0255293 -0.0095624 0.0056031
v -0.0259802 -0.0083768 0.0054740
v -0.0268297 -0.0078137 0.0047079
v -0.0268297 -0.0078137 0.0047079
v -0.0275804 -0.0082031 0.0037536
v -0.0277923 -0.0093168 0.0031702
v -0.0273415 -0.0105024 0.0032993
v -0.0264919 -0.0110655 0.0040654
v -0.0231423 -0.0098914 0.0032373
v -0.0231251 -0.0088354 0.0039515
v -0.0235586 -0.0076446 0.0038107
v -0.0241887 -0.0070166 0.0028973
v -0.0241887 -0.0070166 0.0028973
v -0.0246464 -0.0073193 0.0017464
v -0.0246636 -0.0083754 0.0010322
v -0.0242302 -0.0095661 0.0011730
v -0.0236000 -0.0101941 0.0020864
v -0.0203679 -0.0090240 0.0024069
v -0.0205852 -0.0080408 0.0031890
v -0.0209804 -0.0068382 0.0030372
v -0.0213221 -0.0061206 0.0020402
v -0.0213221 -0.0061206 0.0020402
v -0.0214102 -0.0063084 0.0007822
v -0.0211929 -0.0072916 0.0000000
v -0.0207976 -0.0084942 0.0001519
v -0.0204559 -0.0092118 0.0011488
v -0.0174878 -0.0081164 0.0025775
v -0.0179441 -0.0072090 0.0033482
v -0.0183005 -0.0059940 0.0031982
v -0.0183482 -0.0051832 0.0022153
v -0.0183482 -0.0051832 0.0022153
v -0.0180593 -0.0052516 0.0009754
v -0.0176030 -0.0061590 0.0002047
v -0.0172466 -0.0073740 0.0003547
v -0.0171989 -0.0081847 0.0013375
v -0.0144485 -0.0071293 0.0037451
v -0.0150896 -0.0062825 0.0044504
v -0.0154278 -0.0050615 0.0043068
v -0.0152651 -0.0041818 0.0033984
v -0.0152651 -0.0041818 0.0033984
v -0.0146967 -0.0041585 0.0022574
v -0.0140556 -0.0050053 0.0015520
v -0.0137173 -0.0062262 0.0016956
v -0.0138800 -0.0071060 0.0026040
v -0.0112003 -0.0059949 0.0058271
v -0.0119597 -0.0051892 0.0064594
v -0.0122951 -0.0039673 0.0063176
v -0.0120099 -0.0030450 0.0054848
v -0.0120099 -0.0030450 0.0054848
v -0.0112713 -0.0029625 0.0044488
v -0.0105119 -0.0037682 0.0038165
v -0.0101766 -0.0049901 0.0039583
v -0.0104617 -0.0059124 0.0047911
v -0.0078207 -0.0047338 0.0087117
v -0.0086595 -0.0039572 0.0092765
v -0.0089865 -0.0027322 0.0091418
v -0.0086101 -0.0017764 0.0083865
v -0.0086101 -0.0017764 0.0083865
v -0.0077509 -0.0016497 0.0074530
v -0.0069122 -0.0024263 0.0068882
v -0.0065852 -0.0036513 0.0070229
v -0.0069615 -0.0046071 0.0077782
v -0.0045249 -0.0034985 0.0123465
v -0.0054289 -0.0027456 0.0128380
v -0.0057285 -0.0015107 0.0127342
v -0.0052481 -0.0005170 0.0120958
v -0.0052481 -0.0005170 0.0120958
v -0.0042691 -0.0003468 0.0112968
v -0.0033651 -0.0010996 0.0108052
v -0.0030656 -0.0023346 0.0109091
v -0.0035460 -0.0033283 0.0115475
v -0.0016465 -0.0025628 0.0167715
v -0.0026092 -0.0018280 0.0171703
v -0.0028627 -0.0005788 0.0171392
v -0.0022586 0.0004530 0.0166965
v -0.0022586 0.0004530 0.0166965
v -0.0011506 0.0006630 0.0161014
v -0.0001880 -0.0000717 0.0157027
v 0.0000655 -0.0013209 0.0157337
v -0.0005386 -0.0023527 0.0161765
v 0.0004666 -0.0022598 0.0221857
v -0.0005332 -0.0015307 0.0224932
v -0.0007476 -0.0002755 0.0225582
v -0.0000511 0.0007705 0.0223428
v -0.0000511 0.0007705 0.0223428
v 0.0011483 0.0009946 0.0219730
v 0.0021481 0.0002655 0.0216655
v 0.0023626 -0.0009897 0.0216004
v 0.0016660 -0.0020357 0.0218159
v 0.0019814 -0.0026082 0.0288194
v 0.0009746 -0.0018785 0.0291012
v 0.0007731 -0.0006245 0.0292133
v 0.0014950 0.0004192 0.0290902
v 0.0014950 0.0004192 0.0290902
v 0.0027175 0.0006412 0.0288038
v 0.0037243 -0.0000885 0.0285220
v 0.0039258 -0.0013425 0.0284099
v 0.0032039 -0.0023862 0.0285330
v 0.0040115 -0.0029827 0.0366551
v 0.0030316 -0.0022540 0.0370219
v 0.0028110 -0.0009993 0.0370739
v 0.0034790 0.0000465 0.0367807
v 0.0034790 0.0000465 0.0367807
v 0.0046441 0.0002706 0.0363141
v 0.0056240 -0.0004581 0.0359473
v 0.0058446 -0.0017128 0.0358953
v 0.0051767 -0.0027585 0.0361884
v 0.0087220 -0.0020070 0.0452431
v 0.0078313 -0.0012577 0.0457636
v 0.0075321 -0.0000211 0.0456801
v 0.0079997 0.0009785 0.0450415
v 0.0079997 0.0009785 0.0450415
v 0.0089602 0.0011555 0.0442218
v 0.0098509 0.0004062 0.0437013
v 0.0101500 -0.0008304 0.0437848
v 0.0096824 -0.0018299 0.0444234
v -0.0235826 0.0017343 0.0705318
v -0.0226110 0.0010035 0.0709161
v -0.0202502 -0.0018350 0.0561496
v -0.0212514 -0.0010656 0.0559729
v -0.0248199 0.0015376 0.0702948
v -0.0225149 -0.0012280 0.0559198
v -0.0255981 0.0005288 0.0703439
v -0.0248199 0.0015376 0.0702948
v -0.0225149 -0.0012280 0.0559198
v -0.0233006 -0.0022270 0.0560215
v -0.0254613 -0.0007012 0.0706504
v -0.0231482 -0.0034774 0.0562184
v -0.0244897 -0.0014319 0.0710348
v -0.0221470 -0.0042469 0.0563951
v -0.0232525 -0.0012353 0.0712718
v -0.0208835 -0.0040845 0.0564482
v -0.0224743 -0.0002265 0.0712226
v -0.0200978 -0.0030855 0.0563465
v -0.0205835 -0.0028507 0.0468006
v -0.0215701 -0.0020504 0.0469100
v -0.0228199 -0.0021840 0.0471238
v -0.0228199 -0.0021840 0.0471238
v -0.0236009 -0.0031731 0.0473167
v -0.0234556 -0.0044385 0.0473759
v -0.0224690 -0.0052387 0.0472665
v -0.0212192 -0.0051052 0.0470527
v -0.0204382 -0.0041160 0.0468597
v -0.0224214 -0.0029843 0.0406120
v -0.0233346 -0.0021744 0.0409805
v -0.0245086 -0.0022981 0.0414622
v -0.0245086 -0.0022981 0.0414622
v -0.0252557 -0.0032828 0.0417750
v -0.0251382 -0.0045518 0.0417356
v -0.0242250 -0.0053616 0.0413671
v -0.0230510 -0.0052380 0.0408854
v -0.0223039 -0.0042533 0.0405726
v -0.0248345 -0.0029514 0.0360540
v -0.0256974 -0.0021397 0.0365253
v -0.0267967 -0.0022606 0.0371598
v -0.0267967 -0.0022606 0.0371598
v -0.0274884 -0.0032433 0.0375859
v -0.0273673 -0.0045121 0.0375539
v -0.0265044 -0.0053238 0.0370826
v -0.0254051 -0.0052029 0.0364480
v -0.0247134 -0.0042202 0.0360220
v -0.0272232 -0.0032194 0.0321876
v -0.0281180 -0.0024124 0.0326043
v -0.0292013 -0.0025309 0.0332663
v -0.0292013 -0.0025309 0.0332663
v -0.0298384 -0.0035056 0.0337857
v -0.0296562 -0.0047654 0.0338582
v -0.0287614 -0.0055725 0.0334415
v -0.0276782 -0.0054539 0.0327795
v -0.0270410 -0.0044793 0.0322601
v -0.0292972 -0.0040100 0.0285631
v -0.0302757 -0.0032365 0.0288278
v -0.0313915 -0.0033681 0.0294304
v -0.0313915 -0.0033681 0.0294304
v -0.0319911 -0.0043277 0.0300181
v -0.0317231 -0.0055531 0.0302466
v -0.0307447 -0.0063266 0.0299819
v -0.0296288 -0.0061950 0.0293792
v -0.0290293 -0.0052354 0.0287915
v -0.0308796 -0.0053595 0.0249601
v -0.0319410 -0.0046566 0.0250313
v -0.0331066 -0.0048305 0.0255178
v -0.0331066 -0.0048305 0.0255178
v -0.0336937 -0.0057795 0.0261346
v -0.0333583 -0.0069476 0.0265204
v -0.0322970 -0.0076505 0.0264492
v -0.0311313 -0.0074765 0.0259627
v -0.0305443 -0.0065275 0.0253459
v -0.0318581 -0.0071460 0.0213058
v -0.0329694 -0.0065322 0.0211882
v -0.0341743 -0.0067761 0.0215265
v -0.0341743 -0.0067761 0.0215265
v -0.0347669 -0.0077349 0.0221224
v -0.0344001 -0.0088469 0.0226270
v -0.0332888 -0.0094607 0.0227445
v -0.0320839 -0.0092168 0.0224063
v -0.0314913 -0.0082580 0.0218103
v -0.0321735 -0.0090884 0.0176870
v -0.0332988 -0.0085606 0.0174027
v -0.0345184 -0.0088949 0.0175660
v -0.0345184 -0.0088949 0.0175660
v -0.0351177 -0.0098954 0.0180812
v -0.0347459 -0.0109760 0.0186465
v -0.0336205 -0.0115038 0.0189308
v -0.0324010 -0.0111696 0.0187674
v -0.0318016 -0.0101691 0.0182522
v -0.0318289 -0.0107887 0.0143276
v -0.0329369 -0.0103368 0.0138872
v -0.0341320 -0.0107774 0.0138315
v -0.0341320 -0.0107774 0.0138315
v -0.0347143 -0.0118525 0.0141931
v -0.0343426 -0.0129323 0.0147601
v -0.0332347 -0.0133843 0.0152005
v -0.0320395 -0.0129436 0.0152562
v -0.0314572 -0.0118685 0.0148946
v -0.0308992 -0.0119472 0.0114374
v -0.0319526 -0.0115578 0.0108337
v -0.0330551 -0.0121048 0.0105006
v -0.0330551 -0.0121048 0.0105006
v -0.0335609 -0.0132676 0.0106330
v -0.0331736 -0.0143652 0.0111536
v -0.0321202 -0.0147546 0.0117572
v -0.0310177 -0.0142077 0.0120904
v -0.0305120 -0.0130448 0.0119579
v -0.0295024 -0.0124685 0.0091023
v -0.0304546 -0.0121151 0.0083315
v -0.0313714 -0.0127280 0.0076917
v -0.0313714 -0.0127280 0.0076917
v -0.0317157 -0.0139483 0.0075575
v -0.0312858 -0.0150611 0.0080076
v -0.0303336 -0.0154145 0.0087784
v -0.0294168 -0.0148015 0.0094182
v -0.0290725 -0.0135812 0.0095524
v -0.0277300 -0.0124135 0.0072776
v -0.0285435 -0.0120580 0.0063625
v -0.0292112 -0.0126673 0.0054632
v -0.0292112 -0.0126673 0.0054632
v -0.0293419 -0.0138844 0.0051067
v -0.0288590 -0.0149964 0.0055016
v -0.0280455 -0.0153519 0.0064167
v -0.0273778 -0.0147426 0.0073159
v -0.0272471 -0.0135255 0.0076725
v -0.0256697 -0.0119334 0.0059032
v -0.0263299 -0.0115453 0.0048838
v -0.0267514 -0.0121022 0.0038171
v -0.0267514 -0.0121022 0.0038171
v -0.0266871 -0.0132779 0.0033279
v -0.0261748 -0.0143836 0.0037028
v -0.0255145 -0.0147717 0.0047222
v -0.0250931 -0.0142148 0.0057889
v -0.0251574 -0.0130391 0.0062781
v -0.0234686 -0.0112137 0.0049733
v -0.0239698 -0.0107756 0.0038859
v -0.0241730 -0.0112639 0.0027258
v -0.0241730 -0.0112639 0.0027258
v -0.0239590 -0.0123926 0.0021725
v -0.0234533 -0.0135004 0.0025502
v -0.0229520 -0.0139384 0.0036377
v -0.0227489 -0.0134501 0.0047978
v -0.0229628 -0.0123215 0.0053511
v -0.0212776 -0.0104071 0.0044843
v -0.0216119 -0.0099087 0.0033594
v -0.0216133 -0.0103241 0.0021539
v -0.0216133 -0.0103241 0.0021539
v -0.0212811 -0.0114099 0.0015741
v -0.0208098 -0.0125302 0.0019596
v -0.0204756 -0.0130286 0.0030845
v -0.0204741 -0.0126132 0.0042900
v -0.0208064 -0.0115274 0.0048698
v -0.0191940 -0.0096073 0.0044025
v -0.0193579 -0.0090436 0.0032706
v -0.0191649 -0.0093845 0.0020573
v -0.0191649 -0.0093845 0.0020573
v -0.0187281 -0.0104304 0.0014733
v -0.0183034 -0.0115685 0.0018606
v -0.0181396 -0.0121321 0.0029925
v -0.0183326 -0.0117912 0.0042058
v -0.0187694 -0.0107454 0.0047898
v -0.0172474 -0.0088364 0.0046744
v -0.0172515 -0.0082090 0.0035644
v -0.0168735 -0.0084762 0.0023764
v -0.0168735 -0.0084762 0.0023764
v -0.0163348 -0.0094815 0.0018063
v -0.0159510 -0.0106359 0.0021880
v -0.0159469 -0.0112632 0.0032980
v -0.0163249 -0.0109960 0.0044860
v -0.0168636 -0.0099908 0.0050561
v -0.0154041 -0.0080640 0.0052597
v -0.0152655 -0.0073769 0.0041947
v -0.0147176 -0.0075729 0.0030602
v -0.0147176 -0.0075729 0.0030602
v -0.0140814 -0.0085373 0.0025208
v -0.0137296 -0.0097051 0.0028925
v -0.0138682 -0.0103922 0.0039575
v -0.0144161 -0.0101962 0.0050920
v -0.0150523 -0.0092318 0.0056314
v -0.0135787 -0.0072523 0.0061834
v -0.0133118 -0.0065087 0.0051827
v -0.0126156 -0.0066394 0.0041226
v -0.0126156 -0.0066394 0.0041226
v -0.0118979 -0.0075679 0.0036241
v -0.0115793 -0.0087503 0.0039791
v -0.0118462 -0.0094939 0.0049798
v -0.0125424 -0.0093632 0.0060400
v -0.0132600 -0.0084347 0.0065385
v -0.0116428 -0.0063682 0.0075489
v -0.0112641 -0.0055742 0.0066259
v -0.0104496 -0.0056517 0.0056480
v -0.0104496 -0.0056517 0.0056480
v -0.0096766 -0.0065553 0.0051880
v -0.0093977 -0.0077556 0.0055153
v -0.0097765 -0.0085495 0.0064383
v -0.0105909 -0.0084720 0.0074162
v -0.0113640 -0.0075685 0.0078762
v -0.0094565 -0.0053997 0.0095098
v -0.0089650 -0.0045567 0.0086892
v -0.0080447 -0.0045882 0.0078073
v -0.0080447 -0.0045882 0.0078073
v -0.0072347 -0.0054757 0.0073808
v -0.0070095 -0.0066994 0.0076595
v -0.0075011 -0.0075424 0.0084801
v -0.0084214 -0.0075109 0.0093620
v -0.0092314 -0.0066234 0.0097885
v -0.0070020 -0.0044381 0.0123817
v -0.0063361 -0.0035294 0.0117847
v -0.0052563 -0.0035009 0.0111072
v -0.0052563 -0.0035009 0.0111072
v -0.0043953 -0.0043692 0.0107460
v -0.0042574 -0.0056257 0.0109129
v -0.0049234 -0.0065343 0.0115099
v -0.0060031 -0.0065629 0.0121874
v -0.0068641 -0.0056946 0.0125485
v -0.0047185 -0.0039429 0.0175879
v -0.0038869 -0.0029988 0.0173805
v -0.0026527 -0.0029373 0.0170664
v -0.0026527 -0.0029373 0.0170664
v -0.0017388 -0.0037943 0.0168297
v -0.0016806 -0.0050679 0.0168090
v -0.0025122 -0.0060119 0.0170164
v -0.0037464 -0.0060734 0.0173304
v -0.0046603 -0.0052164 0.0175672
v -0.0038100 -0.0049730 0.0282383
v -0.0029362 -0.0040576 0.0283944
v -0.0016621 -0.0040232 0.0284251
v -0.0016621 -0.0040232 0.0284251
v -0.0007338 -0.0048900 0.0283123
v -0.0006953 -0.0061502 0.0281222
v -0.0015690 -0.0070656 0.0279661
v -0.0028432 -0.0070999 0.0279355
v -0.0037714 -0.0062331 0.0280482
v -0.0064625 -0.0092631 0.0488621
v -0.0056123 -0.0083911 0.0492397
v -0.0043608 -0.0083984 0.0494831
v -0.0043608 -0.0083984 0.0494831
v -0.0034410 -0.0092807 0.0494496
v -0.0033917 -0.0105212 0.0491589
v -0.0042418 -0.0113932 0.0487813
v -0.0054934 -0.0113858 0.0485379
v -0.0064132 -0.0105035 0.0485714
v -0.0206610 0.0027445 0.0720302
v -0.0194976 0.0022272 0.0720967
v -0.0201103 0.0008793 0.0594704
v -0.0212649 0.0014133 0.0595554
v -0.0218523 0.0022907 0.0720551
v -0.0224454 0.0009800 0.0597660
v -0.0223735 0.0011316 0.0721570
v -0.0218523 0.0022907 0.0720551
v -0.0224454 0.0009800 0.0597660
v -0.0229602 -0.0001668 0.0599788
v -0.0219195 -0.0000539 0.0722760
v -0.0225078 -0.0013555 0.0600692
v -0.0207560 -0.0005712 0.0723425
v -0.0213532 -0.0018895 0.0599842
v -0.0195648 -0.0001174 0.0723176
v -0.0201727 -0.0014562 0.0597736
v -0.0190435 0.0010417 0.0722157
v -0.0196579 -0.0003093 0.0595608
v -0.0217822 -0.0002459 0.0517946
v -0.0229044 0.0003111 0.0520314
v -0.0240420 -0.0000919 0.0524426
v -0.0240420 -0.0000919 0.0524426
v -0.0245285 -0.0012188 0.0527875
v -0.0240791 -0.0024095 0.0528640
v -0.0229569 -0.0029665 0.0526273
v -0.0218193 -0.0025636 0.0522160
v -0.0213327 -0.0014366 0.0518711
v -0.0237216 -0.0013053 0.0467332
v -0.0248195 -0.0007338 0.0470390
v -0.0259137 -0.0011109 0.0475740
v -0.0259137 -0.0011109 0.0475740
v -0.0263632 -0.0022157 0.0480246
v -0.0259047 -0.0034010 0.0481270
v -0.0248067 -0.0039724 0.0478211
v -0.0237125 -0.0035953 0.0472862
v -0.0232630 -0.0024906 0.0468355
v -0.0254281 -0.0024173 0.0427298
v -0.0265431 -0.0018576 0.0429928
v -0.0276347 -0.0022329 0.0435343
v -0.0276347 -0.0022329 0.0435343
v -0.0280634 -0.0033233 0.0440371
v -0.0275781 -0.0044901 0.0442067
v -0.0264631 -0.0050498 0.0439437
v -0.0253715 -0.0046745 0.0434022
v -0.0249428 -0.0035841 0.0428994
v -0.0267705 -0.0036953 0.0389411
v -0.0279189 -0.0031675 0.0391095
v -0.0290274 -0.0035590 0.0396031
v -0.0290274 -0.0035590 0.0396031
v -0.0294467 -0.0046404 0.0401327
v -0.0289312 -0.0057782 0.0403880
v -0.0277828 -0.0063060 0.0402195
v -0.0266743 -0.0059146 0.0397259
v -0.0262550 -0.0048332 0.0391964
v -0.0278235 -0.0052066 0.0351372
v -0.0289968 -0.0047138 0.0352166
v -0.0301189 -0.0051244 0.0356616
v -0.0301189 -0.0051244 0.0356616
v -0.0305324 -0.0061977 0.0362117
v -0.0299952 -0.0073051 0.0365446
v -0.0288219 -0.0077978 0.0364653
v -0.0276999 -0.0073873 0.0360202
v -0.0272863 -0.0063139 0.0354701
v -0.0286306 -0.0068986 0.0312946
v -0.0298192 -0.0064373 0.0313008
v -0.0309525 -0.0068709 0.0316922
v -0.0309525 -0.0068709 0.0316922
v -0.0313667 -0.0079455 0.0322394
v -0.0308191 -0.0090315 0.0326219
v -0.0296305 -0.0094928 0.0326156
v -0.0284971 -0.0090592 0.0322243
v -0.0280830 -0.0079846 0.0316771
v -0.0291826 -0.0086027 0.0274439
v -0.0303798 -0.0081677 0.0273883
v -0.0315244 -0.0086359 0.0276988
v -0.0315244 -0.0086359 0.0276988
v -0.0319460 -0.0097328 0.0281934
v -0.0313974 -0.0108161 0.0285823
v -0.0302002 -0.0112511 0.0286379
v -0.0290556 -0.0107830 0.0283274
v -0.0286341 -0.0096860 0.0278329
v -0.0294259 -0.0100491 0.0236607
v -0.0306265 -0.0096354 0.0235458
v -0.0317788 -0.0101529 0.0237191
v -0.0317788 -0.0101529 0.0237191
v -0.0322079 -0.0112983 0.0240791
v -0.0316624 -0.0124007 0.0244149
v -0.0304618 -0.0128143 0.0245298
v -0.0293095 -0.0122969 0.0243565
v -0.0288804 -0.0111515 0.0239965
v -0.0292850 -0.0109311 0.0200360
v -0.0304825 -0.0105321 0.0198557
v -0.0316249 -0.0110970 0.0198177
v -0.0316249 -0.0110970 0.0198177
v -0.0320430 -0.0122949 0.0199443
v -0.0314919 -0.0134240 0.0201613
v -0.0302944 -0.0138229 0.0203416
v -0.0291520 -0.0132580 0.0203796
v -0.0287339 -0.0120602 0.0202530
v -0.0287188 -0.0110804 0.0166210
v -0.0299037 -0.0106842 0.0163663
v -0.0310016 -0.0112590 0.0160664
v -0.0310016 -0.0112590 0.0160664
v -0.0313694 -0.0124680 0.0158969
v -0.0307916 -0.0136030 0.0159571
v -0.0296068 -0.0139991 0.0162118
v -0.0285089 -0.0134244 0.0165117
v -0.0281411 -0.0122154 0.0166812
v -0.0277236 -0.0104905 0.0134367
v -0.0288833 -0.0100801 0.0131014
v -0.0299015 -0.0106100 0.0125464
v -0.0299015 -0.0106100 0.0125464
v -0.0301818 -0.0117697 0.0120967
v -0.0295601 -0.0128799 0.0120159
v -0.0284004 -0.0132902 0.0123513
v -0.0273822 -0.0127604 0.0129063
v -0.0271018 -0.0116007 0.0133559
v -0.0263330 -0.0092922 0.0105533
v -0.0274506 -0.0088473 0.0101304
v -0.0283693 -0.0092957 0.0093685
v -0.0283693 -0.0092957 0.0093685
v -0.0285511 -0.0103747 0.0087139
v -0.0278894 -0.0114522 0.0085501
v -0.0267718 -0.0118970 0.0089729
v -0.0258530 -0.0114486 0.0097348
v -0.0256713 -0.0103696 0.0103894
v -0.0246552 -0.0077929 0.0081361
v -0.0257003 -0.0072863 0.0076101
v -0.0265035 -0.0076360 0.0066837
v -0.0265035 -0.0076360 0.0066837
v -0.0265942 -0.0086373 0.0058995
v -0.0259193 -0.0097035 0.0057170
v -0.0248742 -0.0102102 0.0062430
v -0.0240710 -0.0098605 0.0071694
v -0.0239803 -0.0088592 0.0079536
v -0.0228506 -0.0063611 0.0063749
v -0.0237615 -0.0057523 0.0057227
v -0.0244035 -0.0059795 0.0046448
v -0.0244035 -0.0059795 0.0046448
v -0.0244006 -0.0069095 0.0037726
v -0.0237545 -0.0079976 0.0036171
v -0.0228436 -0.0086064 0.0042693
v -0.0222015 -0.0083792 0.0053471
v -0.0222044 -0.0074492 0.0062193
v -0.0210724 -0.0052417 0.0053758
v -0.0217391 -0.0044845 0.0045960
v -0.0221166 -0.0045510 0.0033800
v -0.0221166 -0.0045510 0.0033800
v -0.0219839 -0.0054022 0.0024401
v -0.0214187 -0.0065395 0.0023268
v -0.0207521 -0.0072966 0.0031065
v -0.0203745 -0.0072301 0.0043225
v -0.0205073 -0.0063789 0.0052625
v -0.0193917 -0.0044874 0.0051094
v -0.0197105 -0.0035728 0.0042802
v -0.0197046 -0.0034658 0.0030097
v -0.0197046 -0.0034658 0.0030097
v -0.0193776 -0.0042290 0.0020421
v -0.0189210 -0.0054154 0.0019443
v -0.0186023 -0.0063300 0.0027735
v -0.0186081 -0.0064371 0.0040440
v -0.0189351 -0.0056738 0.0050115
v -0.0176915 -0.0039586 0.0054949
v -0.0176958 -0.0029380 0.0047308
v -0.0173079 -0.0027021 0.0035393
v -0.0173079 -0.0027021 0.0035393
v -0.0167552 -0.0033892 0.0026185
v -0.0163613 -0.0045968 0.0025076
v -0.0163571 -0.0056175 0.0032717
v -0.0167450 -0.0058533 0.0044632
v -0.0172977 -0.0051662 0.0053841
v -0.0157966 -0.0034648 0.0065625
v -0.0156144 -0.0023922 0.0058977
v -0.0149604 -0.0020822 0.0048480
v -0.0149604 -0.0020822 0.0048480
v -0.0142178 -0.0027165 0.0040283
v -0.0138216 -0.0039234 0.0039187
v -0.0140039 -0.0049960 0.0045834
v -0.0146579 -0.0053060 0.0056332
v -0.0154004 -0.0046718 0.0064529
v -0.0136349 -0.0028902 0.0084358
v -0.0133559 -0.0017914 0.0078523
v -0.0125406 -0.0014379 0.0069380
v -0.0125406 -0.0014379 0.0069380
v -0.0116667 -0.0020366 0.0062285
v -0.0112461 -0.0032370 0.0061393
v -0.0115252 -0.0043357 0.0067228
v -0.0123405 -0.0046893 0.0076372
v -0.0132144 -0.0040905 0.0083467
v -0.0111691 -0.0021800 0.0112822
v -0.0108312 -0.0010645 0.0107652
v -0.0099152 -0.0006824 0.0099649
v -0.0099152 -0.0006824 0.0099649
v -0.0089575 -0.0012574 0.0093501
v -0.0085193 -0.0024527 0.0092810
v -0.0088571 -0.0035682 0.0097980
v -0.0097732 -0.0039503 0.0105983
v -0.0107309 -0.0033753 0.0112130
v -0.0083477 -0.0013404 0.0153291
v -0.0079661 -0.0002120 0.0148745
v -0.0069785 0.0001914 0.0141761
v -0.0069785 0.0001914 0.0141761
v -0.0059635 -0.0003666 0.0136432
v -0.0055156 -0.0015590 0.0135879
v -0.0058972 -0.0026875 0.0140425
v -0.0068848 -0.0030908 0.0147408
v -0.0078998 -0.0025328 0.0152737
v -0.0052422 -0.0003905 0.0208120
v -0.0048295 0.0007484 0.0204142
v -0.0037726 0.0011752 0.0198427
v -0.0037726 0.0011752 0.0198427
v -0.0026907 0.0006398 0.0194323
v -0.0022175 -0.0005441 0.0194233
v -0.0026302 -0.0016830 0.0198211
v -0.0036870 -0.0021098 0.0203925
v -0.0047689 -0.0015744 0.0208030
v -0.0025827 0.0009029 0.0278311
v -0.0021550 0.0020508 0.0274777
v -0.0010248 0.0025213 0.0271213
v -0.0010248 0.0025213 0.0271213
v 0.0001458 0.0020388 0.0269708
v 0.0006710 0.0008859 0.0271144
v 0.0002432 -0.0002621 0.0274678
v -0.0008870 -0.0007326 0.0278242
v -0.0020575 -0.0002500 0.0279747
v -0.0019429 0.0031530 0.0363933
v -0.0015142 0.0043079 0.0360647
v -0.0003706 0.0048711 0.0360380
v -0.0003706 0.0048711 0.0360380
v 0.0008179 0.0045126 0.0363289
v 0.0013551 0.0034425 0.0367669
v 0.0009263 0.0022876 0.0370956
v -0.0002172 0.0017244 0.0371222
v -0.0014057 0.0020829 0.0368313
v -0.0058397 0.0074256 0.0465845
v -0.0054131 0.0085830 0.0462618
v -0.0043949 0.0092864 0.0465685
v -0.0043949 0.0092864 0.0465685
v -0.0033815 0.0091239 0.0473250
v -0.0029666 0.0081906 0.0480882
v -0.0033932 0.0070333 0.0484110
v -0.0044114 0.0063298 0.0481043
v -0.0054248 0.0064923 0.0473477
v 0.0306855 -0.0024317 0.1888068
v 0.0319440 -0.0023317 0.1884826
v 0.0331541 -0.0019810 0.1881487
v 0.0342693 -0.0013930 0.1878179
v 0.0352468 -0.0005904 0.1875030
v 0.0360490 0.0003959 0.1872160
v 0.0366452 0.0015282 0.1869680
v 0.0370122 0.0027628 0.1867685
v 0.0371362 0.0040524 0.1866252
v 0.0370122 0.0053473 0.1865436
v 0.0366452 0.0065978 0.1865268
v 0.0360490 0.0077559 0.1865755
v 0.0352468 0.0087770 0.1866877
v 0.0342693 0.0096219 0.1868593
v 0.0331541 0.0102582 0.1870835
v 0.0319440 0.0106613 0.1873518
v 0.0306855 0.0108159 0.1876539
v 0.0294270 0.0107158 0.1879781
v 0.0282169 0.0103651 0.1883120
v 0.0271017 0.0097772 0.1886428
v 0.0261242 0.0089746 0.1889577
v 0.0253220 0.0079882 0.1892447
v 0.0247259 0.0068559 0.1894927
v 0.0243588 0.0056213 0.1896922
v 0.0242348 0.0043318 0.1898355
v 0.0243588 0.0030368 0.1899171
v 0.0247259 0.0017863 0.1899339
v 0.0253220 0.0006282 0.1898852
v 0.0261242 -0.0003929 0.1897730
v 0.0271017 -0.0012378 0.1896014
v 0.0282170 -0.0018741 0.1893772
v 0.0294271 -0.0022772 0.1891089
v 0.0097688 -0.0070643 0.0436654
v 0.0085103 -0.0071644 0.0439896
v 0.0072519 -0.0070098 0.0442917
v 0.0060418 -0.0066067 0.0445600
v 0.0049265 -0.0059704 0.0447842
v 0.0039490 -0.0051255 0.0449558
v 0.0031468 -0.0041044 0.0450680
v 0.0025507 -0.0029463 0.0451167
v 0.0021836 -0.0016958 0.0450999
v 0.0020597 -0.0004009 0.0450183
v 0.0021836 0.0008887 0.0448750
v 0.0025507 0.0021233 0.0446755
v 0.0031468 0.0032556 0.0444275
v 0.0039490 0.0042420 0.0441405
v 0.0049265 0.0050445 0.0438256
v 0.0060418 0.0056325 0.0434948
v 0.0072519 0.0059832 0.0431609
v 0.0085103 0.0060832 0.0428367
v 0.0097688 0.0059287 0.0425346
v 0.0109789 0.0055256 0.0422663
v 0.0120941 0.0048893 0.0420421
v 0.0130716 0.0040444 0.0418705
v 0.0138739 0.0030233 0.0417583
v 0.0144700 0.0018652 0.0417096
v 0.0148371 0.0006147 0.0417264
v 0.0149610 -0.0006802 0.0418080
v 0.0148371 -0.0019698 0.0419514
v 0.0144700 -0.0032044 0.0421508
v 0.0138739 -0.0043367 0.0423988
v 0.0130717 -0.0053231 0.0426858
v 0.0120941 -0.0061257 0.0430007
v 0.0109789 -0.0067136 0.0433315
v 0.0306855 0.0131916 0.1874471
v 0.0319440 0.0132916 0.1871229
v 0.0331541 0.0136423 0.1867890
v 0.0342693 0.0142303 0.1864582
v 0.0352468 0.0150329 0.1861433
v 0.0360490 0.0160192 0.1858563
v 0.0366452 0.0171515 0.1856083
v 0.0370122 0.0183861 0.1854088
v 0.0371362 0.0196757 0.1852655
v 0.0370122 0.0209706 0.1851839
v 0.0366452 0.0222211 0.1851671
v 0.0360490 0.0233792 0.1852158
v 0.0352468 0.0244003 0.1853280
v 0.0342693 0.0252453 0.1854996
v 0.0331541 0.0258815 0.1857238
v 0.0319440 0.0262846 0.1859921
v 0.0306855 0.0264392 0.1862942
v 0.0294270 0.0263392 0.1866184
v 0.0282169 0.0259884 0.1869523
v 0.0271017 0.0254005 0.1872831
v 0.0261242 0.0245979 0.1875980
v 0.0253220 0.0236115 0.1878850
v 0.0247259 0.0224792 0.1881330
v 0.0243588 0.0212446 0.1883325
v 0.0242348 0.0199551 0.1884758
v 0.0243588 0.0186601 0.1885574
v 0.0247259 0.0174096 0.1885742
v 0.0253220 0.0162515 0.1885255
v 0.0261242 0.0152304 0.1884133
v 0.0271017 0.0143855 0.1882417
v 0.0282170 0.0137492 0.1880175
v 0.0294271 0.0133461 0.1877492
v -0.0033733 -0.0145914 0.0476154
v -0.0046317 -0.0146914 0.0479396
v -0.0058902 -0.0145369 0.0482417
v -0.0071003 -0.0141337 0.0485100
v -0.0082155 -0.0134975 0.0487342
v -0.0091930 -0.0126526 0.0489057
v -0.0099953 -0.0116315 0.0490180
v -0.0105914 -0.0104734 0.0490667
v -0.0109584 -0.0092228 0.0490499
v -0.0110824 -0.0079279 0.0489682
v -0.0109584 -0.0066384 0.0488249
v -0.0105914 -0.0054037 0.0486254
v -0.0099953 -0.0042715 0.0483775
v -0.0091930 -0.0032851 0.0480905
v -0.0082155 -0.0024825 0.0477756
v -0.0071003 -0.0018946 0.0474448
v -0.0058902 -0.0015438 0.0471109
v -0.0046317 -0.0014438 0.0467867
v -0.0033733 -0.0015983 0.0464846
v -0.0021632 -0.0020015 0.0462163
v -0.0010479 -0.0026377 0.0459921
v -0.0000704 -0.0034827 0.0458205
v 0.0007318 -0.0045038 0.0457083
v 0.0013279 -0.0056619 0.0456596
v 0.0016950 -0.0069124 0.0456764
v 0.0018189 -0.0082073 0.0457580
v 0.0016950 -0.0094969 0.0459013
v 0.0013279 -0.0107315 0.0461008
v 0.0007318 -0.0118637 0.0463488
v -0.0000704 -0.0128501 0.0466358
v -0.0010479 -0.0136527 0.0469507
v -0.0021632 -0.0142407 0.0472815
v -0.0033733 0.0010319 0.0462557
v -0.0046317 0.0009319 0.0465799
v -0.0058902 0.0010864 0.0468820
v -0.0071003 0.0014896 0.0471503
v -0.0082155 0.0021258 0.0473745
v -0.0091930 0.0029707 0.0475460
v -0.0099953 0.0039919 0.0476583
v -0.0105914 0.0051499 0.0477070
v -0.0109584 0.0064005 0.0476902
v -0.0110824 0.0076954 0.0476085
v -0.0109584 0.0089849 0.0474652
v -0.0105914 0.0102196 0.0472658
v -0.0099953 0.0113518 0.0470178
v -0.0091930 0.0123382 0.0467308
v -0.0082155 0.0131408 0.0464159
v -0.0071003 0.0137287 0.0460851
v -0.0058902 0.0140795 0.0457512
v -0.0046317 0.0141795 0.0454270
v -0.0033733 0.0140250 0.0451249
v -0.0021632 0.0136218 0.0448566
v -0.0010479 0.0129856 0.0446324
v -0.0000704 0.0121407 0.0444608
v 0.0007318 0.0111195 0.0443486
v 0.0013279 0.0099615 0.0442999
v 0.0016950 0.0087109 0.0443167
v 0.0018189 0.0074160 0.0443983
v 0.0016950 0.0061264 0.0445416
v 0.0013279 0.0048918 0.0447411
v 0.0007318 0.0037596 0.0449891
v -0.0000704 0.0027732 0.0452761
v -0.0010479 0.0019706 0.0455910
v -0.0021632 0.0013826 0.0459218
v 0.0438276 0.0050953 0.1848568
v 0.0450860 0.0051953 0.1845326
v 0.0462961 0.0055461 0.1841987
v 0.0474114 0.0061340 0.1838679
v 0.0483889 0.0069366 0.1835530
v 0.0491911 0.0079230 0.1832661
v 0.0497872 0.0090552 0.1830181
v 0.0501543 0.0102899 0.1828186
v 0.0502782 0.0115794 0.1826753
v 0.0501543 0.0128744 0.1825937
v 0.0497872 0.0141249 0.1825768
v 0.0491911 0.0152830 0.1826255
v 0.0483889 0.0163041 0.1827378
v 0.0474114 0.0171490 0.1829093
v 0.0462961 0.0177853 0.1831335
v 0.0450860 0.0181884 0.1834018
v 0.0438276 0.0183429 0.1837039
v 0.0425691 0.0182429 0.1840281
v 0.0413590 0.0178922 0.1843620
v 0.0402438 0.0173042 0.1846928
v 0.0392663 0.0165016 0.1850077
v 0.0384640 0.0155153 0.1852947
v 0.0378679 0.0143830 0.1855427
v 0.0375009 0.0131484 0.1857422
v 0.0373769 0.0118588 0.1858855
v 0.0375009 0.0105639 0.1859671
v 0.0378679 0.0093134 0.1859839
v 0.0384640 0.0081553 0.1859352
v 0.0392663 0.0071342 0.1858230
v 0.0402438 0.0062892 0.1856514
v 0.0413590 0.0056530 0.1854272
v 0.0425691 0.0052499 0.1851589
v -0.0218213 0.0023928 0.0691631
v -0.0212095 0.0033177 0.0685339
v -0.0215202 0.0044812 0.0681152
v -0.0225715 0.0052018 0.0681522
v -0.0237474 0.0050573 0.0686234
v -0.0243592 0.0041323 0.0692526
v -0.0240484 0.0029688 0.0696713
v -0.0229972 0.0022483 0.0696342
v -0.0226110 0.0010035 0.0709161
v -0.0235826 0.0017343 0.0705318
v -0.0248199 0.0015376 0.0702948
v -0.0255981 0.0005288 0.0703439
v -0.0254613 -0.0007012 0.0706504
v -0.0244897 -0.0014319 0.0710348
v -0.0232525 -0.0012353 0.0712718
v -0.0224743 -0.0002265 0.0712226
v -0.0194976 0.0022272 0.0720967
v -0.0206610 0.0027445 0.0720302
v -0.0218523 0.0022907 0.0720551
v -0.0223735 0.0011316 0.0721570
v -0.0219195 -0.0000539 0.0722760
v -0.0207560 -0.0005712 0.0723425
v -0.0195648 -0.0001174 0.0723176
v -0.0190435 0.0010417 0.0722157
v -0.0164138 0.0104094 0.0537883
v -0.0060377 0.0104094 0.0822962
v -0.0267736 -0.0104094 0.0898434
v -0.0371497 -0.0104094 0.0613356
v 0.0079827 -0.0009158 0.0610509
v -0.0207331 0.0314745 0.0715026
v -0.0511701 0.0009158 0.0825808
v -0.0224543 -0.0314745 0.0721291
v -0.0026656 -0.0139509 0.0853374
v -0.0274020 0.0139509 0.0943407
v -0.0405218 0.0139509 0.0582944
v -0.0157853 -0.0139509 0.0492911
f 1 2 3
f 1 3 4
f 2 5 6
f 2 6 3
f 7 8 9
f 7 9 10
f 11 7 10
f 11 10 12
f 13 14 15
f 13 15 16
f 17 18 19
f 17 19 20
f 20 19 21
f 20 21 22
f 16 15 23
f 16 23 24
f 25 26 27
f 25 27 28
f 29 30 31
f 29 31 32
f 32 31 33
f 32 33 34
f 28 27 35
f 28 35 36
f 37 38 39
f 37 39 40
f 41 42 43
f 41 43 44
f 44 43 45
f 44 45 46
f 40 39 47
f 40 47 48
f 48 47 49
f 48 49 50
f 46 45 51
f 46 51 52
f 52 51 53
f 52 53 54
f 50 49 55
f 50 55 56
f 57 58 59
f 57 59 60
f 61 62 63
f 61 63 64
f 64 63 42
f 64 42 41
f 60 59 38
f 60 38 37
f 65 6 66
f 65 66 67
f 68 69 70
f 68 70 71
f 71 70 72
f 71 72 73
f 67 66 74
f 67 74 75
f 76 77 78
f 76 78 79
f 80 81 82
f 80 82 83
f 83 82 84
f 83 84 85
f 79 78 86
f 79 86 87
f 88 89 90
f 88 90 23
f 89 91 92
f 89 92 90
f 93 94 95
f 93 95 96
f 97 93 96
f 97 96 98
f 56 55 99
f 56 99 100
f 54 53 101
f 54 101 102
f 102 101 18
f 102 18 17
f 100 99 14
f 100 14 13
f 103 92 104
f 103 104 105
f 106 107 108
f 106 108 109
f 109 108 81
f 109 81 80
f 105 104 77
f 105 77 76
f 110 111 112
f 110 112 113
f 114 115 116
f 114 116 117
f 117 116 30
f 117 30 29
f 113 112 26
f 113 26 25
f 57 118 119
f 57 119 58
f 118 1 4
f 118 4 119
f 120 11 12
f 120 12 121
f 61 120 121
f 61 121 62
f 75 74 122
f 75 122 123
f 73 72 124
f 73 124 125
f 125 124 115
f 125 115 114
f 123 122 111
f 123 111 110
f 126 123 110
f 126 110 127
f 128 75 123
f 128 123 126
f 58 119 129
f 58 129 130
f 119 4 131
f 119 131 129
f 132 113 25
f 132 25 133
f 127 110 113
f 127 113 132
f 104 134 135
f 104 135 77
f 92 91 134
f 92 134 104
f 99 136 137
f 99 137 14
f 55 138 136
f 55 136 99
f 139 106 91
f 139 91 89
f 22 139 89
f 22 89 88
f 78 140 141
f 78 141 86
f 77 135 140
f 77 140 78
f 142 67 75
f 142 75 128
f 8 65 67
f 8 67 142
f 59 143 144
f 59 144 38
f 58 130 143
f 58 143 59
f 49 145 138
f 49 138 55
f 47 146 145
f 47 145 49
f 39 147 146
f 39 146 47
f 38 144 147
f 38 147 39
f 148 28 36
f 148 36 149
f 133 25 28
f 133 28 148
f 15 150 88
f 15 88 23
f 14 137 150
f 14 150 15
f 4 3 151
f 4 151 131
f 3 6 65
f 3 65 151
f 122 152 153
f 122 153 111
f 74 154 152
f 74 152 122
f 155 156 1
f 155 1 118
f 157 155 118
f 157 118 57
f 112 158 159
f 112 159 26
f 111 153 158
f 111 158 112
f 160 105 76
f 160 76 161
f 94 103 105
f 94 105 160
f 162 100 13
f 162 13 163
f 164 56 100
f 164 100 162
f 23 90 165
f 23 165 24
f 90 92 103
f 90 103 165
f 166 79 87
f 166 87 167
f 161 76 79
f 161 79 166
f 66 168 154
f 66 154 74
f 6 5 168
f 6 168 66
f 169 60 37
f 169 37 170
f 157 57 60
f 157 60 169
f 171 50 56
f 171 56 164
f 172 48 50
f 172 50 171
f 173 40 48
f 173 48 172
f 170 37 40
f 170 40 173
f 27 174 175
f 27 175 35
f 26 159 174
f 26 174 27
f 176 16 24
f 176 24 97
f 163 13 16
f 163 16 176
f 177 68 5
f 177 5 2
f 156 177 2
f 156 2 1
f 178 133 148
f 178 148 179
f 179 148 149
f 179 149 180
f 9 8 142
f 9 142 181
f 181 142 128
f 181 128 182
f 21 183 139
f 21 139 22
f 183 107 106
f 183 106 139
f 184 127 132
f 184 132 185
f 185 132 133
f 185 133 178
f 182 128 126
f 182 126 186
f 186 126 127
f 186 127 184
f 130 129 120
f 130 120 61
f 129 131 11
f 129 11 120
f 134 109 80
f 134 80 135
f 91 106 109
f 91 109 134
f 136 102 17
f 136 17 137
f 138 54 102
f 138 102 136
f 140 83 85
f 140 85 141
f 135 80 83
f 135 83 140
f 143 64 41
f 143 41 144
f 130 61 64
f 130 64 143
f 145 52 54
f 145 54 138
f 146 46 52
f 146 52 145
f 147 44 46
f 147 46 146
f 144 41 44
f 144 44 147
f 150 20 22
f 150 22 88
f 137 17 20
f 137 20 150
f 131 151 7
f 131 7 11
f 151 65 8
f 151 8 7
f 187 188 177
f 187 177 156
f 188 69 68
f 188 68 177
f 189 163 176
f 189 176 190
f 190 176 97
f 190 97 98
f 191 170 173
f 191 173 192
f 192 173 172
f 192 172 193
f 193 172 171
f 193 171 194
f 194 171 164
f 194 164 195
f 196 157 169
f 196 169 197
f 197 169 170
f 197 170 191
f 198 161 166
f 198 166 199
f 199 166 167
f 199 167 200
f 195 164 162
f 195 162 201
f 201 162 163
f 201 163 189
f 95 94 160
f 95 160 202
f 202 160 161
f 202 161 198
f 196 203 155
f 196 155 157
f 203 187 156
f 203 156 155
f 152 125 114
f 152 114 153
f 154 73 125
f 154 125 152
f 158 117 29
f 158 29 159
f 153 114 117
f 153 117 158
f 24 165 93
f 24 93 97
f 165 103 94
f 165 94 93
f 168 71 73
f 168 73 154
f 5 68 71
f 5 71 168
f 174 32 34
f 174 34 175
f 159 29 32
f 159 32 174
f 204 205 206
f 204 206 207
f 207 206 208
f 207 208 209
f 210 211 212
f 210 212 213
f 214 215 211
f 214 211 210
f 216 217 218
f 216 218 219
f 220 221 222
f 220 222 223
f 221 224 225
f 221 225 222
f 217 226 227
f 217 227 218
f 228 229 230
f 228 230 231
f 232 233 234
f 232 234 235
f 233 236 237
f 233 237 234
f 229 238 239
f 229 239 230
f 240 241 242
f 240 242 243
f 244 245 246
f 244 246 247
f 245 248 249
f 245 249 246
f 241 250 251
f 241 251 242
f 250 252 253
f 250 253 251
f 248 254 255
f 248 255 249
f 254 256 257
f 254 257 255
f 252 258 259
f 252 259 253
f 260 261 262
f 260 262 263
f 264 265 266
f 264 266 267
f 265 244 247
f 265 247 266
f 261 240 243
f 261 243 262
f 268 269 270
f 268 270 208
f 271 272 273
f 271 273 274
f 272 275 276
f 272 276 273
f 269 277 278
f 269 278 270
f 279 280 281
f 279 281 282
f 283 284 285
f 283 285 286
f 284 287 288
f 284 288 285
f 280 289 290
f 280 290 281
f 291 227 292
f 291 292 293
f 293 292 294
f 293 294 295
f 296 297 298
f 296 298 299
f 300 301 297
f 300 297 296
f 258 302 303
f 258 303 259
f 256 304 305
f 256 305 257
f 304 220 223
f 304 223 305
f 302 216 219
f 302 219 303
f 306 307 308
f 306 308 294
f 309 310 311
f 309 311 312
f 310 283 286
f 310 286 311
f 307 279 282
f 307 282 308
f 313 314 315
f 313 315 316
f 317 318 319
f 317 319 320
f 318 232 235
f 318 235 319
f 314 228 231
f 314 231 315
f 260 263 321
f 260 321 322
f 322 321 205
f 322 205 204
f 323 324 215
f 323 215 214
f 264 267 324
f 264 324 323
f 277 325 326
f 277 326 278
f 275 327 328
f 275 328 276
f 327 317 320
f 327 320 328
f 325 313 316
f 325 316 326
f 329 330 313
f 329 313 325
f 331 329 325
f 331 325 277
f 263 332 333
f 263 333 321
f 321 333 334
f 321 334 205
f 335 336 228
f 335 228 314
f 330 335 314
f 330 314 313
f 308 282 337
f 308 337 338
f 294 308 338
f 294 338 295
f 303 219 339
f 303 339 340
f 259 303 340
f 259 340 341
f 342 293 295
f 342 295 309
f 224 291 293
f 224 293 342
f 281 290 343
f 281 343 344
f 282 281 344
f 282 344 337
f 345 331 277
f 345 277 269
f 213 345 269
f 213 269 268
f 262 243 346
f 262 346 347
f 263 262 347
f 263 347 332
f 253 259 341
f 253 341 348
f 251 253 348
f 251 348 349
f 242 251 349
f 242 349 350
f 243 242 350
f 243 350 346
f 351 352 238
f 351 238 229
f 336 351 229
f 336 229 228
f 218 227 291
f 218 291 353
f 219 218 353
f 219 353 339
f 205 334 354
f 205 354 206
f 206 354 268
f 206 268 208
f 326 316 355
f 326 355 356
f 278 326 356
f 278 356 357
f 358 322 204
f 358 204 359
f 360 260 322
f 360 322 358
f 315 231 361
f 315 361 362
f 316 315 362
f 316 362 355
f 363 364 279
f 363 279 307
f 299 363 307
f 299 307 306
f 365 366 216
f 365 216 302
f 367 365 302
f 367 302 258
f 227 226 368
f 227 368 292
f 292 368 306
f 292 306 294
f 369 370 289
f 369 289 280
f 364 369 280
f 364 280 279
f 270 278 357
f 270 357 371
f 208 270 371
f 208 371 209
f 372 373 240
f 372 240 261
f 360 372 261
f 360 261 260
f 374 367 258
f 374 258 252
f 375 374 252
f 375 252 250
f 376 375 250
f 376 250 241
f 373 376 241
f 373 241 240
f 230 239 377
f 230 377 378
f 231 230 378
f 231 378 361
f 379 300 226
f 379 226 217
f 366 379 217
f 366 217 216
f 380 207 209
f 380 209 271
f 359 204 207
f 359 207 380
f 381 382 351
f 381 351 336
f 382 383 352
f 382 352 351
f 212 384 345
f 212 345 213
f 384 385 331
f 384 331 345
f 225 224 342
f 225 342 386
f 386 342 309
f 386 309 312
f 387 388 335
f 387 335 330
f 388 381 336
f 388 336 335
f 385 389 329
f 385 329 331
f 389 387 330
f 389 330 329
f 332 264 323
f 332 323 333
f 333 323 214
f 333 214 334
f 338 337 283
f 338 283 310
f 295 338 310
f 295 310 309
f 340 339 220
f 340 220 304
f 341 340 304
f 341 304 256
f 344 343 287
f 344 287 284
f 337 344 284
f 337 284 283
f 347 346 244
f 347 244 265
f 332 347 265
f 332 265 264
f 348 341 256
f 348 256 254
f 349 348 254
f 349 254 248
f 350 349 248
f 350 248 245
f 346 350 245
f 346 245 244
f 353 291 224
f 353 224 221
f 339 353 221
f 339 221 220
f 334 214 210
f 334 210 354
f 354 210 213
f 354 213 268
f 390 359 380
f 390 380 391
f 391 380 271
f 391 271 274
f 392 393 379
f 392 379 366
f 393 301 300
f 393 300 379
f 394 395 376
f 394 376 373
f 395 396 375
f 395 375 376
f 396 397 374
f 396 374 375
f 397 398 367
f 397 367 374
f 399 400 372
f 399 372 360
f 400 394 373
f 400 373 372
f 401 402 369
f 401 369 364
f 402 403 370
f 402 370 369
f 398 404 365
f 398 365 367
f 404 392 366
f 404 366 365
f 298 405 363
f 298 363 299
f 405 401 364
f 405 364 363
f 399 360 358
f 399 358 406
f 406 358 359
f 406 359 390
f 356 355 317
f 356 317 327
f 357 356 327
f 357 327 275
f 362 361 232
f 362 232 318
f 355 362 318
f 355 318 317
f 226 300 296
f 226 296 368
f 368 296 299
f 368 299 306
f 371 357 275
f 371 275 272
f 209 371 272
f 209 272 271
f 378 377 236
f 378 236 233
f 361 378 233
f 361 233 232
f 407 408 409
f 407 409 410
f 411 412 413
f 411 413 414
f 414 413 415
f 414 415 416
f 416 415 417
f 416 417 418
f 418 417 419
f 418 419 420
f 420 419 421
f 420 421 422
f 422 421 423
f 422 423 424
f 425 426 427
f 425 427 428
f 428 427 429
f 428 429 430
f 430 429 431
f 430 431 432
f 432 431 433
f 432 433 434
f 434 433 435
f 434 435 436
f 436 435 437
f 436 437 438
f 438 437 439
f 438 439 440
f 440 439 441
f 440 441 442
f 442 441 443
f 442 443 444
f 444 443 445
f 444 445 446
f 446 445 447
f 446 447 448
f 448 447 449
f 448 449 450
f 450 449 451
f 450 451 452
f 452 451 453
f 452 453 454
f 454 453 455
f 454 455 456
f 456 455 457
f 456 457 458
f 458 457 459
f 458 459 460
f 460 459 461
f 460 461 462
f 462 461 463
f 462 463 464
f 464 463 465
f 464 465 466
f 466 465 467
f 466 467 468
f 468 467 469
f 468 469 470
f 470 469 408
f 470 408 407
f 471 472 412
f 471 412 411
f 410 409 472
f 410 472 471
f 473 474 475
f 473 475 476
f 477 478 479
f 477 479 480
f 480 479 481
f 480 481 482
f 482 481 483
f 482 483 484
f 484 483 485
f 484 485 486
f 486 485 487
f 486 487 488
f 488 487 489
f 488 489 490
f 491 492 493
f 491 493 494
f 494 493 495
f 494 495 496
f 496 495 497
f 496 497 498
f 498 497 499
f 498 499 500
f 500 499 501
f 500 501 502
f 502 501 503
f 502 503 504
f 504 503 505
f 504 505 506
f 506 505 507
f 506 507 508
f 508 507 509
f 508 509 510
f 510 509 511
f 510 511 512
f 512 511 513
f 512 513 514
f 514 513 515
f 514 515 516
f 516 515 517
f 516 517 518
f 518 517 519
f 518 519 520
f 520 519 521
f 520 521 522
f 522 521 523
f 522 523 524
f 524 523 525
f 524 525 526
f 526 525 527
f 526 527 528
f 528 527 529
f 528 529 530
f 530 529 531
f 530 531 532
f 532 531 533
f 532 533 534
f 534 533 535
f 534 535 536
f 536 535 474
f 536 474 473
f 537 538 478
f 537 478 477
f 476 475 538
f 476 538 537
f 539 540 541
f 539 541 542
f 543 544 545
f 543 545 546
f 546 545 547
f 546 547 548
f 548 547 549
f 548 549 550
f 550 549 551
f 550 551 552
f 552 551 553
f 552 553 554
f 554 553 555
f 554 555 556
f 557 558 559
f 557 559 560
f 560 559 561
f 560 561 562
f 562 561 563
f 562 563 564
f 564 563 565
f 564 565 566
f 566 565 567
f 566 567 568
f 568 567 569
f 568 569 570
f 570 569 571
f 570 571 572
f 572 571 573
f 572 573 574
f 574 573 575
f 574 575 576
f 576 575 577
f 576 577 578
f 578 577 579
f 578 579 580
f 580 579 581
f 580 581 582
f 582 581 583
f 582 583 584
f 584 583 585
f 584 585 586
f 586 585 587
f 586 587 588
f 588 587 589
f 588 589 590
f 590 589 591
f 590 591 592
f 592 591 593
f 592 593 594
f 594 593 595
f 594 595 596
f 596 595 597
f 596 597 598
f 598 597 599
f 598 599 600
f 600 599 601
f 600 601 602
f 602 601 540
f 602 540 539
f 603 604 544
f 603 544 543
f 542 541 604
f 542 604 603
f 410 471 605
f 410 605 606
f 606 605 607
f 606 607 608
f 472 409 609
f 472 609 610
f 610 609 611
f 610 611 612
f 471 411 613
f 471 613 605
f 605 613 614
f 605 614 607
f 412 472 610
f 412 610 615
f 615 610 612
f 615 612 616
f 411 414 617
f 411 617 613
f 613 617 618
f 613 618 614
f 413 412 615
f 413 615 619
f 619 615 616
f 619 616 620
f 414 416 621
f 414 621 617
f 617 621 622
f 617 622 618
f 415 413 619
f 415 619 623
f 623 619 620
f 623 620 624
f 416 418 625
f 416 625 621
f 621 625 626
f 621 626 622
f 417 415 623
f 417 623 627
f 627 623 624
f 627 624 628
f 418 420 629
f 418 629 625
f 625 629 630
f 625 630 626
f 419 417 627
f 419 627 631
f 631 627 628
f 631 628 632
f 420 422 633
f 420 633 629
f 629 633 634
f 629 634 630
f 421 419 631
f 421 631 635
f 635 631 632
f 635 632 636
f 422 424 637
f 422 637 633
f 633 637 638
f 633 638 634
f 423 421 635
f 423 635 639
f 639 635 636
f 639 636 640
f 425 428 641
f 425 641 642
f 642 641 643
f 642 643 644
f 427 426 645
f 427 645 646
f 646 645 647
f 646 647 648
f 428 430 649
f 428 649 641
f 641 649 650
f 641 650 643
f 429 427 646
f 429 646 651
f 651 646 648
f 651 648 652
f 430 432 653
f 430 653 649
f 649 653 654
f 649 654 650
f 431 429 651
f 431 651 655
f 655 651 652
f 655 652 656
f 432 434 657
f 432 657 653
f 653 657 658
f 653 658 654
f 433 431 655
f 433 655 659
f 659 655 656
f 659 656 660
f 434 436 661
f 434 661 657
f 657 661 662
f 657 662 658
f 435 433 659
f 435 659 663
f 663 659 660
f 663 660 664
f 436 438 665
f 436 665 661
f 661 665 666
f 661 666 662
f 437 435 663
f 437 663 667
f 667 663 664
f 667 664 668
f 438 440 669
f 438 669 665
f 665 669 670
f 665 670 666
f 439 437 667
f 439 667 671
f 671 667 668
f 671 668 672
f 440 442 673
f 440 673 669
f 669 673 674
f 669 674 670
f 441 439 671
f 441 671 675
f 675 671 672
f 675 672 676
f 442 444 677
f 442 677 673
f 673 677 678
f 673 678 674
f 443 441 675
f 443 675 679
f 679 675 676
f 679 676 680
f 444 446 681
f 444 681 677
f 677 681 682
f 677 682 678
f 445 443 679
f 445 679 683
f 683 679 680
f 683 680 684
f 446 448 685
f 446 685 681
f 681 685 686
f 681 686 682
f 447 445 683
f 447 683 687
f 687 683 684
f 687 684 688
f 448 450 689
f 448 689 685
f 685 689 690
f 685 690 686
f 449 447 687
f 449 687 691
f 691 687 688
f 691 688 692
f 450 452 693
f 450 693 689
f 689 693 694
f 689 694 690
f 451 449 691
f 451 691 695
f 695 691 692
f 695 692 696
f 452 454 697
f 452 697 693
f 693 697 698
f 693 698 694
f 453 451 695
f 453 695 699
f 699 695 696
f 699 696 700
f 454 456 701
f 454 701 697
f 697 701 702
f 697 702 698
f 455 453 699
f 455 699 703
f 703 699 700
f 703 700 704
f 456 458 705
f 456 705 701
f 701 705 706
f 701 706 702
f 457 455 703
f 457 703 707
f 707 703 704
f 707 704 708
f 458 460 709
f 458 709 705
f 705 709 710
f 705 710 706
f 459 457 707
f 459 707 711
f 711 707 708
f 711 708 712
f 460 462 713
f 460 713 709
f 709 713 714
f 709 714 710
f 461 459 711
f 461 711 715
f 715 711 712
f 715 712 716
f 462 464 717
f 462 717 713
f 713 717 718
f 713 718 714
f 463 461 715
f 463 715 719
f 719 715 716
f 719 716 720
f 464 466 721
f 464 721 717
f 717 721 722
f 717 722 718
f 465 463 719
f 465 719 723
f 723 719 720
f 723 720 724
f 466 468 725
f 466 725 721
f 721 725 726
f 721 726 722
f 467 465 723
f 467 723 727
f 727 723 724
f 727 724 728
f 468 470 729
f 468 729 725
f 725 729 730
f 725 730 726
f 469 467 727
f 469 727 731
f 731 727 728
f 731 728 732
f 470 407 733
f 470 733 729
f 729 733 734
f 729 734 730
f 408 469 731
f 408 731 735
f 735 731 732
f 735 732 736
f 407 410 606
f 407 606 733
f 733 606 608
f 733 608 734
f 409 408 735
f 409 735 609
f 609 735 736
f 609 736 611
f 476 537 737
f 476 737 738
f 738 737 739
f 738 739 740
f 538 475 741
f 538 741 742
f 742 741 743
f 742 743 744
f 537 477 745
f 537 745 737
f 737 745 746
f 737 746 739
f 478 538 742
f 478 742 747
f 747 742 744
f 747 744 748
f 477 480 749
f 477 749 745
f 745 749 750
f 745 750 746
f 479 478 747
f 479 747 751
f 751 747 748
f 751 748 752
f 480 482 753
f 480 753 749
f 749 753 754
f 749 754 750
f 481 479 751
f 481 751 755
f 755 751 752
f 755 752 756
f 482 484 757
f 482 757 753
f 753 757 758
f 753 758 754
f 483 481 755
f 483 755 759
f 759 755 756
f 759 756 760
f 484 486 761
f 484 761 757
f 757 761 762
f 757 762 758
f 485 483 759
f 485 759 763
f 763 759 760
f 763 760 764
f 486 488 765
f 486 765 761
f 761 765 766
f 761 766 762
f 487 485 763
f 487 763 767
f 767 763 764
f 767 764 768
f 488 490 769
f 488 769 765
f 765 769 770
f 765 770 766
f 489 487 767
f 489 767 771
f 771 767 768
f 771 768 772
f 491 494 773
f 491 773 774
f 774 773 775
f 774 775 776
f 493 492 777
f 493 777 778
f 778 777 779
f 778 779 780
f 494 496 781
f 494 781 773
f 773 781 782
f 773 782 775
f 495 493 778
f 495 778 783
f 783 778 780
f 783 780 784
f 496 498 785
f 496 785 781
f 781 785 786
f 781 786 782
f 497 495 783
f 497 783 787
f 787 783 784
f 787 784 788
f 498 500 789
f 498 789 785
f 785 789 790
f 785 790 786
f 499 497 787
f 499 787 791
f 791 787 788
f 791 788 792
f 500 502 793
f 500 793 789
f 789 793 794
f 789 794 790
f 501 499 791
f 501 791 795
f 795 791 792
f 795 792 796
f 502 504 797
f 502 797 793
f 793 797 798
f 793 798 794
f 503 501 795
f 503 795 799
f 799 795 796
f 799 796 800
f 504 506 801
f 504 801 797
f 797 801 802
f 797 802 798
f 505 503 799
f 505 799 803
f 803 799 800
f 803 800 804
f 506 508 805
f 506 805 801
f 801 805 806
f 801 806 802
f 507 505 803
f 507 803 807
f 807 803 804
f 807 804 808
f 508 510 809
f 508 809 805
f 805 809 810
f 805 810 806
f 509 507 807
f 509 807 811
f 811 807 808
f 811 808 812
f 510 512 813
f 510 813 809
f 809 813 814
f 809 814 810
f 511 509 811
f 511 811 815
f 815 811 812
f 815 812 816
f 512 514 817
f 512 817 813
f 813 817 818
f 813 818 814
f 513 511 815
f 513 815 819
f 819 815 816
f 819 816 820
f 514 516 821
f 514 821 817
f 817 821 822
f 817 822 818
f 515 513 819
f 515 819 823
f 823 819 820
f 823 820 824
f 516 518 825
f 516 825 821
f 821 825 826
f 821 826 822
f 517 515 823
f 517 823 827
f 827 823 824
f 827 824 828
f 518 520 829
f 518 829 825
f 825 829 830
f 825 830 826
f 519 517 827
f 519 827 831
f 831 827 828
f 831 828 832
f 520 522 833
f 520 833 829
f 829 833 834
f 829 834 830
f 521 519 831
f 521 831 835
f 835 831 832
f 835 832 836
f 522 524 837
f 522 837 833
f 833 837 838
f 833 838 834
f 523 521 835
f 523 835 839
f 839 835 836
f 839 836 840
f 524 526 841
f 524 841 837
f 837 841 842
f 837 842 838
f 525 523 839
f 525 839 843
f 843 839 840
f 843 840 844
f 526 528 845
f 526 845 841
f 841 845 846
f 841 846 842
f 527 525 843
f 527 843 847
f 847 843 844
f 847 844 848
f 528 530 849
f 528 849 845
f 845 849 850
f 845 850 846
f 529 527 847
f 529 847 851
f 851 847 848
f 851 848 852
f 530 532 853
f 530 853 849
f 849 853 854
f 849 854 850
f 531 529 851
f 531 851 855
f 855 851 852
f 855 852 856
f 532 534 857
f 532 857 853
f 853 857 858
f 853 858 854
f 533 531 855
f 533 855 859
f 859 855 856
f 859 856 860
f 534 536 861
f 534 861 857
f 857 861 862
f 857 862 858
f 535 533 859
f 535 859 863
f 863 859 860
f 863 860 864
f 536 473 865
f 536 865 861
f 861 865 866
f 861 866 862
f 474 535 863
f 474 863 867
f 867 863 864
f 867 864 868
f 473 476 738
f 473 738 865
f 865 738 740
f 865 740 866
f 475 474 867
f 475 867 741
f 741 867 868
f 741 868 743
f 542 603 869
f 542 869 870
f 870 869 871
f 870 871 872
f 604 541 873
f 604 873 874
f 874 873 875
f 874 875 876
f 603 543 877
f 603 877 869
f 869 877 878
f 869 878 871
f 544 604 874
f 544 874 879
f 879 874 876
f 879 876 880
f 543 546 881
f 543 881 877
f 877 881 882
f 877 882 878
f 545 544 879
f 545 879 883
f 883 879 880
f 883 880 884
f 546 548 885
f 546 885 881
f 881 885 886
f 881 886 882
f 547 545 883
f 547 883 887
f 887 883 884
f 887 884 888
f 548 550 889
f 548 889 885
f 885 889 890
f 885 890 886
f 549 547 887
f 549 887 891
f 891 887 888
f 891 888 892
f 550 552 893
f 550 893 889
f 889 893 894
f 889 894 890
f 551 549 891
f 551 891 895
f 895 891 892
f 895 892 896
f 552 554 897
f 552 897 893
f 893 897 898
f 893 898 894
f 553 551 895
f 553 895 899
f 899 895 896
f 899 896 900
f 554 556 901
f 554 901 897
f 897 901 902
f 897 902 898
f 555 553 899
f 555 899 903
f 903 899 900
f 903 900 904
f 557 560 905
f 557 905 906
f 906 905 907
f 906 907 908
f 559 558 909
f 559 909 910
f 910 909 911
f 910 911 912
f 560 562 913
f 560 913 905
f 905 913 914
f 905 914 907
f 561 559 910
f 561 910 915
f 915 910 912
f 915 912 916
f 562 564 917
f 562 917 913
f 913 917 918
f 913 918 914
f 563 561 915
f 563 915 919
f 919 915 916
f 919 916 920
f 564 566 921
f 564 921 917
f 917 921 922
f 917 922 918
f 565 563 919
f 565 919 923
f 923 919 920
f 923 920 924
f 566 568 925
f 566 925 921
f 921 925 926
f 921 926 922
f 567 565 923
f 567 923 927
f 927 923 924
f 927 924 928
f 568 570 929
f 568 929 925
f 925 929 930
f 925 930 926
f 569 567 927
f 569 927 931
f 931 927 928
f 931 928 932
f 570 572 933
f 570 933 929
f 929 933 934
f 929 934 930
f 571 569 931
f 571 931 935
f 935 931 932
f 935 932 936
f 572 574 937
f 572 937 933
f 933 937 938
f 933 938 934
f 573 571 935
f 573 935 939
f 939 935 936
f 939 936 940
f 574 576 941
f 574 941 937
f 937 941 942
f 937 942 938
f 575 573 939
f 575 939 943
f 943 939 940
f 943 940 944
f 576 578 945
f 576 945 941
f 941 945 946
f 941 946 942
f 577 575 943
f 577 943 947
f 947 943 944
f 947 944 948
f 578 580 949
f 578 949 945
f 945 949 950
f 945 950 946
f 579 577 947
f 579 947 951
f 951 947 948
f 951 948 952
f 580 582 953
f 580 953 949
f 949 953 954
f 949 954 950
f 581 579 951
f 581 951 955
f 955 951 952
f 955 952 956
f 582 584 957
f 582 957 953
f 953 957 958
f 953 958 954
f 583 581 955
f 583 955 959
f 959 955 956
f 959 956 960
f 584 586 961
f 584 961 957
f 957 961 962
f 957 962 958
f 585 583 959
f 585 959 963
f 963 959 960
f 963 960 964
f 586 588 965
f 586 965 961
f 961 965 966
f 961 966 962
f 587 585 963
f 587 963 967
f 967 963 964
f 967 964 968
f 588 590 969
f 588 969 965
f 965 969 970
f 965 970 966
f 589 587 967
f 589 967 971
f 971 967 968
f 971 968 972
f 590 592 973
f 590 973 969
f 969 973 974
f 969 974 970
f 591 589 971
f 591 971 975
f 975 971 972
f 975 972 976
f 592 594 977
f 592 977 973
f 973 977 978
f 973 978 974
f 593 591 975
f 593 975 979
f 979 975 976
f 979 976 980
f 594 596 981
f 594 981 977
f 977 981 982
f 977 982 978
f 595 593 979
f 595 979 983
f 983 979 980
f 983 980 984
f 596 598 985
f 596 985 981
f 981 985 986
f 981 986 982
f 597 595 983
f 597 983 987
f 987 983 984
f 987 984 988
f 598 600 989
f 598 989 985
f 985 989 990
f 985 990 986
f 599 597 987
f 599 987 991
f 991 987 988
f 991 988 992
f 600 602 993
f 600 993 989
f 989 993 994
f 989 994 990
f 601 599 991
f 601 991 995
f 995 991 992
f 995 992 996
f 602 539 997
f 602 997 993
f 993 997 998
f 993 998 994
f 540 601 995
f 540 995 999
f 999 995 996
f 999 996 1000
f 539 542 870
f 539 870 997
f 997 870 872
f 997 872 998
f 541 540 999
f 541 999 873
f 873 999 1000
f 873 1000 875
f 1001 1002 1003
f 1001 1003 1004
f 1005 1001 1004
f 1005 1004 1006
f 1007 1005 1006
f 1007 1006 1008
f 1009 1010 1011
f 1009 1011 1012
f 1013 1009 1012
f 1013 1012 1014
f 1015 1013 1014
f 1015 1014 1016
f 1017 1015 1016
f 1017 1016 1018
f 1002 1017 1018
f 1002 1018 1003
f 1004 1003 1019
f 1004 1019 1020
f 1006 1004 1020
f 1006 1020 1021
f 1008 1006 1021
f 1008 1021 1022
f 1012 1011 1023
f 1012 1023 1024
f 1014 1012 1024
f 1014 1024 1025
f 1016 1014 1025
f 1016 1025 1026
f 1018 1016 1026
f 1018 1026 1027
f 1003 1018 1027
f 1003 1027 1019
f 1020 1019 1028
f 1020 1028 1029
f 1021 1020 1029
f 1021 1029 1030
f 1022 1021 1030
f 1022 1030 1031
f 1024 1023 1032
f 1024 1032 1033
f 1025 1024 1033
f 1025 1033 1034
f 1026 1025 1034
f 1026 1034 1035
f 1027 1026 1035
f 1027 1035 1036
f 1019 1027 1036
f 1019 1036 1028
f 1029 1028 1037
f 1029 1037 1038
f 1030 1029 1038
f 1030 1038 1039
f 1031 1030 1039
f 1031 1039 1040
f 1033 1032 1041
f 1033 1041 1042
f 1034 1033 1042
f 1034 1042 1043
f 1035 1034 1043
f 1035 1043 1044
f 1036 1035 1044
f 1036 1044 1045
f 1028 1036 1045
f 1028 1045 1037
f 1038 1037 1046
f 1038 1046 1047
f 1039 1038 1047
f 1039 1047 1048
f 1040 1039 1048
f 1040 1048 1049
f 1042 1041 1050
f 1042 1050 1051
f 1043 1042 1051
f 1043 1051 1052
f 1044 1043 1052
f 1044 1052 1053
f 1045 1044 1053
f 1045 1053 1054
f 1037 1045 1054
f 1037 1054 1046
f 1047 1046 1055
f 1047 1055 1056
f 1048 1047 1056
f 1048 1056 1057
f 1049 1048 1057
f 1049 1057 1058
f 1051 1050 1059
f 1051 1059 1060
f 1052 1051 1060
f 1052 1060 1061
f 1053 1052 1061
f 1053 1061 1062
f 1054 1053 1062
f 1054 1062 1063
f 1046 1054 1063
f 1046 1063 1055
f 1056 1055 1064
f 1056 1064 1065
f 1057 1056 1065
f 1057 1065 1066
f 1058 1057 1066
f 1058 1066 1067
f 1060 1059 1068
f 1060 1068 1069
f 1061 1060 1069
f 1061 1069 1070
f 1062 1061 1070
f 1062 1070 1071
f 1063 1062 1071
f 1063 1071 1072
f 1055 1063 1072
f 1055 1072 1064
f 1065 1064 1073
f 1065 1073 1074
f 1066 1065 1074
f 1066 1074 1075
f 1067 1066 1075
f 1067 1075 1076
f 1069 1068 1077
f 1069 1077 1078
f 1070 1069 1078
f 1070 1078 1079
f 1071 1070 1079
f 1071 1079 1080
f 1072 1071 1080
f 1072 1080 1081
f 1064 1072 1081
f 1064 1081 1073
f 1074 1073 1082
f 1074 1082 1083
f 1075 1074 1083
f 1075 1083 1084
f 1076 1075 1084
f 1076 1084 1085
f 1078 1077 1086
f 1078 1086 1087
f 1079 1078 1087
f 1079 1087 1088
f 1080 1079 1088
f 1080 1088 1089
f 1081 1080 1089
f 1081 1089 1090
f 1073 1081 1090
f 1073 1090 1082
f 1083 1082 1091
f 1083 1091 1092
f 1084 1083 1092
f 1084 1092 1093
f 1085 1084 1093
f 1085 1093 1094
f 1087 1086 1095
f 1087 1095 1096
f 1088 1087 1096
f 1088 1096 1097
f 1089 1088 1097
f 1089 1097 1098
f 1090 1089 1098
f 1090 1098 1099
f 1082 1090 1099
f 1082 1099 1091
f 1092 1091 1100
f 1092 1100 1101
f 1093 1092 1101
f 1093 1101 1102
f 1094 1093 1102
f 1094 1102 1103
f 1096 1095 1104
f 1096 1104 1105
f 1097 1096 1105
f 1097 1105 1106
f 1098 1097 1106
f 1098 1106 1107
f 1099 1098 1107
f 1099 1107 1108
f 1091 1099 1108
f 1091 1108 1100
f 1101 1100 1109
f 1101 1109 1110
f 1102 1101 1110
f 1102 1110 1111
f 1103 1102 1111
f 1103 1111 1112
f 1105 1104 1113
f 1105 1113 1114
f 1106 1105 1114
f 1106 1114 1115
f 1107 1106 1115
f 1107 1115 1116
f 1108 1107 1116
f 1108 1116 1117
f 1100 1108 1117
f 1100 1117 1109
f 1110 1109 1118
f 1110 1118 1119
f 1111 1110 1119
f 1111 1119 1120
f 1112 1111 1120
f 1112 1120 1121
f 1114 1113 1122
f 1114 1122 1123
f 1115 1114 1123
f 1115 1123 1124
f 1116 1115 1124
f 1116 1124 1125
f 1117 1116 1125
f 1117 1125 1126
f 1109 1117 1126
f 1109 1126 1118
f 1119 1118 1127
f 1119 1127 1128
f 1120 1119 1128
f 1120 1128 1129
f 1121 1120 1129
f 1121 1129 1130
f 1123 1122 1131
f 1123 1131 1132
f 1124 1123 1132
f 1124 1132 1133
f 1125 1124 1133
f 1125 1133 1134
f 1126 1125 1134
f 1126 1134 1135
f 1118 1126 1135
f 1118 1135 1127
f 1128 1127 1136
f 1128 1136 1137
f 1129 1128 1137
f 1129 1137 1138
f 1130 1129 1138
f 1130 1138 1139
f 1132 1131 1140
f 1132 1140 1141
f 1133 1132 1141
f 1133 1141 1142
f 1134 1133 1142
f 1134 1142 1143
f 1135 1134 1143
f 1135 1143 1144
f 1127 1135 1144
f 1127 1144 1136
f 1137 1136 1145
f 1137 1145 1146
f 1138 1137 1146
f 1138 1146 1147
f 1139 1138 1147
f 1139 1147 1148
f 1141 1140 1149
f 1141 1149 1150
f 1142 1141 1150
f 1142 1150 1151
f 1143 1142 1151
f 1143 1151 1152
f 1144 1143 1152
f 1144 1152 1153
f 1136 1144 1153
f 1136 1153 1145
f 1146 1145 1154
f 1146 1154 1155
f 1147 1146 1155
f 1147 1155 1156
f 1148 1147 1156
f 1148 1156 1157
f 1150 1149 1158
f 1150 1158 1159
f 1151 1150 1159
f 1151 1159 1160
f 1152 1151 1160
f 1152 1160 1161
f 1153 1152 1161
f 1153 1161 1162
f 1145 1153 1162
f 1145 1162 1154
f 1155 1154 1163
f 1155 1163 1164
f 1156 1155 1164
f 1156 1164 1165
f 1157 1156 1165
f 1157 1165 1166
f 1159 1158 1167
f 1159 1167 1168
f 1160 1159 1168
f 1160 1168 1169
f 1161 1160 1169
f 1161 1169 1170
f 1162 1161 1170
f 1162 1170 1171
f 1154 1162 1171
f 1154 1171 1163
f 1164 1163 1172
f 1164 1172 1173
f 1165 1164 1173
f 1165 1173 1174
f 1166 1165 1174
f 1166 1174 1175
f 1168 1167 1176
f 1168 1176 1177
f 1169 1168 1177
f 1169 1177 1178
f 1170 1169 1178
f 1170 1178 1179
f 1171 1170 1179
f 1171 1179 1180
f 1163 1171 1180
f 1163 1180 1172
f 1173 1172 1181
f 1173 1181 1182
f 1174 1173 1182
f 1174 1182 1183
f 1175 1174 1183
f 1175 1183 1184
f 1177 1176 1185
f 1177 1185 1186
f 1178 1177 1186
f 1178 1186 1187
f 1179 1178 1187
f 1179 1187 1188
f 1180 1179 1188
f 1180 1188 1189
f 1172 1180 1189
f 1172 1189 1181
f 1182 1181 1190
f 1182 1190 1191
f 1183 1182 1191
f 1183 1191 1192
f 1184 1183 1192
f 1184 1192 1193
f 1186 1185 1194
f 1186 1194 1195
f 1187 1186 1195
f 1187 1195 1196
f 1188 1187 1196
f 1188 1196 1197
f 1189 1188 1197
f 1189 1197 1198
f 1181 1189 1198
f 1181 1198 1190
f 1191 1190 1199
f 1191 1199 1200
f 1192 1191 1200
f 1192 1200 1201
f 1193 1192 1201
f 1193 1201 1202
f 1195 1194 1203
f 1195 1203 1204
f 1196 1195 1204
f 1196 1204 1205
f 1197 1196 1205
f 1197 1205 1206
f 1198 1197 1206
f 1198 1206 1207
f 1190 1198 1207
f 1190 1207 1199
f 1200 1199 1208
f 1200 1208 1209
f 1201 1200 1209
f 1201 1209 1210
f 1202 1201 1210
f 1202 1210 1211
f 1204 1203 1212
f 1204 1212 1213
f 1205 1204 1213
f 1205 1213 1214
f 1206 1205 1214
f 1206 1214 1215
f 1207 1206 1215
f 1207 1215 1216
f 1199 1207 1216
f 1199 1216 1208
f 1209 1208 1217
f 1209 1217 1218
f 1210 1209 1218
f 1210 1218 1219
f 1211 1210 1219
f 1211 1219 1220
f 1213 1212 1221
f 1213 1221 1222
f 1214 1213 1222
f 1214 1222 1223
f 1215 1214 1223
f 1215 1223 1224
f 1216 1215 1224
f 1216 1224 1225
f 1208 1216 1225
f 1208 1225 1217
f 1218 1217 1226
f 1218 1226 1227
f 1219 1218 1227
f 1219 1227 1228
f 1220 1219 1228
f 1220 1228 1229
f 1222 1221 1230
f 1222 1230 1231
f 1223 1222 1231
f 1223 1231 1232
f 1224 1223 1232
f 1224 1232 1233
f 1225 1224 1233
f 1225 1233 1234
f 1217 1225 1234
f 1217 1234 1226
f 1227 1226 1235
f 1227 1235 1236
f 1228 1227 1236
f 1228 1236 1237
f 1229 1228 1237
f 1229 1237 1238
f 1231 1230 1239
f 1231 1239 1240
f 1232 1231 1240
f 1232 1240 1241
f 1233 1232 1241
f 1233 1241 1242
f 1234 1233 1242
f 1234 1242 1243
f 1226 1234 1243
f 1226 1243 1235
f 1236 1235 1244
f 1236 1244 1245
f 1237 1236 1245
f 1237 1245 1246
f 1238 1237 1246
f 1238 1246 1247
f 1240 1239 1248
f 1240 1248 1249
f 1241 1240 1249
f 1241 1249 1250
f 1242 1241 1250
f 1242 1250 1251
f 1243 1242 1251
f 1243 1251 1252
f 1235 1243 1252
f 1235 1252 1244
f 1245 1244 1253
f 1245 1253 1254
f 1246 1245 1254
f 1246 1254 1255
f 1247 1246 1255
f 1247 1255 1256
f 1249 1248 1257
f 1249 1257 1258
f 1250 1249 1258
f 1250 1258 1259
f 1251 1250 1259
f 1251 1259 1260
f 1252 1251 1260
f 1252 1260 1261
f 1244 1252 1261
f 1244 1261 1253
f 1254 1253 1262
f 1254 1262 1263
f 1255 1254 1263
f 1255 1263 1264
f 1256 1255 1264
f 1256 1264 1265
f 1258 1257 1266
f 1258 1266 1267
f 1259 1258 1267
f 1259 1267 1268
f 1260 1259 1268
f 1260 1268 1269
f 1261 1260 1269
f 1261 1269 1270
f 1253 1261 1270
f 1253 1270 1262
f 1271 1272 1273
f 1271 1273 1274
f 1275 1271 1274
f 1275 1274 1276
f 1277 1278 1279
f 1277 1279 1280
f 1281 1277 1280
f 1281 1280 1282
f 1283 1281 1282
f 1283 1282 1284
f 1285 1283 1284
f 1285 1284 1286
f 1287 1285 1286
f 1287 1286 1288
f 1272 1287 1288
f 1272 1288 1273
f 1274 1273 1289
f 1274 1289 1290
f 1276 1274 1290
f 1276 1290 1291
f 1280 1279 1292
f 1280 1292 1293
f 1282 1280 1293
f 1282 1293 1294
f 1284 1282 1294
f 1284 1294 1295
f 1286 1284 1295
f 1286 1295 1296
f 1288 1286 1296
f 1288 1296 1297
f 1273 1288 1297
f 1273 1297 1289
f 1290 1289 1298
f 1290 1298 1299
f 1291 1290 1299
f 1291 1299 1300
f 1293 1292 1301
f 1293 1301 1302
f 1294 1293 1302
f 1294 1302 1303
f 1295 1294 1303
f 1295 1303 1304
f 1296 1295 1304
f 1296 1304 1305
f 1297 1296 1305
f 1297 1305 1306
f 1289 1297 1306
f 1289 1306 1298
f 1299 1298 1307
f 1299 1307 1308
f 1300 1299 1308
f 1300 1308 1309
f 1302 1301 1310
f 1302 1310 1311
f 1303 1302 1311
f 1303 1311 1312
f 1304 1303 1312
f 1304 1312 1313
f 1305 1304 1313
f 1305 1313 1314
f 1306 1305 1314
f 1306 1314 1315
f 1298 1306 1315
f 1298 1315 1307
f 1308 1307 1316
f 1308 1316 1317
f 1309 1308 1317
f 1309 1317 1318
f 1311 1310 1319
f 1311 1319 1320
f 1312 1311 1320
f 1312 1320 1321
f 1313 1312 1321
f 1313 1321 1322
f 1314 1313 1322
f 1314 1322 1323
f 1315 1314 1323
f 1315 1323 1324
f 1307 1315 1324
f 1307 1324 1316
f 1317 1316 1325
f 1317 1325 1326
f 1318 1317 1326
f 1318 1326 1327
f 1320 1319 1328
f 1320 1328 1329
f 1321 1320 1329
f 1321 1329 1330
f 1322 1321 1330
f 1322 1330 1331
f 1323 1322 1331
f 1323 1331 1332
f 1324 1323 1332
f 1324 1332 1333
f 1316 1324 1333
f 1316 1333 1325
f 1326 1325 1334
f 1326 1334 1335
f 1327 1326 1335
f 1327 1335 1336
f 1329 1328 1337
f 1329 1337 1338
f 1330 1329 1338
f 1330 1338 1339
f 1331 1330 1339
f 1331 1339 1340
f 1332 1331 1340
f 1332 1340 1341
f 1333 1332 1341
f 1333 1341 1342
f 1325 1333 1342
f 1325 1342 1334
f 1335 1334 1343
f 1335 1343 1344
f 1336 1335 1344
f 1336 1344 1345
f 1338 1337 1346
f 1338 1346 1347
f 1339 1338 1347
f 1339 1347 1348
f 1340 1339 1348
f 1340 1348 1349
f 1341 1340 1349
f 1341 1349 1350
f 1342 1341 1350
f 1342 1350 1351
f 1334 1342 1351
f 1334 1351 1343
f 1344 1343 1352
f 1344 1352 1353
f 1345 1344 1353
f 1345 1353 1354
f 1347 1346 1355
f 1347 1355 1356
f 1348 1347 1356
f 1348 1356 1357
f 1349 1348 1357
f 1349 1357 1358
f 1350 1349 1358
f 1350 1358 1359
f 1351 1350 1359
f 1351 1359 1360
f 1343 1351 1360
f 1343 1360 1352
f 1353 1352 1361
f 1353 1361 1362
f 1354 1353 1362
f 1354 1362 1363
f 1356 1355 1364
f 1356 1364 1365
f 1357 1356 1365
f 1357 1365 1366
f 1358 1357 1366
f 1358 1366 1367
f 1359 1358 1367
f 1359 1367 1368
f 1360 1359 1368
f 1360 1368 1369
f 1352 1360 1369
f 1352 1369 1361
f 1362 1361 1370
f 1362 1370 1371
f 1363 1362 1371
f 1363 1371 1372
f 1365 1364 1373
f 1365 1373 1374
f 1366 1365 1374
f 1366 1374 1375
f 1367 1366 1375
f 1367 1375 1376
f 1368 1367 1376
f 1368 1376 1377
f 1369 1368 1377
f 1369 1377 1378
f 1361 1369 1378
f 1361 1378 1370
f 1371 1370 1379
f 1371 1379 1380
f 1372 1371 1380
f 1372 1380 1381
f 1374 1373 1382
f 1374 1382 1383
f 1375 1374 1383
f 1375 1383 1384
f 1376 1375 1384
f 1376 1384 1385
f 1377 1376 1385
f 1377 1385 1386
f 1378 1377 1386
f 1378 1386 1387
f 1370 1378 1387
f 1370 1387 1379
f 1380 1379 1388
f 1380 1388 1389
f 1381 1380 1389
f 1381 1389 1390
f 1383 1382 1391
f 1383 1391 1392
f 1384 1383 1392
f 1384 1392 1393
f 1385 1384 1393
f 1385 1393 1394
f 1386 1385 1394
f 1386 1394 1395
f 1387 1386 1395
f 1387 1395 1396
f 1379 1387 1396
f 1379 1396 1388
f 1389 1388 1397
f 1389 1397 1398
f 1390 1389 1398
f 1390 1398 1399
f 1392 1391 1400
f 1392 1400 1401
f 1393 1392 1401
f 1393 1401 1402
f 1394 1393 1402
f 1394 1402 1403
f 1395 1394 1403
f 1395 1403 1404
f 1396 1395 1404
f 1396 1404 1405
f 1388 1396 1405
f 1388 1405 1397
f 1398 1397 1406
f 1398 1406 1407
f 1399 1398 1407
f 1399 1407 1408
f 1401 1400 1409
f 1401 1409 1410
f 1402 1401 1410
f 1402 1410 1411
f 1403 1402 1411
f 1403 1411 1412
f 1404 1403 1412
f 1404 1412 1413
f 1405 1404 1413
f 1405 1413 1414
f 1397 1405 1414
f 1397 1414 1406
f 1407 1406 1415
f 1407 1415 1416
f 1408 1407 1416
f 1408 1416 1417
f 1410 1409 1418
f 1410 1418 1419
f 1411 1410 1419
f 1411 1419 1420
f 1412 1411 1420
f 1412 1420 1421
f 1413 1412 1421
f 1413 1421 1422
f 1414 1413 1422
f 1414 1422 1423
f 1406 1414 1423
f 1406 1423 1415
f 1416 1415 1424
f 1416 1424 1425
f 1417 1416 1425
f 1417 1425 1426
f 1419 1418 1427
f 1419 1427 1428
f 1420 1419 1428
f 1420 1428 1429
f 1421 1420 1429
f 1421 1429 1430
f 1422 1421 1430
f 1422 1430 1431
f 1423 1422 1431
f 1423 1431 1432
f 1415 1423 1432
f 1415 1432 1424
f 1425 1424 1433
f 1425 1433 1434
f 1426 1425 1434
f 1426 1434 1435
f 1428 1427 1436
f 1428 1436 1437
f 1429 1428 1437
f 1429 1437 1438
f 1430 1429 1438
f 1430 1438 1439
f 1431 1430 1439
f 1431 1439 1440
f 1432 1431 1440
f 1432 1440 1441
f 1424 1432 1441
f 1424 1441 1433
f 1434 1433 1442
f 1434 1442 1443
f 1435 1434 1443
f 1435 1443 1444
f 1437 1436 1445
f 1437 1445 1446
f 1438 1437 1446
f 1438 1446 1447
f 1439 1438 1447
f 1439 1447 1448
f 1440 1439 1448
f 1440 1448 1449
f 1441 1440 1449
f 1441 1449 1450
f 1433 1441 1450
f 1433 1450 1442
f 1443 1442 1451
f 1443 1451 1452
f 1444 1443 1452
f 1444 1452 1453
f 1446 1445 1454
f 1446 1454 1455
f 1447 1446 1455
f 1447 1455 1456
f 1448 1447 1456
f 1448 1456 1457
f 1449 1448 1457
f 1449 1457 1458
f 1450 1449 1458
f 1450 1458 1459
f 1442 1450 1459
f 1442 1459 1451
f 1452 1451 1460
f 1452 1460 1461
f 1453 1452 1461
f 1453 1461 1462
f 1455 1454 1463
f 1455 1463 1464
f 1456 1455 1464
f 1456 1464 1465
f 1457 1456 1465
f 1457 1465 1466
f 1458 1457 1466
f 1458 1466 1467
f 1459 1458 1467
f 1459 1467 1468
f 1451 1459 1468
f 1451 1468 1460
f 1461 1460 1469
f 1461 1469 1470
f 1462 1461 1470
f 1462 1470 1471
f 1464 1463 1472
f 1464 1472 1473
f 1465 1464 1473
f 1465 1473 1474
f 1466 1465 1474
f 1466 1474 1475
f 1467 1466 1475
f 1467 1475 1476
f 1468 1467 1476
f 1468 1476 1477
f 1460 1468 1477
f 1460 1477 1469
f 1470 1469 1478
f 1470 1478 1479
f 1471 1470 1479
f 1471 1479 1480
f 1473 1472 1481
f 1473 1481 1482
f 1474 1473 1482
f 1474 1482 1483
f 1475 1474 1483
f 1475 1483 1484
f 1476 1475 1484
f 1476 1484 1485
f 1477 1476 1485
f 1477 1485 1486
f 1469 1477 1486
f 1469 1486 1478
f 1479 1478 1487
f 1479 1487 1488
f 1480 1479 1488
f 1480 1488 1489
f 1482 1481 1490
f 1482 1490 1491
f 1483 1482 1491
f 1483 1491 1492
f 1484 1483 1492
f 1484 1492 1493
f 1485 1484 1493
f 1485 1493 1494
f 1486 1485 1494
f 1486 1494 1495
f 1478 1486 1495
f 1478 1495 1487
f 1488 1487 1496
f 1488 1496 1497
f 1489 1488 1497
f 1489 1497 1498
f 1491 1490 1499
f 1491 1499 1500
f 1492 1491 1500
f 1492 1500 1501
f 1493 1492 1501
f 1493 1501 1502
f 1494 1493 1502
f 1494 1502 1503
f 1495 1494 1503
f 1495 1503 1504
f 1487 1495 1504
f 1487 1504 1496
f 1497 1496 1505
f 1497 1505 1506
f 1498 1497 1506
f 1498 1506 1507
f 1500 1499 1508
f 1500 1508 1509
f 1501 1500 1509
f 1501 1509 1510
f 1502 1501 1510
f 1502 1510 1511
f 1503 1502 1511
f 1503 1511 1512
f 1504 1503 1512
f 1504 1512 1513
f 1496 1504 1513
f 1496 1513 1505
f 1514 1515 1516
f 1514 1516 1517
f 1518 1514 1517
f 1518 1517 1519
f 1520 1521 1522
f 1520 1522 1523
f 1524 1520 1523
f 1524 1523 1525
f 1526 1524 1525
f 1526 1525 1527
f 1528 1526 1527
f 1528 1527 1529
f 1530 1528 1529
f 1530 1529 1531
f 1515 1530 1531
f 1515 1531 1516
f 1517 1516 1532
f 1517 1532 1533
f 1519 1517 1533
f 1519 1533 1534
f 1523 1522 1535
f 1523 1535 1536
f 1525 1523 1536
f 1525 1536 1537
f 1527 1525 1537
f 1527 1537 1538
f 1529 1527 1538
f 1529 1538 1539
f 1531 1529 1539
f 1531 1539 1540
f 1516 1531 1540
f 1516 1540 1532
f 1533 1532 1541
f 1533 1541 1542
f 1534 1533 1542
f 1534 1542 1543
f 1536 1535 1544
f 1536 1544 1545
f 1537 1536 1545
f 1537 1545 1546
f 1538 1537 1546
f 1538 1546 1547
f 1539 1538 1547
f 1539 1547 1548
f 1540 1539 1548
f 1540 1548 1549
f 1532 1540 1549
f 1532 1549 1541
f 1542 1541 1550
f 1542 1550 1551
f 1543 1542 1551
f 1543 1551 1552
f 1545 1544 1553
f 1545 1553 1554
f 1546 1545 1554
f 1546 1554 1555
f 1547 1546 1555
f 1547 1555 1556
f 1548 1547 1556
f 1548 1556 1557
f 1549 1548 1557
f 1549 1557 1558
f 1541 1549 1558
f 1541 1558 1550
f 1551 1550 1559
f 1551 1559 1560
f 1552 1551 1560
f 1552 1560 1561
f 1554 1553 1562
f 1554 1562 1563
f 1555 1554 1563
f 1555 1563 1564
f 1556 1555 1564
f 1556 1564 1565
f 1557 1556 1565
f 1557 1565 1566
f 1558 1557 1566
f 1558 1566 1567
f 1550 1558 1567
f 1550 1567 1559
f 1560 1559 1568
f 1560 1568 1569
f 1561 1560 1569
f 1561 1569 1570
f 1563 1562 1571
f 1563 1571 1572
f 1564 1563 1572
f 1564 1572 1573
f 1565 1564 1573
f 1565 1573 1574
f 1566 1565 1574
f 1566 1574 1575
f 1567 1566 1575
f 1567 1575 1576
f 1559 1567 1576
f 1559 1576 1568
f 1569 1568 1577
f 1569 1577 1578
f 1570 1569 1578
f 1570 1578 1579
f 1572 1571 1580
f 1572 1580 1581
f 1573 1572 1581
f 1573 1581 1582
f 1574 1573 1582
f 1574 1582 1583
f 1575 1574 1583
f 1575 1583 1584
f 1576 1575 1584
f 1576 1584 1585
f 1568 1576 1585
f 1568 1585 1577
f 1578 1577 1586
f 1578 1586 1587
f 1579 1578 1587
f 1579 1587 1588
f 1581 1580 1589
f 1581 1589 1590
f 1582 1581 1590
f 1582 1590 1591
f 1583 1582 1591
f 1583 1591 1592
f 1584 1583 1592
f 1584 1592 1593
f 1585 1584 1593
f 1585 1593 1594
f 1577 1585 1594
f 1577 1594 1586
f 1587 1586 1595
f 1587 1595 1596
f 1588 1587 1596
f 1588 1596 1597
f 1590 1589 1598
f 1590 1598 1599
f 1591 1590 1599
f 1591 1599 1600
f 1592 1591 1600
f 1592 1600 1601
f 1593 1592 1601
f 1593 1601 1602
f 1594 1593 1602
f 1594 1602 1603
f 1586 1594 1603
f 1586 1603 1595
f 1596 1595 1604
f 1596 1604 1605
f 1597 1596 1605
f 1597 1605 1606
f 1599 1598 1607
f 1599 1607 1608
f 1600 1599 1608
f 1600 1608 1609
f 1601 1600 1609
f 1601 1609 1610
f 1602 1601 1610
f 1602 1610 1611
f 1603 1602 1611
f 1603 1611 1612
f 1595 1603 1612
f 1595 1612 1604
f 1605 1604 1613
f 1605 1613 1614
f 1606 1605 1614
f 1606 1614 1615
f 1608 1607 1616
f 1608 1616 1617
f 1609 1608 1617
f 1609 1617 1618
f 1610 1609 1618
f 1610 1618 1619
f 1611 1610 1619
f 1611 1619 1620
f 1612 1611 1620
f 1612 1620 1621
f 1604 1612 1621
f 1604 1621 1613
f 1614 1613 1622
f 1614 1622 1623
f 1615 1614 1623
f 1615 1623 1624
f 1617 1616 1625
f 1617 1625 1626
f 1618 1617 1626
f 1618 1626 1627
f 1619 1618 1627
f 1619 1627 1628
f 1620 1619 1628
f 1620 1628 1629
f 1621 1620 1629
f 1621 1629 1630
f 1613 1621 1630
f 1613 1630 1622
f 1623 1622 1631
f 1623 1631 1632
f 1624 1623 1632
f 1624 1632 1633
f 1626 1625 1634
f 1626 1634 1635
f 1627 1626 1635
f 1627 1635 1636
f 1628 1627 1636
f 1628 1636 1637
f 1629 1628 1637
f 1629 1637 1638
f 1630 1629 1638
f 1630 1638 1639
f 1622 1630 1639
f 1622 1639 1631
f 1632 1631 1640
f 1632 1640 1641
f 1633 1632 1641
f 1633 1641 1642
f 1635 1634 1643
f 1635 1643 1644
f 1636 1635 1644
f 1636 1644 1645
f 1637 1636 1645
f 1637 1645 1646
f 1638 1637 1646
f 1638 1646 1647
f 1639 1638 1647
f 1639 1647 1648
f 1631 1639 1648
f 1631 1648 1640
f 1641 1640 1649
f 1641 1649 1650
f 1642 1641 1650
f 1642 1650 1651
f 1644 1643 1652
f 1644 1652 1653
f 1645 1644 1653
f 1645 1653 1654
f 1646 1645 1654
f 1646 1654 1655
f 1647 1646 1655
f 1647 1655 1656
f 1648 1647 1656
f 1648 1656 1657
f 1640 1648 1657
f 1640 1657 1649
f 1650 1649 1658
f 1650 1658 1659
f 1651 1650 1659
f 1651 1659 1660
f 1653 1652 1661
f 1653 1661 1662
f 1654 1653 1662
f 1654 1662 1663
f 1655 1654 1663
f 1655 1663 1664
f 1656 1655 1664
f 1656 1664 1665
f 1657 1656 1665
f 1657 1665 1666
f 1649 1657 1666
f 1649 1666 1658
f 1659 1658 1667
f 1659 1667 1668
f 1660 1659 1668
f 1660 1668 1669
f 1662 1661 1670
f 1662 1670 1671
f 1663 1662 1671
f 1663 1671 1672
f 1664 1663 1672
f 1664 1672 1673
f 1665 1664 1673
f 1665 1673 1674
f 1666 1665 1674
f 1666 1674 1675
f 1658 1666 1675
f 1658 1675 1667
f 1668 1667 1676
f 1668 1676 1677
f 1669 1668 1677
f 1669 1677 1678
f 1671 1670 1679
f 1671 1679 1680
f 1672 1671 1680
f 1672 1680 1681
f 1673 1672 1681
f 1673 1681 1682
f 1674 1673 1682
f 1674 1682 1683
f 1675 1674 1683
f 1675 1683 1684
f 1667 1675 1684
f 1667 1684 1676
f 1677 1676 1685
f 1677 1685 1686
f 1678 1677 1686
f 1678 1686 1687
f 1680 1679 1688
f 1680 1688 1689
f 1681 1680 1689
f 1681 1689 1690
f 1682 1681 1690
f 1682 1690 1691
f 1683 1682 1691
f 1683 1691 1692
f 1684 1683 1692
f 1684 1692 1693
f 1676 1684 1693
f 1676 1693 1685
f 1686 1685 1694
f 1686 1694 1695
f 1687 1686 1695
f 1687 1695 1696
f 1689 1688 1697
f 1689 1697 1698
f 1690 1689 1698
f 1690 1698 1699
f 1691 1690 1699
f 1691 1699 1700
f 1692 1691 1700
f 1692 1700 1701
f 1693 1692 1701
f 1693 1701 1702
f 1685 1693 1702
f 1685 1702 1694
f 1695 1694 1703
f 1695 1703 1704
f 1696 1695 1704
f 1696 1704 1705
f 1698 1697 1706
f 1698 1706 1707
f 1699 1698 1707
f 1699 1707 1708
f 1700 1699 1708
f 1700 1708 1709
f 1701 1700 1709
f 1701 1709 1710
f 1702 1701 1710
f 1702 1710 1711
f 1694 1702 1711
f 1694 1711 1703
f 1704 1703 1712
f 1704 1712 1713
f 1705 1704 1713
f 1705 1713 1714
f 1707 1706 1715
f 1707 1715 1716
f 1708 1707 1716
f 1708 1716 1717
f 1709 1708 1717
f 1709 1717 1718
f 1710 1709 1718
f 1710 1718 1719
f 1711 1710 1719
f 1711 1719 1720
f 1703 1711 1720
f 1703 1720 1712
f 1713 1712 1721
f 1713 1721 1722
f 1714 1713 1722
f 1714 1722 1723
f 1716 1715 1724
f 1716 1724 1725
f 1717 1716 1725
f 1717 1725 1726
f 1718 1717 1726
f 1718 1726 1727
f 1719 1718 1727
f 1719 1727 1728
f 1720 1719 1728
f 1720 1728 1729
f 1712 1720 1729
f 1712 1729 1721
f 1722 1721 1730
f 1722 1730 1731
f 1723 1722 1731
f 1723 1731 1732
f 1725 1724 1733
f 1725 1733 1734
f 1726 1725 1734
f 1726 1734 1735
f 1727 1726 1735
f 1727 1735 1736
f 1728 1727 1736
f 1728 1736 1737
f 1729 1728 1737
f 1729 1737 1738
f 1721 1729 1738
f 1721 1738 1730
f 1731 1730 1739
f 1731 1739 1740
f 1732 1731 1740
f 1732 1740 1741
f 1734 1733 1742
f 1734 1742 1743
f 1735 1734 1743
f 1735 1743 1744
f 1736 1735 1744
f 1736 1744 1745
f 1737 1736 1745
f 1737 1745 1746
f 1738 1737 1746
f 1738 1746 1747
f 1730 1738 1747
f 1730 1747 1739
f 1740 1739 1748
f 1740 1748 1749
f 1741 1740 1749
f 1741 1749 1750
f 1743 1742 1751
f 1743 1751 1752
f 1744 1743 1752
f 1744 1752 1753
f 1745 1744 1753
f 1745 1753 1754
f 1746 1745 1754
f 1746 1754 1755
f 1747 1746 1755
f 1747 1755 1756
f 1739 1747 1756
f 1739 1756 1748
f 1782 1780 1781
f 1780 1782 1779
f 1779 1782 1783
f 1779 1783 1778
f 1778 1783 1784
f 1778 1784 1777
f 1777 1784 1785
f 1777 1785 1776
f 1776 1785 1786
f 1776 1786 1775
f 1775 1786 1787
f 1775 1787 1774
f 1774 1787 1788
f 1774 1788 1773
f 1773 1788 1757
f 1773 1757 1772
f 1772 1757 1758
f 1772 1758 1771
f 1771 1758 1759
f 1771 1759 1770
f 1770 1759 1760
f 1770 1760 1761
f 1770 1761 1769
f 1769 1761 1762
f 1769 1762 1768
f 1768 1762 1767
f 1767 1762 1763
f 1767 1763 1766
f 1766 1763 1764
f 1766 1764 1765
f 1799 1797 1798
f 1797 1799 1800
f 1797 1800 1796
f 1796 1800 1801
f 1796 1801 1795
f 1795 1801 1802
f 1795 1802 1794
f 1794 1802 1803
f 1794 1803 1793
f 1793 1803 1804
f 1793 1804 1792
f 1792 1804 1805
f 1792 1805 1791
f 1791 1805 1806
f 1791 1806 1790
f 1790 1806 1807
f 1790 1807 1789
f 1789 1807 1808
f 1789 1808 1820
f 1820 1808 1809
f 1820 1809 1819
f 1819 1809 1810
f 1819 1810 1818
f 1818 1810 1811
f 1818 1811 1817
f 1817 1811 1816
f 1816 1811 1812
f 1816 1812 1813
f 1816 1813 1815
f 1815 1813 1814
f 1846 1844 1845
f 1844 1846 1843
f 1843 1846 1847
f 1843 1847 1842
f 1842 1847 1848
f 1842 1848 1841
f 1841 1848 1849
f 1841 1849 1840
f 1840 1849 1850
f 1840 1850 1839
f 1839 1850 1851
f 1839 1851 1838
f 1838 1851 1852
f 1838 1852 1837
f 1837 1852 1821
f 1837 1821 1836
f 1836 1821 1822
f 1836 1822 1835
f 1835 1822 1823
f 1835 1823 1834
f 1834 1823 1824
f 1834 1824 1825
f 1834 1825 1833
f 1833 1825 1832
f 1832 1825 1826
f 1832 1826 1827
f 1832 1827 1831
f 1831 1827 1830
f 1830 1827 1828
f 1830 1828 1829
f 1863 1861 1862
f 1861 1863 1864
f 1861 1864 1860
f 1860 1864 1865
f 1860 1865 1859
f 1859 1865 1866
f 1859 1866 1858
f 1858 1866 1867
f 1858 1867 1857
f 1857 1867 1868
f 1857 1868 1856
f 1856 1868 1869
f 1856 1869 1855
f 1855 1869 1870
f 1855 1870 1854
f 1854 1870 1871
f 1854 1871 1853
f 1853 1871 1872
f 1853 1872 1884
f 1884 1872 1873
f 1884 1873 1883
f 1883 1873 1882
f 1882 1873 1874
f 1882 1874 1881
f 1881 1874 1875
f 1881 1875 1876
f 1881 1876 1880
f 1880 1876 1877
f 1880 1877 1879
f 1879 1877 1878
f 1895 1893 1894
f 1893 1895 1896
f 1893 1896 1892
f 1892 1896 1897
f 1892 1897 1891
f 1891 1897 1898
f 1891 1898 1890
f 1890 1898 1899
f 1890 1899 1889
f 1889 1899 1900
f 1889 1900 1888
f 1888 1900 1901
f 1888 1901 1887
f 1887 1901 1902
f 1887 1902 1886
f 1886 1902 1903
f 1886 1903 1885
f 1885 1903 1904
f 1885 1904 1916
f 1916 1904 1905
f 1916 1905 1915
f 1915 1905 1914
f 1914 1905 1906
f 1914 1906 1907
f 1914 1907 1913
f 1913 1907 1912
f 1912 1907 1908
f 1912 1908 1909
f 1912 1909 1911
f 1911 1909 1910
f 1942 1940 1941
f 1940 1942 1939
f 1939 1942 1943
f 1939 1943 1938
f 1938 1943 1944
f 1938 1944 1937
f 1937 1944 1945
f 1937 1945 1936
f 1936 1945 1946
f 1936 1946 1935
f 1935 1946 1947
f 1935 1947 1934
f 1934 1947 1948
f 1934 1948 1933
f 1933 1948 1917
f 1933 1917 1932
f 1932 1917 1918
f 1932 1918 1931
f 1931 1918 1919
f 1931 1919 1930
f 1930 1919 1920
f 1930 1920 1929
f 1929 1920 1921
f 1929 1921 1928
f 1928 1921 1922
f 1928 1922 1923
f 1928 1923 1927
f 1927 1923 1924
f 1927 1924 1926
f 1926 1924 1925
f 1955 1953 1954
f 1953 1955 1956
f 1953 1956 1952
f 1952 1956 1949
f 1952 1949 1951
f 1951 1949 1950
f 1961 1959 1960
f 1959 1961 1962
f 1959 1962 1958
f 1958 1962 1963
f 1958 1963 1957
f 1957 1963 1964
f 1969 1967 1968
f 1967 1969 1970
f 1967 1970 1966
f 1966 1970 1971
f 1966 1971 1965
f 1965 1971 1972
f 1973 1974 1975
f 1973 1975 1976
f 1977 1978 1979
f 1977 1979 1980
f 1981 1982 1983
f 1981 1983 1984
