# https://github.com/mikedh/trimesh
v 0.13500068 -0.33498189 0.15452187
v 0.12649325 -0.33498189 0.15213777
v 0.12611040 -0.34496802 0.15204111
v 0.13500068 -0.34496802 0.15390974
v 0.14573422 -0.33450407 0.15194446
v 0.14499691 -0.32499576 0.15252438
v 0.13500068 -0.32499576 0.15423192
v 0.07190388 -0.44339588 0.13138957
v 0.12717384 -0.32499576 0.15181559
v 0.12640817 -0.35495412 0.15146120
v 0.07190388 -0.44497263 0.13138957
v 0.12786861 -0.36202568 0.15065575
v 0.13290218 -0.36202568 0.15065575
v 0.13575217 -0.35576642 0.15175115
v 0.14173573 -0.35299516 0.15094571
v 0.14347975 -0.34496802 0.15184781
v 0.15011555 -0.33082497 0.15007584
v 0.14956257 -0.33751425 0.14972144
v 0.15021481 -0.32499576 0.15014027
v 0.15015809 -0.31859317 0.15010805
v 0.14576258 -0.31515297 0.15165450
v 0.14340885 -0.30497572 0.15123567
v 0.13500068 -0.31496185 0.15320095
v 0.12813802 -0.31496185 0.15120345
v 0.07190388 -0.43498653 0.13077743
v 0.07190388 -0.44970292 0.12952095
v 0.13575217 -0.36522695 0.14852938
v 0.13956633 -0.35963663 0.14985031
v 0.14847077 -0.34496802 0.14894821
v 0.14502527 -0.35576642 0.14775616
v 0.15407151 -0.33450407 0.14656411
v 0.16106178 -0.33498189 0.14092600
v 0.16155805 -0.32499576 0.14131263
v 0.15520583 -0.32499576 0.14630637
v 0.16043790 -0.34148005 0.14037831
v 0.15564539 -0.34487247 0.14340678
v 0.15409987 -0.31515297 0.14685406
v 0.14961928 -0.31195167 0.14981809
v 0.16145879 -0.31496185 0.14121597
v 0.14157976 -0.29713970 0.15052688
v 0.14499691 0.02480546 0.10774180
v 0.12913054 -0.30698249 0.15055910
v 0.14479840 0.02480546 0.10774180
v 0.13500068 0.02480546 0.10735518
v 0.13484471 0.02480546 0.10729074
v 0.12670593 0.02480546 0.10281249
v 0.12660667 0.02480546 0.10274805
v 0.07190388 0.02480546 0.05819099
v 0.07190388 -0.45376426 0.12497826
v 0.14597526 -0.38591594 0.12597701
v 0.14949167 -0.37946555 0.12952095
v 0.14284170 -0.38257128 0.13245276
v 0.13874395 -0.37884441 0.13912182
v 0.13207980 -0.38156790 0.14111932
v 0.13524172 -0.37530863 0.14327790
v 0.14200513 -0.37220293 0.14147371
v 0.14519541 -0.36489248 0.14331011
v 0.15102302 -0.36150008 0.14082935
v 0.15283793 -0.35495412 0.14231136
v 0.15941700 -0.34816933 0.13947621
v 0.16606699 -0.33498189 0.13622223
v 0.16656326 -0.32499576 0.13676994
v 0.16646400 -0.31496185 0.13673770
v 0.17050503 -0.34176672 0.13051970
v 0.16497520 -0.34496802 0.13499795
v 0.16080655 -0.30497572 0.14066827
v 0.15499315 -0.30497572 0.14498544
v 0.15975730 0.02480546 0.09981624
v 0.15475211 0.02480546 0.10319910
v 0.15456778 0.02480546 0.10329575
v 0.16581176 -0.30497572 0.13622223
v 0.07190388 0.02480546 -0.17461400
v 0.07190388 -0.45381206 0.12491383
v 0.14913720 -0.38926056 0.11901799
v 0.15272449 -0.38257128 0.12285189
v 0.15938865 -0.37932223 0.11924350
v 0.15587224 -0.37602535 0.12591256
v 0.15903418 -0.36861938 0.12900546
v 0.15237002 -0.37277627 0.13219501
v 0.14574841 -0.37583423 0.13567452
v 0.14865510 -0.36818933 0.13886409
v 0.16126029 -0.36193010 0.13122849
v 0.15782896 -0.35495412 0.13802642
v 0.15502150 -0.36503583 0.13506240
v 0.16951250 -0.34840822 0.12945652
v 0.16307521 -0.35495412 0.13303268
v 0.17117144 -0.33498189 0.13122849
v 0.17172442 -0.32499576 0.13177618
v 0.17173861 -0.31496185 0.13174397
v 0.17125651 -0.30497572 0.13122849
v 0.18001917 -0.34004661 0.12001674
v 0.17617665 -0.33498189 0.12559040
v 0.17064682 0.02480546 0.09060199
v 0.16498938 0.02480546 0.09543464
v 0.07520761 0.02480546 -0.17445292
v 0.07500910 0.01496266 -0.17442070
v 0.07190388 0.01496266 -0.17454956
v 0.07190388 -0.46222141 0.10497107
v 0.16072148 -0.39059842 0.10113717
v 0.15856627 -0.38863939 0.10780623
v 0.15188792 -0.39155403 0.11234892
v 0.15564539 -0.38562924 0.11579621
v 0.16861922 -0.37827104 0.10780623
v 0.16535804 -0.37545198 0.11547405
v 0.16209686 -0.37263292 0.12233640
v 0.16195506 -0.38199791 0.11257444
v 0.16876100 -0.36804599 0.11837363
v 0.16500355 -0.36498806 0.12501048
v 0.17083114 -0.36135674 0.12101547
v 0.16808040 -0.35495412 0.12784563
v 0.17898411 -0.34673589 0.11859915
v 0.17236248 -0.35495412 0.12285189
v 0.17672963 -0.32499576 0.12629919
v 0.17672963 -0.31496185 0.12636362
v 0.17624754 -0.30497572 0.12588035
v 0.18050127 0.02480546 0.08055007
v 0.17565203 0.02480546 0.08554381
v 0.18218857 -0.34401241 0.11515187
v 0.18895197 -0.33498189 0.10825728
v 0.18442886 -0.33498189 0.11499077
v 0.18045872 -0.33498189 0.12056443
v 0.18105425 -0.32499576 0.12130544
v 0.08500533 0.02480546 -0.17342195
v 0.08500533 0.01496266 -0.17335752
v 0.07500910 0.00497653 -0.17425960
v 0.07190388 0.00497653 -0.17438848
v 0.07190388 -0.46236476 0.10413341
v 0.15947372 -0.39958113 0.07497641
v 0.17015055 -0.39012063 0.08045341
v 0.15809835 -0.39857775 0.08499610
v 0.16534385 -0.39293966 0.08425510
v 0.16222446 -0.39188850 0.09498359
v 0.16467744 -0.38467363 0.10445559
v 0.16722967 -0.38730156 0.09498359
v 0.17067517 -0.38070786 0.10113717
v 0.17307144 -0.37497419 0.10468111
v 0.17122816 -0.37162954 0.11170457
v 0.17317069 -0.36479694 0.11502299
v 0.17987739 -0.35973221 0.10980373
v 0.17782143 -0.35581419 0.11515187
v 0.18130946 -0.35309070 0.11193009
v 0.18112513 -0.31496185 0.12136987
v 0.18074231 -0.30497572 0.12088661
v 0.18493931 0.02480546 0.07510528
v 0.18814377 -0.34587586 0.10497107
v 0.19092287 -0.34315234 0.10162044
v 0.19185868 -0.33498189 0.10326353
v 0.19256765 -0.32499576 0.10439116
v 0.18963256 -0.32499576 0.10941711
v 0.18570498 -0.32499576 0.11499077
v 0.18588930 -0.31496185 0.11499077
v 0.08520384 0.02480546 -0.17338973
v 0.09500156 0.01496266 -0.17164998
v 0.08500533 0.00497653 -0.17319642
v 0.07500910 -0.00500959 -0.17400187
v 0.07190388 -0.00500959 -0.17413074
v 0.07190388 -0.46332037 0.09498359
v 0.15996999 -0.39996338 0.06972492
v 0.16498938 -0.39523312 0.07497641
v 0.16891697 -0.38897389 0.08709025
v 0.17067517 -0.39059842 0.07497641
v 0.17566621 -0.38567704 0.07497641
v 0.18062887 -0.38066006 0.07497641
v 0.18007588 -0.38008669 0.08022789
v 0.17453188 -0.38453031 0.08367518
v 0.17219234 -0.38228458 0.09498359
v 0.17767963 -0.37516528 0.09585347
v 0.17987739 -0.36976612 0.09975181
v 0.17860126 -0.36584812 0.10587317
v 0.18181992 -0.36312461 0.10313466
v 0.18882437 -0.35495412 0.09752879
v 0.18994451 -0.34979385 0.09988068
v 0.18523706 -0.30497572 0.11499077
v 0.18951914 0.02480546 0.06933831
v 0.19611239 -0.33498189 0.09498359
v 0.19295047 -0.34587586 0.09591790
v 0.19794150 -0.32490021 0.09417815
v 0.19775717 -0.31496185 0.09549908
v 0.19276614 -0.31496185 0.10464890
v 0.18977436 -0.31496185 0.10964264
v 0.18949078 -0.30497572 0.10919159
v 0.09500156 0.02480546 -0.17171441
v 0.10102767 0.01496266 -0.17029683
v 0.10074408 0.00497653 -0.17020018
v 0.09500156 0.00497653 -0.17148888
v 0.08500533 -0.00500959 -0.17293869
v 0.07500910 -0.01504351 -0.17358303
v 0.07190388 -0.01504351 -0.17371191
v 0.07190388 -0.46050131 0.08499610
v 0.13049173 -0.41018844 0.00925233
v 0.13705663 -0.40851611 0.01498708
v 0.13892828 -0.40942395 0.02262267
v 0.14416035 -0.40713048 0.02555448
v 0.14608870 -0.40770385 0.03499426
v 0.15409987 -0.40273467 0.03499426
v 0.15975730 -0.39982006 0.04163110
v 0.15585807 -0.40273467 0.04498174
v 0.16021104 -0.40015453 0.04830017
v 0.16040954 -0.40029788 0.05496922
v 0.16032447 -0.40020230 0.06305587
v 0.16419534 -0.39690542 0.06582659
v 0.17134160 -0.39117178 0.06498893
v 0.17889902 -0.37865329 0.08689695
v 0.17633262 -0.38644153 0.06498893
v 0.18133783 -0.38142455 0.06498893
v 0.18634303 -0.37545198 0.06498893
v 0.19005795 -0.37005278 0.07030484
v 0.18936317 -0.36895382 0.07697391
v 0.18254304 -0.37516528 0.08412623
v 0.18145126 -0.37196401 0.09308275
v 0.19005795 -0.36011446 0.09015094
v 0.19116391 -0.35495412 0.09250282
v 0.19801240 -0.34472913 0.08464171
v 0.19289376 0.02480546 0.06431235
v 0.19924597 -0.33498189 0.08796013
v 0.19981313 -0.32819706 0.08953881
v 0.20013925 -0.32150778 0.09031203
v 0.20023851 -0.31496185 0.09050533
v 0.20015344 -0.30497572 0.09031203
v 0.19757284 -0.30497572 0.09533799
v 0.19258182 -0.30497572 0.10419784
v 0.19779971 0.02480546 0.05651567
v 0.10111274 0.02480546 -0.17032905
v 0.10611795 0.02480546 -0.16875039
v 0.10601869 0.01496266 -0.16871817
v 0.10574929 0.00497653 -0.16865373
v 0.10034707 -0.00500959 -0.17007130
v 0.10004931 -0.01026545 -0.17000687
v 0.09500156 -0.00500959 -0.17123115
v 0.09332843 -0.02502963 -0.17068344
v 0.08500533 -0.01504351 -0.17251985
v 0.07500910 -0.02502963 -0.17309977
v 0.07190388 -0.02192390 -0.17338973
v 0.07190388 -0.45859009 0.07961576
v 0.12141714 -0.41057068 -0.00160503
v 0.12808129 -0.40913725 0.00258327
v 0.13429172 -0.40713048 0.00554730
v 0.14352229 -0.40201795 0.00499959
v 0.14594691 -0.40335581 0.01408498
v 0.15132077 -0.40087122 0.01682349
v 0.15278122 -0.40182683 0.02497456
v 0.15910506 -0.39934224 0.03499426
v 0.16598192 -0.39379972 0.03402773
v 0.17061846 -0.39055061 0.03670180
v 0.16412446 -0.39676210 0.04498174
v 0.17124234 -0.39107621 0.04498174
v 0.16540056 -0.39633209 0.05496922
v 0.17155428 -0.39131510 0.05496922
v 0.17655948 -0.38663262 0.05496922
v 0.18654154 -0.37578645 0.05496922
v 0.18153633 -0.38161567 0.05496922
v 0.19059674 -0.37076950 0.05496922
v 0.19034153 -0.37043503 0.06498893
v 0.19368778 -0.36498806 0.06498893
v 0.19201465 -0.36537030 0.07417096
v 0.19099376 -0.36178675 0.08499610
v 0.18811542 -0.36680371 0.08499610
v 0.19412734 -0.35495412 0.08499610
v 0.19934523 -0.34793040 0.07739273
v 0.20038030 -0.34124112 0.08106555
v 0.20108925 -0.33498189 0.08296639
v 0.20530042 -0.32499576 0.07497641
v 0.20161387 -0.32490021 0.08570490
v 0.20250715 -0.31496185 0.08499610
v 0.20246461 -0.30497572 0.08499610
v 0.20004000 -0.29919428 0.09008650
v 0.20074895 0.02480546 0.05136085
v 0.19789895 0.02480546 0.05635458
v 0.11500821 0.02480546 -0.16556083
v 0.11500821 0.01496266 -0.16552861
v 0.11500821 0.00497653 -0.16533531
v 0.11500821 -0.00500959 -0.16510978
v 0.10533810 -0.00500959 -0.16852486
v 0.10403362 -0.01418346 -0.16855708
v 0.10501198 -0.02502963 -0.16771942
v 0.09928364 -0.01695472 -0.16984579
v 0.09556873 -0.01418346 -0.17074788
v 0.08500533 -0.02502963 -0.17203659
v 0.09833364 -0.02502963 -0.16962026
v 0.09191053 -0.03501576 -0.17039348
v 0.07190388 -0.02502963 -0.17322864
v 0.08500533 -0.03501576 -0.17145666
v 0.07500910 -0.03501576 -0.17248763
v 0.07190388 -0.03191003 -0.17280981
v 0.07190388 -0.45658332 0.07400988
v 0.11825521 -0.40932837 -0.00827409
v 0.12484847 -0.40784717 -0.00495567
v 0.13549694 -0.40268689 -0.00531007
v 0.14145215 -0.40077567 -0.00218495
v 0.14851332 -0.39910334 0.00499959
v 0.14991704 -0.39991564 0.01015442
v 0.15479463 -0.39766991 0.01408498
v 0.15777224 -0.39843440 0.02497456
v 0.16432296 -0.39341748 0.02497456
v 0.16998041 -0.38997728 0.03006496
v 0.17437591 -0.38653708 0.03402773
v 0.18065724 -0.38066006 0.03499426
v 0.17624754 -0.38639373 0.04498174
v 0.18130946 -0.38137677 0.04498174
v 0.18631467 -0.37554753 0.04498174
v 0.19042660 -0.37053061 0.04498174
v 0.19409898 -0.36498806 0.04498174
v 0.19431166 -0.36498806 0.05496922
v 0.19870716 -0.35739094 0.05496922
v 0.19833851 -0.35638756 0.06498893
v 0.19758701 -0.35423744 0.07442871
v 0.20108925 -0.34472913 0.07442871
v 0.20016761 -0.35036722 0.07072368
v 0.20357057 -0.33498189 0.07497641
v 0.20779595 -0.32499576 0.06498893
v 0.20900115 -0.31434071 0.06408683
v 0.20613699 -0.31496185 0.07497641
v 0.20625043 -0.30497572 0.07497641
v 0.20596685 -0.29498959 0.07497641
v 0.20800862 0.02480546 0.03499426
v 0.20172730 -0.29551518 0.08576933
v 0.20381163 0.02480546 0.04498174
v 0.20375490 0.02480546 0.04511061
v 0.11517836 0.02480546 -0.16549639
v 0.12398355 0.02480546 -0.16175915
v 0.12382758 0.01496266 -0.16175915
v 0.12365744 0.00497653 -0.16169471
v 0.12338803 -0.00500959 -0.16156584
v 0.12296266 -0.01504351 -0.16137253
v 0.11500821 -0.01504351 -0.16469096
v 0.11500821 -0.02502963 -0.16420770
v 0.10501198 -0.03501576 -0.16710728
v 0.09690156 -0.03501576 -0.16933030
v 0.09443440 -0.04514523 -0.16910478
v 0.09071949 -0.04189616 -0.17013575
v 0.08914562 -0.04853766 -0.16987801
v 0.08548742 -0.04514523 -0.17061901
v 0.08224042 -0.05503580 -0.17026462
v 0.08051057 -0.06067391 -0.17003909
v 0.07500910 -0.04500189 -0.17174663
v 0.07190388 -0.04189616 -0.17213324
v 0.07190388 -0.03501576 -0.17261651
v 0.07190388 -0.45319089 0.06492449
v 0.11159106 -0.41057068 -0.01133477
v 0.11495149 -0.40779942 -0.01481428
v 0.12287758 -0.40125346 -0.02257874
v 0.12572758 -0.40306914 -0.01568416
v 0.13249098 -0.40120569 -0.01281679
v 0.13915513 -0.39953339 -0.00885401
v 0.14485513 -0.39747882 -0.00531007
v 0.15312150 -0.39222294 -0.00502011
v 0.15581553 -0.39384750 0.00432302
v 0.16124611 -0.39098066 0.00722262
v 0.16276327 -0.39217517 0.01498708
v 0.16932817 -0.38940388 0.02497456
v 0.17558113 -0.38362247 0.02561891
v 0.18013260 -0.38013446 0.02938838
v 0.18630049 -0.37411413 0.03534865
v 0.19015720 -0.37019613 0.03892482
v 0.19268107 -0.36565697 0.03534865
v 0.19823927 -0.35676980 0.03499426
v 0.19866464 -0.35748652 0.04498174
v 0.20123103 -0.35246956 0.04498174
v 0.20113179 -0.35237399 0.05496922
v 0.20062134 -0.35137060 0.06498893
v 0.20296088 -0.34496802 0.06498893
v 0.20588177 -0.33498189 0.06498893
v 0.20931309 -0.32470906 0.05513031
v 0.20983773 -0.31725532 0.05857760
v 0.21002206 -0.31061381 0.06015627
v 0.20895863 -0.30497572 0.06537554
v 0.20883101 -0.29498959 0.06543997
v 0.21143997 0.02480546 0.02491013
v 0.20990862 0.02480546 0.02993608
v 0.12888950 0.02480546 -0.15943947
v 0.12883279 0.01496266 -0.15940726
v 0.12864846 0.00497653 -0.15931061
v 0.12839323 -0.00500959 -0.15918173
v 0.12796786 -0.01504351 -0.15898843
v 0.12243804 -0.02502963 -0.16111480
v 0.12179998 -0.03501576 -0.16082484
v 0.11500821 -0.03501576 -0.16359556
v 0.10501198 -0.04500189 -0.16636628
v 0.10501198 -0.05503580 -0.16556083
v 0.09500156 -0.05503580 -0.16820268
v 0.08723144 -0.05503580 -0.16962026
v 0.08431056 -0.06440079 -0.16913700
v 0.08500533 -0.07500806 -0.16794494
v 0.08500533 -0.08504197 -0.16684954
v 0.07500910 -0.08504197 -0.16788051
v 0.07500910 -0.07500806 -0.16897590
v 0.07500910 -0.06784098 -0.16974913
v 0.07500910 -0.06282403 -0.17026462
v 0.07500910 -0.05503580 -0.17097341
v 0.07190388 -0.05503580 -0.17110227
v 0.07190388 -0.41042733 -0.02937668
v 0.07791580 -0.40980619 -0.02960220
v 0.08500533 -0.41162184 -0.02360971
v 0.09500156 -0.41071403 -0.02161221
v 0.10047469 -0.41009286 -0.02029129
v 0.10428885 -0.41128737 -0.01481428
v 0.10713883 -0.40908948 -0.01800383
v 0.11544776 -0.40273467 -0.02554277
v 0.11907760 -0.39962894 -0.02924781
v 0.12572758 -0.39848220 -0.02554277
v 0.12954174 -0.39977229 -0.01948585
v 0.13549694 -0.39838666 -0.01568416
v 0.14217527 -0.39126736 -0.02254653
v 0.14529467 -0.39293966 -0.01503981
v 0.15112226 -0.39074177 -0.01172138
v 0.15812671 -0.38859165 -0.00502011
v 0.15971477 -0.38973838 0.00055355
v 0.16474834 -0.38691932 0.00432302
v 0.16776848 -0.38806605 0.01498708
v 0.17315651 -0.38304907 0.01498708
v 0.17929605 -0.37922665 0.02271932
v 0.18320946 -0.37554753 0.02561891
v 0.18963256 -0.36947942 0.03225576
v 0.19242585 -0.36350685 0.02497456
v 0.19787061 -0.35447633 0.02439464
v 0.20042284 -0.35079724 0.02735867
v 0.20090492 -0.35175285 0.03499426
v 0.20382580 -0.34496802 0.03499426
v 0.20437878 -0.34496802 0.04498174
v 0.20410939 -0.34496802 0.05496922
v 0.20722878 -0.33498189 0.05496922
v 0.21020639 -0.32122108 0.05190855
v 0.20949742 -0.32728922 0.04498174
v 0.21044743 -0.31434071 0.05513031
v 0.21092951 -0.30497572 0.05496922
v 0.21111384 -0.29498959 0.05496922
v 0.21007878 -0.30497572 0.06038179
v 0.21009295 -0.29498959 0.06041402
v 0.21005040 -0.28710580 0.06022071
v 0.20997952 -0.28041652 0.05993075
v 0.20992279 -0.27496955 0.05964079
v 0.21146831 0.02480546 0.02481347
v 0.13514248 0.02480546 -0.15579887
v 0.13500068 0.01496266 -0.15579887
v 0.13500068 0.00497653 -0.15563779
v 0.13500068 -0.00500959 -0.15538004
v 0.13500068 -0.01504351 -0.15496121
v 0.13500068 -0.02502963 -0.15447795
v 0.12744324 -0.02502963 -0.15873069
v 0.12680519 -0.03501576 -0.15840851
v 0.12099177 -0.04500189 -0.16043822
v 0.11500821 -0.04500189 -0.16285455
v 0.11587314 -0.05532248 -0.16169471
v 0.11400150 -0.06502193 -0.16153362
v 0.10501198 -0.06502193 -0.16465874
v 0.09500156 -0.06502193 -0.16726837
v 0.09500156 -0.08504197 -0.16514200
v 0.08500533 -0.09502810 -0.16562527
v 0.07190388 -0.08504197 -0.16800937
v 0.07190388 -0.08193624 -0.16836376
v 0.07190388 -0.07338353 -0.16929808
v 0.07500910 -0.09502810 -0.16665624
v 0.07190388 -0.09192237 -0.16717172
v 0.07190388 -0.06846213 -0.16981357
v 0.07190388 -0.06344518 -0.17032905
v 0.07190388 -0.06038722 -0.17061901
v 0.07190388 -0.40966284 -0.03092312
v 0.07475387 -0.40775162 -0.03411268
v 0.08500533 -0.40612710 -0.03498255
v 0.08500533 -0.40932837 -0.02860345
v 0.09500156 -0.40837276 -0.02663817
v 0.10428885 -0.40173125 -0.03501477
v 0.10428885 -0.40713048 -0.02415741
v 0.11241344 -0.40087122 -0.03169635
v 0.11544776 -0.39790884 -0.03501477
v 0.12240968 -0.39112401 -0.04187714
v 0.12544399 -0.39327413 -0.03549804
v 0.13263278 -0.39141068 -0.03250179
v 0.13929693 -0.38959503 -0.02921559
v 0.14882526 -0.38921279 -0.01839045
v 0.15551777 -0.38543811 -0.01578081
v 0.16194087 -0.38166344 -0.01317118
v 0.16515952 -0.38300133 -0.00437575
v 0.17027816 -0.38023004 -0.00060628
v 0.17138413 -0.38132900 0.00499959
v 0.17816171 -0.37803215 0.01498708
v 0.18262812 -0.37306297 0.01498708
v 0.18890944 -0.36852381 0.02497456
v 0.19124898 -0.36183453 0.01498708
v 0.19986984 -0.34969831 0.02068961
v 0.19548853 -0.35495412 0.01498708
v 0.20215267 -0.34582806 0.02439464
v 0.20636386 -0.33498189 0.02497456
v 0.20734221 -0.33498189 0.03499426
v 0.20765415 -0.33498189 0.04498174
v 0.21041906 -0.32227227 0.04498174
v 0.21135488 -0.31496185 0.04498174
v 0.20941235 -0.32728922 0.03499426
v 0.21046160 -0.32227227 0.03499426
v 0.21210638 -0.30497572 0.04498174
v 0.21244667 -0.29498959 0.04498174
v 0.21254593 -0.28495568 0.04498174
v 0.21248922 -0.27496955 0.04498174
v 0.21085861 -0.28423896 0.05596797
v 0.21396384 0.02480546 0.01498708
v 0.21392129 0.02480546 0.01518038
v 0.14209020 0.02480546 -0.15141727
v 0.14206184 0.01496266 -0.15138505
v 0.14193423 0.00497653 -0.15132062
v 0.14174990 -0.00500959 -0.15119174
v 0.14146632 -0.01504351 -0.15096623
v 0.14109766 -0.02502963 -0.15074070
v 0.14067230 -0.03501576 -0.15041852
v 0.13500068 -0.03501576 -0.15386581
v 0.12599698 -0.04500189 -0.15802190
v 0.13446188 -0.05503580 -0.15264153
v 0.12422460 -0.05532248 -0.15805411
v 0.12038207 -0.05216897 -0.16014826
v 0.11977237 -0.05885825 -0.15989052
v 0.11900671 -0.06502193 -0.15956834
v 0.11266866 -0.07500806 -0.16101813
v 0.11125076 -0.08504197 -0.16047044
v 0.10501198 -0.07500806 -0.16359556
v 0.09500156 -0.09502810 -0.16388552
v 0.10501198 -0.08504197 -0.16250016
v 0.10245974 -0.10501423 -0.16076040
v 0.10092841 -0.11199018 -0.16027713
v 0.09500156 -0.10501423 -0.16256459
v 0.08500533 -0.10501423 -0.16427213
v 0.07500910 -0.10501423 -0.16533531
v 0.07190388 -0.09502810 -0.16678511
v 0.07190388 -0.10190850 -0.16588300
v 0.07190388 -0.40240020 -0.04419681
v 0.07500910 -0.40235242 -0.04406794
v 0.09500156 -0.40416807 -0.03498255
v 0.08500533 -0.40173125 -0.04303697
v 0.09500156 -0.40077567 -0.04136166
v 0.10047469 -0.40010673 -0.04023404
v 0.10713883 -0.39910334 -0.03836541
v 0.11468209 -0.39241409 -0.04509891
v 0.11778730 -0.38906944 -0.04854620
v 0.12544399 -0.38754046 -0.04509891
v 0.12907383 -0.38949946 -0.03917085
v 0.13558201 -0.38797048 -0.03549804
v 0.14125364 -0.38080341 -0.04123279
v 0.14474168 -0.38261908 -0.03459594
v 0.15081032 -0.38056451 -0.03098756
v 0.14529467 -0.38763601 -0.02551055
v 0.15303643 -0.38238016 -0.02499507
v 0.15989910 -0.37989557 -0.01984024
v 0.16515952 -0.37721986 -0.01590968
v 0.16860503 -0.37865329 -0.00727534
v 0.17440426 -0.37430525 -0.00366696
v 0.18001917 -0.37000501 -0.00009080
v 0.17638934 -0.37612092 0.00499959
v 0.18095499 -0.37110394 0.00499959
v 0.18761915 -0.36680371 0.01498708
v 0.19038406 -0.36054444 0.00876906
v 0.19923179 -0.34836042 0.01498708
v 0.20148626 -0.34339124 0.01498708
v 0.19252510 -0.35533637 0.00525734
v 0.20464820 -0.33498189 0.01498708
v 0.20752653 -0.32499576 0.01498708
v 0.20910043 -0.32470906 0.02462016
v 0.21153921 -0.31496185 0.03499426
v 0.21243249 -0.30497572 0.03499426
v 0.21026310 -0.32122108 0.02771306
v 0.21291459 -0.29498959 0.03499426
v 0.21318398 -0.28495568 0.03499426
v 0.21335414 -0.27496955 0.03499426
v 0.21348174 -0.26498342 0.03499426
v 0.21355264 -0.25499728 0.03499426
v 0.21355264 -0.24496338 0.03499426
v 0.21349591 -0.23497725 0.03499426
v 0.21559441 0.02480546 0.00499959
v 0.21556607 0.02480546 0.00519290
v 0.14218946 0.02480546 -0.15135284
v 0.14708123 0.02480546 -0.14784111
v 0.14703870 0.01496266 -0.14780889
v 0.14692526 0.00497653 -0.14771223
v 0.14674093 -0.00500959 -0.14758337
v 0.14644317 -0.01504351 -0.14739005
v 0.14608870 -0.02502963 -0.14713232
v 0.14564915 -0.03501576 -0.14684236
v 0.14027528 -0.04227841 -0.15016077
v 0.13592231 -0.04538414 -0.15254489
v 0.13946708 -0.05503580 -0.14964530
v 0.13368203 -0.06502193 -0.15215828
v 0.13986409 -0.04896767 -0.14990304
v 0.12500444 -0.06502193 -0.15676540
v 0.12500444 -0.08504197 -0.15457460
v 0.11767387 -0.07500806 -0.15905286
v 0.11625597 -0.08504197 -0.15850516
v 0.11035748 -0.09101453 -0.16011605
v 0.10540900 -0.09459808 -0.16121145
v 0.10746495 -0.10501423 -0.15918173
v 0.10455824 -0.11519148 -0.15866625
v 0.10501198 -0.12503427 -0.15702315
v 0.09907095 -0.11867946 -0.15979387
v 0.09544112 -0.11519148 -0.16105036
v 0.09239262 -0.12317083 -0.16047044
v 0.08500533 -0.11500036 -0.16285455
v 0.07190388 -0.10501423 -0.16546418
v 0.07500910 -0.11500036 -0.16391774
v 0.07190388 -0.11189462 -0.16449764
v 0.07190388 -0.39948559 -0.04919055
v 0.07500910 -0.39943781 -0.04906168
v 0.08500533 -0.39881665 -0.04803072
v 0.09500156 -0.39786106 -0.04638761
v 0.10501198 -0.39145845 -0.05225123
v 0.10428885 -0.39661875 -0.04413238
v 0.11112314 -0.39040729 -0.05067256
v 0.11468209 -0.38634595 -0.05440982
v 0.12011267 -0.38003892 -0.06004791
v 0.12406863 -0.38185459 -0.05453869
v 0.13108726 -0.38061228 -0.05089809
v 0.13464621 -0.38261908 -0.04474451
v 0.13775142 -0.37850994 -0.04790185
v 0.14515288 -0.37516528 -0.04513112
v 0.14790362 -0.37846217 -0.03765662
v 0.15478046 -0.37483084 -0.03469259
v 0.15804164 -0.37836659 -0.02499507
v 0.16130282 -0.37124729 -0.03176079
v 0.16477668 -0.37277627 -0.02412519
v 0.17012219 -0.37010056 -0.02019463
v 0.17151174 -0.37158176 -0.01497537
v 0.17854455 -0.36828491 -0.00672764
v 0.18234454 -0.36498806 -0.00405358
v 0.18929228 -0.35891992 0.00210000
v 0.18634303 -0.36431915 0.00525734
v 0.19811165 -0.34482467 0.00464520
v 0.20063552 -0.34143227 0.00773810
v 0.19113556 -0.35184842 -0.00502011
v 0.20198253 -0.33545968 0.00464520
v 0.20535715 -0.32499576 0.00499959
v 0.20763996 -0.31496185 0.00499959
v 0.20942652 -0.31548744 0.01437494
v 0.20986608 -0.31911874 0.02104400
v 0.21078771 -0.31548744 0.02462016
v 0.21197876 -0.30497572 0.02497456
v 0.21267354 -0.29498959 0.02497456
v 0.21318398 -0.28495568 0.02497456
v 0.21352428 -0.27496955 0.02497456
v 0.21379368 -0.26498342 0.02497456
v 0.21397801 -0.25499728 0.02497456
v 0.21411979 -0.24496338 0.02497456
v 0.21436083 -0.22499113 0.02497456
v 0.21443173 -0.21500500 0.02497456
v 0.21444592 -0.20501886 0.02497456
v 0.21443173 -0.19503273 0.02497456
v 0.21522576 -0.14500654 0.01498708
v 0.21584964 -0.05503580 0.00499959
v 0.21648771 0.02480546 -0.00482680
v 0.14720884 0.02480546 -0.14774445
v 0.15341927 0.01496266 -0.14281514
v 0.15332001 0.00497653 -0.14271849
v 0.15317823 -0.00500959 -0.14258963
v 0.15292300 -0.01504351 -0.14239632
v 0.15263942 -0.02502963 -0.14213857
v 0.15227076 -0.03501576 -0.14181639
v 0.15181704 -0.04500189 -0.14146200
v 0.15132077 -0.05503580 -0.14104317
v 0.14417453 -0.04538414 -0.14710011
v 0.14499691 -0.05503580 -0.14571474
v 0.14499691 -0.06502193 -0.14478043
v 0.13868724 -0.06502193 -0.14916202
v 0.13278875 -0.07500806 -0.15161058
v 0.13188128 -0.08504197 -0.15106288
v 0.13084622 -0.09502810 -0.15048295
v 0.12500444 -0.09502810 -0.15335032
v 0.11421418 -0.09459808 -0.15811855
v 0.12323207 -0.11500036 -0.15151392
v 0.11500821 -0.10501423 -0.15637879
v 0.11500821 -0.11500036 -0.15499343
v 0.10902465 -0.09765603 -0.15966500
v 0.11500821 -0.12503427 -0.15347920
v 0.11281046 -0.14500654 -0.15106288
v 0.10501198 -0.13502041 -0.15541226
v 0.10501198 -0.14500654 -0.15373695
v 0.09500156 -0.14500654 -0.15637879
v 0.09500156 -0.13502041 -0.15805411
v 0.09544112 -0.12589431 -0.15940726
v 0.08976950 -0.12981233 -0.15995495
v 0.08587025 -0.12589431 -0.16111480
v 0.08310534 -0.13263136 -0.16040601
v 0.07190388 -0.11500036 -0.16404660
v 0.07500910 -0.12503427 -0.16240349
v 0.07190388 -0.12192854 -0.16301563
v 0.07190388 -0.39566314 -0.05498974
v 0.07500910 -0.39551979 -0.05498974
v 0.08500533 -0.39442086 -0.05498974
v 0.09066278 -0.39012063 -0.06020900
v 0.09440605 -0.39236629 -0.05537635
v 0.09732693 -0.38926056 -0.05895251
v 0.10501198 -0.38811383 -0.05724498
v 0.11500821 -0.38118565 -0.06152993
v 0.11500821 -0.37712431 -0.06655589
v 0.12106267 -0.37062615 -0.07067975
v 0.12392683 -0.37440079 -0.06423621
v 0.12677683 -0.37817550 -0.05756715
v 0.13497232 -0.37502196 -0.05492530
v 0.14241633 -0.37186843 -0.05231567
v 0.14908049 -0.36919272 -0.04902947
v 0.15208644 -0.37177289 -0.04236040
v 0.15875059 -0.36881047 -0.03842985
v 0.16501774 -0.36498806 -0.03498255
v 0.16796698 -0.36780709 -0.02686370
v 0.17100130 -0.36116561 -0.03153526
v 0.17244756 -0.36470139 -0.02412519
v 0.17960799 -0.35944551 -0.01922810
v 0.17697068 -0.36498806 -0.01552307
v 0.18126693 -0.36164343 -0.01255904
v 0.18791690 -0.35686535 -0.00502011
v 0.19482210 -0.34496802 -0.00502011
v 0.19968551 -0.33913881 0.00106904
v 0.19012883 -0.35017610 -0.01030381
v 0.20090492 -0.33249730 -0.00289374
v 0.20497431 -0.31496185 -0.00502011
v 0.20212433 -0.32566470 -0.00572889
v 0.20663325 -0.30497572 -0.00502011
v 0.20915714 -0.30545354 0.00522512
v 0.20989445 -0.30913264 0.01063769
v 0.21037653 -0.31247726 0.01730675
v 0.21080190 -0.30545354 0.01437494
v 0.21179444 -0.29498959 0.01498708
v 0.21243249 -0.28495568 0.01498708
v 0.21290040 -0.27496955 0.01498708
v 0.21329741 -0.26498342 0.01498708
v 0.21368025 -0.25499728 0.01498708
v 0.21404891 -0.24496338 0.01498708
v 0.21434666 -0.23497725 0.01498708
v 0.21460189 -0.22499113 0.01498708
v 0.21478622 -0.21500500 0.01498708
v 0.21491383 -0.20501886 0.01498708
v 0.21501309 -0.19503273 0.01498708
v 0.21509816 -0.18504661 0.01498708
v 0.21518323 -0.17501269 0.01498708
v 0.21523994 -0.16502658 0.01498708
v 0.21525413 -0.15504044 0.01498708
v 0.21590635 -0.07500806 0.00499959
v 0.21650189 0.02480546 -0.00502011
v 0.21593472 -0.08504197 0.00499959
v 0.15354688 0.02480546 -0.14275071
v 0.15842447 0.01496266 -0.13859463
v 0.15832523 0.00497653 -0.13849798
v 0.15816925 -0.00500959 -0.13836911
v 0.15792821 -0.01504351 -0.13814358
v 0.15763044 -0.02502963 -0.13791806
v 0.15727597 -0.03501576 -0.13759588
v 0.15682223 -0.04500189 -0.13720927
v 0.15632598 -0.05503580 -0.13682266
v 0.15075360 -0.06502193 -0.14059213
v 0.14980361 -0.07873495 -0.13985112
v 0.14587601 -0.07524696 -0.14304067
v 0.14433050 -0.08504197 -0.14307289
v 0.13779396 -0.07500806 -0.14861433
v 0.13687231 -0.08504197 -0.14806662
v 0.13583724 -0.09502810 -0.14745450
v 0.13412158 -0.10448864 -0.14722897
v 0.13017979 -0.10080954 -0.15009634
v 0.12559997 -0.10448864 -0.15183610
v 0.12931487 -0.10749882 -0.14964530
v 0.12822309 -0.11500036 -0.14909759
v 0.12663503 -0.12503427 -0.14832437
v 0.12162983 -0.12503427 -0.15074070
v 0.12052386 -0.13153243 -0.15022522
v 0.11929028 -0.13817391 -0.14967752
v 0.11557537 -0.13492483 -0.15167502
v 0.11781567 -0.14500654 -0.14909759
v 0.11113733 -0.15241250 -0.15041852
v 0.10949256 -0.15910178 -0.14980638
v 0.10569257 -0.15547046 -0.15167502
v 0.10280004 -0.16502658 -0.15086956
v 0.08500533 -0.14500654 -0.15808633
v 0.10090005 -0.17142916 -0.15025744
v 0.09500156 -0.15504044 -0.15460682
v 0.08587025 -0.13559377 -0.15956834
v 0.07853968 -0.13932064 -0.15985830
v 0.07513671 -0.13559377 -0.16072819
v 0.07190388 -0.14080185 -0.16011605
v 0.07190388 -0.39117178 -0.06159436
v 0.07500910 -0.39107621 -0.06152993
v 0.08500533 -0.39055061 -0.06082114
v 0.08500533 -0.38682377 -0.06581488
v 0.09500156 -0.38080341 -0.07100192
v 0.10041796 -0.38013446 -0.07016426
v 0.10424630 -0.38257128 -0.06517053
v 0.10708212 -0.37889218 -0.06865004
v 0.11500821 -0.37215513 -0.07238729
v 0.12774101 -0.36847603 -0.06842451
v 0.13217905 -0.37148619 -0.06175545
v 0.11500821 -0.36732930 -0.07738103
v 0.12104849 -0.36064002 -0.08060279
v 0.12439474 -0.36455804 -0.07461031
v 0.13884319 -0.36909717 -0.05898473
v 0.14601780 -0.36580032 -0.05595627
v 0.14961928 -0.35963663 -0.05962908
v 0.15275285 -0.36255124 -0.05296002
v 0.15943119 -0.35939771 -0.04931942
v 0.15575881 -0.36565697 -0.04583991
v 0.16206849 -0.36212122 -0.04265036
v 0.16873264 -0.35853767 -0.03820432
v 0.17454606 -0.35442856 -0.03427377
v 0.18020350 -0.35027164 -0.03034321
v 0.17796321 -0.35734317 -0.02499507
v 0.18162140 -0.35232621 -0.02499507
v 0.18493931 -0.35481080 -0.01474985
v 0.19150421 -0.34453797 -0.01416993
v 0.19553106 -0.33498189 -0.01497537
v 0.19884896 -0.33545968 -0.00572889
v 0.18862586 -0.34759593 -0.01697287
v 0.19049749 -0.34090668 -0.02103230
v 0.19984150 -0.32948712 -0.00956280
v 0.20079149 -0.32279783 -0.01210800
v 0.20157135 -0.31481850 -0.01526533
v 0.20349969 -0.30497572 -0.01497537
v 0.20490341 -0.29498959 -0.01497537
v 0.20782429 -0.29498959 -0.00502011
v 0.20955414 -0.29498959 0.00203557
v 0.21026310 -0.30244336 0.00870463
v 0.21058922 -0.29498959 0.00702931
v 0.21158175 -0.27496955 0.00499959
v 0.21220562 -0.26498342 0.00499959
v 0.21277279 -0.25499728 0.00499959
v 0.21325487 -0.24496338 0.00499959
v 0.21368025 -0.23497725 0.00499959
v 0.21403474 -0.22499113 0.00499959
v 0.21437502 -0.21500500 0.00499959
v 0.21468696 -0.20501886 0.00499959
v 0.21498471 -0.19503273 0.00499959
v 0.21522576 -0.18504661 0.00499959
v 0.21542427 -0.17501269 0.00499959
v 0.21558024 -0.16502658 0.00499959
v 0.21567950 -0.15504044 0.00499959
v 0.21579292 -0.13502041 0.00499959
v 0.21589218 -0.11500036 0.00499959
v 0.21594889 -0.09502810 0.00499959
v 0.21650189 -0.00500959 -0.00502011
v 0.21674293 0.02480546 -0.01497537
v 0.15845284 0.02480546 -0.13859463
v 0.16369909 0.01496266 -0.13356867
v 0.16361400 0.00497653 -0.13350424
v 0.16372745 0.02480546 -0.13360089
v 0.16348639 -0.00500959 -0.13337538
v 0.16328789 -0.01504351 -0.13314983
v 0.16303267 -0.02502963 -0.13289210
v 0.16273491 -0.03501576 -0.13260214
v 0.16235207 -0.04500189 -0.13221553
v 0.16194087 -0.05503580 -0.13182892
v 0.16144462 -0.06502193 -0.13134566
v 0.15574463 -0.06502193 -0.13633940
v 0.15415658 -0.07524696 -0.13656491
v 0.15598568 -0.08594981 -0.13379419
v 0.14933570 -0.08504197 -0.13949673
v 0.14350811 -0.09502810 -0.14246075
v 0.14258647 -0.10501423 -0.14178418
v 0.14160812 -0.11500036 -0.14110760
v 0.13500068 -0.11500036 -0.14519925
v 0.13424918 -0.13502041 -0.14252518
v 0.12430967 -0.13492483 -0.14784111
v 0.13284546 -0.14500654 -0.14165531
v 0.13039249 -0.16125190 -0.14020552
v 0.12500444 -0.14500654 -0.14577918
v 0.12500444 -0.15504044 -0.14397499
v 0.12282087 -0.17501269 -0.14133313
v 0.11500821 -0.16502658 -0.14658462
v 0.11468209 -0.15547046 -0.14845324
v 0.11500821 -0.17501269 -0.14465156
v 0.10779107 -0.16502658 -0.14925869
v 0.08500533 -0.15504044 -0.15631436
v 0.09500156 -0.16502658 -0.15277041
v 0.10454407 -0.17486936 -0.14842102
v 0.10501198 -0.18504661 -0.14623022
v 0.10501198 -0.19503273 -0.14416829
v 0.10040379 -0.22049975 -0.14010887
v 0.09814931 -0.17807065 -0.14958087
v 0.09488814 -0.17486936 -0.15093401
v 0.08500533 -0.16502658 -0.15451017
v 0.07513671 -0.14452872 -0.15924616
v 0.07500910 -0.15504044 -0.15737754
v 0.07190388 -0.16192083 -0.15624993
v 0.07190388 -0.38739711 -0.06658810
v 0.07500910 -0.38734934 -0.06652367
v 0.08500533 -0.38180679 -0.07219398
v 0.08500533 -0.37750655 -0.07721994
v 0.09500156 -0.37650317 -0.07599567
v 0.10142468 -0.37053061 -0.08057058
v 0.10426049 -0.37473530 -0.07464252
v 0.10810301 -0.36914498 -0.07915300
v 0.13251935 -0.36183453 -0.07187180
v 0.13568127 -0.36546588 -0.06555714
v 0.11500821 -0.36236012 -0.08218146
v 0.11500821 -0.35657868 -0.08717521
v 0.12005595 -0.35003275 -0.09001036
v 0.12388430 -0.35418963 -0.08430783
v 0.12772682 -0.35834658 -0.07854086
v 0.13918349 -0.35930216 -0.06932661
v 0.14296931 -0.36240792 -0.06265755
v 0.14618795 -0.35614866 -0.06607262
v 0.14940660 -0.34931606 -0.06945547
v 0.15276703 -0.35294735 -0.06278642
v 0.15943119 -0.34926826 -0.05937134
v 0.15609911 -0.35614866 -0.05618179
v 0.16228119 -0.35270846 -0.05270228
v 0.16551401 -0.35562307 -0.04564661
v 0.17142667 -0.35184842 -0.04197379
v 0.17809083 -0.34692702 -0.03701227
v 0.18017514 -0.34028554 -0.04026625
v 0.18152216 -0.34415573 -0.03420933
v 0.18658409 -0.34453797 -0.02460846
v 0.19153257 -0.33431298 -0.02460846
v 0.19473703 -0.32499576 -0.02499507
v 0.18879601 -0.33722758 -0.02766914
v 0.19024228 -0.33058608 -0.03047208
v 0.19872135 -0.32566470 -0.01526533
v 0.19951537 -0.31801981 -0.01877706
v 0.20032358 -0.31137830 -0.02077455
v 0.20089075 -0.30497572 -0.02215992
v 0.20162806 -0.29498959 -0.02406076
v 0.20203924 -0.28591129 -0.02596160
v 0.20366983 -0.27496955 -0.02499507
v 0.20605192 -0.28495568 -0.01497537
v 0.20897281 -0.28500345 -0.00440797
v 0.20986608 -0.28839588 0.00065021
v 0.21013549 -0.28170660 -0.00067072
v 0.21081609 -0.28500345 0.00438746
v 0.21075937 -0.26498342 -0.00350587
v 0.21170935 -0.24496338 -0.00502011
v 0.21229070 -0.23497725 -0.00502011
v 0.21284369 -0.22499113 -0.00502011
v 0.21336831 -0.21500500 -0.00502011
v 0.21383622 -0.20501886 -0.00502011
v 0.21423323 -0.19503273 -0.00502011
v 0.21457353 -0.18504661 -0.00502011
v 0.21485710 -0.17501269 -0.00502011
v 0.21512651 -0.16502658 -0.00502011
v 0.21536756 -0.15504044 -0.00502011
v 0.21560860 -0.14500654 -0.00502011
v 0.21582130 -0.13502041 -0.00502011
v 0.21599144 -0.12503427 -0.00502011
v 0.21611905 -0.11500036 -0.00502011
v 0.21631755 -0.09502810 -0.00502011
v 0.21636009 -0.08504197 -0.00502011
v 0.21641681 -0.06502193 -0.00502011
v 0.21645933 -0.04500189 -0.00502011
v 0.21648771 -0.02502963 -0.00502011
v 0.21670039 -0.00500959 -0.01497537
v 0.21617576 0.01496266 -0.02499507
v 0.21618995 0.02480546 -0.02480176
v 0.16869012 0.01496266 -0.12860715
v 0.16382669 0.02480546 -0.13350424
v 0.16861922 0.00497653 -0.12851050
v 0.16849160 -0.00500959 -0.12838162
v 0.16827892 -0.01504351 -0.12818831
v 0.16803788 -0.02502963 -0.12793058
v 0.16772594 -0.03501576 -0.12760839
v 0.16734309 -0.04500189 -0.12722179
v 0.16693191 -0.05503580 -0.12683517
v 0.16644982 -0.06502193 -0.12635191
v 0.16087745 -0.07500806 -0.13079795
v 0.16038118 -0.08317854 -0.13034689
v 0.15996999 -0.08986780 -0.12996030
v 0.15458195 -0.09502810 -0.13385862
v 0.15381628 -0.10501423 -0.13318205
v 0.14849913 -0.09502810 -0.13885237
v 0.14757749 -0.10501423 -0.13817580
v 0.14659914 -0.11500036 -0.13746701
v 0.14072901 -0.12312305 -0.14049548
v 0.13994917 -0.12981233 -0.13994777
v 0.13596486 -0.12589431 -0.14294402
v 0.13783649 -0.14500654 -0.13865906
v 0.13634768 -0.15504044 -0.13775697
v 0.13134249 -0.15504044 -0.14075321
v 0.13423501 -0.16478767 -0.13724148
v 0.12924398 -0.16794118 -0.13959338
v 0.12554325 -0.16478767 -0.14194527
v 0.12782608 -0.17501269 -0.13888459
v 0.12472086 -0.18566775 -0.13824023
v 0.11972983 -0.18944241 -0.13988334
v 0.11584477 -0.18566775 -0.14217079
v 0.11329255 -0.19503273 -0.14126870
v 0.11132166 -0.20239094 -0.14049548
v 0.09148516 -0.18155862 -0.15028965
v 0.10936494 -0.20903243 -0.13978669
v 0.10562168 -0.20544890 -0.14175196
v 0.10231796 -0.21500500 -0.14072099
v 0.09500156 -0.21500500 -0.14249296
v 0.09500156 -0.20501886 -0.14468378
v 0.09500156 -0.19503273 -0.14681014
v 0.10732316 -0.21500500 -0.13911012
v 0.10501198 -0.23497725 -0.13527621
v 0.10501198 -0.24496338 -0.13292432
v 0.10098512 -0.26120877 -0.13028246
v 0.09500156 -0.24496338 -0.13556617
v 0.09690156 -0.22718902 -0.13933563
v 0.09488814 -0.18495104 -0.14890429
v 0.08500533 -0.17501269 -0.15257710
v 0.08069490 -0.19044581 -0.15006413
v 0.07500910 -0.17501269 -0.15364029
v 0.07500910 -0.16502658 -0.15554114
v 0.07190388 -0.16502658 -0.15567000
v 0.07190388 -0.38238016 -0.07287055
v 0.07500910 -0.38233238 -0.07283834
v 0.07500910 -0.37803215 -0.07783207
v 0.08500533 -0.37253737 -0.08256807
v 0.09500156 -0.37148619 -0.08153711
v 0.09500156 -0.36613476 -0.08653085
v 0.10064483 -0.36025777 -0.09020367
v 0.10437392 -0.36470139 -0.08475888
v 0.10732316 -0.35872883 -0.08894718
v 0.11500821 -0.35156173 -0.09117020
v 0.12404027 -0.34425130 -0.09152459
v 0.13050592 -0.34047663 -0.09030032
v 0.12672012 -0.34711814 -0.08801287
v 0.13198054 -0.35170507 -0.08134380
v 0.11091046 -0.34061998 -0.10038446
v 0.11757462 -0.33794427 -0.09887023
v 0.13558201 -0.35547972 -0.07541575
v 0.13864470 -0.34859931 -0.07895970
v 0.14275663 -0.35261291 -0.07229063
v 0.14557825 -0.34563693 -0.07548019
v 0.15214315 -0.34262675 -0.07200067
v 0.15578717 -0.34597141 -0.06578267
v 0.16192670 -0.34257898 -0.06210985
v 0.16544311 -0.34554136 -0.05550522
v 0.16894533 -0.34845600 -0.04864285
v 0.17465949 -0.34439465 -0.04445455
v 0.17124234 -0.34181449 -0.05160688
v 0.17814754 -0.33498189 -0.04728971
v 0.18145126 -0.33498189 -0.04229597
v 0.18644229 -0.33431298 -0.03427377
v 0.19122063 -0.32499576 -0.03234071
v 0.19251092 -0.31520075 -0.03559469
v 0.19788478 -0.31481850 -0.02444737
v 0.18854079 -0.32499576 -0.03733444
v 0.19879225 -0.30497572 -0.02718587
v 0.19960044 -0.29498959 -0.02905450
v 0.19998328 -0.28982928 -0.02995659
v 0.20040865 -0.28318781 -0.03098756
v 0.20091909 -0.27496955 -0.03221183
v 0.20152880 -0.26498342 -0.03366163
v 0.20476162 -0.26498342 -0.02499507
v 0.20579669 -0.25499728 -0.02499507
v 0.20703027 -0.27496955 -0.01497537
v 0.20927057 -0.27496955 -0.00682430
v 0.21039072 -0.27496955 -0.00183055
v 0.20989445 -0.25862861 -0.00956280
v 0.21073100 -0.23497725 -0.01326783
v 0.21094370 -0.25514063 -0.00576111
v 0.21165264 -0.21500500 -0.01497537
v 0.21220562 -0.20501886 -0.01497537
v 0.21271607 -0.19503273 -0.01497537
v 0.21321234 -0.18504661 -0.01497537
v 0.21368025 -0.17501269 -0.01497537
v 0.21410562 -0.16502658 -0.01497537
v 0.21447428 -0.15504044 -0.01497537
v 0.21481457 -0.14500654 -0.01497537
v 0.21511233 -0.13502041 -0.01497537
v 0.21535337 -0.12503427 -0.01497537
v 0.21555188 -0.11500036 -0.01497537
v 0.21589218 -0.09502810 -0.01497537
v 0.21604815 -0.08504197 -0.01497537
v 0.21618995 -0.07500806 -0.01497537
v 0.21631755 -0.06502193 -0.01497537
v 0.21643099 -0.05503580 -0.01497537
v 0.21653023 -0.04500189 -0.01497537
v 0.21664366 -0.02502963 -0.01497537
v 0.21667203 -0.01504351 -0.01497537
v 0.21497054 0.01496266 -0.03498255
v 0.21498471 0.02480546 -0.03498255
v 0.21617576 0.02480546 -0.02499507
v 0.21611905 -0.00500959 -0.02499507
v 0.17317069 0.01496266 -0.12361341
v 0.16881773 0.02480546 -0.12854272
v 0.17309980 0.00497653 -0.12351675
v 0.17300054 -0.00500959 -0.12338788
v 0.17281622 -0.01504351 -0.12316236
v 0.17260353 -0.02502963 -0.12293684
v 0.17234831 -0.03501576 -0.12261466
v 0.17200801 -0.04500189 -0.12222805
v 0.17165354 -0.05503580 -0.12180921
v 0.17122816 -0.06502193 -0.12135817
v 0.16586848 -0.07500806 -0.12580422
v 0.17073189 -0.07500806 -0.12081047
v 0.16996622 -0.08982003 -0.11997281
v 0.16517371 -0.08652316 -0.12515986
v 0.16463490 -0.09502810 -0.12461215
v 0.16398266 -0.10501423 -0.12393558
v 0.16330206 -0.11500036 -0.12319458
v 0.15958716 -0.09502810 -0.12960589
v 0.15882149 -0.10501423 -0.12892932
v 0.15299390 -0.11500036 -0.13247326
v 0.15208644 -0.12503427 -0.13170004
v 0.15110809 -0.13502041 -0.13089460
v 0.15041330 -0.14190079 -0.13031468
v 0.14442974 -0.12589431 -0.13733815
v 0.14499691 -0.13502041 -0.13540508
v 0.14577676 -0.14514987 -0.13311762
v 0.14386259 -0.15504044 -0.13273102
v 0.14262901 -0.16502658 -0.13182892
v 0.13924022 -0.13502041 -0.13949673
v 0.14129618 -0.17501269 -0.13089460
v 0.14038871 -0.18131973 -0.13025025
v 0.13500068 -0.17501269 -0.13479295
v 0.13559620 -0.18480770 -0.13247326
v 0.13310069 -0.19503273 -0.13182892
v 0.13026488 -0.21070474 -0.13012138
v 0.12500444 -0.19503273 -0.13611387
v 0.12500444 -0.20501886 -0.13398750
v 0.12206938 -0.22499113 -0.13095903
v 0.12059475 -0.23115481 -0.13025025
v 0.11828357 -0.19503273 -0.13927120
v 0.11479552 -0.20544890 -0.13843355
v 0.11500821 -0.21500500 -0.13624273
v 0.08735906 -0.18820012 -0.14961308
v 0.11500821 -0.22499113 -0.13398750
v 0.11167613 -0.24496338 -0.13063687
v 0.11010226 -0.25012368 -0.13002473
v 0.09023740 -0.23019920 -0.14004442
v 0.08500533 -0.20501886 -0.14639132
v 0.10764928 -0.25681296 -0.12921929
v 0.10460079 -0.25408947 -0.13086239
v 0.09500156 -0.25499728 -0.13314983
v 0.10460079 -0.26474452 -0.12825274
v 0.10501198 -0.27496955 -0.12551425
v 0.10501198 -0.28495568 -0.12293684
v 0.10058811 -0.30062768 -0.12016612
v 0.09748290 -0.26789802 -0.12944481
v 0.09415083 -0.23411720 -0.13830467
v 0.08440981 -0.18495104 -0.15067627
v 0.08440981 -0.19426824 -0.14877541
v 0.08500533 -0.21500500 -0.14420050
v 0.07500910 -0.21500500 -0.14526369
v 0.07500910 -0.20501886 -0.14745450
v 0.07500910 -0.19660950 -0.14925869
v 0.07500910 -0.19159254 -0.15032187
v 0.07500910 -0.18504661 -0.15164280
v 0.07190388 -0.17501269 -0.15376917
v 0.07190388 -0.38104230 -0.07441700
v 0.07190388 -0.37803215 -0.07786430
v 0.07190388 -0.37650317 -0.07947518
v 0.07190388 -0.37306297 -0.08308356
v 0.07500910 -0.37301517 -0.08305134
v 0.07500910 -0.36785489 -0.08804508
v 0.08500533 -0.36732930 -0.08756182
v 0.09500156 -0.36116561 -0.09097689
v 0.09450530 -0.35414189 -0.09642168
v 0.09751126 -0.34907714 -0.09938571
v 0.10438810 -0.35524082 -0.09271665
v 0.10501198 -0.34730926 -0.09822587
v 0.12479176 -0.33474296 -0.09684051
v 0.12798205 -0.32757592 -0.09887023
v 0.13430591 -0.33397850 -0.09152459
v 0.14003424 -0.33001271 -0.09001036
v 0.13717008 -0.33670199 -0.08801287
v 0.14176409 -0.34195784 -0.08134380
v 0.13457531 -0.34453797 -0.08469445
v 0.10501198 -0.34229231 -0.10141542
v 0.10501198 -0.33498189 -0.10547485
v 0.11454030 -0.33474296 -0.10193090
v 0.12131789 -0.33125502 -0.10067441
v 0.14841406 -0.33789650 -0.07866973
v 0.15880731 -0.33818316 -0.06877890
v 0.16859086 -0.33756202 -0.05827594
v 0.17278786 -0.33450407 -0.05495752
v 0.17962216 -0.32905710 -0.04941608
v 0.18337961 -0.32542577 -0.04564661
v 0.18963256 -0.31868872 -0.03933194
v 0.19054003 -0.31204724 -0.04097504
v 0.19511986 -0.30497572 -0.03498255
v 0.19684970 -0.29498959 -0.03498255
v 0.19843777 -0.28591129 -0.03459594
v 0.19877806 -0.27496955 -0.03720557
v 0.19943030 -0.26498342 -0.03865537
v 0.19982731 -0.25858083 -0.03958968
v 0.20179820 -0.25514063 -0.03575578
v 0.20320192 -0.24496338 -0.03498255
v 0.20423700 -0.23497725 -0.03498255
v 0.20522954 -0.22499113 -0.03498255
v 0.20676087 -0.24496338 -0.02499507
v 0.20959668 -0.23497725 -0.01826157
v 0.20965341 -0.26498342 -0.00849962
v 0.20985191 -0.22795351 -0.01935698
v 0.21090116 -0.22475222 -0.01561972
v 0.20995116 -0.18939464 -0.02979551
v 0.21090116 -0.19503273 -0.02393189
v 0.21104294 -0.18561998 -0.02586495
v 0.21185115 -0.17501269 -0.02499507
v 0.21237577 -0.16502658 -0.02499507
v 0.21284369 -0.15504044 -0.02499507
v 0.21325487 -0.14500654 -0.02499507
v 0.21363771 -0.13502041 -0.02499507
v 0.21399218 -0.12503427 -0.02499507
v 0.21433249 -0.11500036 -0.02499507
v 0.21464443 -0.10501423 -0.02499507
v 0.21492800 -0.09502810 -0.02499507
v 0.21516904 -0.08504197 -0.02499507
v 0.21536756 -0.07500806 -0.02499507
v 0.21570785 -0.05503580 -0.02499507
v 0.21583547 -0.04500189 -0.02499507
v 0.21593472 -0.03501576 -0.02499507
v 0.21601979 -0.02502963 -0.02499507
v 0.21607651 -0.01504351 -0.02499507
v 0.21492800 0.00497653 -0.03498255
v 0.21315563 0.01496266 -0.04497004
v 0.21316981 0.02480546 -0.04497004
v 0.17817590 0.01496266 -0.11768536
v 0.17319904 0.02480546 -0.12364563
v 0.17810500 0.00497653 -0.11758870
v 0.17799157 -0.00500959 -0.11745983
v 0.17782143 -0.01504351 -0.11726652
v 0.17760873 -0.02502963 -0.11700878
v 0.17733933 -0.03501576 -0.11668660
v 0.17701322 -0.04500189 -0.11629999
v 0.17665873 -0.05503580 -0.11588116
v 0.17623337 -0.06502193 -0.11539790
v 0.17375204 -0.08590202 -0.11597782
v 0.17395054 -0.09502810 -0.11459246
v 0.17338338 -0.10501423 -0.11391588
v 0.17278786 -0.11500036 -0.11317488
v 0.16898787 -0.10501423 -0.11890963
v 0.15799910 -0.11500036 -0.12822053
v 0.16829309 -0.11500036 -0.11816861
v 0.16253640 -0.12503427 -0.12242135
v 0.15709165 -0.12503427 -0.12741509
v 0.15611328 -0.13502041 -0.12660965
v 0.15424165 -0.14514987 -0.12644857
v 0.15380210 -0.16502658 -0.12319458
v 0.14964764 -0.14854228 -0.12970254
v 0.14885361 -0.15504044 -0.12912263
v 0.14762004 -0.16502658 -0.12818831
v 0.14627303 -0.17501269 -0.12722179
v 0.14423124 -0.18480770 -0.12670630
v 0.14579093 -0.19531941 -0.12332345
v 0.14377750 -0.20501886 -0.12271131
v 0.14228871 -0.21500500 -0.12161591
v 0.13932529 -0.18800899 -0.12954146
v 0.13809171 -0.19503273 -0.12880045
v 0.13630515 -0.20501886 -0.12770505
v 0.13416411 -0.21443163 -0.12693183
v 0.13392307 -0.23497725 -0.12235691
v 0.12884697 -0.21739402 -0.12938038
v 0.12531638 -0.21443163 -0.13176447
v 0.12707458 -0.22499113 -0.12851050
v 0.12435221 -0.23469056 -0.12757617
v 0.12500444 -0.24496338 -0.12477324
v 0.12243804 -0.26498342 -0.12116487
v 0.11880819 -0.23784408 -0.12947702
v 0.11527761 -0.23469056 -0.13163561
v 0.11668134 -0.24496338 -0.12863937
v 0.11407240 -0.25408947 -0.12744731
v 0.11500821 -0.26498342 -0.12438663
v 0.11533433 -0.27487397 -0.12177700
v 0.11169031 -0.28495568 -0.12064938
v 0.11004554 -0.29002041 -0.12000503
v 0.08500533 -0.25499728 -0.13488960
v 0.08500533 -0.24496338 -0.13730593
v 0.08500533 -0.23674513 -0.13923898
v 0.08500533 -0.23177595 -0.14039882
v 0.08500533 -0.22499113 -0.14194527
v 0.09081875 -0.27066931 -0.13015360
v 0.09449112 -0.26474452 -0.13086239
v 0.10435975 -0.29398620 -0.12077825
v 0.10726645 -0.29670969 -0.11907072
v 0.10435975 -0.30435458 -0.11781422
v 0.10501198 -0.31496185 -0.11414140
v 0.09500156 -0.30769920 -0.11929624
v 0.09500156 -0.30268225 -0.12077825
v 0.09500156 -0.29498959 -0.12293684
v 0.09500156 -0.28495568 -0.12561090
v 0.09449112 -0.27439618 -0.12844606
v 0.07500910 -0.22499113 -0.14300846
v 0.07190388 -0.22188538 -0.14384611
v 0.07190388 -0.21500500 -0.14539257
v 0.07190388 -0.20501886 -0.14758337
v 0.07190388 -0.19689618 -0.14932312
v 0.07190388 -0.19187921 -0.15038630
v 0.07190388 -0.18504661 -0.15177166
v 0.07190388 -0.36790267 -0.08807730
v 0.07500910 -0.36288571 -0.09242669
v 0.08500533 -0.36231235 -0.09194342
v 0.08500533 -0.35590976 -0.09693716
v 0.09084710 -0.35027164 -0.10019115
v 0.09450530 -0.34544581 -0.10234974
v 0.12479176 -0.32451797 -0.10196313
v 0.13070442 -0.32088661 -0.10041668
v 0.13441934 -0.32451797 -0.09629281
v 0.15081032 -0.33120722 -0.08069945
v 0.14423124 -0.33393073 -0.08437227
v 0.14165065 -0.32499576 -0.09123463
v 0.14664169 -0.32499576 -0.08730408
v 0.09582395 -0.33474296 -0.10821335
v 0.09969483 -0.32982159 -0.10992089
v 0.10501198 -0.32781482 -0.10905101
v 0.11438433 -0.32432681 -0.10698908
v 0.15480882 -0.33469519 -0.07477140
v 0.16089162 -0.33149391 -0.07090527
v 0.16473415 -0.33455187 -0.06465504
v 0.17046249 -0.33087277 -0.06056340
v 0.17718336 -0.32542577 -0.05479643
v 0.18091245 -0.32241559 -0.05131692
v 0.18749154 -0.31520075 -0.04458342
v 0.18846989 -0.30497572 -0.04738636
v 0.19131988 -0.30497572 -0.04239262
v 0.19180197 -0.29408175 -0.04532443
v 0.19350345 -0.28495568 -0.04497004
v 0.19499226 -0.27496955 -0.04497004
v 0.19638181 -0.26498342 -0.04497004
v 0.19903329 -0.23497725 -0.04780519
v 0.19964299 -0.22499113 -0.04915833
v 0.20118850 -0.23497725 -0.04281145
v 0.20174149 -0.22499113 -0.04416459
v 0.20342879 -0.20501886 -0.04497004
v 0.20616534 -0.21500500 -0.03498255
v 0.20763996 -0.23497725 -0.02499507
v 0.21007878 -0.22126424 -0.02029129
v 0.20788102 -0.19503273 -0.03498255
v 0.20880266 -0.18561998 -0.03430598
v 0.20858997 -0.14467207 -0.04413238
v 0.20985191 -0.14777780 -0.03939638
v 0.21006459 -0.14108852 -0.04020182
v 0.21014968 -0.18270536 -0.03053651
v 0.21037653 -0.17501269 -0.03130974
v 0.21162429 -0.13502041 -0.03498255
v 0.21209219 -0.12503427 -0.03498255
v 0.21251756 -0.11500036 -0.03498255
v 0.21288621 -0.10501423 -0.03498255
v 0.21324070 -0.09502810 -0.03498255
v 0.21353847 -0.08504197 -0.03498255
v 0.21377951 -0.07500806 -0.03498255
v 0.21400636 -0.06502193 -0.03498255
v 0.21421906 -0.05503580 -0.03498255
v 0.21455935 -0.03501576 -0.03498255
v 0.21468696 -0.02502963 -0.03498255
v 0.21478622 -0.01504351 -0.03498255
v 0.21487129 -0.00500959 -0.03498255
v 0.21304220 -0.00500959 -0.04497004
v 0.21100041 0.00497653 -0.05341107
v 0.21102875 0.01496266 -0.05350772
v 0.21107131 0.02480546 -0.05337885
v 0.18201843 0.01496266 -0.11269161
v 0.18196170 0.00497653 -0.11259495
v 0.17820425 0.02480546 -0.11771757
v 0.18186244 -0.00500959 -0.11246609
v 0.18170649 -0.01504351 -0.11224056
v 0.18152216 -0.02502963 -0.11198282
v 0.18129529 -0.03501576 -0.11169286
v 0.18099752 -0.04500189 -0.11130625
v 0.18068559 -0.05503580 -0.11088742
v 0.18031693 -0.06502193 -0.11040416
v 0.18006171 -0.07089894 -0.11008198
v 0.17977813 -0.07758822 -0.10969537
v 0.17945202 -0.08504197 -0.10927653
v 0.17646024 -0.07453026 -0.11404476
v 0.17895575 -0.09502810 -0.10863218
v 0.17838858 -0.10501423 -0.10792340
v 0.17779306 -0.11500036 -0.10721461
v 0.17213562 -0.12503427 -0.11240165
v 0.16169983 -0.13502041 -0.12161591
v 0.16752742 -0.12503427 -0.11739539
v 0.16080655 -0.14500654 -0.12074603
v 0.16022521 -0.15117022 -0.12019833
v 0.15954462 -0.15781170 -0.11958620
v 0.15879314 -0.16502658 -0.11890963
v 0.15268196 -0.17501269 -0.12222805
v 0.15147674 -0.18504661 -0.12119708
v 0.15056928 -0.19221368 -0.12045608
v 0.14966182 -0.19890296 -0.11971506
v 0.14876854 -0.20501886 -0.11903849
v 0.14727974 -0.21500500 -0.11794309
v 0.14102678 -0.22312768 -0.12071382
v 0.13993499 -0.22976917 -0.11994059
v 0.13596486 -0.22585118 -0.12322679
v 0.13892828 -0.23497725 -0.11929624
v 0.13061935 -0.25146154 -0.12035942
v 0.12914473 -0.25815082 -0.11952176
v 0.12548654 -0.25490174 -0.12213139
v 0.12744324 -0.26498342 -0.11868410
v 0.12077908 -0.27143380 -0.12035942
v 0.11887909 -0.27812305 -0.11952176
v 0.11402985 -0.29398620 -0.11726652
v 0.11500821 -0.30497572 -0.11369036
v 0.11669552 -0.28495568 -0.11861967
v 0.08500533 -0.26498342 -0.13240883
v 0.07722103 -0.27912647 -0.12976699
v 0.07500910 -0.26498342 -0.13350424
v 0.07500910 -0.25499728 -0.13595279
v 0.07500910 -0.23908637 -0.13978669
v 0.08500533 -0.29498959 -0.12467659
v 0.08500533 -0.28495568 -0.12735066
v 0.08500533 -0.27735856 -0.12931594
v 0.08500533 -0.27234161 -0.13057242
v 0.11438433 -0.31405401 -0.11101629
v 0.11062688 -0.32059994 -0.11024307
v 0.10501198 -0.32279783 -0.11117738
v 0.09500156 -0.31496185 -0.11684769
v 0.08927323 -0.30961043 -0.11987615
v 0.07190388 -0.23125038 -0.14171974
v 0.07190388 -0.36288571 -0.09245890
v 0.07190388 -0.36097449 -0.09400535
v 0.07190388 -0.35662645 -0.09745265
v 0.07500910 -0.35657868 -0.09742043
v 0.07500910 -0.35160953 -0.10112546
v 0.08500533 -0.35089278 -0.10060998
v 0.08500533 -0.34496802 -0.10434723
v 0.08500533 -0.33756202 -0.10872883
v 0.11729104 -0.31677750 -0.10882549
v 0.12406863 -0.31405401 -0.10653803
v 0.13257606 -0.31496185 -0.10154429
v 0.13758126 -0.31496185 -0.09841917
v 0.15258271 -0.32499576 -0.08231033
v 0.15758792 -0.32499576 -0.07767098
v 0.14528050 -0.31462738 -0.09297439
v 0.14881107 -0.31773311 -0.08904383
v 0.09303068 -0.33125502 -0.11062968
v 0.09582395 -0.32590359 -0.11240165
v 0.16253640 -0.32499576 -0.07267725
v 0.16754161 -0.32499576 -0.06716802
v 0.17175278 -0.32499576 -0.06217428
v 0.17868635 -0.31496185 -0.05817929
v 0.18213186 -0.31496185 -0.05318554
v 0.18309602 -0.30531019 -0.05573074
v 0.18668333 -0.29408175 -0.05402321
v 0.18934900 -0.29680526 -0.04886838
v 0.19001541 -0.29011598 -0.05002821
v 0.19044077 -0.28495568 -0.05073700
v 0.19120646 -0.27496955 -0.05209015
v 0.19194376 -0.26498342 -0.05347551
v 0.19408479 -0.24496338 -0.05498974
v 0.19547434 -0.23497725 -0.05498974
v 0.19994074 -0.21954414 -0.04986712
v 0.19675046 -0.22499113 -0.05498974
v 0.19899075 -0.19503273 -0.05779267
v 0.20198253 -0.21576948 -0.04590435
v 0.20121686 -0.19503273 -0.05279893
v 0.20169894 -0.18504661 -0.05402321
v 0.20436461 -0.19503273 -0.04497004
v 0.20704445 -0.20501886 -0.03498255
v 0.20524371 -0.18504661 -0.04497004
v 0.20608027 -0.17501269 -0.04497004
v 0.20687431 -0.16502658 -0.04497004
v 0.20759743 -0.15504044 -0.04497004
v 0.20542803 -0.13502041 -0.05498974
v 0.20866087 -0.13502041 -0.04577548
v 0.21023473 -0.13502041 -0.04078174
v 0.21064593 -0.16502658 -0.03240514
v 0.21048996 -0.12503427 -0.04165161
v 0.21070266 -0.11500036 -0.04242484
v 0.21090116 -0.10501423 -0.04323028
v 0.21107131 -0.09502810 -0.04403572
v 0.21155339 -0.07500806 -0.04497004
v 0.21189368 -0.06502193 -0.04497004
v 0.21217728 -0.05503580 -0.04497004
v 0.21241832 -0.04500189 -0.04497004
v 0.21263100 -0.03501576 -0.04497004
v 0.21280116 -0.02502963 -0.04497004
v 0.21292876 -0.01504351 -0.04497004
v 0.21091533 -0.01504351 -0.05305668
v 0.21097204 -0.00500959 -0.05328220
v 0.20952579 0.00497653 -0.05843703
v 0.20955414 0.01496266 -0.05853368
v 0.20959668 0.02480546 -0.05846925
v 0.21102875 0.02480546 -0.05353994
v 0.18702362 0.01496266 -0.10550707
v 0.18696691 0.00497653 -0.10544264
v 0.18204677 0.02480546 -0.11272383
v 0.18686765 -0.00500959 -0.10528155
v 0.18736392 -0.01576021 -0.10408949
v 0.18641393 -0.02502963 -0.10499159
v 0.18598856 -0.03501576 -0.10499159
v 0.18543558 -0.04500189 -0.10499159
v 0.18485424 -0.05503580 -0.10499159
v 0.18418781 -0.06502193 -0.10499159
v 0.18284081 -0.07453026 -0.10582925
v 0.18311021 -0.08504197 -0.10428280
v 0.18267065 -0.09502810 -0.10363844
v 0.18217438 -0.10501423 -0.10292965
v 0.18164977 -0.11500036 -0.10218865
v 0.18106842 -0.12503427 -0.10141542
v 0.18044454 -0.13502041 -0.10057776
v 0.17712665 -0.12503427 -0.10640916
v 0.17641769 -0.13502041 -0.10557150
v 0.17141248 -0.13502041 -0.11156400
v 0.16670504 -0.13502041 -0.11655773
v 0.17064682 -0.14500654 -0.11069412
v 0.16490430 -0.15441929 -0.11488242
v 0.16581176 -0.14500654 -0.11568785
v 0.16392595 -0.16502658 -0.11391588
v 0.16297595 -0.17501269 -0.11291713
v 0.16195506 -0.18504661 -0.11188617
v 0.15768716 -0.17501269 -0.11791088
v 0.15648195 -0.18504661 -0.11687991
v 0.15938865 -0.20759901 -0.10943762
v 0.15563120 -0.20454106 -0.11336818
v 0.15347598 -0.21500500 -0.11294936
v 0.15215734 -0.22499113 -0.11178952
v 0.15075360 -0.23497725 -0.11062968
v 0.15003048 -0.24008977 -0.11001755
v 0.14258647 -0.25499728 -0.11185395
v 0.14004841 -0.27009594 -0.11001755
v 0.13694321 -0.24496338 -0.11807197
v 0.13500068 -0.26498342 -0.11433471
v 0.13185292 -0.28495568 -0.11111294
v 0.13050592 -0.29107159 -0.11027528
v 0.12500444 -0.28495568 -0.11472133
v 0.12446564 -0.27487397 -0.11762092
v 0.12527385 -0.29460734 -0.11198282
v 0.12167236 -0.30497572 -0.11082298
v 0.12011267 -0.31013602 -0.11004976
v 0.07500910 -0.29498959 -0.12573978
v 0.07432850 -0.28404784 -0.12870380
v 0.07190388 -0.28151548 -0.12957367
v 0.07432850 -0.27544737 -0.13092682
v 0.07190388 -0.27845752 -0.13034689
v 0.07190388 -0.25499728 -0.13608165
v 0.07190388 -0.24295659 -0.13901345
v 0.07190388 -0.23942083 -0.13985112
v 0.08555831 -0.30578798 -0.12151926
v 0.07500910 -0.30497572 -0.12290462
v 0.08500533 -0.32499576 -0.11472133
v 0.08555831 -0.31457961 -0.11865188
v 0.08260907 -0.31099606 -0.12032720
v 0.07190388 -0.35509747 -0.09861248
v 0.07190388 -0.35165727 -0.10115768
v 0.07190388 -0.34955496 -0.10254304
v 0.07500910 -0.34496802 -0.10537820
v 0.07500910 -0.33856541 -0.10921210
v 0.07500910 -0.33354849 -0.11178952
v 0.08500533 -0.33254507 -0.11127403
v 0.12667757 -0.30497572 -0.10824557
v 0.13565291 -0.30526239 -0.10296187
v 0.13941036 -0.30875039 -0.09961123
v 0.15930358 -0.31844983 -0.07931409
v 0.15049839 -0.31109163 -0.09039697
v 0.15490808 -0.31477073 -0.08488775
v 0.16915801 -0.31787646 -0.06900443
v 0.17321323 -0.31472296 -0.06539605
v 0.17969306 -0.30884594 -0.05956465
v 0.18054380 -0.30215666 -0.06072449
v 0.18732139 -0.28495568 -0.05573074
v 0.18133783 -0.29498959 -0.06188432
v 0.18909377 -0.26498342 -0.05846925
v 0.18967511 -0.25810301 -0.05943578
v 0.19022809 -0.25141376 -0.06037009
v 0.19226988 -0.25485396 -0.05566631
v 0.19072436 -0.24496338 -0.06120775
v 0.19143331 -0.23497725 -0.06243202
v 0.19209972 -0.22499113 -0.06368852
v 0.19408479 -0.20501886 -0.06497721
v 0.19537508 -0.19503273 -0.06497721
v 0.19957209 -0.18504661 -0.05901695
v 0.19989821 -0.17897847 -0.05975796
v 0.20186910 -0.17539494 -0.05585961
v 0.20314521 -0.16502658 -0.05498974
v 0.20395342 -0.15504044 -0.05498974
v 0.20473327 -0.14500654 -0.05498974
v 0.20290416 -0.11500036 -0.06497721
v 0.20609446 -0.12503427 -0.05498974
v 0.20673251 -0.11500036 -0.05498974
v 0.20894444 -0.12503427 -0.04664535
v 0.20922802 -0.11500036 -0.04745080
v 0.20973846 -0.09502810 -0.04902947
v 0.20989445 -0.08776546 -0.04964160
v 0.21003623 -0.08107619 -0.05012487
v 0.21101458 -0.08465973 -0.04577548
v 0.21034817 -0.06502193 -0.05112362
v 0.21050414 -0.05503580 -0.05163910
v 0.21064593 -0.04500189 -0.05209015
v 0.21075937 -0.03501576 -0.05250898
v 0.21084443 -0.02502963 -0.05279893
v 0.20941235 -0.01504351 -0.05808263
v 0.20948325 -0.00500959 -0.05827594
v 0.20731385 0.00497653 -0.06497721
v 0.20738475 0.01496266 -0.06497721
v 0.20741311 0.02480546 -0.06497721
v 0.20956832 0.02480546 -0.05856590
v 0.19032735 0.01496266 -0.10051332
v 0.18710870 0.02480546 -0.10544264
v 0.19035570 0.02480546 -0.10054554
v 0.19027063 0.00497653 -0.10041668
v 0.19018555 -0.00500959 -0.10028780
v 0.19008631 -0.01289338 -0.10012671
v 0.18997288 -0.01958266 -0.09996562
v 0.18988779 -0.02502963 -0.09980454
v 0.18968929 -0.03501576 -0.09948236
v 0.18943407 -0.04500189 -0.09909575
v 0.18917884 -0.05503580 -0.09867692
v 0.18886691 -0.06502193 -0.09819365
v 0.18849824 -0.07500806 -0.09764595
v 0.18811542 -0.08504197 -0.09706604
v 0.18767586 -0.09502810 -0.09642168
v 0.18717960 -0.10501423 -0.09571289
v 0.18553483 -0.12503427 -0.09497189
v 0.18722214 -0.11495258 -0.09413423
v 0.18437214 -0.13502041 -0.09497189
v 0.18274155 -0.14438538 -0.09568068
v 0.18007588 -0.14065850 -0.10009450
v 0.17960799 -0.14729999 -0.09948236
v 0.17629008 -0.14438538 -0.10405727
v 0.17015055 -0.15097910 -0.11014641
v 0.17329830 -0.16502658 -0.10383175
v 0.16958340 -0.15762058 -0.10953428
v 0.16893116 -0.16502658 -0.10882549
v 0.16798116 -0.17501269 -0.10782674
v 0.16696027 -0.18504661 -0.10679577
v 0.16087745 -0.19503273 -0.11082298
v 0.16019686 -0.20090973 -0.11017863
v 0.16247968 -0.22499113 -0.10244638
v 0.15846701 -0.21500500 -0.10859997
v 0.15716253 -0.22499113 -0.10744013
v 0.15575881 -0.23497725 -0.10624807
v 0.15866552 -0.25499728 -0.09877357
v 0.15366031 -0.25499728 -0.10315517
v 0.15225658 -0.26498342 -0.10189869
v 0.15100883 -0.27329722 -0.10083550
v 0.14998794 -0.27993873 -0.09996562
v 0.14757749 -0.25499728 -0.10814892
v 0.14909466 -0.28495568 -0.09928905
v 0.14410363 -0.28495568 -0.10299408
v 0.14226036 -0.29498959 -0.10160873
v 0.14087081 -0.30206111 -0.10060998
v 0.13864470 -0.27673742 -0.10911545
v 0.14590438 -0.26498342 -0.10689243
v 0.13685814 -0.28495568 -0.10798783
v 0.13430591 -0.29460734 -0.10689243
v 0.12879024 -0.29771307 -0.10934097
v 0.07190388 -0.29498959 -0.12586865
v 0.07500910 -0.31199944 -0.12071382
v 0.07190388 -0.30984932 -0.12148704
v 0.07190388 -0.30497572 -0.12300127
v 0.07190388 -0.30186999 -0.12390336
v 0.07500910 -0.32499576 -0.11575229
v 0.07500910 -0.31701642 -0.11894184
v 0.07190388 -0.34496802 -0.10544264
v 0.07190388 -0.33866099 -0.10927653
v 0.07190388 -0.33364403 -0.11185395
v 0.07190388 -0.33087277 -0.11314266
v 0.14451483 -0.30526239 -0.09687272
v 0.16073567 -0.31180835 -0.08073167
v 0.16494684 -0.31481850 -0.07490027
v 0.15163271 -0.30497572 -0.09139572
v 0.15663791 -0.30497572 -0.08688524
v 0.17043413 -0.31118718 -0.07048644
v 0.17689979 -0.30531019 -0.06442952
v 0.17763710 -0.29498959 -0.06687807
v 0.18231618 -0.28495568 -0.06333412
v 0.18489677 -0.26498342 -0.06497721
v 0.18719378 -0.25485396 -0.06420399
v 0.17875724 -0.28495568 -0.06832786
v 0.17952290 -0.27769303 -0.06935883
v 0.18759079 -0.24496338 -0.06620149
v 0.18841317 -0.23497725 -0.06742576
v 0.18973182 -0.21825407 -0.06955213
v 0.19022809 -0.21161258 -0.07035758
v 0.19234078 -0.21495721 -0.06571823
v 0.19069600 -0.20501886 -0.07113080
v 0.19136241 -0.19503273 -0.07225841
v 0.19197212 -0.18504661 -0.07335382
v 0.19655195 -0.18504661 -0.06497721
v 0.19796985 -0.17539494 -0.06426843
v 0.19809747 -0.16502658 -0.06613706
v 0.19911836 -0.14500654 -0.06810233
v 0.19960044 -0.13502041 -0.06910108
v 0.20021015 -0.17233698 -0.06043452
v 0.20053627 -0.16502658 -0.06114331
v 0.20096163 -0.15504044 -0.06210985
v 0.20137283 -0.14500654 -0.06310859
v 0.20176984 -0.13502041 -0.06410734
v 0.20181239 -0.12522539 -0.06581488
v 0.20015344 -0.12202410 -0.07032536
v 0.20040865 -0.11500036 -0.07084084
v 0.20354223 -0.10501423 -0.06497721
v 0.20415193 -0.09502810 -0.06497721
v 0.20729968 -0.10501423 -0.05498974
v 0.20783848 -0.09502810 -0.05498974
v 0.20861833 -0.08465973 -0.05405542
v 0.20856160 -0.07500806 -0.05550522
v 0.20876011 -0.06502193 -0.05611736
v 0.20893027 -0.05503580 -0.05663284
v 0.20907205 -0.04500189 -0.05708389
v 0.20921385 -0.03501576 -0.05750272
v 0.20931309 -0.02502963 -0.05782489
v 0.20704445 -0.01504351 -0.06497721
v 0.20721459 -0.00500959 -0.06497721
v 0.20349969 0.00497653 -0.07499692
v 0.20357057 0.01496266 -0.07499692
v 0.20359895 0.02480546 -0.07499692
v 0.19354600 0.01496266 -0.09497189
v 0.19344674 0.00497653 -0.09497189
v 0.19041242 0.02480546 -0.10044889
v 0.19329077 -0.00500959 -0.09497189
v 0.19244003 -0.01576021 -0.09597063
v 0.19283704 -0.02502963 -0.09481080
v 0.19266689 -0.03501576 -0.09448862
v 0.19246837 -0.04500189 -0.09410201
v 0.19224152 -0.05503580 -0.09368318
v 0.19195794 -0.06502193 -0.09319991
v 0.19163182 -0.07500806 -0.09265221
v 0.19127734 -0.08504197 -0.09207229
v 0.19088033 -0.09502810 -0.09142794
v 0.19014302 -0.11156016 -0.09023588
v 0.18892363 -0.13502041 -0.08830282
v 0.18981689 -0.11824943 -0.08968818
v 0.18946242 -0.12503427 -0.08914048
v 0.18835646 -0.14500654 -0.08740073
v 0.18272737 -0.15504044 -0.09374762
v 0.18206096 -0.16502658 -0.09281330
v 0.17905501 -0.15504044 -0.09874135
v 0.17828932 -0.16502658 -0.09780704
v 0.17247592 -0.17501269 -0.10283300
v 0.17159681 -0.18504661 -0.10180204
v 0.17064682 -0.19503273 -0.10070663
v 0.17010802 -0.20057528 -0.10009450
v 0.16942742 -0.20726454 -0.09935349
v 0.16588266 -0.19503273 -0.10573259
v 0.16359983 -0.21500500 -0.10360622
v 0.16748489 -0.22499113 -0.09729156
v 0.16128865 -0.23497725 -0.10125434
v 0.16045208 -0.24171430 -0.10041668
v 0.16250804 -0.26498342 -0.09249112
v 0.16121775 -0.27496955 -0.09120242
v 0.16038118 -0.28132436 -0.09036475
v 0.15724762 -0.26498342 -0.09748486
v 0.15461031 -0.27597293 -0.09693716
v 0.15564539 -0.28481233 -0.09365096
v 0.15330583 -0.29498959 -0.09287774
v 0.14723720 -0.29498959 -0.09787147
v 0.07190388 -0.31219059 -0.12074603
v 0.07190388 -0.31563076 -0.11955398
v 0.07190388 -0.32499576 -0.11584894
v 0.07190388 -0.32265452 -0.11678325
v 0.07190388 -0.31715974 -0.11897406
v 0.16188416 -0.30497572 -0.08189151
v 0.16688937 -0.30497572 -0.07657558
v 0.15831104 -0.29498959 -0.08843169
v 0.17135577 -0.30497572 -0.07158184
v 0.17263189 -0.29498959 -0.07316051
v 0.18020350 -0.27105156 -0.07026092
v 0.18079902 -0.26498342 -0.07106636
v 0.18173485 -0.25499728 -0.07238729
v 0.17311397 -0.28443009 -0.07554462
v 0.17640352 -0.27463508 -0.07415926
v 0.17695650 -0.26498342 -0.07609232
v 0.18259975 -0.24496338 -0.07367600
v 0.18506691 -0.22499113 -0.07499692
v 0.18722214 -0.21495721 -0.07422370
v 0.18753406 -0.20501886 -0.07612454
v 0.18827139 -0.19503273 -0.07728437
v 0.18898034 -0.18504661 -0.07834756
v 0.19000122 -0.17004353 -0.07999066
v 0.19204301 -0.17405708 -0.07554462
v 0.19340420 -0.16502658 -0.07499692
v 0.19452435 -0.15504044 -0.07499692
v 0.19560196 -0.14500654 -0.07499692
v 0.19658031 -0.13502041 -0.07499692
v 0.19988403 -0.12866560 -0.06971322
v 0.19787061 -0.11500036 -0.07583458
v 0.19787061 -0.12522539 -0.07419147
v 0.19863626 -0.09502810 -0.07721994
v 0.19899075 -0.08504197 -0.07789651
v 0.20104671 -0.09502810 -0.07222620
v 0.20073476 -0.10501423 -0.07151741
v 0.20133029 -0.08504197 -0.07287055
v 0.20467655 -0.08504197 -0.06497721
v 0.20514446 -0.07500806 -0.06497721
v 0.20559819 -0.06502193 -0.06497721
v 0.20596685 -0.05503580 -0.06497721
v 0.20629296 -0.04500189 -0.06497721
v 0.20660490 -0.03501576 -0.06497721
v 0.20684594 -0.02502963 -0.06497721
v 0.20318775 -0.01504351 -0.07499692
v 0.20338625 -0.00500959 -0.07499692
v 0.20064969 -0.00500959 -0.08131158
v 0.20070642 0.00497653 -0.08140824
v 0.20073476 0.01496266 -0.08150489
v 0.20080566 0.02480546 -0.08140824
v 0.19821090 0.01496266 -0.08649863
v 0.19815418 0.00497653 -0.08643420
v 0.19367361 0.02480546 -0.09481080
v 0.19809747 -0.00500959 -0.08630533
v 0.19796985 -0.01504351 -0.08611202
v 0.19784224 -0.02502963 -0.08585428
v 0.19767210 -0.03501576 -0.08553210
v 0.19709076 -0.05503580 -0.08498440
v 0.19655195 -0.06502193 -0.08498440
v 0.19592807 -0.07500806 -0.08498440
v 0.19527584 -0.08504197 -0.08498440
v 0.19453853 -0.09502810 -0.08498440
v 0.19371614 -0.10501423 -0.08498440
v 0.19238330 -0.11495258 -0.08582206
v 0.19244003 -0.12503427 -0.08414675
v 0.19198629 -0.13502041 -0.08330908
v 0.19147585 -0.14500654 -0.08240699
v 0.19090869 -0.15504044 -0.08147267
v 0.18773258 -0.15504044 -0.08646642
v 0.18706617 -0.16502658 -0.08549988
v 0.18133783 -0.17501269 -0.09178233
v 0.18055798 -0.18504661 -0.09071915
v 0.18010426 -0.19068471 -0.09013923
v 0.17748111 -0.17501269 -0.09677608
v 0.17658785 -0.18504661 -0.09574511
v 0.17315651 -0.20434994 -0.09561624
v 0.17295800 -0.21500500 -0.09345765
v 0.17199382 -0.22499113 -0.09229781
v 0.16860503 -0.21500500 -0.09845139
v 0.16629384 -0.23497725 -0.09606729
v 0.17029235 -0.24128428 -0.09030032
v 0.16952667 -0.24792577 -0.08946266
v 0.16871847 -0.25499728 -0.08856057
v 0.16371326 -0.25499728 -0.09374762
v 0.16751325 -0.26498342 -0.08727185
v 0.16622296 -0.27496955 -0.08595093
v 0.16486177 -0.28438231 -0.08482331
v 0.16334461 -0.29498959 -0.08340573
v 0.15940283 -0.28801364 -0.08943044
v 0.16833563 -0.29498959 -0.07815425
v 0.16934234 -0.28739250 -0.07924965
v 0.17017891 -0.28075099 -0.08018397
v 0.17800575 -0.25499728 -0.07738103
v 0.17899829 -0.24496338 -0.07866973
v 0.17966470 -0.23817855 -0.07953961
v 0.18027440 -0.23153706 -0.08037727
v 0.17084533 -0.27496955 -0.08095719
v 0.17196546 -0.26498342 -0.08227812
v 0.18086992 -0.22499113 -0.08115049
v 0.18172066 -0.21500500 -0.08234255
v 0.18252887 -0.20501886 -0.08350239
v 0.18454230 -0.18504661 -0.08498440
v 0.18679675 -0.17405708 -0.08398566
v 0.19031316 -0.16502658 -0.08047392
v 0.19958627 -0.06502193 -0.07912078
v 0.20182656 -0.06502193 -0.07412704
v 0.20203924 -0.05503580 -0.07467474
v 0.20266312 -0.03501576 -0.07499692
v 0.20296088 -0.02502963 -0.07499692
v 0.20055044 -0.01504351 -0.08108606
v 0.20042284 -0.02502963 -0.08086054
v 0.20074895 0.02480546 -0.08153711
v 0.19822508 0.02480546 -0.08653085
v 0.20026687 -0.03501576 -0.08053836
v 0.20011090 -0.04289955 -0.08021618
v 0.19795568 -0.04571860 -0.08411452
v 0.19996910 -0.04954104 -0.07992622
v 0.19985567 -0.05503580 -0.07966848
v 0.18268484 -0.19441159 -0.08562876
v 0.17953709 -0.19737399 -0.08939823
v 0.17887068 -0.20501886 -0.08852835
v 0.17796321 -0.21500500 -0.08736851
v 0.17698486 -0.22499113 -0.08617646
v 0.17301472 -0.25499728 -0.08356682
v 0.17095876 -0.23497725 -0.09107354
v 0.20184074 -0.04571860 -0.07596345
f 1 2 3
f 1 3 4
f 1 4 5
f 1 5 6
f 1 6 7
f 1 7 2
f 2 8 3
f 2 7 9
f 2 9 8
f 3 10 4
f 3 8 11
f 3 11 10
f 4 10 12
f 4 12 13
f 4 13 14
f 4 14 15
f 4 15 16
f 4 16 5
f 5 17 6
f 5 16 18
f 5 18 17
f 6 19 20
f 6 20 21
f 6 21 7
f 6 17 19
f 7 21 22
f 7 22 23
f 7 23 24
f 7 24 9
f 8 25 48
f 8 48 72
f 8 72 97
f 8 97 126
f 8 126 156
f 8 156 188
f 8 188 233
f 8 233 281
f 8 281 284
f 8 284 337
f 8 337 336
f 8 336 390
f 8 390 456
f 8 456 455
f 8 455 454
f 8 454 451
f 8 451 450
f 8 450 449
f 8 449 453
f 8 453 521
f 8 521 522
f 8 522 593
f 8 593 595
f 8 595 676
f 8 676 678
f 8 678 770
f 8 770 871
f 8 871 991
f 8 991 1128
f 8 1128 1268
f 8 1268 1267
f 8 1267 1266
f 8 1266 1265
f 8 1265 1264
f 8 1264 1263
f 8 1263 1388
f 8 1388 1507
f 8 1507 1506
f 8 1506 1505
f 8 1505 1504
f 8 1504 1502
f 8 1502 1617
f 8 1617 1621
f 8 1621 1620
f 8 1620 1619
f 8 1619 1718
f 8 1718 1719
f 8 1719 1722
f 8 1722 1721
f 8 1721 1720
f 8 1720 1627
f 8 1627 1626
f 8 1626 1625
f 8 1625 1624
f 8 1624 1515
f 8 1515 1514
f 8 1514 1513
f 8 1513 1391
f 8 1391 1390
f 8 1390 1389
f 8 1389 1269
f 8 1269 1132
f 8 1132 1131
f 8 1131 1130
f 8 1130 1129
f 8 1129 992
f 8 992 872
f 8 872 771
f 8 771 679
f 8 679 596
f 8 596 523
f 8 523 457
f 8 457 391
f 8 391 338
f 8 338 285
f 8 285 234
f 8 234 189
f 8 189 157
f 8 157 127
f 8 127 98
f 8 98 73
f 8 73 49
f 8 49 26
f 8 26 11
f 8 9 25
f 9 24 25
f 10 11 12
f 11 26 13
f 11 13 12
f 13 27 28
f 13 28 14
f 13 26 27
f 14 28 15
f 15 29 16
f 15 28 30
f 15 30 29
f 16 29 18
f 17 18 31
f 17 31 32
f 17 32 33
f 17 33 34
f 17 34 19
f 18 35 32
f 18 32 31
f 18 29 36
f 18 36 35
f 19 34 20
f 20 37 38
f 20 38 21
f 20 34 39
f 20 39 37
f 21 38 22
f 22 40 23
f 22 38 41
f 22 41 40
f 23 42 24
f 23 40 41
f 23 41 43
f 23 43 44
f 23 44 42
f 24 42 45
f 24 45 46
f 24 46 47
f 24 47 25
f 25 47 48
f 26 49 50
f 26 50 51
f 26 51 52
f 26 52 53
f 26 53 54
f 26 54 55
f 26 55 27
f 27 55 28
f 28 55 56
f 28 56 57
f 28 57 58
f 28 58 30
f 29 30 59
f 29 59 60
f 29 60 36
f 30 58 59
f 32 61 62
f 32 62 33
f 32 35 61
f 33 62 63
f 33 63 39
f 33 39 34
f 35 64 61
f 35 36 60
f 35 60 65
f 35 65 64
f 37 39 66
f 37 66 38
f 38 66 67
f 38 67 68
f 38 68 69
f 38 69 70
f 38 70 41
f 39 71 66
f 39 63 71
f 41 70 69
f 41 69 68
f 41 68 94
f 41 94 93
f 41 93 117
f 41 117 116
f 41 116 144
f 41 144 174
f 41 174 214
f 41 214 222
f 41 222 268
f 41 268 267
f 41 267 318
f 41 318 317
f 41 317 315
f 41 315 369
f 41 369 368
f 41 368 432
f 41 432 496
f 41 496 495
f 41 495 566
f 41 566 565
f 41 565 643
f 41 643 731
f 41 731 829
f 41 829 939
f 41 939 1061
f 41 1061 1060
f 41 1060 1196
f 41 1196 1330
f 41 1330 1453
f 41 1453 1452
f 41 1452 1566
f 41 1566 1565
f 41 1565 1677
f 41 1677 1766
f 41 1766 1828
f 41 1828 1829
f 41 1829 1769
f 41 1769 1680
f 41 1680 1569
f 41 1569 1568
f 41 1568 1456
f 41 1456 1333
f 41 1333 1198
f 41 1198 1064
f 41 1064 941
f 41 941 833
f 41 833 830
f 41 830 733
f 41 733 644
f 41 644 568
f 41 568 567
f 41 567 497
f 41 497 433
f 41 433 370
f 41 370 320
f 41 320 319
f 41 319 269
f 41 269 224
f 41 224 223
f 41 223 182
f 41 182 152
f 41 152 123
f 41 123 95
f 41 95 72
f 41 72 48
f 41 48 47
f 41 47 46
f 41 46 45
f 41 45 44
f 41 44 43
f 42 44 45
f 49 73 74
f 49 74 50
f 50 74 75
f 50 75 51
f 51 76 77
f 51 77 78
f 51 78 79
f 51 79 80
f 51 80 53
f 51 53 52
f 51 75 76
f 53 80 56
f 53 56 54
f 54 56 55
f 56 80 81
f 56 81 57
f 57 81 58
f 58 82 83
f 58 83 59
f 58 81 84
f 58 84 82
f 59 83 60
f 60 85 65
f 60 83 86
f 60 86 85
f 61 64 87
f 61 87 88
f 61 88 62
f 62 88 89
f 62 89 63
f 63 89 90
f 63 90 71
f 64 91 92
f 64 92 87
f 64 65 85
f 64 85 91
f 66 71 93
f 66 93 94
f 66 94 68
f 66 68 67
f 71 90 93
f 72 95 96
f 72 96 97
f 73 98 99
f 73 99 100
f 73 100 101
f 73 101 74
f 74 101 102
f 74 102 76
f 74 76 75
f 76 103 104
f 76 104 105
f 76 105 77
f 76 102 106
f 76 106 103
f 77 105 78
f 78 105 107
f 78 107 108
f 78 108 82
f 78 82 84
f 78 84 81
f 78 81 79
f 79 81 80
f 82 108 109
f 82 109 110
f 82 110 86
f 82 86 83
f 85 111 91
f 85 86 110
f 85 110 112
f 85 112 111
f 87 92 113
f 87 113 88
f 88 113 114
f 88 114 89
f 89 114 115
f 89 115 90
f 90 115 116
f 90 116 117
f 90 117 93
f 91 118 119
f 91 119 120
f 91 120 121
f 91 121 92
f 91 111 118
f 92 121 122
f 92 122 113
f 95 123 96
f 96 123 124
f 96 124 154
f 96 154 125
f 96 125 126
f 96 126 97
f 98 127 128
f 98 128 129
f 98 129 130
f 98 130 131
f 98 131 132
f 98 132 99
f 99 133 100
f 99 132 134
f 99 134 135
f 99 135 133
f 100 133 106
f 100 106 102
f 100 102 101
f 103 136 137
f 103 137 104
f 103 106 135
f 103 135 136
f 104 137 107
f 104 107 105
f 106 133 135
f 107 138 109
f 107 109 108
f 107 137 138
f 109 139 140
f 109 140 112
f 109 112 110
f 109 138 139
f 111 112 140
f 111 140 141
f 111 141 118
f 113 122 142
f 113 142 114
f 114 142 143
f 114 143 115
f 115 143 116
f 116 143 144
f 118 141 145
f 118 145 119
f 119 145 146
f 119 146 147
f 119 147 148
f 119 148 149
f 119 149 120
f 120 149 150
f 120 150 121
f 121 150 122
f 122 150 151
f 122 151 142
f 123 152 124
f 124 152 153
f 124 153 185
f 124 185 154
f 125 154 186
f 125 186 155
f 125 155 156
f 125 156 126
f 127 157 158
f 127 158 128
f 128 158 159
f 128 159 129
f 129 160 131
f 129 131 130
f 129 159 161
f 129 161 162
f 129 162 163
f 129 163 164
f 129 164 165
f 129 165 160
f 131 160 132
f 132 160 134
f 134 166 135
f 134 160 166
f 135 167 168
f 135 168 136
f 135 166 167
f 136 168 137
f 137 168 169
f 137 169 139
f 137 139 138
f 139 169 170
f 139 170 171
f 139 171 172
f 139 172 141
f 139 141 140
f 141 172 145
f 142 151 173
f 142 173 143
f 143 173 174
f 143 174 144
f 145 172 146
f 146 175 147
f 146 172 176
f 146 176 175
f 147 175 177
f 147 177 148
f 148 177 178
f 148 178 179
f 148 179 149
f 149 179 180
f 149 180 150
f 150 180 151
f 151 180 181
f 151 181 173
f 152 182 153
f 153 182 183
f 153 183 184
f 153 184 185
f 154 185 229
f 154 229 186
f 155 186 231
f 155 231 187
f 155 187 188
f 155 188 156
f 157 189 190
f 157 190 191
f 157 191 192
f 157 192 193
f 157 193 194
f 157 194 195
f 157 195 196
f 157 196 197
f 157 197 198
f 157 198 199
f 157 199 200
f 157 200 158
f 158 200 201
f 158 201 202
f 158 202 161
f 158 161 159
f 160 165 203
f 160 203 166
f 161 202 204
f 161 204 162
f 162 204 205
f 162 205 163
f 163 205 206
f 163 206 207
f 163 207 164
f 164 207 208
f 164 208 209
f 164 209 203
f 164 203 165
f 166 203 167
f 167 203 210
f 167 210 168
f 168 210 211
f 168 211 170
f 168 170 169
f 170 211 171
f 171 211 172
f 172 211 212
f 172 212 213
f 172 213 176
f 173 181 174
f 174 181 214
f 175 215 216
f 175 216 177
f 175 176 215
f 176 213 215
f 177 217 178
f 177 216 217
f 178 217 218
f 178 218 219
f 178 219 220
f 178 220 179
f 179 220 221
f 179 221 180
f 180 221 181
f 181 221 222
f 181 222 214
f 182 223 183
f 183 223 224
f 183 224 225
f 183 225 226
f 183 226 184
f 184 226 227
f 184 227 185
f 185 227 228
f 185 228 229
f 186 229 230
f 186 230 231
f 187 231 278
f 187 278 232
f 187 232 233
f 187 233 188
f 189 234 235
f 189 235 236
f 189 236 190
f 190 236 237
f 190 237 191
f 191 237 238
f 191 238 239
f 191 239 192
f 192 239 193
f 193 239 240
f 193 240 241
f 193 241 194
f 194 241 195
f 195 241 242
f 195 242 196
f 196 242 243
f 196 243 244
f 196 244 245
f 196 245 198
f 196 198 197
f 198 245 246
f 198 246 247
f 198 247 199
f 199 247 200
f 200 247 202
f 200 202 201
f 202 248 249
f 202 249 204
f 202 247 248
f 203 209 210
f 204 249 205
f 205 250 206
f 205 249 251
f 205 251 250
f 206 250 252
f 206 252 253
f 206 253 207
f 207 253 254
f 207 254 255
f 207 255 208
f 208 255 256
f 208 256 257
f 208 257 209
f 209 257 210
f 210 257 211
f 211 257 256
f 211 256 258
f 211 258 212
f 212 258 213
f 213 258 259
f 213 259 260
f 213 260 215
f 215 260 261
f 215 261 216
f 216 261 262
f 216 262 263
f 216 263 217
f 217 264 218
f 217 263 264
f 218 264 265
f 218 265 219
f 219 265 266
f 219 266 220
f 220 266 267
f 220 267 221
f 221 267 268
f 221 268 222
f 224 269 270
f 224 270 225
f 225 270 226
f 226 270 271
f 226 271 272
f 226 272 273
f 226 273 227
f 227 273 228
f 228 274 275
f 228 275 276
f 228 276 277
f 228 277 229
f 228 273 274
f 229 277 230
f 230 278 231
f 230 277 276
f 230 276 279
f 230 279 280
f 230 280 278
f 232 281 233
f 232 278 282
f 232 282 283
f 232 283 284
f 232 284 281
f 234 285 235
f 235 286 287
f 235 287 236
f 235 285 286
f 236 287 288
f 236 288 237
f 237 288 289
f 237 289 238
f 238 289 290
f 238 290 291
f 238 291 239
f 239 291 240
f 240 291 292
f 240 292 293
f 240 293 241
f 241 293 242
f 242 293 294
f 242 294 295
f 242 295 243
f 243 295 244
f 244 295 296
f 244 296 297
f 244 297 298
f 244 298 246
f 244 246 245
f 246 298 249
f 246 249 248
f 246 248 247
f 249 298 299
f 249 299 251
f 250 300 301
f 250 301 252
f 250 251 299
f 250 299 300
f 252 301 302
f 252 302 303
f 252 303 253
f 253 303 254
f 254 303 304
f 254 304 305
f 254 305 255
f 255 305 306
f 255 306 256
f 256 306 258
f 258 306 259
f 259 307 260
f 259 306 308
f 259 308 307
f 260 309 261
f 260 307 309
f 261 309 262
f 262 310 311
f 262 311 312
f 262 312 263
f 262 309 310
f 263 312 264
f 264 312 313
f 264 313 265
f 265 313 314
f 265 314 315
f 265 315 316
f 265 316 266
f 266 316 317
f 266 317 318
f 266 318 267
f 269 319 270
f 270 319 320
f 270 320 321
f 270 321 322
f 270 322 271
f 271 322 272
f 272 322 323
f 272 323 324
f 272 324 325
f 272 325 273
f 273 325 275
f 273 275 274
f 275 326 377
f 275 377 327
f 275 327 276
f 275 325 326
f 276 327 279
f 278 280 282
f 279 327 328
f 279 328 280
f 280 328 329
f 280 329 330
f 280 330 282
f 282 330 331
f 282 331 332
f 282 332 333
f 282 333 334
f 282 334 283
f 283 334 335
f 283 335 336
f 283 336 337
f 283 337 284
f 285 338 339
f 285 339 286
f 286 339 340
f 286 340 341
f 286 341 342
f 286 342 287
f 287 342 343
f 287 343 288
f 288 343 344
f 288 344 289
f 289 344 345
f 289 345 290
f 290 345 346
f 290 346 347
f 290 347 291
f 291 347 348
f 291 348 292
f 292 348 349
f 292 349 293
f 293 349 294
f 294 349 350
f 294 350 295
f 295 350 351
f 295 351 352
f 295 352 296
f 296 352 297
f 297 352 353
f 297 353 354
f 297 354 299
f 297 299 298
f 299 354 300
f 300 354 301
f 301 354 302
f 302 354 355
f 302 355 356
f 302 356 357
f 302 357 303
f 303 357 304
f 304 357 358
f 304 358 359
f 304 359 305
f 305 359 360
f 305 360 308
f 305 308 306
f 307 308 361
f 307 361 362
f 307 362 309
f 308 360 361
f 309 362 310
f 310 363 364
f 310 364 311
f 310 362 363
f 311 365 366
f 311 366 312
f 311 364 365
f 312 366 313
f 313 366 367
f 313 367 314
f 314 367 368
f 314 368 369
f 314 369 315
f 315 317 316
f 320 370 371
f 320 371 321
f 321 371 322
f 322 371 372
f 322 372 373
f 322 373 323
f 323 373 374
f 323 374 324
f 324 374 439
f 324 439 375
f 324 375 325
f 325 375 326
f 326 375 376
f 326 376 377
f 327 377 442
f 327 442 378
f 327 378 328
f 328 378 379
f 328 379 380
f 328 380 329
f 329 380 330
f 330 380 331
f 331 380 381
f 331 381 332
f 332 381 333
f 333 381 334
f 334 382 383
f 334 383 384
f 334 384 385
f 334 385 386
f 334 386 387
f 334 387 388
f 334 388 389
f 334 389 335
f 334 381 382
f 335 389 336
f 336 389 390
f 338 391 392
f 338 392 393
f 338 393 394
f 338 394 395
f 338 395 396
f 338 396 339
f 339 396 397
f 339 397 398
f 339 398 340
f 340 398 341
f 341 398 399
f 341 399 400
f 341 400 401
f 341 401 342
f 342 401 343
f 343 401 344
f 344 401 402
f 344 402 403
f 344 403 404
f 344 404 405
f 344 405 345
f 345 405 346
f 346 405 406
f 346 406 407
f 346 407 347
f 347 407 348
f 348 407 408
f 348 408 409
f 348 409 349
f 349 409 350
f 350 409 410
f 350 410 351
f 351 410 411
f 351 411 352
f 352 411 412
f 352 412 413
f 352 413 353
f 353 413 354
f 354 413 355
f 355 414 356
f 355 413 414
f 356 414 415
f 356 415 416
f 356 416 417
f 356 417 357
f 357 417 358
f 358 417 418
f 358 418 419
f 358 419 359
f 359 419 420
f 359 420 360
f 360 420 361
f 361 420 421
f 361 421 362
f 362 421 363
f 363 422 364
f 363 421 423
f 363 423 422
f 364 422 424
f 364 424 365
f 365 424 425
f 365 425 426
f 365 426 427
f 365 427 366
f 366 427 428
f 366 428 367
f 367 428 429
f 367 429 430
f 367 430 431
f 367 431 432
f 367 432 368
f 370 433 371
f 371 433 434
f 371 434 435
f 371 435 372
f 372 435 436
f 372 436 373
f 373 436 437
f 373 437 374
f 374 437 438
f 374 438 439
f 375 439 376
f 376 439 440
f 376 440 505
f 376 505 441
f 376 441 377
f 377 441 442
f 378 442 379
f 379 443 444
f 379 444 445
f 379 445 380
f 379 442 443
f 380 445 446
f 380 446 381
f 381 446 383
f 381 383 382
f 383 446 447
f 383 447 384
f 384 447 448
f 384 448 452
f 384 452 385
f 385 449 450
f 385 450 451
f 385 451 386
f 385 452 453
f 385 453 449
f 386 451 387
f 387 451 454
f 387 454 455
f 387 455 388
f 388 455 456
f 388 456 389
f 389 456 390
f 391 457 392
f 392 457 458
f 392 458 459
f 392 459 460
f 392 460 393
f 393 460 394
f 394 460 461
f 394 461 395
f 395 397 396
f 395 461 462
f 395 462 463
f 395 463 397
f 397 463 464
f 397 464 398
f 398 464 399
f 399 465 466
f 399 466 467
f 399 467 400
f 399 464 465
f 400 467 468
f 400 468 401
f 401 468 469
f 401 469 402
f 402 469 403
f 403 469 470
f 403 470 404
f 404 470 405
f 405 470 471
f 405 471 406
f 406 471 472
f 406 472 473
f 406 473 407
f 407 473 474
f 407 474 408
f 408 474 475
f 408 475 409
f 409 475 410
f 410 475 476
f 410 476 411
f 411 476 477
f 411 477 412
f 412 477 478
f 412 478 413
f 413 478 414
f 414 478 479
f 414 479 415
f 415 480 416
f 415 479 481
f 415 481 480
f 416 480 482
f 416 482 418
f 416 418 417
f 418 482 483
f 418 483 484
f 418 484 419
f 419 484 485
f 419 485 420
f 420 485 421
f 421 485 423
f 422 486 487
f 422 487 424
f 422 423 486
f 423 485 488
f 423 488 489
f 423 489 486
f 424 490 425
f 424 487 490
f 425 490 491
f 425 491 426
f 426 491 492
f 426 492 493
f 426 493 494
f 426 494 428
f 426 428 427
f 428 494 429
f 429 494 495
f 429 495 496
f 429 496 430
f 430 496 431
f 431 496 432
f 433 497 498
f 433 498 434
f 434 499 435
f 434 498 499
f 435 499 500
f 435 500 436
f 436 500 501
f 436 501 437
f 437 501 502
f 437 502 438
f 438 502 503
f 438 503 504
f 438 504 439
f 439 504 440
f 440 504 506
f 440 506 505
f 441 505 507
f 441 507 508
f 441 508 442
f 442 508 509
f 442 509 443
f 443 509 444
f 444 509 510
f 444 510 582
f 444 582 511
f 444 511 445
f 445 511 512
f 445 512 513
f 445 513 447
f 445 447 446
f 447 514 448
f 447 513 515
f 447 515 516
f 447 516 517
f 447 517 514
f 448 514 518
f 448 518 519
f 448 519 520
f 448 520 452
f 452 521 453
f 452 520 522
f 452 522 521
f 457 523 524
f 457 524 458
f 458 524 459
f 459 525 461
f 459 461 460
f 459 524 526
f 459 526 527
f 459 527 525
f 461 525 528
f 461 528 462
f 462 464 463
f 462 528 529
f 462 529 464
f 464 529 465
f 465 529 530
f 465 530 466
f 466 531 532
f 466 532 533
f 466 533 467
f 466 530 531
f 467 533 468
f 468 533 469
f 469 533 534
f 469 534 535
f 469 535 536
f 469 536 537
f 469 537 538
f 469 538 470
f 470 538 537
f 470 537 539
f 470 539 540
f 470 540 471
f 471 540 472
f 472 540 541
f 472 541 542
f 472 542 473
f 473 542 474
f 474 542 543
f 474 543 544
f 474 544 545
f 474 545 475
f 475 545 476
f 476 545 546
f 476 546 477
f 477 546 547
f 477 547 478
f 478 547 479
f 479 548 481
f 479 547 548
f 480 481 549
f 480 549 550
f 480 550 482
f 481 548 551
f 481 551 549
f 482 550 483
f 483 550 552
f 483 552 553
f 483 553 554
f 483 554 484
f 484 554 488
f 484 488 485
f 486 489 555
f 486 555 487
f 487 555 556
f 487 556 490
f 488 554 557
f 488 557 489
f 489 557 555
f 490 556 558
f 490 558 491
f 491 558 559
f 491 559 560
f 491 560 561
f 491 561 492
f 492 561 562
f 492 562 563
f 492 563 564
f 492 564 493
f 493 564 565
f 493 565 566
f 493 566 494
f 494 566 495
f 497 567 498
f 498 567 568
f 498 568 569
f 498 569 499
f 499 569 570
f 499 570 571
f 499 571 500
f 500 571 572
f 500 572 501
f 501 572 502
f 502 572 573
f 502 573 574
f 502 574 503
f 503 574 575
f 503 575 504
f 504 575 576
f 504 576 506
f 505 506 507
f 506 577 656
f 506 656 578
f 506 578 507
f 506 576 579
f 506 579 577
f 507 578 580
f 507 580 509
f 507 509 508
f 509 580 581
f 509 581 510
f 510 581 582
f 511 582 583
f 511 583 512
f 512 583 584
f 512 584 513
f 513 584 515
f 514 517 518
f 515 584 585
f 515 585 516
f 516 586 517
f 516 585 586
f 517 586 587
f 517 587 588
f 517 588 589
f 517 589 518
f 518 589 590
f 518 590 591
f 518 591 519
f 519 591 592
f 519 592 594
f 519 594 520
f 520 593 522
f 520 594 595
f 520 595 593
f 523 596 597
f 523 597 524
f 524 597 598
f 524 598 526
f 525 527 528
f 526 598 599
f 526 599 527
f 527 599 528
f 528 599 600
f 528 600 601
f 528 601 529
f 529 601 602
f 529 602 530
f 530 602 531
f 531 602 603
f 531 603 604
f 531 604 605
f 531 605 532
f 532 605 606
f 532 606 533
f 533 606 607
f 533 607 534
f 534 607 535
f 535 608 609
f 535 609 610
f 535 610 536
f 535 607 608
f 536 610 537
f 537 610 611
f 537 611 612
f 537 612 539
f 539 612 540
f 540 612 613
f 540 613 614
f 540 614 615
f 540 615 541
f 541 615 542
f 542 615 616
f 542 616 543
f 543 616 617
f 543 617 544
f 544 546 545
f 544 617 618
f 544 618 619
f 544 619 620
f 544 620 546
f 546 620 547
f 547 620 548
f 548 619 551
f 548 620 619
f 549 621 622
f 549 622 550
f 549 551 621
f 550 622 552
f 551 619 623
f 551 623 621
f 552 622 624
f 552 624 625
f 552 625 553
f 553 625 626
f 553 626 627
f 553 627 628
f 553 628 554
f 554 628 557
f 555 557 629
f 555 629 630
f 555 630 556
f 556 630 631
f 556 631 632
f 556 632 558
f 557 628 629
f 558 632 633
f 558 633 634
f 558 634 559
f 559 634 635
f 559 635 560
f 560 635 636
f 560 636 561
f 561 636 637
f 561 637 638
f 561 638 562
f 562 638 639
f 562 639 563
f 563 639 640
f 563 640 565
f 563 565 564
f 565 640 641
f 565 641 642
f 565 642 643
f 568 644 569
f 569 645 646
f 569 646 570
f 569 644 645
f 570 646 647
f 570 647 571
f 571 647 648
f 571 648 572
f 572 648 649
f 572 649 573
f 573 649 650
f 573 650 574
f 574 650 651
f 574 651 652
f 574 652 653
f 574 653 575
f 575 653 654
f 575 654 579
f 575 579 576
f 577 579 654
f 577 654 655
f 577 655 656
f 578 656 746
f 578 746 657
f 578 657 580
f 580 657 658
f 580 658 581
f 581 583 582
f 581 658 659
f 581 659 660
f 581 660 583
f 583 661 584
f 583 660 662
f 583 662 661
f 584 661 663
f 584 663 664
f 584 664 665
f 584 665 585
f 585 665 586
f 586 665 664
f 586 664 666
f 586 666 588
f 586 588 587
f 588 666 667
f 588 667 668
f 588 668 589
f 589 668 669
f 589 669 670
f 589 670 671
f 589 671 672
f 589 672 591
f 589 591 590
f 591 672 671
f 591 671 673
f 591 673 592
f 592 673 674
f 592 674 675
f 592 675 594
f 594 676 595
f 594 675 677
f 594 677 678
f 594 678 676
f 596 679 597
f 597 679 680
f 597 680 681
f 597 681 598
f 598 681 682
f 598 682 599
f 599 682 683
f 599 683 600
f 600 683 684
f 600 684 685
f 600 685 602
f 600 602 601
f 602 685 686
f 602 686 603
f 603 686 604
f 604 686 687
f 604 687 688
f 604 688 689
f 604 689 690
f 604 690 605
f 605 690 606
f 606 690 691
f 606 691 608
f 606 608 607
f 608 691 692
f 608 692 609
f 609 692 693
f 609 693 694
f 609 694 610
f 610 694 611
f 611 694 695
f 611 695 613
f 611 613 612
f 613 695 696
f 613 696 697
f 613 697 615
f 613 615 614
f 615 697 698
f 615 698 699
f 615 699 700
f 615 700 701
f 615 701 616
f 616 701 617
f 617 701 702
f 617 702 618
f 618 702 703
f 618 703 619
f 619 703 623
f 621 623 704
f 621 704 705
f 621 705 622
f 622 705 624
f 623 706 704
f 623 703 706
f 624 705 707
f 624 707 625
f 625 708 626
f 625 707 709
f 625 709 708
f 626 708 710
f 626 710 711
f 626 711 712
f 626 712 627
f 627 712 628
f 628 712 713
f 628 713 629
f 629 713 630
f 630 713 714
f 630 714 715
f 630 715 631
f 631 715 716
f 631 716 632
f 632 716 717
f 632 717 718
f 632 718 719
f 632 719 720
f 632 720 633
f 633 720 721
f 633 721 634
f 634 721 722
f 634 722 723
f 634 723 635
f 635 723 636
f 636 723 724
f 636 724 637
f 637 724 725
f 637 725 726
f 637 726 727
f 637 727 638
f 638 727 728
f 638 728 729
f 638 729 639
f 639 729 640
f 640 729 641
f 641 729 732
f 641 732 730
f 641 730 642
f 642 730 643
f 643 730 732
f 643 732 731
f 644 733 645
f 645 734 735
f 645 735 646
f 645 733 734
f 646 735 647
f 647 735 736
f 647 736 648
f 648 736 737
f 648 737 738
f 648 738 649
f 649 738 739
f 649 739 650
f 650 739 651
f 651 739 740
f 651 740 741
f 651 741 652
f 652 654 653
f 652 741 742
f 652 742 654
f 654 742 655
f 655 742 743
f 655 743 744
f 655 744 745
f 655 745 656
f 656 745 746
f 657 746 658
f 658 746 747
f 658 747 659
f 659 747 748
f 659 748 749
f 659 749 750
f 659 750 660
f 660 750 751
f 660 751 662
f 661 662 663
f 662 664 663
f 662 751 752
f 662 752 753
f 662 753 754
f 662 754 755
f 662 755 664
f 664 755 756
f 664 756 666
f 666 756 757
f 666 757 758
f 666 758 667
f 667 759 760
f 667 760 668
f 667 758 757
f 667 757 759
f 668 760 669
f 669 760 761
f 669 761 762
f 669 762 763
f 669 763 670
f 670 764 673
f 670 673 671
f 670 763 765
f 670 765 766
f 670 766 860
f 670 860 764
f 673 764 767
f 673 767 674
f 674 767 675
f 675 767 768
f 675 768 677
f 677 768 769
f 677 769 770
f 677 770 678
f 679 771 772
f 679 772 680
f 680 772 773
f 680 773 681
f 681 773 682
f 682 684 683
f 682 773 774
f 682 774 775
f 682 775 776
f 682 776 684
f 684 776 685
f 685 776 777
f 685 777 686
f 686 778 687
f 686 777 778
f 687 778 779
f 687 779 688
f 688 780 781
f 688 781 689
f 688 779 782
f 688 782 783
f 688 783 784
f 688 784 780
f 689 781 690
f 690 781 691
f 691 781 785
f 691 785 692
f 692 785 786
f 692 786 693
f 693 786 787
f 693 787 788
f 693 788 789
f 693 789 790
f 693 790 694
f 694 790 695
f 695 790 789
f 695 789 791
f 695 791 696
f 696 791 792
f 696 792 698
f 696 698 697
f 698 792 793
f 698 793 794
f 698 794 795
f 698 795 699
f 699 795 700
f 700 702 701
f 700 795 794
f 700 794 796
f 700 796 797
f 700 797 702
f 702 797 706
f 702 706 703
f 704 798 799
f 704 799 800
f 704 800 705
f 704 706 798
f 705 800 707
f 706 797 801
f 706 801 802
f 706 802 798
f 707 803 709
f 707 800 803
f 708 709 804
f 708 804 805
f 708 805 806
f 708 806 710
f 709 803 804
f 710 806 807
f 710 807 808
f 710 808 711
f 711 808 809
f 711 809 810
f 711 810 712
f 712 810 714
f 712 714 713
f 714 810 715
f 715 811 812
f 715 812 716
f 715 810 811
f 716 812 813
f 716 813 814
f 716 814 815
f 716 815 717
f 717 815 816
f 717 816 718
f 718 816 719
f 719 816 720
f 720 816 817
f 720 817 818
f 720 818 819
f 720 819 820
f 720 820 721
f 721 820 722
f 722 820 821
f 722 821 822
f 722 822 723
f 723 822 823
f 723 823 724
f 724 823 824
f 724 824 725
f 725 824 726
f 726 824 727
f 727 824 728
f 728 824 825
f 728 825 826
f 728 826 827
f 728 827 729
f 729 827 732
f 731 828 829
f 731 732 827
f 731 827 828
f 733 830 734
f 734 831 832
f 734 832 735
f 734 830 833
f 734 833 831
f 735 832 834
f 735 834 736
f 736 834 835
f 736 835 737
f 737 835 836
f 737 836 738
f 738 836 837
f 738 837 739
f 739 837 838
f 739 838 839
f 739 839 740
f 740 839 741
f 741 839 840
f 741 840 841
f 741 841 742
f 742 842 743
f 742 841 842
f 743 842 843
f 743 843 844
f 743 844 744
f 744 844 745
f 745 747 746
f 745 844 845
f 745 845 747
f 747 845 846
f 747 846 748
f 748 846 847
f 748 847 749
f 749 847 848
f 749 848 750
f 750 848 752
f 750 752 751
f 752 848 849
f 752 849 753
f 753 849 754
f 754 850 756
f 754 756 755
f 754 849 851
f 754 851 852
f 754 852 853
f 754 853 850
f 756 850 757
f 757 850 853
f 757 853 854
f 757 854 855
f 757 855 759
f 759 855 856
f 759 856 857
f 759 857 760
f 760 857 856
f 760 856 761
f 761 856 858
f 761 858 859
f 761 859 763
f 761 763 762
f 763 859 765
f 764 860 768
f 764 768 767
f 765 861 766
f 765 859 862
f 765 862 863
f 765 863 864
f 765 864 865
f 765 865 866
f 765 866 867
f 765 867 861
f 766 861 868
f 766 868 860
f 768 869 770
f 768 770 769
f 768 860 868
f 768 868 870
f 768 870 869
f 770 869 870
f 770 870 871
f 771 872 873
f 771 873 772
f 772 873 774
f 772 774 773
f 774 873 874
f 774 874 775
f 775 875 876
f 775 876 776
f 775 874 875
f 776 876 877
f 776 877 878
f 776 878 778
f 776 778 777
f 778 878 879
f 778 879 779
f 779 879 782
f 780 784 880
f 780 880 881
f 780 881 781
f 781 881 785
f 782 882 783
f 782 879 882
f 783 882 883
f 783 883 884
f 783 884 885
f 783 885 886
f 783 886 784
f 784 886 880
f 785 881 887
f 785 887 888
f 785 888 787
f 785 787 786
f 787 887 889
f 787 889 890
f 787 890 891
f 787 891 892
f 787 892 893
f 787 893 789
f 787 789 788
f 787 888 887
f 789 893 892
f 789 892 894
f 789 894 895
f 789 895 792
f 789 792 791
f 792 895 896
f 792 896 793
f 793 896 794
f 794 896 897
f 794 897 898
f 794 898 899
f 794 899 900
f 794 900 801
f 794 801 796
f 796 801 797
f 798 802 799
f 799 803 800
f 799 802 901
f 799 901 902
f 799 902 803
f 801 900 802
f 802 899 903
f 802 903 904
f 802 904 901
f 802 900 899
f 803 905 804
f 803 902 905
f 804 906 805
f 804 905 906
f 805 907 806
f 805 906 907
f 806 907 908
f 806 908 909
f 806 909 807
f 807 909 910
f 807 910 911
f 807 911 912
f 807 912 808
f 808 912 913
f 808 913 809
f 809 913 914
f 809 914 810
f 810 914 811
f 811 914 915
f 811 915 916
f 811 916 812
f 812 916 917
f 812 917 813
f 813 917 918
f 813 918 919
f 813 919 814
f 814 919 920
f 814 920 921
f 814 921 815
f 815 921 922
f 815 922 816
f 816 922 923
f 816 923 817
f 817 923 924
f 817 924 818
f 818 924 819
f 819 924 820
f 820 924 925
f 820 925 926
f 820 926 927
f 820 927 821
f 821 927 928
f 821 928 929
f 821 929 822
f 822 929 930
f 822 930 823
f 823 930 931
f 823 931 932
f 823 932 824
f 824 932 825
f 825 932 826
f 826 932 933
f 826 933 827
f 827 933 934
f 827 934 935
f 827 935 936
f 827 936 828
f 828 936 829
f 829 937 938
f 829 938 939
f 829 936 935
f 829 935 937
f 831 940 832
f 831 833 941
f 831 941 1064
f 831 1064 940
f 832 942 943
f 832 943 834
f 832 940 942
f 834 943 944
f 834 944 835
f 835 944 945
f 835 945 836
f 836 945 837
f 837 945 946
f 837 946 947
f 837 947 838
f 838 947 948
f 838 948 839
f 839 948 949
f 839 949 840
f 840 949 950
f 840 950 841
f 841 950 951
f 841 951 952
f 841 952 842
f 842 952 843
f 843 952 953
f 843 953 844
f 844 953 954
f 844 954 955
f 844 955 845
f 845 955 956
f 845 956 846
f 846 956 847
f 847 956 957
f 847 957 958
f 847 958 848
f 848 958 959
f 848 959 960
f 848 960 849
f 849 960 959
f 849 959 961
f 849 961 851
f 851 961 962
f 851 962 963
f 851 963 852
f 852 963 962
f 852 962 964
f 852 964 965
f 852 965 853
f 853 965 854
f 854 965 966
f 854 966 855
f 855 966 965
f 855 965 967
f 855 967 968
f 855 968 969
f 855 969 856
f 856 969 858
f 858 969 970
f 858 970 971
f 858 971 859
f 859 971 972
f 859 972 863
f 859 863 862
f 861 867 973
f 861 973 868
f 863 972 864
f 864 972 974
f 864 974 975
f 864 975 976
f 864 976 865
f 865 977 978
f 865 978 979
f 865 979 866
f 865 976 980
f 865 980 981
f 865 981 982
f 865 982 983
f 865 983 984
f 865 984 985
f 865 985 977
f 866 979 986
f 866 986 867
f 867 986 973
f 868 987 988
f 868 988 989
f 868 989 990
f 868 990 870
f 868 973 987
f 870 990 871
f 871 990 991
f 872 992 993
f 872 993 873
f 873 993 874
f 874 993 875
f 875 994 995
f 875 995 996
f 875 996 876
f 875 993 994
f 876 996 877
f 877 879 878
f 877 996 997
f 877 997 998
f 877 998 999
f 877 999 879
f 879 999 1000
f 879 1000 882
f 880 886 887
f 880 887 881
f 882 1000 883
f 883 1000 1001
f 883 1001 884
f 884 1002 1003
f 884 1003 1004
f 884 1004 1005
f 884 1005 885
f 884 1001 1006
f 884 1006 1007
f 884 1007 1002
f 885 1005 886
f 886 1008 887
f 886 1005 1008
f 887 1008 1009
f 887 1009 1010
f 887 1010 889
f 889 1010 890
f 890 892 891
f 890 1010 1009
f 890 1009 1011
f 890 1011 1012
f 890 1012 1013
f 890 1013 892
f 892 1013 1014
f 892 1014 1015
f 892 1015 1016
f 892 1016 894
f 894 1016 895
f 895 1016 896
f 896 1016 1017
f 896 1017 897
f 897 1017 898
f 898 1017 1018
f 898 1018 1019
f 898 1019 1020
f 898 1020 1021
f 898 1021 903
f 898 903 899
f 901 904 902
f 902 1022 1023
f 902 1023 1024
f 902 1024 906
f 902 906 905
f 902 904 1022
f 903 1021 904
f 904 1021 1020
f 904 1020 1025
f 904 1025 1022
f 906 1024 907
f 907 1024 1026
f 907 1026 908
f 908 1026 1027
f 908 1027 909
f 909 1027 1028
f 909 1028 910
f 910 1028 1029
f 910 1029 1030
f 910 1030 1031
f 910 1031 911
f 911 1031 1032
f 911 1032 912
f 912 1032 1033
f 912 1033 1034
f 912 1034 913
f 913 1034 1035
f 913 1035 915
f 913 915 914
f 915 1035 1036
f 915 1036 916
f 916 1036 917
f 917 1037 1038
f 917 1038 1039
f 917 1039 918
f 917 1036 1037
f 918 1039 1040
f 918 1040 919
f 919 1040 1041
f 919 1041 920
f 920 1041 921
f 921 1041 1042
f 921 1042 1043
f 921 1043 922
f 922 1043 1044
f 922 1044 1045
f 922 1045 923
f 923 1045 1046
f 923 1046 924
f 924 1046 1047
f 924 1047 1048
f 924 1048 925
f 925 1048 926
f 926 1048 1049
f 926 1049 927
f 927 1049 928
f 928 1049 929
f 929 1049 1050
f 929 1050 1051
f 929 1051 930
f 930 1051 1052
f 930 1052 1053
f 930 1053 1054
f 930 1054 931
f 931 1054 1055
f 931 1055 932
f 932 1055 1056
f 932 1056 1057
f 932 1057 933
f 933 1057 1058
f 933 1058 934
f 934 1058 937
f 934 937 935
f 937 1058 938
f 938 1059 1060
f 938 1060 1061
f 938 1061 939
f 938 1058 1057
f 938 1057 1062
f 938 1062 1059
f 940 1063 1065
f 940 1065 942
f 940 1064 1063
f 942 1065 1066
f 942 1066 943
f 943 1066 944
f 944 1066 1067
f 944 1067 1068
f 944 1068 945
f 945 1068 1069
f 945 1069 946
f 946 1069 1070
f 946 1070 1071
f 946 1071 947
f 947 1071 948
f 948 1071 1072
f 948 1072 949
f 949 1073 950
f 949 1072 1074
f 949 1074 1075
f 949 1075 1073
f 950 1073 951
f 951 1073 1076
f 951 1076 952
f 952 1076 1075
f 952 1075 1077
f 952 1077 1078
f 952 1078 1079
f 952 1079 1080
f 952 1080 953
f 953 1080 1081
f 953 1081 954
f 954 1081 1212
f 954 1212 1082
f 954 1082 955
f 955 1082 956
f 956 1082 957
f 957 1082 1083
f 957 1083 1084
f 957 1084 1085
f 957 1085 1086
f 957 1086 958
f 958 1086 1085
f 958 1085 1087
f 958 1087 959
f 959 1087 1085
f 959 1085 1088
f 959 1088 1089
f 959 1089 1090
f 959 1090 1091
f 959 1091 961
f 961 1090 1092
f 961 1092 962
f 961 1091 1090
f 962 1092 964
f 964 1092 1093
f 964 1093 1094
f 964 1094 965
f 965 1094 1095
f 965 1095 1096
f 965 1096 1097
f 965 1097 967
f 967 1097 968
f 968 1098 969
f 968 1097 1098
f 969 1098 1099
f 969 1099 1100
f 969 1100 1101
f 969 1101 1102
f 969 1102 972
f 969 972 971
f 969 971 970
f 972 1102 1103
f 972 1103 1104
f 972 1104 974
f 973 986 979
f 973 979 1105
f 973 1105 987
f 974 1104 1106
f 974 1106 1107
f 974 1107 1108
f 974 1108 980
f 974 980 976
f 974 976 975
f 977 985 1109
f 977 1109 978
f 978 1110 1105
f 978 1105 979
f 978 1109 1110
f 980 1108 981
f 981 1108 982
f 982 1108 1111
f 982 1111 1112
f 982 1112 983
f 983 1113 984
f 983 1112 1111
f 983 1111 1114
f 983 1114 1115
f 983 1115 1116
f 983 1116 1117
f 983 1117 1118
f 983 1118 1113
f 984 1113 1109
f 984 1109 1119
f 984 1119 985
f 985 1119 1109
f 987 1105 1120
f 987 1120 988
f 988 1121 1110
f 988 1110 1122
f 988 1122 1123
f 988 1123 1124
f 988 1124 1125
f 988 1125 1126
f 988 1126 1127
f 988 1127 989
f 988 1120 1105
f 988 1105 1121
f 989 1127 1268
f 989 1268 1128
f 989 1128 991
f 989 991 990
f 992 1129 994
f 992 994 993
f 994 1130 1131
f 994 1131 1132
f 994 1132 1133
f 994 1133 995
f 994 1129 1130
f 995 1133 1134
f 995 1134 1135
f 995 1135 996
f 996 1135 997
f 997 1135 1136
f 997 1136 998
f 998 1136 1137
f 998 1137 1138
f 998 1138 1139
f 998 1139 1000
f 998 1000 999
f 1000 1139 1001
f 1001 1140 1006
f 1001 1139 1140
f 1002 1007 1003
f 1003 1007 1141
f 1003 1141 1142
f 1003 1142 1143
f 1003 1143 1144
f 1003 1144 1145
f 1003 1145 1146
f 1003 1146 1147
f 1003 1147 1005
f 1003 1005 1004
f 1005 1147 1009
f 1005 1009 1008
f 1006 1148 1149
f 1006 1149 1150
f 1006 1150 1007
f 1006 1140 1148
f 1007 1150 1151
f 1007 1151 1141
f 1009 1147 1146
f 1009 1146 1011
f 1011 1146 1152
f 1011 1152 1012
f 1012 1152 1153
f 1012 1153 1013
f 1013 1153 1014
f 1014 1153 1154
f 1014 1154 1015
f 1015 1154 1018
f 1015 1018 1016
f 1016 1018 1017
f 1018 1154 1155
f 1018 1155 1019
f 1019 1155 1156
f 1019 1156 1020
f 1020 1156 1157
f 1020 1157 1025
f 1022 1025 1158
f 1022 1158 1023
f 1023 1158 1159
f 1023 1159 1160
f 1023 1160 1024
f 1024 1160 1026
f 1025 1157 1158
f 1026 1160 1161
f 1026 1161 1027
f 1027 1161 1028
f 1028 1162 1163
f 1028 1163 1029
f 1028 1161 1162
f 1029 1163 1164
f 1029 1164 1030
f 1030 1164 1165
f 1030 1165 1031
f 1031 1165 1166
f 1031 1166 1167
f 1031 1167 1032
f 1032 1167 1168
f 1032 1168 1033
f 1033 1168 1169
f 1033 1169 1170
f 1033 1170 1034
f 1034 1170 1171
f 1034 1171 1035
f 1035 1171 1172
f 1035 1172 1036
f 1036 1172 1037
f 1037 1172 1171
f 1037 1171 1173
f 1037 1173 1038
f 1038 1173 1174
f 1038 1174 1040
f 1038 1040 1039
f 1040 1174 1175
f 1040 1175 1176
f 1040 1176 1177
f 1040 1177 1178
f 1040 1178 1041
f 1041 1178 1179
f 1041 1179 1042
f 1042 1179 1043
f 1043 1179 1180
f 1043 1180 1044
f 1044 1180 1045
f 1045 1180 1181
f 1045 1181 1182
f 1045 1182 1046
f 1046 1182 1183
f 1046 1183 1184
f 1046 1184 1047
f 1047 1184 1185
f 1047 1185 1048
f 1048 1185 1186
f 1048 1186 1187
f 1048 1187 1049
f 1049 1187 1188
f 1049 1188 1050
f 1050 1188 1189
f 1050 1189 1051
f 1051 1189 1052
f 1052 1189 1053
f 1053 1189 1054
f 1054 1189 1190
f 1054 1190 1055
f 1055 1190 1191
f 1055 1191 1056
f 1056 1191 1192
f 1056 1192 1193
f 1056 1193 1057
f 1057 1193 1062
f 1059 1062 1193
f 1059 1193 1194
f 1059 1194 1195
f 1059 1195 1196
f 1059 1196 1060
f 1063 1197 1199
f 1063 1199 1065
f 1063 1064 1198
f 1063 1198 1333
f 1063 1333 1197
f 1065 1199 1066
f 1066 1199 1200
f 1066 1200 1201
f 1066 1201 1067
f 1067 1201 1068
f 1068 1201 1202
f 1068 1202 1069
f 1069 1202 1203
f 1069 1203 1204
f 1069 1204 1070
f 1070 1204 1205
f 1070 1205 1071
f 1071 1205 1072
f 1072 1205 1206
f 1072 1206 1207
f 1072 1207 1074
f 1073 1075 1076
f 1074 1207 1075
f 1075 1207 1208
f 1075 1208 1209
f 1075 1209 1210
f 1075 1210 1211
f 1075 1211 1078
f 1075 1078 1077
f 1078 1211 1079
f 1079 1212 1081
f 1079 1081 1080
f 1079 1211 1213
f 1079 1213 1350
f 1079 1350 1214
f 1079 1214 1212
f 1082 1212 1083
f 1083 1212 1215
f 1083 1215 1216
f 1083 1216 1084
f 1084 1216 1085
f 1085 1216 1217
f 1085 1217 1218
f 1085 1218 1219
f 1085 1219 1088
f 1088 1219 1220
f 1088 1220 1089
f 1089 1220 1090
f 1090 1221 1092
f 1090 1220 1221
f 1092 1221 1222
f 1092 1222 1223
f 1092 1223 1093
f 1093 1223 1224
f 1093 1224 1225
f 1093 1225 1226
f 1093 1226 1227
f 1093 1227 1095
f 1093 1095 1094
f 1095 1227 1096
f 1096 1227 1228
f 1096 1228 1229
f 1096 1229 1097
f 1097 1230 1231
f 1097 1231 1232
f 1097 1232 1099
f 1097 1099 1098
f 1097 1229 1230
f 1099 1232 1233
f 1099 1233 1100
f 1100 1233 1232
f 1100 1232 1234
f 1100 1234 1101
f 1101 1106 1104
f 1101 1104 1102
f 1101 1234 1235
f 1101 1235 1236
f 1101 1236 1237
f 1101 1237 1238
f 1101 1238 1106
f 1102 1104 1103
f 1105 1110 1121
f 1106 1238 1239
f 1106 1239 1107
f 1107 1240 1108
f 1107 1239 1240
f 1108 1240 1241
f 1108 1241 1242
f 1108 1242 1243
f 1108 1243 1244
f 1108 1244 1245
f 1108 1245 1111
f 1109 1246 1247
f 1109 1247 1248
f 1109 1248 1249
f 1109 1249 1250
f 1109 1250 1122
f 1109 1122 1110
f 1109 1113 1251
f 1109 1251 1246
f 1111 1245 1114
f 1113 1118 1252
f 1113 1252 1251
f 1114 1245 1115
f 1115 1245 1116
f 1116 1245 1253
f 1116 1253 1117
f 1117 1253 1254
f 1117 1254 1255
f 1117 1255 1256
f 1117 1256 1257
f 1117 1257 1258
f 1117 1258 1259
f 1117 1259 1260
f 1117 1260 1118
f 1118 1260 1261
f 1118 1261 1251
f 1118 1251 1252
f 1122 1250 1262
f 1122 1262 1123
f 1123 1262 1263
f 1123 1263 1264
f 1123 1264 1265
f 1123 1265 1124
f 1124 1265 1125
f 1125 1265 1266
f 1125 1266 1267
f 1125 1267 1126
f 1126 1267 1268
f 1126 1268 1127
f 1132 1269 1134
f 1132 1134 1133
f 1134 1269 1270
f 1134 1270 1135
f 1135 1270 1271
f 1135 1271 1136
f 1136 1271 1272
f 1136 1272 1273
f 1136 1273 1137
f 1137 1273 1138
f 1138 1274 1148
f 1138 1148 1140
f 1138 1140 1139
f 1138 1273 1274
f 1141 1151 1142
f 1142 1144 1143
f 1142 1151 1275
f 1142 1275 1276
f 1142 1276 1277
f 1142 1277 1144
f 1144 1278 1279
f 1144 1279 1146
f 1144 1146 1145
f 1144 1277 1280
f 1144 1280 1281
f 1144 1281 1278
f 1146 1279 1152
f 1148 1282 1283
f 1148 1283 1149
f 1148 1274 1282
f 1149 1283 1284
f 1149 1284 1150
f 1150 1284 1285
f 1150 1285 1151
f 1151 1285 1275
f 1152 1279 1278
f 1152 1278 1286
f 1152 1286 1153
f 1153 1286 1287
f 1153 1287 1288
f 1153 1288 1154
f 1154 1288 1289
f 1154 1289 1155
f 1155 1289 1156
f 1156 1289 1290
f 1156 1290 1291
f 1156 1291 1157
f 1157 1291 1158
f 1158 1292 1159
f 1158 1291 1292
f 1159 1293 1294
f 1159 1294 1160
f 1159 1292 1293
f 1160 1294 1295
f 1160 1295 1161
f 1161 1295 1296
f 1161 1296 1162
f 1162 1296 1297
f 1162 1297 1163
f 1163 1297 1298
f 1163 1298 1164
f 1164 1298 1299
f 1164 1299 1165
f 1165 1299 1300
f 1165 1300 1301
f 1165 1301 1166
f 1166 1301 1302
f 1166 1302 1167
f 1167 1302 1168
f 1168 1302 1303
f 1168 1303 1169
f 1169 1304 1170
f 1169 1303 1427
f 1169 1427 1304
f 1170 1304 1428
f 1170 1428 1305
f 1170 1305 1171
f 1171 1305 1173
f 1173 1306 1174
f 1173 1305 1175
f 1173 1175 1306
f 1174 1306 1175
f 1175 1307 1308
f 1175 1308 1309
f 1175 1309 1310
f 1175 1310 1311
f 1175 1311 1312
f 1175 1312 1178
f 1175 1178 1177
f 1175 1177 1176
f 1175 1305 1307
f 1178 1312 1313
f 1178 1313 1314
f 1178 1314 1179
f 1179 1314 1315
f 1179 1315 1180
f 1180 1315 1316
f 1180 1316 1181
f 1181 1316 1182
f 1182 1316 1317
f 1182 1317 1318
f 1182 1318 1183
f 1183 1318 1184
f 1184 1318 1185
f 1185 1318 1319
f 1185 1319 1186
f 1186 1319 1187
f 1187 1319 1320
f 1187 1320 1321
f 1187 1321 1322
f 1187 1322 1188
f 1188 1322 1189
f 1189 1322 1323
f 1189 1323 1324
f 1189 1324 1190
f 1190 1324 1325
f 1190 1325 1191
f 1191 1325 1192
f 1192 1325 1326
f 1192 1326 1194
f 1192 1194 1193
f 1194 1326 1327
f 1194 1327 1195
f 1195 1327 1328
f 1195 1328 1329
f 1195 1329 1196
f 1196 1329 1330
f 1197 1331 1332
f 1197 1332 1199
f 1197 1333 1456
f 1197 1456 1331
f 1199 1332 1334
f 1199 1334 1200
f 1200 1334 1201
f 1201 1334 1335
f 1201 1335 1336
f 1201 1336 1202
f 1202 1336 1337
f 1202 1337 1203
f 1203 1337 1338
f 1203 1338 1204
f 1204 1338 1339
f 1204 1339 1205
f 1205 1339 1340
f 1205 1340 1206
f 1206 1340 1341
f 1206 1341 1342
f 1206 1342 1343
f 1206 1343 1344
f 1206 1344 1207
f 1207 1343 1345
f 1207 1345 1208
f 1207 1344 1343
f 1208 1345 1209
f 1209 1345 1346
f 1209 1346 1347
f 1209 1347 1210
f 1210 1347 1348
f 1210 1348 1211
f 1211 1348 1213
f 1212 1214 1349
f 1212 1349 1215
f 1213 1348 1350
f 1214 1350 1349
f 1215 1349 1351
f 1215 1351 1216
f 1216 1351 1352
f 1216 1352 1217
f 1217 1352 1353
f 1217 1353 1218
f 1218 1354 1355
f 1218 1355 1219
f 1218 1353 1354
f 1219 1355 1220
f 1220 1355 1221
f 1221 1355 1356
f 1221 1356 1222
f 1222 1356 1357
f 1222 1357 1223
f 1223 1357 1358
f 1223 1358 1224
f 1224 1358 1225
f 1225 1358 1359
f 1225 1359 1360
f 1225 1360 1226
f 1226 1360 1361
f 1226 1361 1227
f 1227 1361 1228
f 1228 1361 1362
f 1228 1362 1229
f 1229 1362 1230
f 1230 1362 1363
f 1230 1363 1231
f 1231 1363 1362
f 1231 1362 1364
f 1231 1364 1365
f 1231 1365 1232
f 1232 1365 1234
f 1234 1365 1366
f 1234 1366 1235
f 1235 1366 1236
f 1236 1366 1367
f 1236 1367 1237
f 1237 1367 1366
f 1237 1366 1368
f 1237 1368 1369
f 1237 1369 1238
f 1238 1369 1240
f 1238 1240 1239
f 1240 1242 1241
f 1240 1369 1370
f 1240 1370 1242
f 1242 1370 1243
f 1243 1370 1244
f 1244 1370 1245
f 1245 1371 1372
f 1245 1372 1254
f 1245 1254 1253
f 1245 1370 1373
f 1245 1373 1371
f 1246 1374 1375
f 1246 1375 1376
f 1246 1376 1377
f 1246 1377 1378
f 1246 1378 1247
f 1246 1251 1374
f 1247 1378 1248
f 1248 1378 1249
f 1249 1262 1250
f 1249 1378 1262
f 1251 1261 1260
f 1251 1260 1259
f 1251 1259 1379
f 1251 1379 1380
f 1251 1380 1381
f 1251 1381 1382
f 1251 1382 1374
f 1254 1372 1255
f 1255 1372 1383
f 1255 1383 1256
f 1256 1384 1385
f 1256 1385 1386
f 1256 1386 1257
f 1256 1383 1384
f 1257 1387 1258
f 1257 1386 1387
f 1258 1387 1259
f 1259 1387 1379
f 1262 1378 1388
f 1262 1388 1263
f 1269 1389 1270
f 1270 1389 1390
f 1270 1390 1391
f 1270 1391 1392
f 1270 1392 1271
f 1271 1392 1272
f 1272 1392 1393
f 1272 1393 1394
f 1272 1394 1273
f 1273 1394 1395
f 1273 1395 1396
f 1273 1396 1274
f 1274 1396 1282
f 1275 1285 1397
f 1275 1397 1398
f 1275 1398 1276
f 1276 1399 1400
f 1276 1400 1280
f 1276 1280 1277
f 1276 1398 1399
f 1278 1287 1286
f 1278 1281 1401
f 1278 1401 1402
f 1278 1402 1287
f 1280 1400 1403
f 1280 1403 1404
f 1280 1404 1281
f 1281 1404 1401
f 1282 1405 1283
f 1282 1396 1405
f 1283 1405 1406
f 1283 1406 1386
f 1283 1386 1385
f 1283 1385 1284
f 1284 1385 1384
f 1284 1384 1285
f 1285 1384 1397
f 1287 1289 1288
f 1287 1402 1407
f 1287 1407 1408
f 1287 1408 1289
f 1289 1408 1409
f 1289 1409 1290
f 1290 1409 1410
f 1290 1410 1291
f 1291 1410 1411
f 1291 1411 1292
f 1292 1411 1293
f 1293 1411 1412
f 1293 1412 1413
f 1293 1413 1414
f 1293 1414 1294
f 1294 1414 1415
f 1294 1415 1295
f 1295 1415 1296
f 1296 1415 1416
f 1296 1416 1297
f 1297 1416 1417
f 1297 1417 1418
f 1297 1418 1419
f 1297 1419 1420
f 1297 1420 1298
f 1298 1420 1299
f 1299 1420 1300
f 1300 1421 1302
f 1300 1302 1301
f 1300 1420 1422
f 1300 1422 1423
f 1300 1423 1421
f 1302 1421 1424
f 1302 1424 1303
f 1303 1425 1426
f 1303 1426 1427
f 1303 1424 1425
f 1304 1427 1429
f 1304 1429 1428
f 1305 1428 1307
f 1307 1428 1429
f 1307 1429 1430
f 1307 1430 1431
f 1307 1431 1308
f 1308 1431 1432
f 1308 1432 1309
f 1309 1433 1434
f 1309 1434 1311
f 1309 1311 1310
f 1309 1432 1433
f 1311 1434 1435
f 1311 1435 1314
f 1311 1314 1436
f 1311 1436 1313
f 1311 1313 1312
f 1313 1436 1314
f 1314 1435 1315
f 1315 1435 1437
f 1315 1437 1316
f 1316 1438 1439
f 1316 1439 1317
f 1316 1437 1438
f 1317 1439 1440
f 1317 1440 1318
f 1318 1440 1441
f 1318 1441 1442
f 1318 1442 1319
f 1319 1442 1443
f 1319 1443 1444
f 1319 1444 1320
f 1320 1444 1321
f 1321 1444 1445
f 1321 1445 1322
f 1322 1445 1446
f 1322 1446 1323
f 1323 1446 1447
f 1323 1447 1324
f 1324 1447 1327
f 1324 1327 1325
f 1325 1327 1326
f 1327 1447 1448
f 1327 1448 1449
f 1327 1449 1328
f 1328 1449 1450
f 1328 1450 1451
f 1328 1451 1329
f 1329 1451 1566
f 1329 1566 1452
f 1329 1452 1453
f 1329 1453 1330
f 1331 1454 1455
f 1331 1455 1332
f 1331 1456 1454
f 1332 1455 1334
f 1334 1455 1457
f 1334 1457 1458
f 1334 1458 1335
f 1335 1458 1459
f 1335 1459 1336
f 1336 1459 1460
f 1336 1460 1337
f 1337 1460 1461
f 1337 1461 1338
f 1338 1461 1462
f 1338 1462 1339
f 1339 1462 1463
f 1339 1463 1340
f 1340 1463 1464
f 1340 1464 1465
f 1340 1465 1341
f 1341 1465 1342
f 1342 1465 1343
f 1343 1465 1466
f 1343 1466 1345
f 1345 1466 1467
f 1345 1467 1468
f 1345 1468 1346
f 1346 1468 1347
f 1347 1468 1469
f 1347 1469 1470
f 1347 1470 1471
f 1347 1471 1348
f 1348 1471 1472
f 1348 1472 1473
f 1348 1473 1350
f 1349 1350 1474
f 1349 1474 1477
f 1349 1477 1351
f 1350 1473 1475
f 1350 1475 1474
f 1351 1476 1352
f 1351 1477 1476
f 1352 1476 1478
f 1352 1478 1353
f 1353 1478 1479
f 1353 1479 1354
f 1354 1479 1480
f 1354 1480 1481
f 1354 1481 1355
f 1355 1481 1482
f 1355 1482 1356
f 1356 1482 1357
f 1357 1482 1483
f 1357 1483 1484
f 1357 1484 1485
f 1357 1485 1358
f 1358 1485 1486
f 1358 1486 1359
f 1359 1486 1487
f 1359 1487 1360
f 1360 1487 1488
f 1360 1488 1361
f 1361 1488 1362
f 1362 1488 1489
f 1362 1489 1490
f 1362 1490 1364
f 1364 1491 1365
f 1364 1490 1491
f 1365 1492 1493
f 1365 1493 1366
f 1365 1491 1490
f 1365 1490 1492
f 1366 1493 1494
f 1366 1494 1368
f 1368 1494 1495
f 1368 1495 1496
f 1368 1496 1369
f 1369 1496 1495
f 1369 1495 1370
f 1370 1495 1497
f 1370 1497 1498
f 1370 1498 1373
f 1371 1373 1498
f 1371 1498 1499
f 1371 1499 1372
f 1372 1499 1383
f 1374 1382 1375
f 1375 1381 1380
f 1375 1380 1379
f 1375 1379 1500
f 1375 1500 1501
f 1375 1501 1502
f 1375 1502 1503
f 1375 1503 1376
f 1375 1382 1381
f 1376 1503 1504
f 1376 1504 1377
f 1377 1504 1505
f 1377 1505 1506
f 1377 1506 1378
f 1378 1506 1507
f 1378 1507 1388
f 1379 1387 1508
f 1379 1508 1509
f 1379 1509 1500
f 1383 1499 1384
f 1384 1499 1397
f 1386 1406 1510
f 1386 1510 1511
f 1386 1511 1387
f 1387 1511 1512
f 1387 1512 1508
f 1391 1513 1392
f 1392 1513 1393
f 1393 1514 1515
f 1393 1515 1516
f 1393 1516 1394
f 1393 1513 1514
f 1394 1516 1395
f 1395 1516 1517
f 1395 1517 1396
f 1396 1517 1518
f 1396 1518 1519
f 1396 1519 1405
f 1397 1499 1398
f 1398 1499 1520
f 1398 1520 1399
f 1399 1520 1521
f 1399 1521 1522
f 1399 1522 1400
f 1400 1522 1403
f 1401 1404 1523
f 1401 1523 1402
f 1402 1523 1407
f 1403 1522 1524
f 1403 1524 1404
f 1404 1524 1525
f 1404 1525 1523
f 1405 1519 1510
f 1405 1510 1406
f 1407 1523 1526
f 1407 1526 1408
f 1408 1526 1409
f 1409 1526 1527
f 1409 1527 1410
f 1410 1527 1528
f 1410 1528 1411
f 1411 1528 1412
f 1412 1528 1529
f 1412 1529 1413
f 1413 1530 1415
f 1413 1415 1414
f 1413 1529 1531
f 1413 1531 1530
f 1415 1530 1532
f 1415 1532 1533
f 1415 1533 1534
f 1415 1534 1416
f 1416 1534 1417
f 1417 1534 1535
f 1417 1535 1418
f 1418 1535 1419
f 1419 1535 1536
f 1419 1536 1420
f 1420 1536 1537
f 1420 1537 1538
f 1420 1538 1539
f 1420 1539 1540
f 1420 1540 1422
f 1421 1423 1541
f 1421 1541 1542
f 1421 1542 1425
f 1421 1425 1424
f 1422 1540 1423
f 1423 1540 1541
f 1425 1542 1426
f 1426 1542 1543
f 1426 1543 1427
f 1427 1543 1544
f 1427 1544 1429
f 1429 1544 1430
f 1430 1544 1545
f 1430 1545 1431
f 1431 1545 1546
f 1431 1546 1432
f 1432 1546 1433
f 1433 1546 1547
f 1433 1547 1548
f 1433 1548 1434
f 1434 1548 1549
f 1434 1549 1550
f 1434 1550 1435
f 1435 1550 1551
f 1435 1551 1437
f 1437 1551 1552
f 1437 1552 1553
f 1437 1553 1438
f 1438 1553 1439
f 1439 1553 1554
f 1439 1554 1440
f 1440 1554 1555
f 1440 1555 1441
f 1441 1555 1556
f 1441 1556 1442
f 1442 1556 1557
f 1442 1557 1443
f 1443 1557 1558
f 1443 1558 1444
f 1444 1558 1559
f 1444 1559 1445
f 1445 1559 1446
f 1446 1559 1560
f 1446 1560 1448
f 1446 1448 1447
f 1448 1561 1562
f 1448 1562 1449
f 1448 1560 1561
f 1449 1562 1450
f 1450 1562 1563
f 1450 1563 1564
f 1450 1564 1451
f 1451 1564 1565
f 1451 1565 1566
f 1454 1567 1455
f 1454 1456 1568
f 1454 1568 1569
f 1454 1569 1567
f 1455 1570 1571
f 1455 1571 1457
f 1455 1567 1570
f 1457 1571 1572
f 1457 1572 1458
f 1458 1573 1574
f 1458 1574 1459
f 1458 1572 1573
f 1459 1574 1575
f 1459 1575 1460
f 1460 1575 1576
f 1460 1576 1577
f 1460 1577 1461
f 1461 1577 1462
f 1462 1577 1578
f 1462 1578 1463
f 1463 1578 1579
f 1463 1579 1580
f 1463 1580 1465
f 1463 1465 1464
f 1465 1580 1581
f 1465 1581 1466
f 1466 1581 1582
f 1466 1582 1467
f 1467 1582 1468
f 1468 1583 1469
f 1468 1582 1584
f 1468 1584 1583
f 1469 1583 1585
f 1469 1585 1586
f 1469 1586 1470
f 1470 1586 1587
f 1470 1587 1471
f 1471 1587 1472
f 1472 1587 1588
f 1472 1588 1589
f 1472 1589 1473
f 1473 1589 1475
f 1474 1475 1590
f 1474 1590 1477
f 1475 1589 1591
f 1475 1591 1590
f 1476 1592 1478
f 1476 1477 1592
f 1477 1590 1592
f 1478 1593 1594
f 1478 1594 1479
f 1478 1592 1593
f 1479 1594 1595
f 1479 1595 1480
f 1480 1595 1705
f 1480 1705 1596
f 1480 1596 1481
f 1481 1596 1482
f 1482 1596 1597
f 1482 1597 1483
f 1483 1598 1599
f 1483 1599 1485
f 1483 1485 1484
f 1483 1597 1598
f 1485 1599 1600
f 1485 1600 1486
f 1486 1600 1487
f 1487 1600 1601
f 1487 1601 1488
f 1488 1601 1602
f 1488 1602 1603
f 1488 1603 1604
f 1488 1604 1605
f 1488 1605 1606
f 1488 1606 1607
f 1488 1607 1490
f 1488 1490 1489
f 1490 1606 1608
f 1490 1608 1609
f 1490 1609 1610
f 1490 1610 1611
f 1490 1611 1612
f 1490 1612 1493
f 1490 1493 1492
f 1490 1607 1613
f 1490 1613 1606
f 1493 1612 1614
f 1493 1614 1494
f 1494 1614 1615
f 1494 1615 1521
f 1494 1521 1616
f 1494 1616 1497
f 1494 1497 1495
f 1497 1616 1498
f 1498 1616 1520
f 1498 1520 1499
f 1500 1617 1502
f 1500 1502 1501
f 1500 1509 1617
f 1502 1504 1503
f 1508 1512 1509
f 1509 1512 1618
f 1509 1618 1619
f 1509 1619 1620
f 1509 1620 1621
f 1509 1621 1617
f 1510 1622 1623
f 1510 1623 1511
f 1510 1519 1622
f 1511 1623 1512
f 1512 1623 1618
f 1515 1624 1516
f 1516 1624 1625
f 1516 1625 1517
f 1517 1625 1626
f 1517 1626 1518
f 1518 1626 1627
f 1518 1627 1622
f 1518 1622 1519
f 1520 1616 1521
f 1521 1615 1522
f 1522 1615 1611
f 1522 1611 1628
f 1522 1628 1524
f 1523 1525 1629
f 1523 1629 1630
f 1523 1630 1526
f 1524 1629 1525
f 1524 1628 1631
f 1524 1631 1632
f 1524 1632 1629
f 1526 1630 1633
f 1526 1633 1527
f 1527 1633 1528
f 1528 1633 1634
f 1528 1634 1529
f 1529 1634 1635
f 1529 1635 1531
f 1530 1531 1636
f 1530 1636 1637
f 1530 1637 1638
f 1530 1638 1532
f 1531 1635 1639
f 1531 1639 1640
f 1531 1640 1636
f 1532 1638 1533
f 1533 1638 1534
f 1534 1638 1641
f 1534 1641 1642
f 1534 1642 1643
f 1534 1643 1536
f 1534 1536 1535
f 1536 1643 1644
f 1536 1644 1537
f 1537 1644 1538
f 1538 1644 1645
f 1538 1645 1539
f 1539 1646 1540
f 1539 1645 1646
f 1540 1646 1647
f 1540 1647 1648
f 1540 1648 1649
f 1540 1649 1541
f 1541 1649 1542
f 1542 1649 1650
f 1542 1650 1651
f 1542 1651 1652
f 1542 1652 1653
f 1542 1653 1654
f 1542 1654 1543
f 1543 1654 1544
f 1544 1654 1655
f 1544 1655 1656
f 1544 1656 1657
f 1544 1657 1658
f 1544 1658 1545
f 1545 1658 1546
f 1546 1658 1659
f 1546 1659 1547
f 1547 1659 1660
f 1547 1660 1661
f 1547 1661 1662
f 1547 1662 1548
f 1548 1662 1549
f 1549 1662 1663
f 1549 1663 1664
f 1549 1664 1550
f 1550 1664 1551
f 1551 1664 1665
f 1551 1665 1552
f 1552 1665 1553
f 1553 1665 1666
f 1553 1666 1554
f 1554 1666 1667
f 1554 1667 1668
f 1554 1668 1556
f 1554 1556 1555
f 1556 1668 1669
f 1556 1669 1557
f 1557 1669 1670
f 1557 1670 1558
f 1558 1670 1671
f 1558 1671 1559
f 1559 1671 1672
f 1559 1672 1561
f 1559 1561 1560
f 1561 1673 1674
f 1561 1674 1562
f 1561 1672 1673
f 1562 1674 1563
f 1563 1674 1675
f 1563 1675 1676
f 1563 1676 1564
f 1564 1676 1677
f 1564 1677 1565
f 1567 1678 1679
f 1567 1679 1570
f 1567 1569 1680
f 1567 1680 1678
f 1570 1679 1681
f 1570 1681 1571
f 1571 1681 1572
f 1572 1681 1682
f 1572 1682 1683
f 1572 1683 1573
f 1573 1683 1574
f 1574 1683 1684
f 1574 1684 1575
f 1575 1684 1685
f 1575 1685 1686
f 1575 1686 1576
f 1576 1686 1577
f 1577 1686 1687
f 1577 1687 1578
f 1578 1687 1688
f 1578 1688 1579
f 1579 1688 1689
f 1579 1689 1580
f 1580 1689 1690
f 1580 1690 1581
f 1581 1690 1691
f 1581 1691 1582
f 1582 1691 1584
f 1583 1692 1585
f 1583 1584 1692
f 1584 1691 1693
f 1584 1693 1694
f 1584 1694 1692
f 1585 1692 1695
f 1585 1695 1586
f 1586 1695 1696
f 1586 1696 1587
f 1587 1696 1697
f 1587 1697 1588
f 1588 1697 1698
f 1588 1698 1589
f 1589 1698 1591
f 1590 1591 1592
f 1591 1698 1699
f 1591 1699 1700
f 1591 1700 1592
f 1592 1700 1593
f 1593 1700 1701
f 1593 1701 1594
f 1594 1701 1702
f 1594 1702 1595
f 1595 1702 1703
f 1595 1703 1704
f 1595 1704 1705
f 1596 1705 1706
f 1596 1706 1597
f 1597 1706 1598
f 1598 1707 1708
f 1598 1708 1599
f 1598 1706 1795
f 1598 1795 1707
f 1599 1708 1600
f 1600 1708 1709
f 1600 1709 1602
f 1600 1602 1601
f 1602 1710 1711
f 1602 1711 1712
f 1602 1712 1713
f 1602 1713 1604
f 1602 1604 1603
f 1602 1709 1710
f 1604 1713 1605
f 1605 1714 1606
f 1605 1713 1714
f 1606 1613 1607
f 1606 1714 1715
f 1606 1715 1716
f 1606 1716 1608
f 1608 1716 1631
f 1608 1631 1717
f 1608 1717 1610
f 1608 1610 1609
f 1610 1717 1611
f 1611 1615 1614
f 1611 1614 1612
f 1611 1717 1628
f 1618 1718 1619
f 1618 1623 1719
f 1618 1719 1718
f 1622 1720 1623
f 1622 1627 1720
f 1623 1720 1721
f 1623 1721 1722
f 1623 1722 1719
f 1628 1717 1631
f 1629 1632 1723
f 1629 1723 1724
f 1629 1724 1633
f 1629 1633 1630
f 1631 1716 1725
f 1631 1725 1632
f 1632 1725 1723
f 1633 1724 1726
f 1633 1726 1634
f 1634 1726 1635
f 1635 1727 1639
f 1635 1726 1727
f 1636 1640 1728
f 1636 1728 1729
f 1636 1729 1637
f 1637 1729 1730
f 1637 1730 1638
f 1638 1730 1641
f 1639 1727 1731
f 1639 1731 1732
f 1639 1732 1640
f 1640 1732 1733
f 1640 1733 1728
f 1641 1730 1734
f 1641 1734 1735
f 1641 1735 1736
f 1641 1736 1642
f 1642 1736 1643
f 1643 1736 1737
f 1643 1737 1644
f 1644 1737 1738
f 1644 1738 1646
f 1644 1646 1645
f 1646 1738 1739
f 1646 1739 1647
f 1647 1739 1740
f 1647 1740 1648
f 1648 1740 1741
f 1648 1741 1742
f 1648 1742 1649
f 1649 1742 1743
f 1649 1743 1650
f 1650 1743 1744
f 1650 1744 1651
f 1651 1744 1652
f 1652 1744 1653
f 1653 1744 1745
f 1653 1745 1746
f 1653 1746 1655
f 1653 1655 1654
f 1655 1746 1656
f 1656 1746 1657
f 1657 1746 1658
f 1658 1746 1660
f 1658 1660 1659
f 1660 1747 1661
f 1660 1746 1748
f 1660 1748 1747
f 1661 1747 1749
f 1661 1749 1750
f 1661 1750 1751
f 1661 1751 1752
f 1661 1752 1662
f 1662 1752 1751
f 1662 1751 1663
f 1663 1751 1753
f 1663 1753 1754
f 1663 1754 1665
f 1663 1665 1664
f 1665 1754 1755
f 1665 1755 1756
f 1665 1756 1667
f 1665 1667 1666
f 1667 1756 1668
f 1668 1756 1757
f 1668 1757 1669
f 1669 1757 1758
f 1669 1758 1759
f 1669 1759 1670
f 1670 1759 1671
f 1671 1759 1760
f 1671 1760 1672
f 1672 1760 1673
f 1673 1761 1762
f 1673 1762 1674
f 1673 1760 1761
f 1674 1762 1675
f 1675 1762 1763
f 1675 1763 1764
f 1675 1764 1676
f 1676 1764 1765
f 1676 1765 1766
f 1676 1766 1677
f 1678 1767 1768
f 1678 1768 1679
f 1678 1680 1769
f 1678 1769 1767
f 1679 1768 1770
f 1679 1770 1681
f 1681 1770 1771
f 1681 1771 1683
f 1681 1683 1682
f 1683 1771 1772
f 1683 1772 1773
f 1683 1773 1684
f 1684 1773 1685
f 1685 1773 1774
f 1685 1774 1686
f 1686 1774 1775
f 1686 1775 1687
f 1687 1775 1776
f 1687 1776 1688
f 1688 1776 1777
f 1688 1777 1689
f 1689 1777 1778
f 1689 1778 1690
f 1690 1778 1779
f 1690 1779 1780
f 1690 1780 1691
f 1691 1780 1781
f 1691 1781 1782
f 1691 1782 1693
f 1692 1782 1783
f 1692 1783 1695
f 1692 1694 1782
f 1693 1782 1694
f 1695 1783 1784
f 1695 1784 1785
f 1695 1785 1696
f 1696 1785 1697
f 1697 1699 1698
f 1697 1785 1786
f 1697 1786 1787
f 1697 1787 1699
f 1699 1787 1788
f 1699 1788 1789
f 1699 1789 1790
f 1699 1790 1700
f 1700 1790 1701
f 1701 1791 1792
f 1701 1792 1702
f 1701 1790 1791
f 1702 1792 1793
f 1702 1793 1703
f 1703 1793 1794
f 1703 1794 1704
f 1704 1794 1795
f 1704 1795 1706
f 1704 1706 1705
f 1707 1796 1708
f 1707 1795 1797
f 1707 1797 1798
f 1707 1798 1799
f 1707 1799 1796
f 1708 1796 1799
f 1708 1799 1800
f 1708 1800 1710
f 1708 1710 1709
f 1710 1800 1799
f 1710 1799 1801
f 1710 1801 1711
f 1711 1802 1712
f 1711 1801 1802
f 1712 1714 1713
f 1712 1802 1803
f 1712 1803 1804
f 1712 1804 1805
f 1712 1805 1715
f 1712 1715 1714
f 1715 1805 1716
f 1716 1805 1725
f 1723 1725 1805
f 1723 1805 1804
f 1723 1804 1806
f 1723 1806 1724
f 1724 1806 1726
f 1726 1806 1727
f 1727 1806 1807
f 1727 1807 1808
f 1727 1808 1731
f 1728 1733 1809
f 1728 1809 1729
f 1729 1809 1810
f 1729 1810 1811
f 1729 1811 1730
f 1730 1811 1812
f 1730 1812 1734
f 1731 1808 1813
f 1731 1813 1732
f 1732 1813 1814
f 1732 1814 1733
f 1733 1814 1840
f 1733 1840 1809
f 1734 1812 1815
f 1734 1815 1735
f 1735 1815 1816
f 1735 1816 1736
f 1736 1816 1737
f 1737 1817 1738
f 1737 1816 1817
f 1738 1817 1818
f 1738 1818 1819
f 1738 1819 1739
f 1739 1819 1786
f 1739 1786 1740
f 1740 1786 1785
f 1740 1785 1820
f 1740 1820 1741
f 1741 1820 1742
f 1742 1820 1784
f 1742 1784 1743
f 1743 1784 1783
f 1743 1783 1744
f 1744 1783 1782
f 1744 1782 1745
f 1745 1782 1781
f 1745 1781 1747
f 1745 1747 1748
f 1745 1748 1746
f 1747 1781 1779
f 1747 1779 1778
f 1747 1778 1749
f 1749 1778 1777
f 1749 1777 1750
f 1750 1777 1776
f 1750 1776 1775
f 1750 1775 1821
f 1750 1821 1753
f 1750 1753 1751
f 1753 1821 1822
f 1753 1822 1754
f 1754 1822 1755
f 1755 1822 1756
f 1756 1822 1823
f 1756 1823 1824
f 1756 1824 1757
f 1757 1824 1758
f 1758 1824 1759
f 1759 1824 1825
f 1759 1825 1760
f 1760 1825 1761
f 1761 1826 1762
f 1761 1825 1827
f 1761 1827 1826
f 1762 1826 1763
f 1763 1770 1768
f 1763 1768 1764
f 1763 1826 1770
f 1764 1768 1767
f 1764 1767 1765
f 1765 1767 1829
f 1765 1829 1828
f 1765 1828 1766
f 1767 1769 1829
f 1770 1826 1771
f 1771 1826 1827
f 1771 1827 1772
f 1772 1827 1830
f 1772 1830 1773
f 1773 1830 1831
f 1773 1831 1832
f 1773 1832 1774
f 1774 1832 1833
f 1774 1833 1834
f 1774 1834 1775
f 1775 1834 1821
f 1779 1781 1780
f 1784 1820 1785
f 1786 1819 1818
f 1786 1818 1787
f 1787 1818 1835
f 1787 1835 1788
f 1788 1835 1789
f 1789 1791 1790
f 1789 1835 1817
f 1789 1817 1836
f 1789 1836 1791
f 1791 1836 1837
f 1791 1837 1792
f 1792 1837 1793
f 1793 1838 1794
f 1793 1837 1838
f 1794 1839 1840
f 1794 1840 1841
f 1794 1841 1795
f 1794 1838 1839
f 1795 1841 1797
f 1797 1840 1814
f 1797 1814 1798
f 1797 1841 1840
f 1798 1814 1799
f 1799 1814 1813
f 1799 1813 1808
f 1799 1808 1801
f 1801 1808 1802
f 1802 1808 1803
f 1803 1808 1807
f 1803 1807 1806
f 1803 1806 1804
f 1809 1840 1810
f 1810 1840 1839
f 1810 1839 1811
f 1811 1839 1838
f 1811 1838 1812
f 1812 1838 1815
f 1815 1838 1837
f 1815 1837 1816
f 1816 1837 1836
f 1816 1836 1817
f 1817 1835 1818
f 1821 1834 1822
f 1822 1834 1823
f 1823 1834 1833
f 1823 1833 1831
f 1823 1831 1842
f 1823 1842 1824
f 1824 1842 1831
f 1824 1831 1830
f 1824 1830 1825
f 1825 1830 1827
f 1831 1833 1832

