# https://github.com/mikedh/trimesh
v -0.13500030 -0.33499974 0.15452817
v -0.12650064 -0.33499974 0.15215170
v -0.13500030 -0.32497036 0.15423915
v -0.14500986 -0.32497036 0.15253708
v -0.14575179 -0.33450723 0.15192690
v -0.13500030 -0.34498441 0.15391800
v -0.12611015 -0.34498441 0.15205535
v -0.12111188 -0.34498441 0.14913294
v -0.12148936 -0.33499974 0.14868334
v -0.12717749 -0.32497036 0.15183055
v -0.12812768 -0.31498569 0.15122038
v -0.13500030 -0.31498569 0.15321147
v -0.14342187 -0.30495629 0.15125251
v -0.15022941 -0.32497036 0.15012848
v -0.15013829 -0.33083576 0.15006426
v -0.14577782 -0.31516480 0.15163788
v -0.15017734 -0.31861240 0.15009639
v -0.14957859 -0.33750713 0.14971101
v -0.14348695 -0.34498441 0.15183055
v -0.14174277 -0.35299897 0.15096346
v -0.13575526 -0.35577497 0.15173420
v -0.13291769 -0.36204338 0.15064234
v -0.12786736 -0.36204338 0.15064234
v -0.12640953 -0.35496902 0.15144518
v -0.12141126 -0.35496902 0.14926142
v -0.11638696 -0.34498441 0.14412311
v -0.11604853 -0.35496902 0.14425156
v -0.11677745 -0.33499974 0.14367351
v -0.11724603 -0.32497036 0.14306334
v -0.11779272 -0.31498569 0.14235681
v -0.12217923 -0.32497036 0.14807317
v -0.12911692 -0.30697113 0.15054598
v -0.12670891 0.02480547 0.10282397
v -0.12686510 0.02480547 0.10292032
v -0.13500030 0.02480547 0.10738422
v -0.14158657 -0.29712081 0.15054598
v -0.14500986 0.02480547 0.10773747
v -0.14963065 -0.31194106 0.14980736
v -0.14519209 0.02480547 0.10767325
v -0.15521467 -0.32497036 0.14633900
v -0.16107202 -0.33499974 0.14091167
v -0.15406923 -0.33450723 0.14656380
v -0.16156663 -0.32497036 0.14132914
v -0.15409526 -0.31516480 0.14688495
v -0.16146250 -0.31498569 0.14123282
v -0.16044722 -0.34149200 0.14036572
v -0.15564421 -0.34489486 0.14341658
v -0.14848523 -0.34498441 0.14897236
v -0.14504892 -0.35577497 0.14778414
v -0.13958205 -0.35967034 0.14987159
v -0.13575526 -0.36522233 0.14855489
v -0.12500377 -0.38295290 0.14174664
v -0.12500377 -0.37498307 0.14563248
v -0.12471741 -0.36522233 0.14881182
v -0.11613965 -0.37498307 0.14261371
v -0.11582725 -0.36499846 0.14383408
v -0.11137567 -0.34498441 0.13821405
v -0.11082898 -0.36499846 0.13898480
v -0.11105026 -0.35496902 0.13866365
v -0.11177918 -0.33499974 0.13773233
v -0.11224777 -0.32497036 0.13721851
v -0.11279445 -0.31498569 0.13670468
v -0.10955338 -0.29497164 0.13050660
v -0.10987879 -0.28883758 0.13012123
v -0.11029531 -0.28216624 0.12967160
v -0.08378106 0.02480547 0.05831341
v -0.10713235 0.02480547 0.08304150
v -0.10722347 0.02480547 0.08313784
v -0.11694666 0.02480547 0.09338234
v -0.12180175 0.02480547 0.09836007
v -0.15499339 -0.30495629 0.14499018
v -0.15475909 0.02480547 0.10320935
v -0.15486322 0.02480547 0.10314512
v -0.15986149 0.02480547 0.09974099
v -0.16656490 -0.32497036 0.13676891
v -0.16607028 -0.33499974 0.13625506
v -0.16646077 -0.31498569 0.13673678
v -0.16081168 -0.30495629 0.14065474
v -0.16580996 -0.30495629 0.13622296
v -0.17050885 -0.34176067 0.13053870
v -0.16497691 -0.34498441 0.13500261
v -0.15941894 -0.34816337 0.13946652
v -0.15283267 -0.35496902 0.14232469
v -0.15102340 -0.36150607 0.14084744
v -0.14520511 -0.36490890 0.14332023
v -0.14200309 -0.37220711 0.14145762
v -0.13524762 -0.37529653 0.14328814
v -0.13207163 -0.38160968 0.14110434
v -0.12500377 -0.38792282 0.13837463
v -0.11500722 -0.39450464 0.13330054
v -0.11768859 -0.38228130 0.14120069
v -0.11114138 -0.37498307 0.13901690
v -0.10805651 -0.39284799 0.13166270
v -0.10692409 -0.38496774 0.13320419
v -0.10757490 -0.34498441 0.13323632
v -0.10790031 -0.33499974 0.13275459
v -0.10825175 -0.32497036 0.13224077
v -0.08378106 -0.40516090 0.10667770
v -0.10864224 -0.31498569 0.13169482
v -0.10907178 -0.30495629 0.13111678
v -0.08378106 -0.16512656 0.08422973
v -0.08378106 0.02480547 -0.17355260
v -0.16510707 0.02480547 0.09534132
v -0.17174540 -0.32497036 0.13179117
v -0.17173238 -0.31498569 0.13172695
v -0.17118570 -0.33499974 0.13124523
v -0.17125078 -0.30495629 0.13121310
v -0.17065203 0.02480547 0.09058838
v -0.18002379 -0.34005922 0.12000518
v -0.16951960 -0.34843200 0.12944680
v -0.17618397 -0.33499974 0.12559310
v -0.16308954 -0.35496902 0.13304362
v -0.15783094 -0.35496902 0.13802135
v -0.16125424 -0.36195379 0.13124523
v -0.15503244 -0.36508799 0.13506684
v -0.14868046 -0.36817741 0.13888845
v -0.14576481 -0.37583381 0.13567701
v -0.13874900 -0.37887844 0.13911325
v -0.13554700 -0.38541549 0.13542008
v -0.13235798 -0.39159429 0.13175905
v -0.12500377 -0.39356437 0.13336477
v -0.11500722 -0.39951932 0.12963951
v -0.10501069 -0.40341470 0.12305605
v -0.08378106 -0.41989160 0.10234226
v -0.08378106 -0.41550374 0.10433335
v -0.10325348 -0.32497036 0.12556097
v -0.08480935 0.02480547 -0.17342415
v -0.08378106 0.01499993 -0.17348838
v -0.08500459 0.01499993 -0.17335993
v -0.17674367 -0.32497036 0.12629959
v -0.17674367 -0.31498569 0.12636384
v -0.17624906 -0.30495629 0.12591425
v -0.17565030 0.02480547 0.08554642
v -0.18050539 0.02480547 0.08053657
v -0.18059650 0.02480547 0.08044023
v -0.18896601 -0.33499974 0.10828342
v -0.18219751 -0.34404415 0.11515591
v -0.17898248 -0.34673059 0.11862426
v -0.18046634 -0.33499974 0.12058324
v -0.18443632 -0.33499974 0.11499533
v -0.17237018 -0.35496902 0.12286336
v -0.16808781 -0.35496902 0.12784109
v -0.18106508 -0.32497036 0.12132186
v -0.17083426 -0.36137176 0.12100073
v -0.16501595 -0.36499846 0.12501502
v -0.15904146 -0.36862516 0.12902933
v -0.15237710 -0.37278914 0.13220865
v -0.14951351 -0.37946051 0.12951106
v -0.14284915 -0.38254994 0.13243344
v -0.13902235 -0.38922128 0.12912568
v -0.13503936 -0.39504194 0.12504715
v -0.13105635 -0.40059394 0.12093651
v -0.12500377 -0.39857906 0.12806588
v -0.11500722 -0.40395200 0.12462965
v -0.08378106 -0.42544359 0.09784624
v -0.08500459 0.02480547 -0.17339206
v -0.08378106 0.00497051 -0.17332780
v -0.09500113 0.01499993 -0.17162576
v -0.09500113 0.02480547 -0.17168999
v -0.08500459 0.00497051 -0.17316723
v -0.09500113 0.00497051 -0.17146519
v -0.18113017 -0.31498569 0.12135399
v -0.18075269 -0.30495629 0.12090438
v -0.18512619 0.02480547 0.07488444
v -0.19186863 -0.33499974 0.10327358
v -0.19093147 -0.34314865 0.10163574
v -0.18815899 -0.34587988 0.10497564
v -0.18964285 -0.32497036 0.10940742
v -0.19257152 -0.32497036 0.10439758
v -0.18131240 -0.35308853 0.11194447
v -0.17783704 -0.35586452 0.11515591
v -0.18571192 -0.32497036 0.11499533
v -0.18590716 -0.31498569 0.11499533
v -0.17989361 -0.35975987 0.10982491
v -0.17317720 -0.36481935 0.11502745
v -0.16876467 -0.36804309 0.11836735
v -0.16210030 -0.37265486 0.12234954
v -0.15587850 -0.37605768 0.12594634
v -0.15939291 -0.37932619 0.11926655
v -0.15272854 -0.38259470 0.12286336
v -0.14599910 -0.38590801 0.12597847
v -0.14914906 -0.38926607 0.11904175
v -0.14248469 -0.39186296 0.12244587
v -0.13772072 -0.39853430 0.11762872
v -0.13463585 -0.40211624 0.11457784
v -0.12480852 -0.40713096 0.11473842
v -0.12500377 -0.40211624 0.12305605
v -0.11500722 -0.40896669 0.11811043
v -0.08378106 -0.42799571 0.09473114
v -0.08378106 -0.42638385 0.09672224
v -0.08378106 -0.00501414 -0.17307091
v -0.08500459 -0.00501414 -0.17294243
v -0.10101467 0.01499993 -0.17027694
v -0.10074133 0.00497051 -0.17021272
v -0.10098864 0.02480547 -0.17034116
v -0.09500113 -0.00501414 -0.17120826
v -0.10032481 -0.00501414 -0.17008427
v -0.18525635 -0.30495629 0.11499533
v -0.18952571 0.02480547 0.06932864
v -0.19794726 -0.32492557 0.09418520
v -0.19612499 -0.33499974 0.09498806
v -0.19296202 -0.34587988 0.09591938
v -0.18994223 -0.34982002 0.09986944
v -0.18977301 -0.31498569 0.10963222
v -0.19276677 -0.31498569 0.10465449
v -0.19776504 -0.31498569 0.09550188
v -0.18386360 -0.35586452 0.10587484
v -0.18948665 -0.30495629 0.10921474
v -0.18883583 -0.35496902 0.09752510
v -0.18183306 -0.36311793 0.10314512
v -0.17988060 -0.36978930 0.09974099
v -0.17860501 -0.36584917 0.10587484
v -0.17123777 -0.37162504 0.11168755
v -0.16536739 -0.37547562 0.11547705
v -0.16863450 -0.37829638 0.10780171
v -0.16195711 -0.38201264 0.11258675
v -0.15564421 -0.38563934 0.11579820
v -0.15189549 -0.39154953 0.11236195
v -0.14498383 -0.39504194 0.11499533
v -0.14081861 -0.40050435 0.11094892
v -0.12799752 -0.40905625 0.10776959
v -0.12133316 -0.41057855 0.11120583
v -0.11500722 -0.41169792 0.11310058
v -0.08378106 -0.43247312 0.08496837
v -0.08378106 -0.01504354 -0.17265341
v -0.08500459 -0.01504354 -0.17252496
v -0.10601294 0.01499993 -0.16873544
v -0.10110579 0.02480547 -0.17030907
v -0.10573960 0.00497051 -0.16863912
v -0.10533609 -0.00501414 -0.16851065
v -0.09332202 -0.02502818 -0.17066231
v -0.09556083 -0.01414806 -0.17072654
v -0.10003845 -0.01025271 -0.16998792
v -0.18959078 0.02480547 0.06923230
v -0.19982162 -0.32823884 0.08956072
v -0.20014703 -0.32156751 0.09029935
v -0.19924890 -0.33499974 0.08798712
v -0.19802536 -0.34476054 0.08464722
v -0.19117877 -0.35496902 0.09254736
v -0.19258454 -0.30495629 0.10420489
v -0.19758281 -0.30495629 0.09534132
v -0.20023814 -0.31498569 0.09049204
v -0.20016004 -0.30495629 0.09033147
v -0.19289693 0.02480547 0.06431880
v -0.19789520 0.02480547 0.05635443
v -0.19007239 -0.36011809 0.09017090
v -0.18498300 -0.36495370 0.09495594
v -0.18145558 -0.37198323 0.09309331
v -0.17768085 -0.37516218 0.09585515
v -0.17067806 -0.38071418 0.10115402
v -0.17308608 -0.37498307 0.10468661
v -0.16467753 -0.38469911 0.10449392
v -0.15855986 -0.38863921 0.10783382
v -0.15513657 -0.39325094 0.10468661
v -0.14800362 -0.39857906 0.10497564
v -0.14986496 -0.39987755 0.09970888
v -0.14300534 -0.40184760 0.10497564
v -0.13451870 -0.40690708 0.10465449
v -0.13086112 -0.41039947 0.10108980
v -0.12480852 -0.41169792 0.10465449
v -0.11500722 -0.41532463 0.10497564
v -0.11494215 -0.41850358 0.09521286
v -0.11823528 -0.41939908 0.08689523
v -0.12012264 -0.42002591 0.08024754
v -0.12092966 -0.42033935 0.07498078
v -0.12195794 -0.42074230 0.06499320
v -0.11500722 -0.42307055 0.06499320
v -0.08378106 -0.43260747 0.07498078
v -0.08378106 -0.02502818 -0.17217168
v -0.08500459 -0.02502818 -0.17204323
v -0.11500722 0.01499993 -0.16552401
v -0.11483801 0.02480547 -0.16562036
v -0.10610406 0.02480547 -0.16873544
v -0.11500722 0.00497051 -0.16533133
v -0.11500722 -0.00501414 -0.16510653
v -0.10403446 -0.01414806 -0.16854277
v -0.10501069 -0.02502818 -0.16770780
v -0.11500722 -0.01504354 -0.16468903
v -0.09189023 -0.03501283 -0.17037329
v -0.09832029 -0.02502818 -0.16963467
v -0.09927049 -0.01692407 -0.16982734
v -0.20161787 -0.32492557 0.08570699
v -0.20530149 -0.32497036 0.07498078
v -0.20109722 -0.33499974 0.08297727
v -0.20251599 -0.31498569 0.08496837
v -0.20038132 -0.34126815 0.08108252
v -0.19935304 -0.34793949 0.07735725
v -0.19414650 -0.35496902 0.08496837
v -0.20074578 0.02480547 0.05134458
v -0.20004290 -0.29918042 0.09007455
v -0.20246392 -0.30495629 0.08496837
v -0.19100957 -0.36181951 0.08496837
v -0.18811995 -0.36678940 0.08496837
v -0.18254896 -0.37516218 0.08413339
v -0.17890438 -0.37865457 0.08692734
v -0.17220098 -0.38228130 0.09498806
v -0.16725476 -0.38729599 0.09498806
v -0.16072057 -0.39060926 0.10115402
v -0.15487623 -0.39745975 0.09582303
v -0.15146597 -0.40099689 0.09306119
v -0.14592101 -0.40359378 0.09582303
v -0.13775976 -0.40874282 0.09498806
v -0.13276149 -0.41133970 0.09498806
v -0.12500377 -0.41474256 0.09498806
v -0.12407961 -0.41765288 0.08413339
v -0.12592793 -0.41836926 0.07498078
v -0.12695621 -0.41877222 0.06499320
v -0.12211414 -0.42078707 0.05497351
v -0.11500722 -0.42320487 0.05497351
v -0.09500113 -0.42777184 0.04498592
v -0.08378106 -0.43180150 0.06499320
v -0.10501069 -0.42602563 0.05497351
v -0.10501069 -0.42557791 0.04498592
v -0.08378106 -0.03501283 -0.17156151
v -0.08500459 -0.03501283 -0.17143306
v -0.12381928 0.01499993 -0.16176662
v -0.12387134 0.02480547 -0.16179875
v -0.11500722 0.02480547 -0.16555613
v -0.12365007 0.00497051 -0.16170239
v -0.12338974 -0.00501414 -0.16157395
v -0.12296020 -0.01504354 -0.16134915
v -0.11500722 -0.02502818 -0.16417521
v -0.10501069 -0.03501283 -0.16709763
v -0.11500722 -0.03501283 -0.16359714
v -0.12242653 -0.02502818 -0.16112435
v -0.09070574 -0.04186328 -0.17011636
v -0.09688850 -0.03501283 -0.16934562
v -0.20613454 -0.31498569 0.07498078
v -0.20780063 -0.32497036 0.06499320
v -0.20357032 -0.33499974 0.07498078
v -0.20899813 -0.31435886 0.06409400
v -0.20626470 -0.30495629 0.07498078
v -0.20108420 -0.34476054 0.07440272
v -0.20016004 -0.35035729 0.07067745
v -0.19759583 -0.35420787 0.07440272
v -0.20081086 0.02480547 0.05121612
v -0.20173502 -0.29550895 0.08577123
v -0.20381764 0.02480547 0.04498592
v -0.20800889 0.02480547 0.03499835
v -0.20597833 -0.29497164 0.07498078
v -0.19201182 -0.36535665 0.07417792
v -0.18935649 -0.36893857 0.07693976
v -0.18008886 -0.38008735 0.08024754
v -0.16893387 -0.38899741 0.08712003
v -0.16224349 -0.39190775 0.09498806
v -0.15811731 -0.39857906 0.08496837
v -0.15310602 -0.40211624 0.08496837
v -0.14445016 -0.40753391 0.08522528
v -0.13949093 -0.40972787 0.08872575
v -0.13569017 -0.41227996 0.08522528
v -0.13500030 -0.41429481 0.07498078
v -0.12711242 -0.41881701 0.05497351
v -0.13500030 -0.41514552 0.06499320
v -0.13500030 -0.41527987 0.05497351
v -0.12151539 -0.42056322 0.04498592
v -0.11500722 -0.42275715 0.04498592
v -0.09500113 -0.42678681 0.03499835
v -0.08378106 -0.42974192 0.04479324
v -0.10501069 -0.42454809 0.03499835
v -0.08378106 -0.04508701 -0.17082289
v -0.08548620 -0.04513179 -0.17063022
v -0.08913077 -0.04853463 -0.16985947
v -0.12881754 0.01499993 -0.15939015
v -0.12888263 0.02480547 -0.15942228
v -0.12864834 0.00497051 -0.15932593
v -0.12838802 -0.00501414 -0.15919748
v -0.12795848 -0.01504354 -0.15897268
v -0.10501069 -0.04504225 -0.16635898
v -0.12178873 -0.03501283 -0.16080320
v -0.11500722 -0.04504225 -0.16285852
v -0.12098172 -0.04504225 -0.16044992
v -0.12678701 -0.03501283 -0.15842673
v -0.12743782 -0.02502818 -0.15871575
v -0.09500113 -0.05502687 -0.16818950
v -0.09442841 -0.04513179 -0.16908872
v -0.10501069 -0.05502687 -0.16555613
v -0.20895907 -0.30495629 0.06537858
v -0.20983118 -0.31726921 0.05857032
v -0.20929751 -0.32470170 0.05513408
v -0.20587420 -0.33499974 0.06499320
v -0.21002641 -0.31059784 0.06014393
v -0.20884193 -0.29497164 0.06541069
v -0.20293252 -0.34498441 0.06499320
v -0.20060259 -0.35134232 0.06499320
v -0.19832474 -0.35635704 0.06499320
v -0.20994833 0.02480547 0.02982793
v -0.21147123 0.02480547 0.02481808
v -0.19366489 -0.36499846 0.06499320
v -0.19004636 -0.37005794 0.07029208
v -0.18612844 -0.37404284 0.07417792
v -0.18063556 -0.38066941 0.07498078
v -0.17015740 -0.39011675 0.08044023
v -0.16535439 -0.39293754 0.08426184
v -0.15949704 -0.39960891 0.07498078
v -0.15449877 -0.40305650 0.07498078
v -0.14671500 -0.40802643 0.07498078
v -0.14075352 -0.41039947 0.08204595
v -0.14171673 -0.41093677 0.07498078
v -0.14252374 -0.41138449 0.06499320
v -0.12651366 -0.41859314 0.04498592
v -0.14261486 -0.41142929 0.05497351
v -0.14214627 -0.41116062 0.04498592
v -0.13500030 -0.41474256 0.04498592
v -0.12069536 -0.42024976 0.03798499
v -0.11567105 -0.42145866 0.03477354
v -0.09500113 -0.42521971 0.02497865
v -0.08500459 -0.42683160 0.02497865
v -0.08500459 -0.42835391 0.03499835
v -0.08378106 -0.42871210 0.03641138
v -0.11262524 -0.42083186 0.02497865
v -0.10501069 -0.42298102 0.02497865
v -0.08378106 -0.05028082 -0.17043751
v -0.08378106 -0.05502687 -0.17008427
v -0.08721737 -0.05502687 -0.16960254
v -0.13500030 0.01499993 -0.15579334
v -0.13500030 0.00497051 -0.15563276
v -0.13500030 0.02480547 -0.15585756
v -0.13500030 -0.00501414 -0.15537587
v -0.13500030 -0.01504354 -0.15495837
v -0.13500030 -0.02502818 -0.15447664
v -0.11586630 -0.05529553 -0.16170239
v -0.11977120 -0.05883269 -0.15987188
v -0.12036996 -0.05216134 -0.16016090
v -0.12597999 -0.04504225 -0.15804136
v -0.13500030 -0.03501283 -0.15386647
v -0.13445362 -0.05502687 -0.15261403
v -0.09500113 -0.06501152 -0.16725820
v -0.10501069 -0.06501152 -0.16465694
v -0.11400497 -0.06501152 -0.16154182
v -0.21007848 -0.30495629 0.06036872
v -0.21010453 -0.29497164 0.06043296
v -0.21044295 -0.31435886 0.05513408
v -0.21019563 -0.32120931 0.05189052
v -0.20949274 -0.32725382 0.04498592
v -0.20721489 -0.33499974 0.05497351
v -0.21110678 -0.29497164 0.05497351
v -0.21093756 -0.30495629 0.05497351
v -0.20998737 -0.28042006 0.05995124
v -0.21005246 -0.28709140 0.06020816
v -0.20409098 -0.34498441 0.05497351
v -0.20112325 -0.35237214 0.05497351
v -0.19868919 -0.35734206 0.05497351
v -0.21397036 0.02480547 0.01499107
v -0.19428968 -0.36499846 0.05497351
v -0.19033271 -0.37041613 0.06499320
v -0.18634972 -0.37543082 0.06499320
v -0.18135145 -0.38143057 0.06499320
v -0.17567633 -0.38568413 0.07498078
v -0.17067806 -0.39060926 0.07498078
v -0.16498992 -0.39522102 0.07498078
v -0.15999165 -0.39996707 0.06990670
v -0.15598263 -0.40296695 0.06595663
v -0.14752202 -0.40851894 0.06499320
v -0.14762615 -0.40860850 0.05497351
v -0.12441804 -0.41827971 0.03477354
v -0.13500030 -0.41357845 0.03499835
v -0.14110497 -0.41057855 0.03499835
v -0.14714454 -0.40829509 0.04498592
v -0.11943278 -0.41980204 0.03133730
v -0.09500113 -0.42311531 0.01499107
v -0.08500459 -0.42477196 0.01499107
v -0.08378106 -0.42696589 0.02497865
v -0.08378106 -0.42718977 0.02626323
v -0.11762351 -0.41917521 0.02497865
v -0.11072485 -0.42020500 0.01897326
v -0.10472433 -0.42096615 0.01537644
v -0.08378106 -0.05789243 -0.16982734
v -0.08378106 -0.06389217 -0.16928139
v -0.08430171 -0.06438468 -0.16915295
v -0.14205515 0.01499993 -0.15139368
v -0.14192499 0.00497051 -0.15129733
v -0.14175577 -0.00501414 -0.15116888
v -0.14195102 0.02480547 -0.15152213
v -0.14145641 -0.01504354 -0.15097618
v -0.14110497 -0.02502818 -0.15071929
v -0.14066240 -0.03501283 -0.15043023
v -0.12422279 -0.05529553 -0.15804136
v -0.11900324 -0.06501152 -0.15958285
v -0.12500377 -0.06501152 -0.15675679
v -0.13368565 -0.06501152 -0.15216443
v -0.13592446 -0.04535566 -0.15251768
v -0.14027192 -0.04226623 -0.15017334
v -0.13945189 -0.05502687 -0.14962739
v -0.13985540 -0.04893759 -0.14988428
v -0.08500459 -0.07504094 -0.16793260
v -0.09500113 -0.07504094 -0.16619840
v -0.10501069 -0.07504094 -0.16359714
v -0.11034738 -0.09098054 -0.16012880
v -0.11124551 -0.08502557 -0.16044992
v -0.11266428 -0.07504094 -0.16099587
v -0.21085946 -0.28422585 0.05596905
v -0.21209602 -0.30495629 0.04498592
v -0.21135408 -0.31498569 0.04498592
v -0.21041691 -0.32223913 0.04498592
v -0.20940164 -0.32725382 0.03499835
v -0.20761840 -0.33499974 0.04498592
v -0.21045595 -0.32223913 0.03499835
v -0.21248651 -0.27495760 0.04498592
v -0.21255159 -0.28498703 0.04498592
v -0.21244746 -0.29497164 0.04498592
v -0.20435131 -0.34498441 0.04498592
v -0.20121437 -0.35246170 0.04498592
v -0.19866316 -0.35747641 0.04498592
v -0.21559741 0.02480547 0.00497137
v -0.19408143 -0.36499846 0.04498592
v -0.19059303 -0.37077433 0.05497351
v -0.18654497 -0.37578905 0.05497351
v -0.18154669 -0.38165444 0.05497351
v -0.17635319 -0.38644528 0.06499320
v -0.17135490 -0.39119136 0.06499320
v -0.16419592 -0.39692244 0.06595663
v -0.16033009 -0.40023571 0.06325902
v -0.15499339 -0.40390721 0.05497351
v -0.15585247 -0.40274310 0.04495381
v -0.12500377 -0.41635442 0.02497865
v -0.14027192 -0.41013080 0.02928198
v -0.13536476 -0.41178745 0.02555671
v -0.14610323 -0.40771300 0.03499835
v -0.15410827 -0.40269831 0.03499835
v -0.10119690 -0.42024976 0.00895356
v -0.09403792 -0.42074230 0.00535675
v -0.08500459 -0.42217505 0.00497137
v -0.08378106 -0.42490631 0.01499107
v -0.12500377 -0.41402617 0.01499107
v -0.11443451 -0.41810063 0.01537644
v -0.10786127 -0.41944385 0.01229346
v -0.08378106 -0.07624984 -0.16793260
v -0.14705342 0.01499993 -0.14779687
v -0.14209421 0.02480547 -0.15142578
v -0.14693628 0.00497051 -0.14770052
v -0.14675406 -0.00501414 -0.14757207
v -0.14645468 -0.01504354 -0.14737937
v -0.14610323 -0.02502818 -0.14712247
v -0.14566068 -0.03501283 -0.14683342
v -0.11766256 -0.07504094 -0.15903690
v -0.12500377 -0.08502557 -0.15457299
v -0.12500377 -0.07504094 -0.15566489
v -0.13187638 -0.08502557 -0.15107253
v -0.13278753 -0.07504094 -0.15161848
v -0.13868393 -0.06501152 -0.14917779
v -0.14500986 -0.05502687 -0.14570943
v -0.14500986 -0.06501152 -0.14477810
v -0.08500459 -0.08502557 -0.16684070
v -0.09500113 -0.08502557 -0.16510653
v -0.10501069 -0.08502557 -0.16250527
v -0.10541420 -0.09460724 -0.16122067
v -0.10901971 -0.09765189 -0.15967920
v -0.11500722 -0.11502427 -0.15499049
v -0.11500722 -0.10503963 -0.15637141
v -0.11421323 -0.09460724 -0.15810558
v -0.11624378 -0.08502557 -0.15849096
v -0.21238238 -0.26497295 0.04498592
v -0.21243444 -0.30495629 0.03499835
v -0.21290302 -0.29497164 0.03499835
v -0.21153632 -0.31498569 0.03499835
v -0.21026072 -0.32120931 0.02774049
v -0.20910226 -0.32474649 0.02462539
v -0.20730601 -0.33499974 0.03499835
v -0.21562344 0.02480547 0.00477869
v -0.21355385 -0.24495891 0.03499835
v -0.21355385 -0.25498831 0.03499835
v -0.21348876 -0.26497295 0.03499835
v -0.21334559 -0.27495760 0.03499835
v -0.21317637 -0.28498703 0.03499835
v -0.20379160 -0.34498441 0.03499835
v -0.20088896 -0.35174531 0.03499835
v -0.19823363 -0.35676003 0.03499835
v -0.19267565 -0.36567008 0.03535160
v -0.19015048 -0.37019226 0.03894842
v -0.19042383 -0.37055045 0.04498592
v -0.18631068 -0.37556517 0.04498592
v -0.18131240 -0.38138580 0.04498592
v -0.17656144 -0.38662440 0.05497351
v -0.17156318 -0.39137045 0.05497351
v -0.16540645 -0.39634037 0.05497351
v -0.16040818 -0.40028051 0.05497351
v -0.16022594 -0.40014619 0.04826159
v -0.15975736 -0.39983276 0.04161391
v -0.13205862 -0.41098154 0.01499107
v -0.13893123 -0.40945920 0.02260219
v -0.14416380 -0.40713096 0.02555671
v -0.15278061 -0.40180284 0.02497865
v -0.15910655 -0.39938504 0.03499835
v -0.10472433 -0.41827971 0.00535675
v -0.09673230 -0.41935429 0.00227376
v -0.09006794 -0.41998112 -0.00003847
v -0.08500459 -0.42033935 -0.00106613
v -0.08378106 -0.42230940 0.00497137
v -0.13048364 -0.41022038 0.00927470
v -0.12484757 -0.41142929 0.00554943
v -0.11500722 -0.41501120 0.00497137
v -0.08378106 -0.08502557 -0.16696915
v -0.15341841 0.01499993 -0.14278701
v -0.14709248 0.02480547 -0.14782897
v -0.15331428 0.00497051 -0.14272279
v -0.15317109 -0.00501414 -0.14259434
v -0.15292379 -0.01504354 -0.14236954
v -0.15263744 -0.02502818 -0.14214471
v -0.15227297 -0.03501283 -0.14182359
v -0.15181740 -0.04504225 -0.14143822
v -0.15132278 -0.05502687 -0.14105284
v -0.12500377 -0.09501021 -0.15335265
v -0.13083509 -0.09501021 -0.15046236
v -0.13687466 -0.08502557 -0.14805377
v -0.13778579 -0.07504094 -0.14863184
v -0.14434603 -0.08502557 -0.14307603
v -0.15075006 -0.06501152 -0.14057112
v -0.14981289 -0.07871242 -0.13983250
v -0.15026847 -0.07204106 -0.14021787
v -0.08500459 -0.09501021 -0.16562036
v -0.09500113 -0.09501021 -0.16388619
v -0.10244647 -0.10503963 -0.16073897
v -0.10744473 -0.10503963 -0.15916535
v -0.10501069 -0.12500891 -0.15701368
v -0.11500722 -0.12500891 -0.15344900
v -0.11927658 -0.13817251 -0.14969161
v -0.12161952 -0.12500891 -0.15075138
v -0.12322053 -0.11502427 -0.15149000
v -0.21197887 -0.30495629 0.02497865
v -0.21317637 -0.28498703 0.02497865
v -0.21266873 -0.29497164 0.02497865
v -0.21352781 -0.27495760 0.02497865
v -0.21079439 -0.31547821 0.02462539
v -0.20985721 -0.31910494 0.02106069
v -0.20751427 -0.32497036 0.01499107
v -0.20632978 -0.33499974 0.02497865
v -0.21650855 0.02480547 -0.00501621
v -0.21521994 -0.14502296 0.01499107
v -0.21442594 -0.19503571 0.02497865
v -0.21445197 -0.20497558 0.02497865
v -0.21443895 -0.21496022 0.02497865
v -0.21436086 -0.22498962 0.02497865
v -0.21424371 -0.23497427 0.02497865
v -0.21398339 -0.25498831 0.02497865
v -0.21378814 -0.26497295 0.02497865
v -0.20213853 -0.34583509 0.02443270
v -0.20040736 -0.35076028 0.02738723
v -0.19785616 -0.35447651 0.02443270
v -0.19241533 -0.36352092 0.02497865
v -0.18961681 -0.36947587 0.03226862
v -0.18629766 -0.37408763 0.03535160
v -0.18064857 -0.38066941 0.03499835
v -0.17624906 -0.38635573 0.04498592
v -0.17125078 -0.39110178 0.04498592
v -0.16413085 -0.39678812 0.04495381
v -0.17062600 -0.39056450 0.03670041
v -0.16599219 -0.39383304 0.03400280
v -0.13705689 -0.40851894 0.01499107
v -0.14596005 -0.40332514 0.01409187
v -0.15132278 -0.40086257 0.01682159
v -0.15777887 -0.39844477 0.02497865
v -0.16998820 -0.38998246 0.03005273
v -0.16432609 -0.39343005 0.02497865
v -0.10501069 -0.41478735 -0.00501621
v -0.09403792 -0.41778719 -0.00402066
v -0.08500459 -0.41863793 -0.00607598
v -0.08378106 -0.41890657 -0.00565849
v -0.08378106 -0.42038411 -0.00129094
v -0.08378106 -0.42069751 -0.00032750
v -0.12807561 -0.40914577 0.00259491
v -0.13429743 -0.40713096 0.00554943
v -0.12141126 -0.41057855 -0.00157996
v -0.11495516 -0.41169792 -0.00495198
v -0.08378106 -0.09501021 -0.16574880
v -0.15841667 0.01499993 -0.13858002
v -0.15344444 0.02480547 -0.14281914
v -0.15332730 0.02480547 -0.14291546
v -0.15831254 0.00497051 -0.13848367
v -0.15816937 -0.00501414 -0.13835523
v -0.15792206 -0.01504354 -0.13816252
v -0.15763570 -0.02502818 -0.13790563
v -0.15727124 -0.03501283 -0.13758448
v -0.15681568 -0.04504225 -0.13723123
v -0.15632105 -0.05502687 -0.13681373
v -0.12558950 -0.10450234 -0.15181115
v -0.12931217 -0.10745743 -0.14962739
v -0.13018426 -0.10078608 -0.15007699
v -0.13583335 -0.09501021 -0.14744359
v -0.13411519 -0.10450234 -0.14721879
v -0.14258882 -0.10503963 -0.14179146
v -0.14349997 -0.09501021 -0.14246586
v -0.14851126 -0.09501021 -0.13886905
v -0.14934430 -0.08502557 -0.13947922
v -0.15574834 -0.06501152 -0.13633201
v -0.15598263 -0.08592106 -0.13379498
v -0.15996562 -0.08986118 -0.12997337
v -0.15416034 -0.07522003 -0.13655680
v -0.08500459 -0.10503963 -0.16427156
v -0.09500113 -0.10503963 -0.16253737
v -0.10092355 -0.11197963 -0.16025725
v -0.10455512 -0.11520337 -0.15865153
v -0.09906222 -0.11865097 -0.15977553
v -0.10501069 -0.13503832 -0.15540797
v -0.11280747 -0.14502296 -0.15107253
v -0.11556692 -0.13490400 -0.15168270
v -0.12431390 -0.13490400 -0.14782897
v -0.12051313 -0.13150117 -0.15020543
v -0.11780573 -0.14502296 -0.14908144
v -0.12281702 -0.17502165 -0.14130974
v -0.12553744 -0.16476837 -0.14195204
v -0.12500377 -0.15500760 -0.14397526
v -0.12500377 -0.14502296 -0.14577365
v -0.12661779 -0.12500891 -0.14831069
v -0.12821880 -0.11502427 -0.14911357
v -0.21179664 -0.29497164 0.01499107
v -0.21079439 -0.30544880 0.01438090
v -0.21037786 -0.31243357 0.01730331
v -0.21403545 -0.24495891 0.01499107
v -0.21367100 -0.25498831 0.01499107
v -0.21329352 -0.26497295 0.01499107
v -0.21290302 -0.27495760 0.01499107
v -0.21243444 -0.28498703 0.01499107
v -0.21434784 -0.23497427 0.01499107
v -0.20942767 -0.31547821 0.01438090
v -0.20535356 -0.32497036 0.00497137
v -0.20463766 -0.33499974 0.01499107
v -0.20763141 -0.31498569 0.00497137
v -0.20147470 -0.34337252 0.01499107
v -0.21674284 0.02480547 -0.01497167
v -0.21650855 0.00497051 -0.00501621
v -0.21594885 -0.09501021 0.00497137
v -0.21593583 -0.08502557 0.00497137
v -0.21590981 -0.07504094 0.00497137
v -0.21524596 -0.15500760 0.01499107
v -0.21524596 -0.16503701 0.01499107
v -0.21518089 -0.17502165 0.01499107
v -0.21510279 -0.18500629 0.01499107
v -0.21501167 -0.19503571 0.01499107
v -0.21492055 -0.20497558 0.01499107
v -0.21479040 -0.21496022 0.01499107
v -0.21459515 -0.22498962 0.01499107
v -0.19987369 -0.34973046 0.02070743
v -0.19548719 -0.35496902 0.01499107
v -0.18890092 -0.36853561 0.02497865
v -0.19124386 -0.36181951 0.01499107
v -0.18014093 -0.38013214 0.02941044
v -0.17437470 -0.38653481 0.03400280
v -0.14352600 -0.40202671 0.00497137
v -0.14993003 -0.39992231 0.01017391
v -0.15478513 -0.39768362 0.01409187
v -0.16276413 -0.39217639 0.01499107
v -0.16932437 -0.38940036 0.02497865
v -0.17557220 -0.38362449 0.02562094
v -0.11158393 -0.41053379 -0.01134274
v -0.10428177 -0.41129494 -0.01481110
v -0.09500113 -0.41344410 -0.01497167
v -0.08500459 -0.41527987 -0.01497167
v -0.08378106 -0.41541415 -0.01497167
v -0.08378106 -0.41868269 -0.00626867
v -0.13549493 -0.40269831 -0.00530524
v -0.12484757 -0.40784734 -0.00495198
v -0.14144339 -0.40077302 -0.00219014
v -0.11824829 -0.40932488 -0.00825976
v -0.08378106 -0.10503963 -0.16440001
v -0.16368829 0.01499993 -0.13357018
v -0.16372734 0.02480547 -0.13360229
v -0.15844271 0.02480547 -0.13861215
v -0.16361019 0.00497051 -0.13350594
v -0.16348003 -0.00501414 -0.13337749
v -0.16328478 -0.01504354 -0.13315269
v -0.16303748 -0.02502818 -0.13289577
v -0.16272509 -0.03501283 -0.13260674
v -0.16234761 -0.04504225 -0.13222137
v -0.16193108 -0.05502687 -0.13180389
v -0.16144948 -0.06501152 -0.13135429
v -0.13500030 -0.11502427 -0.14519560
v -0.14161260 -0.11502427 -0.14108494
v -0.14758709 -0.10503963 -0.13816252
v -0.15457687 -0.09501021 -0.13385922
v -0.15300189 -0.11502427 -0.13247830
v -0.15380889 -0.10503963 -0.13318481
v -0.16038215 -0.08318983 -0.13035874
v -0.16087677 -0.07504094 -0.13080834
v -0.15957513 -0.09501021 -0.12962011
v -0.16329780 -0.11502427 -0.12319723
v -0.16398767 -0.10503963 -0.12390374
v -0.16463849 -0.09501021 -0.12461026
v -0.16997518 -0.08981641 -0.11995367
v -0.08500459 -0.11502427 -0.16285852
v -0.09238485 -0.12312839 -0.16048205
v -0.09543067 -0.11520337 -0.16102800
v -0.09500113 -0.13503832 -0.15804136
v -0.09500113 -0.14502296 -0.15637141
v -0.10501069 -0.14502296 -0.15373802
v -0.11114138 -0.15241070 -0.15043023
v -0.11468182 -0.15545534 -0.14847127
v -0.11500722 -0.16503701 -0.14657652
v -0.12118998 -0.18276758 -0.14053899
v -0.12781529 -0.17502165 -0.13890117
v -0.12923408 -0.16790256 -0.13960770
v -0.13039252 -0.16127598 -0.14021787
v -0.13283959 -0.14502296 -0.14166301
v -0.13424537 -0.13503832 -0.14249799
v -0.13596351 -0.12585962 -0.14294758
v -0.21158838 -0.27495760 0.00497137
v -0.21058613 -0.29497164 0.00702670
v -0.21026072 -0.30244893 0.00872876
v -0.20989625 -0.30912030 0.01065562
v -0.21437387 -0.21496022 0.00497137
v -0.21403545 -0.22498962 0.00497137
v -0.21368401 -0.23497427 0.00497137
v -0.21325447 -0.24495891 0.00497137
v -0.21277288 -0.25498831 0.00497137
v -0.21221316 -0.26497295 0.00497137
v -0.21498564 -0.19503571 0.00497137
v -0.21468627 -0.20497558 0.00497137
v -0.20212550 -0.32568672 -0.00575484
v -0.20090197 -0.33249241 -0.00289666
v -0.20198233 -0.33549228 0.00465023
v -0.20496307 -0.31498569 -0.00501621
v -0.20062864 -0.34140247 0.00773321
v -0.20915432 -0.30544880 0.00522829
v -0.20662916 -0.30495629 -0.00501621
v -0.19922286 -0.34834248 0.01499107
v -0.21618314 0.02480547 -0.02499137
v -0.21670380 -0.00501414 -0.01497167
v -0.21645649 -0.04504225 -0.00501621
v -0.21649554 -0.01504354 -0.00501621
v -0.21592282 -0.10503963 0.00497137
v -0.21641743 -0.06501152 -0.00501621
v -0.21584472 -0.12500891 0.00497137
v -0.21579266 -0.13503832 0.00497137
v -0.21574059 -0.14502296 0.00497137
v -0.21567550 -0.15500760 0.00497137
v -0.21557137 -0.16503701 0.00497137
v -0.21541518 -0.17502165 0.00497137
v -0.21523295 -0.18500629 0.00497137
v -0.19251946 -0.35532725 0.00526040
v -0.19038478 -0.36052102 0.00876088
v -0.18762532 -0.36683419 0.01499107
v -0.18262705 -0.37305781 0.01499107
v -0.18319976 -0.37552038 0.02562094
v -0.17929487 -0.37923664 0.02273064
v -0.14852427 -0.39911637 0.00497137
v -0.16124122 -0.39096749 0.00721938
v -0.15582643 -0.39387780 0.00432909
v -0.16776240 -0.38805717 0.01499107
v -0.17315117 -0.38304245 0.01499107
v -0.11495516 -0.40780258 -0.01481110
v -0.10713235 -0.40910101 -0.01799043
v -0.10046799 -0.41013080 -0.02027055
v -0.09500113 -0.41071290 -0.02161935
v -0.08500459 -0.41160837 -0.02357833
v -0.08378106 -0.41165316 -0.02383525
v -0.13248816 -0.40122074 -0.01282001
v -0.13915251 -0.39951932 -0.00886993
v -0.12571967 -0.40305650 -0.01567819
v -0.14486668 -0.39750451 -0.00530524
v -0.12286909 -0.40122074 -0.02258279
v -0.08378106 -0.11502427 -0.16298696
v -0.16869958 0.01499993 -0.12859245
v -0.16872561 0.02480547 -0.12862456
v -0.16860846 0.00497051 -0.12852821
v -0.16849132 -0.00501414 -0.12839976
v -0.16828306 -0.01504354 -0.12817496
v -0.16803575 -0.02502818 -0.12791803
v -0.16772336 -0.03501283 -0.12762901
v -0.16734588 -0.04504225 -0.12724364
v -0.16692936 -0.05502687 -0.12682615
v -0.16644776 -0.06501152 -0.12634444
v -0.14072749 -0.12312839 -0.14047477
v -0.13994651 -0.12979975 -0.13992882
v -0.14661087 -0.11502427 -0.13745603
v -0.15800016 -0.11502427 -0.12820707
v -0.15882018 -0.10503963 -0.12891358
v -0.15209074 -0.12500891 -0.13170755
v -0.16587503 -0.07504094 -0.12579849
v -0.16829607 -0.11502427 -0.11818738
v -0.16252984 -0.12500891 -0.12242648
v -0.16898593 -0.10503963 -0.11889389
v -0.16963676 -0.09501021 -0.11960041
v -0.17338546 -0.10503963 -0.11391616
v -0.17394516 -0.09501021 -0.11459056
v -0.17374991 -0.08587628 -0.11597148
v -0.17031360 -0.08314506 -0.12033904
v -0.08378106 -0.13096386 -0.16057840
v -0.08585065 -0.12590438 -0.16109222
v -0.08975555 -0.12979975 -0.15993610
v -0.08500459 -0.14502296 -0.15810558
v -0.09500113 -0.15500760 -0.15460512
v -0.10089752 -0.17139494 -0.15026966
v -0.10278489 -0.16503701 -0.15084773
v -0.10570055 -0.15545534 -0.15168270
v -0.10948830 -0.15908206 -0.14982006
v -0.11500722 -0.17502165 -0.14464965
v -0.11973216 -0.18943894 -0.13986459
v -0.12471741 -0.18567790 -0.13822678
v -0.12500377 -0.19503571 -0.13610721
v -0.13026236 -0.21066189 -0.13013393
v -0.13308690 -0.19503571 -0.13183600
v -0.13500030 -0.17502165 -0.13479054
v -0.13423234 -0.16476837 -0.13723123
v -0.13634099 -0.15500760 -0.13774505
v -0.13783786 -0.14502296 -0.13864425
v -0.13924363 -0.13503832 -0.13951135
v -0.21075533 -0.26497295 -0.00350683
v -0.21039088 -0.27495760 -0.00180477
v -0.21080740 -0.28503180 0.00439331
v -0.21013054 -0.28171849 -0.00064865
v -0.20985721 -0.28838986 0.00063593
v -0.20955783 -0.29497164 0.00204896
v -0.21458215 -0.18500629 -0.00501621
v -0.21423069 -0.19503571 -0.00501621
v -0.21382719 -0.20497558 -0.00501621
v -0.21337162 -0.21496022 -0.00501621
v -0.21285096 -0.22498962 -0.00501621
v -0.21229126 -0.23497427 -0.00501621
v -0.21170552 -0.24495891 -0.00501621
v -0.21512882 -0.16503701 -0.00501621
v -0.21486849 -0.17502165 -0.00501621
v -0.20078483 -0.32282120 -0.01208138
v -0.19984765 -0.32949254 -0.00951222
v -0.19884539 -0.33549228 -0.00575484
v -0.19967844 -0.33916378 0.00108553
v -0.20350525 -0.30495629 -0.01497167
v -0.20156580 -0.31480661 -0.01526070
v -0.19810346 -0.34485006 0.00465023
v -0.20781365 -0.29497164 -0.00501621
v -0.20489798 -0.29497164 -0.01497167
v -0.21498564 0.02480547 -0.03497895
v -0.21615711 0.00497051 -0.02499137
v -0.21667776 -0.01504354 -0.01497167
v -0.21639141 -0.07504094 -0.00501621
v -0.21636537 -0.08502557 -0.00501621
v -0.21631330 -0.09501021 -0.00501621
v -0.21622220 -0.10503963 -0.00501621
v -0.21611807 -0.11502427 -0.00501621
v -0.21598789 -0.12500891 -0.00501621
v -0.21581869 -0.13503832 -0.00501621
v -0.21561041 -0.14502296 -0.00501621
v -0.21537614 -0.15500760 -0.00501621
v -0.19113973 -0.35183483 -0.00501621
v -0.18929142 -0.35890919 0.00211319
v -0.18633670 -0.36432683 0.00526040
v -0.18094794 -0.37113252 0.00497137
v -0.17814943 -0.37802774 0.01499107
v -0.15311903 -0.39222115 -0.00501621
v -0.15970530 -0.38975859 0.00057170
v -0.16474262 -0.38693780 0.00432909
v -0.17139396 -0.38129625 0.00497137
v -0.11544978 -0.40274310 -0.02553731
v -0.11240396 -0.40086257 -0.03170328
v -0.10428177 -0.40713096 -0.02415639
v -0.10425574 -0.40171325 -0.03501106
v -0.09500113 -0.40838462 -0.02662920
v -0.08500459 -0.40932488 -0.02858818
v -0.08378106 -0.40941441 -0.02874875
v -0.13549493 -0.39835522 -0.01567819
v -0.12953344 -0.39974320 -0.01949980
v -0.14530924 -0.39293754 -0.01503590
v -0.14217231 -0.39128089 -0.02255067
v -0.15111452 -0.39074361 -0.01172812
v -0.12571967 -0.39848953 -0.02553731
v -0.11906832 -0.39960891 -0.02926258
v -0.17317720 0.01499993 -0.12361471
v -0.17311211 0.02480547 -0.12371106
v -0.17309910 0.00497051 -0.12351837
v -0.17299497 -0.00501414 -0.12338991
v -0.17281273 -0.01504354 -0.12316511
v -0.17260447 -0.02502818 -0.12290820
v -0.17234415 -0.03501283 -0.12261917
v -0.17200573 -0.04504225 -0.12223379
v -0.17165428 -0.05502687 -0.12181631
v -0.17123777 -0.06501152 -0.12133459
v -0.17073013 -0.07504094 -0.12078864
v -0.14500986 -0.13503832 -0.13540071
v -0.14443715 -0.12585962 -0.13732755
v -0.14579085 -0.14515728 -0.13312057
v -0.15041164 -0.14188877 -0.13032663
v -0.15111452 -0.13503832 -0.13087258
v -0.15708901 -0.12500891 -0.12743632
v -0.16170982 -0.13503832 -0.12162362
v -0.17278671 -0.11502427 -0.11317753
v -0.16752811 -0.12500891 -0.11738452
v -0.17141999 -0.13503832 -0.11157181
v -0.17212287 -0.12500891 -0.11240678
v -0.17838372 -0.10503963 -0.10794288
v -0.17779799 -0.11502427 -0.10720425
v -0.17894343 -0.09501021 -0.10861728
v -0.17945106 -0.08502557 -0.10929169
v -0.17645732 -0.07454842 -0.11404462
v -0.08378106 -0.13338166 -0.16019303
v -0.08585065 -0.13557561 -0.15955073
v -0.08378106 -0.14627664 -0.15800923
v -0.08500459 -0.15500760 -0.15630719
v -0.08378106 -0.13665019 -0.15964708
v -0.08378106 -0.14497818 -0.15823403
v -0.09500113 -0.16503701 -0.15277460
v -0.10454210 -0.17484255 -0.14840704
v -0.10778317 -0.16503701 -0.14927411
v -0.09813806 -0.17806630 -0.14959526
v -0.10038989 -0.22051221 -0.14008939
v -0.10501069 -0.19503571 -0.14416793
v -0.10501069 -0.18500629 -0.14622325
v -0.11327605 -0.19503571 -0.14127764
v -0.11584027 -0.18567790 -0.14217684
v -0.11827432 -0.19503571 -0.13928655
v -0.12206207 -0.22498962 -0.13096891
v -0.12530315 -0.21437815 -0.13177177
v -0.12500377 -0.20497558 -0.13395555
v -0.12884358 -0.21733324 -0.12939531
v -0.13194147 -0.24495891 -0.12114190
v -0.13391995 -0.23497427 -0.12233014
v -0.13596351 -0.22584033 -0.12322934
v -0.13993350 -0.22978047 -0.11992156
v -0.13415425 -0.21437815 -0.12692249
v -0.13809820 -0.19503571 -0.12878513
v -0.13932173 -0.18800616 -0.12955588
v -0.13559906 -0.18478242 -0.13244617
v -0.14038907 -0.18133481 -0.13026240
v -0.14128719 -0.17502165 -0.13087258
v -0.14262788 -0.16503701 -0.13183600
v -0.21093756 -0.25516742 -0.00575484
v -0.21072930 -0.23497427 -0.01326961
v -0.20989625 -0.25861502 -0.00954434
v -0.20966196 -0.26497295 -0.00851668
v -0.20897210 -0.28503180 -0.00440603
v -0.20927148 -0.27495760 -0.00681461
v -0.21481642 -0.14502296 -0.01497167
v -0.21447800 -0.15500760 -0.01497167
v -0.21411355 -0.16503701 -0.01497167
v -0.21367100 -0.17502165 -0.01497167
v -0.21320240 -0.18500629 -0.01497167
v -0.21272080 -0.19503571 -0.01497167
v -0.21221316 -0.20497558 -0.01497167
v -0.21165346 -0.21496022 -0.01497167
v -0.21510279 -0.13503832 -0.01497167
v -0.19871524 -0.32568672 -0.01526070
v -0.19952224 -0.31803036 -0.01876117
v -0.19552623 -0.33499974 -0.01497167
v -0.19150418 -0.34453666 -0.01416881
v -0.19481033 -0.34498441 -0.00501621
v -0.20088896 -0.30495629 -0.02216530
v -0.20031624 -0.31135899 -0.02078438
v -0.20163089 -0.29497164 -0.02406005
v -0.20605645 -0.28498703 -0.01497167
v -0.20367445 -0.27495760 -0.02499137
v -0.20203440 -0.28588250 -0.02595480
v -0.21316335 0.02480547 -0.04499864
v -0.21497262 0.01499993 -0.03497895
v -0.21493357 0.00497051 -0.03497895
v -0.21611807 -0.00501414 -0.02499137
v -0.21659967 -0.03501283 -0.01497167
v -0.21652156 -0.04504225 -0.01497167
v -0.21643046 -0.05502687 -0.01497167
v -0.21632633 -0.06501152 -0.01497167
v -0.21605298 -0.08502557 -0.01497167
v -0.21589679 -0.09501021 -0.01497167
v -0.21572757 -0.10503963 -0.01497167
v -0.21554534 -0.11502427 -0.01497167
v -0.21535009 -0.12500891 -0.01497167
v -0.19012445 -0.35017821 -0.01028297
v -0.18791167 -0.35684955 -0.00501621
v -0.18234068 -0.36495370 -0.00405277
v -0.18001077 -0.37001318 -0.00007059
v -0.17639223 -0.37610245 0.00497137
v -0.15813032 -0.38859445 -0.00501621
v -0.17027456 -0.38022166 -0.00061653
v -0.16515914 -0.38304245 -0.00437392
v -0.11544978 -0.39790747 -0.03501106
v -0.10709330 -0.39907160 -0.03838307
v -0.09500113 -0.40417585 -0.03497895
v -0.10042894 -0.40010142 -0.04021360
v -0.08500459 -0.40610114 -0.03497895
v -0.08378106 -0.40672797 -0.03404763
v -0.13558604 -0.39347482 -0.02553731
v -0.13263133 -0.39141521 -0.03250614
v -0.14883666 -0.38922128 -0.01837580
v -0.13929570 -0.38957947 -0.02923047
v -0.15551403 -0.38546026 -0.01577453
v -0.12544632 -0.39329574 -0.03549278
v -0.12240050 -0.39110178 -0.04185143
v -0.17817546 0.01499993 -0.11767355
v -0.17809737 0.02480547 -0.11783412
v -0.17809737 0.00497051 -0.11760931
v -0.17799324 -0.00501414 -0.11744875
v -0.17781101 -0.01504354 -0.11725606
v -0.17760275 -0.02502818 -0.11699914
v -0.17734241 -0.03501283 -0.11667800
v -0.17700399 -0.04504225 -0.11629263
v -0.17665255 -0.05502687 -0.11587514
v -0.17623603 -0.06501152 -0.11539342
v -0.14965668 -0.14856012 -0.12971646
v -0.15611279 -0.13503832 -0.12660135
v -0.15379588 -0.16503701 -0.12319723
v -0.16022594 -0.15115702 -0.12021059
v -0.16081168 -0.14502296 -0.12075653
v -0.16670808 -0.13503832 -0.11658166
v -0.17063901 -0.14502296 -0.11070472
v -0.17628810 -0.14439613 -0.10405704
v -0.17641826 -0.13503832 -0.10556641
v -0.17712115 -0.12500891 -0.10640139
v -0.18217148 -0.10503963 -0.10293303
v -0.18165082 -0.11502427 -0.10219440
v -0.18007585 -0.14063509 -0.10010696
v -0.18044031 -0.13503832 -0.10055657
v -0.18106508 -0.12500891 -0.10139154
v -0.18266609 -0.09501021 -0.10363955
v -0.18310866 -0.08502557 -0.10428184
v -0.18006283 -0.07087694 -0.11009455
v -0.08378106 -0.15626128 -0.15621084
v -0.08500459 -0.16503701 -0.15447664
v -0.09147371 -0.18155868 -0.15030178
v -0.09488398 -0.17484255 -0.15091196
v -0.11131059 -0.20237868 -0.14050689
v -0.09500113 -0.19503571 -0.14680132
v -0.09500113 -0.21496022 -0.14249799
v -0.09414205 -0.22427323 -0.14057112
v -0.09688850 -0.22718357 -0.13931865
v -0.09500113 -0.24495891 -0.13556126
v -0.10097563 -0.26121193 -0.13029450
v -0.10501069 -0.23497427 -0.13527223
v -0.10424273 -0.22427323 -0.13800198
v -0.10730156 -0.21496022 -0.13912597
v -0.10560943 -0.20537855 -0.14175937
v -0.10935814 -0.20900525 -0.13976827
v -0.11500722 -0.21496022 -0.13623568
v -0.12059123 -0.23116846 -0.13026240
v -0.12707336 -0.22498962 -0.12852821
v -0.13061380 -0.25149593 -0.12033904
v -0.13891822 -0.23497427 -0.11931138
v -0.14003763 -0.27007723 -0.10999820
v -0.14090972 -0.26497295 -0.11064049
v -0.14500986 -0.23497427 -0.11494382
v -0.14102687 -0.22310911 -0.12069230
v -0.14228944 -0.21496022 -0.12162362
v -0.14628546 -0.17502165 -0.12721153
v -0.14580385 -0.19534913 -0.12332568
v -0.15058085 -0.19221494 -0.12046750
v -0.14762615 -0.16503701 -0.12820707
v -0.21089852 -0.22476575 -0.01561396
v -0.20985721 -0.22794472 -0.01937135
v -0.20959687 -0.23497427 -0.01824734
v -0.20701966 -0.27495760 -0.01497167
v -0.20918036 -0.24495891 -0.01664162
v -0.21464722 -0.10503963 -0.02499137
v -0.21433482 -0.11502427 -0.02499137
v -0.21399641 -0.12500891 -0.02499137
v -0.21363194 -0.13503832 -0.02499137
v -0.21325447 -0.14502296 -0.02499137
v -0.21283795 -0.15500760 -0.02499137
v -0.21238238 -0.16503701 -0.02499137
v -0.21184871 -0.17502165 -0.02499137
v -0.21007848 -0.22127336 -0.02030266
v -0.21105471 -0.18563314 -0.02589057
v -0.21493357 -0.09501021 -0.02499137
v -0.19473223 -0.32497036 -0.02499137
v -0.19788219 -0.31480661 -0.02444542
v -0.19048890 -0.34090996 -0.02100918
v -0.19153021 -0.33432814 -0.02460600
v -0.19879332 -0.30495629 -0.02717515
v -0.19960034 -0.29497164 -0.02903778
v -0.19997782 -0.28982264 -0.02993699
v -0.20579612 -0.25498831 -0.02499137
v -0.20475480 -0.26497295 -0.02499137
v -0.20320587 -0.24495891 -0.03497895
v -0.20152676 -0.26497295 -0.03366226
v -0.20092800 -0.27495760 -0.03221711
v -0.20040736 -0.28319603 -0.03096465
v -0.21312431 0.02480547 -0.04515922
v -0.21315034 0.01499993 -0.04499864
v -0.21309827 0.00497051 -0.04499864
v -0.21488151 -0.00501414 -0.03497895
v -0.21606600 -0.01504354 -0.02499137
v -0.21601394 -0.02502818 -0.02499137
v -0.21593583 -0.03501283 -0.02499137
v -0.21583170 -0.04504225 -0.02499137
v -0.21570154 -0.05502687 -0.02499137
v -0.21554534 -0.06501152 -0.02499137
v -0.21536312 -0.07504094 -0.02499137
v -0.21516788 -0.08502557 -0.02499137
v -0.18494396 -0.35483474 -0.01474687
v -0.18861456 -0.34758130 -0.01696277
v -0.18126033 -0.36164039 -0.01256309
v -0.17853992 -0.36831176 -0.00671827
v -0.17441374 -0.37431148 -0.00366740
v -0.16193108 -0.38165444 -0.01317327
v -0.16859545 -0.37865457 -0.00726421
v -0.11466880 -0.39240026 -0.04509499
v -0.11111534 -0.39043018 -0.05068289
v -0.10425574 -0.39660901 -0.04413155
v -0.09500113 -0.40077302 -0.04133760
v -0.10501069 -0.39146000 -0.05222439
v -0.09500113 -0.39781791 -0.04634745
v -0.08500459 -0.40175804 -0.04300755
v -0.08378106 -0.40247443 -0.04194777
v -0.08378106 -0.40628022 -0.03488261
v -0.12906486 -0.38948992 -0.03918593
v -0.15990055 -0.37990826 -0.01985306
v -0.15304093 -0.38237083 -0.02499137
v -0.15081514 -0.38057986 -0.03099676
v -0.14530924 -0.38765419 -0.02553731
v -0.14474954 -0.38259470 -0.03459357
v -0.14124814 -0.38084853 -0.04124126
v -0.13558604 -0.38796759 -0.03549278
v -0.12544632 -0.38751987 -0.04509499
v -0.11777970 -0.38904220 -0.04853123
v -0.18202829 0.01499993 -0.11269581
v -0.17820150 0.02480547 -0.11770566
v -0.18196322 0.00497051 -0.11259947
v -0.18185909 -0.00501414 -0.11247101
v -0.18170288 -0.01504354 -0.11224621
v -0.18152067 -0.02502818 -0.11198930
v -0.18128636 -0.03501283 -0.11166815
v -0.18067460 -0.05502687 -0.11089741
v -0.18100001 -0.04504225 -0.11128278
v -0.18031015 -0.06501152 -0.11041569
v -0.15267648 -0.17502165 -0.12223379
v -0.15879415 -0.16503701 -0.11889389
v -0.15954910 -0.15782838 -0.11956830
v -0.16297239 -0.17502165 -0.11292061
v -0.16392259 -0.16503701 -0.11388405
v -0.16893387 -0.16503701 -0.10884208
v -0.16580996 -0.14502296 -0.11571456
v -0.17015740 -0.15093315 -0.11015878
v -0.17329434 -0.16503701 -0.10383224
v -0.17333339 -0.15455985 -0.10572699
v -0.17904755 -0.15500760 -0.09875816
v -0.17960726 -0.14730644 -0.09949679
v -0.18718277 -0.10503963 -0.09570729
v -0.18552969 -0.12500891 -0.09496866
v -0.18722181 -0.11493472 -0.09413368
v -0.18273118 -0.14439613 -0.09567518
v -0.18437123 -0.13503832 -0.09496866
v -0.18273118 -0.15500760 -0.09374832
v -0.18767738 -0.09501021 -0.09641381
v -0.18811995 -0.08502557 -0.09705610
v -0.18849741 -0.07504094 -0.09763416
v -0.18417600 -0.06501152 -0.10498836
v -0.18284833 -0.07454842 -0.10582333
v -0.08378106 -0.16503701 -0.15460512
v -0.08378106 -0.16624591 -0.15438032
v -0.08500459 -0.17502165 -0.15258190
v -0.08734753 -0.18823004 -0.14962739
v -0.09022413 -0.23018342 -0.14002517
v -0.09414205 -0.23407878 -0.13829100
v -0.09500113 -0.25498831 -0.13315269
v -0.10459416 -0.26470432 -0.12823918
v -0.10763998 -0.25677928 -0.12920262
v -0.10459416 -0.25404805 -0.13087258
v -0.09747423 -0.26788327 -0.12945953
v -0.10058513 -0.30061319 -0.12017847
v -0.10501069 -0.28498703 -0.12294031
v -0.10501069 -0.27495760 -0.12550947
v -0.11010007 -0.25010794 -0.13000548
v -0.11167505 -0.24495891 -0.13064776
v -0.11500722 -0.22498962 -0.13395555
v -0.11879498 -0.23783982 -0.12949166
v -0.12435295 -0.23466085 -0.12756479
v -0.12243955 -0.26497295 -0.12117402
v -0.12548538 -0.25489879 -0.12213745
v -0.12500377 -0.24495891 -0.12477083
v -0.12914295 -0.25816730 -0.11953618
v -0.13500030 -0.26497295 -0.11433364
v -0.14590798 -0.26497295 -0.10688311
v -0.13518253 -0.27401733 -0.11192507
v -0.13185036 -0.28498703 -0.11109009
v -0.13863187 -0.27674857 -0.10909900
v -0.14087068 -0.30209076 -0.10062080
v -0.14225040 -0.29497164 -0.10161635
v -0.14409871 -0.28498703 -0.10299727
v -0.14999512 -0.27997231 -0.09997851
v -0.14758709 -0.25498831 -0.10813557
v -0.15003416 -0.24007852 -0.10999820
v -0.14537431 -0.24401864 -0.11247101
v -0.14461938 -0.22584033 -0.11738452
v -0.14728773 -0.21496022 -0.11793046
v -0.14877158 -0.20497558 -0.11905447
v -0.14966971 -0.19888629 -0.11972887
v -0.15434256 -0.19534913 -0.11651742
v -0.15647724 -0.18500629 -0.11687069
v -0.15147898 -0.18500629 -0.12120613
v -0.15215583 -0.22498962 -0.11179661
v -0.15347047 -0.21496022 -0.11292061
v -0.20764443 -0.23497427 -0.02499137
v -0.20994833 -0.18934938 -0.02980853
v -0.20675932 -0.24495891 -0.02499137
v -0.21352781 -0.08502557 -0.03497895
v -0.21324146 -0.09501021 -0.03497895
v -0.21289001 -0.10503963 -0.03497895
v -0.21251254 -0.11502427 -0.03497895
v -0.21209602 -0.12500891 -0.03497895
v -0.21037786 -0.17502165 -0.03131790
v -0.21015659 -0.18267804 -0.03051504
v -0.21162742 -0.13503832 -0.03497895
v -0.21377513 -0.07504094 -0.03497895
v -0.19121782 -0.32497036 -0.03234557
v -0.19024161 -0.33056712 -0.03045082
v -0.19250645 -0.31520957 -0.03558912
v -0.19512272 -0.30495629 -0.03497895
v -0.18879679 -0.33723849 -0.02768898
v -0.18658401 -0.34453666 -0.02460600
v -0.19684088 -0.29497164 -0.03497895
v -0.19842887 -0.28588250 -0.03459357
v -0.19878031 -0.27495760 -0.03719484
v -0.20522340 -0.22498962 -0.03497895
v -0.20423415 -0.23497427 -0.03497895
v -0.20173502 -0.22498962 -0.04416367
v -0.20118833 -0.23497427 -0.04281486
v -0.20180011 -0.25512263 -0.03574970
v -0.19982162 -0.25857025 -0.03960342
v -0.19943112 -0.26497295 -0.03867210
v -0.21102868 0.02480547 -0.05354108
v -0.21102868 0.01499993 -0.05350896
v -0.21100265 0.00497051 -0.05341262
v -0.21303320 -0.00501414 -0.04499864
v -0.21479040 -0.01504354 -0.03497895
v -0.21468627 -0.02502818 -0.03497895
v -0.21455610 -0.03501283 -0.03497895
v -0.21438688 -0.04504225 -0.03497895
v -0.21421768 -0.05502687 -0.03497895
v -0.21400942 -0.06501152 -0.03497895
v -0.18162480 -0.35232735 -0.02499137
v -0.17960726 -0.35944647 -0.01924289
v -0.18020602 -0.35031253 -0.03035447
v -0.17696494 -0.36495370 -0.01551762
v -0.17013137 -0.37010270 -0.02020632
v -0.17151111 -0.37158024 -0.01497167
v -0.16515914 -0.37722182 -0.01590299
v -0.11466880 -0.38635573 -0.05440816
v -0.11500722 -0.38116193 -0.06153756
v -0.10501069 -0.38810194 -0.05720212
v -0.09730501 -0.38926607 -0.05893629
v -0.09438936 -0.39235547 -0.05537160
v -0.08500459 -0.39880294 -0.04801740
v -0.09064066 -0.39016154 -0.06022087
v -0.08378106 -0.40180284 -0.04313601
v -0.13464886 -0.38259470 -0.04474173
v -0.13108239 -0.38062465 -0.05087558
v -0.16478166 -0.37278914 -0.02412428
v -0.16129328 -0.37126684 -0.03173539
v -0.15803921 -0.37838593 -0.02499137
v -0.15478513 -0.37484878 -0.03468992
v -0.14792553 -0.37847549 -0.03764445
v -0.14517908 -0.37516218 -0.04512710
v -0.13774675 -0.37852025 -0.04792105
v -0.12406659 -0.38183355 -0.05453662
v -0.12010963 -0.38004258 -0.06006030
v -0.18702656 0.01499993 -0.10550219
v -0.18694848 0.02480547 -0.10569488
v -0.18204132 0.02480547 -0.11269581
v -0.18696149 0.00497051 -0.10543796
v -0.18687037 -0.00501414 -0.10527738
v -0.18641481 -0.02502818 -0.10498836
v -0.18598527 -0.03501283 -0.10498836
v -0.18543857 -0.04504225 -0.10498836
v -0.18485284 -0.05502687 -0.10498836
v -0.15767474 -0.17502165 -0.11789834
v -0.16195711 -0.18500629 -0.11189295
v -0.16798368 -0.17502165 -0.10781442
v -0.16958469 -0.15760450 -0.10954860
v -0.17158920 -0.18500629 -0.10177691
v -0.17247431 -0.17502165 -0.10283669
v -0.17829262 -0.16503701 -0.09779473
v -0.18133843 -0.17502165 -0.09178934
v -0.18205433 -0.16503701 -0.09278488
v -0.19015048 -0.11157665 -0.09021573
v -0.18892695 -0.13503832 -0.08828887
v -0.18981206 -0.11824801 -0.08970190
v -0.18835424 -0.14502296 -0.08742177
v -0.18706562 -0.16503701 -0.08549491
v -0.18772945 -0.15500760 -0.08645834
v -0.19087940 -0.09501021 -0.09140396
v -0.19043684 -0.10503963 -0.09069744
v -0.19128291 -0.08502557 -0.09207837
v -0.18886188 -0.06501152 -0.09821221
v -0.08378106 -0.17502165 -0.15271038
v -0.08378106 -0.18496151 -0.15075138
v -0.08440584 -0.18491675 -0.15068716
v -0.08378106 -0.19364771 -0.14898509
v -0.08500459 -0.20497558 -0.14638382
v -0.08500459 -0.21496022 -0.14420006
v -0.08500459 -0.22498962 -0.14195204
v -0.08500459 -0.23676524 -0.13925442
v -0.08500459 -0.24495891 -0.13729545
v -0.08500459 -0.25498831 -0.13488686
v -0.09080987 -0.27065927 -0.13016605
v -0.09449349 -0.26470432 -0.13087258
v -0.11003499 -0.29004651 -0.11998578
v -0.09449349 -0.27437553 -0.12843187
v -0.09500113 -0.28498703 -0.12560581
v -0.09500113 -0.30267280 -0.12078864
v -0.09500113 -0.30768752 -0.11931138
v -0.10501069 -0.31498569 -0.11414097
v -0.10435987 -0.30437422 -0.11780200
v -0.10724950 -0.29667306 -0.11908658
v -0.10435987 -0.29398662 -0.12075653
v -0.09500113 -0.29497164 -0.12294031
v -0.11168806 -0.28498703 -0.12066019
v -0.11533263 -0.27486804 -0.12178419
v -0.11500722 -0.26497295 -0.12438545
v -0.11405703 -0.25404805 -0.12746844
v -0.11667332 -0.24495891 -0.12862456
v -0.11528057 -0.23466085 -0.13161120
v -0.11887307 -0.27809179 -0.11950406
v -0.12077346 -0.27142045 -0.12033904
v -0.12447010 -0.27486804 -0.11764143
v -0.12743782 -0.26497295 -0.11866909
v -0.13050967 -0.29103154 -0.11028723
v -0.13684863 -0.28498703 -0.10800711
v -0.13941284 -0.30876210 -0.09959313
v -0.14452825 -0.30522496 -0.09686341
v -0.14724867 -0.29497164 -0.09785896
v -0.13431044 -0.29461345 -0.10691522
v -0.14909700 -0.28498703 -0.09927199
v -0.15163517 -0.30495629 -0.09140396
v -0.15331428 -0.29497164 -0.09288123
v -0.15564421 -0.28480792 -0.09365197
v -0.15460290 -0.27594262 -0.09695975
v -0.15101039 -0.27330095 -0.10084560
v -0.15224694 -0.26497295 -0.10190538
v -0.15366572 -0.25498831 -0.10315783
v -0.15574834 -0.23497427 -0.10624082
v -0.15075006 -0.23497427 -0.11060838
v -0.16019991 -0.20090112 -0.11019089
v -0.15846874 -0.21496022 -0.10858517
v -0.16087677 -0.19503571 -0.11083318
v -0.15715410 -0.22498962 -0.10742905
v -0.20704567 -0.20497558 -0.03497895
v -0.20617358 -0.21496022 -0.03497895
v -0.20787872 -0.19503571 -0.03497895
v -0.21006547 -0.14108282 -0.04021360
v -0.20880288 -0.18563314 -0.03430454
v -0.21217412 -0.05502687 -0.04499864
v -0.21108074 -0.09501021 -0.04403521
v -0.21188775 -0.06501152 -0.04499864
v -0.21154933 -0.07504094 -0.04499864
v -0.21089852 -0.10503963 -0.04323235
v -0.21070327 -0.11502427 -0.04242949
v -0.21049501 -0.12500891 -0.04162663
v -0.21023467 -0.13503832 -0.04075954
v -0.21242142 -0.04504225 -0.04499864
v -0.18854947 -0.32497036 -0.03732330
v -0.18962984 -0.31870195 -0.03931439
v -0.18644083 -0.33432814 -0.03427243
v -0.19054097 -0.31203061 -0.04095223
v -0.19130895 -0.30495629 -0.04236526
v -0.19180356 -0.29407617 -0.04531979
v -0.18017998 -0.34028310 -0.04027782
v -0.18152067 -0.34417847 -0.03420820
v -0.19349569 -0.28498703 -0.04499864
v -0.19499256 -0.27495760 -0.04499864
v -0.19637230 -0.26497295 -0.04499864
v -0.20342714 -0.20497558 -0.04499864
v -0.20198233 -0.21572137 -0.04592996
v -0.19995178 -0.21952718 -0.04988003
v -0.19963939 -0.22498962 -0.04914140
v -0.19902763 -0.23497427 -0.04779259
v -0.19836378 -0.24495891 -0.04641168
v -0.21100265 0.02480547 -0.05363742
v -0.20955783 0.01499993 -0.05851881
v -0.20957085 0.02480547 -0.05855092
v -0.20951879 0.00497051 -0.05842246
v -0.21096359 -0.00501414 -0.05328416
v -0.21292907 -0.01504354 -0.04499864
v -0.21279889 -0.02502818 -0.04499864
v -0.21262969 -0.03501283 -0.04499864
v -0.17795418 -0.35734206 -0.02499137
v -0.17244828 -0.36468503 -0.02412428
v -0.17141999 -0.35187963 -0.04197989
v -0.17454392 -0.35443175 -0.03427243
v -0.17100346 -0.36114788 -0.03151059
v -0.17809737 -0.34695446 -0.03700215
v -0.16797066 -0.36781925 -0.02685400
v -0.11500722 -0.37713224 -0.06654741
v -0.10705425 -0.37887844 -0.06863485
v -0.10424273 -0.38254994 -0.06516649
v -0.10038989 -0.38013214 -0.07014422
v -0.08500459 -0.39437032 -0.05498622
v -0.08378106 -0.39499715 -0.05424759
v -0.08378106 -0.39884773 -0.04814586
v -0.08500459 -0.39056450 -0.06079893
v -0.09500113 -0.38080373 -0.07097920
v -0.08500459 -0.38178879 -0.07219955
v -0.08500459 -0.38680348 -0.06580878
v -0.13497427 -0.37502787 -0.05492200
v -0.13218878 -0.37149072 -0.06176236
v -0.12678701 -0.37816206 -0.05755538
v -0.16501595 -0.36495370 -0.03497895
v -0.15875511 -0.36880428 -0.03841519
v -0.15207773 -0.37180412 -0.04236526
v -0.14909700 -0.36920723 -0.04901294
v -0.14243263 -0.37184888 -0.05232073
v -0.12392341 -0.37440103 -0.06423517
v -0.12107284 -0.37059522 -0.07069017
v -0.19033271 0.01499993 -0.10052446
v -0.19034573 0.02480547 -0.10055657
v -0.19026764 0.00497051 -0.10042811
v -0.19018954 -0.00501414 -0.10029965
v -0.18735197 -0.01571515 -0.10405704
v -0.19008541 -0.01289439 -0.10013908
v -0.18989016 -0.02502818 -0.09981794
v -0.18968190 -0.03501283 -0.09949679
v -0.18917426 -0.05502687 -0.09869393
v -0.18943459 -0.04504225 -0.09911142
v -0.16695540 -0.18500629 -0.10678677
v -0.17065203 -0.19503571 -0.10071714
v -0.17658748 -0.18500629 -0.09573941
v -0.17747259 -0.17502165 -0.09679918
v -0.18055746 -0.18500629 -0.09072956
v -0.18269214 -0.19440886 -0.08562337
v -0.18454045 -0.18500629 -0.08498108
v -0.19197278 -0.13503832 -0.08327901
v -0.19242835 -0.12500891 -0.08411399
v -0.19237629 -0.11493472 -0.08581606
v -0.19370395 -0.10503963 -0.08498108
v -0.19147815 -0.14502296 -0.08241193
v -0.18999429 -0.17005172 -0.08000334
v -0.19030668 -0.16503701 -0.08048506
v -0.19090544 -0.15500760 -0.08144850
v -0.18679227 -0.17403662 -0.08398553
v -0.18897901 -0.18500629 -0.07836551
v -0.19452398 -0.09501021 -0.08498108
v -0.19526590 -0.08502557 -0.08498108
v -0.19592974 -0.07504094 -0.08498108
v -0.19162133 -0.07504094 -0.09265643
v -0.19195975 -0.06501152 -0.09320237
v -0.08378106 -0.18939416 -0.14985219
v -0.08378106 -0.20622925 -0.14625537
v -0.08378106 -0.21621388 -0.14407158
v -0.08378106 -0.22498962 -0.14208049
v -0.08378106 -0.23703387 -0.13931865
v -0.08378106 -0.24621259 -0.13713488
v -0.08378106 -0.25498831 -0.13501534
v -0.08378106 -0.26618186 -0.13225350
v -0.08500459 -0.26497295 -0.13241406
v -0.08500459 -0.27231592 -0.13058354
v -0.08500459 -0.27733064 -0.12933108
v -0.08500459 -0.28498703 -0.12733999
v -0.08500459 -0.29497164 -0.12467448
v -0.11500722 -0.30495629 -0.11369136
v -0.11403100 -0.29398662 -0.11725606
v -0.11668633 -0.28498703 -0.11860486
v -0.08924791 -0.30961281 -0.11988944
v -0.09500113 -0.31498569 -0.11683857
v -0.10501069 -0.32282120 -0.11118644
v -0.11063374 -0.32058248 -0.11022300
v -0.11438245 -0.31404546 -0.11102586
v -0.12167159 -0.30495629 -0.11080106
v -0.12527710 -0.29461345 -0.11198930
v -0.12500377 -0.28498703 -0.11471902
v -0.12879151 -0.29770288 -0.10935591
v -0.13565113 -0.30522496 -0.10296515
v -0.14529622 -0.31462753 -0.09297757
v -0.15050276 -0.31109035 -0.09040841
v -0.13257927 -0.31498569 -0.10155211
v -0.13757753 -0.31498569 -0.09840490
v -0.15663344 -0.30495629 -0.08690795
v -0.15831254 -0.29497164 -0.08841732
v -0.15940592 -0.28798687 -0.08941287
v -0.16036913 -0.28131554 -0.09034418
v -0.15724520 -0.26497295 -0.09750570
v -0.15866399 -0.25498831 -0.09875816
v -0.15956211 -0.24840651 -0.09959313
v -0.16247778 -0.22498962 -0.10241921
v -0.16359718 -0.21496022 -0.10360744
v -0.16044722 -0.24173516 -0.10042811
v -0.16129328 -0.23497427 -0.10123097
v -0.16587503 -0.19503571 -0.10572699
v -0.20608246 -0.17502165 -0.04499864
v -0.20523641 -0.18500629 -0.04499864
v -0.20436431 -0.19503571 -0.04499864
v -0.20687647 -0.16503701 -0.04499864
v -0.20865971 -0.13503832 -0.04576939
v -0.20858161 -0.14466476 -0.04413155
v -0.20759237 -0.15500760 -0.04499864
v -0.21065120 -0.04504225 -0.05209593
v -0.21050802 -0.05502687 -0.05164633
v -0.21101566 -0.08466738 -0.04576939
v -0.21003944 -0.08108544 -0.05010483
v -0.21035182 -0.06501152 -0.05110038
v -0.21015659 -0.07504094 -0.05049021
v -0.20989625 -0.08775680 -0.04962312
v -0.20972705 -0.09501021 -0.04904506
v -0.20923242 -0.11502427 -0.04743934
v -0.20894606 -0.12500891 -0.04663648
v -0.21076834 -0.03501283 -0.05248130
v -0.18338200 -0.32541808 -0.04564093
v -0.17962028 -0.32908958 -0.04943043
v -0.18145558 -0.33499974 -0.04226892
v -0.18748215 -0.31520957 -0.04458116
v -0.18090889 -0.32241821 -0.05132518
v -0.18845837 -0.30495629 -0.04737511
v -0.18935649 -0.29676262 -0.04885237
v -0.19002032 -0.29013604 -0.05004061
v -0.17123777 -0.34180543 -0.05161421
v -0.17466106 -0.34440234 -0.04445270
v -0.17814943 -0.33499974 -0.04727877
v -0.19043684 -0.28498703 -0.05074712
v -0.19120482 -0.27495760 -0.05209593
v -0.19547416 -0.23497427 -0.05498622
v -0.19408143 -0.24495891 -0.05498622
v -0.20169598 -0.18500629 -0.05402279
v -0.20121437 -0.19503571 -0.05280244
v -0.19673675 -0.22498962 -0.05498622
v -0.19957431 -0.18500629 -0.05903264
v -0.19898857 -0.19503571 -0.05778018
v -0.20738411 0.01499993 -0.06497380
v -0.20731902 0.00497051 -0.06497380
v -0.20741014 0.02480547 -0.06497380
v -0.20947973 -0.00501414 -0.05829401
v -0.21091153 -0.01504354 -0.05305936
v -0.21084645 -0.02502818 -0.05280244
v -0.16551058 -0.35564065 -0.04564093
v -0.16873863 -0.35855097 -0.03819039
v -0.16894689 -0.34847677 -0.04865969
v -0.11500722 -0.37216234 -0.07239223
v -0.10810857 -0.36916244 -0.07916837
v -0.10425574 -0.37471443 -0.07464024
v -0.10144421 -0.37055045 -0.08054929
v -0.09500113 -0.37650543 -0.07598905
v -0.08378106 -0.39119136 -0.06009242
v -0.08378106 -0.38734078 -0.06526284
v -0.08378106 -0.39060926 -0.06089528
v -0.08500459 -0.37753522 -0.07720939
v -0.08378106 -0.38187832 -0.07226378
v -0.13885313 -0.36911768 -0.05896841
v -0.13569017 -0.36544621 -0.06555186
v -0.12773719 -0.36849084 -0.06841005
v -0.16207427 -0.36213291 -0.04265429
v -0.15941894 -0.35935691 -0.04930197
v -0.15574834 -0.36567008 -0.04583362
v -0.15275458 -0.36253589 -0.05296301
v -0.14963065 -0.35962555 -0.05964281
v -0.14603814 -0.36580437 -0.05598177
v -0.12440501 -0.36459547 -0.07460812
v -0.12107284 -0.36065537 -0.08061352
v -0.11500722 -0.36737150 -0.07740208
v -0.19344363 0.00497051 -0.09496866
v -0.19354776 0.01499993 -0.09496866
v -0.19352171 0.02480547 -0.09509712
v -0.19328742 -0.00501414 -0.09496866
v -0.19244136 -0.01571515 -0.09596421
v -0.19283184 -0.02502818 -0.09480809
v -0.19267565 -0.03501283 -0.09448694
v -0.19246739 -0.04504225 -0.09410157
v -0.19223310 -0.05502687 -0.09368408
v -0.17010534 -0.20058770 -0.10010696
v -0.17296894 -0.21496022 -0.09345929
v -0.17316417 -0.20430396 -0.09561095
v -0.17624906 -0.19440886 -0.09406946
v -0.17954218 -0.19736396 -0.08938076
v -0.18010189 -0.19069262 -0.09011938
v -0.18827614 -0.19503571 -0.07727362
v -0.18252292 -0.20497558 -0.08350382
v -0.19658056 -0.13503832 -0.07499350
v -0.19560432 -0.14502296 -0.07499350
v -0.19786917 -0.11502427 -0.07582847
v -0.19452398 -0.15500760 -0.07499350
v -0.19203785 -0.17403662 -0.07553945
v -0.19340457 -0.16503701 -0.07499350
v -0.19136101 -0.19503571 -0.07226378
v -0.19197278 -0.18500629 -0.07335567
v -0.19069718 -0.20497558 -0.07113977
v -0.19863713 -0.09501021 -0.07720939
v -0.19898857 -0.08502557 -0.07788379
v -0.19655451 -0.06501152 -0.08498108
v -0.08378106 -0.27339050 -0.13045508
v -0.08378106 -0.27759928 -0.12939531
v -0.08378106 -0.28485268 -0.12750056
v -0.08378106 -0.28619593 -0.12714729
v -0.08378106 -0.29497164 -0.12480295
v -0.08378106 -0.29622534 -0.12444969
v -0.08555128 -0.30576223 -0.12152728
v -0.12010963 -0.31010532 -0.11003032
v -0.08378106 -0.30889642 -0.12082076
v -0.08378106 -0.31073216 -0.12024270
v -0.08378106 -0.31243357 -0.11966464
v -0.08555128 -0.31458274 -0.11866909
v -0.08500459 -0.32497036 -0.11468691
v -0.09582116 -0.32586583 -0.11240678
v -0.09968701 -0.32980597 -0.10990186
v -0.10501069 -0.32783589 -0.10903477
v -0.11729810 -0.31677666 -0.10880997
v -0.11438245 -0.32434350 -0.10697945
v -0.12666985 -0.30495629 -0.10826402
v -0.14166467 -0.32497036 -0.09124339
v -0.14883666 -0.31771693 -0.08902749
v -0.15490226 -0.31476185 -0.08488474
v -0.16073358 -0.31180674 -0.08074198
v -0.13070491 -0.32094067 -0.10039599
v -0.12406659 -0.31404546 -0.10652985
v -0.13442759 -0.32452261 -0.09631746
v -0.16187902 -0.30495629 -0.08189809
v -0.16333686 -0.29497164 -0.08340748
v -0.16622648 -0.27495760 -0.08597662
v -0.16121519 -0.27495760 -0.09117916
v -0.16485976 -0.28436017 -0.08482051
v -0.16250381 -0.26497295 -0.09249585
v -0.16747604 -0.22498962 -0.09728090
v -0.16859545 -0.21496022 -0.09846913
v -0.16371432 -0.25498831 -0.09374832
v -0.16629156 -0.23497427 -0.09609266
v -0.16941547 -0.20716950 -0.09936833
v -0.20396081 -0.15500760 -0.05498622
v -0.20314078 -0.16503701 -0.05498622
v -0.20186518 -0.17542462 -0.05585331
v -0.20472878 -0.14502296 -0.05498622
v -0.20543166 -0.13503832 -0.05498622
v -0.20730601 -0.10503963 -0.05498622
v -0.20672028 -0.11502427 -0.05498622
v -0.20609549 -0.12500891 -0.05498622
v -0.20920639 -0.03501283 -0.05749115
v -0.20907623 -0.04504225 -0.05707366
v -0.20893306 -0.05502687 -0.05662406
v -0.20876384 -0.06501152 -0.05611023
v -0.20855558 -0.07504094 -0.05550005
v -0.20862065 -0.08466738 -0.05405490
v -0.20783967 -0.09501021 -0.05498622
v -0.20931052 -0.02502818 -0.05781229
v -0.17718622 -0.32541808 -0.05479354
v -0.17045678 -0.33088052 -0.06054202
v -0.17279972 -0.33450723 -0.05495411
v -0.18213242 -0.31498569 -0.05318782
v -0.17868310 -0.31498569 -0.05816555
v -0.18668814 -0.29407617 -0.05402279
v -0.18309563 -0.30531448 -0.05572486
v -0.18732594 -0.28498703 -0.05572486
v -0.18968190 -0.25807774 -0.05945013
v -0.16859545 -0.33755189 -0.05829401
v -0.16544549 -0.34552169 -0.05550005
v -0.19022858 -0.25140637 -0.06034933
v -0.19225913 -0.25485399 -0.05566063
v -0.19537003 -0.19503571 -0.06497380
v -0.19408143 -0.20497558 -0.06497380
v -0.19210294 -0.22498962 -0.06368923
v -0.19142608 -0.23497427 -0.06243677
v -0.19072321 -0.24495891 -0.06118431
v -0.19988671 -0.17900655 -0.05973916
v -0.19655451 -0.18500629 -0.06497380
v -0.20357032 0.01499993 -0.07499350
v -0.20349222 0.00497051 -0.07499350
v -0.20721489 -0.00501414 -0.06497380
v -0.20359635 0.02480547 -0.07499350
v -0.20940164 -0.01504354 -0.05806921
v -0.16228253 -0.35273033 -0.05270610
v -0.15943195 -0.34923795 -0.05938590
v -0.11500722 -0.36235678 -0.08218712
v -0.10734060 -0.35873008 -0.08896326
v -0.10438590 -0.36472982 -0.08475628
v -0.10066323 -0.36025238 -0.09021573
v -0.09500113 -0.36611781 -0.08652257
v -0.09500113 -0.37149072 -0.08151273
v -0.08500459 -0.37252051 -0.08254039
v -0.08378106 -0.37319213 -0.08196232
v -0.08378106 -0.37757999 -0.07727362
v -0.08378106 -0.37811729 -0.07666345
v -0.14296630 -0.36244631 -0.06266157
v -0.13919157 -0.35931212 -0.06934136
v -0.13252720 -0.36181951 -0.07184629
v -0.15609977 -0.35617793 -0.05617446
v -0.15276760 -0.35295421 -0.06279002
v -0.14942239 -0.34932750 -0.06943771
v -0.14619435 -0.35613316 -0.06606570
v -0.12773719 -0.35837188 -0.07852609
v -0.12389737 -0.35416311 -0.08430668
v -0.12005756 -0.34999913 -0.09002304
v -0.11500722 -0.35658091 -0.08719698
v -0.19815552 0.00497051 -0.08642623
v -0.19809045 -0.00501414 -0.08629777
v -0.19820759 0.01499993 -0.08649046
v -0.19822061 0.02480547 -0.08652257
v -0.19797330 -0.01504354 -0.08610509
v -0.19784313 -0.02502818 -0.08584817
v -0.19767392 -0.03501283 -0.08552703
v -0.19708818 -0.05502687 -0.08498108
v -0.17199270 -0.22498962 -0.09227105
v -0.17796721 -0.21496022 -0.08735754
v -0.17886533 -0.20497558 -0.08851366
v -0.18172893 -0.21496022 -0.08234770
v -0.18752119 -0.20497558 -0.07611750
v -0.19022858 -0.21155737 -0.07036902
v -0.19958733 -0.13503832 -0.06911656
v -0.19987369 -0.12868038 -0.06972674
v -0.19786917 -0.12518799 -0.07419064
v -0.19911873 -0.14502296 -0.06812102
v -0.19797330 -0.17542462 -0.06426729
v -0.19809045 -0.16503701 -0.06612992
v -0.20016004 -0.12200904 -0.07030480
v -0.19825965 -0.10503963 -0.07650287
v -0.20040736 -0.11502427 -0.07081863
v -0.20073277 -0.10503963 -0.07152514
v -0.20104516 -0.09501021 -0.07223166
v -0.19928795 -0.07504094 -0.07849397
v -0.19958733 -0.06501152 -0.07910414
v -0.19984765 -0.05502687 -0.07968220
v -0.08378106 -0.31498569 -0.11870120
v -0.08378106 -0.32497036 -0.11481536
v -0.08378106 -0.32604492 -0.11433364
v -0.08500459 -0.33253717 -0.11128278
v -0.09302264 -0.33123875 -0.11060838
v -0.09582116 -0.33473110 -0.10819980
v -0.10501069 -0.34229797 -0.10142366
v -0.10501069 -0.33499974 -0.10547007
v -0.11455165 -0.33477589 -0.10193749
v -0.12479550 -0.32452261 -0.10196960
v -0.12133316 -0.33128351 -0.10068502
v -0.14666294 -0.32497036 -0.08732543
v -0.14005063 -0.33002985 -0.09002304
v -0.15931481 -0.31847811 -0.07932895
v -0.15259838 -0.32497036 -0.08231559
v -0.16495088 -0.31480661 -0.07489716
v -0.17043075 -0.31117991 -0.07049748
v -0.16689031 -0.30495629 -0.07659922
v -0.12799752 -0.32756725 -0.09885450
v -0.16833512 -0.29497164 -0.07814071
v -0.16933738 -0.28740484 -0.07926472
v -0.17018344 -0.28073347 -0.08019603
v -0.16750208 -0.26497295 -0.08729332
v -0.16871260 -0.25498831 -0.08857790
v -0.17028756 -0.24128743 -0.09031207
v -0.17095140 -0.23497427 -0.09108282
v -0.20177406 -0.13503832 -0.06410672
v -0.20138358 -0.14502296 -0.06311117
v -0.20096706 -0.15500760 -0.06211562
v -0.20021211 -0.17233521 -0.06044567
v -0.20290649 -0.11502427 -0.06497380
v -0.20467672 -0.08502557 -0.06497380
v -0.20414305 -0.09501021 -0.06497380
v -0.20354429 -0.10503963 -0.06497380
v -0.20685044 -0.02502818 -0.06497380
v -0.20660312 -0.03501283 -0.06497380
v -0.20596533 -0.05502687 -0.06497380
v -0.20629074 -0.04504225 -0.06497380
v -0.20558785 -0.06501152 -0.06497380
v -0.20514530 -0.07504094 -0.06497380
v -0.20704567 -0.01504354 -0.06497380
v -0.17175841 -0.32497036 -0.06217985
v -0.16754113 -0.32497036 -0.06718969
v -0.16088977 -0.33150738 -0.07091497
v -0.16474262 -0.33455202 -0.06465266
v -0.17969838 -0.30885166 -0.05954647
v -0.17321624 -0.31471705 -0.06539129
v -0.18231466 -0.28498703 -0.06333597
v -0.18133843 -0.29497164 -0.06185871
v -0.18054444 -0.30218029 -0.06073470
v -0.18489189 -0.26497295 -0.06497380
v -0.18719578 -0.25485399 -0.06420305
v -0.18759929 -0.24495891 -0.06619415
v -0.15882018 -0.33817872 -0.06879542
v -0.16193108 -0.34261137 -0.06211562
v -0.18840630 -0.23497427 -0.06744661
v -0.18973397 -0.21822873 -0.06953405
v -0.20074578 0.01499993 -0.08151273
v -0.20354429 0.02480547 -0.07512195
v -0.20070672 0.00497051 -0.08141638
v -0.20337507 -0.00501414 -0.07499350
v -0.15578738 -0.34596944 -0.06577666
v -0.11500722 -0.35156620 -0.09117916
v -0.10439892 -0.35523769 -0.09272065
v -0.09748725 -0.34905887 -0.09940045
v -0.09449349 -0.35411835 -0.09641381
v -0.09500113 -0.36114788 -0.09095436
v -0.08500459 -0.36728194 -0.08755023
v -0.08378106 -0.37256527 -0.08260462
v -0.08378106 -0.36737150 -0.08761446
v -0.14275804 -0.35264078 -0.07229589
v -0.13864487 -0.34861112 -0.07897568
v -0.13558604 -0.35550633 -0.07541098
v -0.15215583 -0.34265614 -0.07200686
v -0.14559560 -0.34565601 -0.07547522
v -0.13198052 -0.35170054 -0.08135215
v -0.12672192 -0.34717834 -0.08803195
v -0.13053571 -0.34050697 -0.09031207
v -0.12404056 -0.34426802 -0.09153242
v -0.11758446 -0.33795485 -0.09885450
v -0.11455165 -0.34435755 -0.09628535
v -0.20064165 -0.00501414 -0.08128792
v -0.20055053 -0.01504354 -0.08109523
v -0.20075880 0.02480547 -0.08151273
v -0.20043339 -0.02502818 -0.08083832
v -0.19796029 -0.04571386 -0.08411399
v -0.20012099 -0.04284830 -0.08022815
v -0.20026417 -0.03501283 -0.08051718
v -0.17699099 -0.22498962 -0.08616931
v -0.17965932 -0.23819801 -0.07952163
v -0.18027109 -0.23152666 -0.08035661
v -0.18086985 -0.22498962 -0.08115947
v -0.18722181 -0.21491544 -0.07422275
v -0.18507412 -0.22498962 -0.07499350
v -0.20180011 -0.12518799 -0.06584089
v -0.20131850 -0.08502557 -0.07287395
v -0.20182613 -0.06501152 -0.07412641
v -0.20157883 -0.07504094 -0.07348412
v -0.20203440 -0.05502687 -0.07467236
v -0.08378106 -0.33267152 -0.11134700
v -0.08500459 -0.33755189 -0.10871363
v -0.09449349 -0.34543216 -0.10235497
v -0.11090708 -0.34064132 -0.10039599
v -0.10501069 -0.34731266 -0.09821221
v -0.12479550 -0.33477589 -0.09686341
v -0.15081514 -0.33123875 -0.08070987
v -0.13432345 -0.33401471 -0.09153242
v -0.13720006 -0.33670118 -0.08803195
v -0.14178181 -0.34193975 -0.08138426
v -0.14425491 -0.33396995 -0.08437090
v -0.16915515 -0.31785125 -0.06902022
v -0.15759665 -0.32497036 -0.07769111
v -0.16254285 -0.32497036 -0.07268126
v -0.17689987 -0.30531448 -0.06442786
v -0.17135490 -0.30495629 -0.07158937
v -0.17263050 -0.29497164 -0.07316298
v -0.17311211 -0.28444973 -0.07553945
v -0.17084727 -0.27495760 -0.08096678
v -0.17196667 -0.26497295 -0.08228347
v -0.17300798 -0.25498831 -0.08356804
v -0.20295855 -0.02502818 -0.07499350
v -0.20319284 -0.01504354 -0.07499350
v -0.20265917 -0.03501283 -0.07499350
v -0.15481116 -0.33468634 -0.07480081
v -0.18270515 -0.27459940 -0.06561609
v -0.18079175 -0.26497295 -0.07107554
v -0.18020602 -0.27101746 -0.07027268
v -0.17952916 -0.27768883 -0.06934136
v -0.17762879 -0.29497164 -0.06686856
v -0.17876120 -0.28498703 -0.06831370
v -0.18172893 -0.25498831 -0.07239223
v -0.18258800 -0.24495891 -0.07367681
v -0.14844617 -0.33791009 -0.07865454
v -0.09082289 -0.35022298 -0.10017119
v -0.08500459 -0.35586452 -0.09692764
v -0.08500459 -0.36226723 -0.09191779
v -0.08378106 -0.36298361 -0.09146819
v -0.13458379 -0.34458143 -0.08469205
v -0.17800625 -0.25498831 -0.07740208
v -0.08378106 -0.33329833 -0.11102586
v -0.08378106 -0.33764142 -0.10874574
v -0.08378106 -0.33844739 -0.10829614
v -0.08378106 -0.34498441 -0.10444241
v -0.08500459 -0.34498441 -0.10431395
v -0.17639223 -0.27459940 -0.07415853
v -0.17696494 -0.26497295 -0.07608539
v -0.08500459 -0.35084981 -0.10062080
v -0.08378106 -0.35595405 -0.09699187
v -0.08378106 -0.36235678 -0.09198202
v -0.08378106 -0.35093936 -0.10065291
v -0.08378106 -0.35156620 -0.10020331
f 1 2 3
f 1 3 4
f 1 4 5
f 1 5 6
f 1 6 7
f 1 7 2
f 2 7 8
f 2 8 9
f 2 9 10
f 2 10 3
f 3 10 11
f 3 11 12
f 3 12 13
f 3 13 4
f 4 14 15
f 4 15 5
f 4 13 16
f 4 16 17
f 4 17 14
f 5 15 18
f 5 18 19
f 5 19 6
f 6 19 20
f 6 20 21
f 6 21 22
f 6 22 23
f 6 23 24
f 6 24 7
f 7 24 25
f 7 25 8
f 8 26 9
f 8 25 27
f 8 27 26
f 9 26 28
f 9 28 29
f 9 29 30
f 9 30 31
f 9 31 10
f 10 31 11
f 11 32 12
f 11 31 33
f 11 33 34
f 11 34 35
f 11 35 32
f 12 36 13
f 12 32 35
f 12 35 37
f 12 37 36
f 13 38 16
f 13 36 37
f 13 37 39
f 13 39 38
f 14 40 15
f 14 17 40
f 15 41 42
f 15 42 18
f 15 40 43
f 15 43 41
f 16 38 17
f 17 38 44
f 17 44 45
f 17 45 40
f 18 46 47
f 18 47 48
f 18 48 19
f 18 42 41
f 18 41 46
f 19 48 20
f 20 49 50
f 20 50 21
f 20 48 49
f 21 50 22
f 22 50 51
f 22 51 52
f 22 52 53
f 22 53 23
f 23 53 54
f 23 54 24
f 24 54 25
f 25 54 55
f 25 55 56
f 25 56 27
f 26 57 28
f 26 27 58
f 26 58 59
f 26 59 57
f 27 56 58
f 28 57 60
f 28 60 61
f 28 61 29
f 29 61 62
f 29 62 63
f 29 63 64
f 29 64 30
f 30 64 65
f 30 65 66
f 30 66 67
f 30 67 68
f 30 68 69
f 30 69 70
f 30 70 31
f 31 70 33
f 33 70 69
f 33 69 68
f 33 68 67
f 33 67 66
f 33 66 102
f 33 102 127
f 33 127 156
f 33 156 159
f 33 159 195
f 33 195 228
f 33 228 273
f 33 273 272
f 33 272 318
f 33 318 317
f 33 317 364
f 33 364 417
f 33 417 473
f 33 473 529
f 33 529 594
f 33 594 667
f 33 667 666
f 33 666 757
f 33 757 756
f 33 756 852
f 33 852 956
f 33 956 1074
f 33 1074 1199
f 33 1199 1341
f 33 1341 1340
f 33 1340 1487
f 33 1487 1631
f 33 1631 1762
f 33 1762 1870
f 33 1870 1845
f 33 1845 1734
f 33 1734 1600
f 33 1600 1452
f 33 1452 1450
f 33 1450 1303
f 33 1303 1160
f 33 1160 1039
f 33 1039 920
f 33 920 815
f 33 815 719
f 33 719 627
f 33 627 559
f 33 559 504
f 33 504 443
f 33 443 387
f 33 387 386
f 33 386 339
f 33 339 338
f 33 338 336
f 33 336 289
f 33 289 245
f 33 245 244
f 33 244 234
f 33 234 199
f 33 199 164
f 33 164 135
f 33 135 134
f 33 134 133
f 33 133 108
f 33 108 103
f 33 103 74
f 33 74 73
f 33 73 72
f 33 72 39
f 33 39 37
f 33 37 35
f 33 35 34
f 38 71 44
f 38 39 72
f 38 72 73
f 38 73 74
f 38 74 71
f 40 45 43
f 41 43 75
f 41 75 76
f 41 76 46
f 43 45 77
f 43 77 75
f 44 71 78
f 44 78 45
f 45 78 79
f 45 79 77
f 46 76 80
f 46 80 81
f 46 81 82
f 46 82 47
f 47 82 48
f 48 82 83
f 48 83 49
f 49 84 50
f 49 83 84
f 50 84 85
f 50 85 86
f 50 86 87
f 50 87 51
f 51 87 88
f 51 88 52
f 52 88 89
f 52 89 90
f 52 90 91
f 52 91 53
f 53 91 54
f 54 91 55
f 55 92 56
f 55 91 93
f 55 93 94
f 55 94 92
f 56 92 58
f 57 95 96
f 57 96 97
f 57 97 60
f 57 59 95
f 58 92 98
f 58 98 59
f 59 98 95
f 60 97 99
f 60 99 61
f 61 99 100
f 61 100 62
f 62 100 63
f 63 100 101
f 63 101 64
f 64 101 66
f 64 66 65
f 66 101 98
f 66 98 125
f 66 125 124
f 66 124 155
f 66 155 190
f 66 190 189
f 66 189 224
f 66 224 268
f 66 268 311
f 66 311 358
f 66 358 409
f 66 409 463
f 66 463 462
f 66 462 523
f 66 523 588
f 66 588 659
f 66 659 658
f 66 658 657
f 66 657 749
f 66 749 748
f 66 748 844
f 66 844 947
f 66 947 1065
f 66 1065 1187
f 66 1187 1186
f 66 1186 1327
f 66 1327 1471
f 66 1471 1470
f 66 1470 1612
f 66 1612 1614
f 66 1614 1613
f 66 1613 1616
f 66 1616 1747
f 66 1747 1746
f 66 1746 1745
f 66 1745 1855
f 66 1855 1856
f 66 1856 1923
f 66 1923 1935
f 66 1935 1934
f 66 1934 1937
f 66 1937 1936
f 66 1936 1929
f 66 1929 1928
f 66 1928 1927
f 66 1927 1926
f 66 1926 1886
f 66 1886 1789
f 66 1789 1788
f 66 1788 1787
f 66 1787 1668
f 66 1668 1667
f 66 1667 1666
f 66 1666 1663
f 66 1663 1662
f 66 1662 1661
f 66 1661 1660
f 66 1660 1659
f 66 1659 1658
f 66 1658 1525
f 66 1525 1524
f 66 1524 1523
f 66 1523 1522
f 66 1522 1521
f 66 1521 1520
f 66 1520 1519
f 66 1519 1370
f 66 1370 1518
f 66 1518 1368
f 66 1368 1367
f 66 1367 1232
f 66 1232 1231
f 66 1231 1101
f 66 1101 984
f 66 984 987
f 66 987 986
f 66 986 982
f 66 982 876
f 66 876 850
f 66 850 754
f 66 754 664
f 66 664 592
f 66 592 527
f 66 527 468
f 66 468 467
f 66 467 413
f 66 413 412
f 66 412 360
f 66 360 314
f 66 314 269
f 66 269 225
f 66 225 191
f 66 191 157
f 66 157 128
f 66 128 102
f 71 74 78
f 74 103 78
f 75 104 76
f 75 77 105
f 75 105 104
f 76 106 80
f 76 104 106
f 77 79 107
f 77 107 105
f 78 103 108
f 78 108 79
f 79 108 107
f 80 109 110
f 80 110 81
f 80 106 111
f 80 111 109
f 81 110 82
f 82 110 112
f 82 112 113
f 82 113 83
f 83 113 84
f 84 113 114
f 84 114 115
f 84 115 116
f 84 116 85
f 85 116 86
f 86 116 117
f 86 117 118
f 86 118 87
f 87 118 88
f 88 118 119
f 88 119 120
f 88 120 121
f 88 121 89
f 89 121 122
f 89 122 90
f 90 122 123
f 90 123 93
f 90 93 91
f 92 94 98
f 93 123 124
f 93 124 125
f 93 125 94
f 94 125 98
f 95 126 96
f 95 98 126
f 96 126 101
f 96 101 97
f 97 101 99
f 98 101 126
f 99 101 100
f 102 128 129
f 102 129 127
f 104 130 106
f 104 105 131
f 104 131 130
f 105 107 132
f 105 132 131
f 106 130 111
f 107 108 133
f 107 133 134
f 107 134 135
f 107 135 132
f 109 136 137
f 109 137 138
f 109 138 110
f 109 111 139
f 109 139 140
f 109 140 136
f 110 138 141
f 110 141 142
f 110 142 112
f 111 130 143
f 111 143 139
f 112 142 114
f 112 114 113
f 114 142 144
f 114 144 145
f 114 145 146
f 114 146 115
f 115 146 116
f 116 146 147
f 116 147 117
f 117 148 118
f 117 147 148
f 118 148 149
f 118 149 150
f 118 150 119
f 119 150 120
f 120 150 151
f 120 151 152
f 120 152 153
f 120 153 121
f 121 153 122
f 122 153 154
f 122 154 155
f 122 155 123
f 123 155 124
f 127 129 156
f 128 157 129
f 129 158 159
f 129 159 156
f 129 157 160
f 129 160 161
f 129 161 158
f 130 131 162
f 130 162 143
f 131 132 163
f 131 163 162
f 132 135 163
f 135 164 163
f 136 165 166
f 136 166 167
f 136 167 137
f 136 140 168
f 136 168 169
f 136 169 165
f 137 167 170
f 137 170 138
f 138 170 171
f 138 171 141
f 139 143 172
f 139 172 140
f 140 172 168
f 141 171 144
f 141 144 142
f 143 162 173
f 143 173 172
f 144 171 174
f 144 174 175
f 144 175 176
f 144 176 145
f 145 176 146
f 146 176 177
f 146 177 178
f 146 178 148
f 146 148 147
f 148 178 179
f 148 179 180
f 148 180 181
f 148 181 150
f 148 150 149
f 150 182 183
f 150 183 151
f 150 181 182
f 151 184 152
f 151 183 184
f 152 184 185
f 152 185 186
f 152 186 187
f 152 187 153
f 153 187 188
f 153 188 154
f 154 188 189
f 154 189 190
f 154 190 155
f 157 191 192
f 157 192 160
f 158 193 159
f 158 161 194
f 158 194 193
f 159 193 195
f 160 192 161
f 161 192 196
f 161 196 197
f 161 197 194
f 162 163 198
f 162 198 173
f 163 164 199
f 163 199 198
f 165 169 200
f 165 200 201
f 165 201 166
f 166 201 202
f 166 202 203
f 166 203 167
f 167 203 170
f 168 172 204
f 168 204 205
f 168 205 169
f 169 205 206
f 169 206 200
f 170 203 207
f 170 207 174
f 170 174 171
f 172 173 204
f 173 198 208
f 173 208 204
f 174 207 209
f 174 209 210
f 174 210 211
f 174 211 212
f 174 212 213
f 174 213 175
f 175 213 176
f 176 213 214
f 176 214 177
f 177 214 179
f 177 179 178
f 179 214 215
f 179 215 216
f 179 216 217
f 179 217 182
f 179 182 180
f 180 182 181
f 182 218 219
f 182 219 183
f 182 217 218
f 183 219 184
f 184 219 220
f 184 220 185
f 185 221 186
f 185 220 221
f 186 221 222
f 186 222 188
f 186 188 187
f 188 222 223
f 188 223 189
f 189 223 224
f 191 225 226
f 191 226 192
f 192 226 196
f 193 227 228
f 193 228 195
f 193 194 227
f 194 229 227
f 194 197 230
f 194 230 229
f 196 226 231
f 196 231 232
f 196 232 233
f 196 233 197
f 197 233 230
f 198 199 208
f 199 234 208
f 200 235 201
f 200 206 236
f 200 236 235
f 201 235 237
f 201 237 202
f 202 237 238
f 202 238 239
f 202 239 203
f 203 239 209
f 203 209 207
f 204 208 240
f 204 240 205
f 205 240 241
f 205 241 206
f 206 242 236
f 206 241 243
f 206 243 242
f 208 234 244
f 208 244 245
f 208 245 240
f 209 239 246
f 209 246 210
f 210 247 211
f 210 246 247
f 211 248 249
f 211 249 250
f 211 250 251
f 211 251 213
f 211 213 212
f 211 247 248
f 213 251 215
f 213 215 214
f 215 250 216
f 215 251 250
f 216 252 253
f 216 253 217
f 216 250 252
f 217 253 218
f 218 253 254
f 218 254 255
f 218 255 220
f 218 220 219
f 220 255 256
f 220 256 257
f 220 257 258
f 220 258 221
f 221 259 260
f 221 260 222
f 221 258 259
f 222 260 261
f 222 261 223
f 223 261 224
f 224 262 263
f 224 263 264
f 224 264 265
f 224 265 266
f 224 266 267
f 224 267 268
f 224 261 262
f 225 269 270
f 225 270 226
f 226 270 231
f 227 271 272
f 227 272 273
f 227 273 228
f 227 229 274
f 227 274 271
f 229 230 275
f 229 275 274
f 230 233 276
f 230 276 277
f 230 277 278
f 230 278 275
f 231 270 279
f 231 279 327
f 231 327 280
f 231 280 232
f 232 280 281
f 232 281 233
f 233 281 277
f 233 277 276
f 235 236 282
f 235 282 283
f 235 283 284
f 235 284 237
f 236 242 285
f 236 285 282
f 237 284 286
f 237 286 238
f 238 287 288
f 238 288 239
f 238 286 287
f 239 288 246
f 240 245 289
f 240 289 241
f 241 290 243
f 241 289 290
f 242 243 291
f 242 291 285
f 243 290 291
f 246 288 292
f 246 292 293
f 246 293 248
f 246 248 247
f 248 293 294
f 248 294 295
f 248 295 249
f 249 295 250
f 250 295 296
f 250 296 297
f 250 297 298
f 250 298 252
f 252 298 253
f 253 298 254
f 254 298 256
f 254 256 255
f 256 298 299
f 256 299 300
f 256 300 301
f 256 301 302
f 256 302 257
f 257 302 258
f 258 302 259
f 259 302 303
f 259 303 304
f 259 304 260
f 260 304 262
f 260 262 261
f 262 304 263
f 263 304 305
f 263 305 264
f 264 305 306
f 264 306 265
f 265 306 307
f 265 307 266
f 266 307 352
f 266 352 308
f 266 308 309
f 266 309 267
f 267 309 268
f 268 310 311
f 268 309 312
f 268 312 313
f 268 313 310
f 269 314 315
f 269 315 270
f 270 315 279
f 271 316 317
f 271 317 318
f 271 318 272
f 271 274 319
f 271 319 316
f 274 275 319
f 275 320 319
f 275 278 321
f 275 321 320
f 277 322 278
f 277 281 280
f 277 280 323
f 277 323 324
f 277 324 322
f 278 322 325
f 278 325 321
f 279 315 326
f 279 326 327
f 280 327 323
f 282 285 328
f 282 328 283
f 283 329 330
f 283 330 284
f 283 328 331
f 283 331 329
f 284 330 286
f 285 291 332
f 285 332 328
f 286 330 333
f 286 333 287
f 287 333 334
f 287 334 335
f 287 335 288
f 288 335 292
f 289 336 290
f 290 337 291
f 290 336 338
f 290 338 337
f 291 337 339
f 291 339 340
f 291 340 332
f 292 335 341
f 292 341 342
f 292 342 293
f 293 342 294
f 294 343 295
f 294 342 343
f 295 343 344
f 295 344 296
f 296 344 297
f 297 344 345
f 297 345 298
f 298 345 299
f 299 346 300
f 299 345 346
f 300 347 348
f 300 348 349
f 300 349 301
f 300 346 347
f 301 349 302
f 302 349 303
f 303 349 350
f 303 350 305
f 303 305 304
f 305 350 306
f 306 350 351
f 306 351 307
f 307 351 353
f 307 353 354
f 307 354 352
f 308 352 400
f 308 400 355
f 308 355 309
f 309 355 356
f 309 356 313
f 309 313 312
f 310 313 357
f 310 357 311
f 311 357 358
f 313 356 359
f 313 359 357
f 314 360 315
f 315 360 361
f 315 361 362
f 315 362 326
f 316 363 364
f 316 364 317
f 316 319 365
f 316 365 363
f 319 320 366
f 319 366 365
f 320 321 367
f 320 367 366
f 321 325 367
f 322 324 325
f 323 327 368
f 323 368 370
f 323 370 324
f 324 369 325
f 324 370 371
f 324 371 369
f 325 369 372
f 325 372 373
f 325 373 367
f 326 362 374
f 326 374 375
f 326 375 327
f 327 375 374
f 327 374 376
f 327 376 368
f 328 332 377
f 328 377 331
f 329 331 378
f 329 378 379
f 329 379 380
f 329 380 330
f 330 380 333
f 331 381 378
f 331 377 381
f 332 340 382
f 332 382 377
f 333 383 334
f 333 380 383
f 334 384 385
f 334 385 335
f 334 383 384
f 335 385 341
f 337 338 339
f 339 386 340
f 340 386 387
f 340 387 382
f 341 388 389
f 341 389 342
f 341 385 388
f 342 389 390
f 342 390 343
f 343 391 392
f 343 392 344
f 343 390 391
f 344 392 393
f 344 393 345
f 345 393 346
f 346 393 392
f 346 392 394
f 346 394 347
f 347 395 396
f 347 396 348
f 347 394 395
f 348 396 397
f 348 397 349
f 349 397 350
f 350 397 351
f 351 397 398
f 351 398 399
f 351 399 353
f 352 354 400
f 353 399 354
f 354 399 401
f 354 401 402
f 354 402 403
f 354 403 400
f 355 400 404
f 355 404 356
f 356 404 405
f 356 405 359
f 357 359 411
f 357 411 406
f 357 406 407
f 357 407 408
f 357 408 358
f 358 408 409
f 359 405 410
f 359 410 411
f 360 412 361
f 361 412 413
f 361 413 362
f 362 413 414
f 362 414 374
f 363 415 364
f 363 365 416
f 363 416 415
f 364 415 417
f 365 366 418
f 365 418 416
f 366 367 419
f 366 419 418
f 367 373 420
f 367 420 419
f 368 376 370
f 369 371 372
f 370 376 421
f 370 421 422
f 370 422 423
f 370 423 371
f 371 424 372
f 371 423 424
f 372 425 373
f 372 424 426
f 372 426 425
f 373 425 420
f 374 414 427
f 374 427 428
f 374 428 376
f 376 428 429
f 376 429 421
f 377 430 381
f 377 382 431
f 377 431 430
f 378 381 432
f 378 432 433
f 378 433 379
f 379 434 435
f 379 435 380
f 379 433 434
f 380 435 383
f 381 430 436
f 381 436 437
f 381 437 432
f 382 438 439
f 382 439 431
f 382 387 438
f 383 435 440
f 383 440 384
f 384 440 441
f 384 441 385
f 385 441 442
f 385 442 388
f 387 443 438
f 388 444 445
f 388 445 389
f 388 442 444
f 389 445 446
f 389 446 391
f 389 391 390
f 391 446 447
f 391 447 448
f 391 448 392
f 392 449 450
f 392 450 394
f 392 448 449
f 394 450 451
f 394 451 395
f 395 451 452
f 395 452 453
f 395 453 396
f 396 453 398
f 396 398 397
f 398 453 399
f 399 453 454
f 399 454 401
f 400 455 404
f 400 403 456
f 400 456 455
f 401 454 402
f 402 457 403
f 402 454 458
f 402 458 518
f 402 518 457
f 403 457 456
f 404 459 405
f 404 455 459
f 405 459 410
f 406 411 460
f 406 460 461
f 406 461 407
f 407 462 463
f 407 463 408
f 407 461 523
f 407 523 462
f 408 463 409
f 410 459 464
f 410 464 465
f 410 465 411
f 411 465 466
f 411 466 460
f 413 467 414
f 414 467 468
f 414 468 469
f 414 469 427
f 415 470 417
f 415 416 470
f 416 471 470
f 416 418 472
f 416 472 471
f 417 470 473
f 418 419 474
f 418 474 472
f 419 420 475
f 419 475 474
f 420 425 476
f 420 476 475
f 421 429 422
f 422 477 423
f 422 429 478
f 422 478 479
f 422 479 477
f 423 477 424
f 424 477 479
f 424 479 480
f 424 480 426
f 425 426 481
f 425 481 482
f 425 482 476
f 426 480 540
f 426 540 483
f 426 483 484
f 426 484 481
f 427 485 486
f 427 486 487
f 427 487 428
f 427 469 485
f 428 487 488
f 428 488 489
f 428 489 490
f 428 490 429
f 429 490 535
f 429 535 478
f 430 431 436
f 431 439 491
f 431 491 436
f 432 437 492
f 432 492 493
f 432 493 433
f 433 493 494
f 433 494 434
f 434 495 496
f 434 496 435
f 434 494 497
f 434 497 495
f 435 496 440
f 436 491 498
f 436 498 499
f 436 499 500
f 436 500 437
f 437 500 492
f 438 443 439
f 439 443 491
f 440 496 501
f 440 501 441
f 441 502 442
f 441 501 502
f 442 502 503
f 442 503 444
f 443 504 491
f 444 505 506
f 444 506 445
f 444 503 505
f 445 506 446
f 446 507 447
f 446 506 507
f 447 507 508
f 447 508 509
f 447 509 448
f 448 509 449
f 449 509 510
f 449 510 451
f 449 451 450
f 451 510 511
f 451 511 512
f 451 512 452
f 452 512 453
f 453 512 513
f 453 513 454
f 454 513 514
f 454 514 458
f 455 456 515
f 455 515 459
f 456 457 516
f 456 516 517
f 456 517 515
f 457 518 516
f 458 514 519
f 458 519 518
f 459 515 464
f 460 466 520
f 460 520 521
f 460 521 522
f 460 522 461
f 461 522 588
f 461 588 523
f 464 515 524
f 464 524 525
f 464 525 465
f 465 525 526
f 465 526 466
f 466 526 520
f 468 527 485
f 468 485 469
f 470 528 594
f 470 594 529
f 470 529 473
f 470 471 530
f 470 530 528
f 471 472 530
f 472 531 530
f 472 474 532
f 472 532 531
f 474 475 533
f 474 533 532
f 475 476 534
f 475 534 533
f 476 482 534
f 478 535 536
f 478 536 537
f 478 537 479
f 479 537 538
f 479 538 539
f 479 539 480
f 480 539 605
f 480 605 540
f 481 484 482
f 482 484 541
f 482 541 534
f 483 541 484
f 483 540 542
f 483 542 541
f 485 527 543
f 485 543 544
f 485 544 486
f 486 544 545
f 486 545 487
f 487 545 488
f 488 545 546
f 488 546 547
f 488 547 548
f 488 548 549
f 488 549 550
f 488 550 551
f 488 551 489
f 489 551 535
f 489 535 490
f 491 552 498
f 491 504 552
f 492 553 493
f 492 500 554
f 492 554 553
f 493 555 494
f 493 553 555
f 494 555 497
f 495 497 556
f 495 556 557
f 495 557 558
f 495 558 496
f 496 558 501
f 497 555 556
f 498 552 504
f 498 504 559
f 498 559 499
f 499 559 560
f 499 560 561
f 499 561 562
f 499 562 500
f 500 562 563
f 500 563 564
f 500 564 554
f 501 558 565
f 501 565 502
f 502 566 503
f 502 565 566
f 503 566 567
f 503 567 505
f 505 568 569
f 505 569 570
f 505 570 506
f 505 567 568
f 506 570 507
f 507 570 571
f 507 571 508
f 508 571 572
f 508 572 573
f 508 573 509
f 509 573 574
f 509 574 510
f 510 574 512
f 510 512 511
f 512 574 575
f 512 575 576
f 512 576 513
f 513 576 577
f 513 577 514
f 514 577 578
f 514 578 519
f 515 517 579
f 515 579 524
f 516 580 517
f 516 518 581
f 516 581 580
f 517 580 579
f 518 519 582
f 518 582 581
f 519 578 583
f 519 583 582
f 520 526 584
f 520 584 585
f 520 585 521
f 521 585 586
f 521 586 522
f 522 586 587
f 522 587 588
f 524 579 589
f 524 589 590
f 524 590 591
f 524 591 525
f 525 591 526
f 526 591 584
f 527 592 543
f 528 593 594
f 528 530 595
f 528 595 593
f 530 531 596
f 530 596 595
f 531 532 597
f 531 597 596
f 532 533 598
f 532 598 597
f 533 534 599
f 533 599 598
f 534 600 599
f 534 541 601
f 534 601 600
f 535 551 536
f 536 551 602
f 536 602 603
f 536 603 538
f 536 538 537
f 538 603 678
f 538 678 604
f 538 604 605
f 538 605 539
f 540 605 606
f 540 606 542
f 541 542 607
f 541 607 601
f 542 608 609
f 542 609 607
f 542 606 608
f 543 592 664
f 543 664 610
f 543 610 611
f 543 611 544
f 544 611 612
f 544 612 545
f 545 612 546
f 546 612 547
f 547 612 613
f 547 613 548
f 548 614 615
f 548 615 616
f 548 616 617
f 548 617 618
f 548 618 549
f 548 613 614
f 549 618 550
f 550 618 551
f 551 618 602
f 553 619 555
f 553 554 620
f 553 620 621
f 553 621 619
f 554 564 622
f 554 622 620
f 555 623 556
f 555 619 623
f 556 623 624
f 556 624 557
f 557 625 626
f 557 626 558
f 557 624 625
f 558 626 565
f 559 627 628
f 559 628 629
f 559 629 560
f 560 630 561
f 560 629 630
f 561 630 631
f 561 631 562
f 562 631 632
f 562 632 633
f 562 633 634
f 562 634 563
f 563 634 564
f 564 634 635
f 564 635 622
f 565 626 636
f 565 636 637
f 565 637 566
f 566 637 567
f 567 637 638
f 567 638 639
f 567 639 568
f 568 639 640
f 568 640 569
f 569 640 641
f 569 641 642
f 569 642 571
f 569 571 570
f 571 642 572
f 572 642 643
f 572 643 573
f 573 643 644
f 573 644 574
f 574 644 575
f 575 577 576
f 575 644 577
f 577 644 645
f 577 645 578
f 578 645 646
f 578 646 647
f 578 647 583
f 579 580 648
f 579 648 589
f 580 581 649
f 580 649 648
f 581 582 650
f 581 650 649
f 582 583 651
f 582 651 650
f 583 647 652
f 583 652 653
f 583 653 651
f 584 591 654
f 584 654 585
f 585 654 655
f 585 655 586
f 586 655 656
f 586 656 587
f 587 656 657
f 587 657 658
f 587 658 659
f 587 659 588
f 589 660 590
f 589 648 661
f 589 661 660
f 590 660 662
f 590 662 591
f 591 662 663
f 591 663 654
f 593 665 757
f 593 757 666
f 593 666 667
f 593 667 594
f 593 595 665
f 595 668 665
f 595 596 669
f 595 669 668
f 596 597 670
f 596 670 669
f 597 598 670
f 598 599 672
f 598 672 671
f 598 671 670
f 599 600 673
f 599 673 672
f 600 601 673
f 601 607 684
f 601 684 674
f 601 674 673
f 602 675 676
f 602 676 677
f 602 677 603
f 602 618 675
f 603 677 679
f 603 679 678
f 604 678 680
f 604 680 681
f 604 681 605
f 605 681 606
f 606 681 682
f 606 682 683
f 606 683 608
f 607 609 684
f 608 683 685
f 608 685 609
f 609 685 686
f 609 686 687
f 609 687 684
f 610 664 754
f 610 754 688
f 610 688 689
f 610 689 611
f 611 689 690
f 611 690 612
f 612 690 613
f 613 690 691
f 613 691 614
f 614 691 690
f 614 690 692
f 614 692 693
f 614 693 694
f 614 694 615
f 615 694 695
f 615 695 616
f 616 696 697
f 616 697 617
f 616 695 694
f 616 694 698
f 616 698 699
f 616 699 700
f 616 700 701
f 616 701 702
f 616 702 696
f 617 703 704
f 617 704 618
f 617 697 696
f 617 696 703
f 618 704 675
f 619 621 705
f 619 705 706
f 619 706 707
f 619 707 623
f 620 622 708
f 620 708 709
f 620 709 710
f 620 710 711
f 620 711 712
f 620 712 621
f 621 712 705
f 622 635 713
f 622 713 708
f 623 707 624
f 624 707 714
f 624 714 625
f 625 715 716
f 625 716 626
f 625 714 717
f 625 717 715
f 626 716 718
f 626 718 636
f 627 719 720
f 627 720 721
f 627 721 722
f 627 722 723
f 627 723 628
f 628 724 630
f 628 630 629
f 628 723 722
f 628 722 724
f 630 724 725
f 630 725 631
f 631 725 726
f 631 726 632
f 632 726 727
f 632 727 728
f 632 728 729
f 632 729 633
f 633 729 634
f 634 729 730
f 634 730 731
f 634 731 635
f 635 731 713
f 636 718 732
f 636 732 637
f 637 732 638
f 638 732 733
f 638 733 639
f 639 734 640
f 639 733 735
f 639 735 734
f 640 734 736
f 640 736 641
f 641 736 642
f 642 736 737
f 642 737 646
f 642 646 643
f 643 646 644
f 644 646 645
f 646 737 652
f 646 652 647
f 648 649 738
f 648 738 661
f 649 650 739
f 649 739 738
f 650 651 740
f 650 740 739
f 651 653 741
f 651 741 740
f 652 742 653
f 652 737 736
f 652 736 743
f 652 743 742
f 653 742 741
f 654 663 744
f 654 744 745
f 654 745 655
f 655 745 746
f 655 746 747
f 655 747 656
f 656 747 748
f 656 748 749
f 656 749 657
f 660 661 750
f 660 750 751
f 660 751 662
f 661 738 752
f 661 752 750
f 662 751 753
f 662 753 663
f 663 753 744
f 665 755 756
f 665 756 757
f 665 668 758
f 665 758 755
f 668 669 759
f 668 759 758
f 669 670 760
f 669 760 759
f 670 671 761
f 670 761 760
f 671 672 762
f 671 762 761
f 672 673 763
f 672 763 762
f 673 674 764
f 673 764 763
f 674 684 765
f 674 765 764
f 675 704 676
f 676 704 766
f 676 766 677
f 677 766 679
f 678 679 767
f 678 767 680
f 679 766 767
f 680 768 682
f 680 682 681
f 680 767 863
f 680 863 768
f 682 769 683
f 682 768 770
f 682 770 771
f 682 771 769
f 683 769 686
f 683 686 685
f 684 687 772
f 684 772 773
f 684 773 765
f 686 769 771
f 686 771 774
f 686 774 775
f 686 775 776
f 686 776 777
f 686 777 778
f 686 778 772
f 686 772 687
f 688 754 850
f 688 850 779
f 688 779 780
f 688 780 689
f 689 780 781
f 689 781 692
f 689 692 690
f 692 781 780
f 692 780 782
f 692 782 783
f 692 783 784
f 692 784 693
f 693 784 785
f 693 785 694
f 694 785 698
f 696 702 703
f 698 785 786
f 698 786 787
f 698 787 699
f 699 788 789
f 699 789 790
f 699 790 700
f 699 787 788
f 700 790 701
f 701 790 702
f 702 790 791
f 702 791 703
f 703 791 792
f 703 792 704
f 704 792 793
f 704 793 794
f 704 794 766
f 705 712 795
f 705 795 796
f 705 796 797
f 705 797 706
f 706 798 707
f 706 797 798
f 707 798 714
f 708 713 806
f 708 806 799
f 708 799 800
f 708 800 801
f 708 801 709
f 709 801 710
f 710 801 711
f 711 801 802
f 711 802 712
f 712 802 803
f 712 803 804
f 712 804 795
f 713 731 805
f 713 805 806
f 714 798 717
f 715 807 808
f 715 808 809
f 715 809 716
f 715 717 810
f 715 810 807
f 716 809 811
f 716 811 718
f 717 798 812
f 717 812 813
f 717 813 810
f 718 811 814
f 718 814 732
f 719 815 816
f 719 816 817
f 719 817 818
f 719 818 720
f 720 818 721
f 721 819 725
f 721 725 724
f 721 724 722
f 721 818 817
f 721 817 820
f 721 820 923
f 721 923 819
f 725 819 821
f 725 821 822
f 725 822 823
f 725 823 824
f 725 824 726
f 726 824 727
f 727 824 728
f 728 824 729
f 729 824 825
f 729 825 730
f 730 825 826
f 730 826 827
f 730 827 731
f 731 827 805
f 732 814 733
f 733 814 828
f 733 828 829
f 733 829 735
f 734 735 830
f 734 830 831
f 734 831 832
f 734 832 736
f 735 829 830
f 736 832 833
f 736 833 743
f 738 739 834
f 738 834 752
f 739 740 835
f 739 835 836
f 739 836 834
f 740 741 835
f 741 742 837
f 741 837 835
f 742 743 838
f 742 838 837
f 743 833 838
f 744 753 839
f 744 839 840
f 744 840 745
f 745 840 841
f 745 841 746
f 746 841 842
f 746 842 747
f 747 842 843
f 747 843 844
f 747 844 748
f 750 845 751
f 750 752 846
f 750 846 845
f 751 845 847
f 751 847 753
f 752 834 848
f 752 848 846
f 753 847 849
f 753 849 839
f 755 851 756
f 755 758 851
f 756 851 852
f 758 853 851
f 758 759 854
f 758 854 853
f 759 760 854
f 760 855 854
f 760 761 856
f 760 856 855
f 761 762 857
f 761 857 856
f 762 763 858
f 762 858 857
f 763 764 859
f 763 859 858
f 764 765 859
f 765 860 859
f 765 773 867
f 765 867 860
f 766 861 767
f 766 794 862
f 766 862 861
f 767 861 863
f 768 863 770
f 770 864 865
f 770 865 771
f 770 863 866
f 770 866 971
f 770 971 864
f 771 865 774
f 772 867 773
f 772 778 867
f 774 865 775
f 775 868 870
f 775 870 776
f 775 865 864
f 775 864 869
f 775 869 868
f 776 870 871
f 776 871 777
f 777 871 778
f 778 871 872
f 778 872 873
f 778 873 874
f 778 874 875
f 778 875 860
f 778 860 867
f 779 850 876
f 779 876 877
f 779 877 878
f 779 878 780
f 780 878 782
f 782 878 783
f 783 878 879
f 783 879 880
f 783 880 881
f 783 881 784
f 784 881 882
f 784 882 883
f 784 883 884
f 784 884 785
f 785 884 787
f 785 787 786
f 787 884 885
f 787 885 788
f 788 885 886
f 788 886 887
f 788 887 789
f 789 887 888
f 789 888 889
f 789 889 790
f 790 889 890
f 790 890 891
f 790 891 791
f 791 891 892
f 791 892 893
f 791 893 894
f 791 894 792
f 792 894 895
f 792 895 793
f 793 895 794
f 794 895 862
f 795 804 896
f 795 896 897
f 795 897 898
f 795 898 796
f 796 898 899
f 796 899 900
f 796 900 901
f 796 901 797
f 797 901 812
f 797 812 798
f 799 806 902
f 799 902 800
f 800 902 903
f 800 903 801
f 801 903 904
f 801 904 802
f 802 904 905
f 802 905 803
f 803 905 906
f 803 906 907
f 803 907 804
f 804 907 908
f 804 908 896
f 805 827 931
f 805 931 909
f 805 909 910
f 805 910 902
f 805 902 806
f 807 810 911
f 807 911 912
f 807 912 808
f 808 912 913
f 808 913 914
f 808 914 809
f 809 914 811
f 810 813 915
f 810 915 916
f 810 916 911
f 811 914 917
f 811 917 814
f 812 901 918
f 812 918 813
f 813 918 919
f 813 919 915
f 814 917 828
f 815 920 921
f 815 921 816
f 816 921 922
f 816 922 923
f 816 923 820
f 816 820 817
f 819 923 924
f 819 924 821
f 821 924 822
f 822 924 925
f 822 925 823
f 823 925 824
f 824 925 926
f 824 926 825
f 825 926 927
f 825 927 928
f 825 928 826
f 826 928 929
f 826 929 827
f 827 929 930
f 827 930 931
f 828 932 933
f 828 933 829
f 828 917 932
f 829 933 934
f 829 934 830
f 830 934 935
f 830 935 831
f 831 935 936
f 831 936 833
f 831 833 832
f 833 936 838
f 834 836 937
f 834 937 848
f 835 938 836
f 835 837 939
f 835 939 938
f 836 938 937
f 837 838 940
f 837 940 939
f 838 936 940
f 839 849 941
f 839 941 840
f 840 941 942
f 840 942 943
f 840 943 841
f 841 943 944
f 841 944 945
f 841 945 842
f 842 945 946
f 842 946 843
f 843 946 947
f 843 947 844
f 845 846 948
f 845 948 949
f 845 949 847
f 846 848 950
f 846 950 951
f 846 951 948
f 847 949 849
f 848 937 952
f 848 952 950
f 849 949 953
f 849 953 954
f 849 954 941
f 851 955 852
f 851 853 955
f 852 955 956
f 853 957 955
f 853 854 958
f 853 958 957
f 854 855 959
f 854 959 958
f 855 856 960
f 855 960 959
f 856 857 961
f 856 961 960
f 857 858 962
f 857 962 961
f 858 859 963
f 858 963 962
f 859 860 964
f 859 964 963
f 860 875 965
f 860 965 964
f 861 862 966
f 861 966 967
f 861 967 863
f 862 895 968
f 862 968 966
f 863 967 969
f 863 969 970
f 863 970 866
f 864 971 972
f 864 972 869
f 866 970 1084
f 866 1084 971
f 868 973 870
f 868 869 974
f 868 974 975
f 868 975 976
f 868 976 973
f 869 972 1088
f 869 1088 974
f 870 973 871
f 871 973 872
f 872 977 979
f 872 979 873
f 872 973 978
f 872 978 977
f 873 979 980
f 873 980 874
f 874 980 981
f 874 981 964
f 874 964 965
f 874 965 875
f 876 982 878
f 876 878 877
f 878 982 983
f 878 983 879
f 879 984 1101
f 879 1101 985
f 879 985 880
f 879 983 982
f 879 982 986
f 879 986 987
f 879 987 984
f 880 985 1102
f 880 1102 988
f 880 988 881
f 881 989 990
f 881 990 882
f 881 988 991
f 881 991 992
f 881 992 993
f 881 993 994
f 881 994 989
f 882 990 883
f 883 990 884
f 884 990 885
f 885 995 996
f 885 996 886
f 885 990 995
f 886 996 995
f 886 995 997
f 886 997 998
f 886 998 999
f 886 999 1000
f 886 1000 888
f 886 888 887
f 888 1000 1001
f 888 1001 889
f 889 1001 1002
f 889 1002 1003
f 889 1003 1004
f 889 1004 1005
f 889 1005 1006
f 889 1006 1007
f 889 1007 890
f 890 1007 1008
f 890 1008 1009
f 890 1009 891
f 891 1009 1008
f 891 1008 1010
f 891 1010 892
f 892 1010 893
f 893 1010 1011
f 893 1011 894
f 894 1011 1012
f 894 1012 895
f 895 1012 968
f 896 908 1013
f 896 1013 1014
f 896 1014 1015
f 896 1015 1016
f 896 1016 897
f 897 1016 899
f 897 899 898
f 899 1017 900
f 899 1016 1018
f 899 1018 1017
f 900 1017 901
f 901 1017 918
f 902 910 1027
f 902 1027 1019
f 902 1019 1020
f 902 1020 903
f 903 1020 1021
f 903 1021 904
f 904 1021 1022
f 904 1022 905
f 905 1022 1023
f 905 1023 1024
f 905 1024 1025
f 905 1025 906
f 906 1025 1026
f 906 1026 907
f 907 1026 908
f 908 1026 1013
f 909 931 1051
f 909 1051 1027
f 909 1027 910
f 911 1028 912
f 911 916 1029
f 911 1029 1028
f 912 1028 1030
f 912 1030 913
f 913 1030 1031
f 913 1031 1032
f 913 1032 914
f 914 1032 917
f 915 1033 1034
f 915 1034 916
f 915 919 1035
f 915 1035 1033
f 916 1034 1029
f 917 1032 932
f 918 1017 1036
f 918 1036 919
f 919 1036 1037
f 919 1037 1038
f 919 1038 1035
f 920 1039 1161
f 920 1161 1040
f 920 1040 921
f 921 1041 1042
f 921 1042 1043
f 921 1043 922
f 921 1040 1041
f 922 1043 924
f 922 924 923
f 924 1043 925
f 925 1043 1044
f 925 1044 926
f 926 1044 1045
f 926 1045 1046
f 926 1046 927
f 927 1046 928
f 928 1046 1047
f 928 1047 1048
f 928 1048 1049
f 928 1049 929
f 929 1049 1050
f 929 1050 1051
f 929 1051 930
f 930 1051 931
f 932 1052 1053
f 932 1053 933
f 932 1032 1052
f 933 1053 1054
f 933 1054 1055
f 933 1055 934
f 934 1055 935
f 935 1055 1056
f 935 1056 936
f 936 1056 940
f 937 938 1057
f 937 1057 952
f 938 939 1058
f 938 1058 1059
f 938 1059 1057
f 939 940 1058
f 940 1056 1058
f 941 954 942
f 942 954 1060
f 942 1060 1061
f 942 1061 944
f 942 944 943
f 944 1062 945
f 944 1061 1063
f 944 1063 1062
f 945 1062 946
f 946 1062 1064
f 946 1064 947
f 947 1064 1065
f 948 951 1066
f 948 1066 949
f 949 1066 1067
f 949 1067 953
f 950 952 1068
f 950 1068 951
f 951 1068 1069
f 951 1069 1066
f 952 1057 1070
f 952 1070 1068
f 953 1067 1071
f 953 1071 954
f 954 1071 1072
f 954 1072 1060
f 955 1073 1074
f 955 1074 956
f 955 957 1075
f 955 1075 1073
f 957 958 1075
f 958 1076 1075
f 958 959 1077
f 958 1077 1076
f 959 960 1078
f 959 1078 1077
f 960 961 1078
f 961 1079 1078
f 961 962 1080
f 961 1080 1079
f 962 963 1081
f 962 1081 1080
f 963 964 1082
f 963 1082 1081
f 964 981 1082
f 966 969 967
f 966 968 969
f 968 1012 1083
f 968 1083 969
f 969 1084 970
f 969 1083 1085
f 969 1085 1086
f 969 1086 1084
f 971 1084 1087
f 971 1087 972
f 972 1087 1214
f 972 1214 1088
f 973 976 978
f 974 1088 975
f 975 1088 1089
f 975 1089 1090
f 975 1090 1091
f 975 1091 1092
f 975 1092 976
f 976 1092 978
f 977 1093 979
f 977 978 1094
f 977 1094 1093
f 978 1092 1095
f 978 1095 1096
f 978 1096 1097
f 978 1097 1094
f 979 1098 980
f 979 1093 1098
f 980 1098 1099
f 980 1099 1100
f 980 1100 1082
f 980 1082 981
f 985 1101 1102
f 988 1102 1103
f 988 1103 1104
f 988 1104 991
f 989 994 990
f 990 994 1105
f 990 1105 995
f 991 1104 1103
f 991 1103 1106
f 991 1106 992
f 992 1107 1108
f 992 1108 1109
f 992 1109 1110
f 992 1110 1111
f 992 1111 1112
f 992 1112 1113
f 992 1113 1114
f 992 1114 1115
f 992 1115 993
f 992 1106 1107
f 993 1105 994
f 993 1115 1116
f 993 1116 1105
f 995 1105 997
f 997 1105 1117
f 997 1117 1118
f 997 1118 998
f 998 1118 1119
f 998 1119 1001
f 998 1001 999
f 999 1001 1000
f 1001 1119 1120
f 1001 1120 1002
f 1002 1121 1003
f 1002 1120 1122
f 1002 1122 1121
f 1003 1121 1005
f 1003 1005 1004
f 1005 1121 1122
f 1005 1122 1123
f 1005 1123 1124
f 1005 1124 1125
f 1005 1125 1008
f 1005 1008 1007
f 1005 1007 1006
f 1008 1125 1126
f 1008 1126 1010
f 1010 1127 1011
f 1010 1126 1128
f 1010 1128 1129
f 1010 1129 1127
f 1011 1127 1130
f 1011 1130 1012
f 1012 1130 1083
f 1013 1026 1014
f 1014 1026 1131
f 1014 1131 1132
f 1014 1132 1015
f 1015 1132 1133
f 1015 1133 1016
f 1016 1133 1018
f 1017 1018 1134
f 1017 1134 1036
f 1018 1133 1135
f 1018 1135 1134
f 1019 1027 1136
f 1019 1136 1137
f 1019 1137 1138
f 1019 1138 1020
f 1020 1138 1139
f 1020 1139 1021
f 1021 1139 1140
f 1021 1140 1141
f 1021 1141 1022
f 1022 1141 1142
f 1022 1142 1023
f 1023 1142 1024
f 1024 1142 1025
f 1025 1142 1143
f 1025 1143 1026
f 1026 1144 1131
f 1026 1143 1145
f 1026 1145 1144
f 1027 1051 1146
f 1027 1146 1136
f 1028 1029 1147
f 1028 1147 1030
f 1029 1034 1148
f 1029 1148 1147
f 1030 1149 1031
f 1030 1147 1150
f 1030 1150 1149
f 1031 1149 1052
f 1031 1052 1032
f 1033 1151 1034
f 1033 1035 1152
f 1033 1152 1151
f 1034 1151 1148
f 1035 1038 1153
f 1035 1153 1152
f 1036 1134 1277
f 1036 1277 1154
f 1036 1154 1155
f 1036 1155 1037
f 1037 1155 1156
f 1037 1156 1157
f 1037 1157 1158
f 1037 1158 1038
f 1038 1158 1159
f 1038 1159 1153
f 1039 1160 1161
f 1040 1161 1041
f 1041 1162 1163
f 1041 1163 1165
f 1041 1165 1164
f 1041 1164 1042
f 1041 1161 1162
f 1042 1164 1043
f 1043 1164 1165
f 1043 1165 1044
f 1044 1165 1166
f 1044 1166 1045
f 1045 1166 1167
f 1045 1167 1046
f 1046 1167 1168
f 1046 1168 1047
f 1047 1168 1169
f 1047 1169 1048
f 1048 1169 1049
f 1049 1169 1170
f 1049 1170 1050
f 1050 1170 1171
f 1050 1171 1051
f 1051 1171 1146
f 1052 1172 1053
f 1052 1149 1173
f 1052 1173 1172
f 1053 1174 1054
f 1053 1172 1174
f 1054 1175 1055
f 1054 1174 1175
f 1055 1176 1058
f 1055 1058 1056
f 1055 1175 1176
f 1057 1059 1177
f 1057 1177 1070
f 1058 1176 1178
f 1058 1178 1059
f 1059 1178 1177
f 1060 1072 1179
f 1060 1179 1061
f 1061 1179 1180
f 1061 1180 1181
f 1061 1181 1063
f 1062 1063 1182
f 1062 1182 1064
f 1063 1181 1183
f 1063 1183 1184
f 1063 1184 1182
f 1064 1182 1185
f 1064 1185 1186
f 1064 1186 1187
f 1064 1187 1065
f 1066 1069 1067
f 1067 1069 1188
f 1067 1188 1071
f 1068 1070 1189
f 1068 1189 1190
f 1068 1190 1191
f 1068 1191 1192
f 1068 1192 1069
f 1069 1192 1191
f 1069 1191 1193
f 1069 1193 1194
f 1069 1194 1195
f 1069 1195 1188
f 1070 1177 1189
f 1071 1188 1072
f 1072 1188 1196
f 1072 1196 1197
f 1072 1197 1179
f 1073 1198 1199
f 1073 1199 1074
f 1073 1075 1198
f 1075 1200 1198
f 1075 1076 1201
f 1075 1201 1200
f 1076 1077 1202
f 1076 1202 1201
f 1077 1078 1203
f 1077 1203 1202
f 1078 1079 1204
f 1078 1204 1203
f 1079 1080 1205
f 1079 1205 1206
f 1079 1206 1204
f 1080 1081 1205
f 1081 1082 1207
f 1081 1207 1205
f 1082 1100 1207
f 1083 1130 1208
f 1083 1208 1085
f 1084 1086 1087
f 1085 1208 1209
f 1085 1209 1210
f 1085 1210 1086
f 1086 1210 1211
f 1086 1211 1212
f 1086 1212 1213
f 1086 1213 1214
f 1086 1214 1087
f 1088 1214 1215
f 1088 1215 1089
f 1089 1215 1216
f 1089 1216 1217
f 1089 1217 1090
f 1090 1217 1216
f 1090 1216 1218
f 1090 1218 1219
f 1090 1219 1091
f 1091 1219 1095
f 1091 1095 1092
f 1093 1220 1226
f 1093 1226 1098
f 1093 1094 1220
f 1094 1097 1221
f 1094 1221 1222
f 1094 1222 1220
f 1095 1223 1224
f 1095 1224 1096
f 1095 1219 1225
f 1095 1225 1223
f 1096 1224 1097
f 1097 1224 1221
f 1098 1226 1227
f 1098 1227 1099
f 1099 1227 1228
f 1099 1228 1229
f 1099 1229 1230
f 1099 1230 1207
f 1099 1207 1100
f 1101 1231 1102
f 1102 1231 1232
f 1102 1232 1233
f 1102 1233 1103
f 1103 1233 1234
f 1103 1234 1106
f 1105 1116 1117
f 1106 1234 1107
f 1107 1235 1108
f 1107 1234 1235
f 1108 1235 1109
f 1109 1235 1236
f 1109 1236 1110
f 1110 1237 1111
f 1110 1236 1235
f 1110 1235 1237
f 1111 1238 1239
f 1111 1239 1240
f 1111 1240 1112
f 1111 1237 1241
f 1111 1241 1242
f 1111 1242 1243
f 1111 1243 1244
f 1111 1244 1238
f 1112 1240 1245
f 1112 1245 1114
f 1112 1114 1113
f 1114 1116 1115
f 1114 1245 1246
f 1114 1246 1116
f 1116 1246 1247
f 1116 1247 1117
f 1117 1247 1248
f 1117 1248 1118
f 1118 1249 1119
f 1118 1248 1250
f 1118 1250 1251
f 1118 1251 1252
f 1118 1252 1249
f 1119 1249 1252
f 1119 1252 1253
f 1119 1253 1120
f 1120 1253 1254
f 1120 1254 1122
f 1122 1255 1123
f 1122 1254 1256
f 1122 1256 1257
f 1122 1257 1258
f 1122 1258 1259
f 1122 1259 1260
f 1122 1260 1261
f 1122 1261 1262
f 1122 1262 1255
f 1123 1255 1263
f 1123 1263 1264
f 1123 1264 1265
f 1123 1265 1124
f 1124 1265 1264
f 1124 1264 1266
f 1124 1266 1125
f 1125 1266 1267
f 1125 1267 1126
f 1126 1267 1268
f 1126 1268 1269
f 1126 1269 1128
f 1127 1129 1130
f 1128 1269 1129
f 1129 1270 1271
f 1129 1271 1272
f 1129 1272 1130
f 1129 1269 1273
f 1129 1273 1274
f 1129 1274 1270
f 1130 1272 1208
f 1131 1144 1132
f 1132 1275 1133
f 1132 1144 1276
f 1132 1276 1275
f 1133 1275 1134
f 1133 1134 1135
f 1134 1275 1277
f 1136 1146 1278
f 1136 1278 1279
f 1136 1279 1137
f 1137 1279 1138
f 1138 1279 1280
f 1138 1280 1139
f 1139 1280 1281
f 1139 1281 1140
f 1140 1281 1282
f 1140 1282 1141
f 1141 1282 1142
f 1142 1283 1284
f 1142 1284 1143
f 1142 1282 1285
f 1142 1285 1283
f 1143 1284 1145
f 1144 1145 1276
f 1145 1284 1276
f 1146 1171 1286
f 1146 1286 1278
f 1147 1287 1288
f 1147 1288 1150
f 1147 1148 1289
f 1147 1289 1287
f 1148 1151 1290
f 1148 1290 1289
f 1149 1150 1291
f 1149 1291 1292
f 1149 1292 1173
f 1150 1288 1291
f 1151 1152 1293
f 1151 1293 1290
f 1152 1153 1294
f 1152 1294 1293
f 1153 1159 1295
f 1153 1295 1294
f 1154 1277 1296
f 1154 1296 1297
f 1154 1297 1156
f 1154 1156 1155
f 1156 1297 1298
f 1156 1298 1299
f 1156 1299 1300
f 1156 1300 1157
f 1157 1300 1301
f 1157 1301 1158
f 1158 1301 1302
f 1158 1302 1159
f 1159 1302 1295
f 1160 1303 1304
f 1160 1304 1161
f 1161 1304 1305
f 1161 1305 1162
f 1162 1305 1306
f 1162 1306 1163
f 1163 1306 1307
f 1163 1307 1166
f 1163 1166 1165
f 1166 1307 1167
f 1167 1307 1308
f 1167 1308 1309
f 1167 1309 1168
f 1168 1309 1169
f 1169 1309 1310
f 1169 1310 1311
f 1169 1311 1170
f 1170 1311 1171
f 1171 1311 1312
f 1171 1312 1286
f 1172 1173 1313
f 1172 1313 1314
f 1172 1314 1174
f 1173 1292 1315
f 1173 1315 1313
f 1174 1314 1316
f 1174 1316 1175
f 1175 1316 1317
f 1175 1317 1318
f 1175 1318 1176
f 1176 1318 1178
f 1177 1178 1319
f 1177 1319 1189
f 1178 1318 1317
f 1178 1317 1319
f 1179 1197 1180
f 1180 1183 1181
f 1180 1197 1320
f 1180 1320 1321
f 1180 1321 1322
f 1180 1322 1183
f 1182 1184 1325
f 1182 1325 1185
f 1183 1322 1323
f 1183 1323 1324
f 1183 1324 1184
f 1184 1324 1326
f 1184 1326 1325
f 1185 1327 1186
f 1185 1325 1471
f 1185 1471 1327
f 1188 1195 1328
f 1188 1328 1329
f 1188 1329 1196
f 1189 1319 1317
f 1189 1317 1330
f 1189 1330 1331
f 1189 1331 1332
f 1189 1332 1190
f 1190 1332 1191
f 1191 1332 1333
f 1191 1333 1334
f 1191 1334 1193
f 1193 1334 1194
f 1194 1334 1335
f 1194 1335 1336
f 1194 1336 1328
f 1194 1328 1195
f 1196 1329 1337
f 1196 1337 1197
f 1197 1337 1338
f 1197 1338 1320
f 1198 1339 1340
f 1198 1340 1341
f 1198 1341 1199
f 1198 1200 1342
f 1198 1342 1339
f 1200 1201 1342
f 1201 1343 1342
f 1201 1202 1343
f 1202 1203 1344
f 1202 1344 1343
f 1203 1204 1345
f 1203 1345 1344
f 1204 1206 1346
f 1204 1346 1345
f 1205 1207 1229
f 1205 1229 1347
f 1205 1347 1206
f 1206 1347 1346
f 1207 1230 1229
f 1208 1272 1271
f 1208 1271 1348
f 1208 1348 1209
f 1209 1348 1349
f 1209 1349 1211
f 1209 1211 1210
f 1211 1349 1350
f 1211 1350 1213
f 1211 1213 1212
f 1213 1351 1214
f 1213 1350 1352
f 1213 1352 1353
f 1213 1353 1351
f 1214 1351 1215
f 1215 1351 1216
f 1216 1354 1218
f 1216 1351 1353
f 1216 1353 1499
f 1216 1499 1354
f 1218 1354 1355
f 1218 1355 1356
f 1218 1356 1219
f 1219 1356 1225
f 1220 1222 1357
f 1220 1357 1226
f 1221 1224 1358
f 1221 1358 1222
f 1222 1358 1359
f 1222 1359 1357
f 1223 1225 1360
f 1223 1360 1224
f 1224 1360 1358
f 1225 1356 1361
f 1225 1361 1362
f 1225 1362 1360
f 1226 1363 1227
f 1226 1357 1364
f 1226 1364 1363
f 1227 1363 1365
f 1227 1365 1228
f 1228 1366 1229
f 1228 1365 1366
f 1229 1366 1347
f 1232 1367 1233
f 1233 1367 1368
f 1233 1368 1369
f 1233 1369 1234
f 1234 1369 1370
f 1234 1370 1371
f 1234 1371 1235
f 1235 1371 1372
f 1235 1372 1373
f 1235 1373 1374
f 1235 1374 1375
f 1235 1375 1376
f 1235 1376 1377
f 1235 1377 1237
f 1237 1378 1241
f 1237 1377 1378
f 1238 1244 1239
f 1239 1245 1240
f 1239 1244 1379
f 1239 1379 1245
f 1241 1377 1380
f 1241 1380 1381
f 1241 1381 1242
f 1241 1378 1377
f 1242 1382 1383
f 1242 1383 1384
f 1242 1384 1385
f 1242 1385 1386
f 1242 1386 1387
f 1242 1387 1243
f 1242 1381 1388
f 1242 1388 1382
f 1243 1387 1379
f 1243 1379 1244
f 1245 1379 1389
f 1245 1389 1390
f 1245 1390 1391
f 1245 1391 1392
f 1245 1392 1246
f 1246 1392 1393
f 1246 1393 1248
f 1246 1248 1394
f 1246 1394 1247
f 1247 1394 1248
f 1248 1393 1391
f 1248 1391 1395
f 1248 1395 1396
f 1248 1396 1250
f 1250 1396 1397
f 1250 1397 1398
f 1250 1398 1253
f 1250 1253 1251
f 1251 1253 1252
f 1253 1398 1399
f 1253 1399 1257
f 1253 1257 1256
f 1253 1256 1254
f 1255 1262 1263
f 1257 1399 1400
f 1257 1400 1258
f 1258 1400 1259
f 1259 1401 1402
f 1259 1402 1403
f 1259 1403 1260
f 1259 1400 1404
f 1259 1404 1401
f 1260 1403 1405
f 1260 1405 1261
f 1261 1405 1262
f 1262 1405 1406
f 1262 1406 1407
f 1262 1407 1408
f 1262 1408 1409
f 1262 1409 1410
f 1262 1410 1264
f 1262 1264 1263
f 1264 1410 1411
f 1264 1411 1412
f 1264 1412 1413
f 1264 1413 1414
f 1264 1414 1267
f 1264 1267 1266
f 1267 1414 1273
f 1267 1273 1268
f 1268 1273 1269
f 1270 1415 1271
f 1270 1274 1416
f 1270 1416 1415
f 1271 1415 1417
f 1271 1417 1348
f 1273 1418 1416
f 1273 1416 1274
f 1273 1414 1413
f 1273 1413 1418
f 1275 1419 1420
f 1275 1420 1277
f 1275 1276 1421
f 1275 1421 1419
f 1276 1284 1422
f 1276 1422 1423
f 1276 1423 1421
f 1277 1420 1296
f 1278 1286 1432
f 1278 1432 1424
f 1278 1424 1426
f 1278 1426 1279
f 1279 1425 1280
f 1279 1426 1427
f 1279 1427 1425
f 1280 1425 1428
f 1280 1428 1281
f 1281 1428 1429
f 1281 1429 1430
f 1281 1430 1282
f 1282 1430 1285
f 1283 1285 1422
f 1283 1422 1284
f 1285 1430 1431
f 1285 1431 1422
f 1286 1312 1432
f 1287 1433 1288
f 1287 1289 1434
f 1287 1434 1433
f 1288 1435 1291
f 1288 1433 1435
f 1289 1290 1436
f 1289 1436 1434
f 1290 1437 1436
f 1290 1293 1438
f 1290 1438 1437
f 1291 1439 1440
f 1291 1440 1292
f 1291 1435 1439
f 1292 1440 1315
f 1293 1294 1441
f 1293 1441 1438
f 1294 1295 1442
f 1294 1442 1441
f 1295 1302 1443
f 1295 1443 1442
f 1296 1420 1444
f 1296 1444 1297
f 1297 1444 1298
f 1298 1444 1445
f 1298 1445 1446
f 1298 1446 1299
f 1299 1301 1300
f 1299 1446 1447
f 1299 1447 1301
f 1301 1447 1448
f 1301 1448 1302
f 1302 1448 1449
f 1302 1449 1443
f 1303 1450 1304
f 1304 1451 1305
f 1304 1450 1452
f 1304 1452 1451
f 1305 1453 1601
f 1305 1601 1454
f 1305 1454 1306
f 1305 1451 1453
f 1306 1454 1455
f 1306 1455 1307
f 1307 1455 1308
f 1308 1455 1456
f 1308 1456 1309
f 1309 1456 1310
f 1310 1456 1457
f 1310 1457 1311
f 1311 1457 1432
f 1311 1432 1312
f 1313 1315 1314
f 1314 1315 1458
f 1314 1458 1459
f 1314 1459 1317
f 1314 1317 1316
f 1315 1460 1461
f 1315 1461 1462
f 1315 1462 1458
f 1315 1440 1439
f 1315 1439 1463
f 1315 1463 1460
f 1317 1331 1330
f 1317 1459 1462
f 1317 1462 1464
f 1317 1464 1331
f 1320 1338 1321
f 1321 1338 1465
f 1321 1465 1466
f 1321 1466 1467
f 1321 1467 1322
f 1322 1467 1323
f 1323 1326 1324
f 1323 1467 1468
f 1323 1468 1326
f 1325 1326 1469
f 1325 1469 1470
f 1325 1470 1471
f 1326 1472 1469
f 1326 1468 1473
f 1326 1473 1474
f 1326 1474 1475
f 1326 1475 1472
f 1328 1336 1329
f 1329 1336 1476
f 1329 1476 1477
f 1329 1477 1478
f 1329 1478 1338
f 1329 1338 1337
f 1331 1464 1479
f 1331 1479 1480
f 1331 1480 1333
f 1331 1333 1332
f 1333 1480 1481
f 1333 1481 1334
f 1334 1481 1335
f 1335 1481 1482
f 1335 1482 1483
f 1335 1483 1336
f 1336 1483 1476
f 1338 1478 1484
f 1338 1484 1485
f 1338 1485 1465
f 1339 1486 1340
f 1339 1342 1486
f 1340 1486 1487
f 1342 1488 1486
f 1342 1343 1489
f 1342 1489 1488
f 1343 1344 1490
f 1343 1490 1491
f 1343 1491 1489
f 1344 1492 1491
f 1344 1491 1490
f 1344 1345 1493
f 1344 1493 1492
f 1345 1346 1494
f 1345 1494 1495
f 1345 1495 1493
f 1346 1347 1494
f 1347 1366 1494
f 1348 1417 1349
f 1349 1496 1350
f 1349 1417 1559
f 1349 1559 1496
f 1350 1496 1497
f 1350 1497 1352
f 1352 1498 1499
f 1352 1499 1353
f 1352 1497 1498
f 1354 1499 1355
f 1355 1499 1500
f 1355 1500 1501
f 1355 1501 1502
f 1355 1502 1361
f 1355 1361 1356
f 1357 1359 1503
f 1357 1503 1504
f 1357 1504 1505
f 1357 1505 1506
f 1357 1506 1364
f 1358 1360 1507
f 1358 1507 1359
f 1359 1507 1503
f 1360 1362 1508
f 1360 1508 1509
f 1360 1509 1510
f 1360 1510 1507
f 1361 1502 1511
f 1361 1511 1512
f 1361 1512 1508
f 1361 1508 1362
f 1363 1513 1365
f 1363 1364 1506
f 1363 1506 1513
f 1365 1513 1514
f 1365 1514 1515
f 1365 1515 1516
f 1365 1516 1366
f 1366 1517 1494
f 1366 1516 1517
f 1368 1518 1369
f 1369 1518 1370
f 1370 1519 1371
f 1371 1519 1520
f 1371 1520 1372
f 1372 1520 1373
f 1373 1520 1521
f 1373 1521 1374
f 1374 1522 1523
f 1374 1523 1375
f 1374 1521 1522
f 1375 1523 1376
f 1376 1523 1524
f 1376 1524 1525
f 1376 1525 1526
f 1376 1526 1377
f 1377 1526 1527
f 1377 1527 1528
f 1377 1528 1529
f 1377 1529 1530
f 1377 1530 1388
f 1377 1388 1381
f 1377 1381 1380
f 1379 1387 1386
f 1379 1386 1531
f 1379 1531 1532
f 1379 1532 1533
f 1379 1533 1389
f 1382 1388 1534
f 1382 1534 1383
f 1383 1534 1535
f 1383 1535 1384
f 1384 1535 1536
f 1384 1536 1537
f 1384 1537 1538
f 1384 1538 1385
f 1385 1538 1531
f 1385 1531 1386
f 1388 1530 1534
f 1389 1533 1395
f 1389 1395 1390
f 1390 1395 1391
f 1391 1393 1392
f 1395 1533 1539
f 1395 1539 1540
f 1395 1540 1541
f 1395 1541 1397
f 1395 1397 1396
f 1397 1541 1399
f 1397 1399 1398
f 1399 1540 1542
f 1399 1542 1543
f 1399 1543 1404
f 1399 1404 1400
f 1399 1541 1540
f 1401 1544 1545
f 1401 1545 1402
f 1401 1404 1543
f 1401 1543 1546
f 1401 1546 1547
f 1401 1547 1544
f 1402 1545 1406
f 1402 1406 1403
f 1403 1406 1405
f 1406 1545 1548
f 1406 1548 1549
f 1406 1549 1407
f 1407 1549 1550
f 1407 1550 1408
f 1408 1550 1551
f 1408 1551 1409
f 1409 1551 1552
f 1409 1552 1410
f 1410 1552 1411
f 1411 1552 1553
f 1411 1553 1412
f 1412 1553 1554
f 1412 1554 1413
f 1413 1554 1418
f 1415 1416 1555
f 1415 1555 1556
f 1415 1556 1417
f 1416 1418 1557
f 1416 1557 1558
f 1416 1558 1555
f 1417 1556 1559
f 1418 1554 1557
f 1419 1421 1560
f 1419 1560 1561
f 1419 1561 1562
f 1419 1562 1420
f 1420 1562 1444
f 1421 1423 1563
f 1421 1563 1560
f 1422 1431 1564
f 1422 1564 1565
f 1422 1565 1566
f 1422 1566 1423
f 1423 1566 1563
f 1424 1432 1567
f 1424 1567 1568
f 1424 1568 1426
f 1425 1427 1569
f 1425 1569 1570
f 1425 1570 1428
f 1426 1568 1571
f 1426 1571 1427
f 1427 1571 1572
f 1427 1572 1569
f 1428 1570 1573
f 1428 1573 1429
f 1429 1573 1430
f 1430 1573 1574
f 1430 1574 1575
f 1430 1575 1431
f 1431 1575 1576
f 1431 1576 1564
f 1432 1457 1577
f 1432 1577 1567
f 1433 1578 1579
f 1433 1579 1580
f 1433 1580 1435
f 1433 1434 1578
f 1434 1436 1581
f 1434 1581 1582
f 1434 1582 1578
f 1435 1580 1439
f 1436 1437 1583
f 1436 1583 1581
f 1437 1584 1583
f 1437 1438 1585
f 1437 1585 1584
f 1438 1441 1585
f 1439 1586 1587
f 1439 1587 1463
f 1439 1580 1588
f 1439 1588 1586
f 1441 1589 1585
f 1441 1442 1589
f 1442 1590 1589
f 1442 1443 1591
f 1442 1591 1592
f 1442 1592 1590
f 1443 1449 1448
f 1443 1448 1591
f 1444 1562 1593
f 1444 1593 1594
f 1444 1594 1445
f 1445 1594 1446
f 1446 1595 1447
f 1446 1594 1596
f 1446 1596 1597
f 1446 1597 1595
f 1447 1595 1591
f 1447 1591 1448
f 1451 1598 1599
f 1451 1599 1453
f 1451 1452 1600
f 1451 1600 1598
f 1453 1599 1601
f 1454 1601 1602
f 1454 1602 1455
f 1455 1602 1603
f 1455 1603 1456
f 1456 1603 1577
f 1456 1577 1457
f 1458 1462 1459
f 1460 1604 1605
f 1460 1605 1461
f 1460 1463 1587
f 1460 1587 1606
f 1460 1606 1604
f 1461 1605 1462
f 1462 1605 1479
f 1462 1479 1464
f 1465 1485 1607
f 1465 1607 1466
f 1466 1468 1467
f 1466 1607 1608
f 1466 1608 1609
f 1466 1609 1468
f 1468 1609 1610
f 1468 1610 1611
f 1468 1611 1473
f 1469 1472 1612
f 1469 1612 1470
f 1472 1475 1613
f 1472 1613 1614
f 1472 1614 1612
f 1473 1611 1615
f 1473 1615 1474
f 1474 1616 1475
f 1474 1615 1616
f 1475 1616 1613
f 1476 1483 1617
f 1476 1617 1477
f 1477 1617 1618
f 1477 1618 1619
f 1477 1619 1485
f 1477 1485 1484
f 1477 1484 1478
f 1479 1605 1620
f 1479 1620 1480
f 1480 1620 1621
f 1480 1621 1622
f 1480 1622 1481
f 1481 1622 1482
f 1482 1622 1623
f 1482 1623 1624
f 1482 1624 1625
f 1482 1625 1483
f 1483 1625 1617
f 1485 1619 1626
f 1485 1626 1627
f 1485 1627 1628
f 1485 1628 1607
f 1486 1488 1629
f 1486 1629 1630
f 1486 1630 1631
f 1486 1631 1487
f 1488 1489 1629
f 1489 1632 1629
f 1489 1491 1633
f 1489 1633 1632
f 1491 1492 1634
f 1491 1634 1633
f 1492 1493 1635
f 1492 1635 1634
f 1493 1495 1636
f 1493 1636 1635
f 1494 1517 1637
f 1494 1637 1495
f 1495 1637 1636
f 1496 1559 1638
f 1496 1638 1497
f 1497 1638 1639
f 1497 1639 1640
f 1497 1640 1641
f 1497 1641 1498
f 1498 1641 1642
f 1498 1642 1499
f 1499 1642 1643
f 1499 1643 1500
f 1500 1643 1501
f 1501 1644 1502
f 1501 1643 1645
f 1501 1645 1644
f 1502 1644 1511
f 1503 1646 1504
f 1503 1507 1647
f 1503 1647 1646
f 1504 1646 1505
f 1505 1646 1506
f 1506 1646 1648
f 1506 1648 1513
f 1507 1510 1649
f 1507 1649 1647
f 1508 1650 1651
f 1508 1651 1509
f 1508 1512 1652
f 1508 1652 1653
f 1508 1653 1650
f 1509 1651 1510
f 1510 1651 1649
f 1511 1644 1512
f 1512 1644 1654
f 1512 1654 1652
f 1513 1655 1514
f 1513 1648 1655
f 1514 1655 1656
f 1514 1656 1515
f 1515 1657 1517
f 1515 1517 1516
f 1515 1656 1657
f 1517 1657 1637
f 1525 1658 1527
f 1525 1527 1526
f 1527 1658 1528
f 1528 1659 1529
f 1528 1658 1659
f 1529 1659 1660
f 1529 1660 1661
f 1529 1661 1530
f 1530 1661 1662
f 1530 1662 1663
f 1530 1663 1664
f 1530 1664 1534
f 1531 1538 1665
f 1531 1665 1532
f 1532 1665 1539
f 1532 1539 1533
f 1534 1664 1666
f 1534 1666 1667
f 1534 1667 1668
f 1534 1668 1669
f 1534 1669 1535
f 1535 1669 1670
f 1535 1670 1671
f 1535 1671 1672
f 1535 1672 1536
f 1536 1672 1673
f 1536 1673 1537
f 1537 1674 1538
f 1537 1673 1675
f 1537 1675 1674
f 1538 1674 1665
f 1539 1665 1676
f 1539 1676 1542
f 1539 1542 1540
f 1542 1676 1543
f 1543 1676 1546
f 1544 1547 1677
f 1544 1677 1678
f 1544 1678 1545
f 1545 1678 1679
f 1545 1679 1680
f 1545 1680 1548
f 1546 1681 1547
f 1546 1676 1682
f 1546 1682 1681
f 1547 1681 1683
f 1547 1683 1677
f 1548 1684 1549
f 1548 1680 1684
f 1549 1684 1550
f 1550 1684 1685
f 1550 1685 1551
f 1551 1686 1687
f 1551 1687 1553
f 1551 1553 1552
f 1551 1685 1688
f 1551 1688 1686
f 1553 1687 1554
f 1554 1687 1689
f 1554 1689 1557
f 1555 1558 1693
f 1555 1693 1690
f 1555 1690 1691
f 1555 1691 1556
f 1556 1691 1559
f 1557 1689 1692
f 1557 1692 1693
f 1557 1693 1558
f 1559 1691 1694
f 1559 1694 1638
f 1560 1563 1695
f 1560 1695 1696
f 1560 1696 1561
f 1561 1696 1562
f 1562 1696 1697
f 1562 1697 1593
f 1563 1566 1698
f 1563 1698 1695
f 1564 1699 1566
f 1564 1566 1565
f 1564 1576 1700
f 1564 1700 1701
f 1564 1701 1702
f 1564 1702 1699
f 1566 1699 1698
f 1567 1577 1703
f 1567 1703 1704
f 1567 1704 1705
f 1567 1705 1568
f 1568 1705 1571
f 1569 1572 1570
f 1570 1572 1706
f 1570 1706 1707
f 1570 1707 1708
f 1570 1708 1573
f 1571 1705 1706
f 1571 1706 1572
f 1573 1708 1709
f 1573 1709 1574
f 1574 1709 1575
f 1575 1709 1700
f 1575 1700 1576
f 1577 1603 1710
f 1577 1710 1703
f 1578 1582 1579
f 1579 1582 1711
f 1579 1711 1712
f 1579 1712 1713
f 1579 1713 1588
f 1579 1588 1580
f 1581 1714 1582
f 1581 1583 1714
f 1582 1714 1715
f 1582 1715 1711
f 1583 1584 1716
f 1583 1716 1717
f 1583 1717 1714
f 1584 1585 1716
f 1585 1718 1716
f 1585 1589 1719
f 1585 1719 1718
f 1586 1588 1713
f 1586 1713 1720
f 1586 1720 1721
f 1586 1721 1606
f 1586 1606 1587
f 1589 1590 1722
f 1589 1722 1719
f 1590 1592 1723
f 1590 1723 1722
f 1591 1595 1724
f 1591 1724 1725
f 1591 1725 1726
f 1591 1726 1727
f 1591 1727 1728
f 1591 1728 1592
f 1592 1728 1722
f 1592 1722 1723
f 1593 1697 1729
f 1593 1729 1594
f 1594 1729 1596
f 1595 1597 1724
f 1596 1729 1730
f 1596 1730 1724
f 1596 1724 1597
f 1598 1731 1599
f 1598 1600 1734
f 1598 1734 1731
f 1599 1732 1733
f 1599 1733 1601
f 1599 1731 1732
f 1601 1733 1735
f 1601 1735 1603
f 1601 1603 1602
f 1603 1735 1710
f 1604 1621 1605
f 1604 1606 1736
f 1604 1736 1621
f 1605 1621 1620
f 1606 1721 1737
f 1606 1737 1736
f 1607 1628 1608
f 1608 1610 1609
f 1608 1628 1738
f 1608 1738 1739
f 1608 1739 1740
f 1608 1740 1610
f 1610 1740 1741
f 1610 1741 1742
f 1610 1742 1743
f 1610 1743 1611
f 1611 1743 1615
f 1615 1743 1744
f 1615 1744 1745
f 1615 1745 1746
f 1615 1746 1747
f 1615 1747 1616
f 1617 1625 1624
f 1617 1624 1748
f 1617 1748 1749
f 1617 1749 1618
f 1618 1749 1750
f 1618 1750 1619
f 1619 1750 1626
f 1621 1624 1623
f 1621 1623 1622
f 1621 1736 1737
f 1621 1737 1751
f 1621 1751 1624
f 1624 1751 1737
f 1624 1737 1752
f 1624 1752 1753
f 1624 1753 1754
f 1624 1754 1749
f 1624 1749 1748
f 1626 1750 1755
f 1626 1755 1627
f 1627 1755 1756
f 1627 1756 1757
f 1627 1757 1758
f 1627 1758 1738
f 1627 1738 1628
f 1629 1759 1630
f 1629 1632 1760
f 1629 1760 1759
f 1630 1761 1631
f 1630 1759 1761
f 1631 1761 1762
f 1632 1763 1760
f 1632 1633 1763
f 1633 1634 1764
f 1633 1764 1763
f 1634 1635 1764
f 1635 1765 1764
f 1635 1636 1765
f 1636 1637 1766
f 1636 1766 1765
f 1637 1657 1766
f 1638 1694 1767
f 1638 1767 1639
f 1639 1767 1875
f 1639 1875 1768
f 1639 1768 1769
f 1639 1769 1640
f 1640 1769 1641
f 1641 1769 1642
f 1642 1769 1770
f 1642 1770 1643
f 1643 1770 1645
f 1644 1645 1771
f 1644 1771 1772
f 1644 1772 1654
f 1645 1770 1771
f 1646 1773 1774
f 1646 1774 1775
f 1646 1775 1648
f 1646 1647 1773
f 1647 1776 1773
f 1647 1649 1777
f 1647 1777 1778
f 1647 1778 1776
f 1648 1775 1779
f 1648 1779 1780
f 1648 1780 1655
f 1649 1651 1730
f 1649 1730 1777
f 1650 1653 1651
f 1651 1653 1730
f 1652 1724 1653
f 1652 1654 1724
f 1653 1724 1730
f 1654 1772 1726
f 1654 1726 1725
f 1654 1725 1724
f 1655 1780 1779
f 1655 1779 1781
f 1655 1781 1656
f 1656 1781 1782
f 1656 1782 1783
f 1656 1783 1784
f 1656 1784 1657
f 1657 1785 1786
f 1657 1786 1766
f 1657 1784 1785
f 1663 1666 1664
f 1665 1674 1682
f 1665 1682 1676
f 1668 1787 1669
f 1669 1787 1670
f 1670 1788 1789
f 1670 1789 1790
f 1670 1790 1791
f 1670 1791 1671
f 1670 1787 1788
f 1671 1791 1672
f 1672 1791 1792
f 1672 1792 1793
f 1672 1793 1794
f 1672 1794 1673
f 1673 1794 1795
f 1673 1795 1675
f 1674 1675 1796
f 1674 1796 1682
f 1675 1795 1797
f 1675 1797 1796
f 1677 1798 1678
f 1677 1683 1799
f 1677 1799 1798
f 1678 1800 1679
f 1678 1798 1801
f 1678 1801 1800
f 1679 1800 1680
f 1680 1800 1802
f 1680 1802 1803
f 1680 1803 1804
f 1680 1804 1684
f 1681 1682 1796
f 1681 1796 1805
f 1681 1805 1683
f 1683 1805 1799
f 1684 1804 1806
f 1684 1806 1685
f 1685 1806 1807
f 1685 1807 1688
f 1686 1688 1807
f 1686 1807 1808
f 1686 1808 1809
f 1686 1809 1689
f 1686 1689 1687
f 1689 1809 1810
f 1689 1810 1692
f 1690 1693 1811
f 1690 1811 1691
f 1691 1811 1812
f 1691 1812 1767
f 1691 1767 1694
f 1692 1810 1693
f 1693 1810 1811
f 1695 1698 1813
f 1695 1813 1814
f 1695 1814 1696
f 1696 1814 1815
f 1696 1815 1816
f 1696 1816 1697
f 1697 1816 1729
f 1698 1699 1817
f 1698 1817 1813
f 1699 1702 1817
f 1700 1709 1818
f 1700 1818 1819
f 1700 1819 1701
f 1701 1819 1820
f 1701 1820 1702
f 1702 1820 1817
f 1703 1710 1821
f 1703 1821 1822
f 1703 1822 1704
f 1704 1822 1705
f 1705 1823 1706
f 1705 1822 1824
f 1705 1824 1823
f 1706 1823 1825
f 1706 1825 1707
f 1707 1826 1709
f 1707 1709 1708
f 1707 1825 1826
f 1709 1826 1818
f 1710 1735 1827
f 1710 1827 1821
f 1711 1828 1712
f 1711 1715 1828
f 1712 1828 1829
f 1712 1829 1830
f 1712 1830 1831
f 1712 1831 1720
f 1712 1720 1713
f 1714 1717 1832
f 1714 1832 1715
f 1715 1832 1833
f 1715 1833 1828
f 1716 1718 1834
f 1716 1834 1835
f 1716 1835 1836
f 1716 1836 1717
f 1717 1836 1832
f 1718 1837 1834
f 1718 1719 1838
f 1718 1838 1837
f 1719 1722 1839
f 1719 1839 1838
f 1720 1840 1841
f 1720 1841 1721
f 1720 1831 1840
f 1721 1841 1737
f 1722 1728 1842
f 1722 1842 1839
f 1726 1772 1727
f 1727 1772 1728
f 1728 1772 1843
f 1728 1843 1842
f 1729 1816 1777
f 1729 1777 1730
f 1731 1844 1732
f 1731 1734 1845
f 1731 1845 1844
f 1732 1846 1847
f 1732 1847 1733
f 1732 1844 1846
f 1733 1847 1827
f 1733 1827 1735
f 1737 1753 1752
f 1737 1841 1848
f 1737 1848 1753
f 1738 1758 1739
f 1739 1758 1849
f 1739 1849 1850
f 1739 1850 1741
f 1739 1741 1740
f 1741 1850 1851
f 1741 1851 1852
f 1741 1852 1853
f 1741 1853 1742
f 1742 1854 1743
f 1742 1853 1854
f 1743 1854 1744
f 1744 1855 1745
f 1744 1854 1856
f 1744 1856 1855
f 1749 1754 1857
f 1749 1857 1858
f 1749 1858 1859
f 1749 1859 1755
f 1749 1755 1750
f 1753 1857 1754
f 1753 1848 1860
f 1753 1860 1861
f 1753 1861 1858
f 1753 1858 1857
f 1755 1859 1862
f 1755 1862 1756
f 1756 1862 1757
f 1757 1849 1758
f 1757 1862 1863
f 1757 1863 1864
f 1757 1864 1865
f 1757 1865 1866
f 1757 1866 1867
f 1757 1867 1849
f 1759 1760 1868
f 1759 1868 1846
f 1759 1846 1844
f 1759 1844 1761
f 1760 1763 1869
f 1760 1869 1868
f 1761 1844 1762
f 1762 1844 1870
f 1763 1764 1871
f 1763 1871 1869
f 1764 1765 1874
f 1764 1874 1871
f 1765 1766 1872
f 1765 1872 1873
f 1765 1873 1874
f 1766 1786 1873
f 1766 1873 1872
f 1767 1812 1875
f 1768 1875 1876
f 1768 1876 1877
f 1768 1877 1878
f 1768 1878 1769
f 1769 1878 1770
f 1770 1879 1771
f 1770 1878 1880
f 1770 1880 1879
f 1771 1879 1772
f 1772 1879 1843
f 1773 1776 1816
f 1773 1816 1774
f 1774 1816 1815
f 1774 1815 1814
f 1774 1814 1813
f 1774 1813 1779
f 1774 1779 1775
f 1776 1778 1816
f 1777 1816 1778
f 1779 1817 1781
f 1779 1813 1881
f 1779 1881 1817
f 1781 1817 1820
f 1781 1820 1782
f 1782 1820 1783
f 1783 1820 1819
f 1783 1819 1882
f 1783 1882 1785
f 1783 1785 1784
f 1785 1883 1786
f 1785 1882 1884
f 1785 1884 1883
f 1786 1883 1885
f 1786 1885 1873
f 1789 1886 1790
f 1790 1886 1926
f 1790 1926 1887
f 1790 1887 1791
f 1791 1887 1792
f 1792 1887 1888
f 1792 1888 1793
f 1793 1889 1794
f 1793 1888 1851
f 1793 1851 1890
f 1793 1890 1889
f 1794 1889 1795
f 1795 1889 1866
f 1795 1866 1797
f 1796 1797 1805
f 1797 1866 1891
f 1797 1891 1805
f 1798 1799 1892
f 1798 1892 1801
f 1799 1805 1893
f 1799 1893 1864
f 1799 1864 1894
f 1799 1894 1895
f 1799 1895 1896
f 1799 1896 1892
f 1800 1897 1802
f 1800 1801 1898
f 1800 1898 1899
f 1800 1899 1897
f 1801 1892 1898
f 1802 1897 1803
f 1803 1897 1833
f 1803 1833 1832
f 1803 1832 1900
f 1803 1900 1901
f 1803 1901 1804
f 1804 1901 1806
f 1805 1891 1864
f 1805 1864 1893
f 1806 1902 1807
f 1806 1901 1902
f 1807 1902 1808
f 1808 1903 1904
f 1808 1904 1810
f 1808 1810 1809
f 1808 1902 1903
f 1810 1904 1905
f 1810 1905 1811
f 1811 1905 1906
f 1811 1906 1812
f 1812 1906 1875
f 1813 1817 1881
f 1818 1882 1819
f 1818 1826 1883
f 1818 1883 1884
f 1818 1884 1882
f 1821 1907 1822
f 1821 1827 1908
f 1821 1908 1907
f 1822 1907 1909
f 1822 1909 1824
f 1823 1885 1825
f 1823 1824 1909
f 1823 1909 1885
f 1825 1885 1883
f 1825 1883 1826
f 1827 1847 1908
f 1828 1833 1897
f 1828 1897 1829
f 1829 1899 1830
f 1829 1897 1899
f 1830 1892 1910
f 1830 1910 1840
f 1830 1840 1831
f 1830 1899 1898
f 1830 1898 1892
f 1832 1836 1900
f 1834 1837 1911
f 1834 1911 1912
f 1834 1912 1913
f 1834 1913 1914
f 1834 1914 1835
f 1835 1915 1836
f 1835 1914 1916
f 1835 1916 1915
f 1836 1915 1900
f 1837 1838 1917
f 1837 1917 1911
f 1838 1839 1917
f 1839 1842 1880
f 1839 1880 1918
f 1839 1918 1917
f 1840 1919 1860
f 1840 1860 1848
f 1840 1848 1841
f 1840 1910 1919
f 1842 1843 1879
f 1842 1879 1880
f 1844 1845 1870
f 1846 1868 1847
f 1847 1868 1869
f 1847 1869 1908
f 1849 1867 1889
f 1849 1889 1890
f 1849 1890 1850
f 1850 1890 1851
f 1851 1888 1920
f 1851 1920 1852
f 1852 1920 1853
f 1853 1920 1921
f 1853 1921 1922
f 1853 1922 1854
f 1854 1922 1923
f 1854 1923 1856
f 1858 1861 1895
f 1858 1895 1924
f 1858 1924 1862
f 1858 1862 1859
f 1860 1919 1861
f 1861 1919 1895
f 1862 1924 1864
f 1862 1864 1863
f 1864 1866 1865
f 1864 1924 1895
f 1864 1895 1894
f 1864 1891 1866
f 1866 1889 1867
f 1869 1871 1908
f 1871 1874 1909
f 1871 1909 1907
f 1871 1907 1908
f 1873 1909 1874
f 1873 1885 1909
f 1875 1906 1925
f 1875 1925 1876
f 1876 1925 1912
f 1876 1912 1917
f 1876 1917 1877
f 1877 1917 1878
f 1878 1917 1918
f 1878 1918 1880
f 1887 1927 1928
f 1887 1928 1929
f 1887 1929 1930
f 1887 1930 1888
f 1887 1926 1927
f 1888 1930 1920
f 1892 1896 1919
f 1892 1919 1910
f 1895 1919 1896
f 1900 1915 1901
f 1901 1915 1902
f 1902 1915 1916
f 1902 1916 1903
f 1903 1916 1931
f 1903 1931 1904
f 1904 1931 1932
f 1904 1932 1905
f 1905 1932 1925
f 1905 1925 1906
f 1911 1917 1912
f 1912 1925 1913
f 1913 1925 1932
f 1913 1932 1914
f 1914 1932 1916
f 1916 1932 1931
f 1920 1933 1921
f 1920 1930 1933
f 1921 1934 1935
f 1921 1935 1922
f 1921 1933 1934
f 1922 1935 1923
f 1929 1936 1933
f 1929 1933 1930
f 1933 1936 1937
f 1933 1937 1934

