# https://github.com/mikedh/trimesh
v 0.13500074 0.37497896 0.15448788
v 0.14499697 0.37497896 0.15261945
v 0.13500074 0.38497761 0.15442345
v 0.12630898 0.38497761 0.15216845
v 0.12691867 0.37497896 0.15197515
v 0.12778360 0.36498034 0.15142751
v 0.13500074 0.36498034 0.15361810
v 0.14393353 0.35498169 0.15149194
v 0.14589025 0.36453792 0.15184629
v 0.15022904 0.37497896 0.15013891
v 0.15003054 0.38015527 0.15001008
v 0.14549324 0.38409278 0.15181407
v 0.15027158 0.36754635 0.15017113
v 0.14274250 0.39497626 0.15145972
v 0.13500074 0.39497626 0.15336037
v 0.12706046 0.40497488 0.15107316
v 0.12609628 0.39497626 0.15187851
v 0.12109108 0.39497626 0.14923692
v 0.07188974 0.44496942 0.11972847
v 0.07188974 0.43497080 0.11927747
v 0.12897463 0.35498169 0.15065435
v 0.12660673 0.02484970 0.10275145
v 0.12670599 0.02484970 0.10281588
v 0.13484477 0.02484970 0.10729369
v 0.14041713 0.33936435 0.15010673
v 0.14186339 0.34498304 0.15065435
v 0.12976865 0.34923026 0.15013891
v 0.13500074 0.02484970 0.10735812
v 0.14479846 0.02484970 0.10774469
v 0.14499697 0.02484970 0.10774469
v 0.14892457 0.35498169 0.14952686
v 0.14983203 0.36091009 0.14991343
v 0.15523425 0.37497896 0.14630541
v 0.15401486 0.38409278 0.14617655
v 0.14916562 0.38679153 0.14946243
v 0.16154394 0.37497896 0.14131215
v 0.16074991 0.38497761 0.14063567
v 0.15417083 0.36453792 0.14701411
v 0.16158646 0.36498034 0.14134437
v 0.14771935 0.39497626 0.14846379
v 0.14114027 0.40187794 0.15062216
v 0.13491566 0.40510762 0.15126643
v 0.13151269 0.41099176 0.15036443
v 0.12864852 0.41099176 0.15036443
v 0.12518883 0.41457534 0.14827049
v 0.12205525 0.40497488 0.14914027
v 0.11662468 0.42497218 0.14208531
v 0.11831198 0.43125451 0.14073232
v 0.07188974 0.45231354 0.11499294
v 0.07188974 0.02484970 0.05819884
v 0.15456784 0.02484970 0.10329910
v 0.15499321 0.35498169 0.14540341
v 0.16103348 0.35498169 0.14086115
v 0.15475217 0.02484970 0.10320245
v 0.15975738 0.02484970 0.09981994
v 0.16012603 0.39033085 0.14008802
v 0.15530515 0.39417988 0.14282626
v 0.16654915 0.37497896 0.13673770
v 0.16659167 0.36498034 0.13683435
v 0.16575511 0.38497761 0.13593236
v 0.16603869 0.35498169 0.13638335
v 0.15195888 0.40497488 0.14160210
v 0.14467086 0.40510762 0.14694971
v 0.13819101 0.40855846 0.14939800
v 0.13491566 0.41457534 0.14759398
v 0.13074702 0.43050238 0.14041016
v 0.12500450 0.42497218 0.14421147
v 0.12500450 0.43134296 0.14086115
v 0.11500826 0.44284582 0.13232434
v 0.07188974 0.45381778 0.11354329
v 0.11500826 0.44784516 0.12787873
v 0.07188974 0.02484970 -0.17458290
v 0.16489018 0.02484970 0.09550320
v 0.17053345 0.02484970 0.09070324
v 0.17064689 0.02484970 0.09060659
v 0.17022151 0.39064056 0.13023040
v 0.16456407 0.39382595 0.13457933
v 0.15886410 0.39701137 0.13896051
v 0.17168196 0.37497896 0.13174447
v 0.17090210 0.38497761 0.13093910
v 0.17179540 0.36498034 0.13180891
v 0.17142674 0.35498169 0.13139009
v 0.15696409 0.40497488 0.13718870
v 0.15041336 0.41054934 0.14034572
v 0.14467086 0.41430989 0.14237523
v 0.14114027 0.42116737 0.14082894
v 0.13444775 0.42466247 0.14218196
v 0.13410746 0.43435141 0.13438606
v 0.13080373 0.44050103 0.13058475
v 0.12500450 0.44196099 0.13190556
v 0.12500450 0.43634230 0.13689879
v 0.13741118 0.42780364 0.13815513
v 0.10501203 0.45191538 0.12195127
v 0.10501203 0.45691472 0.11653925
v 0.09868816 0.46067524 0.11090171
v 0.07188974 0.46514368 0.09920786
v 0.11500826 0.45235783 0.12288549
v 0.07188974 0.02502666 -0.17461511
v 0.07520764 0.02484970 -0.17445403
v 0.17565209 0.02484970 0.08554892
v 0.17655955 0.38533154 0.12436735
v 0.17972149 0.38887089 0.11963183
v 0.17308569 0.39435685 0.12533379
v 0.16900212 0.39732105 0.12887737
v 0.16221035 0.40497488 0.13219547
v 0.17668717 0.37497896 0.12620357
v 0.17680059 0.36498034 0.12639686
v 0.18050134 0.38223463 0.12063048
v 0.17641777 0.35498169 0.12607473
v 0.18050134 0.02484970 0.08055568
v 0.16062230 0.41090328 0.13061696
v 0.15434097 0.41404444 0.13438606
v 0.14779024 0.41722983 0.13812295
v 0.15159023 0.42174250 0.13148674
v 0.14477010 0.42479521 0.13480484
v 0.14174996 0.43147570 0.13148674
v 0.13746789 0.43815619 0.12778208
v 0.14114027 0.44081071 0.12111370
v 0.13449028 0.44249189 0.12465728
v 0.12913060 0.44952634 0.11918082
v 0.12548658 0.44727001 0.12501165
v 0.12246644 0.45116329 0.12172578
v 0.10501203 0.46098495 0.11154599
v 0.07188974 0.47169146 0.08770730
v 0.11519259 0.45757833 0.11467080
v 0.11197394 0.46063101 0.11112721
v 0.07188974 0.03502530 -0.17448625
v 0.07500914 0.03502530 -0.17435738
v 0.08500537 0.02502666 -0.17342317
v 0.08500537 0.02484970 -0.17342317
v 0.18323790 0.38533154 0.11576610
v 0.18866847 0.38497761 0.10777690
v 0.18220282 0.39497626 0.11322115
v 0.17868641 0.39497626 0.11821439
v 0.17152599 0.40497488 0.12185463
v 0.16721556 0.40497488 0.12684786
v 0.18098342 0.37497896 0.12121034
v 0.18113939 0.36498034 0.12140363
v 0.18088417 0.35498169 0.12104926
v 0.18550654 0.37497896 0.11499294
v 0.18951921 0.37497896 0.10919435
v 0.18035954 0.34498304 0.12040498
v 0.18502446 0.02484970 0.07498258
v 0.17019317 0.41028389 0.12024390
v 0.16429467 0.41391170 0.12417407
v 0.15825438 0.41753954 0.12813646
v 0.16131707 0.42156553 0.12146806
v 0.15497902 0.42497218 0.12494721
v 0.14839995 0.42842302 0.12845859
v 0.15170367 0.43151993 0.12179019
v 0.14477010 0.43483806 0.12478615
v 0.14779024 0.43820044 0.11747346
v 0.15064023 0.44050103 0.11080506
v 0.14467086 0.44244766 0.11447752
v 0.13548282 0.44788939 0.11550839
v 0.13246268 0.45129600 0.11251243
v 0.12548658 0.45319840 0.11550839
v 0.11863810 0.45952499 0.10871112
v 0.10501203 0.46430308 0.10497425
v 0.09500161 0.47049692 0.09131531
v 0.09500161 0.47222236 0.08496907
v 0.08500537 0.47447869 0.07498258
v 0.08500537 0.47602713 0.06499609
v 0.07188974 0.47456717 0.06828197
v 0.09500161 0.46819636 0.09630856
v 0.11519259 0.46195829 0.10523196
v 0.10467173 0.46832907 0.09453676
v 0.07188974 0.04502393 -0.17432517
v 0.07500914 0.04502393 -0.17419630
v 0.08500537 0.03502530 -0.17329431
v 0.09500161 0.02502666 -0.17171580
v 0.08520388 0.02484970 -0.17339095
v 0.19158936 0.38497761 0.10278367
v 0.19068190 0.39201206 0.10120516
v 0.18749161 0.39519745 0.10471653
v 0.18088417 0.40187794 0.11128828
v 0.17678642 0.40510762 0.11476745
v 0.18591774 0.36498034 0.11499294
v 0.18547818 0.35498169 0.11499294
v 0.18943414 0.02484970 0.06944169
v 0.18976027 0.36498034 0.10961313
v 0.19242592 0.37497896 0.10420110
v 0.19272368 0.36498034 0.10461989
v 0.17926776 0.40855846 0.10880777
v 0.17193718 0.41417718 0.11434866
v 0.16798122 0.41696441 0.11728018
v 0.16446482 0.42439702 0.11428422
v 0.15836783 0.42824605 0.11792446
v 0.17043421 0.42054796 0.11061178
v 0.15451112 0.43457264 0.11438087
v 0.15256859 0.44196099 0.10497425
v 0.14486936 0.44722575 0.10526418
v 0.13912684 0.44943786 0.10880777
v 0.16094841 0.43090057 0.11125607
v 0.15755962 0.43784651 0.10497425
v 0.15943125 0.43952769 0.09891793
v 0.13548282 0.45288873 0.10526418
v 0.12507540 0.45810923 0.10523196
v 0.12180003 0.46071950 0.10207494
v 0.10111278 0.47027570 0.09089652
v 0.09500161 0.47399202 0.07498258
v 0.08500537 0.47646958 0.05497739
v 0.07500914 0.47660229 0.05497739
v 0.07188974 0.47602713 0.05810220
v 0.09500161 0.47483262 0.06499609
v 0.11500826 0.46527642 0.09498776
v 0.10777694 0.46939087 0.08699857
v 0.07188974 0.04812086 -0.17422852
v 0.07500914 0.05502257 -0.17387417
v 0.08500537 0.05502257 -0.17284331
v 0.08500537 0.04502393 -0.17313322
v 0.09500161 0.03502530 -0.17158693
v 0.10092846 0.03502530 -0.17026615
v 0.10111278 0.02502666 -0.17033058
v 0.09500161 0.02484970 -0.17171580
v 0.19774307 0.37431535 0.09405354
v 0.19554532 0.38497761 0.09498776
v 0.19242592 0.39519745 0.09540655
v 0.18953340 0.39869255 0.09904679
v 0.18299684 0.40510762 0.10526418
v 0.18959011 0.35498169 0.10935541
v 0.18917891 0.34498304 0.10877556
v 0.19289383 0.02484970 0.06431959
v 0.19265279 0.35498169 0.10436217
v 0.19771472 0.36498034 0.09534212
v 0.20005426 0.37051055 0.09012338
v 0.19765800 0.35498169 0.09540655
v 0.18125282 0.41196507 0.10213938
v 0.17728269 0.41519475 0.10526418
v 0.17909761 0.41864559 0.09820921
v 0.17214987 0.42262733 0.10497425
v 0.16796705 0.42762667 0.10497425
v 0.14852756 0.44903967 0.09498776
v 0.14148057 0.45085359 0.10213938
v 0.16296184 0.43284720 0.10497425
v 0.16966853 0.42961752 0.09933671
v 0.16104767 0.44085497 0.09224954
v 0.15565962 0.44373065 0.09534212
v 0.17128494 0.43125451 0.09266832
v 0.13436268 0.45731288 0.09460119
v 0.12846419 0.45930377 0.09766156
v 0.12507540 0.46160433 0.09460119
v 0.10467173 0.47071815 0.08419592
v 0.10501203 0.47191268 0.07498258
v 0.07500914 0.47677925 0.04499091
v 0.09500161 0.47496533 0.05497739
v 0.08500537 0.47607139 0.04499091
v 0.07188974 0.47646958 0.04499091
v 0.07188974 0.47615987 0.05497739
v 0.10501203 0.47266477 0.06499609
v 0.12500450 0.46390492 0.08496907
v 0.11412916 0.46801940 0.08419592
v 0.11020156 0.47005451 0.08033018
v 0.07188974 0.05502257 -0.17400303
v 0.07188974 0.05811949 -0.17387417
v 0.07500914 0.06502122 -0.17342317
v 0.09412251 0.06502122 -0.17084602
v 0.09589489 0.05546498 -0.17091045
v 0.09500161 0.04502393 -0.17142588
v 0.08500537 0.07501985 -0.17187688
v 0.09294565 0.07501985 -0.17058828
v 0.10065906 0.04502393 -0.17016950
v 0.10566426 0.04502393 -0.16862321
v 0.10593367 0.03502530 -0.16868764
v 0.10611799 0.02502666 -0.16875207
v 0.10111278 0.02484970 -0.17033058
v 0.19968560 0.37719107 0.08915695
v 0.19894829 0.38497761 0.08715965
v 0.19738859 0.39422414 0.08419592
v 0.19110727 0.40236461 0.09237839
v 0.18818638 0.40541729 0.09540655
v 0.19789904 0.02484970 0.05636262
v 0.19235502 0.34498304 0.10375009
v 0.19784233 0.34480608 0.09411797
v 0.20019604 0.35498169 0.09041331
v 0.20016769 0.36498034 0.09034888
v 0.20138708 0.37431535 0.08548450
v 0.20232290 0.36498034 0.08496907
v 0.20588185 0.36498034 0.07498258
v 0.20009679 0.34799150 0.09018781
v 0.18291177 0.41519475 0.09492333
v 0.18951921 0.40904513 0.08870594
v 0.18074238 0.42094615 0.09154081
v 0.14990292 0.44992453 0.08976902
v 0.14355071 0.45213658 0.09498776
v 0.16742824 0.43771380 0.08496907
v 0.16242303 0.44196099 0.08496907
v 0.15465291 0.44753546 0.08583885
v 0.17775059 0.42740548 0.08496907
v 0.17275956 0.43271446 0.08496907
v 0.13695744 0.45846316 0.08496907
v 0.13059105 0.46027708 0.09099317
v 0.11108066 0.47031996 0.07498258
v 0.07500914 0.47602713 0.03497221
v 0.07188974 0.47598290 0.03497221
v 0.10501203 0.47279751 0.05497739
v 0.09500161 0.47452295 0.04499091
v 0.08500537 0.47509807 0.03497221
v 0.11228588 0.47067389 0.06499609
v 0.11251274 0.47076237 0.05497739
v 0.12500450 0.46545339 0.07498258
v 0.13195224 0.46089646 0.08496907
v 0.13365373 0.46173707 0.07498258
v 0.11607169 0.46868300 0.07498258
v 0.07188974 0.06502122 -0.17355204
v 0.07500914 0.07501985 -0.17293996
v 0.09980831 0.05909282 -0.16994402
v 0.09795085 0.07501985 -0.16955742
v 0.10034712 0.05241232 -0.17007285
v 0.08500537 0.08501849 -0.17123258
v 0.09140013 0.08501849 -0.17026615
v 0.10421800 0.05546498 -0.16875207
v 0.11500826 0.05502257 -0.16498297
v 0.11500826 0.04502393 -0.16530514
v 0.11500826 0.03502530 -0.16546619
v 0.11500826 0.02502666 -0.16556284
v 0.10611799 0.02484970 -0.16875207
v 0.20077738 0.38497761 0.08213419
v 0.20484677 0.37497896 0.07498258
v 0.20012516 0.39037511 0.08036239
v 0.19903336 0.39727682 0.07498258
v 0.19246846 0.40541729 0.08522678
v 0.20074902 0.02484970 0.05133716
v 0.19992664 0.34131098 0.08983345
v 0.20250723 0.35498169 0.08496907
v 0.20625050 0.35498169 0.07498258
v 0.20912886 0.35546836 0.06419073
v 0.20847662 0.36498034 0.06499609
v 0.20182663 0.34480608 0.08590329
v 0.19071025 0.41116872 0.08203755
v 0.18730728 0.41470808 0.08522678
v 0.18199013 0.42240614 0.08496907
v 0.15109396 0.45072085 0.08310062
v 0.14594696 0.45319840 0.08583885
v 0.16878943 0.43895257 0.07498258
v 0.17414911 0.43395323 0.07498258
v 0.16379841 0.44297856 0.07498258
v 0.15714842 0.44797787 0.07498258
v 0.17915432 0.42904240 0.07498258
v 0.13864475 0.45930377 0.07498258
v 0.14499697 0.45572019 0.07498258
v 0.11727691 0.46912545 0.06499609
v 0.07500914 0.47456717 0.02498573
v 0.07188974 0.47465566 0.02498573
v 0.11173290 0.47054118 0.04499091
v 0.10501203 0.47231084 0.04499091
v 0.09500161 0.47350538 0.03497221
v 0.08500537 0.47354960 0.02498573
v 0.11751796 0.46916968 0.05497739
v 0.12500450 0.46624970 0.06499609
v 0.13955221 0.45974618 0.06499609
v 0.13454701 0.46213526 0.06499609
v 0.07188974 0.07501985 -0.17306882
v 0.07188974 0.07811677 -0.17287552
v 0.07500914 0.08501849 -0.17229566
v 0.10501203 0.07501985 -0.16756013
v 0.09640533 0.08501849 -0.16923529
v 0.10501203 0.08501849 -0.16691583
v 0.09030834 0.09081416 -0.17004064
v 0.08184344 0.10289216 -0.17023394
v 0.08850760 0.09745042 -0.16978294
v 0.10501203 0.06502122 -0.16804335
v 0.11500826 0.06502122 -0.16453198
v 0.12279256 0.06502122 -0.16127831
v 0.12327465 0.05502257 -0.16150382
v 0.12360077 0.04502393 -0.16166487
v 0.12377092 0.03502530 -0.16176152
v 0.11517841 0.02484970 -0.16549841
v 0.11500826 0.02484970 -0.16556284
v 0.20289007 0.38497761 0.07498258
v 0.20728558 0.37497896 0.06499609
v 0.20083410 0.39227748 0.07498258
v 0.19974232 0.39935619 0.06815311
v 0.19567293 0.40497488 0.07498258
v 0.20375499 0.02484970 0.04511977
v 0.20381171 0.02484970 0.04499091
v 0.20612289 0.34498304 0.07498258
v 0.20890199 0.34498304 0.06547931
v 0.20996541 0.35909617 0.05977735
v 0.21010721 0.34498304 0.06048607
v 0.21006468 0.35241568 0.06032500
v 0.20975274 0.36498034 0.05768341
v 0.20800871 0.02484970 0.03497221
v 0.19163190 0.41258448 0.07498258
v 0.18837070 0.41758376 0.07498258
v 0.18337968 0.42404306 0.07498258
v 0.15215740 0.45142871 0.07498258
v 0.17982075 0.42979449 0.06734775
v 0.16949838 0.43957192 0.06499609
v 0.16450736 0.44350946 0.06499609
v 0.15788573 0.44850877 0.06499609
v 0.14499697 0.45664924 0.06499609
v 0.07500914 0.47253203 0.01499924
v 0.07188974 0.47266477 0.01499924
v 0.11673810 0.46890423 0.04499091
v 0.11076872 0.47023147 0.03809702
v 0.10555083 0.47116056 0.03484336
v 0.10211950 0.47049692 0.02498573
v 0.09500161 0.47195691 0.02498573
v 0.09500161 0.47054118 0.01767304
v 0.08553000 0.47124904 0.01429052
v 0.12500450 0.46638244 0.05497739
v 0.12500450 0.46589577 0.04499091
v 0.13966565 0.45979041 0.05497739
v 0.14499697 0.45678198 0.05497739
v 0.13466044 0.46217948 0.05497739
v 0.07188974 0.08501849 -0.17242453
v 0.07500914 0.09501712 -0.17149031
v 0.07950389 0.10957266 -0.16994402
v 0.11500826 0.07501985 -0.16401654
v 0.09417923 0.09448622 -0.16894537
v 0.09500161 0.10501575 -0.16791448
v 0.10501203 0.10501575 -0.16530514
v 0.11500826 0.09501712 -0.16259912
v 0.11500826 0.08501849 -0.16337225
v 0.08510463 0.10572363 -0.16955742
v 0.09500161 0.11501440 -0.16694805
v 0.12226794 0.07501985 -0.16102061
v 0.12779777 0.06502122 -0.15889445
v 0.12827986 0.05502257 -0.15911993
v 0.12859181 0.04502393 -0.15928102
v 0.12877613 0.03502530 -0.15937766
v 0.12888956 0.02502666 -0.15944210
v 0.12398361 0.02484970 -0.16176152
v 0.20513035 0.38497761 0.06499609
v 0.20897289 0.37413839 0.05426868
v 0.20161395 0.39559561 0.06489945
v 0.20019604 0.40037376 0.06148472
v 0.19781396 0.40422279 0.06489945
v 0.20870349 0.33498442 0.06525381
v 0.20990869 0.02484970 0.02991454
v 0.21144004 0.02484970 0.02492130
v 0.20993707 0.32272947 0.05968071
v 0.21000797 0.32940996 0.06003506
v 0.21006468 0.33498442 0.06026057
v 0.21108556 0.34498304 0.05497739
v 0.21064600 0.35546836 0.05584718
v 0.21187958 0.35498169 0.04499091
v 0.21033406 0.36498034 0.05269017
v 0.21111393 0.33498442 0.05497739
v 0.21003631 0.37024510 0.05046737
v 0.19245428 0.41377899 0.06499609
v 0.18912220 0.41877830 0.06499609
v 0.15288052 0.45187116 0.06499609
v 0.18332297 0.42585701 0.06441624
v 0.18003342 0.43001571 0.06067935
v 0.17587896 0.43368781 0.06441624
v 0.16968271 0.43970466 0.05497739
v 0.16467750 0.44364220 0.05497739
v 0.15804170 0.44864148 0.05497739
v 0.15305068 0.45195961 0.05497739
v 0.08253822 0.47036421 0.00874964
v 0.07500914 0.47071815 0.00746106
v 0.07188974 0.47076237 0.00723556
v 0.11446945 0.46859455 0.03484336
v 0.10925156 0.46978906 0.03142862
v 0.10711053 0.46921390 0.02498573
v 0.10023368 0.47005451 0.01973477
v 0.08920237 0.46987754 0.01048922
v 0.13410746 0.46195829 0.04499091
v 0.13295895 0.46133888 0.03497221
v 0.12500450 0.46474549 0.03497221
v 0.13911267 0.45952499 0.04499091
v 0.14499697 0.45625108 0.04499091
v 0.15262531 0.45169419 0.04499091
v 0.07188974 0.09501712 -0.17161915
v 0.07282556 0.11205021 -0.17020172
v 0.07570391 0.10572363 -0.17055607
v 0.07500914 0.12501304 -0.16862321
v 0.07500914 0.13501167 -0.16749570
v 0.08500537 0.12501304 -0.16759235
v 0.08500537 0.11501440 -0.16865543
v 0.12157317 0.08501849 -0.16069844
v 0.10501203 0.11501440 -0.16433868
v 0.11359035 0.11501440 -0.16137496
v 0.11571722 0.10461758 -0.16153604
v 0.12070824 0.09501712 -0.16031188
v 0.11951720 0.10767026 -0.15979645
v 0.12018362 0.10098976 -0.16005418
v 0.09500161 0.12501304 -0.16585276
v 0.12727314 0.07501985 -0.15863672
v 0.13500074 0.07501985 -0.15432000
v 0.13500074 0.05502257 -0.15528643
v 0.13500074 0.04502393 -0.15557635
v 0.13500074 0.03502530 -0.15576965
v 0.13500074 0.02502666 -0.15586630
v 0.12888956 0.02484970 -0.15944210
v 0.20642066 0.38497761 0.05497739
v 0.20915721 0.37577534 0.04499091
v 0.20289007 0.39497626 0.05497739
v 0.20040873 0.40077192 0.05497739
v 0.19774307 0.40577126 0.05497739
v 0.21146840 0.02484970 0.02482466
v 0.21396391 0.02484970 0.01499924
v 0.21239004 0.34498304 0.04499091
v 0.21254601 0.33498442 0.04499091
v 0.21280122 0.34498304 0.03497221
v 0.21216318 0.35498169 0.03497221
v 0.21092960 0.36498034 0.04499091
v 0.21251765 0.32498577 0.04499091
v 0.21556614 0.02484970 0.00517383
v 0.21016392 0.37077600 0.04499091
v 0.19273786 0.41413292 0.05497739
v 0.18936324 0.41913223 0.05497739
v 0.18352148 0.42598972 0.05401096
v 0.18003342 0.43001571 0.05668476
v 0.16938496 0.43948346 0.04499091
v 0.17599240 0.43377626 0.05401096
v 0.17999089 0.42997146 0.05001637
v 0.16437975 0.44333249 0.04499091
v 0.15763052 0.44833180 0.04499091
v 0.08553000 0.46885997 0.00523826
v 0.08500537 0.46571881 -0.00500594
v 0.07500914 0.46925816 0.00246782
v 0.07188974 0.46930242 0.00221010
v 0.12500450 0.46306431 0.02498573
v 0.11500826 0.46673638 0.02498573
v 0.11500826 0.46452427 0.01499924
v 0.10414711 0.46801940 0.01583682
v 0.10501203 0.46483397 0.00498054
v 0.09500161 0.46717879 0.00498054
v 0.09500161 0.46930242 0.01267980
v 0.13794997 0.45894983 0.03497221
v 0.13115820 0.46054253 0.02498573
v 0.14499697 0.45505655 0.03497221
v 0.15170367 0.45107478 0.03497221
v 0.15670887 0.44775665 0.03497221
v 0.07188974 0.11218293 -0.17020172
v 0.07188974 0.11280231 -0.17013729
v 0.07188974 0.13501167 -0.16762456
v 0.07188974 0.13815284 -0.16723800
v 0.07500914 0.14501031 -0.16623935
v 0.08500537 0.13501167 -0.16643262
v 0.09500161 0.13501167 -0.16472527
v 0.12657838 0.08501849 -0.15831459
v 0.10501203 0.12501304 -0.16324338
v 0.11102395 0.13324201 -0.16037631
v 0.11221498 0.12501304 -0.16082731
v 0.11858138 0.11501440 -0.15940988
v 0.11722019 0.12501304 -0.15886223
v 0.12411122 0.10461758 -0.15786359
v 0.12571345 0.09501712 -0.15789580
v 0.12500450 0.12501304 -0.15531865
v 0.12500450 0.11501440 -0.15641394
v 0.13500074 0.08501849 -0.15364349
v 0.14051639 0.08501849 -0.15032539
v 0.14098430 0.07501985 -0.15064755
v 0.14167906 0.05502257 -0.15113077
v 0.14189176 0.04502393 -0.15129182
v 0.14133877 0.06502122 -0.15090525
v 0.14201936 0.03502530 -0.15135625
v 0.14209026 0.02502666 -0.15142068
v 0.13500074 0.02484970 -0.15586630
v 0.20676094 0.38497761 0.04499091
v 0.20901543 0.37586379 0.03497221
v 0.21019229 0.37086448 0.03497221
v 0.20304604 0.39497626 0.04499091
v 0.20045127 0.40081614 0.04499091
v 0.19762963 0.40581548 0.04499091
v 0.21329749 0.32498577 0.03497221
v 0.21311316 0.33498442 0.03497221
v 0.21356690 0.29498988 0.03497221
v 0.21353854 0.30498850 0.03497221
v 0.21345347 0.31498715 0.03497221
v 0.21247512 0.34498304 0.02498573
v 0.21342510 0.32498577 0.02498573
v 0.21304227 0.33498442 0.02498573
v 0.21162437 0.35498169 0.02498573
v 0.21107139 0.36498034 0.03497221
v 0.21352437 0.28499123 0.03497221
v 0.21559450 0.02484970 0.00498054
v 0.19262442 0.41386747 0.04499091
v 0.18917891 0.41886681 0.04499091
v 0.18417370 0.42479521 0.04499091
v 0.17480135 0.43448412 0.04499091
v 0.17413494 0.43377626 0.03497221
v 0.16856256 0.43877560 0.03497221
v 0.16357154 0.44275734 0.03497221
v 0.17980656 0.42979449 0.04499091
v 0.07500914 0.46682486 -0.00500594
v 0.09500161 0.46394914 -0.00500594
v 0.09500161 0.46107343 -0.01276963
v 0.08839417 0.45974618 -0.01940581
v 0.08503373 0.46173707 -0.01563671
v 0.07500914 0.46310854 -0.01499242
v 0.07188974 0.46766543 -0.00294421
v 0.13008060 0.46001163 0.01983141
v 0.12477763 0.46116191 0.01590125
v 0.12130377 0.46049827 0.00823421
v 0.11513587 0.46169281 0.00494833
v 0.11188887 0.46058679 -0.00184892
v 0.10484187 0.46151584 -0.00510258
v 0.13614924 0.45806497 0.02498573
v 0.14577682 0.45275599 0.02456694
v 0.15076785 0.45045543 0.02762732
v 0.16232377 0.44178402 0.02498573
v 0.15445441 0.44731426 0.02456694
v 0.07188974 0.14501031 -0.16636819
v 0.07188974 0.14815147 -0.16594940
v 0.07500914 0.15500894 -0.16488633
v 0.08500537 0.14501031 -0.16517627
v 0.09500161 0.14501031 -0.16346890
v 0.10046054 0.16093734 -0.16011858
v 0.10176502 0.15500894 -0.16053739
v 0.10389188 0.14501031 -0.16121387
v 0.13422088 0.10501575 -0.15248376
v 0.10597620 0.13594075 -0.16169709
v 0.10996051 0.13987827 -0.15995753
v 0.11461125 0.13594075 -0.15863672
v 0.12500450 0.13501167 -0.15419114
v 0.13341267 0.11501440 -0.15200055
v 0.13154104 0.13501167 -0.15087304
v 0.13250522 0.12501304 -0.15145290
v 0.13583730 0.09475167 -0.15238711
v 0.13972236 0.09789284 -0.14980996
v 0.14408951 0.09475167 -0.14694288
v 0.14549324 0.08501849 -0.14671737
v 0.14597532 0.07501985 -0.14703953
v 0.14499697 0.10501575 -0.14542881
v 0.14667010 0.05502257 -0.14752275
v 0.14688279 0.04502393 -0.14768380
v 0.14699621 0.03502530 -0.14778045
v 0.14632981 0.06502122 -0.14729723
v 0.14708129 0.02502666 -0.14784488
v 0.14218952 0.02484970 -0.15135625
v 0.14209026 0.02484970 -0.15142068
v 0.20632140 0.38497761 0.03497221
v 0.21009302 0.37037784 0.02917361
v 0.20864677 0.37422687 0.02550116
v 0.20199679 0.39577258 0.03471450
v 0.20025277 0.40046221 0.03783930
v 0.19764382 0.40426701 0.03471450
v 0.21392137 0.30498850 0.02498573
v 0.21372287 0.31498715 0.02498573
v 0.21444601 0.24504092 0.02498573
v 0.21446018 0.25499532 0.02498573
v 0.21441764 0.26499397 0.02498573
v 0.21431839 0.27499259 0.02498573
v 0.21420497 0.28499123 0.02498573
v 0.21407735 0.29498988 0.02498573
v 0.21153930 0.34498304 0.01499924
v 0.21224824 0.33498442 0.01499924
v 0.21426168 0.28499123 0.01499924
v 0.21392137 0.29498988 0.01499924
v 0.21355271 0.30498850 0.01499924
v 0.21316989 0.31498715 0.01499924
v 0.21275869 0.32498577 0.01499924
v 0.21057512 0.35467201 0.01512810
v 0.21020646 0.36135250 0.01857505
v 0.21050422 0.36480337 0.02550116
v 0.21648780 0.02484970 -0.00481265
v 0.21586391 0.10501575 0.00498054
v 0.21522585 0.19500349 0.01499924
v 0.19217069 0.41307113 0.03497221
v 0.18856922 0.41807044 0.03497221
v 0.18356401 0.42408732 0.03497221
v 0.17912596 0.42908663 0.03497221
v 0.17301479 0.43280295 0.02498573
v 0.16732898 0.43780226 0.02498573
v 0.07188974 0.46328551 -0.01499242
v 0.07188974 0.46443582 -0.01186762
v 0.07188974 0.46695757 -0.00500594
v 0.10139637 0.46036556 -0.01093340
v 0.09500161 0.45908254 -0.01776287
v 0.09500161 0.45585293 -0.02497891
v 0.08503373 0.45802075 -0.02430240
v 0.08173001 0.46023285 -0.02053331
v 0.07500914 0.46054253 -0.02127425
v 0.13405074 0.45700318 0.01590125
v 0.12796792 0.45912680 0.01316302
v 0.12477763 0.45802075 0.00494833
v 0.11855303 0.45948073 0.00156581
v 0.11513587 0.45833045 -0.00510258
v 0.10806052 0.45943648 -0.00851732
v 0.14332384 0.45187116 0.01499924
v 0.14964770 0.44974756 0.02095892
v 0.16107602 0.44081071 0.01699654
v 0.07188974 0.15500894 -0.16501519
v 0.07188974 0.15815011 -0.16456419
v 0.07500914 0.16500759 -0.16343668
v 0.08500537 0.16500759 -0.16240582
v 0.08500537 0.15500894 -0.16382325
v 0.09500161 0.15500894 -0.16211590
v 0.09494489 0.16456518 -0.16076288
v 0.09823443 0.16761786 -0.15960315
v 0.10501203 0.18500486 -0.15489984
v 0.10501203 0.17500621 -0.15647835
v 0.10427471 0.16456518 -0.15834680
v 0.10675605 0.15500894 -0.15895888
v 0.10888290 0.14501031 -0.15963537
v 0.13921191 0.10501575 -0.14948782
v 0.11500826 0.15500894 -0.15596291
v 0.11500826 0.14501031 -0.15728372
v 0.12421047 0.15500894 -0.15196833
v 0.12595449 0.14585090 -0.15235490
v 0.12992463 0.14974418 -0.14993882
v 0.13069031 0.14306366 -0.15038982
v 0.13840371 0.11501440 -0.14900461
v 0.13654625 0.13501167 -0.14787710
v 0.13749625 0.12501304 -0.14845696
v 0.15115069 0.10501575 -0.14091876
v 0.15166113 0.09501712 -0.14133757
v 0.15214321 0.08501849 -0.14172414
v 0.15254024 0.07501985 -0.14204627
v 0.14499697 0.11501440 -0.14443016
v 0.15054098 0.11501440 -0.14040333
v 0.15310739 0.05502257 -0.14252949
v 0.15283799 0.06502122 -0.14230400
v 0.15329172 0.04502393 -0.14269057
v 0.15339097 0.03502530 -0.14278722
v 0.14720890 0.02484970 -0.14774823
v 0.14708129 0.02484970 -0.14784488
v 0.20524380 0.38497761 0.02498573
v 0.20968184 0.36803302 0.02250521
v 0.20676094 0.37497896 0.01499924
v 0.20169902 0.39364898 0.02498573
v 0.19984157 0.39966589 0.03117090
v 0.19568710 0.40497488 0.02498573
v 0.21472958 0.26499397 0.01499924
v 0.21451689 0.27499259 0.01499924
v 0.21525422 0.20500213 0.01499924
v 0.21522585 0.21500078 0.01499924
v 0.21515495 0.22504365 0.01499924
v 0.21498480 0.24504092 0.01499924
v 0.21488555 0.25499532 0.01499924
v 0.21044751 0.34498304 0.00775099
v 0.21014974 0.35117692 0.00926507
v 0.21258855 0.30498850 0.00498054
v 0.21200719 0.31498715 0.00498054
v 0.21136914 0.32498577 0.00498054
v 0.21068855 0.33436504 0.00462619
v 0.21489972 0.24504092 0.00498054
v 0.21458779 0.25499532 0.00498054
v 0.21426168 0.26499397 0.00498054
v 0.21392137 0.27499259 0.00498054
v 0.21355271 0.28499123 0.00498054
v 0.21309899 0.29498988 0.00498054
v 0.20969602 0.35781318 0.01190666
v 0.20907214 0.36480337 0.01512810
v 0.21650197 0.02484970 -0.00500594
v 0.21592063 0.12501304 0.00498054
v 0.19136250 0.41187662 0.02498573
v 0.18259984 0.42293704 0.02498573
v 0.18760504 0.41687590 0.02498573
v 0.17800581 0.42793638 0.02498573
v 0.17151181 0.43143147 0.01499924
v 0.16464914 0.43709439 0.01419388
v 0.07188974 0.46151584 -0.01930916
v 0.10484187 0.45788801 -0.01454142
v 0.10562173 0.45271176 -0.02575206
v 0.10270084 0.45076510 -0.03151844
v 0.09500161 0.45173842 -0.03338689
v 0.08537403 0.45235783 -0.03580297
v 0.07500914 0.45828620 -0.02626749
v 0.07188974 0.46063101 -0.02143532
v 0.14145221 0.45080936 0.00749327
v 0.13568133 0.45284447 0.00449733
v 0.13232090 0.45116329 -0.00500594
v 0.12500450 0.45448142 -0.00500594
v 0.11500826 0.45443717 -0.01499242
v 0.12045301 0.45018995 -0.02040445
v 0.14831486 0.44895118 0.01499924
v 0.15591484 0.44364220 0.01419388
v 0.15985662 0.43988162 0.01032815
v 0.07188974 0.16500759 -0.16356555
v 0.07188974 0.16814876 -0.16308233
v 0.07500914 0.17500621 -0.16189039
v 0.08182926 0.18155400 -0.16021523
v 0.08510463 0.17522743 -0.16079509
v 0.08849342 0.17872253 -0.15976423
v 0.09157027 0.17208627 -0.16031188
v 0.09494489 0.17522743 -0.15908772
v 0.09500161 0.18500486 -0.15750921
v 0.10501203 0.19500349 -0.15319249
v 0.11062694 0.20133007 -0.15022874
v 0.11210155 0.19500349 -0.15080860
v 0.11500826 0.16500759 -0.15451327
v 0.12272167 0.16500759 -0.15125960
v 0.12920150 0.15500894 -0.14958447
v 0.13500074 0.16500759 -0.14472008
v 0.13500074 0.15500894 -0.14616972
v 0.13441940 0.14585090 -0.14778045
v 0.14407533 0.13501167 -0.14288387
v 0.14228877 0.15500894 -0.14156306
v 0.14321041 0.14501031 -0.14223957
v 0.15553202 0.11501440 -0.13618323
v 0.15614171 0.10501575 -0.13666648
v 0.15666634 0.09501712 -0.13708526
v 0.15714842 0.08501849 -0.13750404
v 0.15753126 0.07501985 -0.13782617
v 0.15012980 0.12098703 -0.14008120
v 0.14964770 0.12762329 -0.13972685
v 0.15811260 0.05502257 -0.13830939
v 0.15782902 0.06502122 -0.13808390
v 0.15828274 0.04502393 -0.13847047
v 0.15838200 0.03502530 -0.13856712
v 0.15354694 0.02484970 -0.14275500
v 0.20347141 0.38497761 0.01499924
v 0.20077738 0.39161387 0.01499924
v 0.20450649 0.37497896 0.00498054
v 0.20700198 0.36498034 0.00498054
v 0.19931695 0.39864832 0.02498573
v 0.19828187 0.39661318 0.01499924
v 0.19296473 0.40568274 0.01464488
v 0.19056846 0.41077054 0.01776969
v 0.21553779 0.21500078 0.00498054
v 0.21535346 0.22504365 0.00498054
v 0.21515495 0.23504229 0.00498054
v 0.21594897 0.14501031 0.00498054
v 0.21592063 0.15500894 0.00498054
v 0.21587808 0.16500759 0.00498054
v 0.21577883 0.18500486 0.00498054
v 0.21572211 0.19500349 0.00498054
v 0.21565121 0.20500213 0.00498054
v 0.20939825 0.34498304 0.00275775
v 0.21005049 0.33060449 -0.00023820
v 0.20976691 0.33728498 0.00105038
v 0.20884527 0.35467201 0.00556040
v 0.21321243 0.26499397 -0.00500594
v 0.21265945 0.27499259 -0.00500594
v 0.21209228 0.28499123 -0.00500594
v 0.21064600 0.31498715 -0.00297643
v 0.21151093 0.29498988 -0.00500594
v 0.21026318 0.32498577 -0.00123685
v 0.21504152 0.21500078 -0.00500594
v 0.21477212 0.22504365 -0.00500594
v 0.21447435 0.23504229 -0.00500594
v 0.21410570 0.24504092 -0.00500594
v 0.21368033 0.25499532 -0.00500594
v 0.21672884 0.02484970 -0.01479914
v 0.21674301 0.02502666 -0.01499242
v 0.21650197 0.05502257 -0.00500594
v 0.18132372 0.42147708 0.01499924
v 0.18686773 0.41444260 0.01464488
v 0.17651701 0.42647636 0.01499924
v 0.17044838 0.43041390 0.00884628
v 0.11500826 0.45116329 -0.02249840
v 0.10936499 0.44979179 -0.02958558
v 0.10562173 0.44811058 -0.03490096
v 0.09500161 0.44912815 -0.03838013
v 0.08894715 0.44979179 -0.03966871
v 0.08228299 0.45036691 -0.04060292
v 0.07500914 0.45399475 -0.03499761
v 0.07188974 0.45541048 -0.03245267
v 0.07188974 0.45833045 -0.02642856
v 0.14485519 0.44775665 0.00449733
v 0.13946714 0.44970331 0.00082488
v 0.13731192 0.44859725 -0.00500594
v 0.13029328 0.45010149 -0.01032133
v 0.12426719 0.45111904 -0.01418706
v 0.12711717 0.44868574 -0.01698972
v 0.12426719 0.44651788 -0.02423798
v 0.12409703 0.44134161 -0.03435332
v 0.12016944 0.44005859 -0.04011971
v 0.11500826 0.44872999 -0.02749164
v 0.15356112 0.44244766 0.00498054
v 0.16544317 0.43337810 0.00530269
v 0.15855215 0.43890831 0.00498054
v 0.07188974 0.17500621 -0.16201925
v 0.07188974 0.17805889 -0.16153604
v 0.07500914 0.18350065 -0.16053739
v 0.07500914 0.18849996 -0.15973201
v 0.07500914 0.19500349 -0.15860450
v 0.08500537 0.19500349 -0.15754142
v 0.08510463 0.18491638 -0.15924880
v 0.09500161 0.19500349 -0.15580186
v 0.10182174 0.21500078 -0.15055090
v 0.10533814 0.20482516 -0.15132403
v 0.10888290 0.20801057 -0.14961669
v 0.11438438 0.20482516 -0.14810261
v 0.11500826 0.21500078 -0.14594424
v 0.11710677 0.19500349 -0.14881131
v 0.11883660 0.18708423 -0.14952004
v 0.11530602 0.18425274 -0.15135625
v 0.11500826 0.17500621 -0.15293476
v 0.12014108 0.18040371 -0.15003547
v 0.12107690 0.17500621 -0.15048647
v 0.12772688 0.16500759 -0.14884353
v 0.13380969 0.18500486 -0.14223957
v 0.13579476 0.17522743 -0.14262614
v 0.13965146 0.17872253 -0.13975906
v 0.14047386 0.17204203 -0.14030671
v 0.14126788 0.16500759 -0.14085433
v 0.14906636 0.13501167 -0.13927585
v 0.14726561 0.15500894 -0.13795504
v 0.14820144 0.14501031 -0.13863155
v 0.15407157 0.12457062 -0.13634431
v 0.16025364 0.13200323 -0.13022357
v 0.16067901 0.12501304 -0.13061014
v 0.16126035 0.11501440 -0.13115779
v 0.16178498 0.10501575 -0.13167322
v 0.16221035 0.09501712 -0.13209200
v 0.16262154 0.08501849 -0.13247858
v 0.16294765 0.07501985 -0.13283294
v 0.15434097 0.14501031 -0.13363829
v 0.15588649 0.13518864 -0.13357387
v 0.16342975 0.05502257 -0.13331616
v 0.16320288 0.06502122 -0.13309066
v 0.16358572 0.04502393 -0.13347724
v 0.16367079 0.03502530 -0.13354166
v 0.16372751 0.02502666 -0.13360609
v 0.15845290 0.02502666 -0.13859934
v 0.15845290 0.02484970 -0.13859934
v 0.20128784 0.38480064 0.00565705
v 0.20015350 0.39033085 0.00945836
v 0.20162813 0.37502322 -0.00503815
v 0.20053634 0.38134980 -0.00175228
v 0.20430797 0.36498034 -0.00500594
v 0.20610872 0.35498169 -0.00500594
v 0.19703412 0.39417988 0.00565705
v 0.19191548 0.40302825 0.00498054
v 0.18967518 0.40948755 0.01110129
v 0.21607658 0.16500759 -0.00500594
v 0.21593480 0.17500621 -0.00500594
v 0.21576464 0.18500486 -0.00500594
v 0.21553779 0.19500349 -0.00500594
v 0.21529675 0.20500213 -0.00500594
v 0.21643107 0.10501575 -0.00500594
v 0.21634600 0.13501167 -0.00500594
v 0.21628928 0.14501031 -0.00500594
v 0.21619003 0.15500894 -0.00500594
v 0.20745572 0.34498304 -0.00500594
v 0.20878856 0.33436504 -0.00416836
v 0.20954004 0.31498715 -0.00796967
v 0.20912886 0.32498577 -0.00623009
v 0.21305645 0.23504229 -0.01499242
v 0.21256018 0.24504092 -0.01499242
v 0.21203557 0.25499532 -0.01499242
v 0.21081616 0.30450186 -0.00552137
v 0.21061766 0.28499123 -0.01273741
v 0.20980945 0.30751029 -0.00919382
v 0.21145421 0.26499397 -0.01499242
v 0.21501316 0.18500486 -0.01499242
v 0.21470122 0.19500349 -0.01499242
v 0.21436092 0.20500213 -0.01499242
v 0.21396391 0.21500078 -0.01499242
v 0.21352437 0.22504365 -0.01499242
v 0.21672884 0.02484970 -0.01499242
v 0.21619003 0.02484970 -0.02478562
v 0.21670046 0.05502257 -0.01499242
v 0.18038790 0.42041525 0.00891071
v 0.17475882 0.42479521 0.00556040
v 0.16907302 0.42913088 0.00217789
v 0.11500826 0.44479245 -0.03499761
v 0.11500826 0.44103193 -0.04176265
v 0.10482770 0.44249189 -0.04533845
v 0.10136801 0.44041252 -0.05065384
v 0.09500161 0.44536760 -0.04498409
v 0.09500161 0.44120890 -0.05187799
v 0.08537403 0.44762394 -0.04437202
v 0.07500914 0.45072085 -0.04124721
v 0.08500537 0.44213796 -0.05339207
v 0.07500914 0.44775665 -0.04624046
v 0.07188974 0.45412749 -0.03499761
v 0.15154770 0.44107616 -0.00258985
v 0.14570592 0.44355369 -0.00555359
v 0.14240220 0.44147432 -0.01499242
v 0.13417834 0.44638517 -0.01418706
v 0.13439104 0.44151857 -0.02423798
v 0.13064776 0.44032407 -0.03058423
v 0.12683359 0.43842167 -0.03725262
v 0.12470674 0.43483806 -0.04475859
v 0.12257988 0.43129873 -0.05187799
v 0.11500826 0.43797922 -0.04675589
v 0.16232377 0.43191811 -0.00500594
v 0.15492231 0.43735987 -0.00555359
v 0.07188974 0.18389881 -0.16060182
v 0.07188974 0.18889813 -0.15979645
v 0.07188974 0.19500349 -0.15873337
v 0.07500914 0.20500213 -0.15680051
v 0.08500537 0.20500213 -0.15573743
v 0.09500161 0.20500213 -0.15399784
v 0.10020532 0.22035402 -0.15003547
v 0.10681276 0.21500078 -0.14897239
v 0.11244185 0.24504092 -0.14095098
v 0.11500826 0.22504365 -0.14397913
v 0.12073660 0.23172416 -0.14033890
v 0.12214033 0.22504365 -0.14098319
v 0.12527390 0.21411593 -0.14159527
v 0.12500450 0.20500213 -0.14339930
v 0.12500450 0.19500349 -0.14520329
v 0.12408286 0.18425274 -0.14749053
v 0.12606792 0.17500621 -0.14807039
v 0.13236342 0.19500349 -0.14136976
v 0.13880073 0.18500486 -0.13924363
v 0.14346564 0.20500213 -0.13244638
v 0.14562085 0.19451684 -0.13276851
v 0.14499697 0.18500486 -0.13486245
v 0.14428802 0.17522743 -0.13702083
v 0.14625891 0.16500759 -0.13721409
v 0.15356112 0.15500894 -0.13296181
v 0.15177456 0.17500621 -0.13144772
v 0.15271038 0.16500759 -0.13222086
v 0.15981409 0.13863949 -0.12980479
v 0.16442227 0.14501031 -0.12439275
v 0.16983868 0.13859525 -0.11981830
v 0.16568422 0.12501304 -0.12561691
v 0.16626556 0.11501440 -0.12616456
v 0.16677600 0.10501575 -0.12667999
v 0.16721556 0.09501712 -0.12709877
v 0.16762675 0.08501849 -0.12751755
v 0.16795287 0.07501985 -0.12783970
v 0.15856633 0.15500894 -0.12870950
v 0.15933199 0.14501031 -0.12938599
v 0.16843495 0.05502257 -0.12832291
v 0.16820809 0.06502122 -0.12809741
v 0.16859092 0.04502393 -0.12848398
v 0.16867600 0.03502530 -0.12858063
v 0.16382676 0.02484970 -0.13350944
v 0.16372751 0.02484970 -0.13360609
v 0.19914679 0.38798606 0.00278996
v 0.20055053 0.37174931 -0.01144883
v 0.19945873 0.37838560 -0.00842067
v 0.19795576 0.38480064 -0.00503815
v 0.20290425 0.35498169 -0.01499242
v 0.20114604 0.36418399 -0.01486357
v 0.20447811 0.34498304 -0.01499242
v 0.19273786 0.39541864 -0.00523144
v 0.19076698 0.40117007 -0.00204221
v 0.18864012 0.40802756 0.00498054
v 0.18315282 0.41532746 0.00533490
v 0.21640271 0.10501575 -0.01499242
v 0.21614748 0.12501304 -0.01499242
v 0.21600570 0.13501167 -0.01499242
v 0.21566540 0.15500894 -0.01499242
v 0.21548107 0.16500759 -0.01499242
v 0.21526839 0.17500621 -0.01499242
v 0.21662956 0.07501985 -0.01499242
v 0.21657285 0.08501849 -0.01499242
v 0.21650197 0.09501712 -0.01499242
v 0.20571169 0.33498442 -0.01499242
v 0.20671842 0.32498577 -0.01499242
v 0.20978108 0.27685076 -0.01905145
v 0.20946914 0.28499123 -0.01773065
v 0.20761169 0.31498715 -0.01499242
v 0.21268779 0.20500213 -0.02497891
v 0.21220571 0.21500078 -0.02497891
v 0.21166691 0.22504365 -0.02497891
v 0.21075945 0.27410775 -0.01541121
v 0.21000797 0.27017024 -0.02001788
v 0.21094377 0.23490956 -0.02565541
v 0.21484300 0.14501031 -0.02497891
v 0.21455944 0.15500894 -0.02497891
v 0.21423331 0.16500759 -0.02497891
v 0.21387884 0.17500621 -0.02497891
v 0.21351019 0.18500486 -0.02497891
v 0.21312734 0.19500349 -0.02497891
v 0.21617585 0.02484970 -0.02497891
v 0.21617585 0.02502666 -0.02497891
v 0.21614748 0.04502393 -0.02497891
v 0.17908342 0.41891104 0.00224231
v 0.17247599 0.42253888 -0.00500594
v 0.16732898 0.42753819 -0.00500594
v 0.10803217 0.43930650 -0.04891426
v 0.10482770 0.43674046 -0.05439072
v 0.10501203 0.43143147 -0.06199333
v 0.09500161 0.43789077 -0.05690344
v 0.08500537 0.43890831 -0.05838531
v 0.07188974 0.44784516 -0.04636931
v 0.07188974 0.45076510 -0.04134386
v 0.07188974 0.45187116 -0.03928213
v 0.07500914 0.44275734 -0.05422964
v 0.14950591 0.43966043 -0.00925825
v 0.14739323 0.43833315 -0.01499242
v 0.14036041 0.44019133 -0.02040445
v 0.13731192 0.43851012 -0.02707285
v 0.13514252 0.43510354 -0.03512647
v 0.13297313 0.43174115 -0.04272908
v 0.12925822 0.42957330 -0.04939747
v 0.11461125 0.43262598 -0.05513165
v 0.12555748 0.42736122 -0.05513165
v 0.11767393 0.42890966 -0.05854638
v 0.16069318 0.43059087 -0.01112669
v 0.07188974 0.20500213 -0.15692937
v 0.07188974 0.20814329 -0.15634951
v 0.07500914 0.21500078 -0.15493205
v 0.08500537 0.21500078 -0.15386897
v 0.09043595 0.23048538 -0.15006769
v 0.09500161 0.21500078 -0.15216163
v 0.09426430 0.22420305 -0.15051869
v 0.09710011 0.22699028 -0.14935896
v 0.09426430 0.23429018 -0.14848918
v 0.09500161 0.24504092 -0.14613751
v 0.09939712 0.26941812 -0.13985568
v 0.10196353 0.26273763 -0.14059663
v 0.10501203 0.24504092 -0.14349592
v 0.10501203 0.23504229 -0.14555764
v 0.10413292 0.22420305 -0.14800596
v 0.11743288 0.24504092 -0.13895369
v 0.11920527 0.23836042 -0.13966241
v 0.11551870 0.23504229 -0.14178857
v 0.11072619 0.25123477 -0.14027449
v 0.11444110 0.25472987 -0.13801947
v 0.12443733 0.23504229 -0.13782617
v 0.12714553 0.22504365 -0.13856712
v 0.12500450 0.24504092 -0.13544232
v 0.12879030 0.21685892 -0.13937247
v 0.13006642 0.21017842 -0.14001676
v 0.13736863 0.19500349 -0.13834161
v 0.14220369 0.21500078 -0.13154435
v 0.14845666 0.20500213 -0.12883835
v 0.14937830 0.19752528 -0.12951484
v 0.15018651 0.19084477 -0.13012692
v 0.15078202 0.18500486 -0.13061014
v 0.15677977 0.17500621 -0.12716320
v 0.15771559 0.16500759 -0.12796855
v 0.16377005 0.15500894 -0.12368403
v 0.16877525 0.15500894 -0.11869079
v 0.17356777 0.13518864 -0.11588813
v 0.17020734 0.13195899 -0.12023708
v 0.17319912 0.15500894 -0.11366533
v 0.17376629 0.14501031 -0.11437405
v 0.17057599 0.12501304 -0.12062366
v 0.17107226 0.11501440 -0.12117130
v 0.17152599 0.10501575 -0.12168673
v 0.17189464 0.09501712 -0.12210552
v 0.17224912 0.08501849 -0.12249210
v 0.17253271 0.07501985 -0.12284645
v 0.16306110 0.16500759 -0.12297531
v 0.17294389 0.05502257 -0.12332968
v 0.17274539 0.06502122 -0.12310417
v 0.17307150 0.04502393 -0.12349074
v 0.17315657 0.03502530 -0.12358739
v 0.16881779 0.02484970 -0.12854841
v 0.19808337 0.37502322 -0.01486357
v 0.19924605 0.36697119 -0.01811723
v 0.19140503 0.38316369 -0.02291718
v 0.19330502 0.38586244 -0.01586222
v 0.19130577 0.39241022 -0.01312399
v 0.20057888 0.35498169 -0.02140310
v 0.20008262 0.36033493 -0.02017895
v 0.20141545 0.34498304 -0.02346483
v 0.20181246 0.33524987 -0.02575206
v 0.18946250 0.39904648 -0.00871060
v 0.18709460 0.40470943 -0.00523144
v 0.18176326 0.41214204 -0.00500594
v 0.21590644 0.08501849 -0.02497891
v 0.21579301 0.09501712 -0.02497891
v 0.21565121 0.10501575 -0.02497891
v 0.21548107 0.11501440 -0.02497891
v 0.21529675 0.12501304 -0.02497891
v 0.21509823 0.13501167 -0.02497891
v 0.21610495 0.05502257 -0.02497891
v 0.21599153 0.07501985 -0.02497891
v 0.20545648 0.30498850 -0.02497891
v 0.20440723 0.31498715 -0.02497891
v 0.20330125 0.32498577 -0.02497891
v 0.20735647 0.28499123 -0.02497891
v 0.20644900 0.29498988 -0.02497891
v 0.20986617 0.23818345 -0.02945672
v 0.21193631 0.17500621 -0.03499761
v 0.21009302 0.23154719 -0.03032651
v 0.21145421 0.18500486 -0.03499761
v 0.21343929 0.13501167 -0.03499761
v 0.21312734 0.14501031 -0.03499761
v 0.21277288 0.15500894 -0.03499761
v 0.21237585 0.16500759 -0.03499761
v 0.21498480 0.02484970 -0.03499761
v 0.21498480 0.02502666 -0.03499761
v 0.21495645 0.03502530 -0.03499761
v 0.17748119 0.41714138 -0.00500594
v 0.17087375 0.42085767 -0.01164212
v 0.11100976 0.43041390 -0.06054368
v 0.10501203 0.42762667 -0.06698658
v 0.09500161 0.42917514 -0.06895165
v 0.09500161 0.43289143 -0.06395841
v 0.08918820 0.42983875 -0.06982145
v 0.08551582 0.43337810 -0.06589128
v 0.07500914 0.43943921 -0.05922288
v 0.07188974 0.44439429 -0.05184577
v 0.07188974 0.43952769 -0.05931953
v 0.07188974 0.44284582 -0.05429407
v 0.15513499 0.43302417 -0.01467028
v 0.15190217 0.43143147 -0.02253061
v 0.14485519 0.43497080 -0.02478562
v 0.14269996 0.43182963 -0.03296810
v 0.13963729 0.42975026 -0.03963649
v 0.13579476 0.42806908 -0.04562838
v 0.14112608 0.42081344 -0.05104041
v 0.13439104 0.42249462 -0.05461622
v 0.13064776 0.42041525 -0.06051147
v 0.12500450 0.42200798 -0.06247655
v 0.11912019 0.41953042 -0.06943487
v 0.11506498 0.42501640 -0.06498928
v 0.16486183 0.42483944 -0.01473471
v 0.15856633 0.42882121 -0.01779508
v 0.07188974 0.21500078 -0.15506092
v 0.07500914 0.22504365 -0.15299919
v 0.08500537 0.22504365 -0.15193611
v 0.08500537 0.23738711 -0.14945561
v 0.08500537 0.24504092 -0.14784488
v 0.09500161 0.25499532 -0.14397913
v 0.10501203 0.27499259 -0.13682753
v 0.09563966 0.26565757 -0.14149863
v 0.09273296 0.27242658 -0.14056441
v 0.09500161 0.28499123 -0.13714969
v 0.10013443 0.31012055 -0.13003027
v 0.10501203 0.28499123 -0.13450810
v 0.10518217 0.26565757 -0.13892147
v 0.10864186 0.25791529 -0.13953355
v 0.10518217 0.25472987 -0.14133757
v 0.11500826 0.26499397 -0.13550675
v 0.12005600 0.28008041 -0.12999806
v 0.12128958 0.27499259 -0.13061014
v 0.12362913 0.26499397 -0.13173765
v 0.12591195 0.25574744 -0.13267186
v 0.11147767 0.29237962 -0.13057792
v 0.11500826 0.27499259 -0.13321951
v 0.12983955 0.25959647 -0.12990142
v 0.13251939 0.24504092 -0.13147993
v 0.13538356 0.23415746 -0.13205978
v 0.13500074 0.22504365 -0.13412152
v 0.13403656 0.21411593 -0.13685974
v 0.13585147 0.20500213 -0.13743961
v 0.14082833 0.22504365 -0.13054571
v 0.14718054 0.21500078 -0.12787192
v 0.14581935 0.22504365 -0.12687325
v 0.15107979 0.23504229 -0.12088137
v 0.15229918 0.22504365 -0.12188002
v 0.15344769 0.21500078 -0.12287867
v 0.15558873 0.20407306 -0.12307196
v 0.15409993 0.19451684 -0.12610012
v 0.15578723 0.18500486 -0.12632562
v 0.16050886 0.19500349 -0.12046259
v 0.16143049 0.18500486 -0.12133238
v 0.16226706 0.17500621 -0.12216995
v 0.16806629 0.16500759 -0.11791764
v 0.17258942 0.16500759 -0.11292440
v 0.17877150 0.14501031 -0.10841437
v 0.17929611 0.13501167 -0.10905866
v 0.17532597 0.12501304 -0.11498613
v 0.17820433 0.15500894 -0.10770566
v 0.17685732 0.11589924 -0.11418077
v 0.17653120 0.10501575 -0.11572706
v 0.17689985 0.09501712 -0.11617807
v 0.17725433 0.08501849 -0.11656464
v 0.17753792 0.07501985 -0.11691900
v 0.17794910 0.05502257 -0.11740221
v 0.17775059 0.06502122 -0.11717671
v 0.17807671 0.04502393 -0.11756328
v 0.17814761 0.03502530 -0.11765993
v 0.17820433 0.02502666 -0.11772436
v 0.17329837 0.02484970 -0.12352296
v 0.19304980 0.37568682 -0.02575206
v 0.19738859 0.36418399 -0.02410912
v 0.19107892 0.37281114 -0.03206609
v 0.18978861 0.37949163 -0.02958558
v 0.18991622 0.38979995 -0.01979238
v 0.19846620 0.35498169 -0.02639635
v 0.19935948 0.34498304 -0.02845807
v 0.19982739 0.33874497 -0.02961779
v 0.20133036 0.31498715 -0.03319360
v 0.20072067 0.32498577 -0.03171173
v 0.20026694 0.33210871 -0.03061644
v 0.18123865 0.40170097 -0.02240175
v 0.18272744 0.40501910 -0.01460585
v 0.18050134 0.41059357 -0.01099783
v 0.18838489 0.39541864 -0.01586222
v 0.21485719 0.05502257 -0.03499761
v 0.21475795 0.06502122 -0.03499761
v 0.21464451 0.07501985 -0.03499761
v 0.21450272 0.08501849 -0.03499761
v 0.21433257 0.09501712 -0.03499761
v 0.21414824 0.10501575 -0.03499761
v 0.21393555 0.11501440 -0.03499761
v 0.21369451 0.12501304 -0.03499761
v 0.21491390 0.04502393 -0.03499761
v 0.20490350 0.27499259 -0.03499761
v 0.20389678 0.28499123 -0.03499761
v 0.20286171 0.29498988 -0.03499761
v 0.20677513 0.25499532 -0.03499761
v 0.20762587 0.24504092 -0.03499761
v 0.20586768 0.26499397 -0.03499761
v 0.20864677 0.23490956 -0.03419225
v 0.21064600 0.16500759 -0.04218143
v 0.21040496 0.17500621 -0.04134386
v 0.21014974 0.18500486 -0.04047406
v 0.20999378 0.19004843 -0.03999085
v 0.20878856 0.22504365 -0.03599626
v 0.21207809 0.10501575 -0.04498409
v 0.21178034 0.11501440 -0.04498409
v 0.21144004 0.12501304 -0.04498409
v 0.21095794 0.13403836 -0.04566060
v 0.21101466 0.14501031 -0.04375994
v 0.21316989 0.02484970 -0.04498409
v 0.21316989 0.02502666 -0.04498409
v 0.21314153 0.03502530 -0.04498409
v 0.17482971 0.41484082 -0.01467028
v 0.16904466 0.41904378 -0.01831051
v 0.11244185 0.42112315 -0.07130331
v 0.10501203 0.42262733 -0.07310732
v 0.09819190 0.41948617 -0.07945357
v 0.09491654 0.42355642 -0.07568448
v 0.09152774 0.42037100 -0.08038779
v 0.08551582 0.42665333 -0.07426704
v 0.08252404 0.43036965 -0.07046574
v 0.07500914 0.43519199 -0.06498928
v 0.07188974 0.43656349 -0.06328191
v 0.15513499 0.42709577 -0.02549434
v 0.14934994 0.42948481 -0.02919900
v 0.14560667 0.42798060 -0.03577076
v 0.15088128 0.42072493 -0.04098950
v 0.14465667 0.42280430 -0.04459752
v 0.14777607 0.41811469 -0.04765789
v 0.14474174 0.41475230 -0.05474507
v 0.14173579 0.41134569 -0.06154233
v 0.13731192 0.41802621 -0.05770881
v 0.13420671 0.41439837 -0.06434499
v 0.13110149 0.41072631 -0.07078788
v 0.12500450 0.41771650 -0.06746979
v 0.12500450 0.41271719 -0.07278518
v 0.11930452 0.40957603 -0.07958243
v 0.11587319 0.41546017 -0.07545897
v 0.16192676 0.42174250 -0.02497891
v 0.16019692 0.42014980 -0.03026208
v 0.07188974 0.22504365 -0.15312806
v 0.07188974 0.24035130 -0.15016434
v 0.07188974 0.24083796 -0.15006769
v 0.07502332 0.23566167 -0.15087304
v 0.07836957 0.23937798 -0.14984217
v 0.08500537 0.25499532 -0.14568651
v 0.10932246 0.29906011 -0.12977257
v 0.08500537 0.26499397 -0.14349592
v 0.08853596 0.27910709 -0.13979128
v 0.09500161 0.29498988 -0.13476580
v 0.09500161 0.31228840 -0.13057792
v 0.09500161 0.32498577 -0.12735648
v 0.09500161 0.33498442 -0.12477932
v 0.09938294 0.34953997 -0.11985051
v 0.10253069 0.34285945 -0.12078473
v 0.10552247 0.33538258 -0.12184781
v 0.10501203 0.32498577 -0.12468268
v 0.10409039 0.31405807 -0.12774307
v 0.10709634 0.30498850 -0.12903163
v 0.10559337 0.29543230 -0.13183430
v 0.09500161 0.30498850 -0.13234973
v 0.12404032 0.28401792 -0.12709877
v 0.11815602 0.28671667 -0.12922493
v 0.12021197 0.32034039 -0.12007602
v 0.12160152 0.31498715 -0.12075251
v 0.12516047 0.30423641 -0.12165452
v 0.12500450 0.29498988 -0.12397397
v 0.12629479 0.27499259 -0.12812963
v 0.12863433 0.26499397 -0.12928936
v 0.11500826 0.30498850 -0.12606791
v 0.11489483 0.29543230 -0.12845176
v 0.13128582 0.29498988 -0.12075251
v 0.13328508 0.28499123 -0.12194445
v 0.13570969 0.27521381 -0.12278203
v 0.13500074 0.26499397 -0.12555248
v 0.13752460 0.24504092 -0.12845176
v 0.13895670 0.23690045 -0.12932158
v 0.14007683 0.23026417 -0.13003027
v 0.15029994 0.24114765 -0.12023708
v 0.15607081 0.23504229 -0.11653242
v 0.15729022 0.22504365 -0.11756328
v 0.15843871 0.21500078 -0.11859415
v 0.15933199 0.20672756 -0.11936729
v 0.16362825 0.21500078 -0.11356869
v 0.16362825 0.20407306 -0.11563042
v 0.16639318 0.19593257 -0.11434184
v 0.16642153 0.18500486 -0.11630692
v 0.16725810 0.17500621 -0.11711228
v 0.17117152 0.18500486 -0.11128146
v 0.17189464 0.17500621 -0.11211904
v 0.17758045 0.16500759 -0.10696472
v 0.18251476 0.14501031 -0.10342114
v 0.18201849 0.15500894 -0.10271242
v 0.18296850 0.13501167 -0.10406543
v 0.17974985 0.12501304 -0.10967074
v 0.18146551 0.16500759 -0.10193927
v 0.18026029 0.11315624 -0.11034724
v 0.18057223 0.10501575 -0.11073381
v 0.18089834 0.09501712 -0.11115260
v 0.18121028 0.08501849 -0.11157139
v 0.18146551 0.07501985 -0.11192575
v 0.18181999 0.05502257 -0.11240897
v 0.18164983 0.06502122 -0.11218347
v 0.18193342 0.04502393 -0.11257004
v 0.18200432 0.03502530 -0.11266669
v 0.18204685 0.02502666 -0.11269890
v 0.18214610 0.02484970 -0.11257004
v 0.17820433 0.02484970 -0.11772436
v 0.19442517 0.35498169 -0.03499761
v 0.19201472 0.36458215 -0.03522311
v 0.18822892 0.37568682 -0.03522311
v 0.18930653 0.36763483 -0.03873449
v 0.18126699 0.38241160 -0.04198815
v 0.18354984 0.38546425 -0.03551304
v 0.18873936 0.38586244 -0.02575206
v 0.18152222 0.39254296 -0.03254931
v 0.18360655 0.39550716 -0.02542991
v 0.19631098 0.34498304 -0.03499761
v 0.19923186 0.31498715 -0.03818684
v 0.19855127 0.32498577 -0.03670497
v 0.19815427 0.33524987 -0.03438553
v 0.20157142 0.30445760 -0.03554525
v 0.20100425 0.28499123 -0.04237472
v 0.20009679 0.30078554 -0.04018414
v 0.19969977 0.30746606 -0.03928213
v 0.17948043 0.39922345 -0.02907015
v 0.17877150 0.40838149 -0.01766622
v 0.21308482 0.04502393 -0.04498409
v 0.21301392 0.05502257 -0.04498409
v 0.21275869 0.07501985 -0.04498409
v 0.21257436 0.08501849 -0.04498409
v 0.21233332 0.09501712 -0.04498409
v 0.20311692 0.25499532 -0.04498409
v 0.20155723 0.27499259 -0.04372773
v 0.20496021 0.23504229 -0.04498409
v 0.20406693 0.24504092 -0.04498409
v 0.20737064 0.20500213 -0.04498409
v 0.20661916 0.21500078 -0.04498409
v 0.20581095 0.22504365 -0.04498409
v 0.20999378 0.13005659 -0.04997734
v 0.20985198 0.13669285 -0.04946190
v 0.20941243 0.15500894 -0.04798004
v 0.20914304 0.16500759 -0.04717468
v 0.20856169 0.18500486 -0.04546731
v 0.20885944 0.17500621 -0.04636931
v 0.20844826 0.19403018 -0.04398545
v 0.21060348 0.09501712 -0.05194242
v 0.21046168 0.10501575 -0.05145920
v 0.21029153 0.11501440 -0.05091155
v 0.21009302 0.12501304 -0.05029948
v 0.21107139 0.02484970 -0.05339207
v 0.21101466 0.03502530 -0.05348871
v 0.21100049 0.04502393 -0.05339207
v 0.17168196 0.41187662 -0.02497891
v 0.17012227 0.41010693 -0.03019765
v 0.16693197 0.41687590 -0.02497891
v 0.11264036 0.41138995 -0.08135422
v 0.10501203 0.41815895 -0.07810056
v 0.10501203 0.41315961 -0.08299717
v 0.09744041 0.40917784 -0.08931120
v 0.09447698 0.41484082 -0.08483338
v 0.08500537 0.42090189 -0.08093543
v 0.09077625 0.41019541 -0.09018099
v 0.08500537 0.41568139 -0.08596089
v 0.07500914 0.42638791 -0.07587776
v 0.07500914 0.43072361 -0.07088453
v 0.07188974 0.43222779 -0.06904830
v 0.07188974 0.43528050 -0.06498928
v 0.15452529 0.42227340 -0.03416003
v 0.15755962 0.41776073 -0.03693048
v 0.15461037 0.41461957 -0.04453309
v 0.15166113 0.41147840 -0.05178135
v 0.14838576 0.40855846 -0.05844974
v 0.14501114 0.40506336 -0.06498928
v 0.13776565 0.40820453 -0.06821072
v 0.13424924 0.40439975 -0.07439590
v 0.13073283 0.40059495 -0.08048443
v 0.12500450 0.40762937 -0.07777842
v 0.12500450 0.40263009 -0.08225623
v 0.11838288 0.39891374 -0.08915012
v 0.11550453 0.40528458 -0.08525217
v 0.16398273 0.41395596 -0.03354796
v 0.16110438 0.41108024 -0.04140829
v 0.07188974 0.26499397 -0.14465564
v 0.07500914 0.26499397 -0.14455900
v 0.07500914 0.25499532 -0.14674959
v 0.10919484 0.33896619 -0.11972165
v 0.11152022 0.33228567 -0.12059145
v 0.08185762 0.28105372 -0.14024228
v 0.08511880 0.28463730 -0.13895369
v 0.08500537 0.29498988 -0.13650540
v 0.08500537 0.30498850 -0.13408931
v 0.08925909 0.31954405 -0.12986921
v 0.08500537 0.33498442 -0.12651891
v 0.08500537 0.34498304 -0.12378068
v 0.09271878 0.35179630 -0.12055923
v 0.09563966 0.34569094 -0.12171895
v 0.10552247 0.34569094 -0.11901294
v 0.09563966 0.35507017 -0.11888408
v 0.09500161 0.36498034 -0.11563042
v 0.10570680 0.36573243 -0.11244118
v 0.10501203 0.35498169 -0.11637135
v 0.12860598 0.30706787 -0.11927065
v 0.11818437 0.32702091 -0.11923844
v 0.12500450 0.33498442 -0.11385862
v 0.12660673 0.31498715 -0.11827200
v 0.13017985 0.30038735 -0.12007602
v 0.11500826 0.31498715 -0.12355518
v 0.13827610 0.28499123 -0.11888408
v 0.13950968 0.27870890 -0.11965723
v 0.13575223 0.31538531 -0.11295661
v 0.13959475 0.31896889 -0.10970295
v 0.14068654 0.27202839 -0.12046259
v 0.14179251 0.26499397 -0.12126794
v 0.14560667 0.24468699 -0.12291089
v 0.14934994 0.24782816 -0.11949615
v 0.15170367 0.27499259 -0.11141032
v 0.15305068 0.26499397 -0.11257004
v 0.15431261 0.25499532 -0.11369755
v 0.15930364 0.25499532 -0.10934860
v 0.15994170 0.24981904 -0.10992846
v 0.16072154 0.24313854 -0.11066939
v 0.16161484 0.23504229 -0.11153918
v 0.16264990 0.22504365 -0.11257004
v 0.16863346 0.21500078 -0.10851102
v 0.16952674 0.20500213 -0.10947745
v 0.16996630 0.19987009 -0.10996067
v 0.17053345 0.19318959 -0.11057275
v 0.17689985 0.17500621 -0.10612715
v 0.17689985 0.18575697 -0.10429092
v 0.18087000 0.17500621 -0.10113391
v 0.17993417 0.18956175 -0.09990976
v 0.18751997 0.14501031 -0.09617288
v 0.18797369 0.13501167 -0.09684938
v 0.18699534 0.16434395 -0.09404673
v 0.18700951 0.15500894 -0.09546416
v 0.18337968 0.12501304 -0.10467750
v 0.18516624 0.17500621 -0.09498094
v 0.18315282 0.11589924 -0.10596608
v 0.18464161 0.10501575 -0.10499964
v 0.18525133 0.09501712 -0.10499964
v 0.18583266 0.08501849 -0.10499964
v 0.18630058 0.07501985 -0.10499964
v 0.18682519 0.05502257 -0.10522515
v 0.18693863 0.04502393 -0.10538621
v 0.18700951 0.03502530 -0.10548286
v 0.18710877 0.02484970 -0.10545065
v 0.19095130 0.35498169 -0.04169822
v 0.19027071 0.36099857 -0.04047406
v 0.19194384 0.34498304 -0.04359887
v 0.18269908 0.37480199 -0.04517738
v 0.18691027 0.36458215 -0.04427537
v 0.18057223 0.37135115 -0.05081491
v 0.17909761 0.37803167 -0.04865654
v 0.17746702 0.38546425 -0.04517738
v 0.17950881 0.38909209 -0.03921770
v 0.17777896 0.39550716 -0.03551304
v 0.19248264 0.33538258 -0.04578945
v 0.19592816 0.31498715 -0.04498409
v 0.19882068 0.28499123 -0.04736796
v 0.19452442 0.32498577 -0.04498409
v 0.19982739 0.26844481 -0.04959076
v 0.19944456 0.27499259 -0.04872097
v 0.17064689 0.40081614 -0.04089285
v 0.17214987 0.40448821 -0.03409560
v 0.17702746 0.40501910 -0.02542991
v 0.21095794 0.05502257 -0.05323100
v 0.21083033 0.07501985 -0.05271556
v 0.21073109 0.08501849 -0.05239342
v 0.20178410 0.26503819 -0.04575724
v 0.20154306 0.23504229 -0.05364978
v 0.20286171 0.21500078 -0.05497058
v 0.20168485 0.22473396 -0.05571151
v 0.20521542 0.18500486 -0.05497058
v 0.20449230 0.19500349 -0.05497058
v 0.20369828 0.20500213 -0.05497058
v 0.20851916 0.13403836 -0.05397193
v 0.20870349 0.11501440 -0.05590479
v 0.20849079 0.12501304 -0.05529272
v 0.20766841 0.14501031 -0.05497058
v 0.20712960 0.15500894 -0.05497058
v 0.20653409 0.16500759 -0.05497058
v 0.20588185 0.17500621 -0.05497058
v 0.20917138 0.08501849 -0.05738666
v 0.20902960 0.09501712 -0.05693566
v 0.20887363 0.10501575 -0.05645244
v 0.21102884 0.02484970 -0.05355314
v 0.21102884 0.02502666 -0.05355314
v 0.20956841 0.02502666 -0.05854638
v 0.20951170 0.04502393 -0.05838531
v 0.20954004 0.03502530 -0.05848195
v 0.16778272 0.40745240 -0.03683383
v 0.11170454 0.40099311 -0.09079307
v 0.10501203 0.40762937 -0.08799040
v 0.10501203 0.40263009 -0.09208164
v 0.09446280 0.40550578 -0.09295143
v 0.07500914 0.41621229 -0.08644411
v 0.07500914 0.42138857 -0.08145086
v 0.09500161 0.39789620 -0.09855675
v 0.08500537 0.39926770 -0.09949097
v 0.08500537 0.40497488 -0.09510980
v 0.08500537 0.41068208 -0.09059978
v 0.07188974 0.42643213 -0.07594220
v 0.07188974 0.42780364 -0.07439590
v 0.07188974 0.43076783 -0.07094895
v 0.15832528 0.40829301 -0.04807668
v 0.15506411 0.40506336 -0.05506722
v 0.15180291 0.40187794 -0.06180004
v 0.14165071 0.40152401 -0.07136774
v 0.13739699 0.39749801 -0.07803614
v 0.13443357 0.39448959 -0.08244952
v 0.12940000 0.38940179 -0.08963335
v 0.12564255 0.39533019 -0.08757161
v 0.12273585 0.39223325 -0.09153400
v 0.11503662 0.39533019 -0.09324136
v 0.16460660 0.40453246 -0.04450088
v 0.07188974 0.27499259 -0.14240065
v 0.07500914 0.27499259 -0.14227179
v 0.11490901 0.33538258 -0.11836865
v 0.11500826 0.34498304 -0.11569484
v 0.07500914 0.28242522 -0.14056441
v 0.07500914 0.28742453 -0.13937247
v 0.07500914 0.29498988 -0.13756847
v 0.07500914 0.30498850 -0.13515237
v 0.08259493 0.32135797 -0.13035244
v 0.08555835 0.31573927 -0.13135108
v 0.08555835 0.32480881 -0.12906384
v 0.07500914 0.33498442 -0.12758198
v 0.07500914 0.34498304 -0.12484375
v 0.07961733 0.35989255 -0.11994716
v 0.08500537 0.35374293 -0.12117130
v 0.08500537 0.35874224 -0.11959279
v 0.08500537 0.36498034 -0.11740221
v 0.09444863 0.37524444 -0.11160361
v 0.10284263 0.37205902 -0.11089489
v 0.10950679 0.36953723 -0.10983181
v 0.11255528 0.36285675 -0.11102375
v 0.11553289 0.35533562 -0.11231232
v 0.13002388 0.34002799 -0.10999288
v 0.13114403 0.33498442 -0.11066939
v 0.13331343 0.32498577 -0.11199018
v 0.12148809 0.35228294 -0.11070161
v 0.12489107 0.34400976 -0.11144254
v 0.14081414 0.31228840 -0.11057275
v 0.13831863 0.32498577 -0.10889759
v 0.14163654 0.34498304 -0.10116612
v 0.14352235 0.33498442 -0.10255134
v 0.14370668 0.29498988 -0.11266669
v 0.14967605 0.28897300 -0.10973517
v 0.14440145 0.27521381 -0.11695121
v 0.14678353 0.26499397 -0.11756328
v 0.14828651 0.25499532 -0.11869079
v 0.15066859 0.28229249 -0.11054053
v 0.15670887 0.27499259 -0.10702915
v 0.15805589 0.26499397 -0.10822109
v 0.16209692 0.27499259 -0.10203591
v 0.16324542 0.26499397 -0.10322785
v 0.16530138 0.24632394 -0.10528957
v 0.16662003 0.23504229 -0.10644929
v 0.16765511 0.22504365 -0.10748015
v 0.17129913 0.23504229 -0.10145605
v 0.17219241 0.22504365 -0.10248692
v 0.17302898 0.21500078 -0.10351778
v 0.17380881 0.20500213 -0.10448421
v 0.17396478 0.19593257 -0.10596608
v 0.17881402 0.20500213 -0.09846011
v 0.17955133 0.19500349 -0.09939433
v 0.18322371 0.18575697 -0.09594738
v 0.18183416 0.21500078 -0.09246822
v 0.18251476 0.20500213 -0.09343465
v 0.18315282 0.19500349 -0.09440108
v 0.19073862 0.14501031 -0.09117964
v 0.19004384 0.16053917 -0.09005213
v 0.19029906 0.15500894 -0.09047092
v 0.19114980 0.13501167 -0.09185614
v 0.18838489 0.12501304 -0.09746145
v 0.18873936 0.18500486 -0.08802262
v 0.18929234 0.17500621 -0.08886019
v 0.18970354 0.16721967 -0.08950449
v 0.18875355 0.11501440 -0.09804132
v 0.18907967 0.10501575 -0.09852453
v 0.18934907 0.09501712 -0.09897554
v 0.18961847 0.08501849 -0.09939433
v 0.18983115 0.07501985 -0.09971647
v 0.18994460 0.06847207 -0.09990976
v 0.18729310 0.06510970 -0.10403321
v 0.19005802 0.06183581 -0.10007083
v 0.19015726 0.05502257 -0.10023190
v 0.19025652 0.04502393 -0.10039297
v 0.19031325 0.03502530 -0.10048962
v 0.19035578 0.02502666 -0.10055405
v 0.19035578 0.02484970 -0.10055405
v 0.18804459 0.35498169 -0.04672367
v 0.18919310 0.34498304 -0.04862433
v 0.18981698 0.33901042 -0.04968740
v 0.18164983 0.36498034 -0.05242563
v 0.17149763 0.37316507 -0.06186447
v 0.17529762 0.37559837 -0.05535715
v 0.17813343 0.36498034 -0.05741888
v 0.16990958 0.37980133 -0.05986718
v 0.17220658 0.38497761 -0.05290885
v 0.17050509 0.39072904 -0.05065384
v 0.17240509 0.39444536 -0.04453309
v 0.19038413 0.33232993 -0.05065384
v 0.19503486 0.28499123 -0.05497058
v 0.19633934 0.27499259 -0.05497058
v 0.19096547 0.32498577 -0.05165249
v 0.19361696 0.29498988 -0.05497058
v 0.20018187 0.26176432 -0.05039612
v 0.19978485 0.22791937 -0.05951282
v 0.19940202 0.23504229 -0.05864302
v 0.19880649 0.24504092 -0.05738666
v 0.19818261 0.25499532 -0.05619473
v 0.16810884 0.39740956 -0.04756125
v 0.16144468 0.40161252 -0.05168470
v 0.20945497 0.05502257 -0.05822424
v 0.20928481 0.07501985 -0.05774102
v 0.20053634 0.25499532 -0.05120149
v 0.20124529 0.19500349 -0.06279869
v 0.20039456 0.21500078 -0.06083361
v 0.20011097 0.22123885 -0.06022153
v 0.20267738 0.16500759 -0.06498928
v 0.20165649 0.17460805 -0.06569800
v 0.20164230 0.18500486 -0.06379734
v 0.20545648 0.11501440 -0.06498928
v 0.20585349 0.10501575 -0.06498928
v 0.20500275 0.12501304 -0.06498928
v 0.20450649 0.13501167 -0.06498928
v 0.20395350 0.14501031 -0.06498928
v 0.20334379 0.15500894 -0.06498928
v 0.20677513 0.07501985 -0.06498928
v 0.20651990 0.08501849 -0.06498928
v 0.20619379 0.09501712 -0.06498928
v 0.20959675 0.02484970 -0.05844974
v 0.20741320 0.02502666 -0.06498928
v 0.20737064 0.03502530 -0.06498928
v 0.20956841 0.02484970 -0.05854638
v 0.20729975 0.04502393 -0.06498928
v 0.10933664 0.38957876 -0.09974869
v 0.10560754 0.39479929 -0.09752589
v 0.07500914 0.41121298 -0.09105078
v 0.07188974 0.41280568 -0.08963335
v 0.07188974 0.41621229 -0.08647633
v 0.07188974 0.42143282 -0.08145086
v 0.07188974 0.42298126 -0.07977571
v 0.10267248 0.39134842 -0.10087619
v 0.09500161 0.39289689 -0.10187484
v 0.07807181 0.39984286 -0.09987754
v 0.08500537 0.39426839 -0.10277685
v 0.15848126 0.39816165 -0.05835310
v 0.15487978 0.39479929 -0.06482820
v 0.14830069 0.39816165 -0.06843622
v 0.14455742 0.39448959 -0.07458919
v 0.14081414 0.39081752 -0.08061329
v 0.13553953 0.38564122 -0.08782933
v 0.13257611 0.38272128 -0.09166285
v 0.12487689 0.38484490 -0.09494873
v 0.12035377 0.38028798 -0.10016748
v 0.11500826 0.38741091 -0.09846011
v 0.07188974 0.28269067 -0.14062884
v 0.07188974 0.28976935 -0.13895369
v 0.07188974 0.29808679 -0.13695639
v 0.07188974 0.30498850 -0.13528123
v 0.07500914 0.31498715 -0.13267186
v 0.07500914 0.32281792 -0.13070679
v 0.07188974 0.32803845 -0.12948263
v 0.07188974 0.33002934 -0.12896720
v 0.07188974 0.33498442 -0.12767863
v 0.07188974 0.33808136 -0.12684105
v 0.07188974 0.34498304 -0.12497261
v 0.07188974 0.32303914 -0.13077122
v 0.07188974 0.34807998 -0.12403839
v 0.07295317 0.36060041 -0.12020487
v 0.07577480 0.35591078 -0.12149345
v 0.07577480 0.36436096 -0.11862636
v 0.08500537 0.37497896 -0.11334319
v 0.09074789 0.38028798 -0.11012174
v 0.09741205 0.37873954 -0.10941303
v 0.10570680 0.37524444 -0.10851102
v 0.11553289 0.36573243 -0.10873652
v 0.11500826 0.37497896 -0.10503186
v 0.11921944 0.35891920 -0.10963853
v 0.13613506 0.33498442 -0.10757680
v 0.12815225 0.34670848 -0.10902645
v 0.13525596 0.35453928 -0.10235806
v 0.13402238 0.34400976 -0.10635265
v 0.12489107 0.35533562 -0.10796338
v 0.14703876 0.30498850 -0.10773787
v 0.14868352 0.29498988 -0.10899424
v 0.14959098 0.32883483 -0.09968425
v 0.14447235 0.31538531 -0.10702915
v 0.14043131 0.35091144 -0.10029633
v 0.14661339 0.34498304 -0.09739703
v 0.14849919 0.33498442 -0.09881447
v 0.15068278 0.32215431 -0.10055405
v 0.15177456 0.31498715 -0.10148826
v 0.15320665 0.30498850 -0.10274463
v 0.15556037 0.29437047 -0.10329228
v 0.16016856 0.29065418 -0.10016748
v 0.16087751 0.28499123 -0.10084397
v 0.16710213 0.27499259 -0.09688160
v 0.16823645 0.26499397 -0.09807353
v 0.16931406 0.25499532 -0.09923325
v 0.16988122 0.24950935 -0.09987754
v 0.17056182 0.24282883 -0.10061847
v 0.17718343 0.22504365 -0.09643059
v 0.17699911 0.23579440 -0.09436887
v 0.17803417 0.21500078 -0.09746145
v 0.18108267 0.22504365 -0.09143735
v 0.18815802 0.19500349 -0.08712061
v 0.18751997 0.20500213 -0.08615418
v 0.18553489 0.22504365 -0.08499446
v 0.19426920 0.14501031 -0.08499446
v 0.19344682 0.15500894 -0.08499446
v 0.19181623 0.18500486 -0.08302937
v 0.19228414 0.17500621 -0.08386695
v 0.19221324 0.16434395 -0.08570318
v 0.19503486 0.13501167 -0.08499446
v 0.19151846 0.12501304 -0.09246822
v 0.19129160 0.19500349 -0.08212737
v 0.19185877 0.11501440 -0.09301586
v 0.19215652 0.10501575 -0.09353130
v 0.19239756 0.09501712 -0.09398229
v 0.19261025 0.08501849 -0.09440108
v 0.19279458 0.07501985 -0.09472322
v 0.19238338 0.06510970 -0.09594738
v 0.19321994 0.05502257 -0.09498094
v 0.19340427 0.04502393 -0.09498094
v 0.19351771 0.03502530 -0.09498094
v 0.19358860 0.02502666 -0.09498094
v 0.19367367 0.02484970 -0.09481987
v 0.18519460 0.34498304 -0.05497058
v 0.18259984 0.35462776 -0.05545379
v 0.18793117 0.32498577 -0.05664573
v 0.18750578 0.33538258 -0.05439072
v 0.17935283 0.35768044 -0.05909403
v 0.16735734 0.37586379 -0.06511813
v 0.17254688 0.36409551 -0.06511813
v 0.16871853 0.36683849 -0.06853287
v 0.16028200 0.38046497 -0.07030466
v 0.16280587 0.38426974 -0.06473156
v 0.16827899 0.38497761 -0.05790209
v 0.16113274 0.39148116 -0.06122018
v 0.16462079 0.39444536 -0.05448736
v 0.19004384 0.30034313 -0.06009268
v 0.19496398 0.24504092 -0.06498928
v 0.19364533 0.25499532 -0.06498928
v 0.19120651 0.28499123 -0.06202554
v 0.19197220 0.30419216 -0.05548601
v 0.19046921 0.29498988 -0.06076918
v 0.19845203 0.20500213 -0.06679329
v 0.19791321 0.21500078 -0.06582685
v 0.19775724 0.22473396 -0.06411949
v 0.19618337 0.23504229 -0.06498928
v 0.20717214 0.05502257 -0.06498928
v 0.20698781 0.06502122 -0.06498928
v 0.20006843 0.17098022 -0.07014360
v 0.19978485 0.17761648 -0.06949930
v 0.19944456 0.18500486 -0.06879058
v 0.19896246 0.19500349 -0.06779194
v 0.20029530 0.16500759 -0.07059459
v 0.20196843 0.10501575 -0.07449254
v 0.20256394 0.08501849 -0.07497576
v 0.20174156 0.11501440 -0.07391268
v 0.20123112 0.13501167 -0.07265632
v 0.20150052 0.12501304 -0.07330061
v 0.20093335 0.14501031 -0.07197981
v 0.20062143 0.15500894 -0.07130331
v 0.20287588 0.07501985 -0.07497576
v 0.20311692 0.06502122 -0.07497576
v 0.20359902 0.02502666 -0.07497576
v 0.20741320 0.02484970 -0.06498928
v 0.20354231 0.03502530 -0.07497576
v 0.20347141 0.04502393 -0.07497576
v 0.11500826 0.38241160 -0.10135940
v 0.10560754 0.38572973 -0.10316342
v 0.07188974 0.41121298 -0.09108299
v 0.07483899 0.40404582 -0.09678496
v 0.07188974 0.40063918 -0.09958761
v 0.09444863 0.38413703 -0.10715801
v 0.08500537 0.38603941 -0.10777009
v 0.07500914 0.38696849 -0.10828552
v 0.07483899 0.39590532 -0.10264799
v 0.07188974 0.39948893 -0.10042519
v 0.07188974 0.40006405 -0.10003862
v 0.15127829 0.39148116 -0.07117446
v 0.14747831 0.38688001 -0.07784285
v 0.14448652 0.38409278 -0.08212737
v 0.13924026 0.37896073 -0.08944006
v 0.13553953 0.37537715 -0.09369236
v 0.12775524 0.37497896 -0.09875003
v 0.12999552 0.36997965 -0.09997419
v 0.12276421 0.37497896 -0.10142384
v 0.07188974 0.31498715 -0.13280073
v 0.07188974 0.35560107 -0.12175117
v 0.07188974 0.36064464 -0.12020487
v 0.07188974 0.36130828 -0.11997937
v 0.07188974 0.36489186 -0.11856193
v 0.07500914 0.37497896 -0.11437405
v 0.08500537 0.38104010 -0.11054053
v 0.12599704 0.36595365 -0.10358220
v 0.13209403 0.36329913 -0.10126276
v 0.13875818 0.35759196 -0.09916882
v 0.15278128 0.34498304 -0.09240378
v 0.15544693 0.33414382 -0.09311251
v 0.15098053 0.35498169 -0.09082527
v 0.15000218 0.35998100 -0.08998770
v 0.15441187 0.32529548 -0.09643059
v 0.15677977 0.31498715 -0.09707488
v 0.15821186 0.30498850 -0.09836346
v 0.16209692 0.31498715 -0.09208164
v 0.16331631 0.30498850 -0.09333801
v 0.16588272 0.28499123 -0.09568966
v 0.17003718 0.29021177 -0.09005213
v 0.17165360 0.27499259 -0.09188835
v 0.17266032 0.26499397 -0.09308029
v 0.17358196 0.25499532 -0.09424001
v 0.17390807 0.24570455 -0.09591516
v 0.17993417 0.23964342 -0.08989106
v 0.17858717 0.25499532 -0.08815148
v 0.17946626 0.24504092 -0.08927898
v 0.18045880 0.23296292 -0.09059978
v 0.18303938 0.24504092 -0.08428574
v 0.19027071 0.21225779 -0.08045222
v 0.19071025 0.20500213 -0.08116094
v 0.18737817 0.21535471 -0.08425353
v 0.18804459 0.24504092 -0.07690863
v 0.18875355 0.23504229 -0.07800392
v 0.19772889 0.16500759 -0.07558783
v 0.19814008 0.15500894 -0.07629655
v 0.19526173 0.19500349 -0.07497576
v 0.19626844 0.18500486 -0.07497576
v 0.19770053 0.17460805 -0.07407375
v 0.19887739 0.13501167 -0.07768177
v 0.19571546 0.12501304 -0.08499446
v 0.19416994 0.20500213 -0.07497576
v 0.19635352 0.11501440 -0.08499446
v 0.19692068 0.10501575 -0.08499446
v 0.19761546 0.08501849 -0.08541325
v 0.19779979 0.07501985 -0.08576760
v 0.19805500 0.05502257 -0.08625083
v 0.19792740 0.06502122 -0.08602532
v 0.19814008 0.04502393 -0.08637968
v 0.19819680 0.03502530 -0.08647633
v 0.19822516 0.02502666 -0.08654075
v 0.19822516 0.02484970 -0.08654075
v 0.18098342 0.34498304 -0.06138125
v 0.18027447 0.35104418 -0.06035039
v 0.18292595 0.32498577 -0.06428055
v 0.18683937 0.30419216 -0.06405506
v 0.18201849 0.33498442 -0.06286313
v 0.17006555 0.36015797 -0.07004695
v 0.17629015 0.35462776 -0.06421613
v 0.16175662 0.37497896 -0.07185096
v 0.16452153 0.36378580 -0.07446033
v 0.15880737 0.36741364 -0.07884149
v 0.15014397 0.38019949 -0.08013008
v 0.15404321 0.38365036 -0.07407375
v 0.15794244 0.38710123 -0.06788857
v 0.15670887 0.37497896 -0.07684420
v 0.18814385 0.28499123 -0.06705100
v 0.18732145 0.29498988 -0.06579463
v 0.19178787 0.23504229 -0.07301068
v 0.19116399 0.24504092 -0.07191539
v 0.19046921 0.25499532 -0.07075566
v 0.19007219 0.26048130 -0.07011138
v 0.20332962 0.05502257 -0.07497576
v 0.19992664 0.09846798 -0.07984015
v 0.19977067 0.10501575 -0.07948579
v 0.20021023 0.08501849 -0.08042000
v 0.20006843 0.09178747 -0.08013008
v 0.20038037 0.07501985 -0.08077437
v 0.19950128 0.11501440 -0.07890593
v 0.20050798 0.06502122 -0.08103208
v 0.20359902 0.02484970 -0.07497576
v 0.20080575 0.02484970 -0.08141866
v 0.20073485 0.03502530 -0.08148308
v 0.20069231 0.04502393 -0.08138644
v 0.20062143 0.05502257 -0.08125758
v 0.07500914 0.38196915 -0.11105596
v 0.07188974 0.38205767 -0.11112039
v 0.07188974 0.38705698 -0.10831773
v 0.07188974 0.39559561 -0.10290571
v 0.14494026 0.37537715 -0.08689512
v 0.14157982 0.37228024 -0.09114742
v 0.13525596 0.36595365 -0.09820239
v 0.07188974 0.37497896 -0.11447070
v 0.07188974 0.37723529 -0.11340762
v 0.14494026 0.36400700 -0.09221050
v 0.15778649 0.34498304 -0.08792598
v 0.15907678 0.33693105 -0.08911791
v 0.16006932 0.33025056 -0.09005213
v 0.15597156 0.35498169 -0.08631525
v 0.14822979 0.36666152 -0.08857027
v 0.15439768 0.36369732 -0.08444681
v 0.16031036 0.36073312 -0.08029114
v 0.16077825 0.32498577 -0.09076085
v 0.16710213 0.31498715 -0.08686290
v 0.16832152 0.30498850 -0.08815148
v 0.17161107 0.31498715 -0.08186965
v 0.17267449 0.30498850 -0.08315823
v 0.17665881 0.27499259 -0.08576760
v 0.17297225 0.29410502 -0.08550989
v 0.17765135 0.26499397 -0.08695954
v 0.18145134 0.26499397 -0.08196630
v 0.18227372 0.25499532 -0.08315823
v 0.18057223 0.27499259 -0.08077437
v 0.18984534 0.21889405 -0.07974350
v 0.19249682 0.21535471 -0.07584555
v 0.18727893 0.25499532 -0.07574891
v 0.19787067 0.09506136 -0.08406024
v 0.17722598 0.34498304 -0.06637450
v 0.17840284 0.33498442 -0.06785636
v 0.18343639 0.31596047 -0.06598792
v 0.18064313 0.31330597 -0.07088453
v 0.18142298 0.30498850 -0.07197981
v 0.17999089 0.31994224 -0.06998251
v 0.17946626 0.32498577 -0.06927380
v 0.17084539 0.35498169 -0.07098117
v 0.16632228 0.35498169 -0.07597440
v 0.15171784 0.37497896 -0.08151530
v 0.18689609 0.26428610 -0.07407375
v 0.18452819 0.27499259 -0.07497576
v 0.18231624 0.29498988 -0.07326839
v 0.16131707 0.35498169 -0.08132201
v 0.16289094 0.34498304 -0.08293273
v 0.16344392 0.33414382 -0.08547767
v 0.16657750 0.32578212 -0.08447903
v 0.16990958 0.32963115 -0.07990457
v 0.17070360 0.32299489 -0.08080658
v 0.17399314 0.32578212 -0.07594220
v 0.17728269 0.31596047 -0.07452476
v 0.17767970 0.30498850 -0.07697306
v 0.17868641 0.29498988 -0.07826164
v 0.17945209 0.28711483 -0.07926028
v 0.18007596 0.28043434 -0.08009786
v 0.17223494 0.34498304 -0.07265632
v 0.17339763 0.33498442 -0.07413819
v 0.16789615 0.34498304 -0.07764956
v 0.16924316 0.33498442 -0.07913142
f 1 2 3
f 1 3 4
f 1 4 5
f 1 5 6
f 1 6 7
f 1 7 8
f 1 8 9
f 1 9 2
f 2 10 11
f 2 11 12
f 2 12 3
f 2 9 13
f 2 13 10
f 3 14 15
f 3 15 16
f 3 16 17
f 3 17 4
f 3 12 14
f 4 17 18
f 4 18 19
f 4 19 20
f 4 20 5
f 5 20 6
f 6 21 7
f 6 20 22
f 6 22 23
f 6 23 24
f 6 24 21
f 7 25 26
f 7 26 8
f 7 21 27
f 7 27 28
f 7 28 29
f 7 29 30
f 7 30 25
f 8 31 32
f 8 32 9
f 8 26 30
f 8 30 31
f 9 32 13
f 10 33 11
f 10 13 33
f 11 34 35
f 11 35 12
f 11 33 36
f 11 36 37
f 11 37 34
f 12 35 14
f 13 32 38
f 13 38 39
f 13 39 33
f 14 35 40
f 14 40 41
f 14 41 15
f 15 41 42
f 15 42 43
f 15 43 44
f 15 44 16
f 16 44 45
f 16 45 46
f 16 46 17
f 17 46 18
f 18 46 19
f 19 46 45
f 19 45 47
f 19 47 48
f 19 48 49
f 19 49 70
f 19 70 96
f 19 96 124
f 19 124 164
f 19 164 204
f 19 204 249
f 19 249 248
f 19 248 295
f 19 295 344
f 19 344 394
f 19 394 454
f 19 454 515
f 19 515 586
f 19 586 662
f 19 662 661
f 19 661 660
f 19 660 748
f 19 748 755
f 19 755 845
f 19 845 844
f 19 844 954
f 19 954 1061
f 19 1061 1060
f 19 1060 1059
f 19 1059 1170
f 19 1170 1172
f 19 1172 1171
f 19 1171 1298
f 19 1298 1443
f 19 1443 1442
f 19 1442 1580
f 19 1580 1579
f 19 1579 1578
f 19 1578 1720
f 19 1720 1719
f 19 1719 1718
f 19 1718 1717
f 19 1717 1852
f 19 1852 1854
f 19 1854 1860
f 19 1860 1859
f 19 1859 1958
f 19 1958 1957
f 19 1957 1956
f 19 1956 1963
f 19 1963 1962
f 19 1962 1873
f 19 1873 1872
f 19 1872 1871
f 19 1871 1870
f 19 1870 1747
f 19 1747 1745
f 19 1745 1744
f 19 1744 1743
f 19 1743 1742
f 19 1742 1741
f 19 1741 1746
f 19 1746 1869
f 19 1869 1738
f 19 1738 1737
f 19 1737 1736
f 19 1736 1735
f 19 1735 1592
f 19 1592 1459
f 19 1459 1318
f 19 1318 1317
f 19 1317 1316
f 19 1316 1187
f 19 1187 1075
f 19 1075 1074
f 19 1074 969
f 19 969 968
f 19 968 967
f 19 967 860
f 19 860 859
f 19 859 766
f 19 766 765
f 19 765 679
f 19 679 678
f 19 678 599
f 19 599 598
f 19 598 531
f 19 531 530
f 19 530 529
f 19 529 528
f 19 528 466
f 19 466 407
f 19 407 354
f 19 354 353
f 19 353 305
f 19 305 255
f 19 255 254
f 19 254 208
f 19 208 168
f 19 168 127
f 19 127 98
f 19 98 72
f 19 72 50
f 19 50 20
f 20 50 22
f 21 24 28
f 21 28 27
f 22 50 72
f 22 72 99
f 22 99 130
f 22 130 172
f 22 172 215
f 22 215 266
f 22 266 317
f 22 317 369
f 22 369 368
f 22 368 424
f 22 424 487
f 22 487 553
f 22 553 626
f 22 626 625
f 22 625 712
f 22 712 711
f 22 711 797
f 22 797 903
f 22 903 1010
f 22 1010 1009
f 22 1009 1124
f 22 1124 1243
f 22 1243 1383
f 22 1383 1382
f 22 1382 1522
f 22 1522 1667
f 22 1667 1806
f 22 1806 1921
f 22 1921 1951
f 22 1951 1950
f 22 1950 1847
f 22 1847 1712
f 22 1712 1709
f 22 1709 1562
f 22 1562 1426
f 22 1426 1285
f 22 1285 1158
f 22 1158 1048
f 22 1048 939
f 22 939 938
f 22 938 830
f 22 830 740
f 22 740 651
f 22 651 571
f 22 571 501
f 22 501 494
f 22 494 493
f 22 493 432
f 22 432 431
f 22 431 383
f 22 383 376
f 22 376 375
f 22 375 323
f 22 323 272
f 22 272 223
f 22 223 180
f 22 180 143
f 22 143 110
f 22 110 100
f 22 100 75
f 22 75 74
f 22 74 73
f 22 73 55
f 22 55 54
f 22 54 51
f 22 51 30
f 22 30 29
f 22 29 28
f 22 28 24
f 22 24 23
f 25 30 26
f 30 51 32
f 30 32 31
f 32 52 53
f 32 53 38
f 32 51 54
f 32 54 55
f 32 55 52
f 33 39 36
f 34 37 56
f 34 56 35
f 35 56 57
f 35 57 40
f 36 58 37
f 36 39 59
f 36 59 58
f 37 60 56
f 37 58 60
f 38 53 39
f 39 53 61
f 39 61 59
f 40 57 62
f 40 62 63
f 40 63 41
f 41 63 64
f 41 64 42
f 42 64 43
f 43 64 65
f 43 65 66
f 43 66 67
f 43 67 44
f 44 67 48
f 44 48 45
f 45 48 47
f 48 67 68
f 48 68 69
f 48 69 49
f 49 69 71
f 49 71 70
f 52 55 53
f 53 55 73
f 53 73 74
f 53 74 75
f 53 75 61
f 56 60 76
f 56 76 77
f 56 77 78
f 56 78 57
f 57 78 62
f 58 79 80
f 58 80 60
f 58 59 81
f 58 81 79
f 59 61 82
f 59 82 81
f 60 80 76
f 61 75 82
f 62 83 84
f 62 84 63
f 62 78 83
f 63 84 85
f 63 85 64
f 64 85 86
f 64 86 87
f 64 87 65
f 65 87 66
f 66 88 89
f 66 89 90
f 66 90 91
f 66 91 68
f 66 68 67
f 66 87 86
f 66 86 92
f 66 92 88
f 68 91 69
f 69 91 90
f 69 90 71
f 70 71 93
f 70 93 94
f 70 94 95
f 70 95 96
f 71 90 97
f 71 97 94
f 71 94 93
f 72 98 99
f 75 100 82
f 76 80 101
f 76 101 102
f 76 102 103
f 76 103 104
f 76 104 77
f 77 104 78
f 78 104 105
f 78 105 83
f 79 106 80
f 79 81 107
f 79 107 106
f 80 106 108
f 80 108 101
f 81 82 109
f 81 109 107
f 82 100 110
f 82 110 109
f 83 105 111
f 83 111 84
f 84 111 112
f 84 112 113
f 84 113 86
f 84 86 85
f 86 113 114
f 86 114 115
f 86 115 92
f 88 92 116
f 88 116 89
f 89 117 118
f 89 118 119
f 89 119 120
f 89 120 121
f 89 121 90
f 89 116 117
f 90 121 122
f 90 122 97
f 92 115 116
f 94 97 123
f 94 123 95
f 95 123 96
f 96 123 124
f 97 122 125
f 97 125 126
f 97 126 123
f 98 127 128
f 98 128 99
f 99 129 130
f 99 128 129
f 101 108 102
f 102 108 131
f 102 131 132
f 102 132 133
f 102 133 134
f 102 134 103
f 103 134 104
f 104 134 135
f 104 135 136
f 104 136 105
f 105 136 111
f 106 137 108
f 106 107 138
f 106 138 137
f 107 109 139
f 107 139 138
f 108 137 140
f 108 140 141
f 108 141 131
f 109 142 139
f 109 110 142
f 110 143 139
f 110 139 142
f 111 136 144
f 111 144 145
f 111 145 146
f 111 146 112
f 112 146 114
f 112 114 113
f 114 146 147
f 114 147 148
f 114 148 149
f 114 149 115
f 115 149 116
f 116 150 151
f 116 151 117
f 116 149 150
f 117 151 118
f 118 151 150
f 118 150 152
f 118 152 153
f 118 153 154
f 118 154 155
f 118 155 120
f 118 120 119
f 120 155 156
f 120 156 157
f 120 157 122
f 120 122 121
f 122 157 158
f 122 158 125
f 123 126 159
f 123 159 124
f 124 160 161
f 124 161 162
f 124 162 163
f 124 163 164
f 124 159 165
f 124 165 160
f 125 158 126
f 126 166 167
f 126 167 159
f 126 158 166
f 127 168 169
f 127 169 128
f 128 169 211
f 128 211 170
f 128 170 129
f 129 171 172
f 129 172 130
f 129 170 212
f 129 212 171
f 131 141 132
f 132 173 174
f 132 174 133
f 132 141 173
f 133 174 175
f 133 175 176
f 133 176 134
f 134 176 135
f 135 177 144
f 135 144 136
f 135 176 177
f 137 138 178
f 137 178 140
f 138 139 179
f 138 179 178
f 139 143 180
f 139 180 179
f 140 178 181
f 140 181 141
f 141 182 173
f 141 181 183
f 141 183 182
f 144 177 184
f 144 184 185
f 144 185 186
f 144 186 147
f 144 147 145
f 145 147 146
f 147 187 188
f 147 188 148
f 147 186 189
f 147 189 187
f 148 188 150
f 148 150 149
f 150 190 152
f 150 188 190
f 152 190 153
f 153 191 192
f 153 192 193
f 153 193 154
f 153 190 194
f 153 194 195
f 153 195 196
f 153 196 191
f 154 193 155
f 155 193 156
f 156 197 198
f 156 198 157
f 156 193 197
f 157 198 158
f 158 198 199
f 158 199 166
f 159 167 200
f 159 200 160
f 159 160 165
f 160 200 161
f 161 201 162
f 161 200 201
f 162 201 163
f 163 202 203
f 163 203 204
f 163 204 164
f 163 201 205
f 163 205 202
f 166 199 206
f 166 206 167
f 167 207 200
f 167 206 207
f 168 208 169
f 169 208 209
f 169 209 210
f 169 210 211
f 170 211 259
f 170 259 212
f 171 212 213
f 171 213 214
f 171 214 266
f 171 266 215
f 171 215 172
f 173 182 216
f 173 216 217
f 173 217 174
f 174 218 219
f 174 219 175
f 174 217 218
f 175 219 176
f 176 219 220
f 176 220 184
f 176 184 177
f 178 179 221
f 178 221 181
f 179 222 221
f 179 180 222
f 180 223 222
f 181 221 224
f 181 224 183
f 182 183 225
f 182 225 226
f 182 226 216
f 183 224 227
f 183 227 225
f 184 220 228
f 184 228 229
f 184 229 189
f 184 189 185
f 185 189 186
f 187 189 194
f 187 194 188
f 188 194 190
f 189 230 231
f 189 231 232
f 189 232 194
f 189 229 230
f 191 196 233
f 191 233 192
f 192 233 234
f 192 234 193
f 193 234 197
f 194 235 195
f 194 232 236
f 194 236 235
f 195 235 196
f 196 237 238
f 196 238 233
f 196 235 236
f 196 236 239
f 196 239 237
f 197 234 240
f 197 240 241
f 197 241 198
f 198 241 199
f 199 242 206
f 199 241 242
f 200 207 243
f 200 243 201
f 201 243 244
f 201 244 205
f 202 245 203
f 202 205 246
f 202 246 247
f 202 247 245
f 203 245 248
f 203 248 249
f 203 249 204
f 205 244 250
f 205 250 296
f 205 296 246
f 206 251 252
f 206 252 207
f 206 242 251
f 207 253 243
f 207 252 253
f 208 254 209
f 209 254 255
f 209 255 256
f 209 256 210
f 210 257 258
f 210 258 259
f 210 259 211
f 210 256 306
f 210 306 260
f 210 260 261
f 210 261 257
f 212 259 262
f 212 262 213
f 213 262 263
f 213 263 264
f 213 264 265
f 213 265 214
f 214 265 317
f 214 317 266
f 216 226 267
f 216 267 217
f 217 267 268
f 217 268 218
f 218 268 269
f 218 269 270
f 218 270 219
f 219 270 271
f 219 271 220
f 220 271 228
f 221 222 223
f 221 223 272
f 221 272 273
f 221 273 224
f 224 273 274
f 224 274 227
f 225 227 275
f 225 275 276
f 225 276 226
f 226 277 267
f 226 276 278
f 226 278 279
f 226 279 277
f 227 274 280
f 227 280 275
f 228 281 230
f 228 230 229
f 228 271 282
f 228 282 281
f 230 283 236
f 230 236 231
f 230 281 283
f 231 236 232
f 233 238 284
f 233 284 285
f 233 285 234
f 234 285 240
f 236 283 239
f 237 239 286
f 237 286 287
f 237 287 288
f 237 288 284
f 237 284 238
f 239 289 290
f 239 290 286
f 239 283 289
f 240 285 291
f 240 291 292
f 240 292 241
f 241 292 242
f 242 292 251
f 243 253 244
f 244 253 293
f 244 293 250
f 245 247 294
f 245 294 295
f 245 295 248
f 246 296 297
f 246 297 247
f 247 297 298
f 247 298 294
f 250 293 299
f 250 299 300
f 250 300 296
f 251 301 252
f 251 292 302
f 251 302 303
f 251 303 301
f 252 301 253
f 253 301 304
f 253 304 293
f 255 305 256
f 256 305 353
f 256 353 306
f 257 307 258
f 257 261 308
f 257 308 307
f 258 307 309
f 258 309 259
f 259 309 262
f 260 306 355
f 260 355 310
f 260 310 311
f 260 311 261
f 261 311 357
f 261 357 308
f 262 309 263
f 263 309 312
f 263 312 313
f 263 313 314
f 263 314 315
f 263 315 264
f 264 315 265
f 265 315 316
f 265 316 369
f 265 369 317
f 267 318 268
f 267 277 319
f 267 319 318
f 268 318 320
f 268 320 269
f 269 321 322
f 269 322 270
f 269 320 321
f 270 322 282
f 270 282 271
f 272 323 274
f 272 274 273
f 274 324 280
f 274 323 324
f 275 280 325
f 275 325 276
f 276 325 278
f 277 279 319
f 278 325 326
f 278 326 279
f 279 326 327
f 279 327 328
f 279 328 319
f 280 324 329
f 280 329 325
f 281 282 283
f 282 322 330
f 282 330 331
f 282 331 283
f 283 331 332
f 283 332 289
f 284 288 333
f 284 333 334
f 284 334 285
f 285 334 291
f 286 335 287
f 286 290 336
f 286 336 335
f 287 335 337
f 287 337 338
f 287 338 288
f 288 338 333
f 289 339 290
f 289 332 339
f 290 339 336
f 291 340 303
f 291 303 302
f 291 302 292
f 291 334 341
f 291 341 340
f 293 304 342
f 293 342 299
f 294 298 343
f 294 343 344
f 294 344 295
f 296 300 345
f 296 345 346
f 296 346 297
f 297 347 298
f 297 346 347
f 298 347 399
f 298 399 348
f 298 348 343
f 299 342 300
f 300 342 349
f 300 349 345
f 301 350 342
f 301 342 304
f 301 303 350
f 303 340 351
f 303 351 352
f 303 352 350
f 306 353 354
f 306 354 355
f 307 312 309
f 307 308 356
f 307 356 312
f 308 357 358
f 308 358 356
f 310 359 311
f 310 355 360
f 310 360 361
f 310 361 359
f 311 359 357
f 312 356 362
f 312 362 313
f 313 362 363
f 313 363 364
f 313 364 365
f 313 365 314
f 314 365 366
f 314 366 367
f 314 367 315
f 315 367 368
f 315 368 316
f 316 368 369
f 318 370 320
f 318 319 370
f 319 371 370
f 319 328 371
f 320 372 321
f 320 370 372
f 321 372 373
f 321 373 374
f 321 374 322
f 322 374 330
f 323 375 324
f 324 375 376
f 324 376 329
f 325 329 377
f 325 377 326
f 326 377 378
f 326 378 327
f 327 379 328
f 327 378 380
f 327 380 381
f 327 381 379
f 328 379 382
f 328 382 371
f 329 376 383
f 329 383 377
f 330 374 384
f 330 384 385
f 330 385 331
f 331 385 332
f 332 385 386
f 332 386 339
f 333 387 341
f 333 341 334
f 333 338 387
f 335 336 388
f 335 388 389
f 335 389 337
f 336 339 388
f 337 390 391
f 337 391 338
f 337 389 390
f 338 391 387
f 339 386 388
f 340 341 351
f 341 387 392
f 341 392 351
f 342 350 349
f 343 348 393
f 343 393 394
f 343 394 344
f 345 349 395
f 345 395 396
f 345 396 346
f 346 396 397
f 346 397 347
f 347 397 398
f 347 398 399
f 348 399 400
f 348 400 401
f 348 401 393
f 349 350 402
f 349 402 403
f 349 403 395
f 350 352 402
f 351 404 406
f 351 406 352
f 351 392 405
f 351 405 404
f 352 406 402
f 354 407 355
f 355 407 466
f 355 466 408
f 355 408 409
f 355 409 360
f 356 358 415
f 356 415 410
f 356 410 363
f 356 363 362
f 357 359 411
f 357 411 412
f 357 412 413
f 357 413 358
f 358 414 415
f 358 413 414
f 359 361 412
f 359 412 411
f 360 409 416
f 360 416 361
f 361 416 417
f 361 417 412
f 363 410 418
f 363 418 364
f 364 418 481
f 364 481 419
f 364 419 420
f 364 420 365
f 365 420 366
f 366 420 421
f 366 421 422
f 366 422 367
f 367 422 423
f 367 423 424
f 367 424 368
f 370 425 372
f 370 371 425
f 371 426 425
f 371 382 426
f 372 427 373
f 372 425 427
f 373 428 429
f 373 429 374
f 373 427 428
f 374 429 384
f 377 430 378
f 377 383 431
f 377 431 432
f 377 432 430
f 378 430 433
f 378 433 434
f 378 434 435
f 378 435 380
f 379 381 436
f 379 436 437
f 379 437 438
f 379 438 439
f 379 439 382
f 380 436 381
f 380 435 440
f 380 440 436
f 382 439 441
f 382 441 426
f 384 442 385
f 384 429 442
f 385 443 386
f 385 442 443
f 386 443 388
f 387 391 444
f 387 444 392
f 388 443 445
f 388 445 446
f 388 446 447
f 388 447 389
f 389 448 390
f 389 447 446
f 389 446 448
f 390 449 391
f 390 448 449
f 391 449 450
f 391 450 444
f 392 444 451
f 392 451 405
f 393 401 452
f 393 452 453
f 393 453 394
f 394 453 454
f 395 455 396
f 395 403 455
f 396 455 456
f 396 456 397
f 397 456 398
f 398 456 457
f 398 457 458
f 398 458 399
f 399 458 400
f 400 458 459
f 400 459 401
f 401 459 452
f 402 406 460
f 402 460 403
f 403 460 461
f 403 461 462
f 403 462 455
f 404 463 460
f 404 460 406
f 404 405 464
f 404 464 463
f 405 451 465
f 405 465 464
f 408 466 467
f 408 467 468
f 408 468 409
f 409 467 469
f 409 469 470
f 409 470 471
f 409 471 472
f 409 472 416
f 409 468 467
f 410 415 473
f 410 473 418
f 412 417 474
f 412 474 413
f 413 474 475
f 413 475 476
f 413 476 414
f 414 477 415
f 414 476 478
f 414 478 479
f 414 479 477
f 415 477 473
f 416 472 417
f 417 472 471
f 417 471 480
f 417 480 536
f 417 536 474
f 418 473 535
f 418 535 481
f 419 481 482
f 419 482 420
f 420 482 483
f 420 483 421
f 421 483 484
f 421 484 422
f 422 484 485
f 422 485 423
f 423 486 553
f 423 553 487
f 423 487 424
f 423 485 486
f 425 488 427
f 425 426 488
f 426 489 488
f 426 441 489
f 427 488 490
f 427 490 428
f 428 490 491
f 428 491 492
f 428 492 429
f 429 492 442
f 430 432 493
f 430 493 433
f 433 493 494
f 433 494 434
f 434 494 435
f 435 494 440
f 436 495 437
f 436 440 496
f 436 496 495
f 437 495 438
f 438 495 497
f 438 497 498
f 438 498 499
f 438 499 441
f 438 441 439
f 440 500 496
f 440 494 501
f 440 501 500
f 441 499 502
f 441 502 489
f 442 503 443
f 442 492 503
f 443 503 504
f 443 504 445
f 444 450 451
f 445 504 446
f 446 504 505
f 446 505 506
f 446 506 448
f 448 507 449
f 448 506 508
f 448 508 509
f 448 509 507
f 449 507 510
f 449 510 450
f 450 510 511
f 450 511 465
f 450 465 451
f 452 459 512
f 452 512 513
f 452 513 514
f 452 514 453
f 453 514 515
f 453 515 454
f 455 462 516
f 455 516 517
f 455 517 456
f 456 517 457
f 457 517 518
f 457 518 519
f 457 519 458
f 458 519 520
f 458 520 521
f 458 521 522
f 458 522 459
f 459 522 521
f 459 521 512
f 460 463 523
f 460 523 461
f 461 523 524
f 461 524 462
f 462 524 516
f 463 464 525
f 463 525 523
f 464 465 526
f 464 526 525
f 465 511 527
f 465 527 526
f 466 528 467
f 467 528 529
f 467 529 530
f 467 530 470
f 467 470 469
f 470 530 531
f 470 531 532
f 470 532 601
f 470 601 533
f 470 533 471
f 471 533 534
f 471 534 480
f 473 477 535
f 474 536 537
f 474 537 538
f 474 538 475
f 475 539 478
f 475 478 476
f 475 538 540
f 475 540 539
f 477 479 541
f 477 541 542
f 477 542 535
f 478 539 543
f 478 543 544
f 478 544 541
f 478 541 479
f 480 534 536
f 481 535 545
f 481 545 482
f 482 545 546
f 482 546 547
f 482 547 483
f 483 548 549
f 483 549 484
f 483 547 550
f 483 550 548
f 484 549 485
f 485 549 551
f 485 551 552
f 485 552 486
f 486 552 626
f 486 626 553
f 488 554 490
f 488 489 554
f 489 555 554
f 489 502 556
f 489 556 555
f 490 554 557
f 490 557 491
f 491 558 492
f 491 557 558
f 492 558 559
f 492 559 503
f 495 496 564
f 495 564 560
f 495 560 561
f 495 561 497
f 496 500 562
f 496 562 563
f 496 563 564
f 497 565 498
f 497 561 566
f 497 566 567
f 497 567 565
f 498 568 569
f 498 569 499
f 498 565 568
f 499 569 502
f 500 570 562
f 500 501 571
f 500 571 570
f 502 569 556
f 503 559 572
f 503 572 504
f 504 572 573
f 504 573 574
f 504 574 505
f 505 509 506
f 505 574 509
f 506 509 508
f 507 509 575
f 507 575 576
f 507 576 577
f 507 577 578
f 507 578 510
f 509 574 579
f 509 579 575
f 510 578 511
f 511 578 527
f 512 521 513
f 513 580 514
f 513 521 581
f 513 581 582
f 513 582 583
f 513 583 584
f 513 584 585
f 513 585 580
f 514 580 586
f 514 586 515
f 516 524 587
f 516 587 588
f 516 588 517
f 517 588 518
f 518 520 519
f 518 588 589
f 518 589 590
f 518 590 520
f 520 581 521
f 520 590 591
f 520 591 592
f 520 592 581
f 523 593 524
f 523 525 594
f 523 594 593
f 524 593 587
f 525 526 595
f 525 595 594
f 526 527 595
f 527 578 596
f 527 596 597
f 527 597 595
f 531 598 532
f 532 598 599
f 532 599 600
f 532 600 682
f 532 682 601
f 533 601 602
f 533 602 534
f 534 602 603
f 534 603 604
f 534 604 605
f 534 605 536
f 535 542 606
f 535 606 545
f 536 605 607
f 536 607 537
f 537 607 608
f 537 608 609
f 537 609 540
f 537 540 538
f 539 540 610
f 539 610 543
f 540 609 610
f 541 544 611
f 541 611 542
f 542 611 606
f 543 610 612
f 543 612 544
f 544 612 613
f 544 613 611
f 545 606 614
f 545 614 615
f 545 615 546
f 546 616 617
f 546 617 618
f 546 618 547
f 546 615 619
f 546 619 616
f 547 618 623
f 547 623 550
f 548 620 621
f 548 621 549
f 548 550 623
f 548 623 620
f 549 621 622
f 549 622 551
f 551 622 624
f 551 624 625
f 551 625 552
f 552 625 626
f 554 627 557
f 554 555 627
f 555 556 628
f 555 628 629
f 555 629 627
f 556 569 628
f 557 630 631
f 557 631 558
f 557 627 630
f 558 631 559
f 559 631 632
f 559 632 572
f 560 564 640
f 560 640 633
f 560 633 561
f 561 633 634
f 561 634 566
f 562 570 635
f 562 635 636
f 562 636 563
f 563 636 637
f 563 637 564
f 564 637 638
f 564 638 639
f 564 639 640
f 565 641 568
f 565 567 642
f 565 642 641
f 566 634 643
f 566 643 644
f 566 644 645
f 566 645 646
f 566 646 567
f 567 646 647
f 567 647 642
f 568 641 648
f 568 648 649
f 568 649 650
f 568 650 628
f 568 628 569
f 570 571 635
f 571 651 652
f 571 652 653
f 571 653 635
f 572 654 573
f 572 632 654
f 573 655 656
f 573 656 574
f 573 654 655
f 574 656 579
f 575 579 576
f 576 579 657
f 576 657 658
f 576 658 577
f 577 659 578
f 577 658 659
f 578 659 596
f 579 656 657
f 580 585 660
f 580 660 661
f 580 661 662
f 580 662 586
f 581 592 663
f 581 663 582
f 582 663 664
f 582 664 583
f 583 664 665
f 583 665 666
f 583 666 667
f 583 667 584
f 584 667 585
f 585 667 668
f 585 668 660
f 587 593 669
f 587 669 670
f 587 670 588
f 588 670 589
f 589 670 671
f 589 671 672
f 589 672 590
f 590 672 591
f 591 672 673
f 591 673 674
f 591 674 592
f 592 674 663
f 593 594 675
f 593 675 669
f 594 595 676
f 594 676 675
f 595 597 676
f 596 659 677
f 596 677 597
f 597 677 676
f 599 678 600
f 600 678 679
f 600 679 680
f 600 680 681
f 600 681 682
f 601 682 683
f 601 683 602
f 602 683 603
f 603 684 685
f 603 685 686
f 603 686 687
f 603 687 688
f 603 688 689
f 603 689 604
f 603 683 684
f 604 689 690
f 604 690 605
f 605 690 608
f 605 608 607
f 606 611 698
f 606 698 691
f 606 691 615
f 606 615 614
f 608 690 692
f 608 692 693
f 608 693 609
f 609 693 694
f 609 694 610
f 610 694 695
f 610 695 696
f 610 696 697
f 610 697 612
f 611 613 700
f 611 700 698
f 612 697 699
f 612 699 613
f 613 699 700
f 615 691 619
f 616 619 701
f 616 701 617
f 617 701 702
f 617 702 703
f 617 703 618
f 618 703 704
f 618 704 623
f 619 691 705
f 619 705 706
f 619 706 701
f 620 707 621
f 620 623 704
f 620 704 708
f 620 708 707
f 621 707 709
f 621 709 622
f 622 709 710
f 622 710 711
f 622 711 624
f 624 711 712
f 624 712 625
f 627 713 630
f 627 629 713
f 628 650 714
f 628 714 629
f 629 715 713
f 629 714 715
f 630 713 716
f 630 716 717
f 630 717 631
f 631 717 632
f 632 717 718
f 632 718 654
f 633 640 725
f 633 725 719
f 633 719 634
f 634 719 720
f 634 720 643
f 635 653 721
f 635 721 636
f 636 721 722
f 636 722 637
f 637 722 723
f 637 723 724
f 637 724 638
f 638 724 725
f 638 725 639
f 639 725 640
f 641 726 727
f 641 727 648
f 641 642 726
f 642 647 737
f 642 737 728
f 642 728 729
f 642 729 730
f 642 730 731
f 642 731 726
f 643 720 808
f 643 808 732
f 643 732 733
f 643 733 734
f 643 734 735
f 643 735 644
f 644 735 736
f 644 736 645
f 645 736 646
f 646 736 647
f 647 736 737
f 648 727 738
f 648 738 649
f 649 738 739
f 649 739 714
f 649 714 650
f 651 740 741
f 651 741 652
f 652 741 721
f 652 721 653
f 654 742 655
f 654 718 742
f 655 743 656
f 655 742 744
f 655 744 743
f 656 743 657
f 657 745 658
f 657 743 745
f 658 745 746
f 658 746 659
f 659 747 677
f 659 746 747
f 660 668 748
f 663 674 749
f 663 749 664
f 664 749 750
f 664 750 665
f 665 750 751
f 665 751 752
f 665 752 753
f 665 753 666
f 666 754 667
f 666 753 754
f 667 754 668
f 668 754 755
f 668 755 748
f 669 675 756
f 669 756 757
f 669 757 670
f 670 757 671
f 671 757 758
f 671 758 759
f 671 759 672
f 672 759 673
f 673 760 674
f 673 759 761
f 673 761 760
f 674 760 749
f 675 676 762
f 675 762 756
f 676 677 763
f 676 763 762
f 677 747 764
f 677 764 763
f 679 765 680
f 680 765 766
f 680 766 767
f 680 767 768
f 680 768 681
f 681 768 769
f 681 769 770
f 681 770 771
f 681 771 682
f 682 771 683
f 683 771 684
f 684 771 685
f 685 771 772
f 685 772 773
f 685 773 686
f 686 773 866
f 686 866 774
f 686 774 775
f 686 775 776
f 686 776 687
f 687 777 689
f 687 689 688
f 687 776 777
f 689 777 692
f 689 692 690
f 691 698 705
f 692 777 778
f 692 778 694
f 692 694 693
f 694 778 779
f 694 779 695
f 695 779 696
f 696 779 780
f 696 780 781
f 696 781 782
f 696 782 697
f 697 782 699
f 698 700 783
f 698 783 705
f 699 782 784
f 699 784 785
f 699 785 783
f 699 783 700
f 701 706 786
f 701 786 787
f 701 787 788
f 701 788 702
f 702 788 789
f 702 789 703
f 703 789 704
f 704 789 790
f 704 790 794
f 704 794 708
f 705 791 706
f 705 783 792
f 705 792 791
f 706 791 786
f 707 793 709
f 707 708 793
f 708 794 793
f 709 793 795
f 709 795 796
f 709 796 710
f 710 796 797
f 710 797 711
f 713 798 799
f 713 799 716
f 713 715 798
f 714 739 715
f 715 800 798
f 715 739 801
f 715 801 800
f 716 799 802
f 716 802 717
f 717 802 718
f 718 802 803
f 718 803 804
f 718 804 805
f 718 805 742
f 719 725 806
f 719 806 807
f 719 807 808
f 719 808 720
f 721 809 810
f 721 810 722
f 721 741 809
f 722 810 811
f 722 811 812
f 722 812 813
f 722 813 723
f 723 813 814
f 723 814 724
f 724 814 725
f 725 814 806
f 726 815 727
f 726 731 816
f 726 816 817
f 726 817 815
f 727 818 738
f 727 815 818
f 728 737 819
f 728 819 820
f 728 820 821
f 728 821 823
f 728 823 729
f 729 822 730
f 729 823 822
f 730 822 731
f 731 822 824
f 731 824 816
f 732 808 917
f 732 917 825
f 732 825 826
f 732 826 827
f 732 827 733
f 733 827 734
f 734 827 735
f 735 827 828
f 735 828 736
f 736 828 829
f 736 829 737
f 737 829 819
f 738 801 739
f 738 818 801
f 740 830 831
f 740 831 832
f 740 832 809
f 740 809 741
f 742 805 744
f 743 744 833
f 743 833 745
f 744 805 834
f 744 834 833
f 745 835 746
f 745 833 835
f 746 835 836
f 746 836 747
f 747 836 764
f 749 760 837
f 749 837 750
f 750 837 838
f 750 838 751
f 751 838 839
f 751 839 840
f 751 840 752
f 752 840 841
f 752 841 753
f 753 841 842
f 753 842 843
f 753 843 754
f 754 843 844
f 754 844 845
f 754 845 755
f 756 762 846
f 756 846 847
f 756 847 757
f 757 847 758
f 758 847 848
f 758 848 849
f 758 849 759
f 759 849 850
f 759 850 761
f 760 761 837
f 761 849 851
f 761 851 852
f 761 852 853
f 761 853 854
f 761 854 855
f 761 855 838
f 761 838 837
f 761 850 849
f 762 763 764
f 762 764 856
f 762 856 846
f 764 836 857
f 764 857 858
f 764 858 856
f 766 859 767
f 767 859 860
f 767 860 861
f 767 861 768
f 768 861 862
f 768 862 863
f 768 863 864
f 768 864 865
f 768 865 769
f 769 865 770
f 770 865 864
f 770 864 866
f 770 866 773
f 770 773 771
f 771 773 772
f 774 866 867
f 774 867 868
f 774 868 869
f 774 869 775
f 775 870 776
f 775 869 871
f 775 871 870
f 776 870 872
f 776 872 873
f 776 873 874
f 776 874 875
f 776 875 777
f 777 876 877
f 777 877 778
f 777 875 873
f 777 873 876
f 778 877 878
f 778 878 779
f 779 878 780
f 780 878 879
f 780 879 880
f 780 880 881
f 780 881 882
f 780 882 883
f 780 883 781
f 781 883 782
f 782 883 784
f 783 884 792
f 783 785 886
f 783 886 884
f 784 885 886
f 784 886 785
f 784 883 885
f 786 791 887
f 786 887 888
f 786 888 889
f 786 889 890
f 786 890 787
f 787 890 891
f 787 891 788
f 788 891 789
f 789 891 892
f 789 892 893
f 789 893 790
f 790 893 894
f 790 894 794
f 791 792 887
f 792 884 895
f 792 895 896
f 792 896 887
f 793 897 795
f 793 794 898
f 793 898 897
f 794 894 898
f 795 897 899
f 795 899 796
f 796 899 900
f 796 900 901
f 796 901 902
f 796 902 797
f 797 902 903
f 798 800 904
f 798 904 905
f 798 905 799
f 799 905 803
f 799 803 802
f 800 906 907
f 800 907 904
f 800 801 908
f 800 908 906
f 801 818 909
f 801 909 908
f 803 905 910
f 803 910 911
f 803 911 804
f 804 911 912
f 804 912 805
f 805 912 834
f 806 814 921
f 806 921 913
f 806 913 914
f 806 914 915
f 806 915 807
f 807 915 808
f 808 915 916
f 808 916 917
f 809 832 918
f 809 918 919
f 809 919 810
f 810 919 811
f 811 919 812
f 812 919 920
f 812 920 813
f 813 920 814
f 814 920 921
f 815 922 818
f 815 817 923
f 815 923 922
f 816 824 924
f 816 924 925
f 816 925 817
f 817 925 923
f 818 922 909
f 819 829 937
f 819 937 926
f 819 926 927
f 819 927 928
f 819 928 820
f 820 928 821
f 821 928 932
f 821 932 823
f 822 823 929
f 822 929 930
f 822 930 931
f 822 931 924
f 822 924 824
f 823 932 929
f 825 917 1027
f 825 1027 933
f 825 933 826
f 826 933 827
f 827 933 934
f 827 934 935
f 827 935 828
f 828 935 936
f 828 936 829
f 829 936 937
f 830 938 831
f 831 938 939
f 831 939 940
f 831 940 918
f 831 918 832
f 833 834 941
f 833 941 835
f 834 912 941
f 835 941 836
f 836 941 942
f 836 942 943
f 836 943 857
f 838 855 944
f 838 944 945
f 838 945 839
f 839 945 946
f 839 946 840
f 840 946 947
f 840 947 948
f 840 948 841
f 841 948 949
f 841 949 950
f 841 950 842
f 842 951 843
f 842 950 952
f 842 952 953
f 842 953 951
f 843 951 954
f 843 954 844
f 846 856 955
f 846 955 847
f 847 955 956
f 847 956 848
f 848 956 957
f 848 957 958
f 848 958 849
f 849 958 851
f 851 958 959
f 851 959 960
f 851 960 852
f 852 960 853
f 853 960 854
f 854 961 962
f 854 962 963
f 854 963 964
f 854 964 945
f 854 945 944
f 854 944 855
f 854 960 961
f 856 858 955
f 857 943 965
f 857 965 858
f 858 966 955
f 858 965 966
f 860 967 861
f 861 967 968
f 861 968 862
f 862 968 863
f 863 969 1074
f 863 1074 970
f 863 970 971
f 863 971 864
f 863 968 969
f 864 971 972
f 864 972 866
f 866 972 973
f 866 973 867
f 867 973 974
f 867 974 869
f 867 869 868
f 869 974 975
f 869 975 976
f 869 976 871
f 870 871 872
f 871 976 977
f 871 977 872
f 872 977 978
f 872 978 873
f 873 978 979
f 873 979 980
f 873 980 981
f 873 981 982
f 873 982 876
f 873 875 874
f 876 982 877
f 877 983 878
f 877 982 983
f 878 983 984
f 878 984 879
f 879 985 881
f 879 881 880
f 879 984 985
f 881 985 986
f 881 986 987
f 881 987 988
f 881 988 882
f 882 988 989
f 882 989 883
f 883 989 990
f 883 990 885
f 884 886 991
f 884 991 895
f 885 990 992
f 885 992 993
f 885 993 886
f 886 993 991
f 887 896 888
f 888 896 994
f 888 994 995
f 888 995 996
f 888 996 997
f 888 997 889
f 889 997 998
f 889 998 890
f 890 998 891
f 891 998 999
f 891 999 1000
f 891 1000 892
f 892 1000 1001
f 892 1001 893
f 893 1001 894
f 894 1001 1002
f 894 1002 1006
f 894 1006 898
f 895 991 1003
f 895 1003 1004
f 895 1004 994
f 895 994 896
f 897 1005 1007
f 897 1007 899
f 897 898 1006
f 897 1006 1005
f 899 1007 1008
f 899 1008 900
f 900 1008 901
f 901 1009 1010
f 901 1010 903
f 901 903 902
f 901 1008 1009
f 904 907 905
f 905 1011 910
f 905 907 1011
f 906 908 1012
f 906 1012 1013
f 906 1013 907
f 907 1013 1014
f 907 1014 1011
f 908 909 1015
f 908 1015 1016
f 908 1016 1012
f 909 922 1017
f 909 1017 1015
f 910 1018 1019
f 910 1019 911
f 910 1011 1018
f 911 1019 1020
f 911 1020 912
f 912 1020 1021
f 912 1021 941
f 913 921 1022
f 913 1022 1023
f 913 1023 1024
f 913 1024 914
f 914 1024 1025
f 914 1025 915
f 915 1025 1026
f 915 1026 1027
f 915 1027 916
f 916 1027 917
f 918 940 919
f 919 940 1028
f 919 1028 1029
f 919 1029 920
f 920 1029 1030
f 920 1030 1022
f 920 1022 921
f 922 923 1031
f 922 1031 1017
f 923 925 1032
f 923 1032 1031
f 924 931 1033
f 924 1033 1034
f 924 1034 1035
f 924 1035 925
f 925 1035 1032
f 926 937 1036
f 926 1036 1037
f 926 1037 927
f 927 1037 928
f 928 1037 1038
f 928 1038 932
f 929 932 930
f 930 932 1039
f 930 1039 1033
f 930 1033 931
f 932 1040 1033
f 932 1033 1039
f 932 1038 1041
f 932 1041 1040
f 933 1027 1142
f 933 1142 1042
f 933 1042 1043
f 933 1043 934
f 934 1043 1044
f 934 1044 935
f 935 1044 1045
f 935 1045 1046
f 935 1046 1047
f 935 1047 936
f 936 1047 937
f 937 1047 1036
f 939 1048 1049
f 939 1049 1050
f 939 1050 940
f 940 1050 1028
f 941 1051 942
f 941 1021 1051
f 942 1051 1052
f 942 1052 943
f 943 1053 965
f 943 1052 1053
f 945 964 1054
f 945 1054 946
f 946 1054 947
f 947 949 948
f 947 1054 1055
f 947 1055 1056
f 947 1056 1057
f 947 1057 949
f 949 1057 1058
f 949 1058 952
f 949 952 950
f 951 953 1059
f 951 1059 1060
f 951 1060 1061
f 951 1061 954
f 952 1058 1062
f 952 1062 953
f 953 1062 1059
f 955 966 1063
f 955 1063 956
f 956 1063 957
f 957 1063 1064
f 957 1064 1065
f 957 1065 958
f 958 1065 959
f 959 1065 1066
f 959 1066 960
f 960 1066 1067
f 960 1067 1068
f 960 1068 961
f 961 1068 1069
f 961 1069 962
f 962 1069 963
f 963 1070 964
f 963 1069 1071
f 963 1071 1072
f 963 1072 1070
f 964 1070 1054
f 965 1053 1073
f 965 1073 966
f 966 1073 1063
f 970 1074 1075
f 970 1075 1076
f 970 1076 1077
f 970 1077 971
f 971 1077 1078
f 971 1078 1079
f 971 1079 972
f 972 1079 973
f 973 1079 1080
f 973 1080 1078
f 973 1078 1081
f 973 1081 1082
f 973 1082 1083
f 973 1083 1084
f 973 1084 1085
f 973 1085 1086
f 973 1086 1087
f 973 1087 1088
f 973 1088 974
f 974 1088 1087
f 974 1087 975
f 975 1089 1090
f 975 1090 1091
f 975 1091 976
f 975 1087 1092
f 975 1092 1093
f 975 1093 1089
f 976 1091 1090
f 976 1090 977
f 977 1094 1095
f 977 1095 978
f 977 1090 1096
f 977 1096 1094
f 978 1095 1097
f 978 1097 979
f 979 1097 1098
f 979 1098 980
f 980 1098 981
f 981 1098 983
f 981 983 982
f 983 1098 984
f 984 1098 1099
f 984 1099 985
f 985 1099 1100
f 985 1100 986
f 986 1100 1101
f 986 1101 1102
f 986 1102 987
f 987 1102 1103
f 987 1103 988
f 988 1103 989
f 989 1103 990
f 990 1103 1104
f 990 1104 992
f 991 993 1106
f 991 1106 1003
f 992 1105 1106
f 992 1106 993
f 992 1104 1223
f 992 1223 1105
f 994 1004 1107
f 994 1107 995
f 995 1107 1108
f 995 1108 996
f 996 1109 1110
f 996 1110 997
f 996 1108 1111
f 996 1111 1112
f 996 1112 1109
f 997 1110 998
f 998 1110 1113
f 998 1113 1114
f 998 1114 999
f 999 1114 1115
f 999 1115 1000
f 1000 1115 1001
f 1001 1115 1116
f 1001 1116 1117
f 1001 1117 1002
f 1002 1117 1118
f 1002 1118 1006
f 1003 1106 1119
f 1003 1119 1004
f 1004 1119 1107
f 1005 1120 1007
f 1005 1006 1121
f 1005 1121 1120
f 1006 1118 1121
f 1007 1120 1122
f 1007 1122 1123
f 1007 1123 1008
f 1008 1123 1124
f 1008 1124 1009
f 1011 1014 1018
f 1012 1125 1013
f 1012 1016 1126
f 1012 1126 1125
f 1013 1127 1128
f 1013 1128 1014
f 1013 1125 1127
f 1014 1128 1129
f 1014 1129 1018
f 1015 1130 1131
f 1015 1131 1016
f 1015 1017 1132
f 1015 1132 1130
f 1016 1131 1126
f 1017 1031 1133
f 1017 1133 1132
f 1018 1129 1134
f 1018 1134 1019
f 1019 1134 1135
f 1019 1135 1020
f 1020 1135 1136
f 1020 1136 1021
f 1021 1136 1051
f 1022 1030 1137
f 1022 1137 1138
f 1022 1138 1023
f 1023 1138 1139
f 1023 1139 1024
f 1024 1139 1140
f 1024 1140 1025
f 1025 1140 1141
f 1025 1141 1026
f 1026 1141 1142
f 1026 1142 1027
f 1028 1050 1143
f 1028 1143 1144
f 1028 1144 1029
f 1029 1144 1030
f 1030 1144 1137
f 1031 1032 1145
f 1031 1145 1146
f 1031 1146 1147
f 1031 1147 1133
f 1032 1035 1148
f 1032 1148 1149
f 1032 1149 1145
f 1033 1148 1034
f 1033 1040 1150
f 1033 1150 1148
f 1034 1148 1035
f 1036 1047 1157
f 1036 1157 1151
f 1036 1151 1153
f 1036 1153 1037
f 1037 1152 1038
f 1037 1153 1152
f 1038 1152 1041
f 1040 1041 1152
f 1040 1152 1150
f 1042 1142 1266
f 1042 1266 1154
f 1042 1154 1043
f 1043 1154 1155
f 1043 1155 1044
f 1044 1155 1156
f 1044 1156 1045
f 1045 1156 1046
f 1046 1156 1047
f 1047 1156 1157
f 1048 1158 1159
f 1048 1159 1049
f 1049 1159 1050
f 1050 1160 1267
f 1050 1267 1143
f 1050 1159 1160
f 1051 1161 1052
f 1051 1136 1161
f 1052 1161 1162
f 1052 1162 1053
f 1053 1162 1073
f 1054 1070 1163
f 1054 1163 1055
f 1055 1163 1056
f 1056 1163 1164
f 1056 1164 1165
f 1056 1165 1166
f 1056 1166 1057
f 1057 1166 1058
f 1058 1166 1167
f 1058 1167 1168
f 1058 1168 1169
f 1058 1169 1062
f 1059 1062 1170
f 1062 1169 1171
f 1062 1171 1172
f 1062 1172 1170
f 1063 1073 1173
f 1063 1173 1064
f 1064 1173 1174
f 1064 1174 1175
f 1064 1175 1065
f 1065 1175 1066
f 1066 1175 1176
f 1066 1176 1067
f 1067 1176 1177
f 1067 1177 1068
f 1068 1177 1069
f 1069 1177 1178
f 1069 1178 1179
f 1069 1179 1180
f 1069 1180 1181
f 1069 1181 1071
f 1070 1072 1163
f 1071 1181 1182
f 1071 1182 1072
f 1072 1182 1183
f 1072 1183 1184
f 1072 1184 1163
f 1073 1162 1185
f 1073 1185 1186
f 1073 1186 1173
f 1075 1187 1076
f 1076 1187 1316
f 1076 1316 1188
f 1076 1188 1189
f 1076 1189 1077
f 1077 1189 1078
f 1078 1082 1081
f 1078 1080 1079
f 1078 1189 1190
f 1078 1190 1191
f 1078 1191 1083
f 1078 1083 1082
f 1083 1191 1321
f 1083 1321 1192
f 1083 1192 1084
f 1084 1193 1085
f 1084 1192 1194
f 1084 1194 1195
f 1084 1195 1196
f 1084 1196 1197
f 1084 1197 1198
f 1084 1198 1193
f 1085 1193 1199
f 1085 1199 1200
f 1085 1200 1201
f 1085 1201 1086
f 1086 1201 1200
f 1086 1200 1092
f 1086 1092 1087
f 1089 1093 1202
f 1089 1202 1203
f 1089 1203 1204
f 1089 1204 1090
f 1090 1204 1205
f 1090 1205 1206
f 1090 1206 1096
f 1092 1200 1207
f 1092 1207 1208
f 1092 1208 1202
f 1092 1202 1093
f 1094 1096 1095
f 1095 1096 1209
f 1095 1209 1210
f 1095 1210 1097
f 1096 1206 1209
f 1097 1210 1098
f 1098 1210 1211
f 1098 1211 1212
f 1098 1212 1213
f 1098 1213 1214
f 1098 1214 1099
f 1099 1214 1215
f 1099 1215 1100
f 1100 1216 1101
f 1100 1215 1217
f 1100 1217 1216
f 1101 1216 1218
f 1101 1218 1219
f 1101 1219 1220
f 1101 1220 1102
f 1102 1220 1103
f 1103 1220 1221
f 1103 1221 1222
f 1103 1222 1223
f 1103 1223 1104
f 1105 1223 1224
f 1105 1224 1225
f 1105 1225 1106
f 1106 1225 1226
f 1106 1226 1119
f 1107 1119 1108
f 1108 1119 1227
f 1108 1227 1228
f 1108 1228 1111
f 1109 1112 1229
f 1109 1229 1230
f 1109 1230 1231
f 1109 1231 1113
f 1109 1113 1110
f 1111 1228 1232
f 1111 1232 1229
f 1111 1229 1112
f 1113 1231 1114
f 1114 1231 1233
f 1114 1233 1234
f 1114 1234 1115
f 1115 1234 1235
f 1115 1235 1116
f 1116 1235 1236
f 1116 1236 1117
f 1117 1236 1237
f 1117 1237 1118
f 1118 1237 1239
f 1118 1239 1121
f 1119 1226 1227
f 1120 1238 1240
f 1120 1240 1122
f 1120 1121 1239
f 1120 1239 1238
f 1122 1240 1123
f 1123 1240 1241
f 1123 1241 1242
f 1123 1242 1243
f 1123 1243 1124
f 1125 1244 1127
f 1125 1126 1244
f 1126 1131 1245
f 1126 1245 1246
f 1126 1246 1244
f 1127 1244 1247
f 1127 1247 1248
f 1127 1248 1128
f 1128 1248 1129
f 1129 1248 1134
f 1130 1249 1131
f 1130 1132 1250
f 1130 1250 1249
f 1131 1249 1245
f 1132 1133 1251
f 1132 1251 1250
f 1133 1147 1252
f 1133 1252 1253
f 1133 1253 1254
f 1133 1254 1251
f 1134 1255 1256
f 1134 1256 1257
f 1134 1257 1135
f 1134 1248 1258
f 1134 1258 1255
f 1135 1257 1136
f 1136 1257 1161
f 1137 1144 1259
f 1137 1259 1260
f 1137 1260 1261
f 1137 1261 1138
f 1138 1261 1262
f 1138 1262 1139
f 1139 1262 1263
f 1139 1263 1140
f 1140 1263 1264
f 1140 1264 1141
f 1141 1264 1142
f 1142 1264 1265
f 1142 1265 1266
f 1143 1267 1259
f 1143 1259 1144
f 1145 1149 1268
f 1145 1268 1269
f 1145 1269 1270
f 1145 1270 1146
f 1146 1252 1147
f 1146 1270 1252
f 1148 1271 1273
f 1148 1273 1149
f 1148 1150 1272
f 1148 1272 1271
f 1149 1273 1268
f 1150 1152 1274
f 1150 1274 1272
f 1151 1157 1275
f 1151 1275 1276
f 1151 1276 1277
f 1151 1277 1153
f 1152 1153 1277
f 1152 1277 1278
f 1152 1278 1279
f 1152 1279 1274
f 1154 1266 1407
f 1154 1407 1280
f 1154 1280 1281
f 1154 1281 1155
f 1155 1281 1282
f 1155 1282 1283
f 1155 1283 1156
f 1156 1283 1284
f 1156 1284 1275
f 1156 1275 1157
f 1158 1285 1286
f 1158 1286 1159
f 1159 1286 1287
f 1159 1287 1160
f 1160 1287 1267
f 1161 1257 1162
f 1162 1257 1288
f 1162 1288 1289
f 1162 1289 1185
f 1163 1184 1290
f 1163 1290 1164
f 1164 1290 1291
f 1164 1291 1165
f 1165 1167 1166
f 1165 1291 1292
f 1165 1292 1293
f 1165 1293 1167
f 1167 1293 1294
f 1167 1294 1295
f 1167 1295 1296
f 1167 1296 1168
f 1168 1296 1169
f 1169 1296 1297
f 1169 1297 1171
f 1171 1297 1298
f 1173 1186 1174
f 1174 1186 1299
f 1174 1299 1300
f 1174 1300 1175
f 1175 1300 1176
f 1176 1300 1301
f 1176 1301 1177
f 1177 1301 1302
f 1177 1302 1303
f 1177 1303 1179
f 1177 1179 1178
f 1179 1302 1304
f 1179 1304 1305
f 1179 1305 1306
f 1179 1306 1307
f 1179 1307 1181
f 1179 1181 1180
f 1179 1303 1302
f 1181 1307 1308
f 1181 1308 1309
f 1181 1309 1310
f 1181 1310 1183
f 1181 1183 1182
f 1183 1290 1184
f 1183 1310 1311
f 1183 1311 1312
f 1183 1312 1313
f 1183 1313 1290
f 1185 1289 1186
f 1186 1289 1314
f 1186 1314 1315
f 1186 1315 1299
f 1188 1316 1317
f 1188 1317 1318
f 1188 1318 1319
f 1188 1319 1320
f 1188 1320 1189
f 1189 1320 1190
f 1190 1320 1191
f 1191 1320 1321
f 1192 1321 1195
f 1192 1195 1194
f 1193 1200 1199
f 1193 1198 1322
f 1193 1322 1200
f 1195 1321 1323
f 1195 1323 1324
f 1195 1324 1196
f 1196 1325 1197
f 1196 1324 1325
f 1197 1326 1327
f 1197 1327 1328
f 1197 1328 1329
f 1197 1329 1330
f 1197 1330 1331
f 1197 1331 1332
f 1197 1332 1333
f 1197 1333 1334
f 1197 1334 1322
f 1197 1322 1335
f 1197 1335 1198
f 1197 1325 1336
f 1197 1336 1326
f 1198 1335 1322
f 1200 1322 1207
f 1202 1208 1203
f 1203 1337 1204
f 1203 1208 1338
f 1203 1338 1339
f 1203 1339 1340
f 1203 1340 1341
f 1203 1341 1342
f 1203 1342 1337
f 1204 1337 1343
f 1204 1343 1344
f 1204 1344 1205
f 1205 1344 1209
f 1205 1209 1206
f 1207 1322 1345
f 1207 1345 1346
f 1207 1346 1338
f 1207 1338 1208
f 1209 1344 1347
f 1209 1347 1348
f 1209 1348 1349
f 1209 1349 1350
f 1209 1350 1351
f 1209 1351 1210
f 1210 1351 1352
f 1210 1352 1211
f 1211 1353 1212
f 1211 1352 1353
f 1212 1353 1213
f 1213 1353 1215
f 1213 1215 1214
f 1215 1353 1217
f 1216 1217 1218
f 1217 1353 1354
f 1217 1354 1218
f 1218 1355 1356
f 1218 1356 1219
f 1218 1354 1355
f 1219 1356 1357
f 1219 1357 1220
f 1220 1357 1358
f 1220 1358 1221
f 1221 1358 1222
f 1222 1224 1223
f 1222 1358 1224
f 1224 1358 1359
f 1224 1359 1360
f 1224 1360 1361
f 1224 1361 1362
f 1224 1362 1225
f 1225 1362 1226
f 1226 1363 1227
f 1226 1362 1363
f 1227 1363 1364
f 1227 1364 1365
f 1227 1365 1228
f 1228 1365 1366
f 1228 1366 1232
f 1229 1367 1230
f 1229 1232 1368
f 1229 1368 1367
f 1230 1367 1369
f 1230 1369 1370
f 1230 1370 1231
f 1231 1370 1233
f 1232 1366 1371
f 1232 1371 1368
f 1233 1370 1372
f 1233 1372 1234
f 1234 1372 1373
f 1234 1373 1235
f 1235 1373 1236
f 1236 1373 1374
f 1236 1374 1375
f 1236 1375 1237
f 1237 1375 1376
f 1237 1376 1239
f 1238 1377 1240
f 1238 1239 1378
f 1238 1378 1377
f 1239 1376 1378
f 1240 1377 1379
f 1240 1379 1380
f 1240 1380 1241
f 1241 1380 1242
f 1242 1381 1382
f 1242 1382 1383
f 1242 1383 1243
f 1242 1380 1381
f 1244 1246 1247
f 1245 1249 1384
f 1245 1384 1385
f 1245 1385 1246
f 1246 1386 1247
f 1246 1385 1387
f 1246 1387 1386
f 1247 1386 1388
f 1247 1388 1389
f 1247 1389 1390
f 1247 1390 1248
f 1248 1390 1391
f 1248 1391 1392
f 1248 1392 1258
f 1249 1250 1393
f 1249 1393 1384
f 1250 1251 1393
f 1251 1254 1394
f 1251 1394 1395
f 1251 1395 1396
f 1251 1396 1393
f 1252 1270 1397
f 1252 1397 1398
f 1252 1398 1399
f 1252 1399 1400
f 1252 1400 1253
f 1253 1400 1394
f 1253 1394 1254
f 1255 1258 1392
f 1255 1392 1401
f 1255 1401 1402
f 1255 1402 1257
f 1255 1257 1256
f 1257 1402 1288
f 1259 1267 1287
f 1259 1287 1403
f 1259 1403 1404
f 1259 1404 1260
f 1260 1404 1261
f 1261 1405 1262
f 1261 1404 1405
f 1262 1405 1263
f 1263 1405 1406
f 1263 1406 1264
f 1264 1406 1265
f 1265 1406 1407
f 1265 1407 1266
f 1268 1273 1408
f 1268 1408 1269
f 1269 1408 1409
f 1269 1409 1270
f 1270 1409 1398
f 1270 1398 1397
f 1271 1272 1410
f 1271 1410 1411
f 1271 1411 1273
f 1272 1274 1412
f 1272 1412 1413
f 1272 1413 1414
f 1272 1414 1410
f 1273 1411 1408
f 1274 1279 1412
f 1275 1284 1283
f 1275 1283 1415
f 1275 1415 1416
f 1275 1416 1417
f 1275 1417 1276
f 1276 1417 1418
f 1276 1418 1277
f 1277 1419 1278
f 1277 1418 1420
f 1277 1420 1419
f 1278 1421 1412
f 1278 1412 1279
f 1278 1419 1421
f 1280 1407 1422
f 1280 1422 1423
f 1280 1423 1281
f 1281 1423 1424
f 1281 1424 1282
f 1282 1424 1283
f 1283 1424 1425
f 1283 1425 1415
f 1285 1426 1286
f 1286 1426 1287
f 1287 1427 1428
f 1287 1428 1403
f 1287 1426 1427
f 1288 1429 1289
f 1288 1402 1429
f 1289 1315 1314
f 1289 1429 1430
f 1289 1430 1431
f 1289 1431 1315
f 1290 1313 1432
f 1290 1432 1433
f 1290 1433 1291
f 1291 1433 1292
f 1292 1294 1293
f 1292 1433 1434
f 1292 1434 1435
f 1292 1435 1436
f 1292 1436 1294
f 1294 1437 1295
f 1294 1436 1438
f 1294 1438 1439
f 1294 1439 1437
f 1295 1437 1296
f 1296 1437 1440
f 1296 1440 1441
f 1296 1441 1297
f 1297 1441 1442
f 1297 1442 1443
f 1297 1443 1298
f 1299 1315 1300
f 1300 1315 1444
f 1300 1444 1302
f 1300 1302 1301
f 1302 1315 1445
f 1302 1445 1446
f 1302 1446 1447
f 1302 1447 1304
f 1302 1444 1315
f 1304 1447 1305
f 1305 1447 1448
f 1305 1448 1306
f 1306 1308 1307
f 1306 1448 1449
f 1306 1449 1450
f 1306 1450 1308
f 1308 1450 1309
f 1309 1450 1451
f 1309 1451 1452
f 1309 1452 1453
f 1309 1453 1312
f 1309 1312 1311
f 1309 1311 1310
f 1312 1453 1454
f 1312 1454 1455
f 1312 1455 1456
f 1312 1456 1432
f 1312 1432 1313
f 1315 1431 1430
f 1315 1430 1457
f 1315 1457 1458
f 1315 1458 1445
f 1318 1459 1460
f 1318 1460 1461
f 1318 1461 1320
f 1318 1320 1319
f 1320 1461 1460
f 1320 1460 1323
f 1320 1323 1321
f 1322 1334 1462
f 1322 1462 1463
f 1322 1463 1345
f 1323 1460 1464
f 1323 1464 1324
f 1324 1336 1325
f 1324 1464 1465
f 1324 1465 1466
f 1324 1466 1467
f 1324 1467 1468
f 1324 1468 1336
f 1326 1336 1468
f 1326 1468 1327
f 1327 1468 1328
f 1328 1468 1469
f 1328 1469 1470
f 1328 1470 1471
f 1328 1471 1472
f 1328 1472 1329
f 1329 1473 1330
f 1329 1472 1471
f 1329 1471 1474
f 1329 1474 1475
f 1329 1475 1476
f 1329 1476 1477
f 1329 1477 1473
f 1330 1473 1462
f 1330 1462 1331
f 1331 1462 1332
f 1332 1462 1334
f 1332 1334 1333
f 1337 1342 1478
f 1337 1478 1343
f 1338 1346 1345
f 1338 1345 1339
f 1339 1479 1480
f 1339 1480 1481
f 1339 1481 1340
f 1339 1345 1479
f 1340 1478 1341
f 1340 1481 1478
f 1341 1478 1342
f 1343 1478 1482
f 1343 1482 1344
f 1344 1482 1347
f 1345 1463 1483
f 1345 1483 1479
f 1347 1484 1485
f 1347 1485 1348
f 1347 1482 1486
f 1347 1486 1487
f 1347 1487 1484
f 1348 1485 1349
f 1349 1485 1350
f 1350 1485 1488
f 1350 1488 1351
f 1351 1488 1352
f 1352 1488 1353
f 1353 1488 1489
f 1353 1489 1490
f 1353 1490 1354
f 1354 1490 1491
f 1354 1491 1492
f 1354 1492 1493
f 1354 1493 1494
f 1354 1494 1495
f 1354 1495 1496
f 1354 1496 1355
f 1355 1496 1497
f 1355 1497 1356
f 1356 1497 1498
f 1356 1498 1357
f 1357 1498 1499
f 1357 1499 1358
f 1358 1499 1359
f 1359 1500 1360
f 1359 1499 1500
f 1360 1501 1361
f 1360 1500 1501
f 1361 1501 1362
f 1362 1501 1502
f 1362 1502 1503
f 1362 1503 1364
f 1362 1364 1363
f 1364 1504 1365
f 1364 1503 1505
f 1364 1505 1504
f 1365 1504 1366
f 1366 1506 1371
f 1366 1504 1507
f 1366 1507 1506
f 1367 1508 1509
f 1367 1509 1369
f 1367 1368 1508
f 1368 1371 1510
f 1368 1510 1511
f 1368 1511 1508
f 1369 1509 1651
f 1369 1651 1512
f 1369 1512 1370
f 1370 1512 1372
f 1371 1506 1513
f 1371 1513 1510
f 1372 1512 1514
f 1372 1514 1515
f 1372 1515 1373
f 1373 1515 1374
f 1374 1516 1375
f 1374 1515 1516
f 1375 1516 1517
f 1375 1517 1376
f 1376 1517 1518
f 1376 1518 1378
f 1377 1519 1520
f 1377 1520 1379
f 1377 1378 1519
f 1378 1518 1519
f 1379 1520 1521
f 1379 1521 1380
f 1380 1521 1522
f 1380 1522 1382
f 1380 1382 1381
f 1384 1523 1524
f 1384 1524 1385
f 1384 1393 1525
f 1384 1525 1523
f 1385 1524 1387
f 1386 1387 1526
f 1386 1526 1388
f 1387 1524 1527
f 1387 1527 1528
f 1387 1528 1526
f 1388 1526 1529
f 1388 1529 1530
f 1388 1530 1531
f 1388 1531 1389
f 1389 1531 1391
f 1389 1391 1390
f 1391 1532 1401
f 1391 1401 1392
f 1391 1531 1532
f 1393 1396 1533
f 1393 1533 1525
f 1394 1534 1395
f 1394 1400 1535
f 1394 1535 1534
f 1395 1534 1536
f 1395 1536 1396
f 1396 1536 1533
f 1398 1409 1537
f 1398 1537 1538
f 1398 1538 1399
f 1399 1538 1400
f 1400 1538 1535
f 1401 1539 1540
f 1401 1540 1430
f 1401 1430 1541
f 1401 1541 1402
f 1401 1532 1539
f 1402 1541 1430
f 1402 1430 1429
f 1403 1428 1404
f 1404 1428 1542
f 1404 1542 1405
f 1405 1543 1544
f 1405 1544 1406
f 1405 1542 1543
f 1406 1544 1422
f 1406 1422 1407
f 1408 1545 1409
f 1408 1411 1546
f 1408 1546 1545
f 1409 1545 1537
f 1410 1414 1547
f 1410 1547 1411
f 1411 1547 1548
f 1411 1548 1546
f 1412 1421 1419
f 1412 1419 1549
f 1412 1549 1550
f 1412 1550 1413
f 1413 1550 1551
f 1413 1551 1414
f 1414 1551 1547
f 1415 1552 1416
f 1415 1425 1553
f 1415 1553 1554
f 1415 1554 1552
f 1416 1552 1555
f 1416 1555 1417
f 1417 1555 1418
f 1418 1555 1556
f 1418 1556 1420
f 1419 1420 1557
f 1419 1557 1558
f 1419 1558 1549
f 1420 1556 1557
f 1422 1544 1559
f 1422 1559 1560
f 1422 1560 1423
f 1423 1560 1561
f 1423 1561 1553
f 1423 1553 1424
f 1424 1553 1425
f 1426 1562 1563
f 1426 1563 1427
f 1427 1563 1564
f 1427 1564 1428
f 1428 1565 1542
f 1428 1564 1566
f 1428 1566 1565
f 1430 1540 1539
f 1430 1539 1567
f 1430 1567 1458
f 1430 1458 1457
f 1432 1434 1433
f 1432 1456 1568
f 1432 1568 1569
f 1432 1569 1434
f 1434 1569 1435
f 1435 1569 1570
f 1435 1570 1571
f 1435 1571 1438
f 1435 1438 1436
f 1437 1439 1572
f 1437 1572 1573
f 1437 1573 1440
f 1438 1571 1574
f 1438 1574 1575
f 1438 1575 1576
f 1438 1576 1577
f 1438 1577 1439
f 1439 1577 1572
f 1440 1578 1579
f 1440 1579 1441
f 1440 1573 1578
f 1441 1580 1442
f 1441 1579 1580
f 1445 1458 1446
f 1446 1458 1581
f 1446 1581 1447
f 1447 1581 1582
f 1447 1582 1448
f 1448 1582 1583
f 1448 1583 1449
f 1449 1583 1584
f 1449 1584 1450
f 1450 1584 1451
f 1451 1584 1452
f 1452 1584 1585
f 1452 1585 1586
f 1452 1586 1587
f 1452 1587 1588
f 1452 1588 1455
f 1452 1455 1454
f 1452 1454 1453
f 1455 1568 1456
f 1455 1588 1589
f 1455 1589 1590
f 1455 1590 1568
f 1458 1567 1539
f 1458 1539 1591
f 1458 1591 1581
f 1459 1592 1460
f 1460 1592 1593
f 1460 1593 1464
f 1462 1594 1463
f 1462 1473 1477
f 1462 1477 1595
f 1462 1595 1594
f 1463 1594 1479
f 1463 1479 1483
f 1464 1593 1596
f 1464 1596 1597
f 1464 1597 1598
f 1464 1598 1599
f 1464 1599 1467
f 1464 1467 1466
f 1464 1466 1465
f 1467 1599 1600
f 1467 1600 1601
f 1467 1601 1468
f 1468 1601 1600
f 1468 1600 1602
f 1468 1602 1469
f 1469 1602 1600
f 1469 1600 1603
f 1469 1603 1604
f 1469 1604 1470
f 1470 1604 1605
f 1470 1605 1606
f 1470 1606 1471
f 1471 1606 1607
f 1471 1607 1475
f 1471 1475 1474
f 1475 1607 1608
f 1475 1608 1609
f 1475 1609 1610
f 1475 1610 1476
f 1476 1610 1611
f 1476 1611 1477
f 1477 1611 1612
f 1477 1612 1613
f 1477 1613 1595
f 1478 1481 1614
f 1478 1614 1615
f 1478 1615 1616
f 1478 1616 1482
f 1479 1594 1595
f 1479 1595 1617
f 1479 1617 1618
f 1479 1618 1480
f 1480 1618 1614
f 1480 1614 1481
f 1482 1616 1486
f 1484 1487 1485
f 1485 1487 1619
f 1485 1619 1488
f 1486 1616 1487
f 1487 1616 1620
f 1487 1620 1621
f 1487 1621 1622
f 1487 1622 1619
f 1488 1619 1623
f 1488 1623 1624
f 1488 1624 1625
f 1488 1625 1626
f 1488 1626 1489
f 1489 1626 1627
f 1489 1627 1491
f 1489 1491 1490
f 1491 1627 1492
f 1492 1628 1629
f 1492 1629 1630
f 1492 1630 1493
f 1492 1627 1628
f 1493 1630 1494
f 1494 1630 1495
f 1495 1630 1631
f 1495 1631 1496
f 1496 1631 1632
f 1496 1632 1497
f 1497 1632 1633
f 1497 1633 1634
f 1497 1634 1498
f 1498 1634 1635
f 1498 1635 1499
f 1499 1635 1500
f 1500 1635 1636
f 1500 1636 1637
f 1500 1637 1501
f 1501 1637 1638
f 1501 1638 1502
f 1502 1638 1503
f 1503 1638 1639
f 1503 1639 1640
f 1503 1640 1505
f 1504 1505 1507
f 1505 1640 1641
f 1505 1641 1642
f 1505 1642 1507
f 1506 1507 1643
f 1506 1643 1513
f 1507 1642 1644
f 1507 1644 1645
f 1507 1645 1646
f 1507 1646 1643
f 1508 1647 1509
f 1508 1511 1648
f 1508 1648 1649
f 1508 1649 1647
f 1509 1647 1650
f 1509 1650 1651
f 1510 1648 1511
f 1510 1513 1652
f 1510 1652 1653
f 1510 1653 1654
f 1510 1654 1648
f 1512 1651 1655
f 1512 1655 1515
f 1512 1515 1514
f 1513 1643 1652
f 1515 1655 1656
f 1515 1656 1516
f 1516 1656 1517
f 1517 1656 1657
f 1517 1657 1658
f 1517 1658 1518
f 1518 1659 1660
f 1518 1660 1661
f 1518 1661 1519
f 1518 1658 1659
f 1519 1661 1662
f 1519 1662 1663
f 1519 1663 1520
f 1520 1663 1664
f 1520 1664 1521
f 1521 1664 1665
f 1521 1665 1666
f 1521 1666 1522
f 1522 1666 1667
f 1523 1668 1524
f 1523 1525 1669
f 1523 1669 1668
f 1524 1668 1527
f 1525 1533 1670
f 1525 1670 1669
f 1526 1528 1529
f 1527 1668 1671
f 1527 1671 1528
f 1528 1672 1673
f 1528 1673 1529
f 1528 1671 1674
f 1528 1674 1672
f 1529 1673 1675
f 1529 1675 1676
f 1529 1676 1530
f 1530 1677 1531
f 1530 1676 1677
f 1531 1677 1678
f 1531 1678 1532
f 1532 1678 1539
f 1533 1536 1679
f 1533 1679 1670
f 1534 1535 1680
f 1534 1680 1536
f 1535 1538 1681
f 1535 1681 1680
f 1536 1682 1679
f 1536 1680 1683
f 1536 1683 1682
f 1537 1681 1538
f 1537 1545 1684
f 1537 1684 1685
f 1537 1685 1686
f 1537 1686 1687
f 1537 1687 1688
f 1537 1688 1681
f 1539 1678 1677
f 1539 1677 1689
f 1539 1689 1690
f 1539 1690 1591
f 1542 1565 1691
f 1542 1691 1543
f 1543 1692 1544
f 1543 1691 1692
f 1544 1692 1559
f 1545 1546 1693
f 1545 1693 1684
f 1546 1548 1685
f 1546 1685 1693
f 1547 1551 1694
f 1547 1694 1695
f 1547 1695 1696
f 1547 1696 1548
f 1548 1696 1685
f 1549 1558 1705
f 1549 1705 1697
f 1549 1697 1550
f 1550 1697 1698
f 1550 1698 1699
f 1550 1699 1551
f 1551 1699 1694
f 1552 1554 1555
f 1553 1700 1554
f 1553 1561 1701
f 1553 1701 1700
f 1554 1700 1702
f 1554 1702 1555
f 1555 1702 1703
f 1555 1703 1556
f 1556 1703 1704
f 1556 1704 1557
f 1557 1704 1705
f 1557 1705 1558
f 1559 1692 1706
f 1559 1706 1707
f 1559 1707 1560
f 1560 1707 1708
f 1560 1708 1561
f 1561 1708 1701
f 1562 1709 1563
f 1563 1709 1564
f 1564 1710 1711
f 1564 1711 1566
f 1564 1709 1712
f 1564 1712 1847
f 1564 1847 1710
f 1565 1713 1691
f 1565 1566 1711
f 1565 1711 1713
f 1568 1570 1569
f 1568 1590 1714
f 1568 1714 1715
f 1568 1715 1570
f 1570 1715 1574
f 1570 1574 1571
f 1572 1577 1716
f 1572 1716 1717
f 1572 1717 1718
f 1572 1718 1719
f 1572 1719 1573
f 1573 1719 1720
f 1573 1720 1578
f 1574 1715 1721
f 1574 1721 1722
f 1574 1722 1575
f 1575 1723 1576
f 1575 1722 1724
f 1575 1724 1723
f 1576 1723 1577
f 1577 1723 1716
f 1581 1591 1690
f 1581 1690 1582
f 1582 1690 1583
f 1583 1690 1725
f 1583 1725 1726
f 1583 1726 1727
f 1583 1727 1584
f 1584 1727 1728
f 1584 1728 1729
f 1584 1729 1585
f 1585 1729 1586
f 1586 1729 1587
f 1587 1589 1588
f 1587 1729 1730
f 1587 1730 1731
f 1587 1731 1732
f 1587 1732 1589
f 1589 1732 1733
f 1589 1733 1734
f 1589 1734 1590
f 1590 1734 1714
f 1592 1735 1596
f 1592 1596 1593
f 1595 1613 1617
f 1596 1735 1736
f 1596 1736 1597
f 1597 1736 1598
f 1598 1736 1737
f 1598 1737 1599
f 1599 1738 1869
f 1599 1869 1739
f 1599 1739 1600
f 1599 1737 1738
f 1600 1740 1603
f 1600 1739 1740
f 1603 1741 1742
f 1603 1742 1743
f 1603 1743 1744
f 1603 1744 1745
f 1603 1745 1604
f 1603 1740 1746
f 1603 1746 1741
f 1604 1745 1747
f 1604 1747 1748
f 1604 1748 1749
f 1604 1749 1605
f 1605 1748 1750
f 1605 1750 1608
f 1605 1608 1607
f 1605 1607 1606
f 1605 1749 1748
f 1608 1750 1751
f 1608 1751 1609
f 1609 1752 1753
f 1609 1753 1610
f 1609 1751 1752
f 1610 1753 1754
f 1610 1754 1611
f 1611 1755 1612
f 1611 1754 1756
f 1611 1756 1755
f 1612 1755 1757
f 1612 1757 1613
f 1613 1757 1617
f 1614 1758 1615
f 1614 1618 1759
f 1614 1759 1760
f 1614 1760 1761
f 1614 1761 1758
f 1615 1758 1620
f 1615 1620 1616
f 1617 1759 1618
f 1617 1757 1762
f 1617 1762 1759
f 1619 1763 1764
f 1619 1764 1624
f 1619 1624 1623
f 1619 1622 1765
f 1619 1765 1766
f 1619 1766 1763
f 1620 1758 1621
f 1621 1767 1768
f 1621 1768 1769
f 1621 1769 1622
f 1621 1758 1767
f 1622 1769 1765
f 1624 1764 1770
f 1624 1770 1771
f 1624 1771 1772
f 1624 1772 1628
f 1624 1628 1626
f 1624 1626 1625
f 1626 1628 1627
f 1628 1772 1773
f 1628 1773 1774
f 1628 1774 1629
f 1629 1774 1630
f 1630 1774 1775
f 1630 1775 1631
f 1631 1776 1632
f 1631 1775 1888
f 1631 1888 1776
f 1632 1776 1777
f 1632 1777 1778
f 1632 1778 1779
f 1632 1779 1633
f 1633 1779 1634
f 1634 1779 1780
f 1634 1780 1635
f 1635 1780 1636
f 1636 1781 1637
f 1636 1780 1782
f 1636 1782 1781
f 1637 1781 1783
f 1637 1783 1638
f 1638 1783 1641
f 1638 1641 1639
f 1639 1641 1640
f 1641 1783 1784
f 1641 1784 1644
f 1641 1644 1642
f 1643 1646 1785
f 1643 1785 1652
f 1644 1786 1645
f 1644 1784 1787
f 1644 1787 1786
f 1645 1786 1785
f 1645 1785 1646
f 1647 1788 1650
f 1647 1649 1789
f 1647 1789 1788
f 1648 1654 1790
f 1648 1790 1791
f 1648 1791 1792
f 1648 1792 1649
f 1649 1792 1789
f 1650 1788 1793
f 1650 1793 1794
f 1650 1794 1651
f 1651 1794 1655
f 1652 1790 1653
f 1652 1785 1795
f 1652 1795 1790
f 1653 1790 1654
f 1655 1794 1796
f 1655 1796 1656
f 1656 1796 1797
f 1656 1797 1657
f 1657 1797 1658
f 1658 1797 1798
f 1658 1798 1799
f 1658 1799 1659
f 1659 1800 1660
f 1659 1799 1800
f 1660 1800 1662
f 1660 1662 1661
f 1662 1800 1801
f 1662 1801 1663
f 1663 1801 1802
f 1663 1802 1664
f 1664 1802 1803
f 1664 1803 1804
f 1664 1804 1665
f 1665 1804 1666
f 1666 1805 1667
f 1666 1804 1805
f 1667 1805 1806
f 1668 1669 1807
f 1668 1807 1808
f 1668 1808 1671
f 1669 1670 1807
f 1670 1679 1809
f 1670 1809 1810
f 1670 1810 1807
f 1671 1808 1811
f 1671 1811 1674
f 1672 1812 1675
f 1672 1675 1673
f 1672 1674 1813
f 1672 1813 1814
f 1672 1814 1812
f 1674 1811 1813
f 1675 1812 1815
f 1675 1815 1816
f 1675 1816 1817
f 1675 1817 1677
f 1675 1677 1676
f 1677 1818 1819
f 1677 1819 1689
f 1677 1817 1818
f 1679 1682 1820
f 1679 1820 1809
f 1680 1681 1821
f 1680 1821 1822
f 1680 1822 1823
f 1680 1823 1683
f 1681 1688 1687
f 1681 1687 1821
f 1682 1683 1824
f 1682 1824 1820
f 1683 1823 1825
f 1683 1825 1820
f 1683 1820 1824
f 1684 1693 1685
f 1685 1696 1826
f 1685 1826 1827
f 1685 1827 1828
f 1685 1828 1829
f 1685 1829 1686
f 1686 1829 1821
f 1686 1821 1687
f 1689 1819 1690
f 1690 1819 1725
f 1691 1713 1830
f 1691 1830 1692
f 1692 1831 1706
f 1692 1830 1831
f 1694 1699 1832
f 1694 1832 1833
f 1694 1833 1695
f 1695 1833 1834
f 1695 1834 1696
f 1696 1834 1835
f 1696 1835 1826
f 1697 1705 1836
f 1697 1836 1832
f 1697 1832 1698
f 1698 1832 1699
f 1700 1701 1837
f 1700 1837 1702
f 1701 1708 1838
f 1701 1838 1837
f 1702 1837 1839
f 1702 1839 1703
f 1703 1840 1704
f 1703 1839 1841
f 1703 1841 1840
f 1704 1842 1843
f 1704 1843 1705
f 1704 1840 1842
f 1705 1843 1836
f 1706 1844 1707
f 1706 1831 1942
f 1706 1942 1845
f 1706 1845 1844
f 1707 1844 1838
f 1707 1838 1708
f 1710 1846 1711
f 1710 1847 1950
f 1710 1950 1846
f 1711 1848 1849
f 1711 1849 1713
f 1711 1846 1848
f 1713 1849 1830
f 1714 1734 1850
f 1714 1850 1851
f 1714 1851 1721
f 1714 1721 1715
f 1716 1852 1717
f 1716 1723 1853
f 1716 1853 1854
f 1716 1854 1852
f 1721 1851 1753
f 1721 1753 1855
f 1721 1855 1722
f 1722 1855 1752
f 1722 1752 1856
f 1722 1856 1724
f 1723 1724 1857
f 1723 1857 1858
f 1723 1858 1859
f 1723 1859 1860
f 1723 1860 1853
f 1724 1856 1857
f 1725 1819 1818
f 1725 1818 1726
f 1726 1818 1861
f 1726 1861 1727
f 1727 1861 1728
f 1728 1861 1729
f 1729 1861 1862
f 1729 1862 1863
f 1729 1863 1864
f 1729 1864 1730
f 1730 1864 1731
f 1731 1864 1865
f 1731 1865 1866
f 1731 1866 1733
f 1731 1733 1732
f 1733 1850 1734
f 1733 1866 1867
f 1733 1867 1868
f 1733 1868 1756
f 1733 1756 1850
f 1739 1869 1740
f 1740 1869 1746
f 1747 1870 1748
f 1748 1870 1871
f 1748 1871 1872
f 1748 1872 1750
f 1750 1872 1873
f 1750 1873 1874
f 1750 1874 1751
f 1751 1874 1875
f 1751 1875 1752
f 1752 1875 1856
f 1752 1855 1753
f 1753 1851 1754
f 1754 1851 1850
f 1754 1850 1756
f 1755 1876 1757
f 1755 1756 1868
f 1755 1868 1876
f 1757 1876 1762
f 1758 1761 1767
f 1759 1762 1877
f 1759 1877 1760
f 1760 1767 1761
f 1760 1877 1878
f 1760 1878 1767
f 1762 1876 1877
f 1763 1766 1765
f 1763 1765 1770
f 1763 1770 1764
f 1765 1769 1879
f 1765 1879 1880
f 1765 1880 1770
f 1767 1881 1768
f 1767 1878 1882
f 1767 1882 1881
f 1768 1881 1879
f 1768 1879 1769
f 1770 1880 1883
f 1770 1883 1884
f 1770 1884 1771
f 1771 1884 1885
f 1771 1885 1772
f 1772 1885 1773
f 1773 1885 1774
f 1774 1885 1886
f 1774 1886 1887
f 1774 1887 1888
f 1774 1888 1775
f 1776 1888 1889
f 1776 1889 1777
f 1777 1889 1890
f 1777 1890 1778
f 1778 1890 1779
f 1779 1890 1891
f 1779 1891 1780
f 1780 1891 1892
f 1780 1892 1893
f 1780 1893 1782
f 1781 1782 1894
f 1781 1894 1783
f 1782 1893 1892
f 1782 1892 1895
f 1782 1895 1896
f 1782 1896 1894
f 1783 1894 1897
f 1783 1897 1784
f 1784 1897 1894
f 1784 1894 1898
f 1784 1898 1787
f 1785 1786 1899
f 1785 1899 1900
f 1785 1900 1795
f 1786 1787 1901
f 1786 1901 1899
f 1787 1898 1902
f 1787 1902 1903
f 1787 1903 1901
f 1788 1789 1904
f 1788 1904 1905
f 1788 1905 1793
f 1789 1792 1791
f 1789 1791 1904
f 1790 1795 1906
f 1790 1906 1907
f 1790 1907 1791
f 1791 1907 1908
f 1791 1908 1904
f 1793 1905 1909
f 1793 1909 1910
f 1793 1910 1794
f 1794 1910 1796
f 1795 1900 1911
f 1795 1911 1906
f 1796 1910 1912
f 1796 1912 1797
f 1797 1912 1913
f 1797 1913 1798
f 1798 1914 1799
f 1798 1913 1914
f 1799 1914 1915
f 1799 1915 1800
f 1800 1915 1802
f 1800 1802 1801
f 1802 1916 1803
f 1802 1915 1917
f 1802 1917 1916
f 1803 1916 1918
f 1803 1918 1804
f 1804 1918 1919
f 1804 1919 1805
f 1805 1919 1920
f 1805 1920 1921
f 1805 1921 1806
f 1807 1922 1923
f 1807 1923 1808
f 1807 1810 1922
f 1808 1923 1811
f 1809 1924 1810
f 1809 1820 1925
f 1809 1925 1924
f 1810 1926 1922
f 1810 1924 1926
f 1811 1927 1813
f 1811 1923 1928
f 1811 1928 1927
f 1812 1814 1929
f 1812 1929 1815
f 1813 1927 1814
f 1814 1927 1930
f 1814 1930 1931
f 1814 1931 1929
f 1815 1932 1933
f 1815 1933 1934
f 1815 1934 1818
f 1815 1818 1816
f 1815 1929 1935
f 1815 1935 1932
f 1816 1818 1817
f 1818 1934 1861
f 1820 1825 1936
f 1820 1936 1937
f 1820 1937 1925
f 1821 1829 1938
f 1821 1938 1939
f 1821 1939 1822
f 1822 1940 1823
f 1822 1939 1940
f 1823 1940 1941
f 1823 1941 1825
f 1825 1941 1936
f 1826 1835 1906
f 1826 1906 1827
f 1827 1906 1829
f 1827 1829 1828
f 1829 1906 1911
f 1829 1911 1938
f 1830 1849 1942
f 1830 1942 1831
f 1832 1908 1833
f 1832 1836 1905
f 1832 1905 1904
f 1832 1904 1908
f 1833 1908 1907
f 1833 1907 1834
f 1834 1907 1835
f 1835 1907 1906
f 1836 1843 1909
f 1836 1909 1905
f 1837 1943 1944
f 1837 1944 1839
f 1837 1838 1943
f 1838 1945 1946
f 1838 1946 1943
f 1838 1844 1947
f 1838 1947 1945
f 1839 1944 1841
f 1840 1909 1842
f 1840 1841 1948
f 1840 1948 1909
f 1841 1944 1948
f 1842 1909 1843
f 1844 1845 1947
f 1845 1949 1947
f 1845 1942 1949
f 1846 1950 1951
f 1846 1951 1952
f 1846 1952 1848
f 1848 1952 1849
f 1849 1953 1954
f 1849 1954 1942
f 1849 1952 1953
f 1853 1860 1854
f 1856 1875 1955
f 1856 1955 1857
f 1857 1955 1956
f 1857 1956 1957
f 1857 1957 1858
f 1858 1957 1958
f 1858 1958 1859
f 1861 1934 1933
f 1861 1933 1932
f 1861 1932 1862
f 1862 1932 1863
f 1863 1932 1864
f 1864 1932 1959
f 1864 1959 1960
f 1864 1960 1865
f 1865 1960 1867
f 1865 1867 1866
f 1867 1961 1877
f 1867 1877 1876
f 1867 1876 1868
f 1867 1960 1961
f 1873 1962 1874
f 1874 1962 1963
f 1874 1963 1956
f 1874 1956 1955
f 1874 1955 1875
f 1877 1961 1878
f 1878 1961 1964
f 1878 1964 1882
f 1879 1881 1965
f 1879 1965 1966
f 1879 1966 1880
f 1880 1966 1967
f 1880 1967 1883
f 1881 1968 1965
f 1881 1882 1968
f 1882 1964 1969
f 1882 1969 1970
f 1882 1970 1971
f 1882 1971 1968
f 1883 1967 1884
f 1884 1967 1885
f 1885 1967 1972
f 1885 1972 1886
f 1886 1972 1973
f 1886 1973 1974
f 1886 1974 1887
f 1887 1974 1888
f 1888 1974 1889
f 1889 1974 1975
f 1889 1975 1976
f 1889 1976 1890
f 1890 1977 1891
f 1890 1976 1978
f 1890 1978 1977
f 1891 1977 1979
f 1891 1979 1895
f 1891 1895 1892
f 1894 1896 1980
f 1894 1980 1981
f 1894 1981 1898
f 1895 1979 1982
f 1895 1982 1980
f 1895 1980 1896
f 1898 1981 1902
f 1899 1901 1983
f 1899 1983 1939
f 1899 1939 1938
f 1899 1938 1984
f 1899 1984 1900
f 1900 1984 1911
f 1901 1903 1983
f 1902 1939 1903
f 1902 1981 1985
f 1902 1985 1941
f 1902 1941 1940
f 1902 1940 1939
f 1903 1939 1983
f 1909 1948 1912
f 1909 1912 1910
f 1911 1984 1938
f 1912 1948 1944
f 1912 1944 1913
f 1913 1944 1943
f 1913 1943 1986
f 1913 1986 1914
f 1914 1986 1943
f 1914 1943 1946
f 1914 1946 1945
f 1914 1945 1915
f 1915 1945 1947
f 1915 1947 1949
f 1915 1949 1917
f 1916 1954 1918
f 1916 1917 1949
f 1916 1949 1954
f 1918 1954 1953
f 1918 1953 1919
f 1919 1953 1952
f 1919 1952 1920
f 1920 1951 1921
f 1920 1952 1951
f 1922 1987 1923
f 1922 1926 1988
f 1922 1988 1987
f 1923 1987 1928
f 1924 1925 1989
f 1924 1989 1990
f 1924 1990 1926
f 1925 1937 1991
f 1925 1991 1989
f 1926 1990 1992
f 1926 1992 1993
f 1926 1993 1988
f 1927 1971 1930
f 1927 1928 1994
f 1927 1994 1995
f 1927 1995 1971
f 1928 1987 1994
f 1929 1931 1935
f 1930 1971 1931
f 1931 1971 1970
f 1931 1970 1969
f 1931 1969 1996
f 1931 1996 1935
f 1932 1935 1996
f 1932 1996 1959
f 1936 1941 1997
f 1936 1997 1998
f 1936 1998 1937
f 1937 1998 1999
f 1937 1999 1991
f 1941 1985 1997
f 1942 1954 1949
f 1959 1996 1969
f 1959 1969 1960
f 1960 1969 1964
f 1960 1964 1961
f 1965 1968 2000
f 1965 2000 2001
f 1965 2001 1966
f 1966 2001 1967
f 1967 2001 2002
f 1967 2002 1972
f 1968 1971 2000
f 1971 1995 2000
f 1972 2002 2003
f 1972 2003 1973
f 1973 2003 2004
f 1973 2004 2005
f 1973 2005 1974
f 1974 2005 1975
f 1975 2005 2006
f 1975 2006 2007
f 1975 2007 2008
f 1975 2008 1976
f 1976 2008 2009
f 1976 2009 1977
f 1976 1977 1978
f 1977 2009 2010
f 1977 2010 1979
f 1979 2010 2011
f 1979 2011 1982
f 1980 1997 1985
f 1980 1985 1981
f 1980 1982 1999
f 1980 1999 1998
f 1980 1998 1997
f 1982 2011 1999
f 1987 2012 1994
f 1987 1988 2012
f 1988 1993 2007
f 1988 2007 2006
f 1988 2006 2013
f 1988 2013 2012
f 1989 1991 1990
f 1990 1991 2009
f 1990 2009 2008
f 1990 2008 1992
f 1991 1999 2011
f 1991 2011 2010
f 1991 2010 2009
f 1992 2007 1993
f 1992 2008 2007
f 1994 2012 2014
f 1994 2014 1995
f 1995 2014 2000
f 2000 2014 2001
f 2001 2014 2015
f 2001 2015 2002
f 2002 2015 2003
f 2003 2015 2004
f 2004 2015 2012
f 2004 2012 2013
f 2004 2013 2005
f 2005 2013 2006
f 2012 2015 2014

