# https://github.com/mikedh/trimesh
v -0.13500693 0.37497211 0.15449294
v -0.14500286 0.37497211 0.15262999
v -0.14590682 0.36449230 0.15185910
v -0.14394170 0.35498530 0.15150578
v -0.13500693 0.36497870 0.15362571
v -0.12778839 0.36497870 0.15144154
v -0.12692374 0.37497211 0.15198758
v -0.12630799 0.38496548 0.15218031
v -0.13500693 0.38496548 0.15442871
v -0.14551380 0.38408113 0.15179487
v -0.15003358 0.38014567 0.15002827
v -0.15024319 0.37497211 0.15015675
v -0.15028249 0.36754337 0.15018886
v -0.14983706 0.36086637 0.14989980
v -0.14187177 0.34499192 0.15063855
v -0.14894621 0.35498530 0.14951435
v -0.14500286 0.02484968 0.10775839
v -0.12976661 0.34923691 0.15012462
v -0.12896746 0.35498530 0.15063855
v -0.14041758 0.33933195 0.15012462
v -0.13500693 0.02484968 0.10737295
v -0.12278388 0.36497870 0.14758715
v -0.12191923 0.37497211 0.14826167
v -0.12670103 0.02484968 0.10284404
v -0.12130349 0.38496548 0.14887196
v -0.12109388 0.39495885 0.14922526
v -0.12608528 0.39495885 0.15189123
v -0.12704165 0.40499648 0.15108822
v -0.13500693 0.39495885 0.15336874
v -0.14274952 0.39495885 0.15147367
v -0.14918202 0.38682264 0.14945011
v -0.16154920 0.37497211 0.14132376
v -0.15523461 0.37497211 0.14630236
v -0.15401623 0.38408113 0.14620599
v -0.16075005 0.38496548 0.14064924
v -0.16158849 0.36497870 0.14132376
v -0.15416034 0.36449230 0.14700900
v -0.15499878 0.35498530 0.14540300
v -0.15976748 0.02484968 0.09982476
v -0.15476297 0.02484968 0.10319735
v -0.12180132 0.02484968 0.09837936
v -0.11819860 0.35498530 0.14183767
v -0.11759596 0.36497870 0.14260855
v -0.11708502 0.37497211 0.14328307
v -0.11665270 0.38496548 0.14386123
v -0.11625968 0.39495885 0.14424668
v -0.12205024 0.40499648 0.14916103
v -0.11080974 0.41498989 0.13907535
v -0.11580115 0.41498989 0.14350791
v -0.12519443 0.41459191 0.14826167
v -0.12863995 0.41101021 0.15034947
v -0.13152212 0.41101021 0.15034947
v -0.13491523 0.40512913 0.15124883
v -0.14115122 0.40190119 0.15063855
v -0.14774093 0.39495885 0.14845440
v -0.15531321 0.39420715 0.14283340
v -0.16012120 0.39031592 0.14010321
v -0.16655371 0.37497211 0.13673060
v -0.16659300 0.36497870 0.13682696
v -0.16575456 0.38496548 0.13592760
v -0.16602968 0.35498530 0.13640940
v -0.16103826 0.35498530 0.14084196
v -0.16499470 0.02484968 0.09542432
v -0.11684921 0.02484968 0.09327228
v -0.11194950 0.02484968 0.08813309
v -0.11185780 0.02484968 0.08803673
v -0.08290500 0.02484968 0.05749064
v -0.11014160 0.33115152 0.12982480
v -0.10976167 0.33778429 0.13027449
v -0.11259145 0.36497870 0.13689120
v -0.11209361 0.37497211 0.13740513
v -0.11164819 0.38496548 0.13791904
v -0.11125517 0.39495885 0.13836873
v -0.11095385 0.40499648 0.13878629
v -0.11661340 0.42498326 0.14209464
v -0.10693190 0.41498989 0.13406464
v -0.10178328 0.42498326 0.12748004
v -0.10678779 0.42498326 0.13390404
v -0.11160889 0.42498326 0.13888264
v -0.11830340 0.43126231 0.14074560
v -0.12501103 0.42498326 0.14421456
v -0.13491523 0.41459191 0.14758715
v -0.13819043 0.40857819 0.14941800
v -0.13074918 0.43051058 0.14039227
v -0.14468844 0.40512913 0.14694475
v -0.15195939 0.40499648 0.14161284
v -0.15886353 0.39699292 0.13894688
v -0.17022192 0.39062545 0.13021025
v -0.16456237 0.39380920 0.13457857
v -0.17167613 0.37497211 0.13175201
v -0.17179403 0.36497870 0.13181625
v -0.17141411 0.35498530 0.13139869
v -0.17089008 0.38496548 0.13091689
v -0.17065427 0.02484968 0.09060632
v -0.08290500 0.02484968 -0.17361255
v -0.08290500 0.15754953 0.07573478
v -0.08290500 0.22630936 0.08517805
v -0.10939485 0.34499192 0.13072416
v -0.10892322 0.35498530 0.13133445
v -0.10813718 0.37497211 0.13239440
v -0.10778345 0.38496548 0.13290833
v -0.10746903 0.39495885 0.13339013
v -0.10718081 0.40499648 0.13377556
v -0.10723321 0.43497664 0.13265137
v -0.10847779 0.44169787 0.13114172
v -0.08918029 0.42498326 0.11071343
v -0.08893138 0.43497664 0.11093827
v -0.08906239 0.44497004 0.11080979
v -0.10222870 0.43497664 0.12748004
v -0.12501103 0.43135071 0.14087407
v -0.11500200 0.44284755 0.13233016
v -0.13445671 0.42467374 0.14219099
v -0.14113812 0.42113626 0.14084196
v -0.14468844 0.41432661 0.14235160
v -0.13741750 0.42781323 0.13817599
v -0.12501103 0.43634742 0.13692333
v -0.12501103 0.44196320 0.13191260
v -0.13080159 0.44050395 0.13059568
v -0.13411608 0.43431336 0.13438584
v -0.15041350 0.41056800 0.14032803
v -0.15696391 0.40499648 0.13718028
v -0.16221733 0.40499648 0.13216956
v -0.16900356 0.39730245 0.12889333
v -0.17307791 0.39438403 0.12532802
v -0.17972001 0.38890094 0.11961065
v -0.17654963 0.38531923 0.12436442
v -0.17668064 0.37497211 0.12622738
v -0.17679854 0.36497870 0.12638797
v -0.17641862 0.35498530 0.12606677
v -0.18059778 0.02484968 0.08045641
v -0.18050607 0.02484968 0.08055278
v -0.17575048 0.02484968 0.08546713
v -0.18050607 0.38222393 0.12063850
v -0.08290500 0.02498233 -0.17364466
v -0.08500113 0.02484968 -0.17341982
v -0.08290500 0.34499192 0.09568128
v -0.09870458 0.44497004 0.12153786
v -0.09951684 0.45058578 0.12044577
v -0.10500608 0.45191234 0.12195541
v -0.08290500 0.34596473 0.09574552
v -0.08290500 0.43497664 0.10091684
v -0.08290500 0.44497004 0.10082047
v -0.08290500 0.37497211 0.09754424
v -0.08290500 0.45239878 0.09985688
v -0.08952092 0.45080689 0.11039223
v -0.11500200 0.44784427 0.12789761
v -0.14478014 0.42476216 0.13480340
v -0.15159257 0.42175531 0.13146293
v -0.14780644 0.41724503 0.13814388
v -0.14175387 0.43148339 0.13149504
v -0.11500200 0.45235455 0.12288690
v -0.12246946 0.45116064 0.12173058
v -0.12548265 0.44726941 0.12503894
v -0.12913778 0.44952455 0.11916098
v -0.13448291 0.44249380 0.12465349
v -0.14113812 0.44081348 0.12112030
v -0.13746989 0.43816039 0.12776913
v -0.15433064 0.41406128 0.13438584
v -0.16061904 0.41087753 0.13059568
v -0.16722184 0.40499648 0.12683766
v -0.17867196 0.39495885 0.11819738
v -0.17151891 0.40499648 0.12182693
v -0.18219608 0.39495885 0.11318666
v -0.18866788 0.38496548 0.10779051
v -0.18324414 0.38531923 0.11575626
v -0.18097770 0.37497211 0.12121665
v -0.18114801 0.36497870 0.12140937
v -0.18088600 0.35498530 0.12105605
v -0.18036196 0.34499192 0.12041366
v -0.18503895 0.02484968 0.07499602
v -0.18951944 0.37497211 0.10920379
v -0.18551058 0.37497211 0.11498538
v -0.08290500 0.03294167 -0.17354830
v -0.08500113 0.02502656 -0.17341982
v -0.09501015 0.02484968 -0.17168534
v -0.08290500 0.46517789 0.09458920
v -0.09201007 0.45743966 0.10859351
v -0.09867838 0.46066761 0.11090615
v -0.10500608 0.45690906 0.11652714
v -0.08290500 0.45487499 0.09931084
v -0.14842218 0.42838809 0.12844364
v -0.16131338 0.42157844 0.12147361
v -0.15824778 0.41755456 0.12815458
v -0.15498568 0.42498326 0.12497470
v -0.15171048 0.43152761 0.12176269
v -0.14478014 0.43484399 0.12478198
v -0.10500608 0.46097714 0.11154854
v -0.11197571 0.46062338 0.11113099
v -0.11518541 0.45761654 0.11466418
v -0.11864403 0.45951796 0.10872199
v -0.12548265 0.45319468 0.11549930
v -0.13245228 0.45129329 0.11251215
v -0.13547857 0.44788846 0.11549930
v -0.15064931 0.44050395 0.11080979
v -0.14780644 0.43820459 0.11745863
v -0.14468844 0.44244957 0.11447147
v -0.16430037 0.41392863 0.12417169
v -0.17018263 0.41030270 0.12022094
v -0.18087289 0.40185696 0.11129159
v -0.17677234 0.40512913 0.11476054
v -0.18747571 0.39522418 0.10470700
v -0.19067231 0.39204043 0.10117380
v -0.19158936 0.38496548 0.10277980
v -0.18591671 0.36497870 0.11498538
v -0.18547128 0.35498530 0.11498538
v -0.18455422 0.34499192 0.11498538
v -0.18951944 0.02484968 0.06934290
v -0.19241472 0.37497211 0.10419308
v -0.19271603 0.36497870 0.10461063
v -0.18976834 0.36497870 0.10962135
v -0.08500113 0.03501995 -0.17329134
v -0.08290500 0.03501995 -0.17351618
v -0.09501015 0.02502656 -0.17168534
v -0.09501015 0.03501995 -0.17158899
v -0.10098413 0.02484968 -0.17033631
v -0.10110204 0.02502656 -0.17033631
v -0.08827634 0.46168464 0.10194468
v -0.08290500 0.47136849 0.08501745
v -0.08893138 0.47039568 0.09083117
v -0.09501015 0.46818477 0.09632368
v -0.15837879 0.42821121 0.11794043
v -0.16447067 0.42436421 0.11427874
v -0.17043154 0.42051721 0.11061706
v -0.16798170 0.41693550 0.11726590
v -0.16094655 0.43090856 0.11125947
v -0.15451406 0.43453446 0.11437511
v -0.10500608 0.46433777 0.10499607
v -0.10467856 0.46831745 0.09452496
v -0.11518541 0.46194994 0.10522091
v -0.12180132 0.46071184 0.10207316
v -0.12507653 0.45810294 0.10522091
v -0.13547857 0.45288515 0.10528515
v -0.13912059 0.44943613 0.10878623
v -0.15942687 0.43953115 0.09889328
v -0.15756655 0.43780664 0.10499607
v -0.14488496 0.44722518 0.10528515
v -0.15256204 0.44196320 0.10499607
v -0.17926149 0.40853396 0.10878623
v -0.17192504 0.41414970 0.11434298
v -0.18299523 0.40512913 0.10525303
v -0.18953253 0.39867324 0.09905387
v -0.19554581 0.38496548 0.09497464
v -0.19242781 0.39522418 0.09542432
v -0.19774674 0.37430882 0.09404317
v -0.18958494 0.35498530 0.10936439
v -0.18917881 0.34499192 0.10875411
v -0.18958494 0.02484968 0.06924655
v -0.19772054 0.36497870 0.09532796
v -0.19764194 0.35498530 0.09539220
v -0.19265053 0.35498530 0.10435367
v -0.08500113 0.04501334 -0.17313075
v -0.08290500 0.04501334 -0.17335558
v -0.10091862 0.03501995 -0.17027207
v -0.10064350 0.04501334 -0.17017570
v -0.09501015 0.04501334 -0.17142838
v -0.10110204 0.02484968 -0.17030418
v -0.10610655 0.02502656 -0.16876243
v -0.10610655 0.02484968 -0.16876243
v -0.08290500 0.47464067 0.07287610
v -0.08500113 0.47450805 0.07499602
v -0.09501015 0.47052836 0.09131297
v -0.17909119 0.41861579 0.09821876
v -0.17727017 0.41516674 0.10525303
v -0.16796859 0.42763638 0.10499607
v -0.17214775 0.42263967 0.10499607
v -0.16967170 0.42962623 0.09934296
v -0.16296408 0.43280995 0.10499607
v -0.10111514 0.47026306 0.09089541
v -0.10778345 0.46937868 0.08697677
v -0.11500200 0.46526635 0.09497464
v -0.12846963 0.45929685 0.09767272
v -0.12507653 0.46159619 0.09458920
v -0.14146565 0.45085111 0.10213739
v -0.13435191 0.45730701 0.09458920
v -0.14852698 0.44903815 0.09497464
v -0.15565382 0.44373190 0.09532796
v -0.16103826 0.44085771 0.09224445
v -0.17128310 0.43126231 0.09269413
v -0.18123972 0.41193879 0.10213739
v -0.18818314 0.40539443 0.09542432
v -0.19110464 0.40234336 0.09237292
v -0.19895202 0.38496548 0.08713737
v -0.19968566 0.37718302 0.08916093
v -0.19737992 0.39420715 0.08421445
v -0.20005248 0.37050602 0.09009241
v -0.19234921 0.34499192 0.10377552
v -0.19289944 0.02484968 0.06433219
v -0.20015728 0.36497870 0.09034937
v -0.20019659 0.35498530 0.09038149
v -0.20009179 0.34799880 0.09018876
v -0.19783846 0.34477082 0.09410740
v -0.08500113 0.05500673 -0.17280954
v -0.08290500 0.05500673 -0.17303438
v -0.10592313 0.03501995 -0.16869819
v -0.10564802 0.04501334 -0.16860183
v -0.10034218 0.05239783 -0.17007935
v -0.09588791 0.05544892 -0.17091447
v -0.11500200 0.02502656 -0.16558255
v -0.11500200 0.03501995 -0.16545407
v -0.11500200 0.02484968 -0.16558255
v -0.08290500 0.47583458 0.06497459
v -0.08500113 0.47605568 0.06497459
v -0.09501015 0.47397739 0.07499602
v -0.09501015 0.47220868 0.08498533
v -0.18074189 0.42095935 0.09153780
v -0.18290353 0.41516674 0.09491041
v -0.10467856 0.47070521 0.08418233
v -0.11412424 0.46800792 0.08418233
v -0.11020710 0.47004193 0.08032794
v -0.12501103 0.46389556 0.08498533
v -0.13059197 0.46026966 0.09099177
v -0.14353557 0.45213345 0.09497464
v -0.13694586 0.45845670 0.08498533
v -0.14990257 0.44992250 0.08973908
v -0.16241385 0.44191897 0.08498533
v -0.16740526 0.43767399 0.08498533
v -0.17275038 0.43267727 0.08498533
v -0.17774180 0.42741528 0.08498533
v -0.18951944 0.40902036 0.08871125
v -0.19246712 0.40539443 0.08521017
v -0.20011799 0.39036015 0.08036005
v -0.20077303 0.38496548 0.08215877
v -0.20484738 0.37497211 0.07499602
v -0.20138878 0.37430882 0.08549925
v -0.19903062 0.39730245 0.07499602
v -0.20231894 0.36497870 0.08498533
v -0.19795635 0.02484968 0.05627008
v -0.20250234 0.35498530 0.08498533
v -0.20183420 0.34477082 0.08588469
v -0.19992147 0.34132177 0.08983545
v -0.20074683 0.02484968 0.05135572
v -0.09410620 0.06500012 -0.17085023
v -0.08500113 0.06500012 -0.17235987
v -0.08290500 0.06292185 -0.17268106
v -0.11500200 0.04501334 -0.16529347
v -0.11500200 0.05500673 -0.16497228
v -0.10420693 0.05544892 -0.16873030
v -0.09980506 0.05903061 -0.16995087
v -0.12370094 0.02484968 -0.16188875
v -0.12376644 0.03501995 -0.16176027
v -0.08290500 0.47614411 0.06288679
v -0.08290500 0.47649786 0.05498528
v -0.08500113 0.47645366 0.05498528
v -0.09501015 0.47481757 0.06497459
v -0.10500608 0.47189915 0.07499602
v -0.18729229 0.41468036 0.08521017
v -0.18197337 0.42241859 0.08498533
v -0.11107175 0.47030726 0.07499602
v -0.11607626 0.46867117 0.07499602
v -0.12501103 0.46544322 0.07499602
v -0.13364446 0.46172887 0.07499602
v -0.13195445 0.46088871 0.08498533
v -0.14594612 0.45319468 0.08582045
v -0.14500286 0.45571515 0.07499602
v -0.13863587 0.45929685 0.07499602
v -0.15108164 0.45067424 0.08305813
v -0.15464507 0.44749051 0.08582045
v -0.15713422 0.44797689 0.07499602
v -0.16378944 0.44298020 0.07499602
v -0.16878085 0.43895632 0.07499602
v -0.17914359 0.42905137 0.07499602
v -0.17413908 0.43391541 0.07499602
v -0.19071160 0.41114286 0.08203030
v -0.19567682 0.40499648 0.07499602
v -0.20082544 0.39230576 0.07499602
v -0.20289536 0.38496548 0.07499602
v -0.20729724 0.37497211 0.06497459
v -0.20847631 0.36497870 0.06497459
v -0.20588234 0.36497870 0.07499602
v -0.19975117 0.39933652 0.06821871
v -0.20624918 0.35498530 0.07499602
v -0.20611817 0.34499192 0.07499602
v -0.20801778 0.02484968 0.03497454
v -0.20381242 0.02484968 0.04499597
v -0.20081234 0.02484968 0.05122725
v -0.09292713 0.07503773 -0.17059326
v -0.08500113 0.07503773 -0.17187807
v -0.08290500 0.06500012 -0.17258470
v -0.12358303 0.04501334 -0.16166392
v -0.12326861 0.05500673 -0.16150331
v -0.12278388 0.06500012 -0.16127847
v -0.11500200 0.06500012 -0.16452259
v -0.10500608 0.06500012 -0.16802368
v -0.10500608 0.07503773 -0.16754186
v -0.09793164 0.07503773 -0.16953331
v -0.12878406 0.02484968 -0.15947975
v -0.12875785 0.03501995 -0.15938340
v -0.12858754 0.04501334 -0.15928704
v -0.08290500 0.47654209 0.05289748
v -0.08500113 0.47605568 0.04499597
v -0.09501015 0.47495019 0.05498528
v -0.10500608 0.47265083 0.06497459
v -0.18836656 0.41759878 0.07499602
v -0.18336205 0.42405468 0.07499602
v -0.11227703 0.47070521 0.06497459
v -0.11728154 0.46911335 0.06497459
v -0.12501103 0.46623915 0.06497459
v -0.13453531 0.46212685 0.06497459
v -0.13953982 0.45973903 0.06497459
v -0.14500286 0.45664373 0.06497459
v -0.15286335 0.45186812 0.06497459
v -0.15212971 0.45138174 0.07499602
v -0.15786786 0.44850752 0.06497459
v -0.16448377 0.44351083 0.06497459
v -0.16948828 0.43953115 0.06497459
v -0.17981173 0.42980307 0.06728723
v -0.19164176 0.41260207 0.07499602
v -0.19782534 0.40424478 0.06491035
v -0.20513560 0.38496548 0.06497459
v -0.20162459 0.39562213 0.06491035
v -0.20897414 0.37417614 0.05431076
v -0.20976019 0.36497870 0.05771548
v -0.20996980 0.35914186 0.05980328
v -0.20913136 0.35547173 0.06420371
v -0.20019659 0.40039775 0.06153776
v -0.20889553 0.34499192 0.06548851
v -0.20871213 0.33499852 0.06526367
v -0.21146330 0.02484968 0.02482463
v -0.20994361 0.02484968 0.02983534
v -0.09139434 0.08503112 -0.17027207
v -0.08500113 0.08503112 -0.17123567
v -0.08290500 0.07503773 -0.17210290
v -0.12827313 0.05500673 -0.15912643
v -0.12778839 0.06500012 -0.15890160
v -0.12225985 0.07503773 -0.16102152
v -0.11500200 0.07503773 -0.16400868
v -0.10500608 0.08503112 -0.16689947
v -0.09638574 0.08503112 -0.16921210
v -0.13488904 0.02484968 -0.15594655
v -0.13500693 0.03501995 -0.15575384
v -0.13500693 0.04501334 -0.15559325
v -0.13500693 0.05500673 -0.15527204
v -0.08290500 0.47618833 0.04499597
v -0.08290500 0.47605568 0.04287605
v -0.08290500 0.47530395 0.03497454
v -0.08500113 0.47508287 0.03497454
v -0.09501015 0.47450805 0.04499597
v -0.10500608 0.47278351 0.05498528
v -0.18912640 0.41879267 0.06497459
v -0.19246712 0.41379595 0.06497459
v -0.11251284 0.47074944 0.05498528
v -0.11750425 0.46915758 0.05498528
v -0.12501103 0.46637183 0.05498528
v -0.13465323 0.46221527 0.05498528
v -0.13965774 0.45978326 0.05498528
v -0.14500286 0.45677638 0.05498528
v -0.15304676 0.45195657 0.05498528
v -0.15803817 0.44864017 0.05498528
v -0.16465409 0.44364348 0.05498528
v -0.16965860 0.43970805 0.05498528
v -0.18003444 0.43002418 0.06063840
v -0.17588149 0.43365008 0.06436431
v -0.18332274 0.42586762 0.06436431
v -0.19775984 0.40583664 0.05498528
v -0.20643258 0.38496548 0.05498528
v -0.20290846 0.39495885 0.05498528
v -0.21004841 0.37028491 0.05052060
v -0.20915756 0.37581223 0.04499597
v -0.21033663 0.36497870 0.05273688
v -0.21188253 0.35498530 0.04499597
v -0.21065104 0.35547173 0.05585252
v -0.21109647 0.34499192 0.05498528
v -0.21007460 0.35250908 0.06034932
v -0.21011391 0.34499192 0.06050991
v -0.20041931 0.40083992 0.05498528
v -0.21006151 0.33499852 0.06028508
v -0.21000910 0.32938278 0.06002811
v -0.20993051 0.32270578 0.05967479
v -0.21151569 0.02484968 0.02463191
v -0.09029386 0.09077953 -0.17004722
v -0.08290500 0.08503112 -0.17146051
v -0.08848595 0.09745653 -0.16979027
v -0.08290500 0.10382399 -0.17001511
v -0.13500693 0.07503773 -0.15430844
v -0.12726437 0.07503773 -0.15864463
v -0.12156551 0.08503112 -0.16070032
v -0.11500200 0.08503112 -0.16336627
v -0.11500200 0.09502451 -0.16259539
v -0.10500608 0.10501790 -0.16529347
v -0.09418480 0.09449388 -0.16892302
v -0.09501015 0.10501790 -0.16789518
v -0.14195037 0.02484968 -0.15151401
v -0.14201587 0.03501995 -0.15135340
v -0.14189798 0.04501334 -0.15128917
v -0.14167526 0.05500673 -0.15112856
v -0.14133464 0.06500012 -0.15090373
v -0.14098091 0.07503773 -0.15064676
v -0.08290500 0.47499442 0.03288674
v -0.08500113 0.47357944 0.02498523
v -0.09501015 0.47349101 0.03497454
v -0.10500608 0.47234130 0.04499597
v -0.11172679 0.47052836 0.04499597
v -0.18937533 0.41914642 0.05498528
v -0.19276842 0.41414970 0.05498528
v -0.11673130 0.46893650 0.04499597
v -0.12501103 0.46588540 0.04499597
v -0.13410299 0.46194994 0.04499597
v -0.13909440 0.45951796 0.04499597
v -0.14500286 0.45624578 0.04499597
v -0.15262754 0.45169127 0.04499597
v -0.15761895 0.44833064 0.04499597
v -0.16437897 0.44333395 0.04499597
v -0.16938348 0.43944272 0.04499597
v -0.17998204 0.42997995 0.05039212
v -0.17598629 0.43378276 0.05421440
v -0.18003444 0.43002418 0.05704096
v -0.19764194 0.40583664 0.04499597
v -0.20045862 0.40083992 0.04499597
v -0.20677321 0.38496548 0.04499597
v -0.20306568 0.39495885 0.04499597
v -0.21016632 0.37081555 0.04499597
v -0.21093926 0.36497870 0.04499597
v -0.20902655 0.37590069 0.03497454
v -0.21020561 0.37090397 0.03497454
v -0.21217074 0.35498530 0.03497454
v -0.21279958 0.34499192 0.03497454
v -0.21238035 0.34499192 0.04499597
v -0.21255067 0.33499852 0.04499597
v -0.21110958 0.33499852 0.05498528
v -0.21079516 0.32562420 0.05582040
v -0.21400484 0.02484968 0.01480320
v -0.21396555 0.02484968 0.01499592
v -0.09501015 0.11501129 -0.16693158
v -0.08500113 0.11501129 -0.16866606
v -0.08509284 0.10572539 -0.16953331
v -0.08290500 0.10722883 -0.16969390
v -0.14050928 0.08503112 -0.15032557
v -0.13500693 0.08503112 -0.15363392
v -0.12657002 0.08503112 -0.15829132
v -0.12070085 0.09502451 -0.16031487
v -0.12018992 0.10099401 -0.16005792
v -0.11570944 0.10461994 -0.16153544
v -0.11357401 0.11501129 -0.16137484
v -0.10500608 0.11501129 -0.16432987
v -0.14209448 0.02484968 -0.15141764
v -0.14209448 0.02502656 -0.15141764
v -0.14700729 0.03501995 -0.14775597
v -0.14688939 0.04501334 -0.14769173
v -0.14667977 0.05500673 -0.14753112
v -0.14633915 0.06500012 -0.14730629
v -0.14598542 0.07503773 -0.14704932
v -0.08290500 0.47375631 0.02498523
v -0.08290500 0.47335833 0.02289743
v -0.08290500 0.47158960 0.01444988
v -0.08552516 0.47128007 0.01428928
v -0.09501015 0.47052836 0.01766188
v -0.09501015 0.47194335 0.02498523
v -0.10211080 0.47048414 0.02498523
v -0.10555631 0.47114742 0.03484606
v -0.11077043 0.47021884 0.03809018
v -0.18917881 0.41888112 0.04499597
v -0.19265053 0.41388440 0.04499597
v -0.18351926 0.42595607 0.05421440
v -0.11446486 0.46858275 0.03484606
v -0.12501103 0.46477994 0.03497454
v -0.13295011 0.46133089 0.03497454
v -0.13795462 0.45894310 0.03497454
v -0.14500286 0.45505187 0.03497454
v -0.15171048 0.45107222 0.03497454
v -0.15670189 0.44775581 0.03497454
v -0.16356672 0.44271490 0.03497454
v -0.16857123 0.43877944 0.03497454
v -0.17412597 0.43378276 0.03497454
v -0.17479412 0.43444604 0.04499597
v -0.17979863 0.42975885 0.04499597
v -0.18417430 0.42476216 0.04499597
v -0.19766814 0.40424478 0.03465334
v -0.20024900 0.40044197 0.03776897
v -0.20634088 0.38496548 0.03497454
v -0.20200451 0.39579904 0.03465334
v -0.21107027 0.36497870 0.03497454
v -0.20865972 0.37422037 0.02549915
v -0.21008772 0.37037337 0.02916082
v -0.21163361 0.35498530 0.02498523
v -0.21248516 0.34499192 0.02498523
v -0.21304849 0.33499852 0.02498523
v -0.21342841 0.32496092 0.02498523
v -0.21311399 0.33499852 0.03497454
v -0.21329741 0.32496092 0.03497454
v -0.21345462 0.31496751 0.03497454
v -0.21354634 0.30497414 0.03497454
v -0.21355942 0.29498076 0.03497454
v -0.21251136 0.32496092 0.04499597
v -0.21241966 0.31496751 0.04499597
v -0.21560314 0.02484968 0.00497449
v -0.09501015 0.12500468 -0.16587164
v -0.08290500 0.11293301 -0.16914786
v -0.08500113 0.12500468 -0.16757399
v -0.14550069 0.08503112 -0.14672813
v -0.14408581 0.09471497 -0.14695297
v -0.14014246 0.09117749 -0.15006861
v -0.13971013 0.09785450 -0.14981164
v -0.13583229 0.09471497 -0.15238124
v -0.13420779 0.10501790 -0.15247761
v -0.12570536 0.09502451 -0.15790588
v -0.12410706 0.10461994 -0.15784164
v -0.11950868 0.10767101 -0.15976883
v -0.11857852 0.11501129 -0.15941551
v -0.11221153 0.12500468 -0.16082880
v -0.11100625 0.13322932 -0.16037911
v -0.10500608 0.12500468 -0.16323780
v -0.14708589 0.02484968 -0.14782020
v -0.14708589 0.02502656 -0.14782020
v -0.15338738 0.03501995 -0.14277737
v -0.15328258 0.04501334 -0.14268102
v -0.15309916 0.05500673 -0.14252041
v -0.15282404 0.06500012 -0.14229557
v -0.15253583 0.07503773 -0.14203861
v -0.15214281 0.08503112 -0.14171742
v -0.08290500 0.47048414 0.00943916
v -0.08920649 0.46986508 0.01046700
v -0.10023738 0.47004193 0.01974967
v -0.10711531 0.46920180 0.02498523
v -0.10925074 0.46977663 0.03144134
v -0.18856308 0.41808516 0.03497454
v -0.19217891 0.41308847 0.03497454
v -0.18357167 0.42409891 0.03497454
v -0.11500200 0.46676978 0.02498523
v -0.12501103 0.46309966 0.02498523
v -0.13115530 0.46053496 0.02498523
v -0.13614671 0.45805871 0.02498523
v -0.14580202 0.45275250 0.02456767
v -0.15076722 0.45045313 0.02761907
v -0.15446165 0.44731361 0.02456767
v -0.16232213 0.44178629 0.02498523
v -0.16732666 0.43776244 0.02498523
v -0.17301241 0.43276572 0.02498523
v -0.17913048 0.42909557 0.03497454
v -0.19570301 0.40499648 0.02498523
v -0.19985598 0.39969027 0.03112014
v -0.20526661 0.38496548 0.02498523
v -0.20171629 0.39367652 0.02498523
v -0.20677321 0.37497211 0.01499592
v -0.20968159 0.36802977 0.02251199
v -0.21050695 0.36480182 0.02549915
v -0.21020561 0.36135277 0.01856123
v -0.21057244 0.35467577 0.01512440
v -0.21154191 0.34499192 0.01499592
v -0.21224934 0.33499852 0.01499592
v -0.21276027 0.32496092 0.01499592
v -0.21316640 0.31496751 0.01499592
v -0.21355942 0.30497414 0.01499592
v -0.21371663 0.31496751 0.02498523
v -0.21392626 0.29498076 0.01499592
v -0.21425377 0.28498736 0.01499592
v -0.21392626 0.30497414 0.02498523
v -0.21407035 0.29498076 0.02498523
v -0.21420136 0.28498736 0.02498523
v -0.21431927 0.27499396 0.02498523
v -0.21442407 0.26495636 0.02498523
v -0.21445028 0.25496298 0.02498523
v -0.21443719 0.24501380 0.02498523
v -0.21352012 0.28498736 0.03497454
v -0.21523634 0.19500263 0.01499592
v -0.21589136 0.11501129 0.00497449
v -0.21650711 0.02484968 -0.00501482
v -0.09501015 0.13504228 -0.16471530
v -0.08500113 0.13504228 -0.16644979
v -0.08290500 0.12500468 -0.16779883
v -0.15165807 0.09502451 -0.14133197
v -0.15114714 0.10501790 -0.14091441
v -0.14500286 0.10501790 -0.14541121
v -0.13921231 0.10501790 -0.14949045
v -0.13339554 0.11501129 -0.15199581
v -0.12501103 0.11501129 -0.15639624
v -0.12501103 0.12500468 -0.15533628
v -0.12501103 0.13504228 -0.15417996
v -0.11720294 0.12500468 -0.15886948
v -0.11460897 0.13592666 -0.15861252
v -0.10995819 0.13986211 -0.15996155
v -0.10597554 0.13592666 -0.16169603
v -0.10387941 0.14503568 -0.16121423
v -0.15345289 0.02484968 -0.14284161
v -0.15345289 0.02502656 -0.14284161
v -0.15837879 0.03501995 -0.13853754
v -0.15828709 0.04501334 -0.13847330
v -0.15835260 0.02484968 -0.13869813
v -0.15810367 0.05500673 -0.13831270
v -0.15752724 0.07503773 -0.13783090
v -0.15714732 0.08503112 -0.13747758
v -0.08290500 0.47017461 0.00831496
v -0.08552516 0.46889228 0.00523145
v -0.09501015 0.46716774 0.00497449
v -0.09501015 0.46929026 0.01268328
v -0.10500608 0.46482417 0.00497449
v -0.10414142 0.46800792 0.01583104
v -0.11500200 0.46455884 0.01499592
v -0.18760672 0.41689128 0.02498523
v -0.19136664 0.41189456 0.02498523
v -0.18260220 0.42290497 0.02498523
v -0.12477521 0.46115404 0.01589528
v -0.13008103 0.46000433 0.01984603
v -0.13405058 0.45699748 0.01589528
v -0.14332595 0.45191234 0.01499592
v -0.14965366 0.44974566 0.02097023
v -0.16107756 0.44081348 0.01698736
v -0.16464099 0.43705493 0.01419292
v -0.17151891 0.43143916 0.01499592
v -0.17801692 0.42794591 0.02498523
v -0.19297805 0.40570396 0.01464260
v -0.19828388 0.39663917 0.01499592
v -0.19933194 0.39867324 0.02498523
v -0.19056749 0.41078910 0.01775824
v -0.20078613 0.39164248 0.01499592
v -0.20348489 0.38496548 0.01499592
v -0.20451987 0.37497211 0.00497449
v -0.20700902 0.36497870 0.00497449
v -0.20907895 0.36480182 0.01512440
v -0.20969468 0.35781530 0.01188028
v -0.21015322 0.35118252 0.00924644
v -0.21045454 0.34499192 0.00773680
v -0.21069035 0.33437946 0.00462117
v -0.21137159 0.32496092 0.00497449
v -0.21201353 0.31496751 0.00497449
v -0.21258996 0.30497414 0.00497449
v -0.21310090 0.29498076 0.00497449
v -0.21354634 0.28498736 0.00497449
v -0.21392626 0.27499396 0.00497449
v -0.21452889 0.27499396 0.01499592
v -0.21426687 0.26495636 0.00497449
v -0.21489571 0.24501380 0.00497449
v -0.21473850 0.26495636 0.01499592
v -0.21488261 0.25496298 0.01499592
v -0.21498741 0.24501380 0.01499592
v -0.21507913 0.23502040 0.01499592
v -0.21515772 0.22502702 0.01499592
v -0.21522322 0.21503362 0.01499592
v -0.21524943 0.20504023 0.01499592
v -0.21594378 0.13504228 0.00497449
v -0.21591757 0.12500468 0.00497449
v -0.21650711 0.04501334 -0.00501482
v -0.21672982 0.02484968 -0.01497201
v -0.10175708 0.15502906 -0.16053972
v -0.09501015 0.14503568 -0.16346264
v -0.08290500 0.13504228 -0.16664252
v -0.08290500 0.13291979 -0.16689947
v -0.08500113 0.14503568 -0.16516499
v -0.08290500 0.14503568 -0.16538984
v -0.15666258 0.09502451 -0.13709214
v -0.15613855 0.10501790 -0.13667458
v -0.15553592 0.11501129 -0.13616066
v -0.15053141 0.11501129 -0.14040050
v -0.14500286 0.11501129 -0.14441550
v -0.13840005 0.11501129 -0.14900865
v -0.13249159 0.12500468 -0.15144977
v -0.13153523 0.13504228 -0.15087160
v -0.13069677 0.14304584 -0.15038981
v -0.12992382 0.14972284 -0.14994012
v -0.12595429 0.14583161 -0.15234913
v -0.12419877 0.15502906 -0.15199581
v -0.11500200 0.14503568 -0.15729560
v -0.11500200 0.15502906 -0.15594655
v -0.10674848 0.15502906 -0.15893371
v -0.16367152 0.03501995 -0.13355894
v -0.16357982 0.04501334 -0.13346258
v -0.16343571 0.05500673 -0.13330197
v -0.16372393 0.02484968 -0.13359106
v -0.16372393 0.02502656 -0.13359106
v -0.16319990 0.06500012 -0.13307714
v -0.16295098 0.07503773 -0.13282019
v -0.16262347 0.08503112 -0.13249898
v -0.16221733 0.09502451 -0.13208142
v -0.16178501 0.10501790 -0.13166386
v -0.08290500 0.46898073 0.00455693
v -0.08500113 0.46570855 -0.00501482
v -0.09501015 0.46398401 -0.00501482
v -0.10484886 0.46155199 -0.00511118
v -0.11188401 0.46062338 -0.00186707
v -0.11513300 0.46168464 0.00494237
v -0.12129039 0.46049076 0.00825072
v -0.18687306 0.41445923 0.01464260
v -0.18131831 0.42144579 0.01499592
v -0.12795870 0.45911998 0.01316508
v -0.13567509 0.45284092 0.00449269
v -0.14143944 0.45080689 0.00751197
v -0.14831737 0.44894969 0.01499592
v -0.15591584 0.44364348 0.01419292
v -0.15985918 0.43988490 0.01033852
v -0.17044464 0.43037790 0.00886100
v -0.17652342 0.42644247 0.01499592
v -0.19191688 0.40300664 0.00497449
v -0.18967664 0.40950677 0.01110940
v -0.19703931 0.39416295 0.00564901
v -0.20015728 0.39031592 0.00943916
v -0.20128396 0.38478860 0.00564901
v -0.20055032 0.38133955 -0.00173859
v -0.20163769 0.37501630 -0.00504694
v -0.20431025 0.36497870 -0.00501482
v -0.20610507 0.35498530 -0.00501482
v -0.20884314 0.35467577 0.00555265
v -0.20939337 0.34499192 0.00272609
v -0.20977329 0.33729789 0.00105585
v -0.21004841 0.33062088 -0.00026107
v -0.21027112 0.32496092 -0.00125679
v -0.21063794 0.31496751 -0.00295914
v -0.21151569 0.29498076 -0.00501482
v -0.21210524 0.28498736 -0.00501482
v -0.21266857 0.27499396 -0.00501482
v -0.21320570 0.26495636 -0.00501482
v -0.21369043 0.25496298 -0.00501482
v -0.21410966 0.24501380 -0.00501482
v -0.21447648 0.23502040 -0.00501482
v -0.21515772 0.23502040 0.00497449
v -0.21477780 0.22502702 -0.00501482
v -0.21535423 0.22502702 0.00497449
v -0.21553765 0.21503362 0.00497449
v -0.21565557 0.20504023 0.00497449
v -0.21572107 0.19500263 0.00497449
v -0.21587828 0.16502246 0.00497449
v -0.21591757 0.15502906 0.00497449
v -0.21594378 0.14503568 0.00497449
v -0.21649401 0.06500012 -0.00501482
v -0.21672982 0.03501995 -0.01497201
v -0.21672982 0.02484968 -0.01516473
v -0.10044699 0.16091013 -0.16012216
v -0.09501015 0.15502906 -0.16211359
v -0.08500113 0.15502906 -0.16381595
v -0.08290500 0.15290657 -0.16432987
v -0.16126098 0.11501129 -0.13118207
v -0.16068454 0.12500468 -0.13060391
v -0.16025221 0.13199121 -0.13021846
v -0.15406863 0.12456249 -0.13632126
v -0.14965366 0.12761357 -0.13972597
v -0.15012528 0.12093657 -0.14007929
v -0.14578891 0.12456249 -0.14280950
v -0.14407271 0.13504228 -0.14287373
v -0.13653974 0.13504228 -0.14788444
v -0.13441740 0.14583161 -0.14775597
v -0.13500693 0.15502906 -0.14618209
v -0.13500693 0.16502246 -0.14473669
v -0.12920329 0.15502906 -0.14958681
v -0.12271838 0.16502246 -0.15125704
v -0.11500200 0.16502246 -0.15450116
v -0.10427243 0.16458027 -0.15835556
v -0.16866294 0.03501995 -0.12858035
v -0.16858433 0.04501334 -0.12848398
v -0.16872844 0.02502656 -0.12864459
v -0.16842712 0.05500673 -0.12832338
v -0.16820441 0.06500012 -0.12809855
v -0.16862363 0.02484968 -0.12874094
v -0.16795549 0.07503773 -0.12784159
v -0.16761488 0.08503112 -0.12752038
v -0.16720875 0.09502451 -0.12710282
v -0.16677642 0.10501790 -0.12668526
v -0.08290500 0.46592963 -0.00501482
v -0.08290500 0.46517789 -0.00710262
v -0.08290500 0.46203840 -0.01551805
v -0.08504044 0.46172887 -0.01564653
v -0.08840735 0.45973903 -0.01940457
v -0.09501015 0.46106559 -0.01275574
v -0.10140336 0.46035808 -0.01092490
v -0.10807167 0.45947373 -0.00851590
v -0.11513300 0.45832404 -0.00511118
v -0.11855232 0.45947373 0.00156977
v -0.12477521 0.45801449 0.00494237
v -0.18040127 0.42042875 0.00892524
v -0.13232127 0.45116064 -0.00501482
v -0.13946122 0.44970143 0.00083101
v -0.14487186 0.44775581 0.00449269
v -0.15355770 0.44244957 0.00497449
v -0.15854910 0.43891209 0.00497449
v -0.16544014 0.43338478 0.00529569
v -0.16906907 0.42913979 0.00218005
v -0.17476791 0.42480639 0.00555265
v -0.19076401 0.40119368 -0.00202767
v -0.18864168 0.40804756 0.00497449
v -0.18315244 0.41534361 0.00535993
v -0.19916163 0.38801658 0.00275821
v -0.19274223 0.39544529 -0.00523966
v -0.19795635 0.38478860 -0.00504694
v -0.19946295 0.37842113 -0.00841954
v -0.20055032 0.37174413 -0.01143882
v -0.20115295 0.36418277 -0.01484353
v -0.20290846 0.35498530 -0.01497201
v -0.20448056 0.34499192 -0.01497201
v -0.20745444 0.34499192 -0.00501482
v -0.20879073 0.33437946 -0.00414758
v -0.20913136 0.32496092 -0.00623538
v -0.20953748 0.31496751 -0.00796986
v -0.20981260 0.30749458 -0.00922254
v -0.21082136 0.30448774 -0.00552874
v -0.21145019 0.26495636 -0.01497201
v -0.21203974 0.25496298 -0.01497201
v -0.21256377 0.24501380 -0.01497201
v -0.21304849 0.23502040 -0.01497201
v -0.21352012 0.22502702 -0.01497201
v -0.21396555 0.21503362 -0.01497201
v -0.21435857 0.20504023 -0.01497201
v -0.21471229 0.19500263 -0.01497201
v -0.21503982 0.21503362 -0.00501482
v -0.21528873 0.20504023 -0.00501482
v -0.21553765 0.19500263 -0.00501482
v -0.21576037 0.18500924 -0.00501482
v -0.21501362 0.18500924 -0.01497201
v -0.21594378 0.17501584 -0.00501482
v -0.21607478 0.16502246 -0.00501482
v -0.21619269 0.15502906 -0.00501482
v -0.21628439 0.14503568 -0.00501482
v -0.21634990 0.13504228 -0.00501482
v -0.21645471 0.09502451 -0.00501482
v -0.21648091 0.07503773 -0.00501482
v -0.21671672 0.04501334 -0.01497201
v -0.21617958 0.02502656 -0.02499344
v -0.21617958 0.02484968 -0.02499344
v -0.10500608 0.17501584 -0.15649261
v -0.10500608 0.18500924 -0.15488660
v -0.09821986 0.16758713 -0.15960823
v -0.09494466 0.16458027 -0.16076456
v -0.09156464 0.17205320 -0.16031487
v -0.08290500 0.15502906 -0.16404079
v -0.08500113 0.16502246 -0.16240267
v -0.16626549 0.11501129 -0.12617135
v -0.16567595 0.12500468 -0.12562531
v -0.16504711 0.13526338 -0.12501502
v -0.16443138 0.14503568 -0.12437263
v -0.15980679 0.13862398 -0.12980092
v -0.15587655 0.13517494 -0.13355894
v -0.15433064 0.14503568 -0.13362318
v -0.14907722 0.13504228 -0.13927630
v -0.14320806 0.14503568 -0.14223133
v -0.14227790 0.15502906 -0.14158893
v -0.14126913 0.16502246 -0.14085017
v -0.14048308 0.17200899 -0.14030413
v -0.13965774 0.17868599 -0.13975810
v -0.13579299 0.17523694 -0.14264889
v -0.13380167 0.18500924 -0.14223133
v -0.12772289 0.16502246 -0.14884804
v -0.12106767 0.17501584 -0.15048617
v -0.11500200 0.17501584 -0.15292728
v -0.12013752 0.18041050 -0.15003648
v -0.11884054 0.18708751 -0.14952257
v -0.17314342 0.03501995 -0.12356963
v -0.17307791 0.04501334 -0.12347327
v -0.17294690 0.05500673 -0.12334479
v -0.17319581 0.02502656 -0.12363387
v -0.16871534 0.02484968 -0.12864459
v -0.17319581 0.02484968 -0.12363387
v -0.17275038 0.06500012 -0.12308783
v -0.17252767 0.07503773 -0.12283087
v -0.17225257 0.08503112 -0.12250967
v -0.17189884 0.09502451 -0.12209211
v -0.17151891 0.10501790 -0.12167455
v -0.17107348 0.11501129 -0.12116063
v -0.08290500 0.46075606 -0.01879429
v -0.08290500 0.45942950 -0.02187781
v -0.08504044 0.45801449 -0.02431893
v -0.09501015 0.45584780 -0.02499344
v -0.09501015 0.45907575 -0.01776645
v -0.10484886 0.45792609 -0.01455445
v -0.11500200 0.45443282 -0.01497201
v -0.12045193 0.45018783 -0.02040029
v -0.12501103 0.45447701 -0.00501482
v -0.17909119 0.41892532 0.00224429
v -0.13029066 0.45009941 -0.01031462
v -0.13731268 0.44859594 -0.00501482
v -0.14571030 0.44355506 -0.00556086
v -0.15154018 0.44107881 -0.00260583
v -0.15492018 0.43736446 -0.00556086
v -0.16232213 0.43192557 -0.00501482
v -0.16732666 0.42754793 -0.00501482
v -0.17247528 0.42255124 -0.00501482
v -0.18708268 0.40468693 -0.00523966
v -0.18946703 0.39907122 -0.00870862
v -0.18176375 0.41215989 -0.00501482
v -0.19130114 0.39239419 -0.01314118
v -0.19331867 0.38589406 -0.01587137
v -0.19807427 0.37501630 -0.01484353
v -0.19140595 0.38315251 -0.02293777
v -0.19925334 0.36696854 -0.01811977
v -0.20007870 0.36033577 -0.02017545
v -0.20057651 0.35498530 -0.02139601
v -0.20141497 0.34499192 -0.02345169
v -0.20180799 0.33526385 -0.02576432
v -0.20571204 0.33499852 -0.01497201
v -0.20672080 0.32496092 -0.01497201
v -0.20761165 0.31496751 -0.01497201
v -0.20945887 0.28498736 -0.01773433
v -0.20978639 0.27685115 -0.01901913
v -0.21006151 0.30081761 -0.01021826
v -0.21061175 0.28498736 -0.01272362
v -0.21076895 0.27410960 -0.01542169
v -0.21000910 0.27017415 -0.02004697
v -0.21093926 0.23493198 -0.02566796
v -0.21167290 0.22502702 -0.02499344
v -0.21221004 0.21503362 -0.02499344
v -0.21269476 0.20504023 -0.02499344
v -0.21312711 0.19500263 -0.02499344
v -0.21352012 0.18500924 -0.02499344
v -0.21422756 0.16502246 -0.02499344
v -0.21455508 0.15502906 -0.02499344
v -0.21527563 0.17501584 -0.01497201
v -0.21548524 0.16502246 -0.01497201
v -0.21484330 0.14503568 -0.02499344
v -0.21566865 0.15502906 -0.01497201
v -0.21583897 0.14503568 -0.01497201
v -0.21599618 0.13504228 -0.01497201
v -0.21628439 0.11501129 -0.01497201
v -0.21640231 0.10501790 -0.01497201
v -0.21649401 0.09502451 -0.01497201
v -0.21657261 0.08503112 -0.01497201
v -0.21662502 0.07503773 -0.01497201
v -0.21666431 0.06500012 -0.01497201
v -0.21616650 0.03501995 -0.02499344
v -0.21497431 0.02502656 -0.03498276
v -0.21497431 0.02484968 -0.03498276
v -0.11209361 0.19500263 -0.15080737
v -0.09501015 0.18500924 -0.15752044
v -0.11062633 0.20132588 -0.15022920
v -0.10500608 0.19500263 -0.15318425
v -0.09494466 0.17523694 -0.15909432
v -0.08848595 0.17873020 -0.15976883
v -0.08290500 0.16294418 -0.16291660
v -0.08509284 0.17523694 -0.16079667
v -0.08290500 0.17943770 -0.16041124
v -0.17057565 0.12500468 -0.12061460
v -0.17020883 0.13194698 -0.12022915
v -0.16982891 0.13857977 -0.11981159
v -0.16942278 0.14503568 -0.11936191
v -0.16377634 0.15502906 -0.12369811
v -0.15933515 0.14503568 -0.12938336
v -0.15355770 0.15502906 -0.13294867
v -0.14821257 0.14503568 -0.13863389
v -0.14728241 0.15502906 -0.13795938
v -0.14626054 0.16502246 -0.13722062
v -0.14500286 0.18500924 -0.13487586
v -0.14345697 0.20504023 -0.13243474
v -0.13879308 0.18500924 -0.13924417
v -0.13236058 0.19500263 -0.14136410
v -0.12605909 0.17501584 -0.14804505
v -0.12408087 0.18425752 -0.14749901
v -0.11530332 0.18425752 -0.15135340
v -0.12501103 0.19500263 -0.14521849
v -0.12501103 0.20504023 -0.14338765
v -0.12527303 0.21410504 -0.14158893
v -0.12214194 0.22502702 -0.14097865
v -0.11709813 0.19500263 -0.14881593
v -0.17814793 0.03501995 -0.11765955
v -0.17808242 0.04501334 -0.11756320
v -0.17795141 0.05500673 -0.11740260
v -0.17774180 0.06500012 -0.11717775
v -0.17820033 0.02502656 -0.11772379
v -0.17820033 0.02484968 -0.11772379
v -0.17753218 0.07503773 -0.11692080
v -0.17724396 0.08503112 -0.11656748
v -0.17689025 0.09502451 -0.11614992
v -0.17652342 0.10501790 -0.11573236
v -0.17685094 0.11589566 -0.11419060
v -0.17533125 0.12500468 -0.11499360
v -0.08290500 0.45805871 -0.02473648
v -0.08290500 0.45717436 -0.02656732
v -0.08290500 0.45275250 -0.03559303
v -0.08538105 0.45235455 -0.03578575
v -0.08895758 0.44978988 -0.03967227
v -0.09501015 0.45173550 -0.03337676
v -0.10271344 0.45076269 -0.03151380
v -0.10563491 0.45270830 -0.02573220
v -0.11500200 0.45116064 -0.02248809
v -0.10938175 0.44978988 -0.02958660
v -0.11500200 0.44872862 -0.02749880
v -0.12016372 0.44006178 -0.04012195
v -0.12409396 0.44134414 -0.03434036
v -0.12427738 0.44651771 -0.02422256
v -0.12712026 0.44868439 -0.01699557
v -0.12427738 0.45111641 -0.01416901
v -0.17747979 0.41715658 -0.00501482
v -0.13418159 0.44638503 -0.01416901
v -0.14240891 0.44147676 -0.01497201
v -0.14952265 0.43966383 -0.00925466
v -0.16069764 0.43059903 -0.01111762
v -0.17087698 0.42087093 -0.01163154
v -0.18049297 0.41061223 -0.01098914
v -0.18273321 0.40499648 -0.01458657
v -0.18123972 0.40168008 -0.02239173
v -0.18837966 0.39544529 -0.01587137
v -0.18991245 0.38982952 -0.01979001
v -0.19304356 0.37567958 -0.02573220
v -0.18979454 0.37948239 -0.02958660
v -0.19107842 0.37280539 -0.03205984
v -0.19739303 0.36418277 -0.02409409
v -0.19846728 0.35498530 -0.02640672
v -0.19935814 0.34499192 -0.02846240
v -0.19982977 0.33875710 -0.02961872
v -0.20027520 0.33208010 -0.03061444
v -0.20072062 0.32496092 -0.03170652
v -0.20133637 0.31496751 -0.03318404
v -0.20330149 0.32496092 -0.02499344
v -0.20441505 0.31496751 -0.02499344
v -0.20546313 0.30497414 -0.02499344
v -0.20644568 0.29498076 -0.02499344
v -0.20736274 0.28498736 -0.02499344
v -0.20986500 0.23820414 -0.02945812
v -0.21008772 0.23152715 -0.03032536
v -0.21028422 0.22502702 -0.03096776
v -0.21145019 0.18500924 -0.03498276
v -0.21193492 0.17501584 -0.03498276
v -0.21238035 0.16502246 -0.03498276
v -0.21277338 0.15502906 -0.03498276
v -0.21312711 0.14503568 -0.03498276
v -0.21344152 0.13504228 -0.03498276
v -0.21509221 0.13504228 -0.02499344
v -0.21530184 0.12500468 -0.02499344
v -0.21370354 0.12500468 -0.03498276
v -0.21548524 0.11501129 -0.02499344
v -0.21565557 0.10501790 -0.02499344
v -0.21578658 0.09502451 -0.02499344
v -0.21590447 0.08503112 -0.02499344
v -0.21599618 0.07503773 -0.02499344
v -0.21611409 0.05500673 -0.02499344
v -0.21496122 0.03501995 -0.03498276
v -0.21494812 0.02484968 -0.03517547
v -0.11437316 0.20481914 -0.14810929
v -0.09501015 0.19500263 -0.15581807
v -0.11500200 0.21503362 -0.14595725
v -0.10888392 0.20800288 -0.14961892
v -0.10533360 0.20481914 -0.15132128
v -0.10180948 0.21503362 -0.15055041
v -0.08500113 0.19500263 -0.15752044
v -0.08509284 0.18492080 -0.15922280
v -0.08290500 0.18266565 -0.15989731
v -0.17356265 0.13517494 -0.11589296
v -0.17377225 0.14503568 -0.11438332
v -0.17319581 0.15502906 -0.11367668
v -0.16876774 0.15502906 -0.11868740
v -0.16305579 0.16502246 -0.12295935
v -0.15856221 0.15502906 -0.12870882
v -0.15271924 0.16502246 -0.13220990
v -0.15177599 0.17501584 -0.13143903
v -0.15078032 0.18500924 -0.13060391
v -0.15017769 0.19084609 -0.13012210
v -0.14563170 0.19451623 -0.13275594
v -0.14939164 0.19747886 -0.12951183
v -0.14219929 0.21503362 -0.13153538
v -0.13736509 0.19500263 -0.13834481
v -0.13005483 0.21016958 -0.14001505
v -0.12879716 0.21684659 -0.13937266
v -0.12713335 0.22502702 -0.13856965
v -0.12072705 0.23170401 -0.14033626
v -0.18199956 0.03501995 -0.11264884
v -0.18193406 0.04501334 -0.11255248
v -0.18182926 0.05500673 -0.11239188
v -0.18164584 0.06500012 -0.11216704
v -0.18146244 0.07503773 -0.11191008
v -0.18197337 0.02484968 -0.11280944
v -0.18120041 0.08503112 -0.11158888
v -0.18088600 0.09502451 -0.11117132
v -0.18055847 0.10501790 -0.11072164
v -0.18025716 0.11310989 -0.11033621
v -0.17974623 0.12500468 -0.10966168
v -0.17928770 0.13504228 -0.10908353
v -0.08290500 0.45076269 -0.03964015
v -0.08290500 0.44978988 -0.04137463
v -0.08538105 0.44762313 -0.04436179
v -0.09501015 0.44121146 -0.05190998
v -0.09501015 0.44536799 -0.04497207
v -0.09501015 0.44912660 -0.03838747
v -0.10563491 0.44810957 -0.03491852
v -0.11500200 0.44483739 -0.03498276
v -0.11500200 0.44103459 -0.04176007
v -0.11500200 0.43798351 -0.04677079
v -0.12257427 0.43130651 -0.05187786
v -0.12470970 0.43484399 -0.04474723
v -0.12683204 0.43842569 -0.03726327
v -0.13064437 0.44032711 -0.03058232
v -0.13439120 0.44152099 -0.02422256
v -0.14036518 0.44019443 -0.02040029
v -0.14740032 0.43833727 -0.01497201
v -0.15512979 0.43303102 -0.01468293
v -0.15856221 0.42878604 -0.01779857
v -0.16192912 0.42175531 -0.02499344
v -0.16486371 0.42485058 -0.01471505
v -0.16904286 0.41901374 -0.01831249
v -0.17482032 0.41481298 -0.01465081
v -0.17167613 0.41189456 -0.02499344
v -0.17877677 0.40835708 -0.01767009
v -0.17948420 0.39920384 -0.02907268
v -0.18361096 0.39553371 -0.02544312
v -0.18151483 0.39252687 -0.03254164
v -0.18873338 0.38589406 -0.02573220
v -0.18822245 0.37567958 -0.03523972
v -0.18354546 0.38545188 -0.03552879
v -0.18126592 0.38240081 -0.04198491
v -0.18930982 0.36763182 -0.03874079
v -0.19200858 0.36458075 -0.03523972
v -0.19441915 0.35498530 -0.03498276
v -0.19630566 0.34499192 -0.03498276
v -0.19813977 0.33526385 -0.03437247
v -0.19854589 0.32496092 -0.03671723
v -0.19922714 0.31496751 -0.03819475
v -0.19969876 0.30745038 -0.03928683
v -0.20157218 0.30448774 -0.03556091
v -0.20285606 0.29498076 -0.03498276
v -0.20390412 0.28498736 -0.03498276
v -0.20489979 0.27499396 -0.03498276
v -0.20586926 0.26495636 -0.03498276
v -0.20677321 0.25496298 -0.03498276
v -0.20761165 0.24501380 -0.03498276
v -0.20864663 0.23493198 -0.03417975
v -0.20999600 0.19005015 -0.03999347
v -0.21014011 0.18500924 -0.04047527
v -0.21041523 0.17501584 -0.04134251
v -0.21063794 0.16502246 -0.04217763
v -0.21083446 0.15502906 -0.04298063
v -0.21101788 0.14503568 -0.04375151
v -0.21143709 0.12500468 -0.04497207
v -0.21177772 0.11501129 -0.04497207
v -0.21207903 0.10501790 -0.04497207
v -0.21234104 0.09502451 -0.04497207
v -0.21393935 0.11501129 -0.03498276
v -0.21414897 0.10501790 -0.03498276
v -0.21433237 0.09502451 -0.03498276
v -0.21450269 0.08503112 -0.03498276
v -0.21464679 0.07503773 -0.03498276
v -0.21485642 0.05500673 -0.03498276
v -0.21492192 0.04501334 -0.03498276
v -0.21314019 0.03501995 -0.04497207
v -0.21316640 0.02502656 -0.04497207
v -0.21316640 0.02484968 -0.04497207
v -0.10019808 0.22033985 -0.15003648
v -0.09501015 0.20504023 -0.15401936
v -0.11919426 0.23838101 -0.13966173
v -0.11500200 0.22502702 -0.14399794
v -0.11243424 0.24501380 -0.14094654
v -0.10500608 0.23502040 -0.14557181
v -0.10680088 0.21503362 -0.14894441
v -0.08500113 0.20504023 -0.15572172
v -0.08290500 0.19363186 -0.15800224
v -0.17876366 0.14503568 -0.10840900
v -0.17820033 0.15502906 -0.10770237
v -0.17258008 0.16502246 -0.11293792
v -0.16806030 0.16502246 -0.11791652
v -0.16225664 0.17501584 -0.12215635
v -0.15771066 0.16502246 -0.12797007
v -0.15676740 0.17501584 -0.12716708
v -0.15578483 0.18500924 -0.12633196
v -0.16000330 0.20008776 -0.12000431
v -0.15343979 0.21503362 -0.12289511
v -0.14846148 0.20504023 -0.12880519
v -0.13584539 0.20504023 -0.13744546
v -0.14719070 0.21503362 -0.12787370
v -0.14582822 0.22502702 -0.12687799
v -0.14082371 0.22502702 -0.13053966
v -0.13403748 0.21410504 -0.13686730
v -0.13500693 0.22502702 -0.13413709
v -0.13251778 0.24501380 -0.13147114
v -0.12984522 0.25956169 -0.12989727
v -0.12443458 0.23502040 -0.13783090
v -0.18700407 0.03501995 -0.10548609
v -0.18693857 0.04501334 -0.10538973
v -0.18682066 0.05500673 -0.10522912
v -0.18629663 0.07503773 -0.10497217
v -0.18582501 0.08503112 -0.10497217
v -0.18704337 0.02484968 -0.10555033
v -0.18704337 0.02502656 -0.10555033
v -0.18524857 0.09502451 -0.10497217
v -0.18464592 0.10501790 -0.10497217
v -0.18315244 0.11589566 -0.10596789
v -0.18337515 0.12500468 -0.10465097
v -0.18296903 0.13504228 -0.10407281
v -0.18251050 0.14503568 -0.10339829
v -0.18201266 0.15502906 -0.10269165
v -0.08290500 0.44227272 -0.05358022
v -0.08500113 0.44218427 -0.05338750
v -0.08500113 0.43891209 -0.05839821
v -0.09501015 0.43789506 -0.05692069
v -0.10137715 0.44041553 -0.05065730
v -0.10483576 0.44249380 -0.04535750
v -0.10804547 0.43931007 -0.04892282
v -0.11460897 0.43263307 -0.05512198
v -0.11767456 0.42891872 -0.05855881
v -0.12554815 0.42732686 -0.05512198
v -0.12924258 0.42953777 -0.04940462
v -0.13297632 0.43174869 -0.04272367
v -0.13513795 0.43510932 -0.03511123
v -0.13731268 0.43846992 -0.02708124
v -0.14485875 0.43497664 -0.02480073
v -0.15189390 0.43143916 -0.02252021
v -0.15512979 0.42710575 -0.02550736
v -0.16018671 0.42016345 -0.03026112
v -0.16693363 0.41689128 -0.02499344
v -0.17011712 0.41012585 -0.03016476
v -0.17703435 0.40499648 -0.02544312
v -0.17214775 0.40446585 -0.03411552
v -0.17064115 0.40079570 -0.04089283
v -0.17778111 0.39553371 -0.03552879
v -0.17949730 0.38907778 -0.03919047
v -0.18269390 0.37479520 -0.04519691
v -0.17746669 0.38545188 -0.04519691
v -0.17909119 0.37802315 -0.04866586
v -0.18055847 0.37134618 -0.05081790
v -0.18689927 0.36458075 -0.04429755
v -0.19027928 0.36099905 -0.04047527
v -0.19094741 0.35498530 -0.04169583
v -0.19195619 0.34499192 -0.04359091
v -0.19248022 0.33539650 -0.04580718
v -0.19451085 0.32496092 -0.04497207
v -0.19593883 0.31496751 -0.04497207
v -0.19882101 0.28498736 -0.04734894
v -0.19944985 0.27499396 -0.04873010
v -0.20009179 0.30081761 -0.04018619
v -0.20043242 0.29498076 -0.04098919
v -0.20099574 0.28498736 -0.04237035
v -0.20155908 0.27499396 -0.04371938
v -0.20311809 0.25496298 -0.04497207
v -0.20406133 0.24501380 -0.04497207
v -0.20495220 0.23502040 -0.04497207
v -0.20580375 0.22502702 -0.04497207
v -0.20661600 0.21503362 -0.04497207
v -0.20736274 0.20504023 -0.04497207
v -0.20845011 0.19402982 -0.04397635
v -0.20855492 0.18500924 -0.04545387
v -0.20885623 0.17501584 -0.04635322
v -0.20914444 0.16502246 -0.04718834
v -0.20940647 0.15502906 -0.04795922
v -0.20965539 0.14503568 -0.04876222
v -0.20985189 0.13667837 -0.04943674
v -0.20999600 0.13004559 -0.04998278
v -0.21095237 0.13402526 -0.04564659
v -0.21028422 0.11501129 -0.05091426
v -0.21045454 0.10501790 -0.05146030
v -0.21059865 0.09502451 -0.05194210
v -0.21072966 0.08503112 -0.05239178
v -0.21257687 0.08503112 -0.04497207
v -0.21276027 0.07503773 -0.04497207
v -0.21289128 0.06500012 -0.04497207
v -0.21300919 0.05500673 -0.04497207
v -0.21308780 0.04501334 -0.04497207
v -0.21099167 0.04501334 -0.05338750
v -0.21101788 0.03501995 -0.05348386
v -0.21312711 0.02484968 -0.04516479
v -0.10412832 0.22418687 -0.14801292
v -0.10500608 0.24501380 -0.14348401
v -0.10196669 0.26274544 -0.14059322
v -0.09938583 0.26942244 -0.13985446
v -0.09501015 0.24501380 -0.14611785
v -0.09426340 0.23426870 -0.14849472
v -0.09709318 0.22697264 -0.14936197
v -0.09426340 0.22418687 -0.15051828
v -0.09501015 0.21503362 -0.15215640
v -0.09042487 0.23046590 -0.15006861
v -0.12501103 0.24501380 -0.13542190
v -0.12590188 0.25575891 -0.13265958
v -0.12362234 0.26495636 -0.13172811
v -0.12127729 0.27499396 -0.13060391
v -0.12004581 0.28007910 -0.12999362
v -0.11742565 0.24501380 -0.13892297
v -0.11552604 0.23502040 -0.14178166
v -0.11071803 0.25124860 -0.14027202
v -0.08500113 0.21503362 -0.15385877
v -0.08290500 0.20504023 -0.15594655
v -0.08290500 0.20291775 -0.15633200
v -0.18147554 0.16502246 -0.10195289
v -0.17758459 0.16502246 -0.10693149
v -0.17189884 0.17501584 -0.11213492
v -0.17117830 0.18500924 -0.11129981
v -0.16726115 0.17501584 -0.11711352
v -0.16141818 0.18500924 -0.12135335
v -0.16050112 0.19500263 -0.12045399
v -0.16361912 0.21503362 -0.11358032
v -0.16264966 0.22502702 -0.11258460
v -0.15844430 0.21503362 -0.11859103
v -0.15228692 0.22502702 -0.12189939
v -0.15106854 0.23502040 -0.12087155
v -0.15029560 0.24112257 -0.12022915
v -0.14404650 0.23413603 -0.12629983
v -0.14006385 0.23024480 -0.13002574
v -0.13537377 0.23413603 -0.13204929
v -0.13895029 0.23687759 -0.12931910
v -0.13752230 0.24501380 -0.12845187
v -0.13500693 0.26495636 -0.12556106
v -0.13570128 0.27521506 -0.12279875
v -0.13327764 0.28498736 -0.12193152
v -0.13127321 0.29498076 -0.12074307
v -0.13017274 0.30037540 -0.12006856
v -0.12862685 0.26495636 -0.12928697
v -0.19030549 0.03501995 -0.10047537
v -0.19025308 0.04501334 -0.10041113
v -0.19014826 0.05500673 -0.10025053
v -0.19005656 0.06177217 -0.10008993
v -0.18729229 0.06508856 -0.10404069
v -0.18983385 0.07503773 -0.09973662
v -0.18961114 0.08503112 -0.09938329
v -0.18934911 0.09502451 -0.09896573
v -0.18907401 0.10501790 -0.09854817
v -0.19034478 0.02484968 -0.10053961
v -0.19034478 0.02502656 -0.10053961
v -0.18874648 0.11501129 -0.09803426
v -0.18837966 0.12500468 -0.09745610
v -0.18797353 0.13504228 -0.09684581
v -0.18751501 0.14503568 -0.09617130
v -0.18701717 0.15502906 -0.09546465
v -0.08290500 0.44160944 -0.05460805
v -0.08290500 0.43904477 -0.05855881
v -0.08553827 0.43338478 -0.06588216
v -0.08923270 0.42984730 -0.06983292
v -0.09501015 0.43289837 -0.06395496
v -0.10500608 0.43143916 -0.06199565
v -0.10483576 0.43674541 -0.05438321
v -0.11100625 0.43042213 -0.06055025
v -0.11505440 0.42502749 -0.06498280
v -0.11910255 0.41950017 -0.06944748
v -0.12501103 0.42202061 -0.06247745
v -0.13064437 0.42038453 -0.06048601
v -0.13439120 0.42246282 -0.05460805
v -0.14111193 0.42082673 -0.05104274
v -0.13577989 0.42807856 -0.04561447
v -0.13964462 0.42975885 -0.03964015
v -0.14269713 0.43183714 -0.03295920
v -0.14936544 0.42949355 -0.02920116
v -0.15088513 0.42073828 -0.04098919
v -0.15755345 0.41773140 -0.03690995
v -0.16110377 0.41109866 -0.04140675
v -0.16398594 0.41392863 -0.03353736
v -0.15452716 0.42224169 -0.03414764
v -0.16777208 0.40747273 -0.03684571
v -0.16144438 0.40163589 -0.05168514
v -0.16809960 0.39739090 -0.04757378
v -0.17051014 0.39071387 -0.05065730
v -0.17239666 0.39442825 -0.04452239
v -0.16460168 0.40455431 -0.04449027
v -0.17220016 0.38496548 -0.05290570
v -0.16990751 0.37979192 -0.05987573
v -0.17529196 0.37559116 -0.05534682
v -0.17149271 0.37315914 -0.06183505
v -0.17813483 0.36497870 -0.05743461
v -0.18164584 0.36497870 -0.05242390
v -0.18805215 0.35498530 -0.04670654
v -0.18919191 0.34499192 -0.04860162
v -0.18982075 0.33897820 -0.04966158
v -0.19038409 0.33234543 -0.05065730
v -0.19096053 0.32496092 -0.05165302
v -0.19360688 0.29498076 -0.05499350
v -0.19503488 0.28498736 -0.05499350
v -0.19633186 0.27499396 -0.05499350
v -0.19982977 0.26844963 -0.04959734
v -0.20178179 0.26504481 -0.04574294
v -0.20154598 0.23502040 -0.05364446
v -0.20285606 0.21503362 -0.05499350
v -0.20369452 0.20504023 -0.05499350
v -0.20448056 0.19500263 -0.05499350
v -0.20521420 0.18500924 -0.05499350
v -0.20588234 0.17501584 -0.05499350
v -0.20652428 0.16502246 -0.05499350
v -0.20712693 0.15502906 -0.05499350
v -0.20766406 0.14503568 -0.05499350
v -0.20852871 0.13402526 -0.05399778
v -0.20869902 0.11501129 -0.05592497
v -0.20888244 0.10501790 -0.05647101
v -0.20902655 0.09502451 -0.05695282
v -0.20917065 0.08503112 -0.05737037
v -0.20928857 0.07503773 -0.05772369
v -0.21082136 0.07503773 -0.05271298
v -0.21095237 0.05500673 -0.05322690
v -0.20951128 0.04501334 -0.05839821
v -0.20955057 0.03501995 -0.05849457
v -0.21100476 0.02484968 -0.05364446
v -0.21103097 0.02502656 -0.05354810
v -0.21103097 0.02484968 -0.05354810
v -0.10863500 0.25792560 -0.13953325
v -0.10517639 0.25474188 -0.14133197
v -0.10517639 0.26561964 -0.13892297
v -0.10500608 0.27499396 -0.13683517
v -0.09501015 0.28498736 -0.13715638
v -0.09271751 0.27242929 -0.14056109
v -0.09563899 0.26561964 -0.14149258
v -0.09501015 0.25496298 -0.14396581
v -0.10500608 0.28498736 -0.13449043
v -0.10013257 0.31014770 -0.13002574
v -0.08500113 0.22502702 -0.15193157
v -0.08500113 0.24501380 -0.14785233
v -0.08500113 0.23736399 -0.14945832
v -0.12628180 0.27499396 -0.12813067
v -0.12402846 0.28401455 -0.12710282
v -0.11814620 0.28671187 -0.12922275
v -0.11500200 0.27499396 -0.13320562
v -0.11500200 0.26495636 -0.13548614
v -0.12501103 0.29498076 -0.12398719
v -0.12159171 0.31496751 -0.12074307
v -0.12020302 0.32036218 -0.12006856
v -0.11442556 0.25474188 -0.13799150
v -0.11147788 0.29237187 -0.13057178
v -0.08290500 0.21503362 -0.15408359
v -0.18700407 0.16431496 -0.09401926
v -0.18515685 0.17501584 -0.09498286
v -0.18321794 0.18576095 -0.09594645
v -0.18085979 0.17501584 -0.10111777
v -0.18036196 0.18288675 -0.10047537
v -0.17690335 0.17501584 -0.10612848
v -0.17690335 0.18576095 -0.10426553
v -0.17053635 0.19318967 -0.11059316
v -0.16642269 0.18500924 -0.11627840
v -0.16638339 0.19593123 -0.11435120
v -0.16952759 0.20504023 -0.10946897
v -0.16862363 0.21503362 -0.10850537
v -0.16765417 0.22502702 -0.10747752
v -0.16161470 0.23502040 -0.11155676
v -0.16072384 0.24315661 -0.11068952
v -0.15729143 0.22502702 -0.11756320
v -0.15607305 0.23502040 -0.11653536
v -0.14561860 0.24470426 -0.12289511
v -0.15511669 0.24550021 -0.11508996
v -0.15304676 0.26495636 -0.11255248
v -0.15169738 0.27499396 -0.11139616
v -0.14935233 0.24779956 -0.11949039
v -0.14329976 0.25496298 -0.12234907
v -0.14179316 0.26495636 -0.12125699
v -0.14067960 0.27203134 -0.12045399
v -0.13951363 0.27870834 -0.11968312
v -0.13410299 0.30422243 -0.11672807
v -0.13959223 0.31894720 -0.10972592
v -0.13575369 0.31536549 -0.11293792
v -0.13330384 0.32496092 -0.11197432
v -0.12860064 0.30705240 -0.11926556
v -0.19351518 0.03501995 -0.09498286
v -0.19341037 0.04501334 -0.09498286
v -0.19322696 0.05500673 -0.09498286
v -0.19237541 0.06508856 -0.09594645
v -0.19279464 0.07503773 -0.09472590
v -0.19261122 0.08503112 -0.09437258
v -0.19238850 0.09502451 -0.09395502
v -0.19215269 0.10501790 -0.09353746
v -0.19185138 0.11501129 -0.09302354
v -0.19358069 0.02484968 -0.09498286
v -0.19358069 0.02502656 -0.09498286
v -0.19152385 0.12500468 -0.09244538
v -0.19115704 0.13504228 -0.09186722
v -0.19073781 0.14503568 -0.09119270
v -0.19004346 0.16051216 -0.09006850
v -0.08290500 0.43073165 -0.06992929
v -0.08290500 0.42993575 -0.07092500
v -0.08553827 0.42666358 -0.07426548
v -0.09152534 0.42034030 -0.08036827
v -0.09491844 0.42356825 -0.07567876
v -0.09501015 0.42918402 -0.06896568
v -0.10500608 0.42763638 -0.06700636
v -0.11243424 0.42113626 -0.07131045
v -0.11585355 0.41543204 -0.07545391
v -0.11927287 0.40955099 -0.07956527
v -0.12501103 0.41269052 -0.07275584
v -0.12501103 0.41768721 -0.06745604
v -0.13107669 0.41074491 -0.07076440
v -0.13419469 0.41437081 -0.06434041
v -0.13731268 0.41799673 -0.05772369
v -0.14172766 0.41131973 -0.06154597
v -0.14475395 0.41472456 -0.05473654
v -0.14778024 0.41812938 -0.04767014
v -0.14467534 0.42277235 -0.04458662
v -0.14561860 0.42799014 -0.03578575
v -0.15165807 0.41145238 -0.05178150
v -0.15460576 0.41459191 -0.04452239
v -0.15832639 0.40831286 -0.04808770
v -0.15180218 0.40185696 -0.06177081
v -0.15847050 0.39814261 -0.05833397
v -0.16461478 0.39442825 -0.05451170
v -0.15506428 0.40508491 -0.05505773
v -0.16112997 0.39146560 -0.06122477
v -0.16826990 0.38496548 -0.05791641
v -0.16027841 0.38045520 -0.07028260
v -0.16735286 0.37585646 -0.06511129
v -0.16279377 0.38425797 -0.06472585
v -0.16871534 0.36679167 -0.06851600
v -0.17254078 0.36409432 -0.06511129
v -0.17935321 0.35768265 -0.05907273
v -0.18260220 0.35458735 -0.05544318
v -0.18518306 0.34499192 -0.05499350
v -0.18751501 0.33539650 -0.05438321
v -0.18949324 0.30700821 -0.05913697
v -0.19004346 0.30033121 -0.06006845
v -0.19047579 0.29498076 -0.06077509
v -0.19120944 0.28498736 -0.06202777
v -0.19364619 0.25496298 -0.06498280
v -0.19496937 0.24501380 -0.06498280
v -0.19939744 0.23502040 -0.05865517
v -0.20018350 0.26177263 -0.05040034
v -0.19979048 0.22790122 -0.05949029
v -0.20167699 0.22476171 -0.05570013
v -0.20039311 0.21503362 -0.06080721
v -0.20082544 0.20504023 -0.06177081
v -0.20165078 0.18500924 -0.06379437
v -0.20010489 0.22122422 -0.06022905
v -0.20268574 0.16502246 -0.06498280
v -0.20334080 0.15502906 -0.06498280
v -0.20395653 0.14503568 -0.06498280
v -0.20450675 0.13504228 -0.06498280
v -0.20499149 0.12500468 -0.06498280
v -0.20848942 0.12500468 -0.05528257
v -0.20545003 0.11501129 -0.06498280
v -0.20585614 0.10501790 -0.06498280
v -0.20651118 0.08503112 -0.06498280
v -0.20677321 0.07503773 -0.06498280
v -0.20698282 0.06500012 -0.06498280
v -0.20716622 0.05500673 -0.06498280
v -0.20938027 0.06500012 -0.05798065
v -0.20945887 0.05500673 -0.05823761
v -0.20729724 0.04501334 -0.06498280
v -0.20736274 0.03501995 -0.06498280
v -0.20740205 0.02502656 -0.06498280
v -0.20952438 0.02484968 -0.05868729
v -0.20956367 0.02502656 -0.05855881
v -0.20956367 0.02484968 -0.05855881
v -0.10931624 0.29904884 -0.12976879
v -0.09501015 0.29498076 -0.13477950
v -0.08851215 0.27910629 -0.13979022
v -0.08500113 0.26495636 -0.14348401
v -0.10559562 0.29542294 -0.13182446
v -0.10407592 0.31408316 -0.12774523
v -0.10500608 0.32496092 -0.12466171
v -0.10551701 0.33535227 -0.12183515
v -0.10253002 0.34286943 -0.12080731
v -0.09501015 0.33499852 -0.12475807
v -0.09501015 0.32496092 -0.12732767
v -0.09501015 0.31227019 -0.13057178
v -0.09501015 0.30497414 -0.13237050
v -0.10708910 0.30497414 -0.12903002
v -0.08290500 0.23798305 -0.14958681
v -0.08290500 0.22502702 -0.15215640
v -0.08290500 0.24488114 -0.14810929
v -0.08290500 0.24324505 -0.14846261
v -0.11488409 0.29542294 -0.12845187
v -0.12659621 0.31496751 -0.11826984
v -0.11500200 0.31496751 -0.12356963
v -0.11500200 0.30497414 -0.12604287
v -0.12412016 0.32420921 -0.11711352
v -0.12501103 0.33499852 -0.11386940
v -0.11817239 0.32699496 -0.11923344
v -0.18970284 0.16718917 -0.08952247
v -0.18874648 0.18500924 -0.08801282
v -0.18815695 0.19500263 -0.08711346
v -0.18315244 0.19500263 -0.09440470
v -0.17992964 0.18956375 -0.09989721
v -0.17954971 0.19500263 -0.09938329
v -0.17395566 0.19593123 -0.10596789
v -0.17880297 0.20504023 -0.09845182
v -0.17381155 0.20504023 -0.10445825
v -0.17302550 0.21503362 -0.10349465
v -0.17218706 0.22502702 -0.10249893
v -0.17129619 0.23502040 -0.10143897
v -0.17056255 0.24280287 -0.10060385
v -0.16661921 0.23502040 -0.10644969
v -0.16824371 0.26495636 -0.09809849
v -0.16323920 0.26495636 -0.10320557
v -0.15993780 0.24983361 -0.10995077
v -0.15805128 0.26495636 -0.10821629
v -0.14829117 0.25496298 -0.11868740
v -0.15670189 0.27499396 -0.10702784
v -0.15067552 0.28229004 -0.11052892
v -0.14679767 0.26495636 -0.11756320
v -0.14441332 0.27521506 -0.11692080
v -0.14581512 0.28538531 -0.11345184
v -0.14369278 0.29498076 -0.11268096
v -0.14204209 0.30497414 -0.11146040
v -0.14081061 0.31227019 -0.11056104
v -0.14449193 0.31536549 -0.10702784
v -0.14960125 0.32885215 -0.09967237
v -0.14350937 0.33499852 -0.10256317
v -0.14162286 0.34499192 -0.10114989
v -0.13613361 0.33499852 -0.10754176
v -0.13002864 0.34003943 -0.10998289
v -0.13112910 0.33499852 -0.11065740
v -0.19819218 0.03501995 -0.08647107
v -0.19813977 0.04501334 -0.08640683
v -0.19806117 0.05500673 -0.08624623
v -0.19793016 0.06500012 -0.08602139
v -0.19778605 0.07503773 -0.08576442
v -0.19761574 0.08503112 -0.08541111
v -0.19692139 0.10501790 -0.08499355
v -0.19635805 0.11501129 -0.08499355
v -0.19571611 0.12500468 -0.08499355
v -0.19821838 0.02484968 -0.08653530
v -0.19821838 0.02502656 -0.08653530
v -0.19503488 0.13504228 -0.08499355
v -0.19426192 0.14503568 -0.08499355
v -0.19343658 0.15502906 -0.08499355
v -0.19221820 0.16431496 -0.08570018
v -0.19228370 0.17501584 -0.08386935
v -0.19182518 0.18500924 -0.08300211
v -0.08290500 0.42100358 -0.08104279
v -0.08500113 0.42091516 -0.08094643
v -0.08500113 0.41569737 -0.08595715
v -0.09076549 0.41021425 -0.09016486
v -0.09447302 0.41485721 -0.08483294
v -0.09819365 0.41950017 -0.07946891
v -0.10500608 0.42263967 -0.07307704
v -0.10500608 0.41817361 -0.07808775
v -0.11260455 0.41140819 -0.08133187
v -0.11548673 0.40526178 -0.08525050
v -0.11835581 0.39889431 -0.08916914
v -0.12501103 0.40260869 -0.08223123
v -0.12501103 0.40760538 -0.07776655
v -0.13072297 0.40057462 -0.08049675
v -0.13423400 0.40437740 -0.07439396
v -0.13774501 0.40822443 -0.06819481
v -0.14501597 0.40504068 -0.06498280
v -0.14839597 0.40853396 -0.05843033
v -0.14164905 0.40154743 -0.07134256
v -0.14830427 0.39814261 -0.06845176
v -0.15486778 0.39482623 -0.06482221
v -0.15126505 0.39146560 -0.07118196
v -0.15793337 0.38708797 -0.06790572
v -0.15013838 0.38018990 -0.08011131
v -0.15670189 0.37497211 -0.07683507
v -0.16175881 0.37497211 -0.07185648
v -0.15402932 0.38363892 -0.07407276
v -0.15879802 0.36736649 -0.07882651
v -0.16450998 0.36378479 -0.07445820
v -0.17005162 0.36015886 -0.07005776
v -0.17628761 0.35458735 -0.06421193
v -0.18027025 0.35100564 -0.06035753
v -0.18097770 0.34499192 -0.06135325
v -0.18202576 0.33499852 -0.06286289
v -0.18292972 0.32496092 -0.06427617
v -0.18683377 0.30417821 -0.06405133
v -0.18792114 0.32496092 -0.05663161
v -0.18731850 0.29498076 -0.06578581
v -0.18814385 0.28498736 -0.06703848
v -0.18955873 0.26716730 -0.06925476
v -0.19006968 0.26049030 -0.07008988
v -0.19046269 0.25496298 -0.07076440
v -0.19207409 0.26429307 -0.06556097
v -0.19115704 0.24501380 -0.07192072
v -0.19178587 0.23502040 -0.07301280
v -0.19618775 0.23502040 -0.06498280
v -0.19775984 0.22476171 -0.06411557
v -0.19791706 0.21503362 -0.06581792
v -0.19977736 0.17762473 -0.06951173
v -0.20007870 0.17094773 -0.07015412
v -0.20166388 0.17457366 -0.06568944
v -0.19844109 0.20504023 -0.06678152
v -0.19895202 0.19500263 -0.06777725
v -0.19943675 0.18500924 -0.06877296
v -0.20028830 0.16502246 -0.07060380
v -0.20062892 0.15502906 -0.07131045
v -0.20094335 0.14503568 -0.07198496
v -0.20123157 0.13504228 -0.07265948
v -0.20149358 0.12500468 -0.07330188
v -0.20174250 0.11501129 -0.07391216
v -0.20196521 0.10501790 -0.07449032
v -0.20255475 0.08503112 -0.07497212
v -0.20288226 0.07503773 -0.07497212
v -0.20311809 0.06500012 -0.07497212
v -0.20332769 0.05500673 -0.07497212
v -0.20347179 0.04501334 -0.07497212
v -0.20355040 0.03501995 -0.07497212
v -0.20360281 0.02502656 -0.07497212
v -0.20733654 0.02484968 -0.06517553
v -0.20740205 0.02484968 -0.06498280
v -0.11151718 0.33225697 -0.12058248
v -0.10918523 0.33893397 -0.11971524
v -0.08924580 0.31956625 -0.12986514
v -0.08500113 0.29498076 -0.13651398
v -0.08511904 0.28463361 -0.13895510
v -0.08290500 0.28220159 -0.13982233
v -0.08290500 0.27923894 -0.14049685
v -0.08290500 0.26495636 -0.14370885
v -0.10551701 0.34569943 -0.11900859
v -0.09938583 0.34950221 -0.11984371
v -0.08500113 0.33499852 -0.12649255
v -0.09562589 0.34569943 -0.12170667
v -0.09271751 0.35175735 -0.12055036
v -0.08500113 0.34499192 -0.12376235
v -0.12489311 0.34401911 -0.11142828
v -0.12147380 0.35224375 -0.11072164
v -0.11500200 0.34499192 -0.11566812
v -0.11491029 0.33535227 -0.11836620
v -0.19128804 0.19500263 -0.08210275
v -0.19071160 0.20504023 -0.08113915
v -0.19027928 0.21224786 -0.08043251
v -0.18751501 0.20504023 -0.08614986
v -0.18251050 0.20504023 -0.09344110
v -0.18182926 0.21503362 -0.09247750
v -0.18108250 0.22502702 -0.09144966
v -0.17803001 0.21503362 -0.09745610
v -0.17719157 0.22502702 -0.09642825
v -0.17699505 0.23577212 -0.09434046
v -0.17390326 0.24567707 -0.09591433
v -0.17357574 0.25496298 -0.09424410
v -0.17265868 0.26495636 -0.09308778
v -0.16988131 0.24947987 -0.09986509
v -0.17166302 0.27499396 -0.09189934
v -0.17060186 0.28498736 -0.09067878
v -0.17003852 0.29016092 -0.09003638
v -0.16709083 0.27499396 -0.09687793
v -0.16209942 0.27499396 -0.10204925
v -0.16017361 0.29064733 -0.10015418
v -0.15926965 0.29732433 -0.09931906
v -0.15439615 0.28538531 -0.10651392
v -0.15320398 0.30497414 -0.10272377
v -0.15177599 0.31496751 -0.10147109
v -0.14967985 0.28896701 -0.10972592
v -0.14869729 0.29498076 -0.10898717
v -0.14704660 0.30497414 -0.10773449
v -0.15068862 0.32217515 -0.10057173
v -0.14851388 0.33499852 -0.09883726
v -0.15907314 0.33689994 -0.08913703
v -0.15278475 0.34499192 -0.09238114
v -0.14662737 0.34499192 -0.09739186
v -0.14041758 0.35091722 -0.10028265
v -0.13402438 0.34401911 -0.10635333
v -0.13525586 0.35454312 -0.10233833
v -0.12814212 0.34667224 -0.10901929
v -0.20073372 0.03501995 -0.08146035
v -0.20069443 0.04501334 -0.08139611
v -0.20061582 0.05500673 -0.08123551
v -0.20051101 0.06500012 -0.08101067
v -0.20038001 0.07503773 -0.08075371
v -0.20020969 0.08503112 -0.08043251
v -0.20006558 0.09175234 -0.08014343
v -0.19786465 0.09506872 -0.08406207
v -0.19992147 0.09842934 -0.07982223
v -0.19976427 0.10501790 -0.07950103
v -0.19950226 0.11501129 -0.07892288
v -0.19887342 0.13504228 -0.07767019
v -0.20070753 0.02484968 -0.08162095
v -0.19851969 0.14503568 -0.07699568
v -0.19813977 0.15502906 -0.07628904
v -0.19773364 0.16502246 -0.07558239
v -0.19626635 0.18500924 -0.07497212
v -0.19525759 0.19500263 -0.07497212
v -0.08290500 0.41994235 -0.08210275
v -0.08290500 0.41583002 -0.08605351
v -0.08500113 0.41070068 -0.09061454
v -0.09743381 0.40915301 -0.08929762
v -0.08500113 0.40499648 -0.09511134
v -0.08500113 0.39929229 -0.09947965
v -0.09501015 0.39787728 -0.09854817
v -0.09445992 0.40548289 -0.09295930
v -0.10500608 0.41317689 -0.08296999
v -0.10500608 0.40760538 -0.08798070
v -0.11168750 0.40097260 -0.09077514
v -0.11501510 0.39531261 -0.09324838
v -0.12270528 0.39221734 -0.09154602
v -0.12562676 0.39531261 -0.08756314
v -0.12937360 0.38938734 -0.08958670
v -0.13443051 0.39447248 -0.08242395
v -0.13739128 0.39747933 -0.07802352
v -0.14079750 0.39080232 -0.08059311
v -0.14455743 0.39447248 -0.07458667
v -0.14745271 0.38686687 -0.07783079
v -0.13922541 0.37895176 -0.08942610
v -0.14493737 0.37537006 -0.08688863
v -0.15171048 0.37497211 -0.08152459
v -0.14447883 0.38408113 -0.08210275
v -0.14823876 0.36665899 -0.08855886
v -0.15439615 0.36369637 -0.08444751
v -0.16030462 0.36073372 -0.08030403
v -0.16631790 0.35498530 -0.07599995
v -0.17083767 0.35498530 -0.07098924
v -0.17723086 0.34499192 -0.06636396
v -0.17839684 0.33499852 -0.06787360
v -0.17998204 0.31996423 -0.06996140
v -0.18063708 0.31328723 -0.07086076
v -0.18142313 0.30497414 -0.07195283
v -0.18342756 0.31594032 -0.06597853
v -0.18231398 0.29498076 -0.07323764
v -0.18451492 0.27499396 -0.07497212
v -0.18689927 0.26429307 -0.07407276
v -0.18727919 0.25496298 -0.07574300
v -0.18803903 0.24501380 -0.07689931
v -0.18875958 0.23502040 -0.07802352
v -0.18984695 0.21892485 -0.07975799
v -0.19250642 0.21534315 -0.07583936
v -0.19236231 0.22502702 -0.07407276
v -0.19417022 0.20504023 -0.07497212
v -0.19769433 0.17457366 -0.07407276
v -0.20176870 0.09506872 -0.07590359
v -0.20353730 0.02484968 -0.07510059
v -0.20358971 0.02484968 -0.07497212
v -0.11552604 0.35533905 -0.11232764
v -0.08555137 0.32482827 -0.12906215
v -0.08555137 0.31571925 -0.13134266
v -0.08500113 0.30497414 -0.13407287
v -0.08290500 0.30289587 -0.13481162
v -0.08290500 0.29498076 -0.13673882
v -0.10500608 0.35498530 -0.11634263
v -0.10570042 0.36573040 -0.11245612
v -0.09501015 0.36497870 -0.11563600
v -0.09562589 0.35507375 -0.11888012
v -0.08290500 0.33499852 -0.12671739
v -0.08290500 0.32173297 -0.13018635
v -0.08500113 0.35374719 -0.12116063
v -0.08500113 0.35874388 -0.11958675
v -0.08290500 0.35427782 -0.12125699
v -0.08290500 0.34499192 -0.12398719
v -0.12489311 0.35533905 -0.10795932
v -0.11920736 0.35892075 -0.10962956
v -0.18737090 0.21534315 -0.08425479
v -0.18552369 0.22502702 -0.08499355
v -0.18304762 0.24501380 -0.08428691
v -0.18046677 0.23294213 -0.09061454
v -0.17992964 0.23961914 -0.08990790
v -0.17945801 0.24501380 -0.08929762
v -0.17858025 0.25496298 -0.08814131
v -0.17765009 0.26495636 -0.08698498
v -0.17665443 0.27499396 -0.08576442
v -0.17267178 0.30497414 -0.08316271
v -0.16588557 0.28498736 -0.09568950
v -0.17159751 0.31496751 -0.08184579
v -0.16926557 0.29683793 -0.08920126
v -0.16088106 0.28498736 -0.10082869
v -0.16331780 0.30497414 -0.09334474
v -0.16209942 0.31496751 -0.09205994
v -0.15820849 0.30497414 -0.09835546
v -0.16006880 0.33022293 -0.09006850
v -0.15676740 0.31496751 -0.09707066
v -0.16288547 0.34499192 -0.08293787
v -0.15777616 0.34499192 -0.08794858
v -0.15097684 0.35498530 -0.09080726
v -0.14999427 0.35998201 -0.09000427
v -0.14425611 0.35454312 -0.09617130
v -0.13875377 0.35759419 -0.09915845
v -0.13208546 0.36329839 -0.10124625
v -0.08290500 0.41078910 -0.09071090
v -0.08290500 0.40336040 -0.09662098
v -0.10500608 0.40260869 -0.09205994
v -0.08290500 0.39946917 -0.09960813
v -0.08500113 0.39425138 -0.10278801
v -0.09501015 0.39288062 -0.10188865
v -0.10266103 0.39133295 -0.10086081
v -0.10559562 0.39478201 -0.09748822
v -0.10932934 0.38956422 -0.09973662
v -0.11500200 0.38739750 -0.09845182
v -0.12033403 0.38027832 -0.10015418
v -0.12485381 0.38483283 -0.09491862
v -0.13255709 0.38271034 -0.09164238
v -0.13553098 0.38562876 -0.08778799
v -0.13553098 0.37537006 -0.09369806
v -0.14157045 0.37227476 -0.09116058
v -0.14493737 0.36400589 -0.09218842
v -0.15596825 0.35498530 -0.08631047
v -0.16131338 0.35498530 -0.08129975
v -0.16788998 0.34499192 -0.07763807
v -0.17222635 0.34499192 -0.07265948
v -0.17340542 0.33499852 -0.07413699
v -0.17728327 0.31594032 -0.07452244
v -0.17767629 0.30497414 -0.07696355
v -0.17868505 0.29498076 -0.07824835
v -0.17944491 0.28706563 -0.07924407
v -0.18007374 0.28043285 -0.08007919
v -0.18057157 0.27499396 -0.08075371
v -0.18144932 0.26495636 -0.08197427
v -0.18256290 0.28423566 -0.07555027
v -0.18227468 0.25496298 -0.08313059
v -0.11253905 0.36285621 -0.11104284
v -0.08290500 0.32071593 -0.13044330
v -0.10949966 0.36953321 -0.10982228
v -0.10283134 0.37205368 -0.11091436
v -0.08500113 0.36497870 -0.11740260
v -0.09444682 0.37523741 -0.11158888
v -0.08290500 0.35923028 -0.11974736
v -0.12599358 0.36595151 -0.10355889
v -0.11552604 0.36573040 -0.10873020
v -0.17615660 0.28423566 -0.08406207
v -0.16832231 0.30497414 -0.08814131
v -0.17399496 0.32575685 -0.07593571
v -0.17069356 0.32297108 -0.08078583
v -0.16709083 0.31496751 -0.08685651
v -0.16657990 0.32575685 -0.08447963
v -0.16343571 0.33411416 -0.08547535
v -0.16923937 0.33499852 -0.07914771
v -0.13525586 0.36595151 -0.09819485
v -0.12998933 0.36997539 -0.09996145
v -0.08290500 0.39460510 -0.10275589
v -0.08290500 0.39274794 -0.10394433
v -0.08500113 0.38602674 -0.10779873
v -0.09444682 0.38416955 -0.10715633
v -0.09740761 0.37873065 -0.10940472
v -0.10559562 0.38571721 -0.10314133
v -0.11500200 0.38240081 -0.10134261
v -0.11500200 0.37497211 -0.10500429
v -0.12274458 0.37497211 -0.10140685
v -0.12774909 0.37497211 -0.09874089
v -0.16990751 0.32964808 -0.07988647
v -0.10570042 0.37523741 -0.10850537
v -0.08290500 0.36484605 -0.11765955
v -0.08290500 0.36298886 -0.11839832
v -0.08500113 0.37497211 -0.11335548
v -0.08290500 0.37497211 -0.11358032
v -0.09073929 0.38027832 -0.11014348
v -0.08290500 0.38624781 -0.10789508
v -0.08500113 0.38103002 -0.11056104
v -0.08290500 0.37979192 -0.11136404
v -0.08290500 0.38125113 -0.11065740
f 1 2 3
f 1 3 4
f 1 4 5
f 1 5 6
f 1 6 7
f 1 7 8
f 1 8 9
f 1 9 2
f 2 9 10
f 2 10 11
f 2 11 12
f 2 12 13
f 2 13 3
f 3 14 4
f 3 13 14
f 4 15 5
f 4 14 16
f 4 16 17
f 4 17 15
f 5 18 19
f 5 19 6
f 5 15 20
f 5 20 17
f 5 17 21
f 5 21 18
f 6 22 23
f 6 23 7
f 6 19 21
f 6 21 24
f 6 24 22
f 7 23 25
f 7 25 8
f 8 25 26
f 8 26 27
f 8 27 9
f 9 27 28
f 9 28 29
f 9 29 30
f 9 30 10
f 10 30 31
f 10 31 11
f 11 32 33
f 11 33 12
f 11 31 34
f 11 34 35
f 11 35 32
f 12 33 13
f 13 33 36
f 13 36 37
f 13 37 14
f 14 37 38
f 14 38 39
f 14 39 40
f 14 40 17
f 14 17 16
f 15 17 20
f 17 40 39
f 17 39 63
f 17 63 94
f 17 94 132
f 17 132 131
f 17 131 130
f 17 130 170
f 17 170 207
f 17 207 247
f 17 247 287
f 17 287 327
f 17 327 331
f 17 331 375
f 17 375 374
f 17 374 373
f 17 373 419
f 17 419 418
f 17 418 469
f 17 469 522
f 17 522 521
f 17 521 585
f 17 585 656
f 17 656 732
f 17 732 814
f 17 814 904
f 17 904 1005
f 17 1005 1110
f 17 1110 1217
f 17 1217 1329
f 17 1329 1457
f 17 1457 1455
f 17 1455 1599
f 17 1599 1597
f 17 1597 1745
f 17 1745 1744
f 17 1744 1866
f 17 1866 1865
f 17 1865 1812
f 17 1812 1668
f 17 1668 1522
f 17 1522 1384
f 17 1384 1252
f 17 1252 1143
f 17 1143 1042
f 17 1042 937
f 17 937 936
f 17 936 840
f 17 840 757
f 17 757 677
f 17 677 673
f 17 673 602
f 17 602 535
f 17 535 482
f 17 482 429
f 17 429 386
f 17 386 339
f 17 339 300
f 17 300 258
f 17 258 256
f 17 256 215
f 17 215 175
f 17 175 135
f 17 135 95
f 17 95 67
f 17 67 66
f 17 66 65
f 17 65 64
f 17 64 41
f 17 41 24
f 17 24 21
f 18 21 19
f 22 24 23
f 23 24 41
f 23 41 42
f 23 42 43
f 23 43 25
f 25 43 44
f 25 44 45
f 25 45 46
f 25 46 26
f 26 47 27
f 26 46 48
f 26 48 49
f 26 49 47
f 27 47 28
f 28 47 50
f 28 50 51
f 28 51 29
f 29 51 52
f 29 52 53
f 29 53 54
f 29 54 30
f 30 55 31
f 30 54 55
f 31 56 57
f 31 57 34
f 31 55 56
f 32 58 59
f 32 59 36
f 32 36 33
f 32 35 58
f 34 57 35
f 35 57 60
f 35 60 58
f 36 59 61
f 36 61 62
f 36 62 37
f 37 62 38
f 38 62 39
f 39 62 63
f 41 64 42
f 42 64 65
f 42 65 66
f 42 66 67
f 42 67 43
f 43 67 68
f 43 68 69
f 43 69 44
f 44 69 70
f 44 70 71
f 44 71 45
f 45 71 72
f 45 72 73
f 45 73 46
f 46 73 74
f 46 74 48
f 47 49 75
f 47 75 50
f 48 74 76
f 48 76 77
f 48 77 78
f 48 78 79
f 48 79 49
f 49 79 75
f 50 75 80
f 50 80 51
f 51 80 81
f 51 81 52
f 52 82 83
f 52 83 53
f 52 81 84
f 52 84 82
f 53 83 54
f 54 83 85
f 54 85 55
f 55 85 86
f 55 86 56
f 56 86 87
f 56 87 57
f 57 88 60
f 57 87 89
f 57 89 88
f 58 90 91
f 58 91 59
f 58 60 90
f 59 91 92
f 59 92 61
f 60 88 93
f 60 93 90
f 61 92 94
f 61 94 62
f 62 94 63
f 67 95 134
f 67 134 173
f 67 173 212
f 67 212 252
f 67 252 293
f 67 293 334
f 67 334 378
f 67 378 422
f 67 422 471
f 67 471 473
f 67 473 526
f 67 526 587
f 67 587 659
f 67 659 736
f 67 736 735
f 67 735 738
f 67 738 818
f 67 818 910
f 67 910 1012
f 67 1012 1014
f 67 1014 1119
f 67 1119 1226
f 67 1226 1350
f 67 1350 1349
f 67 1349 1481
f 67 1481 1615
f 67 1615 1614
f 67 1614 1617
f 67 1617 1616
f 67 1616 1753
f 67 1753 1752
f 67 1752 1751
f 67 1751 1872
f 67 1872 1871
f 67 1871 1943
f 67 1943 1878
f 67 1878 1877
f 67 1877 1882
f 67 1882 1881
f 67 1881 1948
f 67 1948 1974
f 67 1974 1973
f 67 1973 1976
f 67 1976 1980
f 67 1980 1981
f 67 1981 1978
f 67 1978 1962
f 67 1962 1961
f 67 1961 1914
f 67 1914 1912
f 67 1912 1911
f 67 1911 1819
f 67 1819 1818
f 67 1818 1676
f 67 1676 1529
f 67 1529 1528
f 67 1528 1392
f 67 1392 1391
f 67 1391 1261
f 67 1261 1151
f 67 1151 1150
f 67 1150 1051
f 67 1051 1050
f 67 1050 1049
f 67 1049 945
f 67 945 944
f 67 944 847
f 67 847 846
f 67 846 845
f 67 845 764
f 67 764 681
f 67 681 610
f 67 610 544
f 67 544 543
f 67 543 542
f 67 542 488
f 67 488 435
f 67 435 434
f 67 434 433
f 67 433 389
f 67 389 342
f 67 342 341
f 67 341 301
f 67 301 259
f 67 259 218
f 67 218 176
f 67 176 180
f 67 180 144
f 67 144 142
f 67 142 141
f 67 141 143
f 67 143 140
f 67 140 136
f 67 136 97
f 67 97 96
f 67 96 68
f 68 96 97
f 68 97 69
f 69 98 70
f 69 97 98
f 70 98 97
f 70 97 99
f 70 99 71
f 71 99 72
f 72 100 101
f 72 101 73
f 72 99 97
f 72 97 100
f 73 101 102
f 73 102 74
f 74 102 103
f 74 103 76
f 75 79 104
f 75 104 105
f 75 105 80
f 76 103 106
f 76 106 107
f 76 107 77
f 77 107 78
f 78 107 108
f 78 108 109
f 78 109 104
f 78 104 79
f 80 110 81
f 80 105 111
f 80 111 110
f 81 110 84
f 82 84 112
f 82 112 83
f 83 112 113
f 83 113 114
f 83 114 85
f 84 115 113
f 84 113 112
f 84 110 116
f 84 116 117
f 84 117 118
f 84 118 119
f 84 119 115
f 85 114 120
f 85 120 86
f 86 120 121
f 86 121 87
f 87 121 122
f 87 122 123
f 87 123 89
f 88 89 123
f 88 123 124
f 88 124 125
f 88 125 126
f 88 126 93
f 90 127 128
f 90 128 91
f 90 93 127
f 91 128 129
f 91 129 92
f 92 129 130
f 92 130 131
f 92 131 132
f 92 132 94
f 93 126 133
f 93 133 127
f 95 135 134
f 97 136 102
f 97 102 101
f 97 101 100
f 102 106 103
f 102 136 106
f 104 109 137
f 104 137 138
f 104 138 105
f 105 138 139
f 105 139 111
f 106 136 140
f 106 140 107
f 107 141 142
f 107 142 108
f 107 140 143
f 107 143 141
f 108 142 144
f 108 144 145
f 108 145 109
f 109 145 137
f 110 111 116
f 111 139 146
f 111 146 116
f 113 115 147
f 113 147 148
f 113 148 149
f 113 149 120
f 113 120 114
f 115 119 150
f 115 150 147
f 116 146 117
f 117 146 151
f 117 151 152
f 117 152 153
f 117 153 118
f 118 153 154
f 118 154 155
f 118 155 156
f 118 156 157
f 118 157 150
f 118 150 119
f 120 149 158
f 120 158 159
f 120 159 121
f 121 159 122
f 122 160 123
f 122 159 160
f 123 161 124
f 123 160 162
f 123 162 161
f 124 161 125
f 125 161 163
f 125 163 164
f 125 164 165
f 125 165 133
f 125 133 126
f 127 166 167
f 127 167 128
f 127 133 166
f 128 167 168
f 128 168 129
f 129 168 169
f 129 169 130
f 130 169 168
f 130 168 170
f 133 165 171
f 133 171 172
f 133 172 166
f 134 135 174
f 134 174 173
f 135 175 213
f 135 213 174
f 137 145 138
f 138 145 176
f 138 176 177
f 138 177 178
f 138 178 139
f 139 178 179
f 139 179 146
f 144 180 145
f 145 180 176
f 146 179 151
f 147 150 181
f 147 181 148
f 148 182 183
f 148 183 158
f 148 158 149
f 148 181 184
f 148 184 182
f 150 185 181
f 150 157 186
f 150 186 185
f 151 179 187
f 151 187 188
f 151 188 189
f 151 189 152
f 152 189 190
f 152 190 191
f 152 191 154
f 152 154 153
f 154 191 192
f 154 192 193
f 154 193 156
f 154 156 155
f 156 194 195
f 156 195 185
f 156 185 186
f 156 186 157
f 156 193 196
f 156 196 194
f 158 183 159
f 159 183 197
f 159 197 198
f 159 198 160
f 160 198 162
f 161 162 199
f 161 199 163
f 162 198 200
f 162 200 199
f 163 199 201
f 163 201 164
f 164 201 202
f 164 202 203
f 164 203 171
f 164 171 165
f 166 172 204
f 166 204 167
f 167 204 205
f 167 205 168
f 168 205 206
f 168 206 207
f 168 207 170
f 171 203 208
f 171 208 209
f 171 209 210
f 171 210 172
f 172 210 204
f 173 211 212
f 173 174 211
f 174 213 214
f 174 214 211
f 175 215 216
f 175 216 213
f 176 217 177
f 176 218 219
f 176 219 178
f 176 178 217
f 177 217 178
f 178 187 179
f 178 219 220
f 178 220 187
f 181 185 184
f 182 184 221
f 182 221 222
f 182 222 223
f 182 223 224
f 182 224 198
f 182 198 197
f 182 197 183
f 184 185 221
f 185 225 221
f 185 195 226
f 185 226 225
f 187 220 227
f 187 227 188
f 188 190 189
f 188 227 228
f 188 228 229
f 188 229 190
f 190 229 230
f 190 230 231
f 190 231 192
f 190 192 191
f 192 231 232
f 192 232 233
f 192 233 193
f 193 233 196
f 194 234 235
f 194 235 225
f 194 225 226
f 194 226 195
f 194 196 233
f 194 233 236
f 194 236 237
f 194 237 234
f 198 238 200
f 198 224 239
f 198 239 238
f 199 200 238
f 199 238 240
f 199 240 241
f 199 241 201
f 201 241 202
f 202 242 203
f 202 241 243
f 202 243 242
f 203 242 244
f 203 244 208
f 204 210 245
f 204 245 205
f 205 245 246
f 205 246 207
f 205 207 206
f 207 246 247
f 208 244 248
f 208 248 209
f 209 248 249
f 209 249 250
f 209 250 210
f 210 250 245
f 211 214 255
f 211 255 251
f 211 251 252
f 211 252 212
f 213 216 214
f 214 253 254
f 214 254 255
f 214 216 253
f 215 256 216
f 216 257 294
f 216 294 253
f 216 256 258
f 216 258 257
f 218 259 260
f 218 260 219
f 219 260 261
f 219 261 220
f 220 261 227
f 221 225 222
f 222 225 223
f 223 262 263
f 223 263 238
f 223 238 239
f 223 239 224
f 223 225 264
f 223 264 265
f 223 265 262
f 225 266 264
f 225 235 267
f 225 267 266
f 227 261 268
f 227 268 228
f 228 269 270
f 228 270 229
f 228 268 269
f 229 270 230
f 230 271 231
f 230 270 272
f 230 272 271
f 231 271 232
f 232 273 233
f 232 271 274
f 232 274 273
f 233 273 236
f 234 237 275
f 234 275 276
f 234 276 277
f 234 277 278
f 234 278 266
f 234 266 267
f 234 267 235
f 236 273 275
f 236 275 237
f 238 263 279
f 238 279 240
f 240 280 241
f 240 279 280
f 241 280 281
f 241 281 243
f 242 282 283
f 242 283 244
f 242 243 282
f 243 281 284
f 243 284 282
f 244 285 248
f 244 283 285
f 245 250 286
f 245 286 287
f 245 287 246
f 246 287 247
f 248 285 288
f 248 288 289
f 248 289 249
f 249 289 290
f 249 290 291
f 249 291 250
f 250 291 286
f 251 255 292
f 251 292 293
f 251 293 252
f 253 294 295
f 253 295 254
f 254 295 296
f 254 296 255
f 255 296 297
f 255 297 292
f 257 298 299
f 257 299 294
f 257 258 300
f 257 300 298
f 259 301 302
f 259 302 260
f 260 302 303
f 260 303 304
f 260 304 261
f 261 304 268
f 262 265 266
f 262 266 305
f 262 305 306
f 262 306 279
f 262 279 263
f 264 266 265
f 266 278 305
f 268 304 303
f 268 303 307
f 268 307 269
f 269 308 270
f 269 307 309
f 269 309 308
f 270 310 272
f 270 308 310
f 271 272 311
f 271 311 274
f 272 310 311
f 273 274 312
f 273 312 275
f 274 311 313
f 274 313 312
f 275 312 314
f 275 314 276
f 276 314 277
f 277 315 316
f 277 316 278
f 277 314 315
f 278 316 317
f 278 317 318
f 278 318 305
f 279 319 280
f 279 306 319
f 280 319 281
f 281 319 320
f 281 320 284
f 282 284 321
f 282 321 322
f 282 322 283
f 283 323 324
f 283 324 285
f 283 322 323
f 284 320 325
f 284 325 321
f 285 324 326
f 285 326 288
f 286 291 327
f 286 327 287
f 288 326 328
f 288 328 289
f 289 328 290
f 290 329 330
f 290 330 291
f 290 328 329
f 291 330 331
f 291 331 327
f 292 297 332
f 292 332 333
f 292 333 334
f 292 334 293
f 294 299 335
f 294 335 295
f 295 335 336
f 295 336 337
f 295 337 296
f 296 337 338
f 296 338 297
f 297 338 332
f 298 300 339
f 298 339 340
f 298 340 299
f 299 340 335
f 301 341 302
f 302 341 342
f 302 342 343
f 302 343 344
f 302 344 303
f 303 344 345
f 303 345 307
f 305 346 319
f 305 319 306
f 305 318 347
f 305 347 346
f 307 345 309
f 308 309 310
f 309 345 348
f 309 348 349
f 309 349 350
f 309 350 310
f 310 350 351
f 310 351 352
f 310 352 311
f 311 352 313
f 312 353 314
f 312 313 353
f 313 354 353
f 313 352 351
f 313 351 355
f 313 355 354
f 314 353 356
f 314 356 357
f 314 357 315
f 315 357 358
f 315 358 359
f 315 359 360
f 315 360 316
f 316 360 317
f 317 361 318
f 317 360 362
f 317 362 361
f 318 361 347
f 319 346 363
f 319 363 320
f 320 364 325
f 320 363 364
f 321 325 365
f 321 365 366
f 321 366 322
f 322 366 323
f 323 366 367
f 323 367 368
f 323 368 369
f 323 369 324
f 324 369 326
f 325 364 370
f 325 370 365
f 326 369 371
f 326 371 328
f 328 371 372
f 328 372 329
f 329 372 373
f 329 373 374
f 329 374 330
f 330 374 375
f 330 375 331
f 332 338 376
f 332 376 333
f 333 376 377
f 333 377 422
f 333 422 378
f 333 378 334
f 335 379 380
f 335 380 336
f 335 340 379
f 336 380 381
f 336 381 382
f 336 382 383
f 336 383 337
f 337 383 338
f 338 383 384
f 338 384 385
f 338 385 376
f 339 386 340
f 340 387 388
f 340 388 379
f 340 386 387
f 342 389 343
f 343 389 390
f 343 390 391
f 343 391 344
f 344 392 345
f 344 391 438
f 344 438 392
f 345 392 348
f 346 347 393
f 346 393 363
f 347 361 394
f 347 394 393
f 348 392 395
f 348 395 396
f 348 396 349
f 349 396 350
f 350 396 397
f 350 397 351
f 351 397 398
f 351 398 399
f 351 399 355
f 353 354 356
f 354 355 399
f 354 399 400
f 354 400 401
f 354 401 402
f 354 402 356
f 356 402 358
f 356 358 357
f 358 402 403
f 358 403 359
f 359 403 404
f 359 404 405
f 359 405 360
f 360 405 406
f 360 406 362
f 361 406 394
f 361 362 406
f 363 393 407
f 363 407 364
f 364 408 370
f 364 407 408
f 365 409 366
f 365 370 410
f 365 410 409
f 366 409 367
f 367 409 411
f 367 411 412
f 367 412 368
f 368 412 413
f 368 413 414
f 368 414 369
f 369 414 371
f 370 415 410
f 370 408 415
f 371 414 416
f 371 416 372
f 372 416 417
f 372 417 418
f 372 418 419
f 372 419 373
f 376 385 420
f 376 420 377
f 377 420 421
f 377 421 471
f 377 471 422
f 379 388 423
f 379 423 380
f 380 423 424
f 380 424 381
f 381 424 475
f 381 475 425
f 381 425 382
f 382 425 426
f 382 426 384
f 382 384 383
f 384 426 477
f 384 477 427
f 384 427 385
f 385 427 428
f 385 428 420
f 386 429 387
f 387 430 431
f 387 431 388
f 387 429 430
f 388 431 432
f 388 432 423
f 389 433 390
f 390 434 435
f 390 435 436
f 390 436 437
f 390 437 391
f 390 433 434
f 391 437 491
f 391 491 438
f 392 438 395
f 393 439 440
f 393 440 407
f 393 394 439
f 394 406 439
f 395 441 396
f 395 438 441
f 396 442 443
f 396 443 397
f 396 441 442
f 397 443 444
f 397 444 398
f 398 444 399
f 399 445 446
f 399 446 400
f 399 444 445
f 400 446 447
f 400 447 401
f 401 447 448
f 401 448 403
f 401 403 402
f 403 448 449
f 403 449 404
f 404 449 450
f 404 450 405
f 405 450 451
f 405 451 452
f 405 452 406
f 406 451 453
f 406 453 439
f 406 452 451
f 407 440 408
f 408 440 454
f 408 454 415
f 409 455 411
f 409 410 455
f 410 415 456
f 410 456 455
f 411 457 412
f 411 455 458
f 411 458 457
f 412 457 459
f 412 459 413
f 413 459 460
f 413 460 461
f 413 461 462
f 413 462 463
f 413 463 414
f 414 463 464
f 414 464 416
f 415 465 456
f 415 454 465
f 416 464 466
f 416 466 467
f 416 467 417
f 417 467 468
f 417 468 418
f 418 468 469
f 420 428 470
f 420 470 421
f 421 470 472
f 421 472 473
f 421 473 471
f 423 432 474
f 423 474 424
f 424 474 475
f 425 475 476
f 425 476 426
f 426 476 477
f 427 477 478
f 427 478 479
f 427 479 428
f 428 480 470
f 428 479 481
f 428 481 480
f 429 482 430
f 430 483 484
f 430 484 431
f 430 482 483
f 431 484 485
f 431 485 432
f 432 485 486
f 432 486 487
f 432 487 474
f 435 488 436
f 436 488 489
f 436 489 490
f 436 490 437
f 437 490 491
f 438 491 492
f 438 492 441
f 439 493 494
f 439 494 440
f 439 453 493
f 440 494 454
f 441 492 495
f 441 495 442
f 442 495 496
f 442 496 443
f 443 496 444
f 444 496 497
f 444 497 445
f 445 498 499
f 445 499 446
f 445 497 498
f 446 499 500
f 446 500 447
f 447 500 448
f 448 501 502
f 448 502 449
f 448 500 501
f 449 502 503
f 449 503 450
f 450 503 504
f 450 504 505
f 450 505 506
f 450 506 451
f 451 506 493
f 451 493 453
f 454 507 508
f 454 508 465
f 454 494 507
f 455 456 509
f 455 509 458
f 456 510 509
f 456 465 510
f 457 458 511
f 457 511 512
f 457 512 460
f 457 460 459
f 458 513 514
f 458 514 511
f 458 509 513
f 460 512 515
f 460 515 516
f 460 516 517
f 460 517 461
f 461 517 462
f 462 464 463
f 462 517 518
f 462 518 519
f 462 519 464
f 464 519 466
f 465 508 510
f 466 519 520
f 466 520 521
f 466 521 522
f 466 522 467
f 467 522 469
f 467 469 468
f 470 480 481
f 470 481 472
f 472 481 523
f 472 523 524
f 472 524 525
f 472 525 473
f 473 525 526
f 474 487 527
f 474 527 528
f 474 528 475
f 475 528 529
f 475 529 476
f 476 529 595
f 476 595 530
f 476 530 477
f 477 530 478
f 478 530 531
f 478 531 532
f 478 532 479
f 479 532 533
f 479 533 534
f 479 534 523
f 479 523 481
f 482 535 536
f 482 536 483
f 483 537 538
f 483 538 484
f 483 536 603
f 483 603 537
f 484 538 539
f 484 539 485
f 485 539 540
f 485 540 486
f 486 540 541
f 486 541 487
f 487 541 527
f 488 542 489
f 489 542 543
f 489 543 544
f 489 544 545
f 489 545 546
f 489 546 547
f 489 547 490
f 490 547 548
f 490 548 549
f 490 549 491
f 491 549 550
f 491 550 492
f 492 550 495
f 493 551 552
f 493 552 494
f 493 506 553
f 493 553 504
f 493 504 551
f 494 552 507
f 495 554 555
f 495 555 496
f 495 550 554
f 496 555 497
f 497 556 557
f 497 557 498
f 497 555 556
f 498 557 558
f 498 558 499
f 499 558 559
f 499 559 500
f 500 559 560
f 500 560 501
f 501 560 561
f 501 561 502
f 502 561 503
f 503 562 563
f 503 563 564
f 503 564 504
f 503 561 562
f 504 565 566
f 504 566 551
f 504 553 506
f 504 506 505
f 504 564 565
f 507 567 568
f 507 568 508
f 507 552 567
f 508 568 510
f 509 510 569
f 509 569 513
f 510 568 570
f 510 570 569
f 511 514 571
f 511 571 512
f 512 571 515
f 513 572 573
f 513 573 514
f 513 569 572
f 514 573 571
f 515 574 575
f 515 575 516
f 515 571 574
f 516 575 576
f 516 576 577
f 516 577 578
f 516 578 517
f 517 578 579
f 517 579 518
f 518 579 580
f 518 580 581
f 518 581 582
f 518 582 583
f 518 583 519
f 519 583 584
f 519 584 585
f 519 585 521
f 519 521 520
f 523 534 586
f 523 586 524
f 524 587 526
f 524 526 525
f 524 586 588
f 524 588 587
f 527 589 590
f 527 590 591
f 527 591 592
f 527 592 528
f 527 541 589
f 528 593 594
f 528 594 529
f 528 592 593
f 529 594 595
f 530 595 531
f 531 596 597
f 531 597 532
f 531 595 596
f 532 597 533
f 533 598 599
f 533 599 534
f 533 597 598
f 534 599 600
f 534 600 601
f 534 601 586
f 535 602 603
f 535 603 536
f 537 604 538
f 537 603 604
f 538 605 606
f 538 606 539
f 538 604 605
f 539 606 607
f 539 607 608
f 539 608 540
f 540 608 541
f 541 608 609
f 541 609 589
f 544 610 545
f 545 610 611
f 545 611 546
f 546 611 612
f 546 612 547
f 547 612 548
f 548 612 613
f 548 613 614
f 548 614 549
f 549 614 550
f 550 614 554
f 551 615 616
f 551 616 552
f 551 566 617
f 551 617 615
f 552 616 567
f 554 614 618
f 554 618 555
f 555 619 620
f 555 620 556
f 555 618 619
f 556 620 557
f 557 621 622
f 557 622 558
f 557 620 621
f 558 622 623
f 558 623 559
f 559 623 560
f 560 624 625
f 560 625 561
f 560 623 624
f 561 625 562
f 562 625 626
f 562 626 627
f 562 627 563
f 563 627 628
f 563 628 565
f 563 565 564
f 565 628 617
f 565 617 566
f 567 616 629
f 567 629 630
f 567 630 568
f 568 630 570
f 569 631 572
f 569 570 631
f 570 630 632
f 570 632 631
f 571 573 574
f 572 633 634
f 572 634 573
f 572 631 633
f 573 634 635
f 573 635 574
f 574 635 636
f 574 636 637
f 574 637 638
f 574 638 575
f 575 638 639
f 575 639 576
f 576 639 640
f 576 640 641
f 576 641 642
f 576 642 577
f 577 643 578
f 577 642 644
f 577 644 645
f 577 645 643
f 578 643 646
f 578 646 579
f 579 646 580
f 580 646 647
f 580 647 648
f 580 648 649
f 580 649 650
f 580 650 581
f 581 650 651
f 581 651 582
f 582 651 652
f 582 652 653
f 582 653 583
f 583 653 585
f 583 585 584
f 585 652 654
f 585 654 655
f 585 655 656
f 585 653 652
f 586 601 657
f 586 657 658
f 586 658 588
f 587 588 659
f 588 658 659
f 589 609 660
f 589 660 661
f 589 661 590
f 590 661 662
f 590 662 592
f 590 592 591
f 592 662 663
f 592 663 594
f 592 594 593
f 594 663 744
f 594 744 664
f 594 664 595
f 595 664 665
f 595 665 596
f 596 665 597
f 597 665 666
f 597 666 598
f 598 666 667
f 598 667 668
f 598 668 599
f 599 668 600
f 600 669 670
f 600 670 671
f 600 671 601
f 600 668 669
f 601 671 672
f 601 672 657
f 602 673 674
f 602 674 603
f 603 674 604
f 604 675 676
f 604 676 605
f 604 674 677
f 604 677 675
f 605 676 678
f 605 678 606
f 606 678 607
f 607 679 608
f 607 678 679
f 608 679 609
f 609 680 739
f 609 739 660
f 609 679 680
f 610 681 611
f 611 681 682
f 611 682 683
f 611 683 684
f 611 684 612
f 612 684 683
f 612 683 685
f 612 685 686
f 612 686 613
f 613 686 687
f 613 687 618
f 613 618 614
f 615 688 689
f 615 689 616
f 615 617 688
f 616 689 629
f 617 690 688
f 617 628 690
f 618 687 619
f 619 687 691
f 619 691 692
f 619 692 620
f 620 692 621
f 621 692 693
f 621 693 694
f 621 694 622
f 622 694 695
f 622 695 623
f 623 695 624
f 624 696 625
f 624 695 696
f 625 696 626
f 626 696 697
f 626 697 698
f 626 698 627
f 627 698 699
f 627 699 628
f 628 699 690
f 629 700 701
f 629 701 702
f 629 702 630
f 629 689 703
f 629 703 700
f 630 702 632
f 631 632 704
f 631 704 705
f 631 705 633
f 632 702 704
f 633 706 707
f 633 707 708
f 633 708 634
f 633 705 706
f 634 708 636
f 634 636 635
f 636 708 709
f 636 709 637
f 637 710 638
f 637 709 710
f 638 710 711
f 638 711 639
f 639 712 713
f 639 713 714
f 639 714 715
f 639 715 716
f 639 716 640
f 639 711 712
f 640 716 717
f 640 717 641
f 641 717 642
f 642 717 718
f 642 718 644
f 643 645 719
f 643 719 646
f 644 718 720
f 644 720 645
f 645 720 721
f 645 721 719
f 646 719 722
f 646 722 723
f 646 723 647
f 647 723 648
f 648 723 649
f 649 723 724
f 649 724 650
f 650 724 725
f 650 725 726
f 650 726 727
f 650 727 728
f 650 728 651
f 651 728 654
f 651 654 652
f 654 728 729
f 654 729 730
f 654 730 655
f 655 730 656
f 656 731 813
f 656 813 732
f 656 730 729
f 656 729 811
f 656 811 731
f 657 672 733
f 657 733 734
f 657 734 658
f 658 735 736
f 658 736 659
f 658 734 737
f 658 737 738
f 658 738 735
f 660 739 661
f 661 740 741
f 661 741 742
f 661 742 662
f 661 739 740
f 662 742 743
f 662 743 663
f 663 743 744
f 664 744 745
f 664 745 665
f 665 745 666
f 666 745 746
f 666 746 747
f 666 747 667
f 667 747 748
f 667 748 749
f 667 749 750
f 667 750 751
f 667 751 668
f 668 751 669
f 669 751 670
f 670 751 752
f 670 752 753
f 670 753 733
f 670 733 672
f 670 672 671
f 673 677 674
f 675 754 676
f 675 677 754
f 676 755 756
f 676 756 678
f 676 754 755
f 677 757 758
f 677 758 754
f 678 756 759
f 678 759 760
f 678 760 679
f 679 760 761
f 679 761 680
f 680 761 762
f 680 762 763
f 680 763 739
f 681 764 765
f 681 765 682
f 682 765 766
f 682 766 683
f 683 766 685
f 685 766 767
f 685 767 768
f 685 768 769
f 685 769 687
f 685 687 686
f 687 769 770
f 687 770 691
f 688 771 703
f 688 703 689
f 688 690 772
f 688 772 771
f 690 699 772
f 691 770 773
f 691 773 692
f 692 773 693
f 693 773 774
f 693 774 775
f 693 775 694
f 694 775 776
f 694 776 695
f 695 776 777
f 695 777 696
f 696 778 697
f 696 777 778
f 697 778 779
f 697 779 698
f 698 779 780
f 698 780 699
f 699 780 772
f 700 781 701
f 700 703 782
f 700 782 781
f 701 781 783
f 701 783 784
f 701 784 704
f 701 704 702
f 703 771 782
f 704 784 705
f 705 784 785
f 705 785 706
f 706 785 786
f 706 786 787
f 706 787 788
f 706 788 707
f 707 788 789
f 707 789 790
f 707 790 709
f 707 709 708
f 709 790 710
f 710 790 791
f 710 791 711
f 711 791 792
f 711 792 793
f 711 793 712
f 712 793 794
f 712 794 795
f 712 795 713
f 713 795 714
f 714 795 796
f 714 796 797
f 714 797 715
f 715 797 798
f 715 798 799
f 715 799 716
f 716 799 800
f 716 800 717
f 717 800 801
f 717 801 718
f 718 801 802
f 718 802 720
f 719 721 803
f 719 803 722
f 720 802 721
f 721 802 804
f 721 804 890
f 721 890 803
f 722 803 805
f 722 805 806
f 722 806 723
f 723 806 807
f 723 807 724
f 724 807 725
f 725 807 726
f 726 807 727
f 727 807 808
f 727 808 809
f 727 809 810
f 727 810 811
f 727 811 728
f 728 811 729
f 731 812 813
f 731 811 812
f 732 813 814
f 733 753 815
f 733 815 734
f 734 815 816
f 734 816 817
f 734 817 737
f 737 817 818
f 737 818 738
f 739 763 740
f 740 763 819
f 740 819 741
f 741 819 820
f 741 820 821
f 741 821 822
f 741 822 823
f 741 823 824
f 741 824 742
f 742 824 743
f 743 824 823
f 743 823 825
f 743 825 826
f 743 826 744
f 744 826 827
f 744 827 745
f 745 827 746
f 746 827 747
f 747 828 829
f 747 829 748
f 747 827 828
f 748 829 830
f 748 830 831
f 748 831 750
f 748 750 749
f 750 831 927
f 750 927 832
f 750 832 752
f 750 752 751
f 752 832 833
f 752 833 753
f 753 833 834
f 753 834 815
f 754 835 836
f 754 836 755
f 754 758 837
f 754 837 835
f 755 836 756
f 756 836 838
f 756 838 839
f 756 839 759
f 757 840 837
f 757 837 758
f 759 839 841
f 759 841 760
f 760 841 761
f 761 842 843
f 761 843 762
f 761 841 842
f 762 843 844
f 762 844 763
f 763 844 819
f 764 845 765
f 765 845 846
f 765 846 847
f 765 847 848
f 765 848 766
f 766 848 849
f 766 849 850
f 766 850 851
f 766 851 767
f 767 851 852
f 767 852 768
f 768 852 853
f 768 853 854
f 768 854 769
f 769 854 770
f 770 854 855
f 770 855 773
f 771 772 856
f 771 856 782
f 772 780 856
f 773 855 774
f 774 857 858
f 774 858 775
f 774 855 857
f 775 858 859
f 775 859 776
f 776 859 860
f 776 860 778
f 776 778 777
f 778 861 862
f 778 862 779
f 778 860 861
f 779 862 863
f 779 863 864
f 779 864 856
f 779 856 780
f 781 865 783
f 781 782 866
f 781 866 865
f 782 856 867
f 782 867 866
f 783 868 784
f 783 865 869
f 783 869 868
f 784 868 786
f 784 786 785
f 786 868 870
f 786 870 871
f 786 871 787
f 787 871 872
f 787 872 788
f 788 873 874
f 788 874 789
f 788 872 873
f 789 874 875
f 789 875 876
f 789 876 790
f 790 876 791
f 791 876 877
f 791 877 792
f 792 877 878
f 792 878 793
f 793 878 879
f 793 879 794
f 794 879 795
f 795 879 880
f 795 880 881
f 795 881 796
f 796 881 882
f 796 882 883
f 796 883 797
f 797 883 798
f 798 883 799
f 799 883 884
f 799 884 885
f 799 885 800
f 800 885 886
f 800 886 887
f 800 887 801
f 801 887 888
f 801 888 802
f 802 888 889
f 802 889 894
f 802 894 804
f 803 890 891
f 803 891 892
f 803 892 893
f 803 893 805
f 804 894 991
f 804 991 890
f 805 893 895
f 805 895 806
f 806 895 896
f 806 896 897
f 806 897 807
f 807 897 898
f 807 898 899
f 807 899 808
f 808 899 809
f 809 899 810
f 810 899 811
f 811 899 900
f 811 900 901
f 811 901 812
f 812 901 813
f 813 901 900
f 813 900 902
f 813 902 1003
f 813 1003 903
f 813 903 814
f 814 903 904
f 815 834 905
f 815 905 906
f 815 906 907
f 815 907 908
f 815 908 816
f 816 908 909
f 816 909 817
f 817 910 818
f 817 909 911
f 817 911 910
f 819 912 913
f 819 913 820
f 819 844 912
f 820 913 821
f 821 914 915
f 821 915 916
f 821 916 917
f 821 917 823
f 821 823 822
f 821 913 914
f 823 917 918
f 823 918 919
f 823 919 826
f 823 826 825
f 826 919 1022
f 826 1022 920
f 826 920 827
f 827 920 921
f 827 921 829
f 827 829 828
f 829 921 922
f 829 922 830
f 830 922 923
f 830 923 924
f 830 924 925
f 830 925 926
f 830 926 927
f 830 927 831
f 832 927 928
f 832 928 833
f 833 929 905
f 833 905 834
f 833 928 930
f 833 930 931
f 833 931 929
f 835 932 933
f 835 933 836
f 835 837 932
f 836 933 934
f 836 934 838
f 837 935 932
f 837 840 936
f 837 936 937
f 837 937 935
f 838 934 839
f 839 934 938
f 839 938 939
f 839 939 841
f 841 939 940
f 841 940 842
f 842 940 941
f 842 941 942
f 842 942 843
f 843 942 844
f 844 942 943
f 844 943 912
f 847 944 848
f 848 944 849
f 849 945 946
f 849 946 947
f 849 947 948
f 849 948 850
f 849 944 945
f 850 948 851
f 851 948 949
f 851 949 852
f 852 949 950
f 852 950 853
f 853 950 951
f 853 951 952
f 853 952 854
f 854 952 855
f 855 952 857
f 856 953 867
f 856 864 953
f 857 954 955
f 857 955 858
f 857 952 954
f 858 955 956
f 858 956 859
f 859 956 957
f 859 957 860
f 860 957 861
f 861 957 958
f 861 958 959
f 861 959 862
f 862 959 863
f 863 959 960
f 863 960 961
f 863 961 864
f 864 961 953
f 865 866 962
f 865 962 963
f 865 963 869
f 866 867 964
f 866 964 962
f 867 953 964
f 868 869 870
f 869 963 965
f 869 965 870
f 870 965 966
f 870 966 871
f 871 967 872
f 871 966 968
f 871 968 967
f 872 967 969
f 872 969 873
f 873 970 874
f 873 969 970
f 874 971 972
f 874 972 875
f 874 970 971
f 875 972 973
f 875 973 974
f 875 974 876
f 876 974 877
f 877 974 975
f 877 975 878
f 878 975 976
f 878 976 879
f 879 976 977
f 879 977 978
f 879 978 880
f 880 978 979
f 880 979 881
f 881 979 980
f 881 980 981
f 881 981 882
f 882 981 982
f 882 982 983
f 882 983 984
f 882 984 883
f 883 984 985
f 883 985 884
f 884 985 986
f 884 986 885
f 885 986 886
f 886 986 887
f 887 986 987
f 887 987 988
f 887 988 888
f 888 988 989
f 888 989 889
f 889 989 990
f 889 990 894
f 890 991 891
f 891 991 892
f 892 991 893
f 893 991 992
f 893 992 994
f 893 994 895
f 894 990 993
f 894 993 991
f 895 994 995
f 895 995 996
f 895 996 997
f 895 997 896
f 896 997 998
f 896 998 897
f 897 998 999
f 897 999 898
f 898 999 1000
f 898 1000 899
f 899 1000 1001
f 899 1001 1002
f 899 1002 902
f 899 902 900
f 902 1002 1108
f 902 1108 1003
f 903 1004 1005
f 903 1005 904
f 903 1003 1109
f 903 1109 1004
f 905 929 1006
f 905 1006 906
f 906 1007 907
f 906 1006 1008
f 906 1008 1009
f 906 1009 1112
f 906 1112 1007
f 907 909 908
f 907 1007 1010
f 907 1010 909
f 909 1010 1007
f 909 1007 1011
f 909 1011 911
f 910 911 1012
f 911 1011 1013
f 911 1013 1014
f 911 1014 1012
f 912 943 1015
f 912 1015 1016
f 912 1016 913
f 913 1016 1017
f 913 1017 914
f 914 1017 915
f 915 1018 1123
f 915 1123 1019
f 915 1019 916
f 915 1017 1018
f 916 1019 1020
f 916 1020 918
f 916 918 917
f 918 1020 1125
f 918 1125 1021
f 918 1021 919
f 919 1021 1022
f 920 1022 921
f 921 1022 1023
f 921 1023 922
f 922 1024 923
f 922 1023 1024
f 923 1024 1025
f 923 1025 924
f 924 1025 1026
f 924 1026 1027
f 924 1027 925
f 925 1027 926
f 926 1027 1028
f 926 1028 927
f 927 1028 1029
f 927 1029 928
f 928 1029 1030
f 928 1030 930
f 929 1031 1006
f 929 931 1031
f 930 1030 931
f 931 1032 1033
f 931 1033 1034
f 931 1034 1035
f 931 1035 1036
f 931 1036 1006
f 931 1006 1031
f 931 1030 1032
f 932 1037 1038
f 932 1038 933
f 932 935 1041
f 932 1041 1037
f 933 1038 934
f 934 1038 1039
f 934 1039 1040
f 934 1040 938
f 935 937 1042
f 935 1042 1041
f 938 1040 1043
f 938 1043 939
f 939 1043 940
f 940 1044 1045
f 940 1045 941
f 940 1043 1044
f 941 1045 1046
f 941 1046 942
f 942 1046 943
f 943 1047 1048
f 943 1048 1015
f 943 1046 1047
f 945 1049 946
f 946 1049 1050
f 946 1050 1051
f 946 1051 1052
f 946 1052 947
f 947 949 948
f 947 1052 1053
f 947 1053 1054
f 947 1054 1055
f 947 1055 1056
f 947 1056 949
f 949 1056 1057
f 949 1057 950
f 950 1057 951
f 951 1058 1059
f 951 1059 1060
f 951 1060 1061
f 951 1061 1062
f 951 1062 1063
f 951 1063 954
f 951 954 1064
f 951 1064 952
f 951 1057 1058
f 952 1064 954
f 953 1065 964
f 953 961 1065
f 954 1063 1066
f 954 1066 955
f 955 1066 1067
f 955 1067 956
f 956 1067 1068
f 956 1068 957
f 957 1068 958
f 958 1068 1069
f 958 1069 959
f 959 1069 960
f 960 1069 1070
f 960 1070 961
f 961 1070 1065
f 962 964 1071
f 962 1071 963
f 963 1071 1072
f 963 1072 1073
f 963 1073 1074
f 963 1074 1075
f 963 1075 965
f 964 1065 1071
f 965 1075 966
f 966 1075 968
f 967 1076 969
f 967 968 1076
f 968 1075 1077
f 968 1077 1076
f 969 1076 1078
f 969 1078 1079
f 969 1079 970
f 970 1079 1080
f 970 1080 971
f 971 1080 1081
f 971 1081 972
f 972 1081 1082
f 972 1082 973
f 973 1083 1084
f 973 1084 1085
f 973 1085 1086
f 973 1086 974
f 973 1082 1083
f 974 1086 1087
f 974 1087 1088
f 974 1088 975
f 975 1088 1089
f 975 1089 1090
f 975 1090 976
f 976 1090 977
f 977 1090 978
f 978 982 981
f 978 981 980
f 978 980 979
f 978 1090 1091
f 978 1091 982
f 982 1091 1092
f 982 1092 983
f 983 1092 984
f 984 1092 985
f 985 1092 1093
f 985 1093 1094
f 985 1094 1095
f 985 1095 986
f 986 1095 1096
f 986 1096 987
f 987 1096 1097
f 987 1097 988
f 988 1097 1098
f 988 1098 989
f 989 1098 990
f 990 1098 1099
f 990 1099 993
f 991 993 1100
f 991 1100 992
f 992 1100 1101
f 992 1101 1103
f 992 1103 994
f 993 1099 1102
f 993 1102 1100
f 994 1103 1104
f 994 1104 995
f 995 1104 996
f 996 1104 997
f 997 1104 1105
f 997 1105 1106
f 997 1106 998
f 998 1106 1107
f 998 1107 999
f 999 1107 1000
f 1000 1107 1108
f 1000 1108 1001
f 1001 1108 1002
f 1003 1108 1109
f 1004 1110 1005
f 1004 1109 1110
f 1006 1036 1111
f 1006 1111 1008
f 1007 1112 1011
f 1008 1111 1113
f 1008 1113 1114
f 1008 1114 1009
f 1009 1114 1115
f 1009 1115 1116
f 1009 1116 1112
f 1011 1112 1117
f 1011 1117 1118
f 1011 1118 1119
f 1011 1119 1013
f 1013 1119 1014
f 1015 1048 1120
f 1015 1120 1016
f 1016 1120 1121
f 1016 1121 1017
f 1017 1121 1122
f 1017 1122 1018
f 1018 1122 1123
f 1019 1123 1124
f 1019 1124 1125
f 1019 1125 1020
f 1021 1125 1126
f 1021 1126 1022
f 1022 1126 1023
f 1023 1126 1127
f 1023 1127 1024
f 1024 1127 1128
f 1024 1128 1129
f 1024 1129 1025
f 1025 1129 1130
f 1025 1130 1026
f 1026 1130 1131
f 1026 1131 1132
f 1026 1132 1027
f 1027 1132 1133
f 1027 1133 1028
f 1028 1133 1134
f 1028 1134 1029
f 1029 1134 1032
f 1029 1032 1030
f 1032 1134 1033
f 1033 1134 1034
f 1034 1134 1135
f 1034 1135 1035
f 1035 1135 1136
f 1035 1136 1137
f 1035 1137 1113
f 1035 1113 1036
f 1036 1113 1111
f 1037 1138 1139
f 1037 1139 1038
f 1037 1041 1138
f 1038 1139 1140
f 1038 1140 1039
f 1039 1140 1141
f 1039 1141 1142
f 1039 1142 1040
f 1040 1142 1043
f 1041 1042 1143
f 1041 1143 1138
f 1043 1142 1144
f 1043 1144 1044
f 1044 1144 1145
f 1044 1145 1146
f 1044 1146 1045
f 1045 1146 1046
f 1046 1146 1147
f 1046 1147 1047
f 1047 1148 1149
f 1047 1149 1048
f 1047 1147 1148
f 1048 1149 1120
f 1051 1150 1052
f 1052 1150 1053
f 1053 1150 1151
f 1053 1151 1152
f 1053 1152 1153
f 1053 1153 1154
f 1053 1154 1155
f 1053 1155 1054
f 1054 1155 1055
f 1055 1155 1156
f 1055 1156 1058
f 1055 1058 1056
f 1056 1058 1057
f 1058 1156 1157
f 1058 1157 1059
f 1059 1157 1060
f 1060 1157 1158
f 1060 1158 1159
f 1060 1159 1160
f 1060 1160 1161
f 1060 1161 1162
f 1060 1162 1163
f 1060 1163 1061
f 1061 1163 1062
f 1062 1163 1063
f 1063 1163 1164
f 1063 1164 1066
f 1065 1070 1071
f 1066 1164 1165
f 1066 1165 1067
f 1067 1165 1166
f 1067 1166 1068
f 1068 1166 1167
f 1068 1167 1069
f 1069 1167 1168
f 1069 1168 1169
f 1069 1169 1170
f 1069 1170 1070
f 1070 1171 1172
f 1070 1172 1071
f 1070 1170 1171
f 1071 1172 1173
f 1071 1173 1174
f 1071 1174 1073
f 1071 1073 1072
f 1073 1175 1176
f 1073 1176 1074
f 1073 1174 1175
f 1074 1176 1075
f 1075 1176 1177
f 1075 1177 1178
f 1075 1178 1077
f 1076 1077 1078
f 1077 1179 1078
f 1077 1178 1180
f 1077 1180 1181
f 1077 1181 1179
f 1078 1182 1183
f 1078 1183 1079
f 1078 1179 1182
f 1079 1183 1184
f 1079 1184 1080
f 1080 1184 1185
f 1080 1185 1081
f 1081 1185 1082
f 1082 1185 1186
f 1082 1186 1187
f 1082 1187 1188
f 1082 1188 1083
f 1083 1188 1084
f 1084 1188 1189
f 1084 1189 1085
f 1085 1189 1190
f 1085 1190 1191
f 1085 1191 1087
f 1085 1087 1086
f 1087 1191 1192
f 1087 1192 1088
f 1088 1192 1193
f 1088 1193 1089
f 1089 1193 1194
f 1089 1194 1090
f 1090 1194 1195
f 1090 1195 1196
f 1090 1196 1091
f 1091 1196 1197
f 1091 1197 1092
f 1092 1197 1198
f 1092 1198 1093
f 1093 1198 1094
f 1094 1199 1095
f 1094 1198 1199
f 1095 1199 1200
f 1095 1200 1096
f 1096 1200 1201
f 1096 1201 1097
f 1097 1202 1203
f 1097 1203 1204
f 1097 1204 1098
f 1097 1201 1202
f 1098 1204 1205
f 1098 1205 1099
f 1099 1205 1206
f 1099 1206 1207
f 1099 1207 1102
f 1100 1102 1208
f 1100 1208 1209
f 1100 1209 1101
f 1101 1209 1210
f 1101 1210 1103
f 1102 1207 1322
f 1102 1322 1208
f 1103 1210 1211
f 1103 1211 1104
f 1104 1211 1212
f 1104 1212 1105
f 1105 1212 1106
f 1106 1212 1213
f 1106 1213 1107
f 1107 1213 1214
f 1107 1214 1108
f 1108 1214 1109
f 1109 1214 1215
f 1109 1215 1216
f 1109 1216 1110
f 1110 1216 1217
f 1112 1116 1218
f 1112 1218 1219
f 1112 1219 1225
f 1112 1225 1117
f 1113 1137 1220
f 1113 1220 1221
f 1113 1221 1114
f 1114 1221 1222
f 1114 1222 1223
f 1114 1223 1224
f 1114 1224 1116
f 1114 1116 1115
f 1116 1224 1218
f 1117 1225 1226
f 1117 1226 1119
f 1117 1119 1118
f 1120 1149 1121
f 1121 1227 1228
f 1121 1228 1122
f 1121 1149 1227
f 1122 1228 1229
f 1122 1229 1123
f 1123 1229 1230
f 1123 1230 1124
f 1124 1230 1355
f 1124 1355 1231
f 1124 1231 1232
f 1124 1232 1125
f 1125 1232 1126
f 1126 1232 1127
f 1127 1233 1234
f 1127 1234 1128
f 1127 1232 1233
f 1128 1234 1129
f 1129 1235 1236
f 1129 1236 1131
f 1129 1131 1130
f 1129 1234 1235
f 1131 1236 1237
f 1131 1237 1132
f 1132 1238 1133
f 1132 1237 1239
f 1132 1239 1240
f 1132 1240 1241
f 1132 1241 1238
f 1133 1238 1134
f 1134 1238 1242
f 1134 1242 1243
f 1134 1243 1135
f 1135 1243 1244
f 1135 1244 1245
f 1135 1245 1136
f 1136 1246 1137
f 1136 1245 1246
f 1137 1246 1220
f 1138 1247 1248
f 1138 1248 1139
f 1138 1143 1247
f 1139 1248 1140
f 1140 1248 1249
f 1140 1249 1141
f 1141 1250 1142
f 1141 1249 1250
f 1142 1250 1251
f 1142 1251 1144
f 1143 1252 1253
f 1143 1253 1247
f 1144 1251 1254
f 1144 1254 1255
f 1144 1255 1145
f 1145 1255 1146
f 1146 1255 1147
f 1147 1256 1257
f 1147 1257 1258
f 1147 1258 1148
f 1147 1255 1256
f 1148 1258 1149
f 1149 1258 1259
f 1149 1259 1260
f 1149 1260 1227
f 1151 1261 1262
f 1151 1262 1152
f 1152 1262 1153
f 1153 1262 1263
f 1153 1263 1264
f 1153 1264 1265
f 1153 1265 1154
f 1154 1265 1155
f 1155 1265 1266
f 1155 1266 1156
f 1156 1266 1158
f 1156 1158 1157
f 1158 1266 1267
f 1158 1267 1159
f 1159 1267 1268
f 1159 1268 1160
f 1160 1268 1269
f 1160 1269 1270
f 1160 1270 1271
f 1160 1271 1161
f 1161 1271 1162
f 1162 1271 1272
f 1162 1272 1163
f 1163 1272 1273
f 1163 1273 1274
f 1163 1274 1164
f 1164 1274 1165
f 1165 1274 1275
f 1165 1275 1166
f 1166 1275 1276
f 1166 1276 1167
f 1167 1276 1168
f 1168 1276 1277
f 1168 1277 1278
f 1168 1278 1169
f 1169 1278 1171
f 1169 1171 1170
f 1171 1278 1279
f 1171 1279 1173
f 1171 1173 1172
f 1173 1280 1281
f 1173 1281 1174
f 1173 1279 1280
f 1174 1281 1175
f 1175 1281 1280
f 1175 1280 1282
f 1175 1282 1283
f 1175 1283 1284
f 1175 1284 1177
f 1175 1177 1176
f 1177 1285 1180
f 1177 1180 1178
f 1177 1284 1285
f 1179 1286 1182
f 1179 1181 1286
f 1180 1285 1181
f 1181 1285 1287
f 1181 1287 1288
f 1181 1288 1286
f 1182 1286 1289
f 1182 1289 1290
f 1182 1290 1291
f 1182 1291 1183
f 1183 1291 1184
f 1184 1292 1293
f 1184 1293 1185
f 1184 1291 1292
f 1185 1293 1294
f 1185 1294 1186
f 1186 1295 1187
f 1186 1294 1295
f 1187 1295 1296
f 1187 1296 1188
f 1188 1296 1297
f 1188 1297 1189
f 1189 1297 1298
f 1189 1298 1299
f 1189 1299 1190
f 1190 1299 1300
f 1190 1300 1301
f 1190 1301 1191
f 1191 1301 1302
f 1191 1302 1192
f 1192 1302 1303
f 1192 1303 1193
f 1193 1303 1194
f 1194 1303 1304
f 1194 1304 1195
f 1195 1304 1305
f 1195 1305 1306
f 1195 1306 1196
f 1196 1306 1307
f 1196 1307 1197
f 1197 1307 1308
f 1197 1308 1198
f 1198 1308 1309
f 1198 1309 1310
f 1198 1310 1199
f 1199 1310 1311
f 1199 1311 1312
f 1199 1312 1200
f 1200 1312 1313
f 1200 1313 1314
f 1200 1314 1315
f 1200 1315 1201
f 1201 1315 1316
f 1201 1316 1202
f 1202 1316 1203
f 1203 1316 1317
f 1203 1317 1204
f 1204 1317 1316
f 1204 1316 1318
f 1204 1318 1205
f 1205 1318 1319
f 1205 1319 1206
f 1206 1319 1320
f 1206 1320 1207
f 1207 1320 1321
f 1207 1321 1322
f 1208 1322 1209
f 1209 1322 1323
f 1209 1323 1210
f 1210 1323 1211
f 1211 1323 1212
f 1212 1323 1324
f 1212 1324 1325
f 1212 1325 1213
f 1213 1325 1326
f 1213 1326 1214
f 1214 1326 1215
f 1215 1326 1327
f 1215 1327 1328
f 1215 1328 1329
f 1215 1329 1216
f 1216 1329 1217
f 1218 1330 1223
f 1218 1223 1331
f 1218 1331 1332
f 1218 1332 1333
f 1218 1333 1334
f 1218 1334 1335
f 1218 1335 1336
f 1218 1336 1337
f 1218 1337 1338
f 1218 1338 1219
f 1218 1224 1330
f 1219 1338 1339
f 1219 1339 1225
f 1220 1340 1341
f 1220 1341 1342
f 1220 1342 1343
f 1220 1343 1344
f 1220 1344 1345
f 1220 1345 1222
f 1220 1222 1346
f 1220 1346 1221
f 1220 1246 1340
f 1221 1346 1222
f 1222 1345 1347
f 1222 1347 1223
f 1223 1347 1331
f 1223 1330 1224
f 1225 1339 1348
f 1225 1348 1481
f 1225 1481 1349
f 1225 1349 1350
f 1225 1350 1226
f 1227 1260 1351
f 1227 1351 1228
f 1228 1351 1352
f 1228 1352 1229
f 1229 1352 1487
f 1229 1487 1353
f 1229 1353 1230
f 1230 1353 1354
f 1230 1354 1355
f 1231 1355 1356
f 1231 1356 1232
f 1232 1356 1233
f 1233 1356 1234
f 1234 1356 1357
f 1234 1357 1235
f 1235 1357 1358
f 1235 1358 1359
f 1235 1359 1360
f 1235 1360 1236
f 1236 1360 1361
f 1236 1361 1237
f 1237 1361 1239
f 1238 1241 1242
f 1239 1361 1362
f 1239 1362 1363
f 1239 1363 1240
f 1240 1363 1364
f 1240 1364 1365
f 1240 1365 1241
f 1241 1365 1242
f 1242 1365 1243
f 1243 1365 1366
f 1243 1366 1244
f 1244 1366 1367
f 1244 1367 1368
f 1244 1368 1245
f 1245 1369 1370
f 1245 1370 1371
f 1245 1371 1372
f 1245 1372 1373
f 1245 1373 1374
f 1245 1374 1342
f 1245 1342 1341
f 1245 1341 1340
f 1245 1340 1246
f 1245 1368 1369
f 1247 1375 1376
f 1247 1376 1248
f 1247 1253 1385
f 1247 1385 1375
f 1248 1376 1377
f 1248 1377 1249
f 1249 1377 1378
f 1249 1378 1379
f 1249 1379 1250
f 1250 1380 1381
f 1250 1381 1251
f 1250 1379 1380
f 1251 1381 1382
f 1251 1382 1383
f 1251 1383 1254
f 1252 1384 1385
f 1252 1385 1253
f 1254 1383 1255
f 1255 1383 1386
f 1255 1386 1256
f 1256 1386 1257
f 1257 1386 1387
f 1257 1387 1258
f 1258 1388 1389
f 1258 1389 1259
f 1258 1387 1388
f 1259 1389 1390
f 1259 1390 1260
f 1260 1390 1351
f 1261 1391 1262
f 1262 1391 1392
f 1262 1392 1263
f 1263 1392 1393
f 1263 1393 1394
f 1263 1394 1395
f 1263 1395 1264
f 1264 1395 1396
f 1264 1396 1265
f 1265 1396 1397
f 1265 1397 1267
f 1265 1267 1266
f 1267 1397 1398
f 1267 1398 1268
f 1268 1398 1269
f 1269 1398 1399
f 1269 1399 1400
f 1269 1400 1401
f 1269 1401 1270
f 1270 1401 1402
f 1270 1402 1271
f 1271 1403 1404
f 1271 1404 1405
f 1271 1405 1406
f 1271 1406 1272
f 1271 1402 1403
f 1272 1406 1273
f 1273 1406 1407
f 1273 1407 1274
f 1274 1407 1275
f 1275 1407 1408
f 1275 1408 1276
f 1276 1408 1277
f 1277 1408 1278
f 1278 1409 1410
f 1278 1410 1411
f 1278 1411 1412
f 1278 1412 1280
f 1278 1280 1279
f 1278 1408 1413
f 1278 1413 1409
f 1280 1412 1411
f 1280 1411 1414
f 1280 1414 1283
f 1280 1283 1282
f 1283 1415 1416
f 1283 1416 1417
f 1283 1417 1418
f 1283 1418 1284
f 1283 1414 1419
f 1283 1419 1415
f 1284 1418 1285
f 1285 1418 1417
f 1285 1417 1287
f 1286 1288 1289
f 1287 1420 1288
f 1287 1417 1420
f 1288 1421 1422
f 1288 1422 1289
f 1288 1420 1421
f 1289 1422 1423
f 1289 1423 1424
f 1289 1424 1425
f 1289 1425 1290
f 1290 1425 1426
f 1290 1426 1291
f 1291 1426 1292
f 1292 1426 1427
f 1292 1427 1293
f 1293 1427 1428
f 1293 1428 1294
f 1294 1428 1429
f 1294 1429 1295
f 1295 1429 1430
f 1295 1430 1431
f 1295 1431 1432
f 1295 1432 1296
f 1296 1432 1297
f 1297 1432 1298
f 1298 1433 1434
f 1298 1434 1301
f 1298 1301 1300
f 1298 1300 1299
f 1298 1432 1433
f 1301 1434 1302
f 1302 1434 1435
f 1302 1435 1303
f 1303 1435 1436
f 1303 1436 1304
f 1304 1436 1437
f 1304 1437 1305
f 1305 1437 1306
f 1306 1437 1438
f 1306 1438 1307
f 1307 1438 1439
f 1307 1439 1308
f 1308 1439 1440
f 1308 1440 1310
f 1308 1310 1309
f 1310 1440 1441
f 1310 1441 1442
f 1310 1442 1311
f 1311 1442 1443
f 1311 1443 1312
f 1312 1443 1444
f 1312 1444 1313
f 1313 1444 1314
f 1314 1444 1445
f 1314 1445 1315
f 1315 1445 1316
f 1316 1445 1446
f 1316 1446 1318
f 1318 1446 1447
f 1318 1447 1319
f 1319 1447 1448
f 1319 1448 1320
f 1320 1448 1449
f 1320 1449 1321
f 1321 1449 1450
f 1321 1450 1451
f 1321 1451 1323
f 1321 1323 1322
f 1323 1451 1324
f 1324 1451 1452
f 1324 1452 1325
f 1325 1452 1327
f 1325 1327 1326
f 1327 1452 1453
f 1327 1453 1454
f 1327 1454 1328
f 1328 1454 1455
f 1328 1455 1456
f 1328 1456 1329
f 1329 1456 1457
f 1331 1347 1458
f 1331 1458 1459
f 1331 1459 1332
f 1332 1459 1458
f 1332 1458 1460
f 1332 1460 1461
f 1332 1461 1333
f 1333 1462 1463
f 1333 1463 1464
f 1333 1464 1465
f 1333 1465 1334
f 1333 1461 1466
f 1333 1466 1467
f 1333 1467 1462
f 1334 1339 1335
f 1334 1465 1339
f 1335 1339 1336
f 1336 1339 1337
f 1337 1339 1338
f 1339 1468 1348
f 1339 1465 1469
f 1339 1469 1470
f 1339 1470 1468
f 1342 1374 1343
f 1343 1374 1471
f 1343 1471 1472
f 1343 1472 1344
f 1344 1473 1474
f 1344 1474 1475
f 1344 1475 1345
f 1344 1472 1476
f 1344 1476 1477
f 1344 1477 1478
f 1344 1478 1473
f 1345 1475 1479
f 1345 1479 1347
f 1347 1479 1475
f 1347 1475 1474
f 1347 1474 1480
f 1347 1480 1458
f 1348 1468 1615
f 1348 1615 1481
f 1351 1482 1483
f 1351 1483 1484
f 1351 1484 1485
f 1351 1485 1352
f 1351 1390 1482
f 1352 1485 1486
f 1352 1486 1487
f 1353 1487 1354
f 1354 1487 1488
f 1354 1488 1489
f 1354 1489 1355
f 1355 1489 1490
f 1355 1490 1356
f 1356 1490 1491
f 1356 1491 1357
f 1357 1491 1358
f 1358 1491 1492
f 1358 1492 1493
f 1358 1493 1359
f 1359 1494 1638
f 1359 1638 1495
f 1359 1495 1360
f 1359 1493 1494
f 1360 1495 1496
f 1360 1496 1497
f 1360 1497 1361
f 1361 1497 1498
f 1361 1498 1362
f 1362 1498 1363
f 1363 1499 1364
f 1363 1498 1500
f 1363 1500 1501
f 1363 1501 1502
f 1363 1502 1503
f 1363 1503 1499
f 1364 1499 1365
f 1365 1499 1504
f 1365 1504 1505
f 1365 1505 1506
f 1365 1506 1367
f 1365 1367 1366
f 1367 1506 1368
f 1368 1506 1369
f 1369 1506 1507
f 1369 1507 1370
f 1370 1507 1371
f 1371 1507 1372
f 1372 1507 1508
f 1372 1508 1373
f 1373 1476 1471
f 1373 1471 1374
f 1373 1508 1509
f 1373 1509 1510
f 1373 1510 1511
f 1373 1511 1512
f 1373 1512 1476
f 1375 1513 1376
f 1375 1385 1513
f 1376 1514 1515
f 1376 1515 1377
f 1376 1513 1514
f 1377 1515 1378
f 1378 1515 1516
f 1378 1516 1517
f 1378 1517 1380
f 1378 1380 1379
f 1380 1517 1518
f 1380 1518 1381
f 1381 1518 1519
f 1381 1519 1520
f 1381 1520 1382
f 1382 1520 1383
f 1383 1520 1521
f 1383 1521 1386
f 1384 1522 1523
f 1384 1523 1385
f 1385 1523 1513
f 1386 1521 1524
f 1386 1524 1525
f 1386 1525 1387
f 1387 1525 1388
f 1388 1525 1526
f 1388 1526 1389
f 1389 1526 1527
f 1389 1527 1390
f 1390 1527 1482
f 1392 1528 1393
f 1393 1528 1394
f 1394 1528 1529
f 1394 1529 1530
f 1394 1530 1531
f 1394 1531 1532
f 1394 1532 1533
f 1394 1533 1395
f 1395 1533 1396
f 1396 1533 1534
f 1396 1534 1398
f 1396 1398 1397
f 1398 1534 1535
f 1398 1535 1399
f 1399 1535 1400
f 1400 1536 1537
f 1400 1537 1538
f 1400 1538 1539
f 1400 1539 1402
f 1400 1402 1401
f 1400 1535 1536
f 1402 1539 1540
f 1402 1540 1541
f 1402 1541 1542
f 1402 1542 1404
f 1402 1404 1403
f 1404 1542 1543
f 1404 1543 1544
f 1404 1544 1545
f 1404 1545 1409
f 1404 1409 1546
f 1404 1546 1406
f 1404 1406 1405
f 1406 1546 1409
f 1406 1409 1547
f 1406 1547 1407
f 1407 1547 1408
f 1408 1547 1409
f 1408 1409 1413
f 1409 1545 1548
f 1409 1548 1549
f 1409 1549 1411
f 1409 1411 1410
f 1411 1550 1419
f 1411 1419 1414
f 1411 1549 1550
f 1415 1551 1552
f 1415 1552 1553
f 1415 1553 1416
f 1415 1419 1550
f 1415 1550 1554
f 1415 1554 1551
f 1416 1553 1417
f 1417 1553 1555
f 1417 1555 1556
f 1417 1556 1421
f 1417 1421 1420
f 1421 1557 1558
f 1421 1558 1423
f 1421 1423 1422
f 1421 1556 1559
f 1421 1559 1557
f 1423 1560 1561
f 1423 1561 1424
f 1423 1558 1560
f 1424 1561 1562
f 1424 1562 1425
f 1425 1562 1563
f 1425 1563 1426
f 1426 1563 1564
f 1426 1564 1427
f 1427 1564 1428
f 1428 1565 1429
f 1428 1564 1565
f 1429 1566 1567
f 1429 1567 1568
f 1429 1568 1430
f 1429 1565 1566
f 1430 1568 1431
f 1431 1568 1432
f 1432 1568 1569
f 1432 1569 1570
f 1432 1570 1571
f 1432 1571 1433
f 1433 1571 1572
f 1433 1572 1434
f 1434 1573 1435
f 1434 1572 1574
f 1434 1574 1573
f 1435 1573 1436
f 1436 1574 1575
f 1436 1575 1437
f 1436 1573 1574
f 1437 1576 1577
f 1437 1577 1578
f 1437 1578 1438
f 1437 1575 1579
f 1437 1579 1576
f 1438 1578 1439
f 1439 1578 1580
f 1439 1580 1440
f 1440 1580 1441
f 1441 1580 1581
f 1441 1581 1442
f 1442 1581 1582
f 1442 1582 1443
f 1443 1582 1583
f 1443 1583 1444
f 1444 1583 1584
f 1444 1584 1585
f 1444 1585 1445
f 1445 1585 1446
f 1446 1585 1586
f 1446 1586 1587
f 1446 1587 1447
f 1447 1587 1588
f 1447 1588 1448
f 1448 1588 1449
f 1449 1588 1589
f 1449 1589 1450
f 1450 1589 1590
f 1450 1590 1591
f 1450 1591 1592
f 1450 1592 1451
f 1451 1592 1593
f 1451 1593 1452
f 1452 1593 1453
f 1453 1593 1594
f 1453 1594 1454
f 1454 1594 1595
f 1454 1595 1596
f 1454 1596 1597
f 1454 1597 1598
f 1454 1598 1455
f 1455 1457 1456
f 1455 1598 1599
f 1458 1461 1460
f 1458 1480 1461
f 1461 1480 1600
f 1461 1600 1466
f 1462 1601 1602
f 1462 1602 1463
f 1462 1467 1601
f 1463 1465 1464
f 1463 1602 1603
f 1463 1603 1469
f 1463 1469 1465
f 1466 1600 1604
f 1466 1604 1467
f 1467 1605 1606
f 1467 1606 1607
f 1467 1607 1608
f 1467 1608 1609
f 1467 1609 1610
f 1467 1610 1611
f 1467 1611 1612
f 1467 1612 1601
f 1467 1604 1600
f 1467 1600 1613
f 1467 1613 1605
f 1468 1470 1614
f 1468 1614 1615
f 1469 1616 1617
f 1469 1617 1614
f 1469 1614 1470
f 1469 1603 1616
f 1471 1476 1472
f 1473 1618 1480
f 1473 1480 1474
f 1473 1478 1618
f 1476 1512 1477
f 1477 1512 1619
f 1477 1619 1478
f 1478 1620 1621
f 1478 1621 1618
f 1478 1619 1622
f 1478 1622 1623
f 1478 1623 1624
f 1478 1624 1620
f 1480 1618 1621
f 1480 1621 1620
f 1480 1620 1600
f 1482 1527 1625
f 1482 1625 1626
f 1482 1626 1483
f 1483 1626 1484
f 1484 1627 1628
f 1484 1628 1486
f 1484 1486 1485
f 1484 1626 1627
f 1486 1628 1629
f 1486 1629 1487
f 1487 1629 1488
f 1488 1629 1630
f 1488 1630 1631
f 1488 1631 1489
f 1489 1631 1632
f 1489 1632 1633
f 1489 1633 1634
f 1489 1634 1492
f 1489 1492 1491
f 1489 1491 1490
f 1492 1634 1635
f 1492 1635 1493
f 1493 1635 1636
f 1493 1636 1494
f 1494 1636 1637
f 1494 1637 1638
f 1495 1638 1496
f 1496 1498 1497
f 1496 1638 1639
f 1496 1639 1640
f 1496 1640 1641
f 1496 1641 1498
f 1498 1641 1500
f 1499 1503 1504
f 1500 1641 1501
f 1501 1641 1642
f 1501 1642 1502
f 1502 1643 1503
f 1502 1642 1644
f 1502 1644 1645
f 1502 1645 1643
f 1503 1643 1505
f 1503 1505 1504
f 1505 1643 1646
f 1505 1646 1506
f 1506 1646 1647
f 1506 1647 1648
f 1506 1648 1649
f 1506 1649 1650
f 1506 1650 1507
f 1507 1650 1651
f 1507 1651 1509
f 1507 1509 1508
f 1509 1511 1510
f 1509 1651 1652
f 1509 1652 1653
f 1509 1653 1654
f 1509 1654 1655
f 1509 1655 1656
f 1509 1656 1657
f 1509 1657 1658
f 1509 1658 1511
f 1511 1658 1512
f 1512 1658 1657
f 1512 1657 1619
f 1513 1659 1660
f 1513 1660 1514
f 1513 1523 1659
f 1514 1660 1661
f 1514 1661 1515
f 1515 1661 1662
f 1515 1662 1663
f 1515 1663 1517
f 1515 1517 1516
f 1517 1663 1664
f 1517 1664 1518
f 1518 1664 1519
f 1519 1664 1665
f 1519 1665 1520
f 1520 1665 1666
f 1520 1666 1521
f 1521 1666 1667
f 1521 1667 1524
f 1522 1668 1669
f 1522 1669 1523
f 1523 1669 1659
f 1524 1667 1670
f 1524 1670 1525
f 1525 1670 1671
f 1525 1671 1526
f 1526 1671 1672
f 1526 1672 1527
f 1527 1673 1674
f 1527 1674 1675
f 1527 1675 1625
f 1527 1672 1673
f 1529 1676 1677
f 1529 1677 1530
f 1530 1677 1531
f 1531 1677 1678
f 1531 1678 1679
f 1531 1679 1680
f 1531 1680 1681
f 1531 1681 1532
f 1532 1681 1533
f 1533 1681 1682
f 1533 1682 1534
f 1534 1682 1535
f 1535 1682 1683
f 1535 1683 1684
f 1535 1684 1536
f 1536 1684 1537
f 1537 1540 1538
f 1537 1684 1685
f 1537 1685 1686
f 1537 1686 1687
f 1537 1687 1688
f 1537 1688 1540
f 1538 1540 1539
f 1540 1688 1689
f 1540 1689 1690
f 1540 1690 1691
f 1540 1691 1541
f 1541 1691 1543
f 1541 1543 1542
f 1543 1691 1692
f 1543 1692 1693
f 1543 1693 1544
f 1544 1693 1548
f 1544 1548 1545
f 1548 1693 1550
f 1548 1550 1549
f 1550 1693 1554
f 1551 1694 1695
f 1551 1695 1696
f 1551 1696 1552
f 1551 1554 1693
f 1551 1693 1692
f 1551 1692 1694
f 1552 1696 1555
f 1552 1555 1553
f 1555 1697 1698
f 1555 1698 1557
f 1555 1557 1559
f 1555 1559 1556
f 1555 1696 1697
f 1557 1699 1700
f 1557 1700 1701
f 1557 1701 1558
f 1557 1698 1702
f 1557 1702 1699
f 1558 1701 1560
f 1560 1701 1703
f 1560 1703 1704
f 1560 1704 1705
f 1560 1705 1561
f 1561 1705 1562
f 1562 1705 1706
f 1562 1706 1707
f 1562 1707 1563
f 1563 1707 1564
f 1564 1707 1708
f 1564 1708 1709
f 1564 1709 1565
f 1565 1709 1710
f 1565 1710 1711
f 1565 1711 1712
f 1565 1712 1566
f 1566 1712 1711
f 1566 1711 1713
f 1566 1713 1567
f 1567 1713 1568
f 1568 1713 1714
f 1568 1714 1715
f 1568 1715 1716
f 1568 1716 1569
f 1569 1716 1717
f 1569 1717 1718
f 1569 1718 1570
f 1570 1718 1717
f 1570 1717 1719
f 1570 1719 1571
f 1571 1719 1720
f 1571 1720 1721
f 1571 1721 1572
f 1572 1721 1574
f 1574 1721 1722
f 1574 1722 1723
f 1574 1723 1579
f 1574 1579 1575
f 1576 1579 1724
f 1576 1724 1725
f 1576 1725 1577
f 1577 1725 1578
f 1578 1725 1726
f 1578 1726 1580
f 1579 1723 1727
f 1579 1727 1728
f 1579 1728 1729
f 1579 1729 1724
f 1580 1726 1725
f 1580 1725 1730
f 1580 1730 1581
f 1581 1731 1582
f 1581 1730 1731
f 1582 1731 1732
f 1582 1732 1733
f 1582 1733 1583
f 1583 1733 1734
f 1583 1734 1735
f 1583 1735 1584
f 1584 1735 1736
f 1584 1736 1586
f 1584 1586 1585
f 1586 1736 1587
f 1587 1736 1737
f 1587 1737 1738
f 1587 1738 1588
f 1588 1738 1589
f 1589 1738 1739
f 1589 1739 1740
f 1589 1740 1590
f 1590 1740 1591
f 1591 1740 1741
f 1591 1741 1594
f 1591 1594 1593
f 1591 1593 1592
f 1594 1741 1742
f 1594 1742 1595
f 1595 1742 1743
f 1595 1743 1744
f 1595 1744 1596
f 1596 1744 1745
f 1596 1745 1597
f 1597 1599 1598
f 1600 1620 1746
f 1600 1746 1747
f 1600 1747 1613
f 1601 1612 1602
f 1602 1612 1748
f 1602 1748 1749
f 1602 1749 1750
f 1602 1750 1751
f 1602 1751 1603
f 1603 1751 1752
f 1603 1752 1753
f 1603 1753 1616
f 1605 1747 1606
f 1605 1613 1747
f 1606 1747 1607
f 1607 1747 1608
f 1608 1747 1754
f 1608 1754 1755
f 1608 1755 1609
f 1609 1756 1748
f 1609 1748 1610
f 1609 1755 1757
f 1609 1757 1758
f 1609 1758 1759
f 1609 1759 1756
f 1610 1748 1611
f 1611 1748 1612
f 1619 1623 1622
f 1619 1657 1623
f 1620 1624 1746
f 1623 1657 1760
f 1623 1760 1624
f 1624 1760 1761
f 1624 1761 1762
f 1624 1762 1763
f 1624 1763 1746
f 1625 1675 1626
f 1626 1675 1764
f 1626 1764 1627
f 1627 1764 1765
f 1627 1765 1766
f 1627 1766 1767
f 1627 1767 1768
f 1627 1768 1628
f 1628 1768 1629
f 1629 1768 1769
f 1629 1769 1630
f 1630 1769 1632
f 1630 1632 1631
f 1632 1769 1770
f 1632 1770 1771
f 1632 1771 1634
f 1632 1634 1633
f 1634 1771 1635
f 1635 1772 1636
f 1635 1771 1772
f 1636 1772 1773
f 1636 1773 1774
f 1636 1774 1637
f 1637 1774 1775
f 1637 1775 1776
f 1637 1776 1777
f 1637 1777 1638
f 1638 1777 1639
f 1639 1777 1778
f 1639 1778 1779
f 1639 1779 1780
f 1639 1780 1781
f 1639 1781 1782
f 1639 1782 1640
f 1640 1782 1641
f 1641 1782 1642
f 1642 1782 1783
f 1642 1783 1644
f 1643 1645 1646
f 1644 1783 1784
f 1644 1784 1785
f 1644 1785 1645
f 1645 1785 1784
f 1645 1784 1786
f 1645 1786 1787
f 1645 1787 1788
f 1645 1788 1646
f 1646 1788 1647
f 1647 1788 1648
f 1648 1788 1789
f 1648 1789 1649
f 1649 1789 1650
f 1650 1789 1790
f 1650 1790 1651
f 1651 1790 1652
f 1652 1791 1653
f 1652 1790 1791
f 1653 1792 1654
f 1653 1791 1793
f 1653 1793 1794
f 1653 1794 1792
f 1654 1792 1655
f 1655 1795 1796
f 1655 1796 1656
f 1655 1792 1795
f 1656 1796 1797
f 1656 1797 1657
f 1657 1797 1798
f 1657 1798 1799
f 1657 1799 1760
f 1659 1800 1801
f 1659 1801 1660
f 1659 1669 1800
f 1660 1801 1802
f 1660 1802 1661
f 1661 1802 1803
f 1661 1803 1662
f 1662 1803 1804
f 1662 1804 1663
f 1663 1804 1805
f 1663 1805 1664
f 1664 1805 1806
f 1664 1806 1807
f 1664 1807 1665
f 1665 1807 1806
f 1665 1806 1808
f 1665 1808 1809
f 1665 1809 1810
f 1665 1810 1666
f 1666 1810 1811
f 1666 1811 1667
f 1667 1811 1670
f 1668 1812 1669
f 1669 1812 1800
f 1670 1811 1813
f 1670 1813 1814
f 1670 1814 1671
f 1671 1814 1815
f 1671 1815 1672
f 1672 1815 1674
f 1672 1674 1673
f 1674 1816 1675
f 1674 1815 1816
f 1675 1816 1817
f 1675 1817 1764
f 1676 1818 1677
f 1677 1818 1819
f 1677 1819 1678
f 1678 1819 1820
f 1678 1820 1679
f 1679 1821 1680
f 1679 1820 1822
f 1679 1822 1823
f 1679 1823 1824
f 1679 1824 1825
f 1679 1825 1821
f 1680 1821 1681
f 1681 1821 1826
f 1681 1826 1683
f 1681 1683 1682
f 1683 1826 1684
f 1684 1826 1827
f 1684 1827 1828
f 1684 1828 1685
f 1685 1828 1686
f 1686 1689 1687
f 1686 1828 1829
f 1686 1829 1830
f 1686 1830 1831
f 1686 1831 1689
f 1687 1689 1688
f 1689 1831 1832
f 1689 1832 1833
f 1689 1833 1834
f 1689 1834 1694
f 1689 1694 1690
f 1690 1694 1691
f 1691 1694 1692
f 1694 1834 1835
f 1694 1835 1836
f 1694 1836 1695
f 1695 1836 1697
f 1695 1697 1696
f 1697 1835 1837
f 1697 1837 1699
f 1697 1699 1702
f 1697 1702 1698
f 1697 1836 1835
f 1699 1838 1839
f 1699 1839 1840
f 1699 1840 1700
f 1699 1837 1841
f 1699 1841 1838
f 1700 1840 1703
f 1700 1703 1701
f 1703 1842 1843
f 1703 1843 1844
f 1703 1844 1704
f 1703 1840 1842
f 1704 1844 1705
f 1705 1844 1845
f 1705 1845 1846
f 1705 1846 1706
f 1706 1847 1707
f 1706 1846 1847
f 1707 1847 1708
f 1708 1847 1848
f 1708 1848 1709
f 1709 1848 1849
f 1709 1849 1850
f 1709 1850 1710
f 1710 1850 1851
f 1710 1851 1852
f 1710 1852 1711
f 1711 1851 1713
f 1711 1852 1851
f 1713 1851 1853
f 1713 1853 1854
f 1713 1854 1855
f 1713 1855 1714
f 1714 1855 1715
f 1715 1855 1716
f 1716 1855 1856
f 1716 1856 1857
f 1716 1857 1717
f 1717 1857 1719
f 1719 1857 1858
f 1719 1858 1859
f 1719 1859 1720
f 1720 1859 1766
f 1720 1766 1860
f 1720 1860 1861
f 1720 1861 1721
f 1721 1861 1862
f 1721 1862 1722
f 1722 1862 1723
f 1723 1862 1817
f 1723 1817 1727
f 1724 1729 1816
f 1724 1816 1725
f 1725 1816 1863
f 1725 1863 1815
f 1725 1815 1814
f 1725 1814 1813
f 1725 1813 1730
f 1727 1817 1728
f 1728 1817 1816
f 1728 1816 1729
f 1730 1813 1731
f 1731 1813 1811
f 1731 1811 1732
f 1732 1811 1810
f 1732 1810 1733
f 1733 1810 1734
f 1734 1810 1735
f 1735 1810 1809
f 1735 1809 1736
f 1736 1809 1808
f 1736 1808 1806
f 1736 1806 1864
f 1736 1864 1737
f 1737 1805 1738
f 1737 1864 1805
f 1738 1805 1804
f 1738 1804 1803
f 1738 1803 1739
f 1739 1803 1740
f 1740 1802 1801
f 1740 1801 1741
f 1740 1803 1802
f 1741 1801 1742
f 1742 1801 1800
f 1742 1800 1743
f 1743 1812 1865
f 1743 1865 1866
f 1743 1866 1744
f 1743 1800 1812
f 1746 1763 1747
f 1747 1763 1762
f 1747 1762 1867
f 1747 1867 1754
f 1748 1756 1868
f 1748 1868 1869
f 1748 1869 1870
f 1748 1870 1749
f 1749 1870 1871
f 1749 1871 1872
f 1749 1872 1751
f 1749 1751 1750
f 1754 1873 1755
f 1754 1867 1873
f 1755 1758 1757
f 1755 1873 1874
f 1755 1874 1875
f 1755 1875 1876
f 1755 1876 1758
f 1756 1877 1878
f 1756 1878 1868
f 1756 1759 1882
f 1756 1882 1877
f 1758 1879 1759
f 1758 1876 1875
f 1758 1875 1880
f 1758 1880 1879
f 1759 1879 1881
f 1759 1881 1882
f 1760 1799 1761
f 1761 1799 1883
f 1761 1883 1884
f 1761 1884 1867
f 1761 1867 1762
f 1764 1817 1862
f 1764 1862 1765
f 1765 1862 1860
f 1765 1860 1766
f 1766 1859 1767
f 1767 1859 1885
f 1767 1885 1769
f 1767 1769 1768
f 1769 1885 1886
f 1769 1886 1770
f 1770 1886 1887
f 1770 1887 1888
f 1770 1888 1771
f 1771 1888 1889
f 1771 1889 1772
f 1772 1889 1773
f 1773 1889 1890
f 1773 1890 1774
f 1774 1890 1775
f 1775 1890 1891
f 1775 1891 1776
f 1776 1892 1778
f 1776 1778 1777
f 1776 1891 1892
f 1778 1892 1893
f 1778 1893 1894
f 1778 1894 1779
f 1779 1894 1780
f 1780 1895 1781
f 1780 1894 1896
f 1780 1896 1897
f 1780 1897 1895
f 1781 1895 1782
f 1782 1895 1898
f 1782 1898 1783
f 1783 1898 1895
f 1783 1895 1899
f 1783 1899 1900
f 1783 1900 1784
f 1784 1901 1786
f 1784 1900 1902
f 1784 1902 1901
f 1786 1901 1787
f 1787 1903 1791
f 1787 1791 1788
f 1787 1901 1903
f 1788 1791 1789
f 1789 1791 1790
f 1791 1903 1902
f 1791 1902 1793
f 1792 1794 1795
f 1793 1904 1905
f 1793 1905 1794
f 1793 1902 1904
f 1794 1905 1906
f 1794 1906 1795
f 1795 1906 1907
f 1795 1907 1908
f 1795 1908 1796
f 1796 1908 1909
f 1796 1909 1798
f 1796 1798 1797
f 1798 1909 1910
f 1798 1910 1799
f 1799 1910 1883
f 1805 1864 1806
f 1815 1863 1816
f 1819 1911 1820
f 1820 1911 1912
f 1820 1912 1822
f 1821 1825 1913
f 1821 1913 1827
f 1821 1827 1826
f 1822 1912 1914
f 1822 1914 1823
f 1823 1914 1915
f 1823 1915 1916
f 1823 1916 1824
f 1824 1913 1825
f 1824 1916 1917
f 1824 1917 1918
f 1824 1918 1913
f 1827 1913 1828
f 1828 1913 1918
f 1828 1918 1919
f 1828 1919 1829
f 1829 1919 1920
f 1829 1920 1830
f 1830 1920 1921
f 1830 1921 1922
f 1830 1922 1832
f 1830 1832 1831
f 1832 1835 1833
f 1832 1922 1923
f 1832 1923 1924
f 1832 1924 1835
f 1833 1835 1834
f 1835 1924 1838
f 1835 1838 1841
f 1835 1841 1837
f 1838 1925 1926
f 1838 1926 1839
f 1838 1924 1923
f 1838 1923 1925
f 1839 1926 1842
f 1839 1842 1840
f 1842 1926 1927
f 1842 1927 1907
f 1842 1907 1843
f 1843 1907 1844
f 1844 1907 1928
f 1844 1928 1929
f 1844 1929 1845
f 1845 1929 1904
f 1845 1904 1930
f 1845 1930 1846
f 1846 1930 1931
f 1846 1931 1847
f 1847 1931 1848
f 1848 1932 1933
f 1848 1933 1849
f 1848 1931 1932
f 1849 1933 1934
f 1849 1934 1850
f 1850 1934 1935
f 1850 1935 1851
f 1851 1935 1936
f 1851 1936 1937
f 1851 1937 1853
f 1853 1937 1938
f 1853 1938 1939
f 1853 1939 1940
f 1853 1940 1854
f 1854 1939 1855
f 1854 1940 1939
f 1855 1939 1856
f 1856 1939 1941
f 1856 1941 1887
f 1856 1887 1857
f 1857 1887 1858
f 1858 1887 1886
f 1858 1886 1885
f 1858 1885 1859
f 1860 1862 1861
f 1867 1884 1942
f 1867 1942 1873
f 1868 1878 1943
f 1868 1943 1869
f 1869 1943 1870
f 1870 1943 1871
f 1873 1942 1874
f 1874 1944 1945
f 1874 1945 1875
f 1874 1942 1944
f 1875 1946 1880
f 1875 1945 1947
f 1875 1947 1946
f 1879 1880 1948
f 1879 1948 1881
f 1880 1946 1948
f 1883 1910 1949
f 1883 1949 1884
f 1884 1949 1950
f 1884 1950 1942
f 1887 1889 1888
f 1887 1941 1889
f 1889 1941 1939
f 1889 1939 1890
f 1890 1939 1891
f 1891 1939 1938
f 1891 1938 1892
f 1892 1938 1937
f 1892 1937 1936
f 1892 1936 1893
f 1893 1936 1935
f 1893 1935 1951
f 1893 1951 1894
f 1894 1951 1935
f 1894 1935 1934
f 1894 1934 1896
f 1895 1897 1952
f 1895 1952 1899
f 1896 1933 1953
f 1896 1953 1954
f 1896 1954 1897
f 1896 1934 1933
f 1897 1954 1952
f 1899 1952 1900
f 1900 1955 1902
f 1900 1952 1955
f 1901 1902 1903
f 1902 1955 1956
f 1902 1956 1957
f 1902 1957 1904
f 1904 1957 1958
f 1904 1958 1930
f 1904 1929 1905
f 1905 1929 1928
f 1905 1928 1906
f 1906 1928 1907
f 1907 1927 1909
f 1907 1909 1908
f 1909 1927 1959
f 1909 1959 1910
f 1910 1959 1960
f 1910 1960 1949
f 1914 1961 1915
f 1915 1961 1962
f 1915 1962 1963
f 1915 1963 1916
f 1916 1963 1964
f 1916 1964 1917
f 1917 1919 1918
f 1917 1964 1965
f 1917 1965 1966
f 1917 1966 1919
f 1919 1966 1967
f 1919 1967 1920
f 1920 1967 1921
f 1921 1968 1969
f 1921 1969 1960
f 1921 1960 1970
f 1921 1970 1923
f 1921 1923 1922
f 1921 1967 1968
f 1923 1970 1925
f 1925 1970 1960
f 1925 1960 1926
f 1926 1960 1959
f 1926 1959 1927
f 1930 1958 1931
f 1931 1958 1932
f 1932 1958 1971
f 1932 1971 1954
f 1932 1954 1953
f 1932 1953 1933
f 1942 1950 1944
f 1944 1950 1968
f 1944 1968 1972
f 1944 1972 1945
f 1945 1972 1965
f 1945 1965 1947
f 1946 1973 1974
f 1946 1974 1948
f 1946 1947 1975
f 1946 1975 1976
f 1946 1976 1973
f 1947 1965 1977
f 1947 1977 1975
f 1949 1960 1950
f 1950 1960 1969
f 1950 1969 1968
f 1952 1954 1955
f 1954 1971 1955
f 1955 1971 1956
f 1956 1971 1958
f 1956 1958 1957
f 1962 1978 1963
f 1963 1978 1981
f 1963 1981 1979
f 1963 1979 1977
f 1963 1977 1964
f 1964 1977 1965
f 1965 1972 1966
f 1966 1972 1967
f 1967 1972 1968
f 1975 1977 1979
f 1975 1979 1980
f 1975 1980 1976
f 1979 1981 1980

