# Blender 4.0.2
# www.blender.org
o SoapDispenser001_Clear
v -0.013636 -0.001049 0.054259
v -0.012899 -0.004546 0.054258
v -0.011283 -0.007729 0.054257
v -0.009652 -0.009652 0.054258
v -0.007465 -0.011459 0.054258
v -0.004392 -0.012942 0.054259
v -0.001052 -0.013636 0.054257
v 0.001782 -0.013533 0.054258
v 0.004392 -0.012942 0.054258
v 0.006825 -0.011821 0.054258
v 0.008899 -0.010385 0.054257
v 0.011283 -0.007728 0.054258
v 0.012611 -0.005224 0.054258
v 0.013382 -0.002821 0.054257
v 0.013656 0.000738 0.054258
v 0.013185 0.003533 0.054258
v 0.012335 0.005908 0.054257
v 0.010290 0.009026 0.054258
v 0.007465 0.011459 0.054258
v 0.004393 0.012942 0.054258
v 0.001782 0.013533 0.054258
v -0.001051 0.013636 0.054258
v -0.003533 0.013185 0.054258
v -0.006190 0.012196 0.054258
v -0.008310 0.010829 0.054258
v -0.010385 0.008899 0.054258
v -0.012335 0.005907 0.054258
v -0.013443 0.002515 0.054257
v -0.013248 -0.002512 0.055998
v -0.012164 -0.005821 0.056002
v -0.010217 -0.008804 0.055999
v -0.007595 -0.011148 0.055988
v -0.005150 -0.012438 0.055991
v -0.002543 -0.013246 0.055998
v 0.000906 -0.013445 0.056009
v 0.003482 -0.013000 0.055999
v 0.006020 -0.012065 0.056009
v 0.008969 -0.010062 0.056017
v 0.011272 -0.007386 0.056018
v 0.012774 -0.004279 0.056036
v 0.013445 -0.000777 0.056046
v 0.013182 0.002741 0.056046
v 0.012054 0.005993 0.056063
v 0.010112 0.008864 0.056082
v 0.007568 0.011130 0.056059
v 0.004375 0.012739 0.056058
v 0.000888 0.013418 0.056081
v -0.002516 0.013225 0.056049
v -0.005810 0.012145 0.056054
v -0.008795 0.010199 0.056045
v -0.011137 0.007583 0.056023
v -0.012707 0.004483 0.056024
v -0.013442 0.000997 0.056016
v -0.015987 -0.003387 0.046749
v -0.014578 -0.007362 0.046826
v -0.012311 -0.010724 0.046788
v -0.007393 -0.014562 0.046820
v -0.001238 -0.016285 0.046815
v 0.005246 -0.015454 0.046820
v 0.009065 -0.013601 0.046815
v 0.012247 -0.010786 0.046826
v 0.013971 -0.008410 0.046801
v 0.015432 -0.005347 0.046758
v 0.016116 -0.002492 0.046806
v 0.016287 0.001206 0.046822
v 0.015492 0.005170 0.046758
v 0.012247 0.010786 0.046826
v 0.007042 0.014747 0.046752
v 0.003184 0.016005 0.046831
v -0.000000 0.016300 0.046820
v -0.003184 0.016006 0.046831
v -0.009066 0.013569 0.046831
v -0.012187 0.010871 0.046822
v -0.015994 0.003358 0.046744
v -0.016085 -0.002924 0.054030
v -0.014990 -0.006114 0.054117
v -0.013481 -0.009242 0.054031
v -0.010487 -0.012418 0.054074
v -0.007472 -0.014542 0.054031
v -0.004344 -0.015603 0.054111
v -0.001261 -0.016296 0.054032
v 0.003158 -0.016056 0.054031
v 0.007273 -0.014628 0.054032
v 0.010633 -0.012413 0.054032
v 0.013580 -0.009126 0.054032
v 0.014948 -0.006195 0.054121
v 0.016026 -0.003151 0.054031
v 0.016327 0.000809 0.054032
v 0.015654 0.004190 0.054105
v 0.014737 0.007068 0.054032
v 0.012856 0.009862 0.054105
v 0.010944 0.012006 0.054079
v 0.008080 0.014029 0.054114
v 0.005435 0.015415 0.054032
v 0.002249 0.016036 0.054113
v -0.000887 0.016323 0.054032
v -0.005230 0.015503 0.054031
v -0.009023 0.013619 0.054031
v -0.011466 0.011462 0.054090
v -0.013722 0.008886 0.054031
v -0.015472 0.004947 0.054081
v -0.016303 0.001046 0.054028
v -0.015853 -0.003207 0.054207
v -0.014000 -0.008048 0.054200
v -0.012132 -0.010698 0.054221
v -0.007057 -0.014553 0.054207
v -0.002104 -0.016011 0.054200
v 0.001186 -0.016146 0.054192
v 0.005438 -0.015240 0.054199
v 0.009099 -0.013390 0.054190
v 0.011421 -0.011416 0.054200
v 0.013448 -0.009002 0.054183
v 0.015894 -0.003107 0.054199
v 0.016146 0.001174 0.054190
v 0.014455 0.007327 0.054173
v 0.009807 0.012830 0.054200
v 0.005023 0.015387 0.054195
v -0.001204 0.016144 0.054191
v -0.005295 0.015268 0.054208
v -0.008954 0.013477 0.054216
v -0.012821 0.009820 0.054202
v -0.014505 0.007143 0.054198
v -0.016159 0.001037 0.054202
v 0.008382 -0.009434 0.056745
v 0.005917 -0.011133 0.056755
v 0.002322 -0.012383 0.056739
v -0.001668 -0.012469 0.056725
v -0.005492 -0.011310 0.056730
v -0.008752 -0.009035 0.056725
v -0.011141 -0.005879 0.056728
v -0.012235 -0.002938 0.056736
v -0.012643 -0.000111 0.056741
v -0.012097 0.003806 0.056751
v -0.010792 0.006652 0.056762
v -0.009077 0.008942 0.056771
v -0.005926 0.011320 0.056781
v -0.002176 0.012620 0.056805
v 0.001809 0.012697 0.056799
v 0.004803 0.011861 0.056803
v 0.007308 0.010546 0.056814
v 0.010184 0.007786 0.056797
v 0.011714 0.005076 0.056792
v 0.012558 0.002379 0.056795
v 0.012644 -0.001607 0.056771
v 0.011810 -0.004613 0.056763
v 0.010501 -0.007117 0.056763
v 0.006638 -0.010631 0.059666
v 0.005021 -0.011583 0.059402
v 0.002331 -0.012420 0.059519
v -0.001658 -0.012504 0.059683
v -0.005478 -0.011352 0.059846
v -0.008755 -0.009076 0.060010
v -0.011168 -0.005899 0.060174
v -0.012481 -0.002133 0.060337
v -0.012565 0.001855 0.060501
v -0.011413 0.005674 0.060665
v -0.009138 0.008950 0.060829
v -0.005962 0.011362 0.060993
v -0.002196 0.012674 0.061157
v 0.001790 0.012758 0.061322
v 0.005607 0.011606 0.061486
v 0.008881 0.009331 0.061651
v 0.011291 0.006157 0.061816
v 0.012603 0.002393 0.061980
v 0.012687 -0.001592 0.062145
v 0.011536 -0.005407 0.062309
v 0.009263 -0.008679 0.062473
v 0.006090 -0.011089 0.062637
v 0.002328 -0.012400 0.062801
v -0.001655 -0.012485 0.062965
v -0.005469 -0.011335 0.063129
v -0.008741 -0.009063 0.063292
v -0.011150 -0.005891 0.063456
v -0.012462 -0.002130 0.063619
v -0.012547 0.001852 0.063783
v -0.011397 0.005665 0.063946
v -0.009125 0.008936 0.064110
v -0.005954 0.011345 0.064274
v -0.002194 0.012656 0.064438
v 0.000966 0.012790 0.064568
v 0.003829 0.012289 0.064691
v 0.007402 0.010531 0.064856
v 0.010256 0.007753 0.065021
v 0.012112 0.004230 0.065185
v 0.012788 0.000307 0.065350
v 0.012238 -0.003566 0.065501
v 0.010932 -0.006413 0.065637
v 0.009135 -0.008762 0.065774
v 0.006776 -0.010632 0.065883
v 0.004252 -0.011878 0.065999
v 0.000337 -0.012583 0.066163
v -0.003605 -0.012044 0.066326
v -0.007188 -0.010313 0.066490
v -0.010060 -0.007560 0.066653
v -0.011941 -0.004054 0.066816
v -0.012646 -0.000139 0.066979
v -0.012106 0.003803 0.067143
v -0.010376 0.007384 0.067307
v -0.007622 0.010256 0.067470
v -0.004875 0.011806 0.067599
v -0.002083 0.012662 0.067723
v 0.001895 0.012712 0.067888
v 0.005694 0.011530 0.068052
v 0.008941 0.009232 0.068216
v 0.011318 0.006043 0.068381
v 0.012594 0.002275 0.068545
v 0.012642 -0.001702 0.068709
v 0.011532 -0.005361 0.068814
v 0.006664 -0.010608 0.057613
v 0.003986 -0.011962 0.058053
v 0.000131 -0.012577 0.058163
v -0.003801 -0.011976 0.058327
v -0.007355 -0.010188 0.058491
v -0.010182 -0.007389 0.058656
v -0.012005 -0.003854 0.058820
v -0.012647 0.000072 0.058984
v -0.012043 0.004004 0.059149
v -0.010235 0.007582 0.059304
v -0.007368 0.010445 0.059484
v -0.003818 0.012237 0.059647
v 0.000113 0.012846 0.059811
v 0.004039 0.012210 0.059974
v 0.007577 0.010392 0.060137
v 0.010381 0.007569 0.060301
v 0.012174 0.004018 0.060464
v 0.012784 0.000087 0.060627
v 0.012148 -0.003841 0.060791
v 0.010329 -0.007381 0.060955
v 0.007631 -0.010068 0.061094
v 0.005038 -0.011538 0.061235
v 0.002037 -0.012436 0.061371
v -0.001875 -0.012443 0.061522
v -0.005666 -0.011228 0.061687
v -0.008897 -0.008901 0.061851
v -0.011251 -0.005688 0.062016
v -0.012497 -0.001905 0.062180
v -0.012595 0.000999 0.062304
v -0.012023 0.004109 0.062434
v -0.010203 0.007651 0.062598
v -0.007377 0.010457 0.062762
v -0.003822 0.012252 0.062926
v 0.000114 0.012861 0.063089
v 0.004046 0.012224 0.063253
v 0.007588 0.010403 0.063416
v 0.010395 0.007576 0.063580
v 0.012190 0.004020 0.063743
v 0.012799 0.000083 0.063907
v 0.012162 -0.003849 0.064071
v 0.010341 -0.007393 0.064234
v 0.007514 -0.010200 0.064398
v 0.003957 -0.011997 0.064563
v 0.000019 -0.012606 0.064727
v -0.003915 -0.011970 0.064892
v -0.007460 -0.010148 0.065056
v -0.010269 -0.007320 0.065221
v -0.012067 -0.003762 0.065386
v -0.012677 0.000178 0.065550
v -0.012040 0.004114 0.065715
v -0.010218 0.007661 0.065879
v -0.007388 0.010471 0.066043
v -0.003828 0.012270 0.066207
v 0.000114 0.012880 0.066371
v 0.004051 0.012242 0.066535
v 0.007599 0.010419 0.066698
v 0.010410 0.007588 0.066862
v 0.012209 0.004027 0.067025
v 0.012819 0.000084 0.067189
v 0.012181 -0.003854 0.067353
v 0.010979 -0.006403 0.067470
v 0.009811 -0.007872 0.067206
v 0.006108 -0.012375 0.058845
v 0.002134 -0.013707 0.058851
v -0.002246 -0.013670 0.059007
v -0.006401 -0.012281 0.059164
v -0.009922 -0.009677 0.059320
v -0.012467 -0.006112 0.059476
v -0.013785 -0.001935 0.059632
v -0.013748 0.002444 0.059788
v -0.012360 0.006598 0.059944
v -0.009756 0.010119 0.060101
v -0.006191 0.012662 0.060257
v -0.002016 0.013980 0.060414
v 0.002363 0.013942 0.060571
v 0.006514 0.012554 0.060727
v 0.010034 0.009951 0.060884
v 0.012576 0.006388 0.061041
v 0.013893 0.002214 0.061198
v 0.013855 -0.002163 0.061355
v 0.012467 -0.006313 0.061512
v 0.009865 -0.009831 0.061669
v 0.006304 -0.012373 0.061825
v 0.002132 -0.013690 0.061981
v -0.002243 -0.013653 0.062137
v -0.006393 -0.012266 0.062293
v -0.009910 -0.009665 0.062449
v -0.012452 -0.006104 0.062605
v -0.013769 -0.001932 0.062761
v -0.013732 0.002442 0.062917
v -0.012345 0.006591 0.063073
v -0.009744 0.010107 0.063229
v -0.006184 0.012648 0.063386
v -0.003253 0.013680 0.063497
v 0.000142 0.014118 0.063611
v 0.004292 0.013469 0.063804
v 0.008256 0.011463 0.063965
v 0.011353 0.008375 0.064122
v 0.013344 0.004482 0.064279
v 0.014035 0.000165 0.064436
v 0.013620 -0.003054 0.064516
v 0.012454 -0.006307 0.064640
v 0.009855 -0.009821 0.064796
v 0.006297 -0.012360 0.064953
v 0.002129 -0.013675 0.065109
v -0.002241 -0.013638 0.065265
v -0.006386 -0.012253 0.065421
v -0.009900 -0.009654 0.065576
v -0.012439 -0.006097 0.065732
v -0.013755 -0.001930 0.065888
v -0.013718 0.002440 0.066044
v -0.012333 0.006585 0.066199
v -0.009734 0.010098 0.066356
v -0.006211 0.012619 0.066501
v -0.003251 0.013667 0.066623
v 0.000091 0.014112 0.066747
v 0.004406 0.013418 0.066903
v 0.008296 0.011424 0.067060
v 0.011379 0.008326 0.067217
v 0.013353 0.004428 0.067373
v 0.014027 0.000110 0.067530
v 0.013326 -0.004239 0.067680
v 0.011612 -0.007590 0.068029
v 0.013483 -0.003838 0.068021
v 0.014055 0.000504 0.067864
v 0.013257 0.004811 0.067708
v 0.011167 0.008660 0.067552
v 0.007990 0.011676 0.067396
v 0.004037 0.013561 0.067240
v -0.000305 0.014133 0.067084
v -0.004612 0.013335 0.066928
v -0.008460 0.011246 0.066771
v -0.011474 0.008069 0.066615
v -0.013359 0.004117 0.066458
v -0.013930 -0.000224 0.066301
v -0.013132 -0.004529 0.066144
v -0.011042 -0.008376 0.065987
v -0.007867 -0.011388 0.065830
v -0.003916 -0.013272 0.065674
v 0.000423 -0.013843 0.065517
v 0.004726 -0.013045 0.065360
v 0.008571 -0.010957 0.065203
v 0.011583 -0.007783 0.065047
v 0.013466 -0.003834 0.064891
v 0.014037 0.000504 0.064734
v 0.013240 0.004806 0.064578
v 0.011153 0.008650 0.064423
v 0.007980 0.011662 0.064267
v 0.004032 0.013545 0.064111
v -0.000305 0.014117 0.063955
v -0.004606 0.013319 0.063799
v -0.008450 0.011233 0.063643
v -0.011461 0.008060 0.063486
v -0.012890 0.005301 0.063375
v -0.013795 0.001999 0.063260
v -0.013729 -0.002201 0.063068
v -0.012293 -0.006405 0.062907
v -0.009665 -0.009901 0.062750
v -0.006087 -0.012413 0.062593
v -0.001908 -0.013697 0.062436
v 0.001338 -0.013734 0.062356
v 0.004721 -0.013031 0.062232
v 0.008562 -0.010945 0.062076
v 0.011571 -0.007774 0.061919
v 0.013452 -0.003829 0.061763
v 0.014023 0.000504 0.061607
v 0.013227 0.004801 0.061451
v 0.011142 0.008642 0.061296
v 0.007972 0.011651 0.061140
v 0.004028 0.013532 0.060984
v -0.000305 0.014103 0.060828
v -0.004602 0.013307 0.060672
v -0.008442 0.011222 0.060516
v -0.011428 0.008083 0.060370
v -0.012877 0.005297 0.060249
v -0.013782 0.002049 0.060125
v -0.013694 -0.002321 0.059969
v -0.012260 -0.006450 0.059812
v -0.009620 -0.009933 0.059655
v -0.006034 -0.012430 0.059499
v -0.001851 -0.013697 0.059342
v 0.002552 -0.013608 0.059191
v -0.041001 0.000000 0.037017
v -0.038097 -0.000002 -0.095877
v -0.036040 0.002362 -0.097830
v -0.029588 -0.022460 -0.097717
v -0.005028 -0.036723 -0.097768
v 0.007471 -0.036464 -0.097699
v 0.029532 -0.022494 -0.097728
v 0.031207 0.020241 -0.097720
v -0.016799 0.033188 -0.097718
v -0.027459 0.023517 -0.097828
v -0.033563 0.016049 -0.097715
v -0.037849 0.000000 -0.097074
v -0.037221 0.002440 -0.097642
v -0.036948 -0.004864 -0.097631
v -0.034968 -0.014484 -0.097074
v -0.035369 -0.011537 -0.097713
v -0.032274 -0.018633 -0.097630
v -0.026763 -0.026763 -0.097074
v -0.024205 -0.028202 -0.097738
v -0.018633 -0.032274 -0.097630
v -0.014261 -0.034430 -0.097630
v -0.009645 -0.035997 -0.097630
v -0.004940 -0.037525 -0.097074
v -0.000000 -0.037266 -0.097630
v 0.014484 -0.034968 -0.097074
v 0.014261 -0.034430 -0.097630
v 0.018645 -0.032106 -0.097733
v 0.022686 -0.029565 -0.097630
v 0.026351 -0.026351 -0.097630
v 0.032274 -0.018633 -0.097630
v 0.034452 -0.013941 -0.097694
v 0.036559 -0.009796 -0.097074
v 0.036585 -0.007277 -0.097642
v 0.037040 0.000114 -0.097782
v 0.036585 0.007277 -0.097642
v 0.034430 0.014261 -0.097631
v 0.026763 0.026763 -0.097074
v 0.026351 0.026351 -0.097631
v 0.020881 0.030702 -0.097759
v 0.014261 0.034430 -0.097630
v 0.009957 0.035814 -0.097704
v 0.002440 0.037221 -0.097642
v -0.004517 0.036793 -0.097756
v -0.009645 0.035997 -0.097630
v -0.014484 0.034968 -0.097074
v -0.022686 0.029565 -0.097631
v -0.026763 0.026763 -0.097074
v -0.026351 0.026351 -0.097631
v -0.029566 0.022686 -0.097631
v -0.032778 0.018924 -0.097074
v -0.035997 0.009645 -0.097631
v -0.042607 0.005610 0.034046
v -0.042607 -0.005609 0.034046
v -0.041512 -0.011120 0.034039
v -0.037217 -0.021487 0.034045
v -0.034094 -0.026161 0.034046
v -0.026162 -0.034093 0.034046
v -0.021491 -0.037216 0.034040
v -0.016449 -0.039703 0.034040
v -0.011126 -0.041510 0.034040
v -0.000001 -0.042975 0.034046
v 0.005608 -0.042607 0.034046
v 0.011120 -0.041512 0.034040
v 0.021486 -0.037218 0.034046
v 0.026160 -0.034095 0.034046
v 0.034093 -0.026162 0.034046
v 0.037217 -0.021487 0.034045
v 0.039704 -0.016446 0.034041
v 0.042607 -0.005611 0.034046
v 0.042608 0.005609 0.034041
v 0.041512 0.011120 0.034040
v 0.039705 0.016443 0.034040
v 0.037219 0.021485 0.034040
v 0.034097 0.026159 0.034040
v 0.026162 0.034093 0.034045
v 0.021488 0.037216 0.034045
v 0.016447 0.039703 0.034045
v 0.005613 0.042607 0.034039
v 0.000003 0.042975 0.034039
v -0.005606 0.042608 0.034040
v -0.011120 0.041512 0.034040
v -0.021488 0.037218 0.034041
v -0.026159 0.034097 0.034040
v -0.034093 0.026162 0.034045
v -0.039703 0.016447 0.034046
v -0.041510 0.011124 0.034046
v -0.042191 0.000000 0.036328
v -0.042434 0.005586 0.035412
v -0.042434 -0.005587 0.035412
v -0.041342 -0.011078 0.035412
v -0.039621 -0.016410 0.035199
v -0.037066 -0.021400 0.035412
v -0.033473 -0.025684 0.036328
v -0.033956 -0.026055 0.035412
v -0.030294 -0.030352 0.035228
v -0.025684 -0.033473 0.036328
v -0.026055 -0.033956 0.035412
v -0.021400 -0.037066 0.035412
v -0.016146 -0.038980 0.036328
v -0.016379 -0.039542 0.035412
v -0.010920 -0.040754 0.036328
v -0.011078 -0.041342 0.035412
v -0.005598 -0.042515 0.035246
v -0.000000 -0.042800 0.035412
v 0.005587 -0.042434 0.035412
v 0.010920 -0.040754 0.036328
v 0.011078 -0.041342 0.035412
v 0.016449 -0.039603 0.035228
v 0.021400 -0.037066 0.035412
v 0.025684 -0.033473 0.036328
v 0.026055 -0.033956 0.035412
v 0.029834 -0.029834 0.036328
v 0.030452 -0.030223 0.035153
v 0.033956 -0.026055 0.035412
v 0.037066 -0.021400 0.035412
v 0.039542 -0.016379 0.035412
v 0.040754 -0.010920 0.036328
v 0.041420 -0.011099 0.035246
v 0.042434 -0.005587 0.035412
v 0.042904 0.000163 0.035153
v 0.041830 0.005507 0.036328
v 0.042434 0.005587 0.035412
v 0.040754 0.010920 0.036328
v 0.041342 0.011078 0.035412
v 0.039542 0.016379 0.035412
v 0.036539 0.021096 0.036328
v 0.037066 0.021400 0.035412
v 0.033473 0.025684 0.036328
v 0.033956 0.026055 0.035412
v 0.030324 0.030325 0.035199
v 0.025684 0.033473 0.036328
v 0.026055 0.033956 0.035412
v 0.021400 0.037066 0.035412
v 0.016379 0.039542 0.035412
v 0.010947 0.041484 0.035153
v 0.005507 0.041830 0.036328
v 0.005587 0.042434 0.035412
v -0.000000 0.042191 0.036328
v -0.000000 0.042800 0.035412
v -0.005507 0.041830 0.036328
v -0.005587 0.042434 0.035412
v -0.011078 0.041342 0.035412
v -0.016146 0.038980 0.036328
v -0.016410 0.039618 0.035245
v -0.021096 0.036539 0.036328
v -0.021400 0.037066 0.035412
v -0.026055 0.033956 0.035412
v -0.030322 0.030322 0.035246
v -0.033473 0.025684 0.036328
v -0.033956 0.026055 0.035412
v -0.036539 0.021096 0.036328
v -0.037158 0.021406 0.035228
v -0.038980 0.016146 0.036328
v -0.039542 0.016379 0.035412
v -0.040754 0.010920 0.036328
v -0.041342 0.011077 0.035412
v -0.016307 0.000000 0.046775
v -0.041708 0.005373 0.036474
v -0.041711 -0.005488 0.036465
v -0.040513 -0.011043 0.036524
v -0.017301 -0.008532 0.045539
v -0.038869 -0.016097 0.036465
v -0.036360 -0.021128 0.036474
v -0.032528 -0.024960 0.037017
v -0.012837 -0.014697 0.045451
v -0.029818 -0.029654 0.036475
v -0.024960 -0.032528 0.037017
v -0.008487 -0.017463 0.045492
v -0.021126 -0.036361 0.036475
v -0.003680 -0.019285 0.045399
v -0.013193 -0.038847 0.037032
v -0.005303 -0.041655 0.036524
v 0.001262 -0.019249 0.045539
v -0.000117 -0.042053 0.036474
v 0.005494 -0.041710 0.036465
v 0.002453 -0.016121 0.046809
v 0.010612 -0.039604 0.037017
v 0.008532 -0.017301 0.045539
v 0.015984 -0.038897 0.036474
v 0.021038 -0.036433 0.036465
v 0.012830 -0.014862 0.045399
v 0.026869 -0.030838 0.037103
v 0.033588 -0.025233 0.036508
v 0.036360 -0.021128 0.036474
v 0.038869 -0.016097 0.036465
v 0.039604 -0.010612 0.037017
v 0.018763 0.000862 0.045764
v 0.041678 -0.005605 0.036474
v 0.042070 0.000003 0.036465
v 0.040207 0.007736 0.037079
v 0.038892 0.015996 0.036474
v 0.016435 0.010982 0.045348
v 0.033966 0.022710 0.037127
v 0.012837 0.014697 0.045451
v 0.029751 0.029746 0.036465
v 0.024960 0.032528 0.037017
v 0.020933 0.036473 0.036474
v 0.015902 0.038864 0.036524
v 0.003763 0.018920 0.045539
v 0.010891 0.040636 0.036465
v -0.001131 0.019601 0.045399
v 0.002686 0.040950 0.037025
v -0.005343 0.040649 0.037018
v -0.006243 0.018630 0.045399
v -0.010885 0.040638 0.036465
v -0.010718 0.016040 0.045539
v -0.018161 0.036797 0.037027
v -0.025616 0.033373 0.036465
v -0.015152 0.012035 0.045553
v -0.029536 0.029849 0.036524
v -0.033974 0.022806 0.037093
v -0.014580 0.007378 0.046769
v -0.037882 0.015682 0.037018
v -0.039604 0.010605 0.037018
v -0.016127 0.001168 0.048196
v -0.015999 -0.002106 0.048295
v -0.015265 -0.005297 0.048405
v -0.013975 -0.008069 0.048295
v -0.012345 -0.010453 0.048092
v -0.009751 -0.012990 0.046865
v -0.007313 -0.014420 0.048092
v -0.004042 -0.015732 0.046855
v -0.002106 -0.015999 0.048295
v 0.000947 -0.016142 0.048196
v 0.004177 -0.015588 0.048295
v 0.006176 -0.014909 0.048295
v 0.008891 -0.013506 0.048196
v 0.011411 -0.011411 0.048295
v 0.013454 -0.008990 0.048083
v 0.014909 -0.006176 0.048295
v 0.015837 -0.003263 0.048196
v 0.016145 0.000870 0.048300
v 0.015437 0.004835 0.048178
v 0.013985 0.008262 0.046857
v 0.012154 0.010679 0.047991
v 0.010023 0.012781 0.046865
v 0.007244 0.014443 0.048405
v 0.004177 0.015588 0.048295
v 0.002106 0.015999 0.048295
v -0.000947 0.016142 0.048196
v -0.004177 0.015588 0.048295
v -0.006057 0.015071 0.046865
v -0.008069 0.013975 0.048295
v -0.010801 0.012032 0.048300
v -0.013547 0.008826 0.048300
v -0.015335 0.005090 0.048405
v -0.042882 0.000001 0.035246
v -0.037593 0.005172 -0.096933
v -0.037606 -0.004951 -0.096943
v -0.036710 -0.009607 -0.096934
v -0.035196 -0.014580 -0.095877
v -0.032760 -0.019152 -0.096932
v -0.030092 -0.023091 -0.096943
v -0.026937 -0.026939 -0.095877
v -0.023053 -0.030116 -0.096963
v -0.019125 -0.032778 -0.096912
v -0.014671 -0.034994 -0.096949
v -0.009990 -0.036611 -0.096912
v -0.004971 -0.037771 -0.095877
v -0.000030 -0.037927 -0.096963
v 0.004734 -0.037650 -0.096933
v 0.009699 -0.036685 -0.096939
v 0.014580 -0.035196 -0.095877
v 0.018966 -0.032848 -0.096943
v 0.022971 -0.030202 -0.096948
v 0.026712 -0.026957 -0.096911
v 0.029980 -0.023264 -0.096931
v 0.032760 -0.019152 -0.096932
v 0.034979 -0.014712 -0.096932
v 0.036799 -0.009859 -0.095877
v 0.037608 -0.004907 -0.096963
v 0.037950 -0.000172 -0.096911
v 0.037650 0.004732 -0.096934
v 0.036685 0.009698 -0.096939
v 0.035127 0.014362 -0.096912
v 0.032973 0.018780 -0.096934
v 0.030181 0.022999 -0.096939
v 0.026938 0.026938 -0.095878
v 0.023121 0.030064 -0.096963
v 0.019083 0.032799 -0.096938
v 0.014648 0.035006 -0.096938
v 0.009989 0.036612 -0.096911
v 0.005173 0.037592 -0.096934
v 0.000127 0.037945 -0.096939
v -0.004817 0.037639 -0.096939
v -0.009654 0.036701 -0.096912
v -0.014579 0.035197 -0.095878
v -0.019000 0.032824 -0.096963
v -0.022964 0.030213 -0.096912
v -0.026940 0.026937 -0.095877
v -0.030073 0.023111 -0.096963
v -0.032994 0.019047 -0.095877
v -0.035056 0.014474 -0.096963
v -0.036612 0.009989 -0.096911
v 0.007644 -0.010055 0.069482
v 0.004031 -0.011923 0.069467
v -0.007388 -0.010140 0.069471
v -0.010184 -0.007352 0.069472
v -0.012001 -0.003797 0.069473
v -0.012623 0.000115 0.069467
v -0.010205 0.007585 0.069470
v -0.007451 0.010354 0.069470
v 0.011383 0.005882 0.069467
v 0.012604 0.002117 0.069459
v 0.009766 -0.007921 0.069410
v 0.000132 -0.012560 0.069472
v -0.003830 -0.011948 0.069473
v -0.012012 0.004033 0.069473
v -0.004916 0.011748 0.069466
v -0.001961 0.012662 0.069470
v 0.002032 0.012672 0.069468
v 0.005797 0.011458 0.069470
v 0.009039 0.009113 0.069471
v 0.012613 -0.001808 0.069468
v 0.011418 -0.005541 0.069464
v -0.016478 0.003876 0.054698
v -0.014247 0.000934 0.054894
v -0.014044 -0.002624 0.054894
v -0.012824 -0.006324 0.054894
v -0.010631 -0.009544 0.054894
v -0.008681 -0.011313 0.054894
v -0.006315 -0.012805 0.054894
v -0.003691 -0.013773 0.054894
v -0.001100 -0.014245 0.054894
v 0.002624 -0.014044 0.054894
v 0.005457 -0.013174 0.054894
v 0.007932 -0.011871 0.054894
v 0.010083 -0.010083 0.054894
v 0.011971 -0.007799 0.054894
v 0.013520 -0.004589 0.054894
v 0.014268 -0.000935 0.054894
v 0.013979 0.002950 0.054894
v 0.012805 0.006315 0.054894
v 0.010850 0.009295 0.054894
v 0.008075 0.011786 0.054894
v 0.004749 0.013475 0.054894
v 0.001100 0.014245 0.054894
v -0.002790 0.014024 0.054894
v -0.006315 0.012805 0.054894
v -0.008681 0.011313 0.054894
v -0.010734 0.009414 0.054894
v -0.012739 0.006467 0.054894
v -0.013773 0.003691 0.054894
v -0.014267 0.000940 0.056363
v -0.013988 -0.002911 0.056364
v -0.013174 -0.005457 0.056366
v -0.011891 -0.007902 0.056380
v -0.009497 -0.010675 0.056372
v -0.006323 -0.012824 0.056349
v -0.002695 -0.014031 0.056372
v 0.001074 -0.014247 0.056372
v 0.004593 -0.013519 0.056366
v 0.007130 -0.012349 0.056366
v 0.009413 -0.010735 0.056381
v 0.011813 -0.008037 0.056362
v 0.013526 -0.004637 0.056361
v 0.014246 -0.000934 0.056384
v 0.014035 0.002675 0.056362
v 0.013174 0.005457 0.056366
v 0.011838 0.008000 0.056375
v 0.009321 0.010828 0.056374
v 0.006214 0.012866 0.056354
v 0.003691 0.013773 0.056366
v 0.000833 0.014263 0.056375
v -0.002784 0.014003 0.056373
v -0.005457 0.013174 0.056366
v -0.007895 0.011895 0.056384
v -0.010083 0.010083 0.056366
v -0.011947 0.007837 0.056363
v -0.013496 0.004660 0.056380
v -0.016664 0.000170 0.054872
v -0.016417 -0.003266 0.054857
v -0.014566 -0.008268 0.054871
v -0.011186 -0.012462 0.054844
v -0.008383 -0.014418 0.054869
v -0.005178 -0.015900 0.054859
v -0.000865 -0.016674 0.054871
v 0.004088 -0.016290 0.054860
v 0.009116 -0.014018 0.054859
v 0.013137 -0.010432 0.054867
v 0.015401 -0.006454 0.054852
v 0.016391 -0.003263 0.054870
v 0.015775 0.005542 0.054882
v 0.011713 0.011874 0.054870
v 0.005478 0.015772 0.054869
v 0.002127 0.016542 0.054869
v -0.001288 0.016697 0.054844
v -0.006485 0.015441 0.054871
v -0.010874 0.012709 0.054856
v -0.013918 0.009300 0.054857
v -0.015490 0.006155 0.054870
v 0.008907 -0.010036 0.057115
v 0.006329 -0.011826 0.057125
v 0.002464 -0.013166 0.057124
v -0.001778 -0.013254 0.057114
v -0.005840 -0.012021 0.057121
v -0.009304 -0.009604 0.057115
v -0.011843 -0.006250 0.057113
v -0.013006 -0.003130 0.057115
v -0.013443 -0.000121 0.057115
v -0.012866 0.004045 0.057113
v -0.011484 0.007069 0.057115
v -0.009660 0.009511 0.057114
v -0.006351 0.012038 0.057098
v -0.003195 0.013204 0.057115
v -0.000176 0.013641 0.057114
v 0.003096 0.013260 0.057115
v 0.006034 0.012270 0.057121
v 0.008726 0.010454 0.057115
v 0.010841 0.008284 0.057114
v 0.012468 0.005397 0.057115
v 0.013407 0.002393 0.057120
v 0.013451 -0.001717 0.057114
v 0.012560 -0.004915 0.057115
v 0.011164 -0.007576 0.057125
v 0.007208 -0.011294 0.059776
v 0.004530 -0.012622 0.059891
v 0.000370 -0.013377 0.060053
v -0.003819 -0.012809 0.060216
v -0.007628 -0.010975 0.060378
v -0.010683 -0.008054 0.060541
v -0.012686 -0.004331 0.060703
v -0.013441 -0.000172 0.060865
v -0.012874 0.004017 0.061028
v -0.011040 0.007826 0.061190
v -0.008118 0.010881 0.061353
v -0.004396 0.012884 0.061515
v -0.000236 0.013639 0.061678
v 0.003953 0.013071 0.061840
v 0.007761 0.011237 0.062002
v 0.010817 0.008316 0.062165
v 0.012819 0.004593 0.062327
v 0.013574 0.000434 0.062489
v 0.013007 -0.003755 0.062652
v 0.011172 -0.007563 0.062814
v 0.008251 -0.010619 0.062977
v 0.004529 -0.012622 0.063139
v 0.000370 -0.013377 0.063302
v -0.003819 -0.012809 0.063464
v -0.007628 -0.010975 0.063626
v -0.010683 -0.008054 0.063789
v -0.012686 -0.004331 0.063951
v -0.013441 -0.000172 0.064114
v -0.012874 0.004017 0.064276
v -0.011039 0.007826 0.064438
v -0.008118 0.010881 0.064601
v -0.004395 0.012884 0.064763
v -0.000236 0.013639 0.064926
v 0.003953 0.013071 0.065088
v 0.007761 0.011237 0.065250
v 0.010817 0.008315 0.065413
v 0.012820 0.004593 0.065575
v 0.013574 0.000434 0.065738
v 0.013007 -0.003755 0.065900
v 0.011172 -0.007564 0.066062
v 0.008248 -0.010620 0.066226
v 0.004528 -0.012622 0.066387
v 0.000369 -0.013376 0.066550
v -0.003819 -0.012809 0.066712
v -0.007628 -0.010975 0.066874
v -0.010683 -0.008053 0.067037
v -0.012686 -0.004331 0.067199
v -0.013441 -0.000172 0.067362
v -0.012874 0.004017 0.067524
v -0.011039 0.007826 0.067686
v -0.008118 0.010881 0.067849
v -0.004395 0.012884 0.068011
v -0.000236 0.013639 0.068174
v 0.003953 0.013071 0.068336
v 0.007761 0.011237 0.068498
v 0.010817 0.008315 0.068661
v 0.012820 0.004593 0.068823
v 0.013574 0.000434 0.068986
v 0.013195 -0.002898 0.069113
v 0.012560 -0.004915 0.069194
v 0.011616 -0.006807 0.069276
v 0.010389 -0.008528 0.069357
v 0.007208 -0.011294 0.057515
v 0.005333 -0.012271 0.057596
v 0.002118 -0.013223 0.057724
v -0.002109 -0.013204 0.057886
v -0.006123 -0.011879 0.058049
v -0.009532 -0.009378 0.058211
v -0.012000 -0.005946 0.058373
v -0.013288 -0.001920 0.058536
v -0.013268 0.002307 0.058698
v -0.011943 0.006321 0.058861
v -0.009442 0.009729 0.059023
v -0.006011 0.012198 0.059185
v -0.001984 0.013486 0.059348
v 0.002243 0.013466 0.059510
v 0.006257 0.012140 0.059673
v 0.009665 0.009640 0.059835
v 0.012134 0.006208 0.059997
v 0.013421 0.002182 0.060160
v 0.013401 -0.002045 0.060322
v 0.012076 -0.006059 0.060485
v 0.009575 -0.009467 0.060647
v 0.006144 -0.011936 0.060809
v 0.002118 -0.013223 0.060972
v -0.002110 -0.013204 0.061134
v -0.006124 -0.011879 0.061297
v -0.009532 -0.009378 0.061459
v -0.012001 -0.005946 0.061622
v -0.013288 -0.001920 0.061784
v -0.013268 0.002307 0.061946
v -0.011943 0.006321 0.062109
v -0.009442 0.009730 0.062271
v -0.006011 0.012198 0.062434
v -0.001984 0.013486 0.062596
v 0.002243 0.013466 0.062758
v 0.006257 0.012140 0.062921
v 0.009665 0.009640 0.063083
v 0.012134 0.006208 0.063246
v 0.013421 0.002182 0.063408
v 0.013401 -0.002045 0.063570
v 0.012076 -0.006059 0.063733
v 0.009575 -0.009467 0.063895
v 0.006144 -0.011936 0.064058
v 0.002118 -0.013223 0.064220
v -0.002109 -0.013204 0.064382
v -0.006124 -0.011878 0.064545
v -0.009532 -0.009378 0.064707
v -0.012001 -0.005946 0.064870
v -0.013288 -0.001920 0.065032
v -0.013268 0.002307 0.065194
v -0.011943 0.006322 0.065357
v -0.009442 0.009730 0.065519
v -0.006010 0.012198 0.065682
v -0.001984 0.013486 0.065844
v 0.002243 0.013466 0.066006
v 0.006257 0.012140 0.066169
v 0.009665 0.009640 0.066331
v 0.012134 0.006208 0.066494
v 0.013421 0.002181 0.066656
v 0.013401 -0.002046 0.066818
v 0.012075 -0.006060 0.066981
v 0.010389 -0.008528 0.067096
v 0.011616 -0.006807 0.069276
v 0.010389 -0.008528 0.069357
v 0.006660 -0.013024 0.058698
v 0.006618 -0.013070 0.059127
v 0.002254 -0.014465 0.059287
v -0.002366 -0.014429 0.059442
v -0.006750 -0.012967 0.059597
v -0.010467 -0.010221 0.059751
v -0.013154 -0.006462 0.059906
v -0.014547 -0.002056 0.060061
v -0.014511 0.002565 0.060216
v -0.013048 0.006949 0.060371
v -0.010303 0.010666 0.060526
v -0.006543 0.013353 0.060681
v -0.002137 0.014746 0.060836
v 0.001142 0.014828 0.060945
v 0.004720 0.014154 0.061074
v 0.008822 0.012028 0.061229
v 0.012067 0.008738 0.061385
v 0.014136 0.004607 0.061540
v 0.014827 0.000038 0.061695
v 0.014073 -0.004520 0.061850
v 0.011947 -0.008622 0.062005
v 0.008657 -0.011867 0.062160
v 0.004526 -0.013936 0.062315
v -0.000042 -0.014628 0.062470
v -0.004601 -0.013874 0.062625
v -0.008703 -0.011749 0.062780
v -0.011948 -0.008459 0.062935
v -0.014018 -0.004328 0.063090
v -0.014710 0.000240 0.063245
v -0.013956 0.004799 0.063400
v -0.011830 0.008902 0.063554
v -0.008541 0.012147 0.063710
v -0.004410 0.014217 0.063864
v 0.000158 0.014908 0.064020
v 0.004717 0.014155 0.064175
v 0.008820 0.012029 0.064330
v 0.012065 0.008740 0.064485
v 0.014135 0.004609 0.064640
v 0.014827 0.000041 0.064795
v 0.014073 -0.004517 0.064950
v 0.011948 -0.008620 0.065105
v 0.008659 -0.011865 0.065260
v 0.004529 -0.013935 0.065415
v -0.000039 -0.014628 0.065570
v -0.004598 -0.013875 0.065725
v -0.008701 -0.011750 0.065880
v -0.011947 -0.008461 0.066035
v -0.013521 -0.005562 0.066134
v -0.014246 -0.003368 0.066212
v -0.014618 -0.001087 0.066289
v -0.014630 0.001224 0.066366
v -0.014001 0.004739 0.066458
v -0.011892 0.008859 0.066612
v -0.008613 0.012125 0.066767
v -0.004485 0.014218 0.066922
v 0.000088 0.014933 0.067077
v 0.004658 0.014200 0.067231
v 0.008778 0.012090 0.067386
v 0.012044 0.008811 0.067541
v 0.014137 0.004683 0.067695
v 0.014852 0.000126 0.067845
v 0.014084 -0.004583 0.068002
v 0.012178 -0.008226 0.068174
v 0.012230 -0.008190 0.067745
v 0.014218 -0.004063 0.067585
v 0.014823 0.000518 0.067430
v 0.013984 0.005062 0.067275
v 0.011782 0.009124 0.067120
v 0.008432 0.012307 0.066965
v 0.004262 0.014299 0.066811
v -0.000319 0.014905 0.066656
v -0.004863 0.014066 0.066501
v -0.008926 0.011863 0.066346
v -0.012108 0.008513 0.066191
v -0.014100 0.004344 0.066036
v -0.014638 0.001108 0.065927
v -0.014467 -0.002529 0.065797
v -0.012931 -0.006887 0.065642
v -0.010124 -0.010557 0.065487
v -0.006320 -0.013180 0.065332
v -0.001892 -0.014499 0.065177
v 0.002727 -0.014385 0.065022
v 0.007085 -0.012850 0.064867
v 0.010755 -0.010043 0.064712
v 0.013378 -0.006239 0.064557
v 0.014698 -0.001812 0.064402
v 0.014584 0.002807 0.064247
v 0.013049 0.007166 0.064092
v 0.010243 0.010836 0.063937
v 0.006439 0.013460 0.063782
v 0.002011 0.014779 0.063627
v -0.002608 0.014666 0.063472
v -0.006967 0.013131 0.063317
v -0.010637 0.010324 0.063162
v -0.013261 0.006521 0.063007
v -0.014580 0.002093 0.062852
v -0.014467 -0.002526 0.062697
v -0.012933 -0.006884 0.062542
v -0.010126 -0.010555 0.062387
v -0.006322 -0.013179 0.062232
v -0.001895 -0.014498 0.062077
v 0.002724 -0.014386 0.061922
v 0.007082 -0.012851 0.061767
v 0.010753 -0.010045 0.061612
v 0.013377 -0.006242 0.061457
v 0.014697 -0.001814 0.061302
v 0.014584 0.002805 0.061147
v 0.013050 0.007163 0.060992
v 0.010244 0.010834 0.060837
v 0.007592 0.012796 0.060738
v 0.005520 0.013818 0.060660
v 0.003313 0.014504 0.060583
v 0.001026 0.014837 0.060505
v -0.002543 0.014702 0.060414
v -0.006916 0.013186 0.060259
v -0.010606 0.010392 0.060105
v -0.013252 0.006595 0.059950
v -0.014595 0.002166 0.059795
v -0.014504 -0.002462 0.059641
v -0.012987 -0.006834 0.059486
v -0.010193 -0.010524 0.059331
v -0.006396 -0.013170 0.059177
v -0.001967 -0.014514 0.059022
v 0.002763 -0.014409 0.058864
v -0.041064 -0.005406 0.037890
v -0.040007 -0.010720 0.037890
v -0.038266 -0.015850 0.037890
v -0.034382 -0.022973 0.037961
v -0.029287 -0.029287 0.037890
v -0.025214 -0.032860 0.037890
v -0.020709 -0.035870 0.037890
v -0.013374 -0.039133 0.037958
v -0.005406 -0.041064 0.037890
v -0.000000 -0.041419 0.037890
v 0.005406 -0.041064 0.037890
v 0.013490 -0.039121 0.037943
v 0.020709 -0.035870 0.037890
v 0.025214 -0.032860 0.037890
v 0.030935 -0.027615 0.037908
v 0.035869 -0.020709 0.037890
v 0.038266 -0.015850 0.037890
v 0.040520 -0.008158 0.037971
v 0.041419 -0.000000 0.037890
v 0.040644 0.007891 0.037930
v 0.038266 0.015850 0.037890
v 0.034308 0.023209 0.037919
v 0.029287 0.029287 0.037890
v 0.025214 0.032860 0.037890
v 0.020709 0.035870 0.037890
v 0.015850 0.038266 0.037890
v 0.010720 0.040007 0.037890
v 0.002402 0.041345 0.037923
v -0.005406 0.041064 0.037890
v -0.010720 0.040007 0.037890
v -0.018016 0.037281 0.037929
v -0.025214 0.032860 0.037890
v -0.029287 0.029287 0.037890
v -0.032860 0.025214 0.037890
v -0.037043 0.018378 0.037961
v -0.040007 0.010720 0.037890
v -0.038724 0.005098 -0.095989
v -0.038724 -0.005098 -0.095989
v -0.037728 -0.010109 -0.095989
v -0.036085 -0.014947 -0.095989
v -0.033826 -0.019529 -0.095989
v -0.030987 -0.023777 -0.095989
v -0.027619 -0.027618 -0.095989
v -0.023777 -0.030987 -0.095989
v -0.019529 -0.033826 -0.095989
v -0.014947 -0.036085 -0.095989
v -0.010109 -0.037728 -0.095989
v -0.005098 -0.038724 -0.095989
v -0.000000 -0.039058 -0.095989
v 0.005098 -0.038724 -0.095989
v 0.010109 -0.037728 -0.095989
v 0.014947 -0.036085 -0.095989
v 0.019529 -0.033826 -0.095989
v 0.023777 -0.030987 -0.095989
v 0.027618 -0.027618 -0.095989
v 0.030987 -0.023777 -0.095989
v 0.033826 -0.019529 -0.095989
v 0.036085 -0.014947 -0.095989
v 0.037728 -0.010109 -0.095989
v 0.038724 -0.005098 -0.095989
v 0.039058 0.000000 -0.095989
v 0.038724 0.005098 -0.095989
v 0.037728 0.010109 -0.095989
v 0.036085 0.014947 -0.095989
v 0.033826 0.019529 -0.095989
v 0.030987 0.023777 -0.095989
v 0.027618 0.027618 -0.095989
v 0.023777 0.030987 -0.095989
v 0.019529 0.033826 -0.095989
v 0.014947 0.036085 -0.095989
v 0.010109 0.037728 -0.095989
v 0.005098 0.038724 -0.095989
v -0.000000 0.039058 -0.095989
v -0.005098 0.038724 -0.095989
v -0.010109 0.037728 -0.095989
v -0.014947 0.036085 -0.095989
v -0.019529 0.033826 -0.095989
v -0.023777 0.030987 -0.095989
v -0.027619 0.027618 -0.095989
v -0.030987 0.023777 -0.095989
v -0.033826 0.019529 -0.095989
v -0.036085 0.014947 -0.095989
v -0.037728 0.010109 -0.095989
v -0.036344 -0.000598 -0.098795
v -0.033349 -0.014461 -0.098794
v -0.027216 -0.023867 -0.098794
v -0.020140 -0.030143 -0.098794
v 0.002633 -0.036308 -0.098796
v 0.028877 -0.022159 -0.098794
v 0.035068 -0.009397 -0.098794
v 0.036112 0.004150 -0.098794
v 0.013930 0.033627 -0.098795
v -0.002234 0.036335 -0.098798
v -0.029710 0.023020 -0.098580
v 0.017654 -0.031775 -0.098794
v 0.024198 0.026955 -0.098794
v -0.033807 0.013356 -0.098794
v -0.011244 -0.034433 -0.098794
v 0.031773 0.017653 -0.098795
v -0.018200 0.031522 -0.098795
v -0.038692 0.000000 -0.097548
v -0.038361 0.005050 -0.097548
v -0.037675 0.002469 -0.098497
v -0.038361 -0.005050 -0.097548
v -0.037401 -0.004924 -0.098483
v -0.037373 -0.010014 -0.097548
v -0.035747 -0.012155 -0.098496
v -0.035747 -0.014807 -0.097548
v -0.033508 -0.019346 -0.097548
v -0.032669 -0.018862 -0.098483
v -0.030696 -0.023554 -0.097548
v -0.029928 -0.022965 -0.098483
v -0.027359 -0.027359 -0.097548
v -0.024898 -0.028400 -0.098486
v -0.023554 -0.030696 -0.097548
v -0.019346 -0.033508 -0.097548
v -0.018862 -0.032669 -0.098483
v -0.014807 -0.035747 -0.097548
v -0.014436 -0.034852 -0.098483
v -0.010014 -0.037373 -0.097548
v -0.009764 -0.036438 -0.098483
v -0.005050 -0.038361 -0.097548
v -0.004924 -0.037401 -0.098483
v -0.000000 -0.038692 -0.097548
v -0.000000 -0.037723 -0.098483
v 0.005050 -0.038361 -0.097548
v 0.007366 -0.037030 -0.098497
v 0.010014 -0.037373 -0.097548
v 0.014807 -0.035747 -0.097548
v 0.014436 -0.034852 -0.098483
v 0.019346 -0.033508 -0.097548
v 0.020976 -0.031393 -0.098497
v 0.023554 -0.030696 -0.097548
v 0.027359 -0.027359 -0.097548
v 0.026674 -0.026674 -0.098483
v 0.030696 -0.023554 -0.097548
v 0.029928 -0.022965 -0.098483
v 0.033508 -0.019346 -0.097548
v 0.032669 -0.018862 -0.098483
v 0.035747 -0.014807 -0.097548
v 0.034852 -0.014436 -0.098483
v 0.037373 -0.010014 -0.097548
v 0.037030 -0.007366 -0.098497
v 0.038361 -0.005050 -0.097548
v 0.038692 -0.000000 -0.097548
v 0.037723 -0.000000 -0.098483
v 0.038361 0.005050 -0.097548
v 0.037030 0.007366 -0.098497
v 0.037373 0.010014 -0.097548
v 0.035747 0.014807 -0.097548
v 0.034852 0.014436 -0.098483
v 0.033508 0.019346 -0.097548
v 0.031393 0.020976 -0.098497
v 0.030696 0.023554 -0.097548
v 0.027359 0.027359 -0.097548
v 0.026674 0.026674 -0.098483
v 0.023554 0.030696 -0.097548
v 0.021015 0.031374 -0.098491
v 0.019346 0.033508 -0.097548
v 0.014807 0.035747 -0.097548
v 0.014436 0.034852 -0.098483
v 0.010014 0.037373 -0.097548
v 0.009763 0.036438 -0.098483
v 0.005050 0.038361 -0.097548
v 0.002469 0.037675 -0.098497
v -0.000000 0.038692 -0.097548
v -0.005050 0.038361 -0.097548
v -0.004924 0.037401 -0.098483
v -0.010014 0.037373 -0.097548
v -0.009764 0.036438 -0.098483
v -0.014807 0.035747 -0.097548
v -0.014436 0.034852 -0.098483
v -0.019346 0.033508 -0.097548
v -0.018862 0.032669 -0.098483
v -0.023554 0.030696 -0.097548
v -0.022965 0.029928 -0.098483
v -0.027359 0.027359 -0.097548
v -0.026675 0.026674 -0.098483
v -0.030696 0.023554 -0.097548
v -0.033508 0.019346 -0.097548
v -0.033862 0.016699 -0.098497
v -0.035747 0.014807 -0.097548
v -0.037373 0.010014 -0.097548
v -0.036438 0.009763 -0.098483
v -0.043942 0.000000 0.034083
v -0.042864 0.000000 0.037022
v -0.043705 0.000000 0.035753
v -0.042498 0.005595 0.037022
v -0.043332 0.005705 0.035753
v -0.042498 -0.005595 0.037022
v -0.043331 -0.005705 0.035753
v -0.041404 -0.011094 0.037022
v -0.042216 -0.011312 0.035753
v -0.039601 -0.016403 0.037022
v -0.040379 -0.016725 0.035753
v -0.037122 -0.021432 0.037022
v -0.037850 -0.021853 0.035753
v -0.034007 -0.026094 0.037022
v -0.034674 -0.026606 0.035753
v -0.030310 -0.030310 0.037022
v -0.030904 -0.030904 0.035753
v -0.026094 -0.034006 0.037022
v -0.026606 -0.034674 0.035753
v -0.021432 -0.037122 0.037022
v -0.021853 -0.037850 0.035753
v -0.016403 -0.039601 0.037022
v -0.016725 -0.040378 0.035753
v -0.011094 -0.041404 0.037022
v -0.011312 -0.042216 0.035753
v -0.005595 -0.042498 0.037022
v -0.005705 -0.043331 0.035753
v -0.000000 -0.042864 0.037022
v -0.000000 -0.043705 0.035753
v 0.005595 -0.042498 0.037022
v 0.005705 -0.043331 0.035753
v 0.011094 -0.041404 0.037022
v 0.011312 -0.042216 0.035753
v 0.016403 -0.039601 0.037022
v 0.016725 -0.040379 0.035753
v 0.021432 -0.037122 0.037022
v 0.021853 -0.037850 0.035753
v 0.026094 -0.034006 0.037022
v 0.026606 -0.034674 0.035753
v 0.030310 -0.030310 0.037022
v 0.030904 -0.030904 0.035753
v 0.034006 -0.026094 0.037022
v 0.034674 -0.026606 0.035753
v 0.037121 -0.021432 0.037022
v 0.037850 -0.021853 0.035753
v 0.039601 -0.016403 0.037022
v 0.040378 -0.016725 0.035753
v 0.041404 -0.011094 0.037022
v 0.042216 -0.011312 0.035753
v 0.042498 -0.005595 0.037022
v 0.043331 -0.005705 0.035753
v 0.042864 -0.000000 0.037022
v 0.043705 -0.000000 0.035753
v 0.042498 0.005595 0.037022
v 0.043331 0.005705 0.035753
v 0.041404 0.011094 0.037022
v 0.042216 0.011312 0.035753
v 0.039601 0.016403 0.037022
v 0.040378 0.016725 0.035753
v 0.037122 0.021432 0.037022
v 0.037850 0.021853 0.035753
v 0.034006 0.026094 0.037022
v 0.034674 0.026606 0.035753
v 0.030310 0.030310 0.037022
v 0.030904 0.030904 0.035753
v 0.026094 0.034006 0.037022
v 0.026606 0.034674 0.035753
v 0.021432 0.037122 0.037022
v 0.021853 0.037850 0.035753
v 0.016403 0.039601 0.037022
v 0.016725 0.040379 0.035753
v 0.011094 0.041404 0.037022
v 0.011312 0.042216 0.035753
v 0.005595 0.042498 0.037022
v 0.005705 0.043331 0.035753
v -0.000000 0.042864 0.037022
v -0.000000 0.043705 0.035753
v -0.005595 0.042498 0.037022
v -0.005705 0.043331 0.035753
v -0.011094 0.041404 0.037022
v -0.011312 0.042216 0.035753
v -0.016403 0.039601 0.037022
v -0.016725 0.040378 0.035753
v -0.021432 0.037122 0.037022
v -0.021853 0.037850 0.035753
v -0.026094 0.034006 0.037022
v -0.026606 0.034674 0.035753
v -0.030310 0.030310 0.037022
v -0.030904 0.030904 0.035753
v -0.034007 0.026094 0.037022
v -0.034674 0.026606 0.035753
v -0.037122 0.021432 0.037022
v -0.037850 0.021853 0.035753
v -0.039601 0.016403 0.037022
v -0.040379 0.016725 0.035753
v -0.041404 0.011094 0.037022
v -0.042216 0.011312 0.035753
v -0.041262 0.002704 0.037961
v -0.016873 -0.002221 0.047329
v -0.016085 -0.005659 0.047329
v -0.014083 -0.009615 0.047325
v -0.011261 -0.012789 0.047334
v -0.008509 -0.014738 0.047329
v -0.005472 -0.016164 0.047325
v -0.001118 -0.017034 0.047321
v 0.003170 -0.016755 0.047330
v 0.006513 -0.015723 0.047329
v 0.009619 -0.014084 0.047332
v 0.012730 -0.011346 0.047332
v 0.015239 -0.007652 0.047331
v 0.016724 -0.003413 0.047320
v 0.017006 0.001257 0.047331
v 0.016439 0.004405 0.047329
v 0.015273 0.007557 0.047335
v 0.013502 0.010360 0.047329
v 0.011135 0.012915 0.047331
v 0.007356 0.015386 0.047332
v 0.003461 0.016697 0.047332
v -0.000000 0.017018 0.047329
v -0.003193 0.016751 0.047332
v -0.006513 0.015723 0.047329
v -0.009467 0.014168 0.047336
v -0.012824 0.011270 0.047325
v -0.015239 0.007652 0.047330
v -0.016439 0.004405 0.047329
v -0.017004 0.001116 0.047329
v -0.016989 -0.001129 0.054525
v -0.016192 -0.005323 0.054515
v -0.014727 -0.008503 0.054538
v -0.012700 -0.011363 0.054514
v -0.010350 -0.013488 0.054543
v -0.007456 -0.015313 0.054532
v -0.003290 -0.016713 0.054528
v 0.000992 -0.017018 0.054505
v 0.005512 -0.016117 0.054551
v 0.008510 -0.014724 0.054516
v 0.011263 -0.012766 0.054543
v 0.014146 -0.009470 0.054573
v 0.015716 -0.006499 0.054528
v 0.016705 -0.003231 0.054576
v 0.016964 0.000358 0.054662
v 0.016689 0.003379 0.054556
v 0.015274 0.007598 0.054500
v 0.013694 0.009973 0.054679
v 0.011310 0.012748 0.054520
v 0.008779 0.014516 0.054665
v 0.005490 0.016115 0.054574
v 0.001038 0.017003 0.054529
v -0.002228 0.016860 0.054516
v -0.005416 0.016146 0.054549
v -0.009467 0.014198 0.054496
v -0.012039 0.012012 0.054529
v -0.014148 0.009463 0.054549
v -0.015711 0.006510 0.054529
v -0.016856 0.002219 0.054543
v -0.039058 0.000000 -0.095989
v -0.043566 0.005735 0.034083
v -0.043566 -0.005736 0.034083
v -0.042445 -0.011373 0.034083
v -0.040597 -0.016816 0.034083
v -0.038055 -0.021971 0.034083
v -0.034862 -0.026750 0.034083
v -0.031072 -0.031072 0.034083
v -0.026750 -0.034862 0.034083
v -0.021971 -0.038055 0.034083
v -0.016816 -0.040597 0.034083
v -0.011373 -0.042445 0.034083
v -0.005736 -0.043566 0.034083
v -0.000000 -0.043942 0.034083
v 0.005736 -0.043566 0.034083
v 0.011373 -0.042445 0.034083
v 0.016816 -0.040597 0.034083
v 0.021971 -0.038055 0.034083
v 0.026750 -0.034862 0.034083
v 0.031072 -0.031072 0.034083
v 0.034862 -0.026750 0.034083
v 0.038055 -0.021971 0.034083
v 0.040597 -0.016816 0.034083
v 0.042445 -0.011373 0.034083
v 0.043566 -0.005736 0.034083
v 0.043942 -0.000000 0.034083
v 0.043566 0.005736 0.034083
v 0.042445 0.011373 0.034083
v 0.040597 0.016816 0.034083
v 0.038055 0.021971 0.034083
v 0.034862 0.026750 0.034083
v 0.031072 0.031072 0.034083
v 0.026750 0.034862 0.034083
v 0.021971 0.038055 0.034083
v 0.016816 0.040597 0.034083
v 0.011373 0.042445 0.034083
v 0.005736 0.043566 0.034083
v -0.000000 0.043942 0.034083
v -0.005736 0.043566 0.034083
v -0.011373 0.042445 0.034083
v -0.016816 0.040597 0.034083
v -0.021971 0.038055 0.034083
v -0.026750 0.034862 0.034083
v -0.031072 0.031072 0.034083
v -0.034862 0.026750 0.034083
v -0.038055 0.021971 0.034083
v -0.040597 0.016816 0.034083
v -0.042445 0.011373 0.034083
v 0.004196 -0.012697 0.069474
v 0.001192 -0.013251 0.069466
v -0.001997 -0.013162 0.069476
v -0.005006 -0.012303 0.069466
v -0.007916 -0.010729 0.069472
v -0.010855 -0.007760 0.069484
v -0.012753 -0.004061 0.069449
v -0.013410 0.000193 0.069473
v -0.012735 0.004355 0.069466
v -0.010798 0.008106 0.069473
v -0.007894 0.011009 0.069473
v -0.004044 0.012969 0.069468
v 0.000129 0.013608 0.069472
v 0.004291 0.012933 0.069464
v 0.008037 0.010999 0.069471
v 0.010982 0.008040 0.069468
v 0.012446 0.005336 0.069466
v 0.012515 -0.004867 0.069490
v 0.010991 -0.007619 0.069515
v 0.008124 -0.010698 0.069479
v 0.000132 -0.012560 0.069472
v -0.003830 -0.011948 0.069473
v -0.012012 0.004033 0.069473
v -0.004916 0.011748 0.069466
v -0.001961 0.012662 0.069470
v 0.002032 0.012672 0.069468
v 0.005797 0.011458 0.069470
v 0.009039 0.009113 0.069471
v 0.012613 -0.001808 0.069468
v 0.011418 -0.005541 0.069464
v 0.013347 0.002256 0.069488
v 0.013354 -0.002104 0.069467
v 0.007644 -0.010055 0.069482
v 0.009766 -0.007921 0.069410
v 0.004031 -0.011923 0.069467
v -0.007388 -0.010140 0.069471
v -0.010184 -0.007352 0.069472
v -0.012001 -0.003797 0.069473
v -0.012623 0.000115 0.069467
v -0.010205 0.007585 0.069470
v -0.007451 0.010354 0.069470
v 0.011383 0.005882 0.069467
v 0.012604 0.002117 0.069459
vn 0.9997 -0.0226 -0.0019
vn 0.9937 0.1101 -0.0232
vn 0.9932 -0.1143 -0.0197
vn 0.9836 0.1802 -0.0007
vn 0.9497 0.3126 -0.0184
vn 0.9241 0.3820 0.0047
vn 0.8741 0.4856 -0.0124
vn 0.8405 0.5419 -0.0011
vn 0.7786 0.6272 -0.0189
vn 0.7483 0.6633 0.0053
vn 0.6418 0.7667 -0.0145
vn 0.5793 0.8151 -0.0017
vn 0.4704 0.8823 -0.0180
vn 0.4278 0.9039 -0.0005
vn 0.3063 0.9518 -0.0151
vn 0.2483 0.9687 -0.0036
vn 0.1164 0.9930 -0.0216
vn 0.0794 0.9968 0.0008
vn -0.0349 0.9992 -0.0214
vn -0.1215 0.9926 -0.0032
vn -0.2214 0.9749 -0.0229
vn -0.3582 0.9337 -0.0043
vn -0.4084 0.9123 -0.0295
vn -0.5205 0.8537 -0.0161
vn -0.5710 0.8210 0.0023
vn -0.6861 0.7272 -0.0211
vn -0.7295 0.6840 0.0014
vn -0.8290 0.5590 -0.0160
vn -0.9233 0.3840 0.0039
vn -0.9212 0.3880 -0.0297
vn -0.9782 0.2065 -0.0209
vn -0.9915 0.1302 0.0021
vn -0.9997 -0.0132 -0.0204
vn -0.9965 -0.0838 0.0073
vn -0.9612 -0.2754 -0.0120
vn -0.8829 -0.4696 0.0008
vn -0.8713 -0.4901 -0.0247
vn -0.7585 -0.6516 -0.0087
vn -0.6361 -0.7716 -0.0003
vn -0.6003 -0.7995 -0.0183
vn -0.4913 -0.8710 -0.0012
vn -0.4286 -0.9034 -0.0108
vn -0.3087 -0.9512 0.0052
vn -0.2930 -0.9557 -0.0269
vn -0.1407 -0.9899 -0.0196
vn -0.0960 -0.9954 0.0056
vn 0.0399 -0.9990 -0.0193
vn 0.1214 -0.9926 -0.0031
vn 0.2124 -0.9770 -0.0191
vn 0.3241 -0.9459 -0.0149
vn 0.4041 -0.9145 -0.0194
vn 0.5252 -0.8510 -0.0051
vn 0.5353 -0.8444 -0.0186
vn 0.6835 -0.7298 -0.0131
vn 0.7930 -0.6091 0.0082
vn 0.8382 -0.5449 -0.0227
vn 0.8885 -0.4588 0.0082
vn 0.9418 -0.3356 -0.0190
vn 0.9717 -0.2361 0.0103
vn 0.0804 0.0073 -0.9967
vn 0.0844 0.0059 -0.9964
vn 0.0654 0.0244 -0.9976
vn 0.0600 0.0454 -0.9972
vn 0.0711 0.0453 -0.9964
vn 0.0580 0.0507 -0.9970
vn 0.0489 0.0572 -0.9972
vn 0.0387 0.0674 -0.9970
vn 0.0388 0.0686 -0.9969
vn 0.0215 0.0677 -0.9975
vn -0.0006 0.0785 -0.9969
vn 0.0077 0.0839 -0.9964
vn -0.0081 0.0842 -0.9964
vn -0.0165 0.0839 -0.9963
vn -0.0273 0.0800 -0.9964
vn -0.0440 0.0722 -0.9964
vn -0.0374 0.0772 -0.9963
vn -0.0562 0.0634 -0.9964
vn -0.0569 0.0621 -0.9964
vn -0.0660 0.0522 -0.9965
vn -0.0623 0.0256 -0.9977
vn -0.0602 0.0499 -0.9969
vn -0.0786 0.0074 -0.9969
vn -0.0834 0.0147 -0.9964
vn -0.0842 0.0010 -0.9964
vn -0.0687 -0.0178 -0.9975
vn -0.0786 0.0017 -0.9969
vn -0.0639 -0.0324 -0.9974
vn -0.0753 -0.0376 -0.9965
vn -0.0540 -0.0398 -0.9977
vn -0.0435 -0.0491 -0.9978
vn -0.0321 -0.0570 -0.9979
vn -0.0232 -0.0664 -0.9975
vn -0.0289 -0.0790 -0.9965
vn -0.0086 -0.0684 -0.9976
vn 0.0117 -0.0786 -0.9968
vn 0.0103 -0.0847 -0.9964
vn 0.0256 -0.0817 -0.9963
vn 0.0226 -0.0809 -0.9965
vn 0.0381 -0.0757 -0.9964
vn 0.0408 -0.0734 -0.9965
vn 0.0422 -0.0629 -0.9971
vn 0.0512 -0.0505 -0.9974
vn 0.0609 -0.0425 -0.9972
vn 0.0684 -0.0417 -0.9968
vn 0.0669 -0.0366 -0.9971
vn 0.0706 -0.0220 -0.9973
vn 0.0764 -0.0091 -0.9970
vn 0.0845 -0.0019 -0.9964
vn 0.9731 0.1903 -0.1302
vn 0.9936 0.0693 -0.0888
vn 0.9888 -0.0686 -0.1329
vn 0.8902 0.4365 -0.1302
vn 0.9420 0.3242 -0.0870
vn 0.7528 0.6440 -0.1361
vn 0.8374 0.5376 -0.0987
vn 0.5956 0.7939 -0.1225
vn 0.6822 0.7234 -0.1062
vn 0.4009 0.9093 -0.1111
vn 0.5088 0.8557 -0.0940
vn 0.3129 0.9460 -0.0842
vn 0.1769 0.9768 -0.1204
vn 0.0814 0.9919 -0.0977
vn -0.0389 0.9910 -0.1281
vn -0.2454 0.9618 -0.1217
vn -0.1399 0.9857 -0.0943
vn -0.3281 0.9394 -0.0993
vn -0.4783 0.8696 -0.1230
vn -0.6308 0.7665 -0.1206
vn -0.6879 0.7161 -0.1182
vn -0.7887 0.6052 -0.1081
vn -0.8432 0.5222 -0.1277
vn -0.9065 0.4075 -0.1106
vn -0.9410 0.3077 -0.1408
vn -0.9784 0.1774 -0.1058
vn -0.9884 0.0638 -0.1377
vn -0.9934 -0.0463 -0.1047
vn -0.9660 -0.2196 -0.1362
vn -0.9012 -0.4147 -0.1257
vn -0.8291 -0.4349 -0.3514
vn -0.7474 -0.6541 -0.1164
vn -0.6871 -0.6156 -0.3859
vn -0.5888 -0.7989 -0.1229
vn -0.3185 -0.8930 -0.3181
vn -0.5160 -0.8488 -0.1150
vn -0.1509 -0.9813 -0.1191
vn -0.0497 -0.9364 -0.3474
vn 0.1775 -0.9369 -0.3011
vn 0.0616 -0.9910 -0.1190
vn 0.4063 -0.9039 -0.1333
vn 0.2845 -0.9517 -0.1154
vn 0.6305 -0.7640 -0.1370
vn 0.4807 -0.8673 -0.1292
vn 0.8221 -0.5533 -0.1343
vn 0.7599 -0.6419 -0.1025
vn 0.9376 -0.3208 -0.1339
vn 0.8949 -0.4368 -0.0917
vn 0.9774 -0.1906 -0.0918
vn -0.7218 0.0159 0.6919
vn -0.7190 -0.0958 0.6884
vn -0.6912 -0.1215 0.7123
vn -0.8392 -0.4144 0.3521
vn -0.7232 -0.6832 -0.1012
vn -0.3478 -0.5099 0.7868
vn -0.3225 -0.6137 0.7207
vn -0.3224 -0.6137 0.7207
vn -0.1717 -0.8253 0.5379
vn -0.0761 -0.6640 0.7439
vn -0.0206 -0.5526 0.8332
vn 0.0926 -0.4420 0.8922
vn 0.3248 -0.9356 0.1387
vn 0.2271 -0.4451 0.8662
vn 0.3540 -0.4208 0.8352
vn 0.6021 -0.5237 0.6027
vn 0.6012 -0.4529 0.6583
vn 0.5394 -0.3528 0.7646
vn 0.7058 -0.0980 0.7016
vn 0.7323 -0.2406 0.6371
vn 0.7606 -0.1418 0.6336
vn 0.7236 0.0016 0.6902
vn 0.6936 0.0320 0.7196
vn 0.5830 0.2058 0.7860
vn 0.6413 0.3163 0.6990
vn 0.6412 0.3164 0.6991
vn 0.2708 0.5637 0.7803
vn 0.2320 0.6744 0.7010
vn 0.2319 0.6744 0.7010
vn 0.0372 0.6281 0.7772
vn -0.0591 0.7214 0.6900
vn -0.0881 0.6812 0.7267
vn -0.2322 0.6789 0.6965
vn -0.2124 0.6242 0.7519
vn -0.3720 0.6370 0.6752
vn -0.4099 0.6421 0.6478
vn -0.6985 0.6029 0.3855
vn -0.4567 0.2860 0.8424
vn -0.9126 0.4048 -0.0574
vn -0.7591 0.1531 0.6327
vn -0.7692 0.0558 0.6365
vn -0.5240 0.8517 0.0087
vn -0.6708 0.7417 0.0011
vn -0.5360 0.8432 -0.0418
vn -0.1647 0.9857 0.0346
vn -0.2950 0.9549 -0.0327
vn -0.4294 0.9030 0.0140
vn 0.1454 0.9890 0.0288
vn -0.0057 0.9992 -0.0396
vn 0.4439 0.8957 0.0257
vn 0.3015 0.9527 -0.0383
vn 0.6989 0.7149 0.0234
vn 0.5815 0.8128 -0.0349
vn 0.8770 0.4803 0.0124
vn 0.8040 0.5938 -0.0310
vn 0.9677 0.2520 0.0041
vn 0.9587 0.2835 -0.0237
vn 0.9989 0.0453 -0.0112
vn 0.9742 -0.2256 0.0057
vn 0.9990 -0.0454 -0.0029
vn 0.8742 -0.4856 0.0047
vn 0.9407 -0.3391 -0.0110
vn 0.6962 -0.7177 0.0142
vn 0.8060 -0.5915 -0.0209
vn 0.4616 -0.8867 0.0257
vn 0.5908 -0.8067 -0.0138
vn 0.1655 -0.9859 0.0264
vn 0.3116 -0.9502 -0.0099
vn -0.1288 -0.9915 0.0187
vn 0.0024 -1.0000 -0.0079
vn -0.3642 -0.9312 0.0148
vn -0.3372 -0.9414 -0.0063
vn -0.5523 -0.8337 0.0031
vn -0.7558 -0.6547 0.0117
vn -0.6277 -0.7785 0.0046
vn -0.9070 -0.4210 0.0080
vn -0.8298 -0.5580 -0.0030
vn -0.9898 -0.1421 0.0133
vn -0.9529 -0.3030 -0.0108
vn -0.9918 0.1272 0.0126
vn -1.0000 -0.0035 -0.0075
vn -0.9320 0.3624 0.0087
vn -0.9418 0.3360 -0.0082
vn -0.8465 0.5323 -0.0033
vn -0.7890 0.6143 -0.0060
vn -0.3810 0.9244 -0.0203
vn -0.6346 0.7728 -0.0036
vn -0.1852 0.9826 -0.0157
vn -0.3829 0.9236 -0.0191
vn 0.0896 0.9959 -0.0088
vn -0.0913 0.9956 -0.0212
vn 0.3919 0.9200 -0.0095
vn 0.1997 0.9796 -0.0218
vn 0.6570 0.7538 -0.0085
vn 0.4910 0.8709 -0.0210
vn 0.8578 0.5139 -0.0075
vn 0.7362 0.6765 -0.0201
vn 0.9747 0.2235 -0.0065
vn 0.9092 0.4159 -0.0191
vn 0.9937 -0.1114 0.0134
vn 0.9912 0.1326 -0.0004
vn 0.8964 -0.4430 0.0168
vn 0.9472 -0.3194 -0.0277
vn 0.7156 -0.6983 0.0178
vn 0.8121 -0.5822 -0.0386
vn 0.4647 -0.8853 0.0187
vn 0.5924 -0.8047 -0.0376
vn 0.1683 -0.9855 0.0197
vn 0.3147 -0.9485 -0.0367
vn -0.1445 -0.9893 0.0207
vn 0.0062 -0.9993 -0.0357
vn -0.4432 -0.8962 0.0217
vn -0.3030 -0.9524 -0.0347
vn -0.6984 -0.7153 0.0227
vn -0.5825 -0.8121 -0.0338
vn -0.8853 -0.4644 0.0237
vn -0.8050 -0.5923 -0.0328
vn -0.9855 -0.1681 0.0247
vn -0.9487 -0.3146 -0.0318
vn -0.9891 0.1447 0.0258
vn -0.9995 -0.0060 -0.0308
vn -0.8960 0.4433 0.0268
vn -0.9525 0.3032 -0.0298
vn -0.7151 0.6985 0.0278
vn -0.8122 0.5827 -0.0288
vn -0.4643 0.8852 0.0288
vn -0.5923 0.8052 -0.0278
vn -0.1679 0.9853 0.0298
vn -0.3145 0.9489 -0.0268
vn 0.1448 0.9890 0.0308
vn -0.0059 0.9997 -0.0258
vn 0.4433 0.8958 0.0318
vn 0.3034 0.9526 -0.0247
vn 0.6984 0.7149 0.0328
vn 0.5829 0.8122 -0.0237
vn 0.8852 0.4641 0.0338
vn 0.8054 0.5923 -0.0227
vn 0.9852 0.1678 0.0347
vn 0.9490 0.3144 -0.0217
vn 0.9888 -0.1449 0.0357
vn 0.9998 0.0057 -0.0207
vn 0.8956 -0.4434 0.0367
vn 0.9526 -0.3036 -0.0197
vn 0.7146 -0.6985 0.0376
vn 0.8122 -0.5831 -0.0187
vn 0.4638 -0.8851 0.0386
vn 0.5922 -0.8056 -0.0178
vn 0.1848 -0.9824 0.0277
vn 0.3142 -0.9492 -0.0168
vn -0.0616 -0.9979 0.0205
vn -0.0277 -0.9995 -0.0134
vn -0.2690 -0.9631 0.0004
vn -0.5381 -0.8427 0.0191
vn -0.3568 -0.9342 0.0065
vn -0.7722 -0.6350 0.0201
vn -0.6280 -0.7781 0.0075
vn -0.9307 -0.3653 0.0210
vn -0.8378 -0.5459 0.0085
vn -0.9979 -0.0617 0.0218
vn -0.9655 -0.2603 0.0095
vn -0.9733 0.2287 0.0212
vn -0.9987 0.0496 0.0088
vn -0.8628 0.5051 0.0198
vn -0.9473 0.3198 0.0157
vn -0.7504 0.6607 -0.0188
vn -0.8615 0.5074 0.0191
vn -0.5382 0.8428 -0.0053
vn -0.5726 0.8197 -0.0168
vn -0.6965 0.7175 -0.0091
vn -0.3568 0.9341 -0.0161
vn -0.0699 0.9975 -0.0047
vn -0.2721 0.9622 -0.0113
vn 0.2415 0.9704 -0.0047
vn 0.0416 0.9991 -0.0121
vn 0.5304 0.8477 -0.0044
vn 0.3483 0.9373 -0.0126
vn 0.7664 0.6423 -0.0042
vn 0.6214 0.7834 -0.0131
vn 0.9273 0.3744 -0.0047
vn 0.8335 0.5523 -0.0135
vn 0.9976 0.0693 -0.0047
vn 0.9631 0.2687 -0.0140
vn 0.9703 -0.2418 -0.0044
vn 0.9990 -0.0424 -0.0149
vn 0.8480 -0.5299 -0.0043
vn 0.9371 -0.3488 -0.0155
vn 0.6587 -0.7524 -0.0062
vn 0.7842 -0.6203 -0.0156
vn 0.4276 -0.9039 -0.0127
vn 0.5813 -0.8136 -0.0154
vn 0.1867 -0.9823 -0.0141
vn 0.3585 -0.9333 -0.0205
vn -0.0911 -0.9958 -0.0080
vn 0.0920 -0.9956 -0.0153
vn -0.3945 -0.9189 -0.0078
vn -0.1983 -0.9800 -0.0166
vn -0.6585 -0.7525 -0.0079
vn -0.4920 -0.8704 -0.0186
vn -0.8590 -0.5119 -0.0070
vn -0.7364 -0.6762 -0.0205
vn -0.9750 -0.2221 -0.0070
vn -0.9092 -0.4156 -0.0230
vn -0.9964 0.0841 -0.0080
vn -0.9930 -0.1154 -0.0235
vn -0.9284 0.3709 -0.0243
vn -0.9804 0.1931 -0.0383
vn -0.8214 0.5702 0.0136
vn -0.9055 0.4222 -0.0422
vn 0.9876 -0.0513 -0.1481
vn 0.9691 -0.2450 -0.0301
vn 0.9496 -0.3030 -0.0803
vn 0.9555 0.2577 -0.1437
vn 0.9970 0.0678 -0.0382
vn 0.8295 0.5408 -0.1395
vn 0.9273 0.3728 -0.0341
vn 0.6220 0.7712 -0.1354
vn 0.7668 0.6412 -0.0299
vn 0.3534 0.9262 -0.1312
vn 0.5310 0.8470 -0.0258
vn 0.0717 0.9912 -0.1116
vn 0.2432 0.9697 -0.0217
vn -0.1616 0.9862 0.0352
vn -0.0582 0.9968 0.0546
vn -0.2972 0.8818 -0.3663
vn -0.5002 0.7264 -0.4714
vn -0.6965 0.5363 -0.4767
vn -0.8293 0.2951 -0.4745
vn -0.8809 0.0243 -0.4727
vn -0.8461 -0.2495 -0.4710
vn -0.7283 -0.4993 -0.4693
vn -0.5388 -0.7007 -0.4677
vn -0.2962 -0.8337 -0.4660
vn -0.0240 -0.8855 -0.4639
vn 0.2512 -0.8507 -0.4618
vn 0.5026 -0.7326 -0.4590
vn 0.7057 -0.5422 -0.4560
vn 0.8868 -0.3303 -0.3232
vn 0.9992 -0.0282 0.0286
vn 0.9824 -0.1238 0.1399
vn 0.9814 -0.1228 0.1478
vn 0.9615 0.2648 -0.0731
vn 0.9969 0.0717 0.0312
vn 0.8328 0.5492 -0.0688
vn 0.9258 0.3764 0.0353
vn 0.6212 0.7809 -0.0655
vn 0.7640 0.6440 0.0395
vn 0.3529 0.9344 -0.0483
vn 0.5267 0.8492 0.0372
vn 0.0631 0.9978 -0.0194
vn 0.2345 0.9696 0.0701
vn -0.1611 0.9818 0.1008
vn -0.0581 0.9904 0.1251
vn -0.3071 0.9042 -0.2968
vn -0.5141 0.7464 -0.4225
vn -0.7208 0.5517 -0.4195
vn -0.9728 0.1952 -0.1251
vn -0.9499 0.2959 -0.1008
vn -0.9034 0.3130 -0.2929
vn -0.9928 -0.0976 -0.0700
vn -0.9969 0.0761 0.0195
vn -0.9141 -0.4037 -0.0372
vn -0.9744 -0.2196 0.0483
vn -0.7439 -0.6671 -0.0395
vn -0.8596 -0.5067 0.0655
vn -0.5013 -0.8645 -0.0354
vn -0.6596 -0.7485 0.0688
vn -0.2095 -0.9773 -0.0312
vn -0.3958 -0.9154 0.0731
vn -0.0139 -0.9901 -0.1398
vn -0.1109 -0.9934 -0.0286
vn 0.2622 -0.8783 -0.3999
vn 0.5217 -0.7554 -0.3965
vn 0.7308 -0.5580 -0.3931
vn 0.8690 -0.3053 -0.3893
vn 0.9227 -0.0217 -0.3850
vn 0.8859 0.2652 -0.3805
vn 0.7621 0.5272 -0.3759
vn 0.5628 0.7384 -0.3715
vn 0.3075 0.8779 -0.3670
vn 0.0210 0.9317 -0.3627
vn -0.2686 0.8940 -0.3587
vn -0.5327 0.7683 -0.3550
vn -0.7471 0.5679 -0.3455
vn -0.9791 0.1961 -0.0546
vn -0.9542 0.2970 -0.0351
vn -0.9237 0.3169 -0.2153
vn -0.9941 -0.1061 0.0217
vn -0.9915 0.0667 0.1116
vn -0.9125 -0.4082 0.0257
vn -0.9663 -0.2213 0.1313
vn -0.7416 -0.6702 0.0299
vn -0.8501 -0.5089 0.1353
vn -0.4979 -0.8665 0.0341
vn -0.6508 -0.7464 0.1395
vn -0.2056 -0.9779 0.0382
vn -0.3879 -0.9104 0.1437
vn 0.1079 -0.9937 0.0299
vn -0.0865 -0.9852 0.1478
vn 0.3156 -0.9422 -0.1126
vn 0.1682 -0.9825 0.0800
vn -0.1283 0.6201 0.7740
vn -0.1630 0.6252 0.7633
vn -0.1746 0.5996 0.7810
vn -0.9555 0.2948 -0.0086
vn -0.1533 0.4497 -0.8799
vn -0.1467 0.4270 -0.8923
vn -0.1226 0.4534 -0.8829
vn -0.1169 0.4560 -0.8823
vn -0.0763 0.4848 -0.8713
vn 0.0093 0.4804 -0.8770
vn 0.0696 0.4911 -0.8683
vn 0.1586 0.4569 -0.8753
vn 0.2195 0.4481 -0.8666
vn 0.2940 0.3877 -0.8736
vn 0.3494 0.3603 -0.8649
vn 0.4019 0.2793 -0.8720
vn 0.4462 0.2358 -0.8633
vn 0.4714 0.1420 -0.8704
vn 0.5000 0.0866 -0.8617
vn 0.4951 -0.0109 -0.8688
vn 0.5053 -0.0728 -0.8599
vn 0.4704 -0.1647 -0.8669
vn 0.4608 -0.2271 -0.8579
vn 0.3991 -0.3043 -0.8649
vn 0.3705 -0.3611 -0.8558
vn 0.2874 -0.4160 -0.8628
vn 0.2423 -0.4614 -0.8534
vn 0.1456 -0.4884 -0.8604
vn 0.0882 -0.5179 -0.8509
vn -0.0130 -0.5139 -0.8578
vn -0.0771 -0.5243 -0.8481
vn -0.1730 -0.4889 -0.8550
vn -0.2378 -0.4788 -0.8451
vn -0.3189 -0.4151 -0.8521
vn -0.3778 -0.3851 -0.8420
vn -0.4357 -0.2986 -0.8491
vn -0.4827 -0.2514 -0.8389
vn -0.5114 -0.1503 -0.8461
vn -0.5415 -0.0903 -0.8358
vn -0.5373 0.0156 -0.8432
vn -0.5473 0.0826 -0.8329
vn -0.5101 0.1827 -0.8405
vn -0.4986 0.2498 -0.8301
vn -0.4316 0.3341 -0.8379
vn -0.3995 0.3946 -0.8275
vn -0.3090 0.4542 -0.8356
vn -0.2593 0.5018 -0.8252
vn -0.1541 0.5306 -0.8335
vn -0.0918 0.5604 -0.8231
vn 0.0178 0.5551 -0.8316
vn 0.0865 0.5639 -0.8213
vn 0.1895 0.5247 -0.8299
vn 0.2578 0.5116 -0.8196
vn 0.3439 0.4422 -0.8284
vn 0.4050 0.4084 -0.8181
vn 0.4657 0.3153 -0.8269
vn 0.5133 0.2641 -0.8166
vn 0.5425 0.1564 -0.8254
vn 0.5720 0.0927 -0.8150
vn 0.5666 -0.0191 -0.8237
vn 0.5750 -0.0891 -0.8133
vn 0.5354 -0.1944 -0.8219
vn 0.5216 -0.2638 -0.8114
vn 0.4512 -0.3522 -0.8200
vn 0.4165 -0.4143 -0.8093
vn 0.3219 -0.4772 -0.8177
vn 0.2764 -0.5092 -0.8150
vn 0.1534 -0.5558 -0.8170
vn 0.0282 -0.5952 -0.8031
vn -0.0228 -0.5860 -0.8100
vn -0.1288 -0.5714 -0.8105
vn -0.1911 -0.5505 -0.8127
vn -0.2868 -0.5016 -0.8162
vn -0.3417 -0.4777 -0.8093
vn -0.4309 -0.3900 -0.8138
vn -0.4762 -0.3510 -0.8062
vn -0.5344 -0.2392 -0.8107
vn -0.5654 -0.1876 -0.8032
vn -0.5859 -0.0765 -0.8067
vn -0.5940 -0.0121 -0.8043
vn -0.5989 0.0968 -0.7950
vn -0.5868 0.1455 -0.7966
vn -0.5549 0.2839 -0.7820
vn -0.5396 0.2804 -0.7939
vn -0.4907 0.3890 -0.7797
vn -0.4507 0.4433 -0.7748
vn -0.3705 0.5003 -0.7826
vn -0.3114 0.5623 -0.7661
vn -0.2102 0.5786 -0.7880
vn -0.1288 0.6273 -0.7681
vn -0.0372 0.6084 -0.7927
vn 0.0718 0.6385 -0.7663
vn 0.1533 0.5921 -0.7911
vn 0.2665 0.5867 -0.7647
vn 0.3300 0.5173 -0.7896
vn 0.4360 0.4767 -0.7633
vn 0.4751 0.3910 -0.7883
vn 0.5634 0.3194 -0.7620
vn 0.5743 0.2255 -0.7870
vn 0.6361 0.1299 -0.7606
vn 0.6177 0.0370 -0.7856
vn 0.6469 -0.0734 -0.7590
vn 0.6008 -0.1563 -0.7839
vn 0.5944 -0.2707 -0.7573
vn 0.5249 -0.3357 -0.7821
vn 0.4834 -0.4429 -0.7551
vn 0.4089 -0.4836 -0.7739
vn 0.3424 -0.5597 -0.7547
vn 0.2675 -0.5749 -0.7732
vn 0.1925 -0.6272 -0.7547
vn 0.1143 -0.6216 -0.7750
vn 0.0173 -0.6548 -0.7556
vn -0.0642 -0.6279 -0.7756
vn -0.1774 -0.6409 -0.7468
vn -0.2569 -0.5805 -0.7727
vn -0.3691 -0.5577 -0.7435
vn -0.4264 -0.4753 -0.7696
vn -0.5264 -0.4184 -0.7401
vn -0.5558 -0.3218 -0.7665
vn -0.6335 -0.2363 -0.7368
vn -0.6316 -0.1348 -0.7635
vn -0.6796 -0.0279 -0.7331
vn -0.6452 0.0682 -0.7610
vn -0.6475 0.1583 -0.7455
vn -0.6086 0.2105 -0.7650
vn -0.6151 0.2423 -0.7503
vn -0.6085 0.2442 -0.7550
vn -0.1629 0.9865 0.0185
vn -0.4246 0.2148 0.8796
vn -0.4035 0.2052 0.8917
vn -0.4327 0.1852 0.8823
vn -0.4356 0.1794 0.8821
vn -0.4695 0.1431 0.8713
vn -0.4770 0.0575 0.8770
vn -0.4960 -0.0007 0.8683
vn -0.4745 -0.0936 0.8753
vn -0.4743 -0.1551 0.8666
vn -0.4248 -0.2373 0.8736
vn -0.4053 -0.2959 0.8650
vn -0.3324 -0.3592 0.8721
vn -0.2954 -0.4091 0.8633
vn -0.2061 -0.4471 0.8704
vn -0.1552 -0.4832 0.8617
vn -0.0580 -0.4919 0.8687
vn 0.0019 -0.5105 0.8599
vn 0.0978 -0.4887 0.8669
vn 0.1609 -0.4879 0.8579
vn 0.2459 -0.4375 0.8650
vn 0.3061 -0.4170 0.8558
vn 0.3720 -0.3424 0.8628
vn 0.4233 -0.3041 0.8535
vn 0.4635 -0.2120 0.8604
vn 0.5007 -0.1593 0.8509
vn 0.5107 -0.0586 0.8578
vn 0.5299 0.0035 0.8481
vn 0.5082 0.1034 0.8550
vn 0.5072 0.1690 0.8451
vn 0.4553 0.2581 0.8521
vn 0.4338 0.3206 0.8421
vn 0.3562 0.3900 0.8491
vn 0.3160 0.4431 0.8389
vn 0.2198 0.4855 0.8462
vn 0.1646 0.5237 0.8358
vn 0.0591 0.5343 0.8432
vn -0.0057 0.5535 0.8329
vn -0.1101 0.5305 0.8405
vn -0.1781 0.5284 0.8301
vn -0.2709 0.4738 0.8379
vn -0.3352 0.4504 0.8275
vn -0.4069 0.3691 0.8356
vn -0.4609 0.3265 0.8252
vn -0.5041 0.2263 0.8335
vn -0.5422 0.1687 0.8231
vn -0.5521 0.0595 0.8316
vn -0.5704 -0.0073 0.8213
vn -0.5459 -0.1148 0.8299
vn -0.5424 -0.1842 0.8197
vn -0.4856 -0.2791 0.8284
vn -0.4606 -0.3443 0.8181
vn -0.3770 -0.4173 0.8269
vn -0.3328 -0.4717 0.8166
vn -0.2303 -0.5155 0.8253
vn -0.1713 -0.5536 0.8150
vn -0.0598 -0.5638 0.8237
vn 0.0084 -0.5818 0.8133
vn 0.1181 -0.5572 0.8220
vn 0.1888 -0.5532 0.8114
vn 0.2861 -0.4958 0.8200
vn 0.3524 -0.4700 0.8093
vn 0.4279 -0.3851 0.8177
vn 0.4659 -0.3445 0.8150
vn 0.5291 -0.2291 0.8170
vn 0.5855 -0.1107 0.8031
vn 0.5835 -0.0588 0.8100
vn 0.5838 0.0482 0.8105
vn 0.5717 0.1127 0.8127
vn 0.5365 0.2143 0.8162
vn 0.5205 0.2720 0.8093
vn 0.4461 0.3725 0.8138
vn 0.4137 0.4229 0.8062
vn 0.3111 0.4960 0.8107
vn 0.2643 0.5339 0.8032
vn 0.1572 0.5696 0.8067
vn 0.0946 0.5866 0.8043
vn -0.0129 0.6067 0.7948
vn -0.0626 0.6013 0.7966
vn -0.2042 0.5887 0.7822
vn -0.2033 0.5733 0.7937
vn -0.3269 0.5314 0.7815
vn -0.3783 0.4990 0.7796
vn -0.4621 0.4084 0.7872
vn -0.5159 0.3590 0.7778
vn -0.5646 0.2473 0.7874
vn -0.6040 0.1825 0.7758
vn -0.6157 0.0608 0.7856
vn -0.6329 -0.0133 0.7741
vn -0.6063 -0.1330 0.7841
vn -0.5995 -0.2089 0.7726
vn -0.5369 -0.3149 0.7826
vn -0.5069 -0.3851 0.7712
vn -0.4144 -0.4668 0.7813
vn -0.3639 -0.5243 0.7699
vn -0.2504 -0.5736 0.7799
vn -0.1845 -0.6127 0.7685
vn -0.0610 -0.6248 0.7784
vn 0.0141 -0.6416 0.7669
vn 0.1356 -0.6150 0.7768
vn 0.2125 -0.6079 0.7651
vn 0.3208 -0.5447 0.7749
vn 0.3927 -0.5147 0.7622
vn 0.4939 -0.4002 0.7720
vn 0.5801 -0.2830 0.7638
vn 0.5917 -0.2141 0.7772
vn 0.6460 -0.1082 0.7556
vn 0.6308 -0.0237 0.7755
vn 0.6594 0.0866 0.7468
vn 0.6107 0.1736 0.7726
vn 0.6036 0.2880 0.7435
vn 0.5300 0.3562 0.7695
vn 0.4876 0.4632 0.7401
vn 0.3961 0.5057 0.7664
vn 0.3221 0.5946 0.7367
vn 0.2214 0.6068 0.7634
vn 0.1222 0.6691 0.7331
vn 0.0211 0.6476 0.7617
vn -0.0673 0.6619 0.7466
vn 0.1330 -0.7099 -0.6917
vn -0.1025 -0.7275 -0.6785
vn -0.4283 -0.6380 -0.6399
vn -0.4357 -0.6125 -0.6596
vn -0.5818 -0.4390 -0.6846
vn -0.7240 -0.1470 -0.6739
vn -0.7116 -0.1209 -0.6921
vn -0.7200 0.0226 -0.6936
vn -0.6578 0.2370 -0.7149
vn -0.6822 0.0951 -0.7250
vn -0.5721 0.3789 -0.7274
vn -0.5623 0.3861 -0.7312
vn -0.4396 0.4987 -0.7470
vn -0.2631 0.5766 -0.7735
vn -0.3099 0.5668 -0.7633
vn -0.1658 0.6143 -0.7715
vn -0.1271 0.5991 -0.7905
vn -0.0197 0.6258 -0.7797
vn 0.1326 0.5988 -0.7899
vn 0.0689 0.5964 -0.7997
vn 0.2433 0.5818 -0.7761
vn 0.2482 0.5420 -0.8029
vn 0.3612 0.5097 -0.7809
vn 0.4864 0.4006 -0.7765
vn 0.4085 0.4361 -0.8018
vn 0.5877 0.2629 -0.7651
vn 0.5242 0.3146 -0.7914
vn 0.6508 0.1155 -0.7504
vn 0.6063 0.1734 -0.7761
vn 0.6626 -0.0635 -0.7463
vn 0.6394 0.0062 -0.7688
vn 0.6434 -0.2453 -0.7251
vn 0.6309 -0.1571 -0.7598
vn 0.5837 -0.4075 -0.7023
vn 0.5922 -0.3286 -0.7358
vn 0.4574 -0.5545 -0.6952
vn 0.4928 -0.4831 -0.7237
vn 0.2901 -0.6700 -0.6834
vn 0.3481 -0.6068 -0.7146
vn 0.3618 0.0744 -0.9293
vn 0.3695 0.0003 -0.9292
vn 0.3675 -0.0005 -0.9300
vn 0.3325 0.1586 -0.9297
vn 0.3539 0.1063 -0.9292
vn 0.2915 0.2265 -0.9294
vn 0.2913 0.2267 -0.9294
vn 0.2427 0.2786 -0.9292
vn 0.1667 0.3265 -0.9304
vn 0.2176 0.2973 -0.9297
vn 0.1169 0.3500 -0.9294
vn 0.0691 0.3611 -0.9299
vn -0.0094 0.3686 -0.9296
vn 0.0457 0.3839 -0.9222
vn -0.0971 0.3559 -0.9295
vn -0.0905 0.3577 -0.9294
vn -0.1659 0.3278 -0.9301
vn -0.2450 0.2736 -0.9301
vn -0.2409 0.2807 -0.9291
vn -0.2942 0.2242 -0.9291
vn -0.3357 0.1556 -0.9290
vn -0.3146 0.2206 -0.9232
vn -0.3624 0.0769 -0.9288
vn -0.3702 0.0477 -0.9277
vn -0.3689 -0.0002 -0.9295
vn -0.3631 -0.0719 -0.9290
vn -0.3439 -0.1287 -0.9302
vn -0.3035 -0.2071 -0.9301
vn -0.3027 -0.2126 -0.9291
vn -0.2564 -0.2644 -0.9297
vn -0.1674 -0.3279 -0.9298
vn -0.2201 -0.2964 -0.9293
vn -0.0813 -0.3580 -0.9302
vn -0.1304 -0.3458 -0.9292
vn -0.0283 -0.3680 -0.9294
vn 0.0187 -0.3662 -0.9303
vn 0.1118 -0.3505 -0.9299
vn 0.0534 -0.3660 -0.9291
vn 0.2135 -0.2965 -0.9309
vn 0.1649 -0.3301 -0.9294
vn 0.2744 -0.2714 -0.9225
vn 0.2868 -0.2264 -0.9309
vn 0.3331 -0.1605 -0.9291
vn 0.3357 -0.1466 -0.9305
vn 0.3596 -0.0939 -0.9284
vn 0.3628 -0.0640 -0.9297
vn 0.9727 0.2282 0.0428
vn 0.9911 0.1279 0.0358
vn 0.9599 0.2783 0.0349
vn 0.9234 0.3821 0.0371
vn 0.9235 0.3825 0.0276
vn 0.7065 0.7068 0.0371
vn 0.7914 0.6103 0.0354
vn 0.7068 0.7070 0.0252
vn 0.5222 0.8520 0.0384
vn 0.6099 0.7917 0.0355
vn 0.4832 0.8748 0.0354
vn 0.4068 0.9127 0.0384
vn 0.3654 0.9302 0.0354
vn 0.2888 0.9566 0.0387
vn 0.2380 0.9706 0.0355
vn 0.1309 0.9907 0.0371
vn 0.1304 0.9912 0.0223
vn -0.2279 0.9729 0.0387
vn -0.1491 0.9882 0.0354
vn -0.2792 0.9596 0.0354
vn -0.3822 0.9233 0.0371
vn -0.3828 0.9235 0.0248
vn -0.9652 0.2590 0.0371
vn -0.9312 0.3629 0.0355
vn -0.9657 0.2588 0.0233
vn -0.9719 -0.2324 0.0384
vn -0.9890 -0.1438 0.0355
vn -0.9604 -0.2765 0.0354
vn -0.9331 -0.3575 0.0384
vn -0.9161 -0.3994 0.0354
vn -0.8781 -0.4770 0.0384
vn -0.8559 -0.5160 0.0354
vn -0.8117 -0.5828 0.0387
vn -0.7800 -0.6248 0.0355
vn -0.7069 -0.7063 0.0371
vn -0.7069 -0.7068 0.0276
vn -0.6097 -0.7918 0.0355
vn -0.1622 -0.9860 0.0381
vn -0.2412 -0.9700 0.0309
vn -0.1172 -0.9925 0.0360
vn -0.0266 -0.9989 0.0384
vn 0.0186 -0.9992 0.0349
vn 0.1041 -0.9938 0.0384
vn 0.1488 -0.9882 0.0354
vn 0.2284 -0.9728 0.0386
vn 0.2792 -0.9596 0.0355
vn 0.3824 -0.9233 0.0371
vn 0.3825 -0.9237 0.0237
vn 0.4976 -0.8667 0.0355
vn 0.5833 -0.8114 0.0387
vn 0.6252 -0.7797 0.0355
vn 0.7063 -0.7070 0.0371
vn 0.7069 -0.7069 0.0223
vn 0.8654 -0.4997 0.0372
vn 0.7930 -0.6082 0.0355
vn 0.8658 -0.4997 0.0263
vn 0.9993 -0.0008 0.0371
vn 0.9934 -0.1095 0.0355
vn 0.9997 0.0001 0.0233
vn 0.0060 0.0015 1.0000
vn 0.0069 0.0097 0.9999
vn -0.0003 0.0023 1.0000
vn -0.0040 0.0062 1.0000
vn -0.0020 0.0004 1.0000
vn -0.0025 -0.0037 1.0000
vn 0.0005 -0.0119 0.9999
vn 0.0003 -0.0011 1.0000
vn 0.9896 0.1383 0.0390
vn 0.8589 0.0063 0.5121
vn 0.8493 0.5265 0.0387
vn 0.7783 0.3280 0.5354
vn 0.6014 0.7976 0.0465
vn 0.5908 0.5805 0.5604
vn -0.0079 0.9992 0.0391
vn 0.1293 0.9706 0.2029
vn -0.5071 0.8610 0.0391
vn -0.3751 0.9045 0.2029
vn -0.9914 0.1219 0.0471
vn -0.8239 0.2303 0.5178
vn -0.6011 -0.7982 0.0390
vn -0.6928 -0.6920 0.2029
vn 0.5068 -0.8608 0.0463
vn 0.3164 -0.7824 0.5364
vn 0.7928 -0.6083 0.0396
vn 0.6913 -0.6935 0.2029
vn 0.9261 -0.3745 0.0462
vn 0.7261 -0.4253 0.5403
vn 0.6646 0.0910 0.7417
vn 0.6673 -0.0505 0.7431
vn 0.1242 -0.0081 0.9922
vn 0.1494 0.0463 0.9877
vn 0.7131 0.0947 0.6947
vn 0.4680 0.2474 0.8484
vn 0.6077 0.3734 0.7009
vn 0.5220 0.4150 0.7452
vn 0.5583 0.4265 0.7116
vn 0.4280 0.4911 0.7587
vn 0.3570 0.5954 0.7197
vn 0.2758 0.6615 0.6974
vn 0.3635 0.6266 0.6894
vn 0.0349 0.0780 0.9963
vn 0.0400 0.0810 0.9959
vn 0.1838 0.6839 0.7061
vn 0.2713 0.6550 0.7052
vn 0.1037 0.6770 0.7286
vn 0.1906 0.6987 0.6896
vn 0.0179 0.6916 0.7221
vn 0.0727 0.6740 0.7351
vn -0.0811 0.6894 0.7199
vn -0.0261 0.6763 0.7361
vn -0.0113 0.0538 0.9985
vn -0.0090 0.1674 0.9859
vn -0.1859 0.6725 0.7164
vn -0.1308 0.6626 0.7375
vn -0.2293 0.6332 0.7393
vn -0.2847 0.6331 0.7198
vn -0.3520 0.6050 0.7142
vn -0.0531 0.1439 0.9882
vn -0.4302 0.5649 0.7042
vn -0.3507 0.6076 0.7127
vn -0.5050 0.5012 0.7027
vn -0.4302 0.5634 0.7053
vn -0.0846 0.0955 0.9918
vn -0.0149 0.0118 0.9998
vn -0.5506 0.4414 0.7086
vn -0.5105 0.5140 0.6894
vn -0.6055 0.3737 0.7027
vn -0.5626 0.4154 0.7148
vn -0.6457 0.2845 0.7086
vn -0.6185 0.3373 0.7097
vn -0.0502 0.0190 0.9986
vn -0.1553 0.0855 0.9842
vn -0.6258 0.2364 0.7433
vn -0.1029 0.0251 0.9944
vn -0.6615 -0.0003 0.7499
vn -0.6506 0.1195 0.7499
vn -0.6922 -0.0729 0.7180
vn -0.6911 0.0008 0.7228
vn -0.6812 -0.1934 0.7061
vn -0.6664 -0.1286 0.7344
vn -0.6316 -0.2594 0.7306
vn -0.0722 -0.0240 0.9971
vn -0.0282 -0.0149 0.9995
vn -0.6217 -0.3427 0.7043
vn -0.6702 -0.2744 0.6896
vn -0.5412 -0.4191 0.7290
vn -0.4664 -0.4600 0.7555
vn -0.5608 -0.3735 0.7389
vn -0.4230 -0.5405 0.7273
vn -0.4897 -0.4871 0.7231
vn -0.3361 -0.5960 0.7293
vn -0.2888 -0.6096 0.7382
vn -0.3685 -0.5525 0.7477
vn -0.2592 -0.6662 0.6993
vn -0.1684 -0.6682 0.7247
vn -0.1083 -0.6900 0.7157
vn -0.1875 -0.6880 0.7011
vn 0.0118 -0.6965 0.7175
vn -0.0478 -0.6751 0.7362
vn 0.0611 -0.6663 0.7431
vn 0.0998 -0.6854 0.7213
vn 0.1471 -0.5325 0.8336
vn 0.1839 -0.7004 0.6896
vn 0.0687 -0.1315 0.9889
vn 0.4112 -0.5577 0.7210
vn 0.4846 -0.5132 0.7084
vn 0.4396 -0.5757 0.6894
vn 0.0853 -0.0964 0.9917
vn 0.0495 -0.0565 0.9972
vn 0.5511 -0.4398 0.7092
vn 0.5067 -0.4800 0.7162
vn 0.3566 -0.2556 0.8986
vn 0.1591 -0.0710 0.9847
vn 0.6574 -0.1750 0.7330
vn 0.9860 -0.1613 0.0426
vn 0.6997 -0.1886 0.6891
vn 0.0702 -0.0135 0.9974
vn 0.4132 0.0624 -0.9085
vn 0.6857 0.0004 -0.7279
vn 0.2959 0.2942 -0.9088
vn 0.5281 0.4053 -0.7462
vn 0.1947 0.3537 -0.9149
vn 0.4441 0.5527 -0.7052
vn 0.1822 0.6957 -0.6948
vn -0.1661 0.3795 -0.9102
vn -0.1718 0.6431 -0.7462
vn -0.5118 0.5085 -0.6924
vn -0.4054 0.0452 -0.9130
vn -0.6622 0.1779 -0.7279
vn -0.3656 -0.1487 -0.9188
vn -0.6659 -0.1659 -0.7274
vn -0.5489 -0.4067 -0.7303
vn -0.5960 -0.3332 -0.7306
vn -0.3000 -0.2897 -0.9089
vn -0.1951 -0.3568 -0.9136
vn -0.4166 -0.5634 -0.7135
vn -0.0027 -0.6491 -0.7607
vn -0.0838 -0.6536 -0.7522
vn 0.1166 -0.3983 -0.9098
vn 0.0795 -0.6959 -0.7137
vn 0.2488 -0.3305 -0.9104
vn 0.3386 -0.6145 -0.7126
vn 0.3050 -0.2120 -0.9285
vn 0.5698 -0.3311 -0.7521
vn 0.5408 -0.4318 -0.7218
vn 0.6458 -0.2642 -0.7164
vn 0.4063 -0.0521 -0.9123
vn 0.6793 -0.1708 -0.7137
vn 0.8702 0.2346 -0.4332
vn 0.9424 0.1392 -0.3041
vn 0.7655 0.3169 -0.5600
vn 0.7810 0.2092 -0.5885
vn 0.8093 0.4690 -0.3537
vn 0.3584 0.1974 -0.9125
vn 0.7221 0.5555 -0.4123
vn 0.8757 0.4816 0.0355
vn 0.5526 0.7427 -0.3782
vn 0.4736 0.8104 -0.3449
vn 0.2747 0.6362 -0.7210
vn 0.3661 0.8725 -0.3236
vn 0.2639 0.9227 -0.2811
vn 0.0231 0.8198 -0.5722
vn -0.0454 0.4187 -0.9070
vn -0.0113 0.9168 -0.3993
vn -0.1106 0.9462 -0.3041
vn 0.0024 0.9994 0.0355
vn -0.2316 0.9000 -0.3694
vn -0.2055 0.3582 -0.9108
vn -0.5601 0.7455 -0.3612
vn -0.4697 0.8105 -0.3500
vn -0.4983 0.8663 0.0355
vn -0.3986 0.5155 -0.7585
vn -0.7196 0.6937 0.0315
vn -0.6290 0.7766 0.0357
vn -0.7180 0.5494 -0.4273
vn -0.7000 0.4246 -0.5743
vn -0.8087 0.4705 -0.3531
vn -0.8007 0.5980 0.0355
vn -0.3823 0.1686 -0.9085
vn -0.8743 0.3784 -0.3039
vn -0.8745 0.4837 0.0354
vn -0.4176 0.0008 -0.9086
vn -0.9120 0.1057 -0.3962
vn -0.9994 -0.0182 0.0309
vn -0.9913 0.1264 0.0357
vn -0.9065 -0.1168 -0.4057
vn -0.6499 -0.0879 -0.7549
vn -0.9115 -0.2418 -0.3327
vn -0.8692 -0.3546 -0.3446
vn -0.8216 -0.4694 -0.3236
vn -0.7484 -0.5733 -0.3334
vn -0.5743 -0.7263 -0.3776
vn -0.4800 -0.8197 -0.3126
vn -0.3426 -0.8345 -0.4315
vn -0.3582 -0.9330 0.0352
vn -0.4833 -0.8747 0.0359
vn -0.1043 -0.4045 -0.9086
vn -0.3092 -0.7471 -0.5884
vn -0.1134 -0.9248 -0.3632
vn 0.0100 -0.9297 -0.3681
vn 0.1207 -0.9354 -0.3323
vn 0.2320 -0.9241 -0.3037
vn 0.2614 -0.6263 -0.7345
vn 0.4747 -0.7950 -0.3775
vn 0.5680 -0.7649 -0.3037
vn 0.7447 -0.5559 -0.3693
vn 0.9083 -0.2647 -0.3240
vn 0.8746 -0.3601 -0.3247
vn 0.9226 -0.3842 0.0355
vn 0.9277 -0.1420 -0.3452
vn 0.9699 -0.2407 0.0354
vn 0.3582 0.1745 -0.9172
vn 0.1958 0.3510 -0.9157
vn 0.1145 0.3810 -0.9174
vn 0.0209 0.3949 -0.9185
vn -0.1435 0.3785 -0.9144
vn -0.2170 0.3256 -0.9203
vn -0.2962 0.2776 -0.9139
vn -0.3002 -0.2628 -0.9170
vn -0.0673 -0.3945 -0.9164
vn 0.0736 -0.3918 -0.9171
vn 0.2288 -0.3315 -0.9153
vn 0.9958 0.0140 -0.0907
vn 0.9703 0.2270 -0.0841
vn 0.8836 0.4611 -0.0816
vn 0.4293 0.8942 -0.1266
vn 0.0555 0.9944 -0.0902
vn -0.1409 0.9858 -0.0908
vn -0.3468 0.9341 -0.0850
vn -0.5529 0.8288 -0.0865
vn -0.7342 0.6725 -0.0929
vn -0.8690 0.4859 -0.0935
vn -0.9393 0.3277 -0.1016
vn -0.9884 0.1083 -0.1068
vn -0.9882 -0.1136 -0.1026
vn -0.4035 -0.9104 -0.0914
vn -0.2109 -0.9739 -0.0838
vn -0.0155 -0.9960 -0.0879
vn 0.1875 -0.9775 -0.0962
vn 0.5686 -0.8190 -0.0771
vn 0.7493 -0.6572 -0.0814
vn 0.8935 -0.4416 -0.0808
vn 0.9715 -0.2188 -0.0911
vn -0.1044 0.9938 0.0384
vn -0.5870 0.8087 0.0384
vn -0.6927 0.7202 0.0378
vn -0.7723 0.6341 0.0381
vn -0.8515 0.5229 0.0384
vn -0.9106 0.4114 0.0387
vn -0.9991 0.0192 0.0378
vn -0.5224 -0.8518 0.0384
vn -0.4067 -0.9128 0.0384
vn -0.2772 -0.9601 0.0378
vn 0.9579 -0.2844 0.0384
vn -0.8287 0.5597 0.0002
vn -0.9642 -0.2649 0.0066
vn -0.7999 -0.6000 0.0117
vn -0.6970 -0.7168 0.0178
vn 0.6870 -0.7266 0.0074
vn 0.0515 0.0211 -0.9984
vn 0.0159 0.0560 -0.9983
vn -0.0501 0.0203 -0.9985
vn -0.0577 -0.0148 -0.9982
vn -0.0501 -0.0287 -0.9983
vn -0.0226 -0.0504 -0.9985
vn -0.0084 -0.0562 -0.9984
vn -0.4908 0.8649 -0.1052
vn -0.9629 -0.2462 -0.1103
vn -0.3408 -0.9338 -0.1087
vn 0.6142 -0.7816 -0.1088
vn -0.7583 -0.2440 0.6046
vn -0.4577 -0.3161 0.8310
vn -0.2722 -0.7575 0.5934
vn 0.0539 -0.9928 0.1070
vn 0.5417 -0.8217 0.1774
vn 0.6741 -0.6046 0.4243
vn 0.5838 -0.2952 0.7563
vn 0.8024 0.1472 0.5783
vn 0.6964 0.4542 0.5556
vn 0.5689 0.8081 -0.1528
vn 0.1714 0.8035 0.5701
vn -0.5012 0.5850 0.6377
vn 0.9968 -0.0777 -0.0205
vn -0.7092 0.7050 0.0009
vn 0.8893 -0.4433 0.1127
vn -0.1855 0.9587 0.2154
vn -0.4586 0.8188 0.3454
vn -0.6868 0.6343 0.3549
vn -0.8480 0.3902 0.3587
vn -0.9255 0.1087 0.3628
vn -0.9121 -0.1825 0.3671
vn -0.8094 -0.4548 0.3715
vn -0.6280 -0.6815 0.3758
vn -0.3857 -0.8405 0.3805
vn -0.1067 -0.9168 0.3849
vn 0.1816 -0.9031 0.3892
vn 0.4511 -0.8013 0.3930
vn 0.6756 -0.6216 0.3965
vn 0.8333 -0.3817 0.3999
vn -0.1845 0.9381 0.2930
vn -0.4463 0.7905 0.4195
vn -0.6677 0.6128 0.4226
vn -0.8528 0.4297 0.2968
vn -0.0148 -0.9889 -0.1478
vn 0.2039 -0.9241 0.3232
vn 0.4390 -0.7742 0.4561
vn 0.6557 -0.5995 0.4590
vn 0.8076 -0.3669 0.4618
vn 0.8802 -0.0992 0.4641
vn 0.8668 0.1775 0.4660
vn 0.7687 0.4363 0.4677
vn 0.5957 0.6519 0.4692
vn 0.3646 0.8033 0.4710
vn 0.0983 0.8758 0.4726
vn -0.1770 0.8622 0.4745
vn -0.4344 0.7643 0.4766
vn -0.6498 0.5963 0.4713
vn -0.8319 0.4168 0.3663
vn 0.1616 -0.5721 -0.8041
vn 0.5440 -0.2395 0.8041
vn 0.5050 -0.4122 0.7583
vn -0.2703 -0.6958 -0.6654
vn -0.6696 -0.2939 -0.6821
vn -0.6367 0.2487 -0.7299
vn -0.4249 0.4868 -0.7632
vn 0.3402 0.1446 -0.9292
vn -0.0033 0.3696 -0.9292
vn -0.3206 0.1808 -0.9298
vn -0.9944 -0.0985 0.0381
vn 0.0194 0.0108 0.9998
vn -0.0109 -0.0443 0.9990
vn 0.7976 0.6019 0.0390
vn 0.0695 0.0042 0.9976
vn 0.0548 0.1616 0.9853
vn -0.0792 0.0903 0.9928
vn -0.0717 -0.0238 0.9971
vn -0.0947 -0.0897 0.9915
vn -0.0647 -0.1489 0.9867
vn -0.0102 -0.0980 0.9951
vn 0.2485 0.3109 -0.9174
vn -0.3972 -0.0381 -0.9169
vn -0.3512 -0.1919 -0.9164
vn -0.2366 -0.3278 -0.9147
vn -0.0000 -0.3953 -0.9185
vn 0.1531 -0.3696 -0.9165
vn 0.2950 -0.2535 -0.9213
vn 0.7545 0.6463 -0.1144
vn -0.9451 -0.3078 -0.1097
vn -0.7466 -0.6544 -0.1198
vn -0.8763 -0.4817 0.0029
vn -0.8248 -0.5654 -0.0052
vn -0.7499 -0.6616 0.0021
vn -0.5937 -0.8047 0.0057
vn -0.6749 -0.7379 -0.0051
vn -0.5138 -0.8579 -0.0018
vn -0.4184 -0.9082 0.0097
vn 0.9330 -0.3599 0.0040
vn 0.9823 -0.1872 -0.0001
vn 0.9838 -0.1790 0.0071
vn 0.9997 -0.0234 0.0053
vn 0.9987 0.0512 0.0014
vn 0.9772 0.2122 0.0073
vn 0.9039 0.4278 0.0042
vn 0.7920 0.6105 0.0038
vn 0.7925 0.6098 0.0113
vn 0.5194 0.8545 0.0057
vn 0.6160 0.7878 -0.0021
vn 0.4410 0.8975 -0.0004
vn 0.3104 0.9506 0.0111
vn -0.8317 0.5552 0.0050
vn -0.7110 0.7031 0.0051
vn -0.7328 0.6805 -0.0026
vn -0.9916 0.1290 0.0057
vn -0.9657 0.2595 0.0017
vn -0.9984 0.0568 -0.0005
vn -0.9973 -0.0727 0.0061
vn -0.1059 0.0055 0.9944
vn -0.0133 -0.0041 0.9999
vn -0.0095 0.0008 1.0000
vn -0.1337 -0.0313 0.9905
vn -0.0107 -0.0034 0.9999
vn -0.1315 -0.0765 0.9884
vn -0.0115 -0.0106 0.9999
vn -0.0587 -0.0958 0.9937
vn -0.1140 -0.1164 0.9866
vn -0.0042 -0.0112 0.9999
vn -0.0066 -0.0087 0.9999
vn -0.0439 -0.1398 0.9892
vn -0.0058 -0.1211 0.9926
vn -0.0039 -0.0120 0.9999
vn 0.0030 -0.0123 0.9999
vn -0.0007 -0.0097 1.0000
vn 0.0299 -0.1197 0.9924
vn 0.0055 -0.0133 0.9999
vn 0.0072 -0.0128 0.9999
vn 0.0808 -0.1295 0.9883
vn 0.0082 -0.0097 0.9999
vn 0.0832 -0.0692 0.9941
vn 0.0098 -0.0061 0.9999
vn 0.0127 -0.0061 0.9999
vn 0.1169 -0.0158 0.9930
vn 0.1450 -0.0679 0.9871
vn 0.0099 -0.0009 1.0000
vn 0.1004 0.0327 0.9944
vn 0.0070 0.0066 1.0000
vn 0.0048 0.0028 1.0000
vn 0.0337 0.0752 0.9966
vn 0.0005 0.0108 0.9999
vn 0.0035 0.0099 0.9999
vn 0.0165 0.1305 0.9913
vn -0.0021 0.0153 0.9999
vn -0.0483 0.1102 0.9927
vn -0.0244 0.1943 0.9806
vn -0.0095 0.0106 0.9999
vn -0.0038 0.0084 1.0000
vn -0.1262 0.0883 0.9881
vn -0.0116 0.0103 0.9999
vn -0.0902 0.1077 0.9901
vn -0.0944 0.0343 0.9949
vn -0.0101 0.0070 0.9999
vn -0.0099 0.0025 0.9999
vn -0.9884 -0.1515 -0.0047
vn -0.9984 0.0551 0.0142
vn -0.9990 0.0428 -0.0142
vn -0.9071 -0.4201 -0.0272
vn -0.9746 -0.2234 -0.0126
vn -0.7648 -0.6441 -0.0143
vn -0.6645 -0.7465 0.0343
vn -0.8208 -0.5710 0.0157
vn -0.5858 -0.8105 0.0010
vn -0.4423 -0.8966 0.0217
vn -0.2865 -0.9581 0.0006
vn -0.4423 -0.8968 -0.0146
vn -0.0481 -0.9988 -0.0122
vn -0.1860 -0.9819 0.0352
vn 0.1756 -0.9843 -0.0168
vn 0.0646 -0.9976 0.0264
vn 0.3919 -0.9198 -0.0180
vn 0.2972 -0.9545 0.0237
vn 0.4887 -0.8723 0.0165
vn 0.7245 -0.6893 -0.0035
vn 0.6659 -0.7458 0.0180
vn 0.5631 -0.8263 -0.0110
vn 0.8128 -0.5822 0.0187
vn 0.8654 -0.5011 -0.0035
vn 0.9473 -0.3204 0.0027
vn 0.9979 -0.0651 -0.0017
vn 0.9480 -0.3178 -0.0141
vn 0.9914 0.1310 0.0014
vn 0.9975 -0.0695 0.0143
vn 0.9740 0.2257 -0.0191
vn 0.9323 0.3617 0.0041
vn 0.7530 0.6576 -0.0241
vn 0.8208 0.5710 0.0173
vn 0.8931 0.4489 -0.0299
vn 0.5598 0.8282 -0.0279
vn 0.6587 0.7519 0.0278
vn 0.3335 0.9421 -0.0350
vn 0.4595 0.8881 0.0132
vn 0.0992 0.9948 -0.0213
vn 0.2332 0.9724 0.0006
vn -0.1813 0.9834 -0.0122
vn 0.0008 1.0000 0.0014
vn -0.3594 0.9332 0.0001
vn -0.1706 0.9852 0.0143
vn -0.6185 0.7857 -0.0157
vn -0.5483 0.8362 0.0111
vn -0.4322 0.9016 -0.0194
vn -0.6982 0.7157 0.0181
vn -0.8889 0.4579 -0.0165
vn -0.8394 0.5433 0.0139
vn -0.7673 0.6409 -0.0243
vn -0.9709 0.2393 -0.0004
vn -0.9444 0.3274 0.0297
vn -0.7722 -0.0665 0.6319
vn -0.6877 -0.2268 0.6896
vn -0.5241 -0.4439 0.7268
vn -0.4475 -0.6067 0.6570
vn -0.3183 -0.6972 0.6423
vn -0.1439 -0.7536 0.6414
vn 0.0533 -0.7797 0.6239
vn 0.2489 -0.6784 0.6912
vn 0.4847 -0.5367 0.6907
vn 0.6186 -0.4015 0.6754
vn 0.6731 -0.2561 0.6938
vn 0.6853 -0.1386 0.7149
vn 0.3657 0.0180 0.9305
vn 0.6649 0.1714 0.7270
vn 0.6668 0.2899 0.6866
vn 0.3781 0.2563 0.8896
vn 0.0738 0.0783 0.9942
vn 0.4648 0.5052 0.7272
vn 0.2316 0.3728 0.8985
vn 0.1932 0.6972 0.6904
vn 0.0565 0.7555 0.6527
vn -0.2111 0.6737 0.7082
vn -0.3889 0.6204 0.6810
vn -0.5183 0.4977 0.6955
vn -0.6477 0.3020 0.6994
vn -0.4647 0.1015 0.8796
vn -0.7047 0.0476 0.7079
vn 0.5795 -0.8149 0.0113
vn 0.5744 -0.8185 -0.0090
vn 0.6618 -0.7495 -0.0158
vn 0.4326 -0.8949 -0.1096
vn 0.3380 -0.9409 -0.0208
vn 0.1954 -0.9782 -0.0707
vn 0.0796 -0.9967 0.0180
vn -0.1013 -0.9946 -0.0236
vn -0.2111 -0.9773 0.0194
vn -0.4018 -0.9155 -0.0181
vn -0.5023 -0.8645 0.0167
vn -0.6645 -0.7472 -0.0141
vn -0.7440 -0.6680 0.0152
vn -0.8509 -0.5252 -0.0085
vn -0.9075 -0.4187 0.0329
vn -0.9625 -0.2712 -0.0022
vn -0.9879 -0.1473 0.0489
vn -0.9997 0.0173 -0.0175
vn -0.9872 0.1557 0.0356
vn -0.9586 0.2843 -0.0176
vn -0.8752 0.4829 0.0296
vn -0.7377 0.6751 0.0123
vn -0.6706 0.7417 0.0127
vn -0.5263 0.8503 0.0004
vn -0.4192 0.9075 0.0246
vn -0.2713 0.9625 -0.0002
vn -0.1481 0.9885 0.0311
vn -0.0018 1.0000 0.0009
vn 0.1880 0.9819 0.0227
vn 0.3949 0.9186 0.0155
vn 0.4884 0.8724 0.0197
vn 0.6206 0.7841 0.0019
vn 0.7125 0.7012 0.0256
vn 0.8078 0.5894 0.0006
vn 0.9048 0.4254 0.0186
vn 0.9801 0.1983 0.0122
vn 0.9945 0.1038 0.0097
vn 0.9971 -0.0765 0.0007
vn 0.9811 -0.1931 0.0132
vn 0.9388 -0.3444 -0.0005
vn 0.8875 -0.4603 0.0208
vn 0.8104 -0.5859 0.0004
vn 0.7208 -0.6928 0.0220
vn 0.2952 -0.9551 -0.0273
vn 0.4496 -0.8904 0.0714
vn 0.1626 -0.9852 0.0550
vn 0.0113 -0.9984 -0.0549
vn -0.1498 -0.9872 0.0550
vn -0.2978 -0.9530 -0.0549
vn -0.4475 -0.8926 0.0550
vn -0.5778 -0.8144 -0.0549
vn -0.7014 -0.7106 0.0550
vn -0.8011 -0.5960 -0.0549
vn -0.8867 -0.4591 0.0550
vn -0.9461 -0.3192 -0.0549
vn -0.9852 -0.1626 0.0550
vn -0.9984 -0.0113 -0.0549
vn -0.9872 0.1498 0.0550
vn -0.9530 0.2978 -0.0549
vn -0.8926 0.4475 0.0550
vn -0.8143 0.5778 -0.0549
vn -0.7106 0.7015 0.0550
vn -0.5959 0.8011 -0.0549
vn -0.4591 0.8867 0.0550
vn -0.3192 0.9461 -0.0549
vn -0.1626 0.9852 0.0550
vn -0.0112 0.9984 -0.0549
vn 0.1498 0.9872 0.0550
vn 0.2979 0.9530 -0.0549
vn 0.4475 0.8926 0.0550
vn 0.5778 0.8143 -0.0549
vn 0.7015 0.7106 0.0550
vn 0.8012 0.5959 -0.0549
vn 0.8867 0.4590 0.0550
vn 0.9461 0.3192 -0.0549
vn 0.9852 0.1626 0.0550
vn 0.9984 0.0112 -0.0549
vn 0.9872 -0.1498 0.0550
vn 0.9530 -0.2979 -0.0549
vn 0.8926 -0.4475 0.0549
vn 0.8143 -0.5778 -0.0549
vn 0.7106 -0.7015 0.0549
vn 0.5959 -0.8011 -0.0549
vn 0.4591 -0.8867 0.0549
vn 0.3192 -0.9461 -0.0550
vn 0.1626 -0.9852 0.0549
vn 0.0112 -0.9984 -0.0550
vn -0.1498 -0.9872 0.0549
vn -0.2978 -0.9530 -0.0550
vn -0.4475 -0.8926 0.0549
vn -0.5778 -0.8143 -0.0550
vn -0.7014 -0.7106 0.0549
vn -0.8011 -0.5960 -0.0550
vn -0.8867 -0.4591 0.0549
vn -0.9461 -0.3192 -0.0550
vn -0.9852 -0.1626 0.0549
vn -0.9984 -0.0112 -0.0550
vn -0.9872 0.1498 0.0549
vn -0.9530 0.2979 -0.0550
vn -0.8926 0.4475 0.0549
vn -0.8143 0.5778 -0.0550
vn -0.7106 0.7015 0.0549
vn -0.5959 0.8012 -0.0550
vn -0.4590 0.8867 0.0549
vn -0.3192 0.9461 -0.0550
vn -0.1626 0.9852 0.0549
vn -0.0112 0.9984 -0.0550
vn 0.1498 0.9872 0.0549
vn 0.2979 0.9530 -0.0550
vn 0.4476 0.8926 0.0549
vn 0.5778 0.8143 -0.0550
vn 0.7015 0.7106 0.0549
vn 0.8012 0.5959 -0.0550
vn 0.8867 0.4590 0.0549
vn 0.9461 0.3192 -0.0550
vn 0.9852 0.1625 0.0549
vn 0.9984 0.0112 -0.0550
vn 0.9872 -0.1499 0.0549
vn 0.9530 -0.2979 -0.0550
vn 0.9048 -0.4250 0.0273
vn 0.8192 -0.5691 -0.0716
vn 0.7170 -0.6971 -0.0012
vn 0.6918 -0.7221 -0.0000
vn 0.5575 -0.8301 0.0096
vn 0.3755 -0.9268 0.0066
vn 0.2874 -0.9578 0.0065
vn 0.0479 -0.9989 -0.0026
vn 0.0749 -0.9970 0.0219
vn -0.1428 -0.9896 0.0178
vn -0.2823 -0.9593 -0.0061
vn -0.4004 -0.9162 0.0181
vn -0.5420 -0.8404 -0.0025
vn -0.6407 -0.7676 0.0175
vn -0.7673 -0.6413 0.0068
vn -0.8335 -0.5522 0.0192
vn -0.9267 -0.3759 0.0047
vn -0.9637 -0.2660 0.0205
vn -0.9976 -0.0693 0.0082
vn -0.9988 0.0432 0.0249
vn -0.9702 0.2423 0.0073
vn -0.9358 0.3515 0.0262
vn -0.8476 0.5305 0.0081
vn -0.7830 0.6215 0.0258
vn -0.6431 0.7657 0.0080
vn -0.5513 0.8337 0.0312
vn -0.3770 0.9261 0.0128
vn -0.2696 0.9623 0.0358
vn -0.0703 0.9975 0.0115
vn 0.0429 0.9983 0.0406
vn 0.2401 0.9707 0.0119
vn 0.3489 0.9361 0.0456
vn 0.5284 0.8489 0.0146
vn 0.6192 0.7834 0.0526
vn 0.7635 0.6456 0.0167
vn 0.8219 0.5692 0.0209
vn 0.9319 0.3627 -0.0091
vn 0.9209 0.3768 0.0997
vn 0.9766 0.1498 0.1542
vn 0.9975 0.0447 0.0550
vn 0.9696 -0.1234 0.2114
vn 0.9236 -0.3250 0.2034
vn 0.8659 -0.3736 0.3325
vn 0.8126 -0.4554 0.3637
vn -0.0000 -0.0000 1.0000
vn -0.4304 -0.8700 0.2405
vn 0.5802 0.8137 -0.0341
vn 0.8878 -0.4491 -0.1004
vn 0.9353 -0.3529 -0.0241
vn 0.8854 -0.4599 0.0683
vn 0.9631 -0.2449 -0.1115
vn 0.9989 -0.0473 0.0016
vn 0.9920 0.0657 -0.1074
vn 0.9640 0.2658 -0.0118
vn 0.9236 0.3687 -0.1050
vn 0.8350 0.5501 -0.0090
vn 0.7645 0.6361 -0.1047
vn 0.6242 0.7812 -0.0089
vn 0.5305 0.8412 -0.1046
vn 0.3522 0.9359 -0.0088
vn 0.2446 0.9640 -0.1044
vn 0.0458 0.9989 -0.0086
vn -0.0653 0.9924 -0.1041
vn -0.2652 0.9642 -0.0085
vn -0.3688 0.9237 -0.1040
vn -0.5502 0.8350 -0.0084
vn -0.6362 0.7645 -0.1038
vn -0.7813 0.6241 -0.0083
vn -0.8413 0.5305 -0.1037
vn -0.9279 0.3723 -0.0211
vn -0.9586 0.2770 -0.0652
vn -0.9920 0.1247 0.0217
vn -0.9960 0.0410 -0.0793
vn -0.9975 -0.0666 -0.0252
vn -0.9677 -0.2133 -0.1346
vn -0.9704 -0.2392 0.0344
vn -0.9256 -0.3735 -0.0616
vn -0.8686 -0.4654 -0.1700
vn -0.7875 -0.6126 0.0673
vn -0.6944 -0.7083 -0.1271
vn -0.5763 -0.8070 0.1289
vn -0.4415 -0.8882 -0.1271
vn -0.2988 -0.9456 0.1289
vn -0.1455 -0.9812 -0.1271
vn 0.0081 -0.9916 0.1288
vn 0.1648 -0.9781 -0.1272
vn 0.3141 -0.9406 0.1287
vn 0.4590 -0.8793 -0.1273
vn 0.5893 -0.7976 0.1286
vn 0.7082 -0.6944 -0.1273
vn 0.8070 -0.5764 0.1286
vn 0.8881 -0.4416 -0.1274
vn 0.9456 -0.2989 0.1285
vn 0.9811 -0.1455 -0.1275
vn 0.9917 0.0080 0.1284
vn 0.9781 0.1648 -0.1275
vn 0.9407 0.3140 0.1284
vn 0.8793 0.4589 -0.1276
vn 0.7976 0.5893 0.1284
vn 0.6944 0.7081 -0.1278
vn 0.5765 0.8070 0.1283
vn 0.4416 0.8880 -0.1279
vn 0.2989 0.9456 0.1283
vn 0.1456 0.9810 -0.1279
vn -0.0079 0.9917 0.1283
vn -0.1647 0.9780 -0.1281
vn -0.3140 0.9407 0.1282
vn -0.4588 0.8792 -0.1281
vn -0.5893 0.7977 0.1282
vn -0.7081 0.6944 -0.1281
vn -0.8070 0.5765 0.1281
vn -0.8880 0.4416 -0.1282
vn -0.9456 0.2990 0.1280
vn -0.9810 0.1456 -0.1282
vn -0.9918 -0.0079 0.1279
vn -0.9780 -0.1647 -0.1283
vn -0.9408 -0.3140 0.1279
vn -0.8792 -0.4588 -0.1284
vn -0.7977 -0.5893 0.1277
vn -0.6944 -0.7080 -0.1284
vn -0.5766 -0.8070 0.1276
vn -0.4416 -0.8879 -0.1285
vn -0.2990 -0.9457 0.1276
vn -0.1456 -0.9810 -0.1285
vn 0.0078 -0.9918 0.1275
vn 0.1646 -0.9780 -0.1285
vn 0.3139 -0.9409 0.1275
vn 0.4588 -0.8792 -0.1286
vn 0.5893 -0.7978 0.1274
vn 0.7080 -0.6944 -0.1286
vn 0.8070 -0.5767 0.1273
vn 0.8879 -0.4417 -0.1287
vn 0.9457 -0.2991 0.1272
vn 0.9809 -0.1457 -0.1288
vn 0.9919 0.0077 0.1272
vn 0.9779 0.1645 -0.1288
vn 0.9409 0.3138 0.1271
vn 0.8792 0.4586 -0.1289
vn 0.7979 0.5892 0.1271
vn 0.7160 0.6948 -0.0673
vn 0.5816 0.7955 0.1701
vn 0.4984 0.8648 0.0616
vn 0.3456 0.9287 0.1346
vn 0.2045 0.9785 0.0252
vn 0.0978 0.9920 0.0794
vn 0.0143 0.9997 -0.0217
vn -0.1412 0.9878 0.0652
vn -0.2397 0.9706 0.0210
vn -0.4085 0.9068 0.1037
vn -0.5095 0.8604 0.0083
vn -0.6688 0.7362 0.1039
vn -0.7505 0.6608 0.0083
vn -0.8635 0.4935 0.1040
vn -0.9180 0.3966 0.0085
vn -0.9737 0.2025 0.1041
vn -0.9956 0.0935 0.0086
vn -0.9886 -0.1083 0.1043
vn -0.9757 -0.2188 0.0088
vn -0.9067 -0.4085 0.1046
vn -0.8604 -0.5096 0.0089
vn -0.7361 -0.6687 0.1048
vn -0.6608 -0.7505 0.0090
vn -0.4934 -0.8634 0.1050
vn -0.3965 -0.9180 0.0092
vn -0.2024 -0.9736 0.1052
vn -0.0921 -0.9957 -0.0001
vn 0.1090 -0.9878 0.1109
vn 0.2193 -0.9754 0.0231
vn 0.3208 -0.9425 0.0939
vn 0.2339 -0.6479 -0.7249
vn 0.2069 -0.6449 -0.7357
vn 0.2804 -0.6007 -0.7487
vn 0.9516 -0.3073 0.0098
vn 0.9516 -0.3071 0.0094
vn 0.9409 -0.3337 0.0576
vn 0.2139 -0.4665 0.8583
vn 0.1748 -0.4541 0.8736
vn 0.1109 -0.4978 0.8601
vn 0.0375 -0.4760 0.8786
vn -0.0495 -0.5094 0.8591
vn -0.1124 -0.4673 0.8769
vn -0.2059 -0.4718 0.8573
vn -0.2530 -0.4120 0.8754
vn -0.3437 -0.3870 0.8556
vn -0.3702 -0.3153 0.8738
vn -0.4489 -0.2631 0.8540
vn -0.4521 -0.1862 0.8723
vn -0.5109 -0.1119 0.8523
vn -0.4904 -0.0374 0.8707
vn -0.5233 0.0520 0.8506
vn -0.4807 0.1169 0.8690
vn -0.4844 0.2127 0.8486
vn -0.4237 0.2617 0.8672
vn -0.3974 0.3544 0.8465
vn -0.3241 0.3827 0.8651
vn -0.2700 0.4633 0.8441
vn -0.1912 0.4678 0.8629
vn -0.1274 0.5169 0.8465
vn -0.0434 0.5010 0.8643
vn 0.0248 0.5284 0.8486
vn 0.1000 0.5021 0.8590
vn 0.1713 0.5052 0.8458
vn 0.2512 0.4588 0.8523
vn 0.3140 0.4386 0.8421
vn 0.3844 0.3617 0.8494
vn 0.4381 0.3226 0.8390
vn 0.4817 0.2268 0.8465
vn 0.5209 0.1726 0.8360
vn 0.5328 0.0670 0.8436
vn 0.5532 0.0029 0.8330
vn 0.5316 -0.1020 0.8408
vn 0.5310 -0.1698 0.8302
vn 0.4774 -0.2635 0.8382
vn 0.4555 -0.3281 0.8276
vn 0.3749 -0.4010 0.8359
vn 0.3336 -0.4557 0.8252
vn 0.2338 -0.5003 0.8337
vn 0.1772 -0.5395 0.8231
vn 0.0679 -0.5509 0.8318
vn 0.0016 -0.5706 0.8212
vn -0.1064 -0.5474 0.8301
vn -0.1757 -0.5455 0.8195
vn -0.2716 -0.4897 0.8285
vn -0.3371 -0.4662 0.8180
vn -0.4114 -0.3832 0.8270
vn -0.4664 -0.3403 0.8165
vn -0.5117 -0.2380 0.8256
vn -0.5508 -0.1800 0.8150
vn -0.5624 -0.0684 0.8240
vn -0.5817 -0.0009 0.8134
vn -0.5583 0.1094 0.8224
vn -0.5557 0.1799 0.8117
vn -0.4994 0.2780 0.8206
vn -0.4751 0.3445 0.8097
vn -0.3909 0.4211 0.8185
vn -0.3469 0.4771 0.8075
vn -0.2428 0.5243 0.8162
vn -0.1834 0.5642 0.8050
vn -0.0690 0.5773 0.8136
vn 0.0002 0.5969 0.8023
vn 0.1138 0.5741 0.8109
vn 0.1862 0.5713 0.7993
vn 0.2879 0.5142 0.8079
vn 0.3562 0.4890 0.7962
vn 0.4359 0.4027 0.8049
vn 0.4934 0.3571 0.7931
vn 0.5429 0.2497 0.8018
vn 0.5836 0.1881 0.7899
vn 0.5975 0.0698 0.7988
vn 0.6171 -0.0017 0.7869
vn 0.5935 -0.1192 0.7960
vn 0.5898 -0.1937 0.7840
vn 0.5305 -0.2987 0.7933
vn 0.5036 -0.3687 0.7814
vn 0.4142 -0.4505 0.7909
vn 0.3666 -0.5087 0.7790
vn 0.2557 -0.5590 0.7888
vn 0.1921 -0.5996 0.7769
vn 0.0705 -0.6130 0.7869
vn -0.0028 -0.6318 0.7751
vn -0.1229 -0.6068 0.7853
vn -0.1986 -0.6018 0.7735
vn -0.3055 -0.5406 0.7839
vn -0.3760 -0.5123 0.7721
vn -0.4589 -0.4208 0.7825
vn -0.5006 -0.3766 0.7794
vn -0.5635 -0.2491 0.7876
vn -0.5682 -0.2833 0.7726
vn -0.6032 -0.1581 0.7817
vn -0.6129 -0.0557 0.7882
vn -0.6370 -0.0792 0.7668
vn -0.6341 0.0499 0.7716
vn -0.6113 0.1338 0.7800
vn -0.6097 0.2169 0.7624
vn -0.5554 0.3141 0.7700
vn -0.5250 0.3841 0.7595
vn -0.4327 0.4722 0.7680
vn -0.3820 0.5297 0.7573
vn -0.2665 0.5854 0.7657
vn -0.2003 0.6247 0.7548
vn -0.0727 0.6422 0.7631
vn 0.0028 0.6591 0.7520
vn 0.1302 0.6365 0.7602
vn 0.2077 0.6292 0.7490
vn 0.3226 0.5680 0.7572
vn 0.3942 0.5369 0.7459
vn 0.4851 0.4428 0.7540
vn 0.5439 0.3907 0.7426
vn 0.6016 0.2725 0.7509
vn 0.6417 0.2043 0.7393
vn 0.6608 0.0866 0.7456
vn 0.6861 0.0012 0.7275
vn 0.6745 -0.0931 0.7324
vn 0.6620 -0.2006 0.7221
vn 0.6142 -0.3115 0.7251
vn 0.6091 -0.3216 0.7249
vn 0.5559 -0.3611 0.7487
vn 0.1722 -0.9850 -0.0098
vn 0.1722 -0.9850 -0.0099
vn 0.1998 -0.9781 -0.0576
vn 0.4323 -0.2766 -0.8583
vn 0.4255 -0.2362 -0.8736
vn 0.4776 -0.1790 -0.8601
vn 0.4662 -0.1033 -0.8786
vn 0.5113 -0.0217 -0.8591
vn 0.4784 0.0464 -0.8769
vn 0.4958 0.1384 -0.8573
vn 0.4431 0.1933 -0.8754
vn 0.4310 0.2866 -0.8557
vn 0.3636 0.3228 -0.8738
vn 0.3228 0.4079 -0.8540
vn 0.2472 0.4218 -0.8723
vn 0.1817 0.4904 -0.8523
vn 0.1052 0.4804 -0.8707
vn 0.0212 0.5254 -0.8506
vn -0.0490 0.4923 -0.8690
vn -0.1433 0.5092 -0.8486
vn -0.2003 0.4560 -0.8672
vn -0.2958 0.4427 -0.8465
vn -0.3339 0.3741 -0.8652
vn -0.4212 0.3318 -0.8441
vn -0.4367 0.2543 -0.8629
vn -0.4942 0.1980 -0.8465
vn -0.4902 0.1126 -0.8643
vn -0.5268 0.0488 -0.8486
vn -0.5111 -0.0293 -0.8590
vn -0.5241 -0.0995 -0.8458
vn -0.4893 -0.1851 -0.8523
vn -0.4780 -0.2500 -0.8421
vn -0.4115 -0.3304 -0.8494
vn -0.3803 -0.3890 -0.8391
vn -0.2915 -0.4455 -0.8465
vn -0.2433 -0.4918 -0.8360
vn -0.1404 -0.5183 -0.8436
vn -0.0797 -0.5475 -0.8330
vn 0.0272 -0.5406 -0.8408
vn 0.0944 -0.5494 -0.8302
vn 0.1946 -0.5094 -0.8383
vn 0.2616 -0.4966 -0.8276
vn 0.3450 -0.4270 -0.8359
vn 0.4050 -0.3937 -0.8252
vn 0.4630 -0.3010 -0.8337
vn 0.5097 -0.2505 -0.8231
vn 0.5362 -0.1437 -0.8318
vn 0.5649 -0.0809 -0.8212
vn 0.5569 0.0293 -0.8301
vn 0.5646 0.0982 -0.8195
vn 0.5227 0.2010 -0.8285
vn 0.5085 0.2690 -0.8180
vn 0.4366 0.3541 -0.8270
vn 0.4018 0.4146 -0.8165
vn 0.3068 0.4736 -0.8256
vn 0.2548 0.5204 -0.8150
vn 0.1458 0.5475 -0.8240
vn 0.0817 0.5759 -0.8134
vn -0.0308 0.5681 -0.8224
vn -0.1009 0.5753 -0.8117
vn -0.2060 0.5332 -0.8206
vn -0.2752 0.5183 -0.8097
vn -0.3627 0.4456 -0.8185
vn -0.4243 0.4099 -0.8075
vn -0.4855 0.3133 -0.8162
vn -0.5333 0.2600 -0.8050
vn -0.5621 0.1486 -0.8136
vn -0.5912 0.0827 -0.8023
vn -0.5843 -0.0330 -0.8109
vn -0.5916 -0.1050 -0.7994
vn -0.5492 -0.2136 -0.8079
vn -0.5337 -0.2849 -0.7963
vn -0.4593 -0.3757 -0.8049
vn -0.4222 -0.4390 -0.7931
vn -0.3227 -0.5029 -0.8019
vn -0.2674 -0.5518 -0.7899
vn -0.1522 -0.5820 -0.7988
vn -0.0840 -0.6114 -0.7868
vn 0.0356 -0.6043 -0.7960
vn 0.1099 -0.6110 -0.7840
vn 0.2221 -0.5669 -0.7933
vn 0.2951 -0.5500 -0.7813
vn 0.3886 -0.4727 -0.7909
vn 0.4528 -0.4337 -0.7790
vn 0.5180 -0.3308 -0.7888
vn 0.5671 -0.2735 -0.7769
vn 0.5972 -0.1550 -0.7870
vn 0.6261 -0.0850 -0.7751
vn 0.6180 0.0375 -0.7853
vn 0.6235 0.1131 -0.7736
vn 0.5778 0.2274 -0.7839
vn 0.5595 0.3011 -0.7722
vn 0.4805 0.3959 -0.7825
vn 0.4425 0.4434 -0.7795
vn 0.3250 0.5235 -0.7876
vn 0.3594 0.5233 -0.7726
vn 0.2403 0.5755 -0.7817
vn 0.1403 0.5992 -0.7882
vn 0.1669 0.6199 -0.7667
vn 0.0387 0.6349 -0.7716
vn -0.0476 0.6240 -0.7800
vn -0.1301 0.6339 -0.7624
vn -0.2339 0.5936 -0.7700
vn -0.3075 0.5733 -0.7594
vn -0.4075 0.4941 -0.7680
vn -0.4715 0.4519 -0.7573
vn -0.5427 0.3453 -0.7657
vn -0.5908 0.2851 -0.7548
vn -0.6259 0.1612 -0.7631
vn -0.6531 0.0888 -0.7520
vn -0.6484 -0.0406 -0.7602
vn -0.6519 -0.1183 -0.7490
vn -0.6073 -0.2405 -0.7572
vn -0.5865 -0.3158 -0.7459
vn -0.5059 -0.4189 -0.7540
vn -0.4625 -0.4844 -0.7426
vn -0.3534 -0.5580 -0.7508
vn -0.2915 -0.6069 -0.7394
vn -0.1643 -0.6433 -0.7478
vn -0.0888 -0.6720 -0.7352
vn 0.0301 -0.6686 -0.7430
vn 0.1112 -0.6749 -0.7295
vn -0.0238 0.7411 0.6709
vn 0.0482 0.7600 0.6482
vn -0.1233 0.7480 0.6522
vn 0.1491 0.7244 0.6731
vn 0.2119 0.7332 0.6462
vn 0.3469 0.6805 0.6454
vn 0.3617 0.6930 0.6236
vn 0.4964 0.5873 0.6393
vn 0.5859 0.4653 0.6635
vn 0.6290 0.4166 0.6564
vn 0.6635 0.3066 0.6825
vn 0.6950 0.2608 0.6700
vn 0.7134 0.1101 0.6920
vn 0.7407 0.1261 0.6598
vn 0.7257 -0.0294 0.6874
vn 0.6868 -0.1003 0.7199
vn 0.6626 -0.2427 0.7086
vn 0.5661 -0.3898 0.7263
vn 0.5750 -0.3853 0.7218
vn 0.4421 -0.4910 0.7507
vn 0.2940 -0.5622 0.7730
vn 0.3309 -0.5770 0.7467
vn 0.2016 -0.6167 0.7610
vn 0.1118 -0.6034 0.7896
vn 0.0333 -0.6388 0.7686
vn -0.0678 -0.6022 0.7955
vn -0.1437 -0.6126 0.7772
vn -0.2693 -0.5506 0.7902
vn -0.2819 -0.5709 0.7711
vn -0.3937 -0.4882 0.7789
vn -0.4318 -0.4248 0.7956
vn -0.5083 -0.3680 0.7786
vn -0.5331 -0.2963 0.7924
vn -0.5963 -0.2382 0.7666
vn -0.6030 -0.1677 0.7799
vn -0.6556 -0.1063 0.7476
vn -0.6463 -0.0079 0.7631
vn -0.6674 0.0594 0.7423
vn -0.6352 0.1572 0.7561
vn -0.6451 0.2410 0.7251
vn -0.5938 0.3284 0.7345
vn -0.5828 0.3894 0.7133
vn -0.4844 0.4911 0.7240
vn -0.5173 0.5129 0.6851
vn -0.4084 0.5779 0.7066
vn -0.3387 0.6106 0.7158
vn -0.2721 0.6869 0.6739
vn -0.1921 0.6928 0.6951
vn -0.3666 0.0260 0.9300
vn -0.3579 -0.0421 0.9328
vn -0.3588 0.0235 0.9331
vn -0.3549 -0.0930 0.9303
vn -0.3743 -0.0406 0.9264
vn -0.3027 -0.2058 0.9306
vn -0.3321 -0.1384 0.9330
vn -0.3442 -0.1518 0.9265
vn -0.2542 -0.2549 0.9330
vn -0.2982 -0.2009 0.9331
vn -0.2201 -0.2938 0.9302
vn -0.2719 -0.2598 0.9266
vn -0.1757 -0.3147 0.9328
vn -0.1231 -0.3479 0.9294
vn -0.1810 -0.3301 0.9264
vn -0.0605 -0.3642 0.9294
vn -0.0920 -0.3480 0.9330
vn 0.0035 -0.3697 0.9291
vn 0.0581 -0.3552 0.9330
vn -0.0243 -0.3580 0.9334
vn 0.1260 -0.3452 0.9300
vn 0.0590 -0.3720 0.9264
vn 0.1377 -0.3331 0.9328
vn 0.1866 -0.3078 0.9330
vn 0.2332 -0.2837 0.9301
vn 0.1811 -0.3297 0.9266
vn 0.2704 -0.2368 0.9332
vn 0.3127 -0.1960 0.9294
vn 0.2806 -0.2480 0.9272
vn 0.3592 -0.0688 0.9307
vn 0.3296 -0.1434 0.9332
vn 0.3504 -0.1366 0.9266
vn 0.3599 0.0042 0.9330
vn 0.3526 -0.0701 0.9331
vn 0.3626 0.0724 0.9291
vn 0.3744 -0.0004 0.9272
vn 0.3462 0.1018 0.9326
vn 0.3442 0.1414 0.9282
vn 0.3007 0.2114 0.9300
vn 0.3215 0.1641 0.9326
vn 0.2478 0.2608 0.9330
vn 0.2854 0.2208 0.9326
vn 0.2160 0.2955 0.9306
vn 0.2718 0.2599 0.9266
vn 0.1700 0.3167 0.9332
vn 0.1335 0.3414 0.9304
vn 0.1894 0.3282 0.9254
vn 0.0807 0.3511 0.9329
vn 0.0166 0.3674 0.9299
vn 0.0870 0.3664 0.9264
vn -0.0700 0.3527 0.9331
vn 0.0029 0.3604 0.9328
vn -0.1055 0.3572 0.9281
vn -0.0412 0.3742 0.9264
vn -0.1582 0.3315 0.9301
vn -0.2095 0.2929 0.9329
vn -0.1367 0.3338 0.9327
vn -0.2209 0.3047 0.9265
vn -0.2583 0.2644 0.9292
vn -0.3014 0.2190 0.9280
vn -0.2817 0.2235 0.9331
vn -0.3266 0.1695 0.9298
vn -0.3579 0.1002 0.9284
vn -0.3291 0.1463 0.9329
vn -0.3522 0.0785 0.9326
vn -0.9908 -0.1307 -0.0347
vn -0.9994 -0.0000 -0.0332
vn -0.9993 -0.0003 -0.0384
vn -0.9233 -0.3825 -0.0352
vn -0.9654 -0.2587 -0.0332
vn -0.9651 -0.2589 -0.0384
vn -0.8653 -0.4999 -0.0374
vn -0.7928 -0.6086 -0.0347
vn -0.8656 -0.4997 -0.0322
vn -0.7068 -0.7064 -0.0384
vn -0.7929 -0.6080 -0.0396
vn -0.6086 -0.7928 -0.0347
vn -0.7067 -0.7067 -0.0342
vn -0.2587 -0.9652 -0.0379
vn -0.3641 -0.9308 -0.0335
vn -0.4037 -0.9140 -0.0391
vn -0.1302 -0.9909 -0.0347
vn -0.2587 -0.9654 -0.0332
vn 0.2582 -0.9653 -0.0379
vn 0.1503 -0.9880 -0.0349
vn 0.1071 -0.9935 -0.0385
vn 0.3826 -0.9232 -0.0347
vn 0.2587 -0.9654 -0.0322
vn 0.6081 -0.7929 -0.0384
vn 0.5171 -0.8553 -0.0342
vn 0.4791 -0.8769 -0.0385
vn 0.7067 -0.7067 -0.0352
vn 0.6084 -0.7929 -0.0332
vn 0.8653 -0.4999 -0.0374
vn 0.8048 -0.5926 -0.0335
vn 0.7785 -0.6265 -0.0385
vn 0.9233 -0.3824 -0.0352
vn 0.8655 -0.4997 -0.0332
vn 0.9651 -0.2591 -0.0379
vn 0.9230 -0.3827 -0.0396
vn 0.9909 -0.1302 -0.0347
vn 0.9654 -0.2587 -0.0322
vn 0.9908 0.1307 -0.0347
vn 0.9994 -0.0000 -0.0332
vn 0.9993 0.0001 -0.0379
vn 0.9234 0.3823 -0.0347
vn 0.9654 0.2587 -0.0342
vn 0.9651 0.2589 -0.0384
vn 0.8047 0.5927 -0.0342
vn 0.8656 0.4997 -0.0322
vn 0.8654 0.4997 -0.0379
vn 0.5197 0.8535 -0.0385
vn 0.5923 0.8050 -0.0342
vn 0.6266 0.7784 -0.0391
vn 0.4039 0.9140 -0.0385
vn 0.4823 0.8753 -0.0349
vn 0.2589 0.9652 -0.0374
vn 0.3641 0.9308 -0.0335
vn 0.1501 0.9881 -0.0335
vn 0.2587 0.9654 -0.0342
vn -0.2582 0.9653 -0.0379
vn -0.1504 0.9880 -0.0341
vn -0.1072 0.9935 -0.0378
vn -0.3826 0.9232 -0.0347
vn -0.2587 0.9654 -0.0332
vn -0.6086 0.7927 -0.0347
vn -0.4997 0.8655 -0.0332
vn -0.4999 0.8653 -0.0384
vn -0.8653 0.4999 -0.0384
vn -0.8047 0.5927 -0.0342
vn -0.7782 0.6268 -0.0385
vn -0.9234 0.3823 -0.0347
vn -0.8656 0.4997 -0.0322
vn 0.0821 0.0395 -0.9958
vn 0.0392 0.0030 -0.9992
vn 0.0015 0.0017 -1.0000
vn -0.0032 -0.0028 -1.0000
vn -0.0023 0.0010 -1.0000
vn 0.0010 -0.0020 -1.0000
vn -0.0102 -0.0157 -0.9998
vn 0.0027 -0.0397 -0.9992
vn 0.0116 -0.0091 -0.9999
vn 0.0166 -0.0048 -0.9999
vn 0.0046 0.0127 -0.9999
vn -0.0014 0.0178 -0.9998
vn -0.0268 0.0409 -0.9988
vn -0.3051 0.2658 -0.9145
vn -0.8647 -0.1138 -0.4893
vn -0.8367 -0.0070 -0.5477
vn -0.8476 -0.1663 -0.5038
vn -0.7842 -0.3456 -0.5154
vn -0.7593 -0.4308 -0.4877
vn -0.9230 -0.3827 -0.0396
vn -0.6973 -0.5348 -0.4773
vn -0.6503 -0.5688 -0.5036
vn -0.5061 -0.6909 -0.5163
vn -0.4361 -0.7553 -0.4893
vn -0.6080 -0.7929 -0.0396
vn -0.3337 -0.8057 -0.4893
vn -0.2138 -0.8479 -0.4852
vn -0.0951 -0.8639 -0.4946
vn -0.0066 -0.8730 -0.4877
vn -0.1301 -0.9907 -0.0396
vn 0.1128 -0.8488 -0.5166
vn 0.2229 -0.8385 -0.4972
vn 0.3820 -0.9233 -0.0396
vn 0.3361 -0.8120 -0.4773
vn 0.4290 -0.7410 -0.5166
vn 0.5714 -0.6481 -0.5035
vn 0.6048 -0.6315 -0.4853
vn 0.6820 -0.5471 -0.4853
vn 0.7068 -0.7063 -0.0396
vn 0.7553 -0.4361 -0.4893
vn 0.8144 -0.3373 -0.4722
vn 0.8273 -0.2206 -0.5166
vn 0.9906 -0.1308 -0.0396
vn 0.8600 -0.1150 -0.4972
vn 0.8788 -0.0002 -0.4773
vn 0.9907 0.1301 -0.0396
vn 0.8488 0.1128 -0.5166
vn 0.8174 0.2799 -0.5035
vn 0.8057 0.3337 -0.4893
vn 0.7410 0.4290 -0.5166
vn 0.7784 0.6266 -0.0391
vn 0.6481 0.5714 -0.5035
vn 0.6167 0.6167 -0.4893
vn 0.5709 0.6488 -0.5030
vn 0.4116 0.7510 -0.5163
vn 0.3520 0.8004 -0.4853
vn 0.2257 0.8424 -0.4893
vn 0.1075 0.9935 -0.0385
vn 0.1107 0.8490 -0.5166
vn -0.0000 0.9992 -0.0407
vn -0.0588 0.8620 -0.5035
vn -0.1074 0.8664 -0.4877
vn -0.2281 0.8515 -0.4722
vn -0.3821 0.9233 -0.0396
vn -0.3361 0.8120 -0.4773
vn -0.4361 0.7553 -0.4893
vn -0.5309 0.6919 -0.4893
vn -0.6897 0.7230 -0.0385
vn -0.6233 0.6233 -0.4722
vn -0.6981 0.5328 -0.4784
vn -0.7087 0.4930 -0.5046
vn -0.7721 0.3205 -0.5487
vn -0.9588 0.2813 -0.0385
vn -0.8487 0.2277 -0.4773
vn -0.9874 0.1537 -0.0385
vn -0.8491 0.1107 -0.5166
vn -0.4841 -0.0639 -0.8727
vn -0.3606 0.0303 -0.9322
vn -0.3447 -0.1100 -0.9322
vn -0.0834 -0.0048 -0.9965
vn -0.0337 -0.0150 -0.9993
vn -0.4293 -0.2272 -0.8741
vn -0.3270 -0.2541 -0.9102
vn -0.2700 -0.3075 -0.9124
vn -0.2034 -0.3643 -0.9088
vn -0.1822 -0.4315 -0.8836
vn -0.0259 -0.0957 -0.9951
vn -0.1221 -0.4546 -0.8823
vn -0.0611 -0.4620 -0.8848
vn 0.0307 -0.4542 -0.8904
vn 0.0729 -0.3364 -0.9389
vn 0.1870 -0.4515 -0.8724
vn 0.3684 -0.4572 -0.8095
vn 0.3025 -0.3505 -0.8864
vn 0.3948 -0.2914 -0.8714
vn 0.3971 -0.2343 -0.8873
vn 0.3718 -0.2832 -0.8840
vn 0.3605 -0.0648 -0.9305
vn 0.4887 -0.0000 -0.8725
vn 0.3535 0.0771 -0.9323
vn 0.4514 0.1870 -0.8725
vn 0.3179 0.2185 -0.9226
vn 0.3503 0.3502 -0.8687
vn 0.2129 0.3199 -0.9232
vn 0.1670 0.4331 -0.8857
vn 0.1319 0.4412 -0.8877
vn 0.1040 0.3485 -0.9315
vn -0.0775 0.4367 -0.8963
vn -0.1139 0.4248 -0.8981
vn -0.1649 0.4307 -0.8873
vn -0.2437 0.4221 -0.8732
vn -0.2772 0.3685 -0.8873
vn -0.3266 0.3310 -0.8853
vn -0.4197 0.2163 -0.8815
vn -0.4721 0.1265 -0.8724
vn -0.6312 -0.0054 0.7756
vn -0.7310 -0.0962 0.6756
vn -0.6071 -0.1627 0.7778
vn -0.6812 -0.2821 0.6756
vn -0.5740 -0.3354 0.7470
vn -0.4975 -0.3886 0.7756
vn -0.5139 -0.4985 0.6981
vn -0.4086 -0.5198 0.7502
vn -0.3674 -0.6145 0.6981
vn -0.2679 -0.6359 0.7237
vn -0.1597 -0.6447 0.7476
vn -0.0780 -0.6459 0.7594
vn -0.0032 -0.6844 0.7291
vn 0.0962 -0.7310 0.6756
vn 0.1580 -0.6099 0.7766
vn 0.2525 -0.6182 0.7444
vn 0.3485 -0.6254 0.6981
vn 0.3911 -0.5150 0.7628
vn 0.4986 -0.5139 0.6981
vn 0.5266 -0.4084 0.7456
vn 0.5911 -0.3449 0.7291
vn 0.6812 -0.2821 0.6756
vn 0.6088 -0.1688 0.7752
vn 0.6572 -0.0901 0.7483
vn 0.7373 -0.0000 0.6756
vn 0.6300 0.0771 0.7727
vn 0.6428 0.1685 0.7473
vn 0.6812 0.2822 0.6756
vn 0.5488 0.3108 0.7760
vn 0.5331 0.4049 0.7429
vn 0.5213 0.5213 0.6756
vn 0.3826 0.4987 0.7778
vn 0.3686 0.6385 0.6756
vn 0.2405 0.5807 0.7778
vn 0.1958 0.6887 0.6981
vn 0.0990 0.6563 0.7480
vn 0.0032 0.6699 0.7425
vn -0.0826 0.7112 0.6981
vn -0.1783 0.6851 0.7063
vn -0.2380 0.5902 0.7714
vn -0.3283 0.5762 0.7485
vn -0.4489 0.5849 0.6756
vn -0.4551 0.4649 0.7594
vn -0.5338 0.4284 0.7291
vn -0.5701 0.3440 0.7461
vn -0.6120 0.2573 0.7479
vn -0.7122 0.1908 0.6756
vn -0.6596 0.0834 0.7470
vn -0.9276 0.0102 0.3734
vn -0.9469 -0.1107 0.3019
vn -0.8987 -0.2303 0.3734
vn -0.8885 -0.3681 0.2740
vn -0.8041 -0.4521 0.3860
vn -0.7421 -0.5566 0.3734
vn -0.6663 -0.6767 0.3132
vn -0.5554 -0.7574 0.3434
vn -0.4518 -0.8234 0.3434
vn -0.4826 -0.8752 -0.0342
vn -0.3593 -0.8674 0.3443
vn -0.2628 -0.9017 0.3434
vn -0.1312 -0.9184 0.3734
vn -0.0030 -0.9392 0.3434
vn 0.0202 -0.9992 -0.0341
vn 0.1256 -0.9535 0.2740
vn 0.2356 -0.8793 0.4140
vn 0.3566 -0.8688 0.3434
vn 0.4670 -0.8149 0.3434
vn 0.5693 -0.7469 0.3434
vn 0.6767 -0.6663 0.3132
vn 0.7383 -0.5532 0.3860
vn 0.8118 -0.4722 0.3434
vn 0.8885 -0.3680 0.2740
vn 0.8793 -0.2356 0.4140
vn 0.9307 -0.1256 0.3434
vn 0.9532 -0.0139 0.3019
vn 0.9210 0.1110 0.3734
vn 0.9154 0.2529 0.3132
vn 0.8754 0.3776 0.3019
vn 0.7883 0.4551 0.4140
vn 0.7469 0.5693 0.3434
vn 0.6838 0.6642 0.3019
vn 0.7065 0.7068 -0.0347
vn 0.5728 0.7298 0.3734
vn 0.4809 0.8329 0.2740
vn 0.3483 0.8410 0.4140
vn 0.2387 0.9192 0.3132
vn 0.1099 0.9159 0.3860
vn 0.0030 0.9392 0.3434
vn -0.0002 0.9994 -0.0347
vn -0.1196 0.9315 0.3434
vn -0.2333 0.9243 0.3019
vn -0.3456 0.8609 0.3734
vn -0.4670 0.8149 0.3434
vn -0.5693 0.7647 0.3019
vn -0.6642 0.6642 0.3430
vn -0.7207 0.6924 -0.0349
vn -0.7574 0.5554 0.3434
vn -0.8041 0.4521 0.3860
vn -0.8665 0.3622 0.3434
vn -0.9172 0.2601 0.3019
vn -0.9704 0.2391 -0.0342
vn -0.9283 0.1428 0.3434
vn -0.9933 0.1104 -0.0342
vn -0.3046 -0.9525 0.0003
vn -0.0692 -0.9976 -0.0033
vn -0.1971 -0.9803 0.0104
vn 0.3951 -0.9186 -0.0034
vn 0.2927 -0.9562 0.0085
vn 0.1792 -0.9838 -0.0004
vn 0.4909 -0.8712 0.0061
vn 0.5770 -0.8167 -0.0021
vn 0.6746 -0.7381 0.0087
vn 0.8906 -0.4547 -0.0050
vn 0.8196 -0.5729 0.0069
vn 0.7530 -0.6580 -0.0020
vn 0.9581 0.2866 0.0018
vn 0.8969 0.4423 -0.0027
vn -0.0089 1.0000 -0.0024
vn 0.0951 0.9954 0.0088
vn 0.2089 0.9779 0.0014
vn -0.4017 0.9158 0.0007
vn -0.3299 0.9440 0.0061
vn -0.2029 0.9792 -0.0004
vn -0.5531 0.8331 0.0004
vn -0.5765 0.8171 -0.0035
vn -0.9287 0.3707 0.0078
vn -0.9661 0.2578 0.0133
vn -0.8845 0.4665 -0.0025
vn -0.9907 -0.1304 -0.0386
vn -0.5200 -0.8533 -0.0378
vn -0.0237 -0.9990 -0.0378
vn 0.9232 0.3824 -0.0386
vn 0.7066 0.7066 -0.0386
vn -0.6083 0.7928 -0.0386
vn -0.9232 0.3824 -0.0386
vn -0.0020 0.0010 1.0000
vn -0.0237 0.0247 0.9994
vn -0.0041 0.0076 1.0000
vn 0.0006 0.0010 1.0000
vn -0.0001 -0.0079 1.0000
vn 0.0001 -0.0000 1.0000
vn -0.0012 -0.0014 1.0000
vn -0.0036 -0.0070 1.0000
vn -0.0002 -0.0033 1.0000
vn 0.0044 0.0031 1.0000
vn -0.0011 0.0023 1.0000
vn 0.0125 0.0091 0.9999
vn -0.0100 -0.0019 0.9999
vn -0.0294 -0.0080 0.9995
vn -0.0058 -0.0019 1.0000
vn 0.0077 0.0002 1.0000
vn -0.0014 0.0005 1.0000
vn -0.0078 0.0026 1.0000
vn -0.0010 -0.0002 1.0000
vn 0.0028 -0.0016 1.0000
vn 0.0029 -0.0030 1.0000
vn 0.0030 -0.0031 1.0000
vn -0.0004 -0.0011 1.0000
vn 0.0009 -0.0022 1.0000
vn 0.0004 -0.0013 1.0000
vn 0.0011 0.0003 1.0000
vn 0.0010 0.0027 1.0000
vn -0.0004 -0.0000 1.0000
vn 0.0009 0.0001 1.0000
vn 0.0015 0.0001 1.0000
vn -0.0072 -0.0015 1.0000
vn 0.0033 0.0048 1.0000
vn -0.0173 -0.0022 0.9998
vn -0.0369 -0.0057 0.9993
vn -0.0171 0.0029 0.9998
vn 0.0009 0.0003 1.0000
vn -0.0228 0.0145 0.9996
vn -0.0536 0.0260 0.9982
vn -0.0596 0.0471 0.9971
vn 0.7693 -0.4627 0.4406
vn 0.8042 -0.5647 0.1854
vn -0.1074 0.0937 0.9898
vn -0.9880 -0.1544 0.0005
vn -0.9624 -0.2715 0.0054
vn -0.9276 -0.3735 -0.0033
vn 0.0667 -0.9977 0.0102
vn 0.6982 0.7159 0.0061
vn -0.1157 0.9933 0.0064
vn 0.0057 0.0008 1.0000
vn 0.0062 0.0096 0.9999
vn -0.9219 -0.3873 0.0089
vn -0.6862 -0.3968 0.6097
vn 0.3774 -0.6460 0.6635
vn -0.0975 0.7500 0.6542
vn -0.6123 0.4086 0.6769
vn -0.8625 0.5060 -0.0103
vn 0.2156 0.9765 -0.0072
vn 0.9168 0.3994 -0.0059
vn 0.5962 -0.8027 -0.0137
vn -0.0000 -0.0000 -0.0000
vn 0.9821 -0.1871 -0.0213
vn 0.3717 0.9277 -0.0344
vn 0.3314 -0.9410 -0.0684
vn 0.9534 -0.3018 -0.0000
vn 0.2374 -0.4019 0.8844
vn 0.6302 -0.2236 0.7435
vn 0.1664 -0.9861 -0.0000
vn 0.3650 -0.2909 -0.8844
vn 0.4745 0.5711 0.6698
vn 0.6391 -0.2480 0.7280
vn 0.4290 -0.4878 0.7603
vn -0.0021 -0.0053 1.0000
vn -0.0004 -0.0013 1.0000
vn 0.0001 0.0022 1.0000
vn 0.4634 -0.4404 0.7690
vt 0.467378 0.064569
vt 0.467875 0.064317
vt 0.467881 0.064580
vt 0.467381 0.064223
vt 0.467867 0.064044
vt 0.467389 0.063970
vt 0.467877 0.063790
vt 0.467383 0.063790
vt 0.467894 0.063557
vt 0.467381 0.063530
vt 0.467995 0.063287
vt 0.467392 0.063350
vt 0.467890 0.063109
vt 0.467378 0.063089
vt 0.467990 0.062918
vt 0.467371 0.058753
vt 0.467862 0.058633
vt 0.467979 0.058741
vt 0.467367 0.058633
vt 0.467874 0.058447
vt 0.467372 0.058432
vt 0.467869 0.058212
vt 0.467376 0.058113
vt 0.467871 0.058048
vt 0.467880 0.057799
vt 0.467379 0.057780
vt 0.467872 0.057525
vt 0.467378 0.057524
vt 0.467889 0.057263
vt 0.467381 0.057015
vt 0.467869 0.057017
vt 0.467874 0.056798
vt 0.467371 0.056786
vt 0.467860 0.056553
vt 0.483889 0.051885
vt 0.483381 0.052109
vt 0.483396 0.051871
vt 0.483880 0.052295
vt 0.483267 0.052373
vt 0.483361 0.052614
vt 0.483880 0.052877
vt 0.483266 0.052861
vt 0.483873 0.053053
vt 0.483396 0.053132
vt 0.483882 0.053328
vt 0.483389 0.053397
vt 0.483391 0.053559
vt 0.483878 0.053550
vt 0.483386 0.053776
vt 0.481371 0.067695
vt 0.480882 0.067925
vt 0.480868 0.067680
vt 0.481378 0.068013
vt 0.480764 0.068077
vt 0.481382 0.068349
vt 0.480886 0.068267
vt 0.480888 0.068547
vt 0.481382 0.068791
vt 0.480887 0.068892
vt 0.481380 0.069038
vt 0.480893 0.069199
vt 0.467384 0.064861
vt 0.467859 0.064871
vt 0.460125 0.067454
vt 0.459868 0.067427
vt 0.460024 0.067172
vt 0.460329 0.066920
vt 0.460108 0.066885
vt 0.460119 0.066674
vt 0.460329 0.066554
vt 0.460090 0.066439
vt 0.460268 0.066251
vt 0.459988 0.066172
vt 0.459990 0.065788
vt 0.459824 0.065938
vt 0.459646 0.065781
vt 0.459707 0.065549
vt 0.459453 0.065667
vt 0.459240 0.065596
vt 0.459374 0.065399
vt 0.459042 0.065341
vt 0.459031 0.065564
vt 0.458733 0.065589
vt 0.458509 0.065665
vt 0.458674 0.065372
vt 0.458182 0.065596
vt 0.458324 0.065767
vt 0.458102 0.065969
vt 0.457971 0.066166
vt 0.457936 0.065820
vt 0.457673 0.066292
vt 0.457886 0.066360
vt 0.457832 0.066667
vt 0.457621 0.066811
vt 0.457864 0.066977
vt 0.457760 0.067335
vt 0.457966 0.067244
vt 0.458091 0.067430
vt 0.458093 0.067754
vt 0.458258 0.067599
vt 0.458405 0.067953
vt 0.458435 0.067714
vt 0.458653 0.067807
vt 0.458744 0.068056
vt 0.458861 0.067845
vt 0.459017 0.068065
vt 0.459098 0.067847
vt 0.459302 0.068038
vt 0.459389 0.067777
vt 0.459635 0.067898
vt 0.459651 0.067633
vt 0.459910 0.067708
vt 0.468029 0.062811
vt 0.468174 0.062938
vt 0.468025 0.063095
vt 0.468030 0.062519
vt 0.468176 0.062641
vt 0.468029 0.062231
vt 0.468176 0.062345
vt 0.468028 0.061975
vt 0.468175 0.062149
vt 0.468025 0.061808
vt 0.468173 0.061948
vt 0.468169 0.061749
vt 0.468021 0.061675
vt 0.457479 0.057738
vt 0.457330 0.057811
vt 0.457335 0.057603
vt 0.457339 0.057416
vt 0.457483 0.057553
vt 0.457486 0.057355
vt 0.457341 0.057204
vt 0.457489 0.056930
vt 0.457342 0.056907
vt 0.457489 0.056633
vt 0.457342 0.056615
vt 0.457488 0.056412
vt 0.457338 0.056350
vt 0.457486 0.056232
vt 0.457334 0.056115
vt 0.467604 0.066759
vt 0.467755 0.066697
vt 0.467754 0.066883
vt 0.467605 0.067097
vt 0.467757 0.067116
vt 0.467609 0.067386
vt 0.467762 0.067387
vt 0.467767 0.067670
vt 0.467775 0.067967
vt 0.467616 0.067697
vt 0.467631 0.068186
vt 0.467786 0.068239
vt 0.481703 0.050286
vt 0.481551 0.050167
vt 0.481700 0.050047
vt 0.481706 0.050561
vt 0.481554 0.050357
vt 0.481707 0.050859
vt 0.481557 0.050584
vt 0.481704 0.051147
vt 0.481558 0.051031
vt 0.481701 0.051407
vt 0.481555 0.051312
vt 0.468172 0.063216
vt 0.468021 0.063353
vt 0.478684 0.050443
vt 0.478662 0.050774
vt 0.478642 0.050797
vt 0.457420 0.055433
vt 0.457431 0.055272
vt 0.457431 0.055526
vt 0.468194 0.060169
vt 0.468180 0.060331
vt 0.468180 0.059974
vt 0.468194 0.060670
vt 0.468176 0.060361
vt 0.468194 0.060331
vt 0.457432 0.055526
vt 0.457432 0.055771
vt 0.457420 0.055699
vt 0.467378 0.063194
vt 0.467357 0.063123
vt 0.467378 0.062918
vt 0.457617 0.062591
vt 0.457589 0.062428
vt 0.457617 0.062227
vt 0.457607 0.060421
vt 0.457621 0.060227
vt 0.457621 0.060575
vt 0.457613 0.062935
vt 0.457589 0.062775
vt 0.457613 0.062591
vt 0.457577 0.059773
vt 0.457556 0.059622
vt 0.457577 0.059518
vt 0.478739 0.050641
vt 0.478696 0.050381
vt 0.478711 0.050379
vt 0.468011 0.056222
vt 0.468025 0.056005
vt 0.468025 0.056229
vt 0.457604 0.059898
vt 0.457621 0.059868
vt 0.468074 0.056217
vt 0.468060 0.055964
vt 0.468074 0.055935
vt 0.478739 0.050114
vt 0.478776 0.050361
vt 0.478763 0.050393
vt 0.468090 0.056199
vt 0.468074 0.056225
vt 0.478583 0.050114
vt 0.478642 0.050450
vt 0.478625 0.050461
vt 0.468014 0.058396
vt 0.468003 0.058743
vt 0.467999 0.058400
vt 0.457420 0.054892
vt 0.457432 0.054716
vt 0.457432 0.055000
vt 0.477730 0.053837
vt 0.477752 0.053943
vt 0.477730 0.054102
vt 0.457432 0.054285
vt 0.457420 0.054430
vt 0.457420 0.054104
vt 0.478642 0.050114
vt 0.478696 0.050443
vt 0.467872 0.065601
vt 0.467635 0.065788
vt 0.467700 0.065612
vt 0.467613 0.065243
vt 0.467727 0.065366
vt 0.467625 0.065539
vt 0.467604 0.064985
vt 0.467727 0.065088
vt 0.481089 0.051363
vt 0.481229 0.051454
vt 0.481102 0.051555
vt 0.481073 0.051096
vt 0.481228 0.051218
vt 0.481058 0.050783
vt 0.481226 0.050921
vt 0.481047 0.050520
vt 0.481225 0.050591
vt 0.481038 0.050285
vt 0.481029 0.049988
vt 0.481225 0.050262
vt 0.482713 0.051206
vt 0.482909 0.051422
vt 0.482708 0.051435
vt 0.482715 0.050976
vt 0.482926 0.051122
vt 0.482716 0.050645
vt 0.482943 0.050786
vt 0.482715 0.050328
vt 0.482955 0.050458
vt 0.482709 0.050057
vt 0.482964 0.050163
vt 0.467836 0.067894
vt 0.468103 0.067957
vt 0.467844 0.068140
vt 0.467831 0.067659
vt 0.467823 0.067329
vt 0.468108 0.067626
vt 0.467819 0.067094
vt 0.468115 0.067298
vt 0.467818 0.066908
vt 0.468126 0.067005
vt 0.467676 0.066485
vt 0.468005 0.066572
vt 0.467694 0.066697
vt 0.467662 0.066269
vt 0.468002 0.066316
vt 0.467649 0.066049
vt 0.467999 0.066007
vt 0.467997 0.065444
vt 0.467995 0.065689
vt 0.467845 0.065231
vt 0.467843 0.065448
vt 0.467852 0.064973
vt 0.467999 0.065204
vt 0.457448 0.061293
vt 0.457601 0.061468
vt 0.457448 0.061485
vt 0.457447 0.061025
vt 0.457602 0.061271
vt 0.457445 0.060709
vt 0.457600 0.061001
vt 0.457444 0.060374
vt 0.457598 0.060683
vt 0.457445 0.060055
vt 0.457597 0.060349
vt 0.457451 0.059781
vt 0.457602 0.059883
vt 0.472369 0.067758
vt 0.472522 0.067889
vt 0.472365 0.068075
vt 0.472370 0.067424
vt 0.472524 0.067558
vt 0.472368 0.067105
vt 0.472523 0.067229
vt 0.472365 0.066833
vt 0.472520 0.066934
vt 0.482032 0.051111
vt 0.482188 0.051240
vt 0.482037 0.051429
vt 0.482029 0.050777
vt 0.482184 0.050909
vt 0.482029 0.050459
vt 0.482182 0.050581
vt 0.482034 0.050188
vt 0.482185 0.050287
vt 0.457289 0.061412
vt 0.457444 0.061503
vt 0.457292 0.061624
vt 0.457285 0.061130
vt 0.457440 0.061247
vt 0.457280 0.060806
vt 0.457435 0.060938
vt 0.457278 0.060473
vt 0.457431 0.060605
vt 0.457279 0.060162
vt 0.457431 0.060280
vt 0.457285 0.059905
vt 0.457435 0.059997
vt 0.468022 0.061483
vt 0.468176 0.061568
vt 0.468022 0.061675
vt 0.468021 0.061215
vt 0.468175 0.061329
vt 0.468019 0.060900
vt 0.468173 0.061030
vt 0.468018 0.060566
vt 0.468171 0.060699
vt 0.468019 0.060247
vt 0.468172 0.060370
vt 0.468025 0.059974
vt 0.468176 0.060073
vt 0.457466 0.067726
vt 0.457619 0.067857
vt 0.457462 0.068043
vt 0.457467 0.067393
vt 0.457621 0.067527
vt 0.457465 0.067074
vt 0.457619 0.067197
vt 0.457462 0.066855
vt 0.457617 0.066902
vt 0.472371 0.066557
vt 0.472529 0.066833
vt 0.472374 0.066778
vt 0.472367 0.066227
vt 0.472524 0.066531
vt 0.472365 0.065897
vt 0.472520 0.066200
vt 0.472368 0.065601
vt 0.472518 0.065871
vt 0.472375 0.065366
vt 0.472521 0.065577
vt 0.457278 0.063114
vt 0.457434 0.063344
vt 0.457281 0.063361
vt 0.457278 0.062875
vt 0.457432 0.063088
vt 0.457402 0.062719
vt 0.457431 0.062873
vt 0.457278 0.062381
vt 0.457582 0.062455
vt 0.457278 0.062633
vt 0.457280 0.062152
vt 0.457286 0.061865
vt 0.457569 0.062124
vt 0.457297 0.061644
vt 0.457563 0.061842
vt 0.482019 0.050289
vt 0.481766 0.050069
vt 0.482029 0.050057
vt 0.482008 0.050583
vt 0.481770 0.050307
vt 0.481994 0.050912
vt 0.481772 0.050603
vt 0.481979 0.051241
vt 0.481772 0.050933
vt 0.481961 0.051540
vt 0.481770 0.051260
vt 0.481396 0.068440
vt 0.481577 0.068715
vt 0.481382 0.068736
vt 0.481407 0.068112
vt 0.481577 0.068416
vt 0.481413 0.067850
vt 0.481574 0.068093
vt 0.481418 0.067619
vt 0.481570 0.067853
vt 0.457611 0.065613
vt 0.457474 0.065350
vt 0.457621 0.065341
vt 0.457600 0.065930
vt 0.457479 0.065624
vt 0.457586 0.066263
vt 0.457481 0.065941
vt 0.457570 0.066579
vt 0.457481 0.066276
vt 0.457551 0.066847
vt 0.457479 0.066591
vt 0.478509 0.050585
vt 0.478583 0.050790
vt 0.478507 0.050800
vt 0.478507 0.050315
vt 0.478572 0.050576
vt 0.478549 0.050062
vt 0.478561 0.050296
vt 0.457616 0.058173
vt 0.457590 0.057872
vt 0.457621 0.057846
vt 0.457613 0.058534
vt 0.457587 0.058202
vt 0.457612 0.058896
vt 0.457583 0.058566
vt 0.457614 0.059224
vt 0.457582 0.058927
vt 0.457621 0.059486
vt 0.457585 0.059251
vt 0.457617 0.054339
vt 0.457591 0.054118
vt 0.457621 0.054104
vt 0.457614 0.054576
vt 0.457587 0.054362
vt 0.457611 0.054821
vt 0.457583 0.054679
vt 0.457608 0.055182
vt 0.457579 0.055037
vt 0.457607 0.055539
vt 0.457577 0.055402
vt 0.457611 0.055854
vt 0.457579 0.055738
vt 0.457621 0.056096
vt 0.457587 0.056013
vt 0.457617 0.056481
vt 0.457589 0.056357
vt 0.457621 0.056191
vt 0.457614 0.056825
vt 0.457586 0.056684
vt 0.457613 0.057191
vt 0.457584 0.057047
vt 0.457614 0.057543
vt 0.457584 0.057409
vt 0.457589 0.057735
vt 0.457278 0.061838
vt 0.457248 0.061697
vt 0.457274 0.061492
vt 0.457277 0.062204
vt 0.457249 0.062060
vt 0.457274 0.062555
vt 0.457246 0.062421
vt 0.457271 0.062796
vt 0.457242 0.062745
vt 0.468079 0.063656
vt 0.468056 0.063353
vt 0.468085 0.063412
vt 0.468076 0.064018
vt 0.468053 0.063682
vt 0.468075 0.064380
vt 0.468050 0.064045
vt 0.468077 0.064708
vt 0.468049 0.064406
vt 0.468085 0.064973
vt 0.468051 0.064730
vt 0.457234 0.054331
vt 0.457207 0.054115
vt 0.457234 0.054104
vt 0.457229 0.054571
vt 0.457204 0.054359
vt 0.457226 0.054813
vt 0.457198 0.054675
vt 0.457222 0.055178
vt 0.457194 0.055033
vt 0.457222 0.055536
vt 0.457192 0.055398
vt 0.457225 0.055851
vt 0.457193 0.055639
vt 0.457234 0.056093
vt 0.457196 0.055878
vt 0.457273 0.060001
vt 0.457250 0.059726
vt 0.457276 0.059711
vt 0.457270 0.060346
vt 0.457246 0.060025
vt 0.457268 0.060712
vt 0.457243 0.060373
vt 0.457270 0.061064
vt 0.457242 0.060740
vt 0.457276 0.061368
vt 0.457245 0.061089
vt 0.468049 0.063756
vt 0.468019 0.063615
vt 0.468045 0.063409
vt 0.468049 0.064122
vt 0.468020 0.063978
vt 0.468046 0.064473
vt 0.468018 0.064339
vt 0.468042 0.064774
vt 0.468015 0.064662
vt 0.457526 0.058309
vt 0.457499 0.058168
vt 0.457531 0.057962
vt 0.457521 0.058676
vt 0.457494 0.058531
vt 0.457520 0.059026
vt 0.457491 0.058891
vt 0.457523 0.059327
vt 0.457492 0.059215
vt 0.457531 0.059547
vt 0.457498 0.059469
vt 0.457273 0.054464
vt 0.457246 0.054347
vt 0.457278 0.054188
vt 0.457269 0.054801
vt 0.457241 0.054663
vt 0.457265 0.055166
vt 0.457237 0.055021
vt 0.457265 0.055524
vt 0.457234 0.055382
vt 0.457269 0.055840
vt 0.457236 0.055627
vt 0.457278 0.056082
vt 0.457240 0.055862
vt 0.457574 0.058149
vt 0.457548 0.057883
vt 0.457577 0.057859
vt 0.457571 0.058495
vt 0.457544 0.058178
vt 0.457569 0.058861
vt 0.457541 0.058527
vt 0.457571 0.059214
vt 0.457540 0.058893
vt 0.457542 0.059241
vt 0.457599 0.062227
vt 0.457587 0.061925
vt 0.457617 0.061894
vt 0.463191 0.067033
vt 0.463038 0.066935
vt 0.463106 0.066797
vt 0.467795 0.065475
vt 0.467590 0.066730
vt 0.467484 0.066765
vt 0.467497 0.066609
vt 0.467410 0.066989
vt 0.467487 0.067066
vt 0.467222 0.067265
vt 0.467272 0.067363
vt 0.466957 0.067469
vt 0.466976 0.067578
vt 0.466643 0.067582
vt 0.466627 0.067691
vt 0.466309 0.067592
vt 0.466260 0.067691
vt 0.465989 0.067498
vt 0.465911 0.067578
vt 0.465713 0.067309
vt 0.465615 0.067362
vt 0.465509 0.067045
vt 0.465399 0.067065
vt 0.465396 0.066730
vt 0.465286 0.066716
vt 0.465386 0.066396
vt 0.465286 0.066350
vt 0.465480 0.066076
vt 0.465399 0.066001
vt 0.465668 0.065800
vt 0.465615 0.065704
vt 0.465932 0.065595
vt 0.465911 0.065488
vt 0.466247 0.065483
vt 0.466260 0.065375
vt 0.466581 0.065472
vt 0.466627 0.065375
vt 0.466901 0.065566
vt 0.466975 0.065488
vt 0.467177 0.065754
vt 0.467272 0.065703
vt 0.467381 0.066017
vt 0.467488 0.065999
vt 0.467494 0.066331
vt 0.467601 0.066347
vt 0.467504 0.066665
vt 0.467601 0.066713
vt 0.467410 0.066985
vt 0.467488 0.067062
vt 0.467223 0.067260
vt 0.467273 0.067358
vt 0.466959 0.067464
vt 0.466977 0.067573
vt 0.466645 0.067576
vt 0.466629 0.067686
vt 0.466312 0.067586
vt 0.466262 0.067686
vt 0.465992 0.067492
vt 0.465914 0.067573
vt 0.465716 0.067304
vt 0.465618 0.067357
vt 0.465512 0.067040
vt 0.465402 0.067061
vt 0.465400 0.066726
vt 0.465289 0.066712
vt 0.465390 0.066393
vt 0.465289 0.066346
vt 0.465483 0.066072
vt 0.465497 0.065843
vt 0.465628 0.065850
vt 0.465743 0.065592
vt 0.465801 0.065679
vt 0.466073 0.065419
vt 0.466095 0.065521
vt 0.466434 0.065358
vt 0.466423 0.065462
vt 0.466796 0.065411
vt 0.466754 0.065506
vt 0.467124 0.065574
vt 0.467054 0.065651
vt 0.467323 0.065758
vt 0.467292 0.065876
vt 0.467489 0.065996
vt 0.467422 0.066104
vt 0.467495 0.066340
vt 0.467602 0.066344
vt 0.467508 0.066592
vt 0.467602 0.066709
vt 0.467470 0.066824
vt 0.467489 0.067057
vt 0.467328 0.067125
vt 0.467274 0.067353
vt 0.467100 0.067367
vt 0.466978 0.067568
vt 0.466808 0.067527
vt 0.466630 0.067681
vt 0.466480 0.067589
vt 0.466265 0.067681
vt 0.466150 0.067547
vt 0.465917 0.067568
vt 0.465849 0.067404
vt 0.465621 0.067353
vt 0.465607 0.067175
vt 0.465405 0.067057
vt 0.465447 0.066883
vt 0.465292 0.066709
vt 0.465385 0.066556
vt 0.465292 0.066346
vt 0.465413 0.066293
vt 0.465364 0.066093
vt 0.465490 0.066061
vt 0.465497 0.065843
vt 0.465681 0.065787
vt 0.465754 0.065583
vt 0.465946 0.065585
vt 0.479151 0.050267
vt 0.479033 0.050085
vt 0.479151 0.049934
vt 0.482321 0.050057
vt 0.482520 0.050142
vt 0.482507 0.050333
vt 0.482669 0.050477
vt 0.482599 0.050653
vt 0.482708 0.050841
vt 0.482587 0.050986
vt 0.482632 0.051201
vt 0.482479 0.051288
vt 0.482475 0.051474
vt 0.482321 0.051494
vt 0.457587 0.062706
vt 0.457474 0.062846
vt 0.462981 0.066319
vt 0.463088 0.066283
vt 0.463074 0.066440
vt 0.463162 0.066059
vt 0.463084 0.065983
vt 0.463350 0.065784
vt 0.463299 0.065686
vt 0.463614 0.065579
vt 0.463596 0.065471
vt 0.463929 0.065467
vt 0.463945 0.065358
vt 0.464263 0.065457
vt 0.464311 0.065358
vt 0.464583 0.065551
vt 0.464660 0.065471
vt 0.464859 0.065739
vt 0.464957 0.065687
vt 0.465063 0.066004
vt 0.465173 0.065984
vt 0.465176 0.066318
vt 0.465286 0.066332
vt 0.465186 0.066652
vt 0.465286 0.066699
vt 0.465092 0.066973
vt 0.465173 0.067048
vt 0.464904 0.067249
vt 0.464957 0.067345
vt 0.464640 0.067453
vt 0.464660 0.067560
vt 0.464325 0.067566
vt 0.464312 0.067674
vt 0.463992 0.067576
vt 0.463945 0.067674
vt 0.463671 0.067482
vt 0.463597 0.067561
vt 0.463396 0.067294
vt 0.463300 0.067346
vt 0.463192 0.067031
vt 0.463085 0.067049
vt 0.463079 0.066717
vt 0.462971 0.066701
vt 0.463069 0.066383
vt 0.462971 0.066335
vt 0.463163 0.066063
vt 0.463084 0.065986
vt 0.463351 0.065788
vt 0.463300 0.065690
vt 0.463614 0.065584
vt 0.463596 0.065475
vt 0.463928 0.065472
vt 0.463944 0.065362
vt 0.464262 0.065462
vt 0.464311 0.065362
vt 0.464582 0.065555
vt 0.464659 0.065475
vt 0.464858 0.065743
vt 0.464956 0.065691
vt 0.465062 0.066007
vt 0.465171 0.065987
vt 0.465174 0.066322
vt 0.465284 0.066335
vt 0.465184 0.066655
vt 0.465284 0.066702
vt 0.465090 0.066975
vt 0.465076 0.067205
vt 0.464946 0.067197
vt 0.464830 0.067456
vt 0.464772 0.067368
vt 0.464501 0.067629
vt 0.464479 0.067526
vt 0.464140 0.067690
vt 0.464150 0.067586
vt 0.463777 0.067637
vt 0.463820 0.067541
vt 0.463449 0.067474
vt 0.463520 0.067397
vt 0.463250 0.067289
vt 0.463282 0.067171
vt 0.463085 0.067051
vt 0.463152 0.066943
vt 0.463079 0.066705
vt 0.462972 0.066704
vt 0.463070 0.066386
vt 0.462972 0.066338
vt 0.463163 0.066067
vt 0.463085 0.065990
vt 0.463351 0.065791
vt 0.463300 0.065694
vt 0.463615 0.065588
vt 0.463596 0.065479
vt 0.463928 0.065476
vt 0.463944 0.065366
vt 0.464261 0.065466
vt 0.464310 0.065366
vt 0.464581 0.065560
vt 0.464658 0.065479
vt 0.464856 0.065747
vt 0.464954 0.065694
vt 0.465060 0.066011
vt 0.465169 0.065990
vt 0.465172 0.066325
vt 0.465282 0.066339
vt 0.465181 0.066664
vt 0.465210 0.066954
vt 0.465085 0.066986
vt 0.465078 0.067204
vt 0.464895 0.067259
vt 0.464821 0.067464
vt 0.464630 0.067461
vt 0.464496 0.067633
vt 0.464315 0.067571
vt 0.464135 0.067692
vt 0.463982 0.067578
vt 0.463773 0.067637
vt 0.463663 0.067482
vt 0.463446 0.067473
vt 0.463390 0.067292
vt 0.463183 0.067214
vt 0.479056 0.050344
vt 0.479118 0.050601
vt 0.479067 0.050629
vt 0.478378 0.049912
vt 0.478479 0.050182
vt 0.478428 0.050213
vt 0.478507 0.050476
vt 0.478457 0.050770
vt 0.478443 0.050547
vt 0.477924 0.053793
vt 0.477987 0.054075
vt 0.477924 0.054097
vt 0.457278 0.056649
vt 0.479454 0.067693
vt 0.479399 0.067749
vt 0.479168 0.067609
vt 0.479650 0.067808
vt 0.479671 0.067915
vt 0.479815 0.067951
vt 0.479986 0.068185
vt 0.479888 0.068169
vt 0.480072 0.068397
vt 0.480016 0.068478
vt 0.480118 0.068623
vt 0.480106 0.068918
vt 0.480042 0.068810
vt 0.480016 0.069202
vt 0.479964 0.069132
vt 0.479859 0.069448
vt 0.479832 0.069359
vt 0.479642 0.069647
vt 0.479671 0.069536
vt 0.479378 0.069785
vt 0.479388 0.069708
vt 0.479093 0.069847
vt 0.479135 0.069775
vt 0.481766 0.050940
vt 0.481766 0.050610
vt 0.481764 0.050293
vt 0.483733 0.057943
vt 0.485504 0.059121
vt 0.483633 0.058210
vt 0.484023 0.057605
vt 0.485873 0.058272
vt 0.485783 0.056931
vt 0.483726 0.057256
vt 0.483913 0.056977
vt 0.483687 0.056609
vt 0.485491 0.056084
vt 0.484837 0.055176
vt 0.483393 0.056296
vt 0.483019 0.056117
vt 0.484347 0.054675
vt 0.483074 0.054246
vt 0.482813 0.056308
vt 0.482401 0.055997
vt 0.481528 0.054309
vt 0.481988 0.056023
vt 0.481663 0.056466
vt 0.481441 0.056643
vt 0.480818 0.054484
vt 0.479828 0.055363
vt 0.481285 0.056832
vt 0.480964 0.056988
vt 0.479109 0.056722
vt 0.481050 0.057432
vt 0.479029 0.058078
vt 0.480768 0.057835
vt 0.480902 0.058247
vt 0.481335 0.058463
vt 0.479346 0.059148
vt 0.481430 0.058898
vt 0.479796 0.059958
vt 0.480713 0.060599
vt 0.481773 0.059129
vt 0.482194 0.059244
vt 0.481329 0.060871
vt 0.482625 0.059213
vt 0.482435 0.061052
vt 0.483546 0.060947
vt 0.483106 0.059074
vt 0.484694 0.060187
vt 0.483232 0.058702
vt 0.485010 0.059868
vt 0.483486 0.058451
vt 0.459732 0.065277
vt 0.459286 0.054316
vt 0.459753 0.054319
vt 0.460167 0.065189
vt 0.460224 0.054223
vt 0.461368 0.065186
vt 0.461144 0.054318
vt 0.461578 0.054217
vt 0.462038 0.065266
vt 0.461984 0.054312
vt 0.462356 0.054309
vt 0.462332 0.065264
vt 0.462687 0.054303
vt 0.462584 0.065256
vt 0.462971 0.054297
vt 0.473785 0.065181
vt 0.473190 0.054302
vt 0.473486 0.054210
vt 0.474774 0.065287
vt 0.474191 0.054325
vt 0.474601 0.054331
vt 0.475165 0.065202
vt 0.475043 0.054235
vt 0.477960 0.065193
vt 0.477784 0.054330
vt 0.478185 0.054223
vt 0.469150 0.065275
vt 0.468475 0.054314
vt 0.468814 0.054319
vt 0.469480 0.065276
vt 0.469192 0.054323
vt 0.469839 0.065280
vt 0.469604 0.054326
vt 0.470232 0.065282
vt 0.470042 0.054327
vt 0.470643 0.065193
vt 0.470500 0.054230
vt 0.470966 0.054324
vt 0.472650 0.065261
vt 0.472365 0.054217
vt 0.472787 0.054304
vt 0.473014 0.065254
vt 0.473190 0.054295
vt 0.463609 0.065305
vt 0.462971 0.054341
vt 0.463367 0.054332
vt 0.463981 0.065296
vt 0.463792 0.054324
vt 0.464387 0.065204
vt 0.464242 0.054217
vt 0.464703 0.054314
vt 0.465200 0.065284
vt 0.465173 0.054311
vt 0.465630 0.065197
vt 0.465641 0.054209
vt 0.466431 0.065200
vt 0.466103 0.054310
vt 0.466546 0.054214
vt 0.458932 0.065183
vt 0.458395 0.054308
vt 0.458834 0.054212
vt 0.477990 0.070526
vt 0.475474 0.071622
vt 0.473837 0.070983
vt 0.472717 0.069302
vt 0.473550 0.066310
vt 0.476323 0.065469
vt 0.478182 0.066622
vt 0.478743 0.068769
vt 0.459338 0.065275
vt 0.458938 0.065283
vt 0.460595 0.065277
vt 0.460165 0.065289
vt 0.461722 0.065274
vt 0.461358 0.065286
vt 0.474090 0.065278
vt 0.473800 0.065281
vt 0.475572 0.065293
vt 0.475172 0.065302
vt 0.478282 0.065277
vt 0.477948 0.065293
vt 0.471056 0.065282
vt 0.470647 0.065293
vt 0.464803 0.065291
vt 0.464393 0.065304
vt 0.466033 0.065289
vt 0.465628 0.065297
vt 0.466799 0.065295
vt 0.466423 0.065300
vt 0.477956 0.070772
vt 0.477613 0.071006
vt 0.478064 0.070592
vt 0.477123 0.071305
vt 0.459349 0.065332
vt 0.476924 0.071454
vt 0.476518 0.071539
vt 0.476516 0.071597
vt 0.476132 0.071604
vt 0.475710 0.071689
vt 0.476125 0.071671
vt 0.475292 0.071666
vt 0.474903 0.071530
vt 0.474508 0.071454
vt 0.474902 0.071589
vt 0.474517 0.071397
vt 0.474152 0.071215
vt 0.473784 0.071024
vt 0.474136 0.071271
vt 0.473471 0.070756
vt 0.473206 0.070456
vt 0.473508 0.070716
vt 0.473116 0.070224
vt 0.474645 0.065347
vt 0.474407 0.065281
vt 0.472971 0.070104
vt 0.472837 0.069700
vt 0.472792 0.069718
vt 0.472575 0.068932
vt 0.472654 0.069326
vt 0.475971 0.065295
vt 0.476396 0.065351
vt 0.475987 0.065351
vt 0.472630 0.068912
vt 0.472647 0.068088
vt 0.476794 0.065292
vt 0.476385 0.065292
vt 0.472656 0.067698
vt 0.472575 0.068106
vt 0.472790 0.067305
vt 0.472716 0.067697
vt 0.472867 0.067291
vt 0.472989 0.066921
vt 0.473137 0.066772
vt 0.473218 0.066571
vt 0.473790 0.066000
vt 0.473480 0.066271
vt 0.474142 0.065765
vt 0.474004 0.065915
vt 0.474546 0.065631
vt 0.475092 0.065471
vt 0.474901 0.065451
vt 0.474511 0.065583
vt 0.475317 0.065369
vt 0.475742 0.065400
vt 0.476153 0.065373
vt 0.475742 0.065351
vt 0.476554 0.065452
vt 0.476935 0.065644
vt 0.476946 0.065586
vt 0.477271 0.065818
vt 0.477658 0.065997
vt 0.477316 0.065769
vt 0.472820 0.065316
vt 0.477977 0.066277
vt 0.477797 0.066183
vt 0.478250 0.066589
vt 0.478436 0.066974
vt 0.464016 0.065358
vt 0.478691 0.067565
vt 0.464637 0.065357
vt 0.478799 0.067717
vt 0.478822 0.068129
vt 0.465214 0.065346
vt 0.478846 0.068536
vt 0.478873 0.068948
vt 0.478895 0.068536
vt 0.478818 0.068943
vt 0.478783 0.069356
vt 0.478658 0.069572
vt 0.466620 0.065358
vt 0.478653 0.069753
vt 0.478420 0.070094
vt 0.478248 0.070452
vt 0.478477 0.070110
vt 0.458761 0.065328
vt 0.458534 0.065267
vt 0.485760 0.058734
vt 0.485595 0.059165
vt 0.485752 0.056479
vt 0.485881 0.056912
vt 0.485344 0.055655
vt 0.485581 0.056039
vt 0.484737 0.054950
vt 0.482644 0.054102
vt 0.483094 0.054148
vt 0.481269 0.054276
vt 0.479488 0.055664
vt 0.479753 0.055298
vt 0.478905 0.057393
vt 0.478952 0.056942
vt 0.478958 0.058321
vt 0.478895 0.057863
vt 0.479089 0.058763
vt 0.479505 0.059593
vt 0.479258 0.059193
vt 0.480871 0.060792
vt 0.480470 0.060562
vt 0.481747 0.061074
vt 0.481298 0.060967
vt 0.483122 0.061068
vt 0.482666 0.061141
vt 0.484138 0.060579
vt 0.484395 0.060545
vt 0.483996 0.060778
vt 0.484760 0.060262
vt 0.485361 0.059551
vt 0.485085 0.059934
vt 0.459301 0.054112
vt 0.458852 0.054120
vt 0.459754 0.054203
vt 0.459289 0.054201
vt 0.460219 0.054115
vt 0.459774 0.054109
vt 0.460688 0.054205
vt 0.460685 0.054114
vt 0.461140 0.054203
vt 0.460690 0.054319
vt 0.461535 0.054111
vt 0.461123 0.054126
vt 0.461948 0.054120
vt 0.462298 0.054104
vt 0.461977 0.054198
vt 0.462347 0.054193
vt 0.462638 0.054111
vt 0.462676 0.054188
vt 0.485105 0.055241
vt 0.485065 0.055275
vt 0.462960 0.054182
vt 0.484403 0.054622
vt 0.484772 0.054911
vt 0.473202 0.054187
vt 0.473858 0.054113
vt 0.473551 0.054102
vt 0.474233 0.054121
vt 0.473825 0.054203
vt 0.474199 0.054210
vt 0.473815 0.054318
vt 0.474607 0.054215
vt 0.475052 0.054129
vt 0.474629 0.054138
vt 0.475507 0.054133
vt 0.475961 0.054224
vt 0.475496 0.054222
vt 0.475493 0.054337
vt 0.476426 0.054146
vt 0.475964 0.054146
vt 0.476444 0.054245
vt 0.475960 0.054338
vt 0.476894 0.054222
vt 0.477316 0.054129
vt 0.476916 0.054128
vt 0.477346 0.054219
vt 0.476897 0.054337
vt 0.477750 0.054125
vt 0.477777 0.054215
vt 0.477351 0.054334
vt 0.478502 0.054113
vt 0.478153 0.054132
vt 0.478834 0.054106
vt 0.478551 0.054202
vt 0.478895 0.054216
vt 0.478561 0.054317
vt 0.468243 0.054103
vt 0.468485 0.054199
vt 0.468194 0.054214
vt 0.468855 0.054126
vt 0.468522 0.054121
vt 0.468822 0.054204
vt 0.469225 0.054118
vt 0.469199 0.054208
vt 0.469631 0.054133
vt 0.469609 0.054211
vt 0.470061 0.054134
vt 0.470046 0.054212
vt 0.470511 0.054122
vt 0.470966 0.054210
vt 0.470968 0.054132
vt 0.471435 0.054206
vt 0.471438 0.054116
vt 0.471899 0.054202
vt 0.471903 0.054316
vt 0.471437 0.054321
vt 0.472328 0.054106
vt 0.471899 0.054107
vt 0.472779 0.054189
vt 0.473152 0.054103
vt 0.472755 0.054111
vt 0.463398 0.054142
vt 0.462980 0.054226
vt 0.463010 0.054151
vt 0.463374 0.054217
vt 0.463819 0.054123
vt 0.463797 0.054210
vt 0.464710 0.054124
vt 0.464256 0.054128
vt 0.465172 0.054110
vt 0.464705 0.054199
vt 0.465173 0.054197
vt 0.466084 0.054121
vt 0.465612 0.054104
vt 0.466519 0.054124
vt 0.466099 0.054196
vt 0.466931 0.054128
vt 0.457654 0.054105
vt 0.457994 0.054188
vt 0.457621 0.054182
vt 0.467343 0.054209
vt 0.466965 0.054317
vt 0.466957 0.054203
vt 0.458022 0.054111
vt 0.458402 0.054193
vt 0.457986 0.054303
vt 0.458438 0.054104
vt 0.483773 0.057593
vt 0.483497 0.056787
vt 0.483288 0.056576
vt 0.483097 0.056431
vt 0.482578 0.056256
vt 0.482223 0.056255
vt 0.481880 0.056350
vt 0.481088 0.057974
vt 0.481579 0.058699
vt 0.482058 0.058933
vt 0.482590 0.058966
vt 0.468001 0.064493
vt 0.468005 0.064215
vt 0.468000 0.063862
vt 0.467997 0.063100
vt 0.467987 0.058593
vt 0.467992 0.058350
vt 0.467994 0.058137
vt 0.467996 0.057793
vt 0.467995 0.057438
vt 0.467996 0.057198
vt 0.467997 0.056938
vt 0.467990 0.056739
vt 0.483272 0.051878
vt 0.483257 0.053160
vt 0.483267 0.053486
vt 0.483270 0.053719
vt 0.480758 0.067838
vt 0.480764 0.068355
vt 0.480764 0.068699
vt 0.480758 0.069034
vt 0.468000 0.064751
vt 0.477196 0.065290
vt 0.477579 0.065286
vt 0.478563 0.065266
vt 0.471464 0.065277
vt 0.471874 0.065273
vt 0.472271 0.065265
vt 0.467127 0.065295
vt 0.467352 0.054323
vt 0.467383 0.062934
vt 0.467378 0.057264
vt 0.467366 0.056536
vt 0.483878 0.052062
vt 0.483873 0.052526
vt 0.483870 0.052760
vt 0.483889 0.053793
vt 0.481372 0.068618
vt 0.481368 0.069213
vt 0.460241 0.067197
vt 0.460138 0.066007
vt 0.458422 0.065472
vt 0.457783 0.066064
vt 0.457627 0.066571
vt 0.457679 0.067099
vt 0.457919 0.067556
vt 0.457473 0.057912
vt 0.457488 0.057140
vt 0.457482 0.056020
vt 0.467604 0.066925
vt 0.467624 0.067979
vt 0.467638 0.068386
vt 0.481558 0.050795
vt 0.481551 0.051555
vt 0.468011 0.056203
vt 0.467997 0.056233
vt 0.467997 0.056005
vt 0.457582 0.059778
vt 0.457582 0.059506
vt 0.457605 0.059613
vt 0.468060 0.056172
vt 0.468046 0.056201
vt 0.468046 0.055935
vt 0.467352 0.057354
vt 0.467366 0.057182
vt 0.467366 0.057491
vt 0.467352 0.056710
vt 0.467366 0.056525
vt 0.467366 0.056862
vt 0.457621 0.059765
vt 0.457606 0.059868
vt 0.457606 0.059506
vt 0.457620 0.060875
vt 0.457607 0.060882
vt 0.457607 0.060575
vt 0.457432 0.054682
vt 0.457420 0.054716
vt 0.457431 0.055244
vt 0.457420 0.055272
vt 0.457420 0.055000
vt 0.457420 0.055866
vt 0.457429 0.055771
vt 0.457429 0.056007
vt 0.478739 0.050630
vt 0.467366 0.057152
vt 0.467352 0.057182
vt 0.467352 0.056862
vt 0.478583 0.050800
vt 0.467999 0.058127
vt 0.467737 0.064871
vt 0.481229 0.049965
vt 0.468100 0.068257
vt 0.468140 0.066775
vt 0.468005 0.064955
vt 0.457598 0.060115
vt 0.472516 0.068188
vt 0.482192 0.051541
vt 0.482192 0.050057
vt 0.457444 0.059781
vt 0.457613 0.068158
vt 0.472529 0.065346
vt 0.457560 0.061624
vt 0.481766 0.051555
vt 0.481564 0.067609
vt 0.457475 0.066855
vt 0.457589 0.062966
vt 0.457618 0.062935
vt 0.457618 0.063248
vt 0.457592 0.059506
vt 0.457592 0.056096
vt 0.457242 0.061368
vt 0.468059 0.064984
vt 0.457208 0.056104
vt 0.457246 0.061314
vt 0.468015 0.063353
vt 0.457504 0.057839
vt 0.457250 0.054104
vt 0.457250 0.056096
vt 0.457587 0.061624
vt 0.465361 0.066096
vt 0.479056 0.050448
vt 0.478965 0.050630
vt 0.478965 0.050267
vt 0.479212 0.050477
vt 0.479118 0.050630
vt 0.479118 0.050270
vt 0.465212 0.066952
vt 0.465283 0.066701
vt 0.479118 0.050267
vt 0.477814 0.053892
vt 0.477875 0.053837
vt 0.477875 0.054097
vt 0.477752 0.053890
vt 0.477814 0.053837
vt 0.477814 0.054098
vt 0.478378 0.050800
vt 0.467604 0.066351
vt 0.479158 0.067680
vt 0.478895 0.067665
vt 0.478895 0.069786
vt 0.479212 0.050549
vt 0.479282 0.050300
vt 0.479282 0.050630
vt 0.479151 0.050235
vt 0.479213 0.049934
vt 0.479213 0.050266
vt 0.485935 0.057831
vt 0.485931 0.057360
vt 0.483972 0.054455
vt 0.483537 0.054275
vt 0.482173 0.054102
vt 0.480458 0.054691
vt 0.480085 0.054978
vt 0.479253 0.056072
vt 0.480108 0.060275
vt 0.473530 0.065259
vt 0.478203 0.042831
vt 0.477924 0.042748
vt 0.468846 0.065270
vt 0.463262 0.065313
vt 0.460978 0.065277
vt 0.477647 0.071049
vt 0.477317 0.071270
vt 0.459921 0.065341
vt 0.460566 0.065335
vt 0.472605 0.068504
vt 0.470031 0.065345
vt 0.471241 0.065346
vt 0.478479 0.066932
vt 0.478660 0.067322
vt 0.457187 0.063095
vt 0.457242 0.063115
vt 0.457187 0.063510
vt 0.481715 0.054154
vt 0.479069 0.056495
vt 0.482204 0.061143
vt 0.479022 0.056479
vt 0.473181 0.054180
vt 0.483616 0.056992
vt 0.481136 0.057104
vt 0.481050 0.057720
vt 0.481182 0.058206
vt 0.481808 0.058838
vt 0.482309 0.058968
vt 0.482924 0.058877
vt 0.468003 0.063535
vt 0.467983 0.056525
vt 0.483261 0.052122
vt 0.483263 0.052613
vt 0.480752 0.067609
vt 0.480752 0.069330
vt 0.477924 0.053823
vt 0.477670 0.053800
vt 0.458177 0.065261
vt 0.467978 0.062411
vt 0.467374 0.062315
vt 0.467977 0.062135
vt 0.467979 0.061872
vt 0.467376 0.061969
vt 0.467375 0.061687
vt 0.467977 0.061585
vt 0.467406 0.058753
vt 0.468005 0.058974
vt 0.467398 0.058986
vt 0.467387 0.059265
vt 0.468000 0.059338
vt 0.467394 0.059512
vt 0.467397 0.059885
vt 0.467997 0.060154
vt 0.467382 0.060115
vt 0.467386 0.060606
vt 0.467998 0.060419
vt 0.468001 0.060716
vt 0.467397 0.060820
vt 0.467379 0.055714
vt 0.467379 0.055440
vt 0.467983 0.055531
vt 0.467386 0.056281
vt 0.467988 0.056135
vt 0.467992 0.056351
vt 0.467393 0.056473
vt 0.480815 0.051637
vt 0.480748 0.051951
vt 0.480609 0.051687
vt 0.480946 0.051894
vt 0.480820 0.052269
vt 0.481029 0.052333
vt 0.480802 0.052595
vt 0.480851 0.053042
vt 0.480968 0.052780
vt 0.480633 0.053015
vt 0.480738 0.052806
vt 0.480685 0.053286
vt 0.480409 0.053528
vt 0.480486 0.053198
vt 0.480045 0.053490
vt 0.480321 0.053343
vt 0.480037 0.053714
vt 0.479804 0.053550
vt 0.479570 0.053563
vt 0.479578 0.053768
vt 0.479339 0.053528
vt 0.479135 0.053684
vt 0.479105 0.053445
vt 0.478855 0.053282
vt 0.478592 0.053311
vt 0.478800 0.053497
vt 0.478644 0.053052
vt 0.478256 0.052652
vt 0.478447 0.052170
vt 0.478436 0.052469
vt 0.478553 0.051474
vt 0.478933 0.051394
vt 0.478704 0.051607
vt 0.478760 0.051274
vt 0.479222 0.051242
vt 0.479426 0.050981
vt 0.478999 0.051115
vt 0.479761 0.051182
vt 0.479527 0.051177
vt 0.480224 0.051101
vt 0.479991 0.051230
vt 0.479859 0.050987
vt 0.480473 0.051259
vt 0.480262 0.051355
vt 0.480456 0.051509
vt 0.457147 0.057830
vt 0.457266 0.058015
vt 0.457143 0.058014
vt 0.457150 0.057569
vt 0.457270 0.057812
vt 0.457151 0.057265
vt 0.457274 0.057132
vt 0.457275 0.057429
vt 0.457150 0.057046
vt 0.457271 0.056811
vt 0.457146 0.056585
vt 0.457149 0.056812
vt 0.457143 0.056385
vt 0.457269 0.056504
vt 0.482318 0.050317
vt 0.482192 0.050203
vt 0.482313 0.050057
vt 0.482320 0.050551
vt 0.482197 0.050476
vt 0.482198 0.050704
vt 0.482321 0.051016
vt 0.482197 0.050939
vt 0.482321 0.050782
vt 0.482197 0.051235
vt 0.482319 0.051257
vt 0.482193 0.051519
vt 0.457617 0.063880
vt 0.457498 0.063605
vt 0.457621 0.063609
vt 0.457492 0.064173
vt 0.457492 0.063880
vt 0.457615 0.064196
vt 0.457491 0.064416
vt 0.457615 0.064783
vt 0.457490 0.064654
vt 0.457614 0.064495
vt 0.457617 0.065054
vt 0.457492 0.064945
vt 0.457621 0.065277
vt 0.457497 0.065189
vt 0.468004 0.057937
vt 0.468124 0.058076
vt 0.468008 0.057679
vt 0.468128 0.057921
vt 0.468133 0.057463
vt 0.468132 0.057678
vt 0.468010 0.057157
vt 0.468135 0.057238
vt 0.468010 0.057389
vt 0.468133 0.057000
vt 0.468006 0.056635
vt 0.468131 0.056759
vt 0.468009 0.056923
vt 0.468003 0.056417
vt 0.468129 0.056487
vt 0.468122 0.056235
vt 0.480895 0.051717
vt 0.481019 0.052052
vt 0.481029 0.052636
vt 0.480952 0.052890
vt 0.480823 0.053146
vt 0.480585 0.053426
vt 0.480291 0.053633
vt 0.479927 0.053763
vt 0.479370 0.053771
vt 0.479021 0.053659
vt 0.478780 0.053514
vt 0.478568 0.053322
vt 0.478394 0.053076
vt 0.478284 0.052847
vt 0.478203 0.052483
vt 0.478214 0.052244
vt 0.478274 0.052023
vt 0.478265 0.051943
vt 0.478371 0.051706
vt 0.478538 0.051450
vt 0.478819 0.051194
vt 0.479319 0.050977
vt 0.479694 0.050942
vt 0.479972 0.050987
vt 0.480474 0.051224
vt 0.480642 0.051379
vt 0.480741 0.051482
vt 0.481325 0.050678
vt 0.481514 0.050682
vt 0.481545 0.050859
vt 0.481548 0.050597
vt 0.481510 0.050507
vt 0.481551 0.050270
vt 0.481501 0.050243
vt 0.457154 0.058282
vt 0.457199 0.058015
vt 0.457219 0.058307
vt 0.457159 0.058620
vt 0.457237 0.058646
vt 0.457160 0.058974
vt 0.457252 0.059000
vt 0.457160 0.059309
vt 0.457265 0.059333
vt 0.457157 0.059538
vt 0.457275 0.059614
vt 0.457279 0.058001
vt 0.457395 0.057912
vt 0.457415 0.058145
vt 0.457284 0.058265
vt 0.457433 0.058448
vt 0.457289 0.058768
vt 0.457448 0.058793
vt 0.457287 0.059116
vt 0.457461 0.059146
vt 0.457286 0.059379
vt 0.457471 0.059472
vt 0.457282 0.059595
vt 0.457480 0.059739
vt 0.457433 0.065146
vt 0.457238 0.065341
vt 0.457219 0.065130
vt 0.457431 0.064931
vt 0.457203 0.064841
vt 0.457430 0.064703
vt 0.457188 0.064503
vt 0.457430 0.064167
vt 0.457175 0.064149
vt 0.457433 0.063839
vt 0.457165 0.063814
vt 0.481531 0.051360
vt 0.481255 0.051555
vt 0.481252 0.051266
vt 0.481538 0.051134
vt 0.481248 0.050928
vt 0.481318 0.050432
vt 0.481240 0.050573
vt 0.481229 0.050238
vt 0.457242 0.062985
vt 0.457163 0.063095
vt 0.457157 0.062802
vt 0.457237 0.062669
vt 0.457154 0.062463
vt 0.457236 0.062319
vt 0.457155 0.062108
vt 0.457238 0.061969
vt 0.457157 0.061775
vt 0.457240 0.061654
vt 0.457159 0.061494
vt 0.457420 0.055933
vt 0.457342 0.056015
vt 0.457332 0.055782
vt 0.457412 0.055667
vt 0.457327 0.055478
vt 0.457409 0.055342
vt 0.457327 0.055133
vt 0.457410 0.054989
vt 0.457329 0.054780
vt 0.457413 0.054643
vt 0.457333 0.054454
vt 0.457417 0.054338
vt 0.457336 0.054187
vt 0.468176 0.066582
vt 0.468098 0.066655
vt 0.468089 0.066443
vt 0.468169 0.066335
vt 0.468085 0.066153
vt 0.468167 0.066021
vt 0.468085 0.065815
vt 0.468168 0.065672
vt 0.468088 0.065461
vt 0.468172 0.065322
vt 0.468092 0.065125
vt 0.462968 0.066672
vt 0.462884 0.066781
vt 0.462887 0.066491
vt 0.462970 0.066359
vt 0.462889 0.066153
vt 0.462971 0.066010
vt 0.462888 0.065799
vt 0.462969 0.065659
vt 0.462884 0.065463
vt 0.457242 0.061293
vt 0.457163 0.061403
vt 0.457157 0.061111
vt 0.457237 0.060977
vt 0.457154 0.060771
vt 0.457236 0.060627
vt 0.457155 0.060417
vt 0.457238 0.060277
vt 0.457157 0.060083
vt 0.457240 0.059962
vt 0.457159 0.059802
vt 0.457525 0.055933
vt 0.457448 0.056015
vt 0.457438 0.055782
vt 0.457518 0.055667
vt 0.457433 0.055478
vt 0.457515 0.055342
vt 0.457433 0.055133
vt 0.457516 0.054989
vt 0.457435 0.054780
vt 0.457519 0.054643
vt 0.457439 0.054454
vt 0.457523 0.054338
vt 0.457442 0.054187
vt 0.468176 0.064931
vt 0.468098 0.065004
vt 0.468089 0.064792
vt 0.468169 0.064684
vt 0.468085 0.064502
vt 0.468167 0.064370
vt 0.468085 0.064164
vt 0.468168 0.064021
vt 0.468088 0.063810
vt 0.468172 0.063671
vt 0.468092 0.063474
vt 0.457433 0.068318
vt 0.457350 0.068427
vt 0.457353 0.068138
vt 0.457436 0.068005
vt 0.457354 0.067901
vt 0.457165 0.067894
vt 0.457165 0.067633
vt 0.457434 0.067305
vt 0.457176 0.067270
vt 0.457427 0.066987
vt 0.457182 0.067040
vt 0.457409 0.066941
vt 0.457165 0.066987
vt 0.457165 0.066764
vt 0.457397 0.066626
vt 0.457168 0.066516
vt 0.457389 0.066276
vt 0.457172 0.066240
vt 0.457383 0.065926
vt 0.457179 0.065896
vt 0.457379 0.065610
vt 0.457192 0.065589
vt 0.457376 0.065360
vt 0.457200 0.065341
vt 0.468186 0.059708
vt 0.468018 0.059944
vt 0.468025 0.059674
vt 0.468184 0.059383
vt 0.468035 0.059346
vt 0.468184 0.059030
vt 0.468050 0.059003
vt 0.468187 0.058684
vt 0.468067 0.058652
vt 0.468191 0.058379
vt 0.468084 0.058353
vt 0.468194 0.058145
vt 0.468101 0.058127
vt 0.462875 0.066609
vt 0.462788 0.066832
vt 0.462794 0.066579
vt 0.462873 0.066296
vt 0.462806 0.066266
vt 0.462874 0.065947
vt 0.462817 0.066013
vt 0.462828 0.065745
vt 0.462878 0.065596
vt 0.462848 0.065399
vt 0.457532 0.059721
vt 0.457532 0.059518
vt 0.457556 0.059713
vt 0.457267 0.062964
vt 0.457267 0.063122
vt 0.457242 0.063121
vt 0.468069 0.054103
vt 0.478815 0.050485
vt 0.478813 0.050179
vt 0.478852 0.050487
vt 0.457534 0.056115
vt 0.457497 0.056430
vt 0.457502 0.056076
vt 0.457530 0.056463
vt 0.457493 0.056811
vt 0.457526 0.056847
vt 0.457491 0.057195
vt 0.457525 0.057228
vt 0.457493 0.057542
vt 0.457527 0.057570
vt 0.457500 0.057819
vt 0.468141 0.054124
vt 0.468104 0.054353
vt 0.468108 0.054103
vt 0.468137 0.054381
vt 0.468098 0.054682
vt 0.468132 0.054715
vt 0.468094 0.055058
vt 0.468128 0.055094
vt 0.468092 0.055445
vt 0.468126 0.055479
vt 0.468094 0.055804
vt 0.468128 0.055834
vt 0.468096 0.056037
vt 0.468133 0.056045
vt 0.468101 0.056163
vt 0.468090 0.054185
vt 0.468052 0.054239
vt 0.468054 0.054104
vt 0.468050 0.054394
vt 0.468086 0.054499
vt 0.468046 0.054640
vt 0.468083 0.054867
vt 0.468044 0.055021
vt 0.468081 0.055255
vt 0.468043 0.055405
vt 0.468083 0.055622
vt 0.468047 0.055755
vt 0.457451 0.065541
vt 0.457414 0.065683
vt 0.457409 0.065341
vt 0.457453 0.065911
vt 0.457415 0.066065
vt 0.457452 0.066298
vt 0.457413 0.066448
vt 0.457448 0.066664
vt 0.457409 0.066796
vt 0.457572 0.054421
vt 0.457532 0.054563
vt 0.457537 0.054220
vt 0.457568 0.054791
vt 0.457528 0.054944
vt 0.457564 0.055178
vt 0.457525 0.055327
vt 0.457564 0.055544
vt 0.457527 0.055675
vt 0.457568 0.055853
vt 0.457533 0.055953
vt 0.468194 0.054242
vt 0.468154 0.054351
vt 0.468158 0.054103
vt 0.468189 0.054541
vt 0.468149 0.054678
vt 0.468184 0.054901
vt 0.468144 0.055054
vt 0.468180 0.055288
vt 0.468141 0.055440
vt 0.468180 0.055663
vt 0.468143 0.055799
vt 0.468184 0.055989
vt 0.468149 0.056097
vt 0.468043 0.054255
vt 0.468004 0.054370
vt 0.468007 0.054104
vt 0.468040 0.054568
vt 0.468000 0.054710
vt 0.468036 0.054937
vt 0.467997 0.055090
vt 0.468035 0.055324
vt 0.467997 0.055474
vt 0.468037 0.055692
vt 0.468001 0.055824
vt 0.468082 0.065184
vt 0.468045 0.065327
vt 0.468040 0.064984
vt 0.468085 0.065554
vt 0.468047 0.065708
vt 0.468084 0.065941
vt 0.468044 0.066091
vt 0.468080 0.066308
vt 0.468040 0.066439
vt 0.457323 0.054421
vt 0.457283 0.054563
vt 0.457287 0.054220
vt 0.457319 0.054791
vt 0.457279 0.054944
vt 0.457316 0.055178
vt 0.457278 0.055327
vt 0.457317 0.055544
vt 0.457280 0.055675
vt 0.457319 0.055770
vt 0.457286 0.055953
vt 0.457192 0.054175
vt 0.457154 0.054294
vt 0.457156 0.054104
vt 0.457190 0.054302
vt 0.457150 0.054506
vt 0.457184 0.054536
vt 0.457146 0.054862
vt 0.457179 0.054896
vt 0.457143 0.055247
vt 0.457177 0.055283
vt 0.457143 0.055625
vt 0.457177 0.055659
vt 0.457147 0.055958
vt 0.457182 0.055986
vt 0.457157 0.056214
vt 0.457577 0.056100
vt 0.457540 0.056382
vt 0.457543 0.056076
vt 0.457573 0.056413
vt 0.457536 0.056747
vt 0.457570 0.056781
vt 0.457534 0.057134
vt 0.457568 0.057169
vt 0.457536 0.057505
vt 0.457570 0.057538
vt 0.457542 0.057825
vt 0.481409 0.050226
vt 0.481384 0.050551
vt 0.481374 0.050188
vt 0.462773 0.066812
vt 0.462655 0.066864
vt 0.462685 0.066689
vt 0.481420 0.050557
vt 0.468245 0.066969
vt 0.468395 0.067065
vt 0.468420 0.067310
vt 0.468596 0.067356
vt 0.468695 0.067582
vt 0.468877 0.067571
vt 0.469041 0.067755
vt 0.469211 0.067689
vt 0.469424 0.067813
vt 0.469565 0.067697
vt 0.469806 0.067750
vt 0.469904 0.067596
vt 0.470149 0.067572
vt 0.470196 0.067394
vt 0.470421 0.067297
vt 0.470411 0.067113
vt 0.470595 0.066951
vt 0.470528 0.066779
vt 0.470653 0.066568
vt 0.470537 0.066425
vt 0.470590 0.066186
vt 0.470436 0.066085
vt 0.470412 0.065842
vt 0.470234 0.065794
vt 0.470223 0.065643
vt 0.469953 0.065579
vt 0.469972 0.065470
vt 0.469619 0.065461
vt 0.469603 0.065352
vt 0.469265 0.065453
vt 0.469216 0.065354
vt 0.468926 0.065554
vt 0.468849 0.065476
vt 0.468635 0.065755
vt 0.468537 0.065705
vt 0.468420 0.066036
vt 0.468312 0.066019
vt 0.468303 0.066370
vt 0.468194 0.066387
vt 0.468294 0.066723
vt 0.468196 0.066774
vt 0.468395 0.067062
vt 0.468318 0.067141
vt 0.468597 0.067354
vt 0.468547 0.067453
vt 0.468878 0.067568
vt 0.468861 0.067678
vt 0.469212 0.067686
vt 0.469229 0.067796
vt 0.469566 0.067694
vt 0.469616 0.067794
vt 0.469905 0.067593
vt 0.469984 0.067672
vt 0.470196 0.067391
vt 0.470296 0.067443
vt 0.470411 0.067110
vt 0.470522 0.067129
vt 0.470529 0.066776
vt 0.470639 0.066760
vt 0.470537 0.066422
vt 0.470637 0.066373
vt 0.470436 0.066083
vt 0.470516 0.066005
vt 0.470235 0.065791
vt 0.470287 0.065693
vt 0.469954 0.065576
vt 0.469973 0.065468
vt 0.469620 0.065459
vt 0.469604 0.065350
vt 0.469266 0.065450
vt 0.469217 0.065352
vt 0.468927 0.065551
vt 0.468850 0.065473
vt 0.468636 0.065752
vt 0.468538 0.065702
vt 0.468421 0.066033
vt 0.468312 0.066016
vt 0.468303 0.066367
vt 0.468195 0.066384
vt 0.468295 0.066721
vt 0.468197 0.066771
vt 0.468396 0.067060
vt 0.468318 0.067138
vt 0.468597 0.067351
vt 0.468547 0.067450
vt 0.468879 0.067565
vt 0.468861 0.067675
vt 0.469213 0.067683
vt 0.469230 0.067793
vt 0.469566 0.067691
vt 0.469617 0.067791
vt 0.469906 0.067590
vt 0.469882 0.067713
vt 0.470055 0.067626
vt 0.470197 0.067388
vt 0.470212 0.067513
vt 0.470350 0.067377
vt 0.470412 0.067107
vt 0.470521 0.067132
vt 0.470529 0.066773
vt 0.470641 0.066763
vt 0.470538 0.066419
vt 0.470641 0.066376
vt 0.470437 0.066080
vt 0.470521 0.066007
vt 0.470236 0.065788
vt 0.470293 0.065693
vt 0.469954 0.065573
vt 0.469979 0.065466
vt 0.469620 0.065456
vt 0.469611 0.065346
vt 0.469267 0.065447
vt 0.469223 0.065346
vt 0.468927 0.065548
vt 0.468855 0.065466
vt 0.468636 0.065749
vt 0.468542 0.065692
vt 0.468461 0.065968
vt 0.468308 0.066016
vt 0.468323 0.066293
vt 0.468205 0.066344
vt 0.468293 0.066467
vt 0.478776 0.050630
vt 0.462738 0.066185
vt 0.462587 0.066089
vt 0.462563 0.065844
vt 0.462386 0.065798
vt 0.462287 0.065572
vt 0.462105 0.065583
vt 0.461941 0.065399
vt 0.461771 0.065466
vt 0.461559 0.065341
vt 0.461417 0.065457
vt 0.461177 0.065404
vt 0.461077 0.065559
vt 0.460833 0.065582
vt 0.460786 0.065760
vt 0.460561 0.065858
vt 0.460571 0.066042
vt 0.460387 0.066204
vt 0.460454 0.066376
vt 0.460329 0.066587
vt 0.460445 0.066730
vt 0.460392 0.066969
vt 0.460546 0.067069
vt 0.460570 0.067312
vt 0.460747 0.067361
vt 0.460759 0.067512
vt 0.461029 0.067576
vt 0.461010 0.067684
vt 0.461362 0.067693
vt 0.461379 0.067802
vt 0.461716 0.067702
vt 0.461766 0.067800
vt 0.462055 0.067601
vt 0.462133 0.067679
vt 0.462346 0.067400
vt 0.462444 0.067450
vt 0.462561 0.067119
vt 0.462670 0.067136
vt 0.462678 0.066785
vt 0.462788 0.066767
vt 0.462687 0.066431
vt 0.462785 0.066381
vt 0.462585 0.066092
vt 0.462664 0.066014
vt 0.462384 0.065801
vt 0.462434 0.065702
vt 0.462103 0.065587
vt 0.462120 0.065476
vt 0.461769 0.065470
vt 0.461751 0.065359
vt 0.461414 0.065461
vt 0.461364 0.065361
vt 0.461075 0.065563
vt 0.460997 0.065483
vt 0.460784 0.065764
vt 0.460685 0.065712
vt 0.460569 0.066046
vt 0.460459 0.066027
vt 0.460451 0.066380
vt 0.460341 0.066395
vt 0.460443 0.066734
vt 0.460343 0.066782
vt 0.460544 0.067073
vt 0.460465 0.067150
vt 0.460745 0.067364
vt 0.460694 0.067462
vt 0.461026 0.067579
vt 0.461008 0.067688
vt 0.461360 0.067697
vt 0.461376 0.067806
vt 0.461714 0.067706
vt 0.461763 0.067804
vt 0.462053 0.067605
vt 0.462131 0.067682
vt 0.462344 0.067404
vt 0.462442 0.067454
vt 0.462559 0.067123
vt 0.462668 0.067140
vt 0.462676 0.066789
vt 0.462785 0.066771
vt 0.462685 0.066435
vt 0.462783 0.066385
vt 0.462583 0.066096
vt 0.462662 0.066017
vt 0.462382 0.065805
vt 0.462432 0.065706
vt 0.462100 0.065591
vt 0.462118 0.065480
vt 0.461766 0.065473
vt 0.461749 0.065363
vt 0.461412 0.065465
vt 0.461362 0.065365
vt 0.461073 0.065567
vt 0.461097 0.065443
vt 0.460924 0.065530
vt 0.460782 0.065768
vt 0.460767 0.065643
vt 0.460629 0.065779
vt 0.460567 0.066049
vt 0.460458 0.066024
vt 0.460449 0.066383
vt 0.460338 0.066393
vt 0.460441 0.066738
vt 0.460338 0.066780
vt 0.460542 0.067077
vt 0.460458 0.067149
vt 0.460743 0.067368
vt 0.460686 0.067463
vt 0.461024 0.067583
vt 0.461000 0.067691
vt 0.461358 0.067701
vt 0.461368 0.067810
vt 0.461712 0.067710
vt 0.461756 0.067810
vt 0.462051 0.067608
vt 0.462124 0.067691
vt 0.462342 0.067408
vt 0.462438 0.067463
vt 0.462557 0.067126
vt 0.462669 0.067142
vt 0.468190 0.057823
vt 0.478294 0.050677
vt 0.478354 0.050651
vt 0.478287 0.050884
vt 0.478327 0.050420
vt 0.478378 0.050428
vt 0.478339 0.050119
vt 0.457429 0.064430
vt 0.472038 0.065424
vt 0.471805 0.065346
vt 0.472119 0.065380
vt 0.471512 0.065462
vt 0.471491 0.065399
vt 0.471216 0.065524
vt 0.471053 0.065744
vt 0.471030 0.065667
vt 0.470874 0.065841
vt 0.470850 0.066020
vt 0.470729 0.066105
vt 0.470738 0.066357
vt 0.470653 0.066412
vt 0.470737 0.066713
vt 0.470660 0.066732
vt 0.470754 0.067039
vt 0.470845 0.067050
vt 0.470916 0.067299
vt 0.471050 0.067336
vt 0.471080 0.067462
vt 0.471271 0.067506
vt 0.471264 0.067590
vt 0.471501 0.067615
vt 0.471565 0.067707
vt 0.471849 0.067672
vt 0.471882 0.067738
vt 0.472125 0.067636
vt 0.472174 0.067692
vt 0.468194 0.056996
vt 0.468193 0.057344
vt 0.468193 0.057608
vt 0.483892 0.043583
vt 0.482847 0.045389
vt 0.482644 0.045196
vt 0.484668 0.044403
vt 0.484392 0.044043
vt 0.485129 0.045434
vt 0.483020 0.045628
vt 0.484895 0.044796
vt 0.483202 0.046326
vt 0.483158 0.045973
vt 0.485245 0.046557
vt 0.485245 0.046103
vt 0.483173 0.046607
vt 0.484986 0.047648
vt 0.485186 0.047006
vt 0.484668 0.048257
vt 0.483095 0.046877
vt 0.484392 0.048617
vt 0.482655 0.047453
vt 0.482910 0.047199
vt 0.483502 0.049339
vt 0.484071 0.048937
vt 0.482406 0.047607
vt 0.482131 0.047712
vt 0.482461 0.049732
vt 0.482899 0.049614
vt 0.481787 0.047757
vt 0.481107 0.049732
vt 0.481815 0.049802
vt 0.480060 0.049331
vt 0.481416 0.047711
vt 0.480669 0.049614
vt 0.480757 0.047330
vt 0.481067 0.047570
vt 0.479043 0.048453
vt 0.479497 0.048938
vt 0.480591 0.047120
vt 0.478674 0.047864
vt 0.478429 0.047208
vt 0.480457 0.046873
vt 0.480348 0.046317
vt 0.480378 0.046607
vt 0.478323 0.046103
vt 0.478323 0.046557
vt 0.480401 0.045942
vt 0.478500 0.045215
vt 0.478383 0.045653
vt 0.480533 0.045625
vt 0.479048 0.044198
vt 0.478674 0.044796
vt 0.480897 0.045203
vt 0.480704 0.045389
vt 0.479857 0.043446
vt 0.479497 0.043722
vt 0.480432 0.043137
vt 0.481406 0.044950
vt 0.481145 0.045050
vt 0.481107 0.042928
vt 0.481557 0.042869
vt 0.482011 0.042869
vt 0.481774 0.044899
vt 0.482672 0.042983
vt 0.483318 0.043219
vt 0.482135 0.044947
vt 0.482406 0.045050
vt 0.472890 0.043020
vt 0.473190 0.043029
vt 0.472854 0.053924
vt 0.472157 0.043006
vt 0.472544 0.043012
vt 0.472280 0.053909
vt 0.471562 0.053898
vt 0.471288 0.042996
vt 0.471736 0.043000
vt 0.470748 0.053892
vt 0.471164 0.053894
vt 0.470343 0.042992
vt 0.470821 0.042993
vt 0.469061 0.053895
vt 0.469386 0.042994
vt 0.469473 0.053893
vt 0.468482 0.043002
vt 0.468923 0.042997
vt 0.476680 0.053888
vt 0.477265 0.043006
vt 0.477066 0.053883
vt 0.476372 0.043016
vt 0.476830 0.043012
vt 0.475424 0.053895
vt 0.475899 0.043018
vt 0.475852 0.053894
vt 0.474938 0.043018
vt 0.475418 0.043019
vt 0.474177 0.053887
vt 0.474468 0.043015
vt 0.474580 0.053891
vt 0.473586 0.043004
vt 0.474014 0.043010
vt 0.473444 0.053875
vt 0.473796 0.053882
vt 0.467651 0.042999
vt 0.468069 0.043004
vt 0.467844 0.053900
vt 0.466739 0.042994
vt 0.467205 0.042996
vt 0.467076 0.053894
vt 0.465780 0.042993
vt 0.466262 0.042993
vt 0.466237 0.053890
vt 0.464839 0.042996
vt 0.465304 0.042994
vt 0.465386 0.053892
vt 0.463872 0.053906
vt 0.463980 0.043004
vt 0.464210 0.053901
vt 0.463571 0.053911
vt 0.463600 0.043010
vt 0.463313 0.053918
vt 0.463262 0.043016
vt 0.462675 0.043055
vt 0.462971 0.043067
vt 0.462525 0.053958
vt 0.461244 0.053919
vt 0.461948 0.043033
vt 0.461616 0.053928
vt 0.461083 0.043015
vt 0.461529 0.043024
vt 0.460140 0.043001
vt 0.460617 0.043007
vt 0.460433 0.053905
vt 0.458745 0.053891
vt 0.459182 0.042994
vt 0.459157 0.053892
vt 0.458275 0.042992
vt 0.458718 0.042992
vt 0.479232 0.065307
vt 0.479096 0.064127
vt 0.479702 0.066194
vt 0.484755 0.062860
vt 0.484688 0.066025
vt 0.481199 0.061478
vt 0.484276 0.062229
vt 0.482507 0.061351
vt 0.480120 0.062084
vt 0.479403 0.063031
vt 0.480437 0.066910
vt 0.481720 0.067397
vt 0.483109 0.067262
vt 0.484193 0.066752
vt 0.472565 0.054047
vt 0.472829 0.054054
vt 0.472260 0.054040
vt 0.471919 0.054034
vt 0.471549 0.054029
vt 0.471936 0.053903
vt 0.471154 0.054026
vt 0.470743 0.054023
vt 0.470322 0.054022
vt 0.469898 0.054022
vt 0.470323 0.053891
vt 0.469479 0.054024
vt 0.469072 0.054026
vt 0.468683 0.054030
vt 0.468320 0.054035
vt 0.468669 0.053899
vt 0.477407 0.054006
vt 0.477051 0.054013
vt 0.476668 0.054018
vt 0.476272 0.053892
vt 0.476265 0.054022
vt 0.475848 0.054024
vt 0.475425 0.054025
vt 0.475002 0.054024
vt 0.474588 0.054021
vt 0.474998 0.053894
vt 0.474189 0.054017
vt 0.473812 0.054011
vt 0.473463 0.054005
vt 0.467472 0.053897
vt 0.467827 0.054031
vt 0.467459 0.054027
vt 0.467066 0.054025
vt 0.466662 0.053891
vt 0.466656 0.054023
vt 0.466236 0.054022
vt 0.465812 0.054022
vt 0.465392 0.054023
vt 0.464973 0.053894
vt 0.464983 0.054025
vt 0.464593 0.054028
vt 0.464227 0.054032
vt 0.463892 0.054037
vt 0.463594 0.054042
vt 0.463338 0.054048
vt 0.462262 0.053947
vt 0.462499 0.054088
vt 0.462238 0.054078
vt 0.461957 0.053937
vt 0.461936 0.054068
vt 0.461598 0.054059
vt 0.461229 0.054050
vt 0.460847 0.053911
vt 0.460836 0.054042
vt 0.460426 0.054036
vt 0.460005 0.054031
vt 0.459581 0.053895
vt 0.459581 0.054026
vt 0.459162 0.054024
vt 0.458753 0.054022
vt 0.458363 0.054022
vt 0.457982 0.053892
vt 0.457998 0.054024
vt 0.457644 0.053895
vt 0.457664 0.054026
vt 0.457344 0.053899
vt 0.457366 0.054031
vt 0.485281 0.064582
vt 0.485305 0.065008
vt 0.485183 0.065194
vt 0.485361 0.064164
vt 0.485263 0.063961
vt 0.485124 0.064920
vt 0.485105 0.063733
vt 0.485120 0.063360
vt 0.485305 0.063744
vt 0.484962 0.062979
vt 0.485196 0.063334
vt 0.484822 0.062576
vt 0.484638 0.062450
vt 0.484212 0.062001
vt 0.484564 0.062239
vt 0.483928 0.061682
vt 0.483884 0.061749
vt 0.483616 0.061731
vt 0.483526 0.061543
vt 0.483169 0.061308
vt 0.483145 0.061384
vt 0.482760 0.061198
vt 0.482746 0.061278
vt 0.482340 0.061143
vt 0.482129 0.061214
vt 0.481513 0.061278
vt 0.481916 0.061143
vt 0.481087 0.061308
vt 0.480920 0.061455
vt 0.480374 0.061749
vt 0.480695 0.061470
vt 0.480047 0.062001
vt 0.480328 0.061682
vt 0.479755 0.062293
vt 0.479992 0.061940
vt 0.479434 0.062576
vt 0.479503 0.062621
vt 0.479223 0.062943
vt 0.479209 0.063166
vt 0.479031 0.063760
vt 0.479060 0.063334
vt 0.478895 0.064164
vt 0.478968 0.064376
vt 0.479031 0.064992
vt 0.478895 0.064588
vt 0.479060 0.065417
vt 0.479209 0.065586
vt 0.479503 0.066131
vt 0.479223 0.065809
vt 0.479692 0.066512
vt 0.479891 0.066609
vt 0.480374 0.067002
vt 0.479992 0.066812
vt 0.480732 0.067209
vt 0.480328 0.067070
vt 0.481087 0.067444
vt 0.481311 0.067430
vt 0.481923 0.067528
vt 0.481496 0.067554
vt 0.482336 0.067528
vt 0.481916 0.067609
vt 0.482746 0.067474
vt 0.482340 0.067609
vt 0.483169 0.067444
vt 0.483145 0.067367
vt 0.483526 0.067209
vt 0.483928 0.067070
vt 0.483884 0.067002
vt 0.484264 0.066812
vt 0.484564 0.066512
vt 0.484637 0.066300
vt 0.484962 0.065773
vt 0.484822 0.066176
vt 0.485196 0.065417
vt 0.484151 0.043631
vt 0.484483 0.043963
vt 0.484769 0.044336
vt 0.485004 0.044742
vt 0.485184 0.045176
vt 0.485305 0.045630
vt 0.485366 0.046095
vt 0.485366 0.046565
vt 0.485305 0.047030
vt 0.485184 0.047484
vt 0.485004 0.047918
vt 0.484769 0.048324
vt 0.484483 0.048697
vt 0.484151 0.049029
vt 0.483779 0.049314
vt 0.483372 0.049549
vt 0.482939 0.049729
vt 0.482485 0.049850
vt 0.482020 0.049912
vt 0.481550 0.049912
vt 0.481085 0.049850
vt 0.480631 0.049729
vt 0.480197 0.049549
vt 0.479791 0.049314
vt 0.479418 0.049029
vt 0.479086 0.048697
vt 0.478801 0.048324
vt 0.478566 0.047918
vt 0.478386 0.047484
vt 0.478265 0.047030
vt 0.478203 0.046565
vt 0.478203 0.046095
vt 0.478265 0.045630
vt 0.478386 0.045176
vt 0.478566 0.044742
vt 0.478801 0.044336
vt 0.479086 0.043963
vt 0.479418 0.043631
vt 0.479791 0.043345
vt 0.480197 0.043111
vt 0.480631 0.042931
vt 0.481085 0.042809
vt 0.481550 0.042748
vt 0.482020 0.042748
vt 0.482485 0.042809
vt 0.482939 0.042931
vt 0.483372 0.043111
vt 0.483779 0.043345
vt 0.484199 0.043578
vt 0.484537 0.043917
vt 0.472876 0.042881
vt 0.472531 0.042873
vt 0.472824 0.042775
vt 0.472108 0.042761
vt 0.472146 0.042866
vt 0.471728 0.042861
vt 0.471282 0.042857
vt 0.471698 0.042756
vt 0.470805 0.042749
vt 0.470818 0.042854
vt 0.470339 0.042748
vt 0.470342 0.042853
vt 0.469869 0.042748
vt 0.469863 0.042853
vt 0.469862 0.042992
vt 0.469405 0.042750
vt 0.469390 0.042855
vt 0.468930 0.042858
vt 0.468491 0.042862
vt 0.468953 0.042753
vt 0.468121 0.042763
vt 0.468080 0.042868
vt 0.468069 0.043007
vt 0.477221 0.042757
vt 0.477658 0.042858
vt 0.477256 0.042865
vt 0.477670 0.042998
vt 0.476823 0.042871
vt 0.476350 0.042767
vt 0.476367 0.042876
vt 0.475888 0.042770
vt 0.475896 0.042878
vt 0.475419 0.042770
vt 0.475418 0.042879
vt 0.474951 0.042769
vt 0.474941 0.042878
vt 0.474492 0.042767
vt 0.474473 0.042875
vt 0.474050 0.042762
vt 0.474022 0.042870
vt 0.473632 0.042756
vt 0.473596 0.042864
vt 0.473202 0.042856
vt 0.473190 0.042996
vt 0.467611 0.042755
vt 0.468058 0.042864
vt 0.467642 0.042860
vt 0.467177 0.042751
vt 0.467199 0.042857
vt 0.466736 0.042854
vt 0.466256 0.042748
vt 0.466261 0.042853
vt 0.465787 0.042748
vt 0.465782 0.042853
vt 0.465308 0.042854
vt 0.464869 0.042752
vt 0.464846 0.042857
vt 0.464436 0.042755
vt 0.464405 0.042860
vt 0.464396 0.043000
vt 0.463992 0.042865
vt 0.463660 0.042765
vt 0.463614 0.042870
vt 0.463277 0.042876
vt 0.478321 0.045154
vt 0.478504 0.044711
vt 0.462988 0.042884
vt 0.462971 0.043023
vt 0.478743 0.044297
vt 0.462956 0.042927
vt 0.462276 0.042799
vt 0.462662 0.042916
vt 0.462321 0.042904
vt 0.462332 0.043044
vt 0.461901 0.042788
vt 0.461939 0.042894
vt 0.461493 0.042779
vt 0.461522 0.042884
vt 0.461078 0.042876
vt 0.460603 0.042763
vt 0.460615 0.042868
vt 0.460137 0.042757
vt 0.460140 0.042862
vt 0.459661 0.042857
vt 0.459658 0.042997
vt 0.459203 0.042750
vt 0.459187 0.042854
vt 0.458750 0.042748
vt 0.458726 0.042853
vt 0.458318 0.042748
vt 0.458285 0.042853
vt 0.457913 0.042750
vt 0.457872 0.042854
vt 0.457860 0.042994
vt 0.457495 0.042857
vt 0.457480 0.042997
vt 0.457159 0.042862
vt 0.457543 0.042753
vt 0.457143 0.043001
vt 0.467373 0.061410
vt 0.467368 0.061069
vt 0.467973 0.061232
vt 0.480751 0.068187
vt 0.480146 0.068100
vt 0.480748 0.067911
vt 0.480150 0.068371
vt 0.480752 0.068478
vt 0.480148 0.068654
vt 0.480748 0.069177
vt 0.480143 0.069013
vt 0.480751 0.068824
vt 0.480144 0.069267
vt 0.480742 0.069488
vt 0.467998 0.059603
vt 0.467997 0.059884
vt 0.467990 0.054403
vt 0.467389 0.054338
vt 0.467995 0.054201
vt 0.467984 0.054887
vt 0.467380 0.054794
vt 0.467986 0.054620
vt 0.467382 0.055158
vt 0.467982 0.055159
vt 0.467383 0.055974
vt 0.467372 0.056167
vt 0.467984 0.055882
vt 0.472588 0.053916
vt 0.469896 0.053891
vt 0.468302 0.053904
vt 0.477426 0.053877
vt 0.465810 0.053891
vt 0.464579 0.053897
vt 0.460008 0.053899
vt 0.458351 0.053891
vt 0.481029 0.052856
vt 0.481095 0.052498
vt 0.481093 0.052839
vt 0.481194 0.053154
vt 0.481102 0.053101
vt 0.481230 0.053336
vt 0.481390 0.053427
vt 0.481408 0.053528
vt 0.481636 0.053685
vt 0.481660 0.053623
vt 0.481969 0.053792
vt 0.481974 0.053726
vt 0.482308 0.053727
vt 0.482317 0.053793
vt 0.482660 0.053680
vt 0.482624 0.053625
vt 0.482893 0.053430
vt 0.482945 0.053472
vt 0.483151 0.053185
vt 0.483090 0.053160
vt 0.483257 0.052858
vt 0.483192 0.052850
vt 0.483257 0.052496
vt 0.483199 0.052608
vt 0.483147 0.052160
vt 0.483004 0.052054
vt 0.482938 0.051876
vt 0.482651 0.051669
vt 0.482473 0.051666
vt 0.482319 0.051562
vt 0.482142 0.051614
vt 0.482061 0.051555
vt 0.481797 0.051605
vt 0.481815 0.051666
vt 0.481522 0.051814
vt 0.481472 0.051770
vt 0.481297 0.051938
vt 0.481289 0.052045
vt 0.481150 0.052156
vt 0.457250 0.062881
vt 0.457267 0.062796
vt 0.481174 0.052259
vt 0.467997 0.056525
vt 0.467969 0.062918
vt 0.467368 0.062860
vt 0.467973 0.062663
vt 0.467372 0.062642
vt 0.467966 0.060923
vt 0.467396 0.060399
vt 0.467386 0.054553
vt 0.478497 0.052761
vt 0.478539 0.051872
vt 0.457273 0.057634
vt 0.457263 0.056234
vt 0.482315 0.051521
vt 0.457499 0.065328
vt 0.467999 0.056236
vt 0.467999 0.062777
vt 0.468005 0.062411
vt 0.468004 0.061978
vt 0.468005 0.061692
vt 0.468002 0.061401
vt 0.467999 0.061067
vt 0.480118 0.067996
vt 0.480145 0.067751
vt 0.479652 0.053793
vt 0.480121 0.068447
vt 0.480119 0.068897
vt 0.467366 0.059708
vt 0.467367 0.060318
vt 0.467360 0.054502
vt 0.479059 0.051063
vt 0.467353 0.054901
vt 0.467352 0.055328
vt 0.467353 0.055708
vt 0.480234 0.051079
vt 0.481551 0.049980
vt 0.457154 0.059711
vt 0.457287 0.058518
vt 0.457278 0.059781
vt 0.457437 0.065303
vt 0.457436 0.063608
vt 0.481306 0.050114
vt 0.457242 0.061403
vt 0.457420 0.054104
vt 0.468176 0.065004
vt 0.462963 0.065341
vt 0.457242 0.059711
vt 0.457525 0.054104
vt 0.468176 0.063353
vt 0.457436 0.067655
vt 0.468194 0.059974
vt 0.462881 0.066856
vt 0.462881 0.065341
vt 0.457515 0.059743
vt 0.457491 0.059601
vt 0.457515 0.059547
vt 0.478776 0.050148
vt 0.457534 0.057839
vt 0.468141 0.056234
vt 0.468090 0.055935
vt 0.457577 0.054104
vt 0.457577 0.056076
vt 0.468194 0.056235
vt 0.468043 0.056005
vt 0.457327 0.054104
vt 0.457322 0.055906
vt 0.457327 0.056020
vt 0.457192 0.056234
vt 0.468315 0.066828
vt 0.468379 0.066125
vt 0.478965 0.050613
vt 0.462667 0.066326
vt 0.478050 0.054075
vt 0.478050 0.053819
vt 0.478111 0.054032
vt 0.478203 0.050938
vt 0.478289 0.050150
vt 0.478203 0.049912
vt 0.477730 0.053824
vt 0.477670 0.053886
vt 0.472365 0.065529
vt 0.471760 0.065416
vt 0.471260 0.065582
vt 0.472365 0.067550
vt 0.478965 0.049918
vt 0.479033 0.050029
vt 0.477987 0.054075
vt 0.477987 0.053793
vt 0.478050 0.053972
vt 0.485361 0.064588
vt 0.485034 0.062943
vt 0.470524 0.054103
vt 0.469905 0.054102
vt 0.484264 0.061940
vt 0.483561 0.061470
vt 0.481496 0.061198
vt 0.475633 0.054102
vt 0.479692 0.062239
vt 0.478951 0.063744
vt 0.466437 0.054103
vt 0.478951 0.065008
vt 0.465207 0.054104
vt 0.479434 0.066176
vt 0.480695 0.067282
vt 0.482760 0.067553
vt 0.483561 0.067282
vt 0.458585 0.054104
vt 0.485034 0.065809
vt 0.473174 0.042889
vt 0.472486 0.042768
vt 0.471261 0.042752
vt 0.468523 0.042757
vt 0.477616 0.042750
vt 0.476797 0.042763
vt 0.473246 0.042748
vt 0.468019 0.042759
vt 0.466722 0.042749
vt 0.465322 0.042749
vt 0.464031 0.042760
vt 0.463330 0.042771
vt 0.462610 0.042810
vt 0.461057 0.042771
vt 0.459667 0.042753
vt 0.457213 0.042757
vt 0.480743 0.067609
vt 0.468005 0.060923
vt 0.467392 0.054104
vt 0.481029 0.052487
vt 0.483155 0.052352
vt 0.482771 0.051819
vt 0.481105 0.052236
s 1
f 123/1/1 606/2/2 605/3/3
f 606/2/2 103/4/4 607/5/5
f 76/6/6 608/7/7 607/5/5
f 104/8/8 609/9/9 608/7/7
f 105/10/10 610/11/11 609/9/9
f 78/12/12 611/13/13 610/11/11
f 106/14/14 612/15/15 611/13/13
f 80/16/16 613/17/17 612/18/15
f 107/19/18 614/20/19 613/17/17
f 108/21/20 615/22/21 614/20/19
f 109/23/22 616/24/23 615/22/21
f 109/23/22 617/25/24 616/24/23
f 110/26/25 618/27/26 617/25/24
f 111/28/27 619/29/28 618/27/26
f 619/29/28 86/30/29 620/31/30
f 86/30/29 621/32/31 620/31/30
f 113/33/32 622/34/33 621/32/31
f 114/35/34 623/36/35 622/37/33
f 115/38/36 624/39/37 623/36/35
f 115/38/36 625/40/38 624/39/37
f 625/40/38 116/41/39 626/42/40
f 626/42/40 93/43/41 627/44/42
f 117/45/43 628/46/44 627/44/42
f 117/45/43 629/47/45 628/46/44
f 95/48/46 630/49/47 629/47/45
f 118/50/48 631/51/49 630/52/47
f 631/51/49 119/53/50 632/54/51
f 632/54/51 120/55/52 633/56/53
f 633/56/53 120/55/52 634/57/54
f 634/57/54 121/58/55 635/59/56
f 635/59/56 122/60/57 636/61/58
f 101/62/59 605/3/3 636/63/58
f 75/64/60 1/65/61 2/66/62
f 77/67/63 2/66/62 3/68/64
f 4/69/65 77/67/63 3/68/64
f 78/70/66 4/69/65 5/71/67
f 79/72/68 5/71/67 6/73/69
f 81/74/70 6/73/69 7/75/71
f 8/76/72 81/74/70 7/75/71
f 82/77/73 8/76/72 9/78/74
f 10/79/75 83/80/76 9/78/74
f 84/81/77 10/79/75 11/82/78
f 12/83/79 84/81/77 11/82/78
f 13/84/80 85/85/81 12/83/79
f 87/86/82 13/84/80 14/87/83
f 15/88/84 87/86/82 14/87/83
f 16/89/85 88/90/86 15/88/84
f 90/91/87 16/89/85 17/92/88
f 18/93/89 90/91/87 17/92/88
f 92/94/90 18/93/89 19/95/91
f 94/96/92 19/95/91 20/97/93
f 21/98/94 94/96/92 20/97/93
f 96/99/95 21/98/94 22/100/96
f 97/101/97 22/100/96 23/102/98
f 97/101/97 23/102/98 24/103/99
f 98/104/100 24/103/99 25/105/101
f 99/106/102 25/105/101 26/107/103
f 100/108/104 26/107/103 27/109/105
f 101/110/106 27/109/105 28/111/107
f 1/65/61 102/112/108 28/111/107
f 29/113/109 1/114/110 53/115/111
f 30/116/112 2/117/113 29/113/109
f 31/118/114 3/119/115 30/116/112
f 32/120/116 4/121/117 31/118/114
f 33/122/118 5/123/119 32/120/116
f 6/124/120 33/122/118 34/125/121
f 7/126/122 34/127/121 35/128/123
f 36/129/124 8/130/125 35/128/123
f 9/131/126 36/129/124 37/132/127
f 11/133/128 37/132/127 38/134/129
f 12/135/130 38/134/129 39/136/131
f 13/137/132 39/136/131 40/138/133
f 14/139/134 40/138/133 41/140/135
f 15/141/136 41/142/135 42/143/137
f 17/144/138 42/143/137 43/145/139
f 18/146/140 43/145/139 44/147/141
f 45/148/142 18/146/140 44/147/141
f 46/149/143 19/150/144 45/148/142
f 21/151/145 46/149/143 47/152/146
f 48/153/147 22/154/148 47/155/146
f 49/156/149 23/157/150 48/153/147
f 50/158/151 24/159/152 49/156/149
f 51/160/153 26/161/154 50/158/151
f 52/162/155 27/163/156 51/160/153
f 53/115/111 28/164/157 52/165/155
f 123/166/158 75/167/159 103/168/160
f 104/169/161 76/170/161 77/171/161
f 105/172/162 77/173/162 78/174/162
f 78/175/163 79/176/164 106/177/165
f 80/178/166 81/179/167 107/180/167
f 107/181/167 81/182/167 108/183/168
f 108/184/169 82/185/169 109/186/169
f 109/187/170 82/188/170 83/189/170
f 109/190/171 83/191/171 110/192/171
f 110/193/172 84/194/172 111/195/172
f 111/196/173 85/197/174 112/198/175
f 113/199/176 86/200/177 87/201/178
f 113/188/176 88/202/179 114/203/180
f 89/204/181 90/205/182 115/206/183
f 93/207/184 94/208/185 117/209/186
f 95/206/187 96/210/188 118/211/189
f 118/212/189 97/213/190 119/214/191
f 120/215/192 97/216/190 98/217/193
f 121/218/194 99/219/194 100/220/194
f 121/221/195 100/222/195 122/223/195
f 122/224/196 100/225/196 101/226/196
f 123/166/158 101/227/197 102/228/198
f 147/229/199 124/230/200 209/231/201
f 126/232/202 210/233/203 125/234/204
f 127/235/205 211/236/206 126/232/202
f 128/237/207 212/238/208 127/239/205
f 129/240/209 213/241/210 128/237/207
f 130/242/211 214/243/212 129/240/209
f 131/244/213 215/245/214 130/242/211
f 132/246/215 215/245/214 131/244/213
f 133/247/216 216/248/217 132/246/215
f 134/249/218 217/250/219 133/251/216
f 135/252/220 218/253/221 134/249/218
f 136/254/222 219/255/223 135/252/220
f 137/256/224 220/257/225 136/254/222
f 138/258/226 221/259/227 137/256/224
f 139/260/228 222/261/229 138/262/226
f 140/263/230 222/261/229 139/260/228
f 141/264/231 223/265/232 140/263/230
f 142/266/233 224/267/234 141/264/231
f 143/268/235 225/269/236 142/266/233
f 144/270/237 226/271/238 143/272/235
f 145/273/239 227/274/240 144/270/237
f 146/275/241 227/274/240 145/273/239
f 124/230/200 228/276/242 146/275/241
f 147/229/199 230/277/243 229/278/244
f 149/279/245 230/277/243 148/280/246
f 150/281/247 231/282/248 149/279/245
f 151/283/249 232/284/250 150/285/247
f 152/286/251 233/287/252 151/283/249
f 153/288/253 234/289/254 152/286/251
f 154/290/255 235/291/256 153/288/253
f 155/292/257 236/293/258 154/290/255
f 156/294/259 238/295/260 155/292/257
f 157/296/261 239/297/262 156/298/259
f 158/299/263 240/300/264 157/296/261
f 159/301/265 241/302/266 158/299/263
f 160/303/267 242/304/268 159/301/265
f 161/305/269 243/306/270 160/307/267
f 162/308/271 244/309/272 161/305/269
f 163/310/273 245/311/274 162/308/271
f 164/312/275 246/313/276 163/310/273
f 165/314/277 247/315/278 164/316/275
f 166/317/279 248/318/280 165/314/277
f 167/319/281 249/320/282 166/317/279
f 168/321/283 250/322/284 167/319/281
f 169/323/285 251/324/286 168/321/283
f 170/325/287 252/326/288 169/323/285
f 171/327/289 253/328/290 170/329/287
f 172/330/291 254/331/292 171/327/289
f 173/332/293 255/333/294 172/330/291
f 174/334/295 256/335/296 173/332/293
f 175/336/297 257/337/298 174/334/295
f 176/338/299 258/339/300 175/336/297
f 177/340/301 259/341/302 176/342/299
f 178/343/303 260/344/304 177/340/301
f 179/345/305 261/346/306 178/343/303
f 180/347/307 262/348/308 179/345/305
f 181/349/309 262/350/308 180/351/307
f 182/352/310 263/353/311 181/349/309
f 183/354/312 264/355/313 182/352/310
f 184/356/314 265/357/315 183/354/312
f 185/358/316 266/359/317 184/356/314
f 186/360/318 267/361/319 185/362/316
f 187/363/320 268/364/321 186/360/318
f 187/363/320 270/365/322 269/366/323
f 189/367/324 685/368/325 188/369/326
f 190/370/327 685/368/325 189/367/324
f 191/371/328 686/372/329 190/370/327
f 192/373/330 696/374/331 191/371/328
f 193/375/332 697/376/333 192/377/330
f 194/378/334 687/379/335 193/375/332
f 195/380/336 688/381/337 194/378/334
f 196/382/338 689/383/339 195/380/336
f 197/384/340 690/385/341 196/382/338
f 198/386/342 698/387/343 197/388/340
f 199/389/344 691/390/345 198/386/342
f 200/391/346 692/392/347 199/389/344
f 201/393/348 699/394/349 200/391/346
f 202/395/350 700/396/351 201/397/348
f 203/398/352 701/399/353 202/395/350
f 204/400/354 702/401/355 203/398/352
f 205/402/356 703/403/357 204/400/354
f 206/404/358 693/405/359 205/402/356
f 207/406/360 694/407/361 206/408/358
f 208/409/362 704/410/363 207/406/360
f 695/411/364 705/412/365 208/409/362
f 329/413/366 332/414/367 330/415/368
f 328/416/369 333/417/370 329/413/366
f 327/418/371 334/419/372 328/416/369
f 326/420/373 335/421/374 327/418/371
f 325/422/375 336/423/376 326/420/373
f 324/424/377 337/425/378 325/426/375
f 323/427/379 338/428/380 324/424/377
f 322/429/381 339/430/381 323/427/381
f 321/431/382 340/432/382 322/429/382
f 320/433/383 341/434/383 321/431/383
f 319/435/384 342/436/384 320/433/384
f 318/437/385 343/438/385 319/435/385
f 317/439/386 344/440/386 318/441/386
f 316/442/387 345/443/387 317/439/387
f 315/444/388 346/445/388 316/442/388
f 314/446/389 347/447/389 315/444/389
f 313/415/390 348/448/390 314/446/390
f 312/449/391 349/450/391 313/451/391
f 311/452/392 350/453/392 312/449/392
f 310/454/393 351/455/393 311/452/393
f 309/456/394 352/457/394 310/454/394
f 308/458/395 352/459/396 309/460/397
f 307/461/398 353/462/399 308/458/395
f 306/463/400 354/464/401 307/461/398
f 305/465/402 355/466/403 306/463/400
f 304/467/404 356/468/405 305/465/402
f 303/469/406 357/470/407 304/471/404
f 302/472/408 358/473/409 303/469/406
f 301/474/410 359/475/410 302/472/410
f 300/476/411 360/477/411 301/474/411
f 299/478/412 361/479/412 300/476/412
f 298/480/413 362/481/414 299/478/415
f 297/482/416 363/483/417 298/480/413
f 296/484/418 364/485/419 297/486/416
f 295/487/420 365/488/421 296/484/418
f 294/489/422 366/490/423 295/487/420
f 293/491/424 367/492/425 294/489/422
f 292/493/426 368/494/427 293/491/424
f 291/495/428 370/496/428 292/497/428
f 290/498/429 371/499/429 291/495/429
f 289/500/430 372/501/430 290/498/430
f 288/502/431 373/503/431 289/500/431
f 287/504/432 374/505/432 288/506/432
f 286/507/433 375/508/433 287/504/433
f 285/509/434 376/510/434 286/507/434
f 284/511/435 377/512/435 285/509/435
f 283/513/436 378/514/436 284/511/436
f 282/515/437 379/516/437 283/517/437
f 281/518/438 380/519/438 282/515/438
f 280/520/439 381/521/439 281/518/439
f 279/522/440 382/523/440 280/520/440
f 278/524/441 383/525/442 279/522/443
f 277/526/444 384/527/445 278/524/441
f 276/528/446 385/529/447 277/530/444
f 275/531/448 386/532/449 276/528/446
f 274/533/450 387/534/451 275/531/448
f 273/535/452 388/536/453 274/533/450
f 272/195/454 389/537/455 273/535/452
f 271/538/456 390/539/457 272/540/454
f 210/541/458 271/542/459 209/543/460
f 209/231/461 271/544/461 147/229/461
f 271/545/462 148/546/463 147/547/464
f 271/545/462 149/548/465 148/546/463
f 272/549/466 150/550/467 149/548/465
f 273/551/468 151/552/469 150/550/467
f 274/553/470 152/554/471 151/552/469
f 275/555/472 153/556/473 152/554/471
f 276/557/474 154/558/475 153/556/473
f 277/559/476 155/560/477 154/558/475
f 278/561/478 156/562/479 155/560/477
f 279/563/480 157/564/481 156/562/479
f 280/565/482 158/566/483 157/564/481
f 281/567/484 159/568/485 158/566/483
f 282/569/486 160/570/487 159/568/485
f 283/571/488 161/572/489 160/570/487
f 284/573/490 162/574/491 161/572/489
f 285/575/492 163/576/493 162/574/491
f 286/577/494 164/578/495 163/576/493
f 287/579/496 165/580/497 164/578/495
f 288/581/498 166/582/499 165/580/497
f 289/583/500 167/584/501 166/582/499
f 290/585/502 168/586/503 167/584/501
f 291/587/504 169/588/505 168/586/503
f 292/589/506 170/590/507 169/588/505
f 293/591/508 171/592/509 170/590/507
f 294/593/510 172/594/511 171/592/509
f 295/595/512 173/596/513 172/594/511
f 296/597/514 174/598/515 173/596/513
f 297/599/516 175/600/517 174/598/515
f 298/601/518 176/602/519 175/600/517
f 299/603/520 177/604/521 176/602/519
f 300/605/522 178/606/523 177/604/521
f 301/607/524 179/608/525 178/606/523
f 303/609/526 180/610/527 179/608/525
f 180/610/527 304/611/528 181/612/529
f 181/612/529 305/613/530 182/614/531
f 182/614/531 306/615/532 183/616/533
f 183/616/533 307/617/534 184/618/535
f 184/618/535 308/619/536 185/620/537
f 185/620/537 309/621/538 186/622/539
f 310/623/540 187/624/541 186/622/539
f 310/623/540 188/625/542 187/624/541
f 311/626/543 189/627/544 188/625/542
f 312/628/545 190/629/546 189/627/544
f 313/630/547 191/631/548 190/629/546
f 314/632/549 192/633/550 191/631/548
f 315/634/551 193/635/552 192/633/550
f 316/636/553 194/637/554 193/635/552
f 317/638/555 195/639/556 194/637/554
f 318/640/557 196/641/558 195/639/556
f 319/642/559 197/643/560 196/641/558
f 320/644/561 198/645/562 197/643/560
f 321/646/563 199/647/564 198/645/562
f 322/648/565 200/649/566 199/647/564
f 200/649/566 323/650/567 201/651/568
f 201/651/568 324/652/569 202/653/570
f 202/653/570 325/654/571 203/655/572
f 203/656/572 326/657/573 204/658/574
f 204/659/574 327/660/575 205/661/576
f 205/661/576 328/662/577 206/663/578
f 206/663/578 329/664/579 207/665/580
f 207/665/580 330/666/581 208/667/582
f 208/667/582 331/668/583 695/669/584
f 695/670/585 331/671/585 270/365/585
f 331/672/586 269/673/587 270/674/588
f 331/672/586 268/675/589 269/673/587
f 332/676/590 267/677/591 268/675/589
f 333/678/592 266/679/593 267/677/591
f 334/680/594 265/681/595 266/679/593
f 335/682/596 264/683/597 265/681/595
f 336/684/598 263/685/599 264/683/597
f 337/686/600 262/687/601 263/685/599
f 338/688/602 261/689/603 262/687/601
f 339/690/604 260/691/605 261/689/603
f 340/692/606 259/693/607 260/691/605
f 341/694/608 258/695/609 259/693/607
f 342/696/610 257/697/611 258/695/609
f 343/698/612 256/699/613 257/697/611
f 344/700/614 255/701/615 256/699/613
f 345/702/616 254/703/617 255/701/615
f 346/704/618 253/705/619 254/703/617
f 347/706/620 252/707/621 253/705/619
f 348/708/622 251/709/623 252/707/621
f 349/710/624 250/711/625 251/709/623
f 350/712/626 249/713/627 250/711/625
f 351/714/628 248/715/629 249/713/627
f 352/716/630 247/717/631 248/715/629
f 353/718/632 246/719/633 247/717/631
f 354/720/634 245/721/635 246/719/633
f 355/722/636 244/723/637 245/721/635
f 356/724/638 243/725/639 244/723/637
f 357/726/640 242/727/641 243/725/639
f 358/728/642 241/729/643 242/727/641
f 359/730/644 240/731/645 241/729/643
f 360/732/646 239/733/647 240/731/645
f 361/734/648 238/735/649 239/733/647
f 363/736/650 237/737/651 238/735/649
f 237/737/651 364/738/652 236/739/653
f 236/739/653 365/740/654 235/741/655
f 235/741/655 366/742/656 234/743/657
f 234/743/657 367/744/658 233/745/659
f 233/745/659 368/746/660 232/747/661
f 232/747/661 369/748/662 231/749/663
f 370/750/664 230/751/665 231/749/663
f 370/750/664 229/752/666 230/751/665
f 371/753/667 228/754/668 229/752/666
f 372/755/669 227/756/670 228/754/668
f 373/757/671 226/758/672 227/756/670
f 374/759/673 225/760/674 226/758/672
f 375/761/675 224/762/676 225/760/674
f 376/763/677 223/764/678 224/762/676
f 377/765/679 222/766/680 223/764/678
f 378/767/681 221/768/682 222/766/680
f 379/769/683 220/770/684 221/768/682
f 380/771/685 219/772/686 220/770/684
f 381/773/687 218/774/688 219/772/686
f 218/774/688 383/775/689 217/776/690
f 217/776/690 384/777/691 216/778/692
f 216/778/692 385/779/693 215/780/694
f 215/780/694 386/781/695 214/782/696
f 214/782/696 387/783/697 213/784/698
f 213/784/698 388/785/699 212/786/700
f 212/786/700 389/787/701 211/788/702
f 211/788/702 390/789/703 210/541/458
f 47/790/146 137/791/704 48/792/147
f 46/149/143 138/262/705 47/152/146
f 46/149/143 45/148/706 140/263/707
f 44/147/141 140/263/707 45/148/706
f 43/145/139 141/264/708 44/147/141
f 43/793/139 42/794/709 143/795/710
f 41/796/711 143/795/710 42/794/709
f 40/797/712 144/798/713 41/796/711
f 40/799/712 39/800/714 146/801/715
f 38/134/716 146/802/715 39/136/714
f 37/803/717 125/804/718 38/805/716
f 37/803/717 36/806/719 126/807/720
f 35/808/721 126/807/720 36/806/719
f 34/809/722 127/810/723 35/808/721
f 33/811/724 128/812/725 34/809/722
f 33/811/724 32/813/726 128/812/725
f 31/814/727 129/815/728 32/813/726
f 30/816/729 130/817/730 31/814/727
f 30/816/729 29/818/731 131/819/732
f 53/820/733 132/821/734 29/818/731
f 52/822/735 133/823/736 53/820/733
f 52/822/735 51/824/737 134/825/738
f 50/158/739 135/826/740 51/160/737
f 49/156/741 136/827/742 50/158/739
f 49/156/741 48/153/147 137/828/704
f 54/829/743 391/830/744 547/831/745
f 551/832/746 550/833/747 54/829/743
f 554/834/748 551/832/746 56/835/749
f 555/836/750 554/834/748 56/835/749
f 558/837/751 557/838/752 555/836/750
f 561/839/753 558/837/751 560/840/754
f 563/841/755 562/842/756 560/840/754
f 567/843/757 563/841/755 566/844/758
f 568/845/759 567/843/757 566/844/758
f 572/846/760 568/845/759 571/847/761
f 62/848/762 572/846/760 571/847/761
f 63/849/763 573/850/764 62/848/762
f 576/851/765 63/849/763 64/852/766
f 577/853/767 576/851/765 64/852/766
f 580/854/768 577/853/767 66/855/769
f 583/856/770 66/855/769 582/857/771
f 584/858/772 583/856/770 582/857/771
f 68/859/773 586/860/774 584/858/772
f 589/861/775 588/862/776 68/859/773
f 592/863/777 589/861/775 591/864/778
f 594/865/779 593/866/780 591/864/778
f 596/867/781 597/868/782 594/865/779
f 600/869/783 596/867/781 599/870/784
f 603/871/785 599/870/784 602/872/786
f 604/873/787 602/872/786 74/874/788
f 391/830/744 74/874/788 547/831/745
f 640/875/789 443/876/790 444/877/791
f 641/878/792 444/877/791 481/879/793
f 644/880/794 446/881/795 485/882/796
f 646/883/797 447/884/798 448/885/799
f 647/886/800 448/885/799 449/887/801
f 648/888/802 449/887/801 450/889/803
f 649/890/804 450/891/803 493/892/805
f 652/893/806 452/894/807 453/895/808
f 653/896/809 453/895/808 498/897/810
f 660/898/811 458/899/812 508/900/813
f 664/901/814 460/902/815 461/903/816
f 665/904/817 461/903/816 462/905/818
f 666/906/819 462/905/818 463/907/820
f 667/908/821 463/907/820 464/909/822
f 668/910/823 464/909/822 520/911/824
f 465/912/825 668/910/823 520/911/824
f 673/913/826 525/914/827 468/915/828
f 674/916/829 468/915/828 469/917/830
f 675/918/831 469/919/830 470/920/832
f 676/921/833 470/920/832 471/922/834
f 677/923/835 471/922/834 534/924/836
f 472/925/837 677/923/835 534/924/836
f 679/926/838 472/925/837 473/927/839
f 680/928/840 473/927/839 538/929/841
f 682/930/842 474/931/843 542/932/844
f 392/933/845 442/934/846 637/935/847
f 393/936/848 409/937/849 395/938/850
f 395/938/850 417/939/851 424/940/852
f 429/941/853 433/942/854 400/943/855
f 392/933/845 639/944/856 402/945/857
f 641/878/792 642/946/858 405/947/859
f 644/880/794 645/948/860 408/949/861
f 650/950/862 413/951/863 649/890/804
f 654/952/864 415/953/865 653/896/809
f 661/954/866 422/955/867 660/898/811
f 669/956/868 427/957/869 668/910/823
f 678/958/870 435/959/871 677/923/835
f 681/960/872 437/961/873 680/928/840
f 682/930/842 683/962/874 440/963/875
f 402/964/857 404/965/876 403/966/877
f 403/966/878 406/967/879 393/936/848
f 640/875/789 404/968/876 639/944/880
f 405/969/859 407/970/881 406/967/879
f 642/971/882 394/972/883 407/970/881
f 408/973/861 394/972/883 643/974/884
f 645/975/860 409/937/885 408/973/861
f 645/975/860 410/976/886 409/937/885
f 647/977/887 410/976/886 646/978/888
f 411/979/889 409/937/849 410/976/890
f 647/977/887 412/980/891 411/979/892
f 413/981/893 412/980/891 648/982/894
f 650/983/895 395/938/896 413/981/893
f 651/984/897 414/985/898 650/983/895
f 396/986/899 395/938/850 414/985/900
f 652/893/901 396/987/902 651/988/897
f 652/989/901 416/990/903 396/986/902
f 415/991/904 417/939/905 416/990/903
f 416/990/906 417/939/851 396/986/899
f 655/992/907 417/939/905 654/993/908
f 655/994/907 419/995/909 418/996/910
f 418/997/911 397/998/912 417/939/851
f 657/999/913 419/995/909 656/1000/914
f 658/1001/915 397/998/916 657/1002/913
f 659/1003/917 420/1004/918 658/1001/915
f 421/1005/919 397/998/912 420/1004/920
f 422/1006/867 421/1005/921 659/1003/917
f 423/1007/922 424/940/852 421/1005/919
f 661/1008/866 424/940/923 423/1007/924
f 663/1009/925 424/940/923 662/1010/926
f 664/1011/927 425/1012/928 663/1009/925
f 664/1011/927 426/1013/929 425/1012/928
f 425/1012/930 398/1014/931 424/940/852
f 666/1015/932 426/1013/929 665/1016/933
f 667/1017/934 428/1018/935 398/1014/936
f 669/1019/937 428/1018/935 427/1020/938
f 670/1021/939 430/1022/940 429/941/941
f 671/1023/942 431/1024/943 430/1022/940
f 673/1025/944 431/1024/943 672/1026/945
f 674/916/946 432/1027/947 673/913/944
f 674/1028/946 433/942/948 432/1029/947
f 675/1030/949 434/1031/950 433/942/948
f 435/959/871 434/1032/950 676/921/951
f 434/1031/950 399/1033/952 433/942/854
f 678/958/870 399/1034/952 435/959/871
f 678/1035/870 436/1036/953 399/1033/952
f 437/961/954 436/1037/953 679/926/955
f 438/1038/956 399/1033/952 436/1036/957
f 681/1039/958 438/1038/959 437/1040/954
f 439/1041/960 400/943/855 438/1038/956
f 440/1042/875 439/1041/960 681/1039/958
f 401/1043/961 400/943/855 439/1041/960
f 683/962/874 401/1044/961 440/963/875
f 683/1045/874 441/1046/962 401/1043/961
f 638/1047/963 441/1046/962 684/1048/964
f 403/966/878 401/1043/961 441/1046/965
f 402/945/857 403/1049/877 638/1050/963
f 549/1051/966 477/1052/967 391/830/744
f 556/1053/968 483/1054/969 554/834/748
f 559/1055/970 486/1056/971 557/838/752
f 562/842/756 491/1057/972 561/839/753
f 569/1058/973 496/1059/974 567/843/757
f 573/850/764 502/1060/975 572/846/760
f 578/1061/976 507/1062/977 576/851/765
f 581/1063/978 513/1064/979 580/854/768
f 583/856/770 518/1065/980 516/1066/981
f 585/1067/982 518/1065/980 583/856/770
f 587/1068/983 521/1069/984 586/860/774
f 592/863/777 528/1070/985 526/1071/986
f 593/866/780 528/1070/985 592/863/777
f 595/1072/987 530/1073/988 593/866/780
f 598/1074/989 535/1075/990 597/868/782
f 601/1076/991 541/1077/992 539/1078/993
f 603/871/785 541/1077/992 601/1076/991
f 604/873/787 543/1079/994 603/871/785
f 604/873/787 548/1080/995 545/1081/996
f 549/1082/966 637/935/847 477/1083/967
f 549/1082/966 480/1084/997 479/1085/998
f 479/1085/998 444/877/791 443/876/790
f 552/1086/999 480/1084/997 550/1087/1000
f 480/1084/997 481/879/793 444/877/791
f 552/1086/999 482/1088/1001 481/879/793
f 553/1089/1002 484/1090/1003 482/1088/1001
f 482/1088/1001 446/881/795 445/1091/1004
f 556/1092/968 484/1090/1003 483/1093/969
f 485/882/796 446/881/795 484/1090/1003
f 486/1094/971 485/882/796 556/1092/968
f 559/1095/970 487/1096/1005 486/1094/971
f 488/1097/1006 447/884/798 487/1096/1005
f 489/1098/1007 488/1097/1006 559/1095/970
f 490/1099/1008 448/885/799 488/1097/1006
f 491/1057/972 490/1100/1008 489/1101/1007
f 492/1102/1009 449/887/801 490/1099/1008
f 491/1057/972 493/1103/805 492/1104/1009
f 493/892/805 450/891/803 492/1105/1009
f 564/1106/1010 493/892/805 562/1107/756
f 565/1108/1011 494/1109/1012 564/1106/1010
f 495/1110/1013 451/1111/1014 494/1109/1012
f 565/1108/1011 497/1112/1015 495/1110/1013
f 497/1112/1015 452/894/807 495/1110/1013
f 569/1113/973 497/1112/1015 496/1114/974
f 498/897/810 453/895/808 497/1112/1015
f 570/1115/1016 498/897/810 569/1113/973
f 570/1115/1016 501/1116/1017 499/1117/1018
f 501/1116/1017 454/1118/1019 499/1117/1018
f 502/1119/975 501/1116/1017 500/1120/1020
f 503/1121/1021 455/1122/1022 501/1116/1017
f 502/1119/975 504/1123/1023 503/1121/1021
f 574/1124/1024 504/1123/1023 573/1125/764
f 505/1126/1025 456/1127/1026 504/1123/1023
f 575/1128/1027 505/1126/1025 574/1124/1024
f 506/1129/1028 457/1130/1029 505/1126/1025
f 575/1128/1027 508/900/813 506/1129/1028
f 508/900/813 458/899/812 506/1129/1028
f 578/1131/976 508/900/813 507/1132/977
f 579/1133/1030 509/1134/1031 578/1131/976
f 510/1135/1032 459/1136/1033 509/1134/1031
f 579/1137/1030 512/1138/1034 510/1139/1032
f 513/1140/979 512/1138/1034 511/1141/1035
f 514/1142/1036 460/902/815 512/1138/1034
f 581/1143/978 514/1142/1036 513/1140/979
f 515/1144/1037 461/903/816 514/1142/1036
f 516/1145/981 515/1144/1037 581/1143/978
f 517/1146/1038 462/905/818 515/1144/1037
f 518/1147/980 517/1146/1038 516/1145/981
f 519/1148/1039 463/907/820 517/1146/1038
f 585/1149/982 519/1148/1039 518/1147/980
f 520/911/824 464/909/822 519/1148/1039
f 585/1149/982 522/1150/1040 520/911/824
f 521/1151/984 523/1152/1041 522/1150/1040
f 523/1152/1041 465/912/825 522/1150/1040
f 587/1153/983 524/1154/1042 523/1152/1041
f 523/1152/1041 467/1155/1043 466/1156/1044
f 590/1157/1045 524/1154/1042 588/1158/1046
f 524/1154/1042 525/914/827 467/1155/1043
f 590/1157/1045 527/1159/1047 525/914/827
f 528/1160/985 527/1159/1047 526/1161/986
f 527/1159/1047 469/917/830 468/915/828
f 530/1162/988 529/1163/1048 528/1164/985
f 531/1165/1049 469/919/830 529/1163/1048
f 595/1166/987 531/1165/1049 530/1162/988
f 532/1167/1050 470/920/832 531/1165/1049
f 595/1166/987 534/924/836 532/1167/1050
f 534/924/836 471/922/834 532/1167/1050
f 535/1168/990 534/924/836 533/1169/1051
f 598/1170/989 536/1171/1052 535/1168/990
f 537/1172/1053 472/925/837 536/1171/1052
f 598/1170/989 538/929/841 537/1172/1053
f 538/929/841 473/927/839 537/1172/1053
f 539/1173/993 538/929/841 600/1174/783
f 541/1175/992 540/1176/1054 539/1173/993
f 540/1176/1054 542/932/844 474/931/843
f 543/1177/994 542/932/844 541/1175/992
f 543/1178/994 546/1179/1055 544/1180/1056
f 546/1181/1055 475/1182/1057 544/1183/1056
f 545/1184/996 478/1185/1058 546/1179/1055
f 478/1185/1058 476/1186/1059 546/1179/1055
f 548/1187/995 637/935/847 478/1185/1058
f 637/935/847 442/934/846 478/1185/1058
f 54/829/743 55/1188/1060 551/832/746
f 55/1188/1060 56/835/749 551/832/746
f 555/836/750 57/1189/1061 558/837/751
f 558/837/751 612/1190/1062 560/840/754
f 560/840/754 58/1191/1063 563/841/755
f 566/844/758 59/1192/1064 568/845/759
f 60/1193/1065 571/847/761 568/845/759
f 61/1194/1066 62/848/762 571/847/761
f 582/857/771 67/1195/1067 584/858/772
f 68/859/773 69/1196/1068 589/861/775
f 69/1196/1068 591/864/778 589/861/775
f 71/1197/1069 594/865/779 591/864/778
f 594/865/779 72/1198/1070 596/867/781
f 72/1198/1070 599/870/784 596/867/781
f 606/2/2 547/1199/1071 605/3/3
f 54/1200/1072 606/2/2 607/5/5
f 55/1201/1073 607/5/5 608/7/7
f 609/9/9 55/1201/1073 608/7/7
f 57/1202/1074 610/11/11 611/13/13
f 58/1203/1075 612/18/15 613/17/17
f 58/1203/1075 613/17/17 614/20/19
f 615/22/21 566/1204/1076 614/20/19
f 59/1205/1077 615/22/21 616/24/23
f 60/1206/1078 616/24/23 617/25/24
f 618/27/26 60/1206/1078 617/25/24
f 61/1207/1079 618/27/26 619/29/28
f 620/31/30 62/1208/1080 619/29/28
f 63/1209/1081 620/31/30 621/32/31
f 622/34/33 64/1210/1082 621/32/31
f 623/36/35 65/1211/1083 622/37/33
f 628/46/44 68/1212/1084 627/44/42
f 69/1213/1085 628/46/44 629/47/45
f 70/1214/1086 629/47/45 630/49/47
f 631/51/49 71/1215/1087 630/52/47
f 72/1216/1088 633/56/53 634/57/54
f 73/1217/1089 634/57/54 635/59/56
f 602/1218/1090 635/59/56 636/61/58
f 74/1219/1091 636/63/58 605/3/3
f 642/946/858 641/878/792 445/1091/1004
f 446/881/795 642/946/858 445/1091/1004
f 645/948/860 644/880/794 447/884/798
f 650/950/862 649/890/804 451/1111/1014
f 651/988/1092 451/1111/1014 452/894/807
f 654/952/864 653/896/809 454/1118/1019
f 655/994/1093 454/1118/1019 455/1122/1022
f 656/1000/1094 455/1122/1022 503/1121/1021
f 657/999/1095 503/1121/1021 456/1127/1026
f 658/1220/1096 456/1127/1026 457/1130/1029
f 659/1221/1097 658/1220/1096 457/1130/1029
f 661/954/866 660/898/811 459/1136/1033
f 662/1222/1098 459/1136/1033 510/1135/1032
f 669/956/868 668/910/823 465/912/825
f 670/1223/1099 465/912/825 466/1156/1044
f 671/1224/1100 466/1156/1044 467/1155/1043
f 672/1225/1101 467/1155/1043 525/914/827
f 681/960/872 680/928/840 474/931/843
f 683/962/874 682/930/842 475/1182/1057
f 684/1226/1102 475/1182/1057 476/1227/1059
f 638/1050/963 476/1186/1059 442/934/846
f 123/1/1 103/4/4 606/2/2
f 103/4/4 76/6/6 607/5/5
f 76/6/6 104/8/8 608/7/7
f 104/8/8 105/10/10 609/9/9
f 105/10/10 78/12/12 610/11/11
f 78/12/12 106/14/14 611/13/13
f 106/14/14 80/1228/16 612/15/15
f 80/16/16 107/19/18 613/17/17
f 107/19/18 108/21/20 614/20/19
f 108/21/20 109/23/22 615/22/21
f 109/23/22 110/26/25 617/25/24
f 110/26/25 111/28/27 618/27/26
f 111/28/27 112/1229/1103 619/29/28
f 619/29/28 112/1229/1103 86/30/29
f 86/30/29 113/33/32 621/32/31
f 113/33/32 114/1230/34 622/34/33
f 114/35/34 89/1231/1104 623/36/35
f 623/36/35 89/1231/1104 115/38/36
f 115/38/36 91/1232/1105 625/40/38
f 625/40/38 91/1232/1105 92/1233/1106
f 625/40/38 92/1233/1106 116/41/39
f 626/42/40 116/41/39 93/43/41
f 93/43/41 117/45/43 627/44/42
f 117/45/43 95/48/46 629/47/45
f 95/48/46 118/1234/48 630/49/47
f 118/50/48 119/53/50 631/51/49
f 632/54/51 119/53/50 120/55/52
f 120/55/52 99/1235/1107 634/57/54
f 634/57/54 99/1235/1107 121/58/55
f 635/59/56 121/58/55 122/60/57
f 122/60/57 101/1236/59 636/61/58
f 101/62/59 123/1/1 605/3/3
f 1/65/61 75/64/60 102/112/108
f 2/66/62 76/1237/1108 75/64/60
f 77/67/63 76/1237/1108 2/66/62
f 4/69/65 78/70/66 77/67/63
f 5/71/67 79/72/68 78/70/66
f 6/73/69 80/1238/1109 79/72/68
f 81/74/70 80/1238/1109 6/73/69
f 8/76/72 82/77/73 81/74/70
f 9/78/74 83/80/76 82/77/73
f 84/81/77 83/80/76 10/79/75
f 12/83/79 85/85/81 84/81/77
f 13/84/80 86/1239/1110 85/85/81
f 87/86/82 86/1239/1110 13/84/80
f 15/88/84 88/90/86 87/86/82
f 16/89/85 89/1240/1111 88/90/86
f 90/91/87 89/1240/1111 16/89/85
f 18/93/89 91/1241/1112 90/91/87
f 18/93/89 92/94/90 91/1241/1112
f 19/95/91 93/1242/1113 92/94/90
f 94/96/92 93/1242/1113 19/95/91
f 21/98/94 95/1243/1114 94/96/92
f 96/99/95 95/1243/1114 21/98/94
f 97/101/97 96/99/95 22/100/96
f 24/103/99 98/104/100 97/101/97
f 99/106/102 98/104/100 25/105/101
f 100/108/104 99/106/102 26/107/103
f 101/110/106 100/108/104 27/109/105
f 102/112/108 101/110/106 28/111/107
f 29/113/109 2/117/113 1/114/110
f 30/116/112 3/119/115 2/117/113
f 31/118/114 4/121/117 3/119/115
f 32/120/116 5/123/119 4/121/117
f 33/122/118 6/124/120 5/123/119
f 7/126/122 6/1244/120 34/127/121
f 8/130/125 7/126/122 35/128/123
f 36/129/124 9/131/126 8/130/125
f 10/1245/1115 9/131/126 37/132/127
f 11/133/128 10/1245/1115 37/132/127
f 12/135/130 11/133/128 38/134/129
f 13/137/132 12/135/130 39/136/131
f 14/139/134 13/137/132 40/138/133
f 15/1246/136 14/139/134 41/140/135
f 16/1247/1116 15/141/136 42/143/137
f 17/144/138 16/1247/1116 42/143/137
f 18/146/140 17/144/138 43/145/139
f 45/148/142 19/150/144 18/146/140
f 46/149/143 20/1248/1117 19/150/144
f 21/151/145 20/1248/1117 46/149/143
f 47/152/146 22/1249/148 21/151/145
f 48/153/147 23/157/150 22/154/148
f 49/156/149 24/159/152 23/157/150
f 50/158/151 25/1250/1118 24/159/152
f 50/158/151 26/161/154 25/1250/1118
f 51/160/153 27/163/156 26/161/154
f 52/162/155 28/1251/157 27/163/156
f 53/115/111 1/114/110 28/164/157
f 123/166/158 102/228/198 75/167/159
f 103/1252/160 75/1253/159 76/1254/1119
f 105/1255/1120 104/1256/1120 77/1257/1120
f 106/1258/165 79/1259/164 80/1260/1121
f 108/1261/1122 81/1262/1122 82/1263/1122
f 110/1264/1123 83/1265/1123 84/1266/1123
f 111/1267/173 84/1268/1124 85/1269/174
f 86/207/1125 112/198/175 85/197/174
f 113/1270/176 87/1271/178 88/1272/179
f 114/1273/180 88/1274/179 89/225/1126
f 115/1275/183 90/1276/182 91/1277/1127
f 116/1278/1128 92/1279/1128 93/1280/1128
f 117/209/186 94/208/185 95/1281/1129
f 118/1282/189 96/1283/188 97/1284/190
f 120/1285/192 119/214/191 97/213/190
f 120/215/192 98/217/193 99/1286/1130
f 229/278/244 124/230/200 147/229/199
f 124/230/200 125/234/204 209/231/201
f 125/234/204 210/233/203 209/231/201
f 126/232/202 211/236/206 210/233/203
f 127/235/205 212/1287/208 211/236/206
f 128/237/207 213/241/210 212/238/208
f 129/240/209 214/243/212 213/241/210
f 130/242/211 215/245/214 214/243/212
f 132/246/215 216/248/217 215/245/214
f 133/247/216 217/1288/219 216/248/217
f 134/249/218 218/253/221 217/250/219
f 135/252/220 219/255/223 218/253/221
f 136/254/222 220/257/225 219/255/223
f 137/256/224 221/259/227 220/257/225
f 138/262/226 222/261/229 221/1289/227
f 140/263/230 223/265/232 222/261/229
f 141/264/231 224/267/234 223/265/232
f 142/266/233 225/269/236 224/267/234
f 143/268/235 226/1290/238 225/269/236
f 144/270/237 227/274/240 226/271/238
f 146/275/241 228/276/242 227/274/240
f 124/230/200 229/278/244 228/276/242
f 147/229/199 148/280/246 230/277/243
f 149/279/245 231/282/248 230/277/243
f 150/281/247 232/1291/250 231/282/248
f 151/283/249 233/287/252 232/284/250
f 152/286/251 234/289/254 233/287/252
f 153/288/253 235/291/256 234/289/254
f 154/290/255 236/293/258 235/291/256
f 155/292/257 237/1292/1131 236/293/258
f 155/292/257 238/295/260 237/1292/1131
f 156/298/259 239/297/262 238/1293/260
f 157/296/261 240/300/264 239/297/262
f 158/299/263 241/302/266 240/300/264
f 159/301/265 242/304/268 241/302/266
f 160/307/267 243/306/270 242/1294/268
f 161/305/269 244/309/272 243/306/270
f 162/308/271 245/311/274 244/309/272
f 163/310/273 246/313/276 245/311/274
f 164/312/275 247/1295/278 246/313/276
f 165/314/277 248/318/280 247/315/278
f 166/317/279 249/320/282 248/318/280
f 167/319/281 250/322/284 249/320/282
f 168/321/283 251/324/286 250/322/284
f 169/323/285 252/326/288 251/324/286
f 170/325/287 253/1296/290 252/326/288
f 171/327/289 254/331/292 253/328/290
f 172/330/291 255/333/294 254/331/292
f 173/332/293 256/335/296 255/333/294
f 174/334/295 257/337/298 256/335/296
f 175/336/297 258/339/300 257/337/298
f 176/342/299 259/341/302 258/1297/300
f 177/340/301 260/344/304 259/341/302
f 178/343/303 261/346/306 260/344/304
f 179/345/305 262/348/308 261/346/306
f 181/349/309 263/353/311 262/350/308
f 182/352/310 264/355/313 263/353/311
f 183/354/312 265/357/315 264/355/313
f 184/356/314 266/359/317 265/357/315
f 185/358/316 267/1298/319 266/359/317
f 186/360/318 268/364/321 267/361/319
f 187/363/320 269/366/323 268/364/321
f 187/363/320 188/369/326 270/365/322
f 695/670/1132 270/365/322 685/368/325
f 685/368/325 270/365/322 188/369/326
f 190/370/327 686/372/329 685/368/325
f 191/371/328 696/374/331 686/372/329
f 192/373/330 697/1299/333 696/374/331
f 193/375/332 687/379/335 697/376/333
f 194/378/334 688/381/337 687/379/335
f 195/380/336 689/383/339 688/381/337
f 196/382/338 690/385/341 689/383/339
f 197/384/340 698/1300/343 690/385/341
f 198/386/342 691/390/345 698/387/343
f 199/389/344 692/392/347 691/390/345
f 200/391/346 699/394/349 692/392/347
f 201/393/348 700/1301/351 699/394/349
f 202/395/350 701/399/353 700/396/351
f 203/398/352 702/401/355 701/399/353
f 204/400/354 703/403/357 702/401/355
f 205/402/356 693/405/359 703/403/357
f 206/404/358 694/1302/361 693/405/359
f 207/406/360 704/410/363 694/407/361
f 208/409/362 705/412/365 704/410/363
f 330/1303/368 332/1304/367 331/1305/1133
f 329/413/366 333/417/370 332/414/367
f 328/416/369 334/419/372 333/417/370
f 327/418/371 335/421/374 334/419/372
f 326/420/373 336/423/376 335/421/374
f 325/422/375 337/1306/378 336/423/376
f 324/424/377 338/428/380 337/425/378
f 323/427/379 339/430/1134 338/428/380
f 322/429/1135 340/432/1135 339/430/1135
f 321/431/1136 341/434/1136 340/432/1136
f 320/433/1137 342/436/1137 341/434/1137
f 319/435/1138 343/438/1138 342/436/1138
f 318/441/1139 344/440/1139 343/1307/1139
f 317/439/1140 345/443/1140 344/440/1140
f 316/442/1141 346/445/1141 345/443/1141
f 315/444/1142 347/447/1142 346/445/1142
f 314/446/1143 348/448/1143 347/447/1143
f 313/451/1144 349/450/1144 348/1308/1144
f 312/449/1145 350/453/1145 349/450/1145
f 311/452/1146 351/455/1146 350/453/1146
f 310/454/1147 352/457/1147 351/455/1147
f 308/458/395 353/462/399 352/459/396
f 307/461/398 354/464/401 353/462/399
f 306/463/400 355/466/403 354/464/401
f 305/465/402 356/468/405 355/466/403
f 304/467/404 357/1309/407 356/468/405
f 303/469/406 358/473/409 357/470/407
f 302/472/408 359/475/1148 358/473/409
f 301/474/1149 360/477/1149 359/475/1149
f 300/476/1150 361/479/1150 360/477/1150
f 299/478/1151 362/481/1151 361/479/1151
f 298/480/413 363/483/417 362/481/414
f 297/482/416 364/1310/419 363/483/417
f 296/484/418 365/488/421 364/485/419
f 295/487/420 366/490/423 365/488/421
f 294/489/422 367/492/425 366/490/423
f 293/491/424 368/494/427 367/492/425
f 292/493/426 369/1311/1152 368/494/427
f 292/497/1153 370/496/1153 369/1312/1153
f 291/495/1154 371/499/1154 370/496/1154
f 290/498/1155 372/501/1155 371/499/1155
f 289/500/1156 373/503/1156 372/501/1156
f 288/506/1157 374/505/1157 373/1313/1157
f 287/504/1158 375/508/1158 374/505/1158
f 286/507/1159 376/510/1159 375/508/1159
f 285/509/1160 377/512/1160 376/510/1160
f 284/511/1161 378/514/1161 377/512/1161
f 283/517/1162 379/516/1162 378/1314/1162
f 282/515/1163 380/519/1163 379/516/1163
f 281/518/1164 381/521/1164 380/519/1164
f 280/520/1165 382/523/1165 381/521/1165
f 279/522/1166 383/525/1166 382/523/1166
f 278/524/441 384/527/445 383/525/442
f 277/526/444 385/1315/447 384/527/445
f 276/528/446 386/532/449 385/529/447
f 275/531/448 387/534/451 386/532/449
f 274/533/450 388/536/453 387/534/451
f 273/535/452 389/537/455 388/536/453
f 272/540/454 390/539/457 389/1316/455
f 271/545/462 272/549/466 149/548/465
f 272/549/466 273/551/468 150/550/467
f 273/551/468 274/553/470 151/552/469
f 274/553/470 275/555/472 152/554/471
f 275/555/472 276/557/474 153/556/473
f 276/557/474 277/559/476 154/558/475
f 277/559/476 278/561/478 155/560/477
f 278/561/478 279/563/480 156/562/479
f 279/563/480 280/565/482 157/564/481
f 280/565/482 281/567/484 158/566/483
f 281/567/484 282/569/486 159/568/485
f 282/569/486 283/571/488 160/570/487
f 283/571/488 284/573/490 161/572/489
f 284/573/490 285/575/492 162/574/491
f 285/575/492 286/577/494 163/576/493
f 286/577/494 287/579/496 164/578/495
f 287/579/496 288/581/498 165/580/497
f 288/581/498 289/583/500 166/582/499
f 289/583/500 290/585/502 167/584/501
f 290/585/502 291/587/504 168/586/503
f 291/587/504 292/589/506 169/588/505
f 292/589/506 293/591/508 170/590/507
f 293/591/508 294/593/510 171/592/509
f 294/593/510 295/595/512 172/594/511
f 295/595/512 296/597/514 173/596/513
f 296/597/514 297/599/516 174/598/515
f 297/599/516 298/601/518 175/600/517
f 298/601/518 299/603/520 176/602/519
f 299/603/520 300/605/522 177/604/521
f 300/605/522 301/607/524 178/606/523
f 301/607/524 302/1317/1167 179/608/525
f 302/1317/1167 303/609/526 179/608/525
f 180/610/527 303/609/526 304/611/528
f 181/612/529 304/611/528 305/613/530
f 182/614/531 305/613/530 306/615/532
f 183/616/533 306/615/532 307/617/534
f 184/618/535 307/617/534 308/619/536
f 185/620/537 308/619/536 309/621/538
f 309/621/538 310/623/540 186/622/539
f 310/623/540 311/626/543 188/625/542
f 311/626/543 312/628/545 189/627/544
f 312/628/545 313/630/547 190/629/546
f 313/630/547 314/632/549 191/631/548
f 314/632/549 315/634/551 192/633/550
f 315/634/551 316/636/553 193/635/552
f 316/636/553 317/638/555 194/637/554
f 317/638/555 318/640/557 195/639/556
f 318/640/557 319/642/559 196/641/558
f 319/642/559 320/644/561 197/643/560
f 320/644/561 321/646/563 198/645/562
f 321/646/563 322/648/565 199/647/564
f 200/649/566 322/648/565 323/650/567
f 201/651/568 323/650/567 324/652/569
f 202/653/570 324/652/569 325/654/571
f 203/1318/572 325/1319/571 326/1320/573
f 204/1321/574 326/1322/573 327/1323/575
f 205/661/576 327/660/575 328/662/577
f 206/663/578 328/662/577 329/664/579
f 207/665/580 329/664/579 330/666/581
f 208/667/582 330/666/581 331/668/583
f 331/672/586 332/676/590 268/675/589
f 332/676/590 333/678/592 267/677/591
f 333/678/592 334/680/594 266/679/593
f 334/680/594 335/682/596 265/681/595
f 335/682/596 336/684/598 264/683/597
f 336/684/598 337/686/600 263/685/599
f 337/686/600 338/688/602 262/687/601
f 338/688/602 339/690/604 261/689/603
f 339/690/604 340/692/606 260/691/605
f 340/692/606 341/694/608 259/693/607
f 341/694/608 342/696/610 258/695/609
f 342/696/610 343/698/612 257/697/611
f 343/698/612 344/700/614 256/699/613
f 344/700/614 345/702/616 255/701/615
f 345/702/616 346/704/618 254/703/617
f 346/704/618 347/706/620 253/705/619
f 347/706/620 348/708/622 252/707/621
f 348/708/622 349/710/624 251/709/623
f 349/710/624 350/712/626 250/711/625
f 350/712/626 351/714/628 249/713/627
f 351/714/628 352/716/630 248/715/629
f 352/716/630 353/718/632 247/717/631
f 353/718/632 354/720/634 246/719/633
f 354/720/634 355/722/636 245/721/635
f 355/722/636 356/724/638 244/723/637
f 356/724/638 357/726/640 243/725/639
f 357/726/640 358/728/642 242/727/641
f 358/728/642 359/730/644 241/729/643
f 359/730/644 360/732/646 240/731/645
f 360/732/646 361/734/648 239/733/647
f 361/734/648 362/1324/1168 238/735/649
f 362/1324/1168 363/736/650 238/735/649
f 237/737/651 363/736/650 364/738/652
f 236/739/653 364/738/652 365/740/654
f 235/741/655 365/740/654 366/742/656
f 234/743/657 366/742/656 367/744/658
f 233/745/659 367/744/658 368/746/660
f 232/747/661 368/746/660 369/748/662
f 369/748/662 370/750/664 231/749/663
f 370/750/664 371/753/667 229/752/666
f 371/753/667 372/755/669 228/754/668
f 372/755/669 373/757/671 227/756/670
f 373/757/671 374/759/673 226/758/672
f 374/759/673 375/761/675 225/760/674
f 375/761/675 376/763/677 224/762/676
f 376/763/677 377/765/679 223/764/678
f 377/765/679 378/767/681 222/766/680
f 378/767/681 379/769/683 221/768/682
f 379/769/683 380/771/685 220/770/684
f 380/771/685 381/773/687 219/772/686
f 381/773/687 382/1325/1169 218/774/688
f 218/774/688 382/1325/1169 383/775/689
f 217/776/690 383/775/689 384/777/691
f 216/778/692 384/777/691 385/779/693
f 215/780/694 385/779/693 386/781/695
f 214/782/696 386/781/695 387/783/697
f 213/784/698 387/783/697 388/785/699
f 212/786/700 388/785/699 389/787/701
f 211/788/702 389/787/701 390/789/703
f 210/541/458 390/789/703 271/542/459
f 47/790/146 138/1326/705 137/791/704
f 46/1327/143 139/1328/1170 138/1329/705
f 46/149/143 140/263/707 139/260/1170
f 44/147/141 141/264/708 140/263/707
f 43/1330/139 142/1331/1171 141/1332/708
f 43/145/139 143/268/710 142/266/1171
f 41/796/711 144/798/713 143/795/710
f 40/797/712 145/1333/1172 144/798/713
f 40/1334/712 146/275/715 145/273/1172
f 38/805/716 124/1335/1173 146/1336/715
f 38/805/716 125/804/718 124/1335/1173
f 37/803/717 126/807/720 125/804/718
f 35/808/721 127/810/723 126/807/720
f 34/809/722 128/812/725 127/810/723
f 32/813/726 129/815/728 128/812/725
f 31/814/727 130/817/730 129/815/728
f 30/816/729 131/819/732 130/817/730
f 29/818/731 132/821/734 131/819/732
f 53/820/733 133/823/736 132/821/734
f 52/822/735 134/825/738 133/823/736
f 51/824/737 135/1337/740 134/825/738
f 50/1338/739 136/1339/742 135/1340/740
f 49/1341/741 137/1342/704 136/1343/742
f 54/829/743 549/1051/966 391/830/744
f 550/833/747 549/1051/966 54/829/743
f 551/832/746 552/1344/1174 550/833/747
f 553/1345/1002 552/1344/1174 551/832/746
f 554/834/748 553/1345/1002 551/832/746
f 555/836/750 556/1053/968 554/834/748
f 557/838/752 556/1053/968 555/836/750
f 558/837/751 559/1055/970 557/838/752
f 561/839/753 559/1055/970 558/837/751
f 562/842/756 561/839/753 560/840/754
f 563/841/755 564/1346/1175 562/842/756
f 563/841/755 565/1347/1011 564/1346/1175
f 567/843/757 565/1347/1011 563/841/755
f 568/845/759 569/1058/973 567/843/757
f 568/845/759 570/1348/1016 569/1058/973
f 572/846/760 570/1348/1016 568/845/759
f 62/848/762 573/850/764 572/846/760
f 63/849/763 574/1349/1176 573/850/764
f 63/849/763 575/1350/1027 574/1349/1176
f 576/851/765 575/1350/1027 63/849/763
f 577/853/767 578/1061/976 576/851/765
f 577/853/767 579/1351/1030 578/1061/976
f 580/854/768 579/1351/1030 577/853/767
f 581/1063/978 580/854/768 66/855/769
f 583/856/770 581/1063/978 66/855/769
f 584/858/772 585/1067/982 583/856/770
f 586/860/774 585/1067/982 584/858/772
f 68/859/773 587/1068/983 586/860/774
f 588/862/776 587/1068/983 68/859/773
f 589/861/775 590/1352/1045 588/862/776
f 592/863/777 590/1352/1045 589/861/775
f 591/864/778 593/866/780 592/863/777
f 594/865/779 595/1072/987 593/866/780
f 597/868/782 595/1072/987 594/865/779
f 598/1074/989 597/868/782 596/867/781
f 600/869/783 598/1074/989 596/867/781
f 601/1076/991 600/869/783 599/870/784
f 603/871/785 601/1076/991 599/870/784
f 604/873/787 603/871/785 602/872/786
f 548/1080/995 604/873/787 74/874/788
f 391/830/744 548/1080/995 74/874/788
f 443/876/790 392/933/845 637/935/847
f 641/878/792 640/875/789 444/877/791
f 445/1091/1004 641/878/792 481/879/793
f 447/884/798 644/880/794 485/882/796
f 647/886/800 646/883/797 448/885/799
f 648/888/802 647/886/800 449/887/801
f 649/890/804 648/1353/802 450/891/803
f 451/1111/1014 649/890/804 493/892/805
f 653/896/809 652/893/806 453/895/808
f 454/1118/1019 653/896/809 498/897/810
f 458/899/812 659/1221/1097 457/1130/1029
f 660/898/811 659/1221/1097 458/899/812
f 459/1136/1033 660/898/811 508/900/813
f 460/1354/815 663/799/1177 510/1355/1032
f 664/901/814 663/1356/1177 460/902/815
f 665/904/817 664/901/814 461/903/816
f 666/906/819 665/904/817 462/905/818
f 667/908/821 666/906/819 463/907/820
f 668/910/823 667/908/821 464/909/822
f 674/916/829 673/913/826 468/915/828
f 675/918/831 674/1357/829 469/919/830
f 676/921/833 675/918/831 470/920/832
f 677/923/835 676/921/833 471/922/834
f 472/925/837 678/958/870 677/923/835
f 679/926/838 678/958/870 472/925/837
f 680/928/840 679/926/838 473/927/839
f 474/931/843 680/928/840 538/929/841
f 475/1182/1057 682/930/842 542/932/844
f 393/936/848 406/967/879 394/972/1178
f 393/936/848 394/972/1178 409/937/849
f 395/938/850 396/986/899 417/939/851
f 417/939/851 397/998/912 424/940/852
f 397/998/912 421/1005/919 424/940/852
f 424/940/852 398/1014/931 429/941/853
f 429/941/853 431/1024/1179 433/942/854
f 433/942/854 399/1033/952 400/943/855
f 400/943/855 401/1043/961 393/936/848
f 393/936/848 395/938/850 400/943/855
f 395/938/850 424/940/852 400/943/855
f 424/940/852 429/941/853 400/943/855
f 640/875/789 641/878/792 405/947/859
f 644/880/794 408/949/861 643/1358/1180
f 649/890/804 413/951/863 648/1353/802
f 652/893/806 653/896/809 415/953/865
f 660/898/811 422/955/867 659/1221/1097
f 668/910/823 427/957/869 667/908/821
f 677/923/835 435/959/871 676/921/833
f 680/928/840 437/961/873 679/926/838
f 681/960/872 682/930/842 440/963/875
f 638/1050/963 392/933/845 402/945/857
f 402/964/857 639/1359/880 404/965/876
f 403/966/878 404/965/1181 406/967/879
f 640/1360/789 406/967/879 404/965/876
f 640/875/789 405/947/859 406/1361/879
f 405/947/859 642/946/882 407/1362/881
f 407/970/881 394/972/1178 406/967/879
f 642/971/882 643/974/884 394/972/883
f 408/973/861 409/937/885 394/972/883
f 645/975/860 646/978/888 410/976/886
f 647/977/887 411/979/892 410/976/886
f 411/979/889 395/938/850 409/937/849
f 647/977/887 648/982/894 412/980/891
f 411/979/889 412/980/1182 395/938/850
f 413/981/893 395/938/896 412/980/891
f 650/983/895 414/985/898 395/938/896
f 651/984/897 396/986/902 414/985/898
f 652/989/901 415/991/904 416/990/903
f 415/991/904 654/993/908 417/939/905
f 655/992/907 418/997/910 417/939/905
f 655/994/907 656/1000/914 419/995/909
f 418/997/911 419/1363/1183 397/998/912
f 657/1002/913 397/998/916 419/1363/909
f 658/1001/915 420/1004/918 397/998/916
f 659/1003/917 421/1005/921 420/1004/918
f 422/1006/867 423/1007/924 421/1005/921
f 422/1006/867 661/1008/866 423/1007/924
f 661/1008/866 662/1010/926 424/940/923
f 663/1009/925 425/1012/928 424/940/923
f 664/1011/927 665/1016/933 426/1013/929
f 425/1012/930 426/1013/1184 398/1014/931
f 666/1015/932 398/1014/936 426/1013/929
f 666/906/932 667/908/934 398/1364/936
f 667/1017/934 427/1020/938 428/1018/935
f 398/1014/931 428/1018/1185 429/941/853
f 669/1019/937 429/941/941 428/1018/935
f 669/956/937 670/1223/939 429/1365/941
f 670/1021/939 671/1023/942 430/1022/940
f 429/941/853 430/1022/1186 431/1024/1179
f 671/1023/942 672/1026/945 431/1024/943
f 673/1025/944 432/1029/947 431/1024/943
f 432/1029/1187 433/942/854 431/1024/1179
f 674/1028/946 675/1030/949 433/942/948
f 675/1030/949 676/1366/951 434/1031/950
f 435/1367/871 399/1033/952 434/1031/950
f 678/958/870 679/926/955 436/1037/953
f 437/1040/954 438/1038/959 436/1036/953
f 438/1038/956 400/943/855 399/1033/952
f 681/1368/958 439/1369/960 438/1370/959
f 440/1042/875 401/1043/961 439/1041/960
f 683/1045/874 684/1048/964 441/1046/962
f 638/1047/963 403/966/877 441/1046/962
f 403/966/878 393/936/848 401/1043/961
f 553/1345/1002 554/834/748 483/1054/969
f 556/1053/968 557/838/752 486/1056/971
f 559/1055/970 561/839/753 489/1101/1007
f 561/839/753 491/1057/972 489/1101/1007
f 565/1347/1011 567/843/757 496/1059/974
f 570/1348/1016 572/846/760 500/1371/1020
f 572/846/760 502/1060/975 500/1371/1020
f 575/1350/1027 576/851/765 507/1062/977
f 579/1351/1030 580/854/768 511/1372/1035
f 580/854/768 513/1064/979 511/1372/1035
f 581/1063/978 583/856/770 516/1066/981
f 585/1067/982 586/860/774 521/1069/984
f 590/1352/1045 592/863/777 526/1071/986
f 593/866/780 530/1073/988 528/1070/985
f 595/1072/987 597/868/782 533/1373/1051
f 597/868/782 535/1075/990 533/1373/1051
f 600/869/783 601/1076/991 539/1078/993
f 603/871/785 543/1079/994 541/1077/992
f 604/873/787 545/1081/996 543/1079/994
f 548/1080/995 391/830/744 477/1052/967
f 549/1082/966 479/1085/998 637/935/847
f 479/1085/998 443/876/790 637/935/847
f 549/1082/966 550/1087/1000 480/1084/997
f 479/1085/998 480/1084/997 444/877/791
f 552/1086/999 481/879/793 480/1084/997
f 552/1086/999 553/1089/1002 482/1088/1001
f 481/879/793 482/1088/1001 445/1091/1004
f 553/1089/1002 483/1093/969 484/1090/1003
f 482/1088/1001 484/1090/1003 446/881/795
f 556/1092/968 485/882/796 484/1090/1003
f 486/1094/971 487/1096/1005 485/882/796
f 487/1096/1005 447/884/798 485/882/796
f 559/1095/970 488/1097/1006 487/1096/1005
f 488/1097/1006 448/885/799 447/884/798
f 489/1098/1007 490/1099/1008 488/1097/1006
f 490/1099/1008 449/887/801 448/885/799
f 491/1057/972 492/1104/1009 490/1100/1008
f 492/1102/1009 450/889/803 449/887/801
f 491/1057/972 562/842/756 493/1103/805
f 564/1106/1010 494/1109/1012 493/892/805
f 494/1109/1012 451/1111/1014 493/892/805
f 565/1108/1011 495/1110/1013 494/1109/1012
f 495/1110/1013 452/894/807 451/1111/1014
f 565/1108/1011 496/1114/974 497/1112/1015
f 497/1112/1015 453/895/808 452/894/807
f 569/1113/973 498/897/810 497/1112/1015
f 570/1115/1016 499/1117/1018 498/897/810
f 499/1117/1018 454/1118/1019 498/897/810
f 570/1115/1016 500/1120/1020 501/1116/1017
f 501/1116/1017 455/1122/1022 454/1118/1019
f 502/1119/975 503/1121/1021 501/1116/1017
f 502/1119/975 573/1125/764 504/1123/1023
f 504/1123/1023 456/1127/1026 503/1121/1021
f 574/1124/1024 505/1126/1025 504/1123/1023
f 505/1126/1025 457/1130/1029 456/1127/1026
f 575/1128/1027 506/1129/1028 505/1126/1025
f 506/1129/1028 458/899/812 457/1130/1029
f 575/1128/1027 507/1132/977 508/900/813
f 578/1131/976 509/1134/1031 508/900/813
f 509/1134/1031 459/1136/1033 508/900/813
f 579/1133/1030 510/1135/1032 509/1134/1031
f 579/1351/1030 511/1372/1035 512/1374/1034
f 510/1139/1032 512/1138/1034 460/902/815
f 513/1140/979 514/1142/1036 512/1138/1034
f 514/1142/1036 461/903/816 460/902/815
f 581/1143/978 515/1144/1037 514/1142/1036
f 515/1144/1037 462/905/818 461/903/816
f 516/1145/981 517/1146/1038 515/1144/1037
f 517/1146/1038 463/907/820 462/905/818
f 518/1147/980 519/1148/1039 517/1146/1038
f 519/1148/1039 464/909/822 463/907/820
f 585/1149/982 520/911/824 519/1148/1039
f 585/1149/982 521/1151/984 522/1150/1040
f 520/911/824 522/1150/1040 465/912/825
f 521/1151/984 587/1153/983 523/1152/1041
f 523/1152/1041 466/1156/1044 465/912/825
f 587/1153/983 588/1158/1046 524/1154/1042
f 523/1152/1041 524/1154/1042 467/1155/1043
f 590/1157/1045 525/914/827 524/1154/1042
f 590/1157/1045 526/1161/986 527/1159/1047
f 525/914/827 527/1159/1047 468/915/828
f 528/1160/985 529/1375/1048 527/1159/1047
f 527/1159/1047 529/1375/1048 469/917/830
f 530/1162/988 531/1165/1049 529/1163/1048
f 531/1165/1049 470/920/832 469/919/830
f 595/1166/987 532/1167/1050 531/1165/1049
f 532/1167/1050 471/922/834 470/920/832
f 595/1166/987 533/1169/1051 534/924/836
f 535/1168/990 536/1171/1052 534/924/836
f 536/1171/1052 472/925/837 534/924/836
f 598/1170/989 537/1172/1053 536/1171/1052
f 537/1172/1053 473/927/839 472/925/837
f 598/1170/989 600/1174/783 538/929/841
f 539/1173/993 540/1176/1054 538/929/841
f 538/929/841 540/1176/1054 474/931/843
f 541/1175/992 542/932/844 540/1176/1054
f 543/1177/994 544/1183/1056 542/932/844
f 544/1183/1056 475/1182/1057 542/932/844
f 543/1178/994 545/1184/996 546/1179/1055
f 546/1181/1055 476/1227/1059 475/1182/1057
f 545/1184/996 548/1187/995 478/1185/1058
f 478/1185/1058 442/934/846 476/1186/1059
f 548/1187/995 477/1083/967 637/935/847
f 56/835/749 610/1376/1188 555/836/750
f 555/836/750 610/1376/1188 57/1189/1061
f 558/837/751 57/1189/1061 612/1190/1062
f 612/1190/1062 58/1191/1063 560/840/754
f 563/841/755 58/1191/1063 566/844/758
f 568/845/759 59/1192/1064 60/1193/1065
f 571/847/761 60/1193/1065 61/1194/1066
f 577/853/767 64/852/766 65/1377/1189
f 577/853/767 65/1377/1189 66/855/769
f 66/855/769 624/1378/1190 582/857/771
f 624/1378/1190 67/1195/1067 582/857/771
f 67/1195/1067 626/1379/1191 584/858/772
f 584/858/772 626/1379/1191 68/859/773
f 69/1196/1068 70/1380/1192 591/864/778
f 591/864/778 70/1380/1192 71/1197/1069
f 71/1197/1069 632/1381/1193 594/865/779
f 594/865/779 632/1381/1193 72/1198/1070
f 72/1198/1070 73/1382/1194 599/870/784
f 73/1382/1194 602/872/786 599/870/784
f 606/2/2 54/1200/1072 547/1199/1071
f 607/5/5 55/1201/1073 54/1200/1072
f 609/9/9 56/1383/1195 55/1201/1073
f 610/11/11 56/1383/1195 609/9/9
f 612/15/15 57/1202/1074 611/13/13
f 566/1204/1076 58/1203/1075 614/20/19
f 615/22/21 59/1205/1077 566/1204/1076
f 60/1206/1078 59/1205/1077 616/24/23
f 618/27/26 61/1207/1079 60/1206/1078
f 62/1208/1080 61/1207/1079 619/29/28
f 620/31/30 63/1209/1081 62/1208/1080
f 64/1210/1082 63/1209/1081 621/32/31
f 622/34/33 65/1384/1083 64/1210/1082
f 623/36/35 66/1385/1196 65/1211/1083
f 624/39/37 66/1385/1196 623/36/35
f 625/40/38 67/1386/1197 624/39/37
f 626/42/40 67/1386/1197 625/40/38
f 627/44/42 68/1212/1084 626/42/40
f 628/46/44 69/1213/1085 68/1212/1084
f 70/1214/1086 69/1213/1085 629/47/45
f 630/52/47 71/1215/1087 70/1387/1086
f 632/54/51 71/1215/1087 631/51/49
f 633/56/53 72/1216/1088 632/54/51
f 73/1217/1089 72/1216/1088 634/57/54
f 602/1218/1090 73/1217/1089 635/59/56
f 74/1388/1091 602/1218/1090 636/61/58
f 547/1199/1071 74/1219/1091 605/3/3
f 443/876/790 639/944/856 392/933/845
f 640/875/789 639/944/856 443/876/790
f 446/881/795 643/1358/1180 642/946/858
f 644/880/794 643/1358/1180 446/881/795
f 646/883/797 645/948/860 447/884/798
f 651/988/1092 650/950/862 451/1111/1014
f 652/893/806 651/988/1092 452/894/807
f 655/994/1093 654/952/864 454/1118/1019
f 656/1000/1094 655/994/1093 455/1122/1022
f 657/999/1095 656/1000/1094 503/1121/1021
f 658/1220/1096 657/999/1095 456/1127/1026
f 662/1222/1098 661/954/866 459/1136/1033
f 663/1389/1177 662/1390/1098 510/1355/1032
f 670/1223/1099 669/956/868 465/912/825
f 671/1224/1100 670/1223/1099 466/1156/1044
f 672/1225/1101 671/1224/1100 467/1155/1043
f 673/913/826 672/1225/1101 525/914/827
f 682/930/842 681/960/872 474/931/843
f 684/1226/1102 683/962/874 475/1182/1057
f 638/1050/963 684/1391/1102 476/1186/1059
f 392/933/845 638/1050/963 442/934/846
f 1367/1392/1198 1339/1393/1199 1368/1394/1200
f 1369/1395/1201 1368/1394/1200 1340/1396/1202
f 1369/1395/1201 1341/1397/1203 1370/1398/1204
f 1377/1399/1205 1349/1400/1206 1378/1401/1207
f 1379/1402/1208 1350/1403/1209 1380/1404/1210
f 1381/1405/1211 1353/1406/1212 1382/1407/1213
f 1384/1408/1214 1354/1409/1215 1355/1410/1216
f 1384/1408/1214 1355/1410/1216 1385/1411/1217
f 1391/1412/1218 1390/1413/1219 1361/1414/1220
f 1393/1415/1221 1363/1416/1222 1364/1417/1223
f 1393/1415/1221 1364/1417/1223 1365/1418/1224
f 761/1419/1225 708/1420/1226 707/1421/1227
f 762/1422/1228 709/1423/1229 708/1420/1226
f 763/1424/1230 710/1425/1231 709/1423/1229
f 765/1426/1232 710/1425/1231 764/1427/1233
f 765/1426/1232 712/1428/1234 711/1429/1235
f 766/1430/1236 712/1428/1234 765/1426/1232
f 767/1431/1237 713/1432/1238 766/1430/1236
f 767/1431/1237 715/1433/1239 714/1434/1240
f 768/1435/1241 715/1433/1239 767/1431/1237
f 768/1435/1241 716/1436/1242 715/1433/1239
f 768/1435/1241 717/1437/1243 716/1436/1242
f 769/1438/1244 718/1439/1245 717/1437/1243
f 770/1440/1246 719/1441/1247 718/1439/1245
f 770/1440/1246 720/1442/1248 719/1441/1247
f 772/1443/1249 720/1442/1248 771/1444/1250
f 772/1443/1249 721/1445/1251 720/1442/1248
f 773/1446/1252 721/1445/1251 772/1443/1249
f 773/1446/1252 724/1447/1253 723/1448/1254
f 775/1449/1255 727/1450/1256 726/1451/1257
f 776/1452/1258 728/1453/1259 727/1450/1256
f 778/1454/1260 728/1453/1259 777/1455/1261
f 778/1454/1260 730/1456/1262 729/1457/1263
f 780/1458/1264 731/1459/1265 779/1460/1266
f 781/1461/1267 732/1462/1268 780/1458/1264
f 761/1419/1225 733/1463/1269 781/1461/1267
f 708/1464/1270 734/1465/1271 707/1466/1272
f 709/1467/1273 735/1468/1274 708/1464/1270
f 710/1469/1275 738/1470/1276 737/1471/1277
f 711/1472/1278 739/1473/1279 738/1470/1276
f 713/1474/1280 739/1473/1279 712/1475/1281
f 714/1476/1282 740/1477/1283 713/1474/1280
f 715/1478/1284 741/1479/1285 714/1480/1282
f 716/1481/1286 742/1482/1287 715/1478/1284
f 716/1481/1286 743/1483/1288 742/1482/1287
f 718/1484/1289 744/1485/1290 717/1486/1291
f 718/1484/1289 745/1487/1292 744/1485/1290
f 719/1488/1293 746/1489/1294 745/1487/1292
f 721/1490/1295 746/1491/1294 720/1492/1296
f 721/1490/1295 748/1493/1297 747/1494/1298
f 722/1495/1299 749/1496/1300 748/1493/1297
f 724/1497/1301 750/1498/1302 723/1499/1303
f 725/1500/1304 751/1501/1305 724/1497/1301
f 726/1502/1306 752/1503/1307 725/1500/1304
f 727/1504/1308 753/1505/1309 726/1286/1306
f 728/1506/1310 754/1507/1311 727/1504/1308
f 728/1506/1310 756/1508/1312 755/1509/1313
f 730/1510/1314 757/1511/1315 729/1512/1316
f 730/1510/1314 758/1513/1317 757/1511/1315
f 732/1514/1318 759/1515/1319 731/1516/1320
f 733/1517/1321 760/1518/1322 732/1514/1318
f 733/1517/1321 734/1519/1271 760/1518/1322
f 1365/1520/1323 762/1422/1228 761/1419/1225
f 762/1422/1228 1366/1521/1324 763/1424/1230
f 1368/1522/1325 764/1427/1233 763/1424/1230
f 1369/1523/1326 765/1426/1232 764/1427/1233
f 765/1426/1232 1370/1524/1327 766/1430/1236
f 766/1430/1236 1371/1525/1328 767/1431/1237
f 1372/1526/1329 768/1435/1241 767/1431/1237
f 1373/1527/1330 769/1438/1244 768/1435/1241
f 1375/1528/1331 770/1440/1246 769/1438/1244
f 1376/1529/1332 771/1444/1250 770/1440/1246
f 1377/1530/1333 772/1443/1249 771/1444/1250
f 1378/1531/1334 1379/1532/1335 772/1443/1249
f 772/1443/1249 1379/1532/1335 773/1446/1252
f 1380/1533/1336 773/1446/1252 1379/1532/1335
f 773/1446/1252 1381/1534/1337 1382/1535/1338
f 1382/1535/1338 774/1536/1339 773/1446/1252
f 774/1536/1339 1383/1537/1340 1384/1538/1341
f 774/1536/1339 1384/1538/1341 775/1449/1255
f 1384/1538/1341 1385/1539/1342 775/1449/1255
f 1385/1539/1342 776/1452/1258 775/1449/1255
f 776/1452/1258 1386/1540/1343 777/1455/1261
f 777/1455/1261 1388/1541/1344 778/1454/1260
f 1389/1542/1345 779/1460/1266 778/1454/1260
f 1390/1543/1346 780/1458/1264 779/1460/1266
f 780/1458/1264 1392/1544/1347 781/1461/1267
f 781/1461/1267 706/1545/1348 761/1419/1225
f 1393/1546/1349 761/1419/1225 706/1545/1348
f 806/1547/1350 868/1548/1351 782/1549/1352
f 783/1550/1353 868/1548/1351 869/1551/1354
f 784/1552/1355 869/1551/1354 870/1553/1356
f 785/1554/1357 870/1555/1356 871/1556/1358
f 786/1557/1359 871/1556/1358 872/1558/1360
f 787/1559/1361 872/1558/1360 873/1560/1362
f 788/1561/1363 873/1560/1362 874/1562/1364
f 789/1563/1365 874/1562/1364 875/1564/1366
f 790/1565/1367 875/1566/1366 876/1567/1368
f 791/1568/1369 876/1567/1368 877/1569/1370
f 793/1570/1371 877/1569/1370 878/1571/1372
f 794/1572/1373 878/1571/1372 879/1573/1374
f 795/1574/1375 879/1573/1374 880/1575/1376
f 796/1576/1377 880/1575/1376 881/1577/1378
f 798/1578/1379 881/1579/1378 882/1580/1380
f 799/1581/1381 882/1580/1380 883/1582/1382
f 800/1583/1383 883/1582/1382 884/1584/1384
f 802/1585/1385 884/1584/1384 885/1586/1386
f 803/1587/1387 885/1586/1386 886/1588/1388
f 804/1589/1389 886/1590/1388 887/1591/1390
f 805/1592/1391 887/1591/1390 888/1593/1392
f 807/1594/1393 889/1595/1394 890/1596/1395
f 808/1597/1396 890/1598/1395 891/1599/1397
f 809/1600/1398 891/1599/1397 892/1601/1399
f 810/1602/1400 892/1601/1399 893/1603/1401
f 811/1604/1402 893/1603/1401 894/1605/1403
f 812/1606/1404 894/1605/1403 895/1607/1405
f 813/1608/1406 895/1609/1405 896/1610/1407
f 814/1611/1408 896/1610/1407 897/1612/1409
f 815/1613/1410 897/1612/1409 898/1614/1411
f 816/1615/1412 898/1614/1411 899/1616/1413
f 817/1617/1414 899/1616/1413 900/1618/1415
f 818/1619/1416 900/1618/1415 901/1620/1417
f 819/1621/1418 901/1622/1417 902/1623/1419
f 820/1624/1420 902/1623/1419 903/1625/1421
f 821/1626/1422 903/1625/1421 904/1627/1423
f 822/1628/1424 904/1627/1423 905/1629/1425
f 823/1630/1426 905/1629/1425 906/1631/1427
f 824/1632/1428 906/1633/1427 907/1634/1429
f 825/1635/1430 907/1634/1429 908/1636/1431
f 826/1637/1432 908/1636/1431 909/1638/1433
f 827/1639/1434 909/1638/1433 910/1640/1435
f 828/1641/1436 910/1642/1435 911/1643/1437
f 829/1644/1438 911/1643/1437 912/1645/1439
f 830/1646/1440 912/1645/1439 913/1647/1441
f 831/1648/1442 913/1647/1441 914/1649/1443
f 832/1650/1444 914/1649/1443 915/1651/1445
f 833/1652/1446 915/1653/1445 916/1654/1447
f 834/1655/1448 916/1654/1447 917/1656/1449
f 835/1657/1450 917/1656/1449 918/1658/1451
f 836/1659/1452 918/1658/1451 919/1660/1453
f 837/1661/1454 919/1660/1453 920/1662/1455
f 838/1663/1456 920/1662/1455 921/1664/1457
f 839/1665/1458 921/1666/1457 922/1667/1459
f 840/1668/1460 922/1667/1459 923/1669/1461
f 841/1670/1462 923/1669/1461 924/1671/1463
f 842/1672/1464 924/1671/1463 925/1673/1465
f 843/1674/1466 925/1673/1465 926/1675/1467
f 844/1676/1468 926/1677/1467 927/1678/1469
f 845/1679/1470 927/1678/1469 928/1680/1471
f 928/1680/1471 930/1681/1472 1461/1682/1473
f 847/1683/1474 1461/1682/1473 1442/1684/1475
f 848/1685/1476 1442/1684/1475 1443/1686/1477
f 848/1687/1476 1443/1688/1477 1444/1689/1478
f 849/1690/1479 1444/1689/1478 1445/1691/1480
f 850/1692/1481 1445/1691/1480 1446/1693/1482
f 851/1694/1483 1446/1693/1482 1447/1695/1484
f 852/1696/1485 1447/1695/1484 1448/1697/1486
f 853/1698/1487 1448/1697/1486 1449/1699/1488
f 854/1700/1489 1449/1701/1488 1450/1702/1490
f 855/1703/1491 1450/1702/1490 1451/1704/1492
f 856/1705/1493 1451/1704/1492 1452/1706/1494
f 857/1707/1495 1452/1706/1494 1453/1708/1496
f 858/1709/1497 1453/1708/1496 1454/1710/1498
f 859/1711/1499 1454/1710/1498 1455/1712/1500
f 860/1713/1501 1455/1714/1500 1456/1715/1502
f 861/1716/1503 1456/1715/1502 1457/1717/1504
f 862/1718/1505 1457/1717/1504 1458/1719/1506
f 862/1718/1505 1458/1719/1506 1472/1720/1507
f 863/1721/1508 1472/1720/1507 1473/1722/1509
f 865/1723/1510 1473/1724/1509 1459/1725/1511
f 929/1726/1512 865/1727/1510 1459/1728/1511
f 930/1729/1513 866/1729/1514 929/1729/1515
f 994/1730/1516 992/1731/1517 993/1732/1518
f 995/1733/1519 991/1734/1520 992/1735/1517
f 996/1736/1521 990/1737/1522 991/1734/1520
f 997/1738/1523 989/1739/1524 990/1737/1522
f 998/1740/1525 988/1741/1526 989/1739/1524
f 999/1742/1527 987/1743/1528 988/1741/1526
f 1000/1744/1529 986/1745/1530 987/1746/1528
f 1001/1747/1531 985/1748/1532 986/1745/1530
f 1002/1749/1533 984/1750/1534 985/1748/1532
f 1003/1751/1535 983/1752/1536 984/1750/1534
f 1004/1753/1537 982/1754/1538 983/1752/1536
f 1005/1755/1539 981/1756/1540 982/1754/1538
f 1006/1757/1541 980/1758/1542 981/1756/1540
f 1007/1759/1543 979/1760/1544 980/1761/1542
f 1007/1759/1543 978/1762/1545 979/1760/1544
f 1008/1763/1546 977/1764/1547 978/1762/1545
f 1009/1765/1548 976/1766/1549 977/1764/1547
f 1010/1767/1550 975/1768/1551 976/1766/1549
f 1011/1769/1552 974/1770/1553 975/1768/1551
f 1012/1771/1554 973/1772/1555 974/1773/1553
f 1013/1774/1556 972/1775/1557 973/1772/1555
f 1014/1776/1558 971/1777/1559 972/1775/1557
f 1015/1778/1560 970/1779/1561 971/1777/1559
f 1016/1780/1562 969/1781/1563 970/1782/1561
f 1017/1783/1564 968/1784/1565 969/1781/1563
f 1018/1785/1566 967/1786/1567 968/1784/1565
f 1019/1787/1568 966/1788/1569 967/1786/1567
f 1020/1789/1570 965/1790/1571 966/1788/1569
f 1021/1791/1572 964/1792/1573 965/1793/1571
f 1022/1794/1574 963/1795/1575 964/1792/1573
f 1023/1796/1576 962/1797/1577 963/1795/1575
f 1024/1798/1578 961/1799/1579 962/1797/1577
f 1025/1800/1580 960/1801/1581 961/1799/1579
f 1026/1802/1582 959/1803/1583 960/1801/1581
f 1027/1804/1584 958/1805/1585 959/1806/1583
f 1028/1807/1586 957/1808/1587 958/1805/1585
f 1029/1809/1588 956/1810/1589 957/1808/1587
f 1030/1811/1590 955/1812/1591 956/1810/1589
f 1031/1813/1592 954/1814/1593 955/1812/1591
f 1032/1815/1594 953/1816/1595 954/1817/1593
f 1033/1818/1596 952/1819/1597 953/1816/1595
f 1034/1820/1598 951/1821/1599 952/1819/1597
f 1035/1822/1600 950/1823/1601 951/1821/1599
f 1036/1824/1602 949/1825/1603 950/1826/1601
f 1037/1827/1604 948/1828/1605 949/1825/1603
f 1038/1829/1606 947/1830/1607 948/1828/1605
f 1039/1831/1608 946/1832/1609 947/1830/1607
f 1040/1833/1610 945/1834/1611 946/1832/1609
f 1042/1835/1612 944/1836/1613 945/1837/1611
f 1043/1838/1614 943/1839/1615 944/1836/1613
f 1044/1840/1616 942/1841/1617 943/1839/1615
f 1045/1842/1618 941/1843/1619 942/1841/1617
f 1046/1844/1620 940/1845/1621 941/1843/1619
f 1047/1846/1622 939/1847/1623 940/1845/1621
f 1048/1848/1624 938/1849/1625 939/1847/1623
f 1049/1850/1626 937/1851/1627 938/1852/1625
f 1050/1853/1628 936/1854/1629 937/1851/1627
f 1051/1855/1630 935/1856/1631 936/1854/1629
f 1052/1857/1632 934/1858/1633 935/1856/1631
f 1053/1859/1634 933/1860/1635 934/1858/1633
f 1054/1861/1636 932/1862/1637 933/1863/1635
f 931/1864/1638 869/1865/1639 868/1866/1640
f 931/1867/1641 806/1547/1642 932/1862/1643
f 932/1868/1644 807/1869/1645 933/1870/1646
f 933/1870/1646 808/1871/1647 934/1872/1648
f 934/1872/1648 809/1873/1649 935/1874/1650
f 935/1874/1650 810/1875/1651 936/1876/1652
f 936/1876/1652 811/1877/1653 937/1878/1654
f 937/1878/1654 812/1879/1655 938/1880/1656
f 938/1880/1656 813/1881/1657 939/1882/1658
f 939/1882/1658 814/1883/1659 940/1884/1660
f 940/1884/1660 815/1885/1661 941/1886/1662
f 941/1886/1662 816/1887/1663 942/1888/1664
f 942/1888/1664 817/1889/1665 943/1890/1666
f 943/1890/1666 818/1891/1667 944/1892/1668
f 944/1892/1668 819/1893/1669 945/1894/1670
f 945/1894/1670 820/1895/1671 946/1896/1672
f 946/1896/1672 821/1897/1673 947/1898/1674
f 947/1898/1674 822/1899/1675 948/1900/1676
f 948/1900/1676 823/1901/1677 949/1902/1678
f 949/1902/1678 824/1903/1679 950/1904/1680
f 950/1904/1680 825/1905/1681 951/1906/1682
f 951/1906/1682 826/1907/1683 952/1908/1684
f 952/1908/1684 827/1909/1685 953/1910/1686
f 953/1910/1686 828/1911/1687 954/1912/1688
f 954/1912/1688 829/1913/1689 955/1914/1690
f 955/1914/1690 830/1915/1691 956/1916/1692
f 956/1916/1692 831/1917/1693 957/1918/1694
f 957/1918/1694 832/1919/1695 958/1920/1696
f 958/1920/1696 833/1921/1697 959/1922/1698
f 959/1922/1698 834/1923/1699 960/1924/1700
f 960/1924/1700 835/1925/1701 961/1926/1702
f 961/1926/1702 836/1927/1703 962/1928/1704
f 962/1928/1704 837/1929/1705 963/1930/1706
f 963/1930/1706 838/1931/1707 964/1932/1708
f 964/1932/1708 839/1933/1709 965/1934/1710
f 965/1934/1710 840/1935/1711 966/1936/1712
f 966/1936/1712 841/1937/1713 967/1938/1714
f 967/1938/1714 842/1939/1715 968/1940/1716
f 968/1940/1716 843/1941/1717 969/1942/1718
f 969/1942/1718 844/1943/1719 970/1944/1720
f 970/1944/1720 845/1945/1721 971/1946/1722
f 971/1946/1722 846/1947/1723 972/1948/1724
f 972/1948/1724 847/1949/1725 973/1950/1726
f 973/1950/1726 848/1951/1727 974/1952/1728
f 974/1952/1728 849/1953/1729 975/1954/1730
f 975/1954/1730 850/1955/1731 976/1956/1732
f 976/1956/1732 851/1957/1733 977/1958/1734
f 977/1958/1734 852/1959/1735 978/1960/1736
f 978/1960/1736 852/1959/1735 979/1961/1737
f 979/1961/1737 853/1962/1738 980/1963/1739
f 980/1963/1739 853/1962/1738 981/1964/1740
f 981/1964/1740 854/1965/1741 982/1966/1742
f 982/1966/1742 855/1967/1743 983/1968/1744
f 983/1968/1744 856/1969/1745 984/1970/1746
f 984/1970/1746 857/1971/1747 985/1972/1748
f 985/1972/1748 858/1973/1749 986/1974/1750
f 986/1974/1750 859/1975/1751 987/1976/1752
f 987/1976/1752 860/1977/1753 988/1978/1754
f 988/1978/1754 861/1979/1755 989/1980/1756
f 989/1980/1756 862/1981/1757 990/1982/1758
f 990/1982/1758 863/1983/1759 991/1984/1760
f 991/1984/1760 864/1985/1761 992/1986/1762
f 992/1986/1762 866/1987/1763 993/1988/1764
f 993/1988/1764 866/1987/1763 867/1989/1765
f 993/1732/1766 928/1990/1767 994/1730/1768
f 994/1991/1769 927/1992/1770 995/1993/1771
f 995/1993/1771 926/1994/1772 996/1995/1773
f 996/1995/1773 925/1996/1774 997/1997/1775
f 997/1997/1775 924/1998/1776 998/1999/1777
f 998/1999/1777 923/2000/1778 999/2001/1779
f 999/2001/1779 922/2002/1780 1000/2003/1781
f 1000/2003/1781 921/2004/1782 1001/2005/1783
f 1001/2005/1783 920/2006/1784 1002/2007/1785
f 1002/2007/1785 919/2008/1786 1003/2009/1787
f 1003/2009/1787 918/2010/1788 1004/2011/1789
f 1004/2011/1789 917/2012/1790 1005/2013/1791
f 1005/2013/1791 916/2014/1792 1006/2015/1793
f 1006/2015/1793 915/2016/1794 1007/2017/1795
f 1007/2017/1795 914/2018/1796 1008/2019/1797
f 1008/2019/1797 913/2020/1798 1009/2021/1799
f 1009/2021/1799 912/2022/1800 1010/2023/1801
f 1010/2023/1801 911/2024/1802 1011/2025/1803
f 1011/2025/1803 910/2026/1804 1012/2027/1805
f 1012/2027/1805 909/2028/1806 1013/2029/1807
f 1013/2029/1807 908/2030/1808 1014/2031/1809
f 1014/2031/1809 907/2032/1810 1015/2033/1811
f 1015/2033/1811 906/2034/1812 1016/2035/1813
f 1016/2035/1813 905/2036/1814 1017/2037/1815
f 1017/2037/1815 904/2038/1816 1018/2039/1817
f 1018/2039/1817 903/2040/1818 1019/2041/1819
f 1019/2041/1819 902/2042/1820 1020/2043/1821
f 1020/2043/1821 901/2044/1822 1021/2045/1823
f 1021/2045/1823 900/2046/1824 1022/2047/1825
f 1022/2047/1825 899/2048/1826 1023/2049/1827
f 1023/2049/1827 898/2050/1828 1024/2051/1829
f 1024/2051/1829 897/2052/1830 1025/2053/1831
f 1025/2053/1831 896/2054/1832 1026/2055/1833
f 1026/2055/1833 895/2056/1834 1027/2057/1835
f 1027/2057/1835 894/2058/1836 1028/2059/1837
f 1028/2059/1837 893/2060/1838 1029/2061/1839
f 1029/2061/1839 892/2062/1840 1030/2063/1841
f 1030/2063/1841 891/2064/1842 1031/2065/1843
f 1031/2065/1843 890/2066/1844 1032/2067/1845
f 1032/2067/1845 889/2068/1846 1033/2069/1847
f 1033/2069/1847 888/2070/1848 1034/2071/1849
f 1034/2071/1849 887/2072/1850 1035/2073/1851
f 1035/2073/1851 886/2074/1852 1036/2075/1853
f 1036/2075/1853 885/2076/1854 1037/2077/1855
f 1037/2077/1855 884/2078/1856 1038/2079/1857
f 1038/2079/1857 883/2080/1858 1039/2081/1859
f 1039/2081/1859 882/2082/1860 1040/2083/1861
f 1040/2083/1861 882/2082/1860 1041/2084/1862
f 1041/2084/1862 881/2085/1863 1042/2086/1864
f 1042/2086/1864 881/2085/1863 1043/2087/1865
f 1043/2087/1865 880/2088/1866 1044/2089/1867
f 1044/2089/1867 879/2090/1868 1045/2091/1869
f 1045/2091/1869 878/2092/1870 1046/2093/1871
f 1046/2093/1871 877/2094/1872 1047/2095/1873
f 1047/2095/1873 876/2096/1874 1048/2097/1875
f 1048/2097/1875 875/2098/1876 1049/2099/1877
f 1049/2099/1877 874/2100/1878 1050/2101/1879
f 1050/2101/1879 873/2102/1880 1051/2103/1881
f 1051/2103/1881 872/2104/1882 1052/2105/1883
f 1052/2105/1883 871/2106/1884 1053/2107/1885
f 1053/2107/1885 870/2108/1886 1054/2109/1887
f 1054/2109/1887 869/1865/1639 931/1864/1638
f 796/2110/1888 754/1507/1889 755/1509/1890
f 797/2111/1891 753/2112/1892 754/2113/1889
f 798/2114/1893 752/2115/1894 753/2112/1892
f 798/2114/1893 751/2116/1895 752/2115/1894
f 800/1583/1896 750/1498/1897 751/1501/1895
f 801/2117/1898 749/1496/1899 750/1498/1897
f 802/1585/1900 748/1493/1901 749/1496/1899
f 802/1585/1900 747/1494/1902 748/1493/1901
f 803/2118/1903 746/2119/1904 747/2120/1902
f 805/2121/1905 745/2122/1906 746/2119/1904
f 805/2121/1905 744/2123/1907 745/2122/1906
f 783/2124/1908 743/2125/1909 744/2123/1907
f 783/2124/1908 742/2126/1910 743/2125/1909
f 784/2127/1911 741/2128/1912 742/2126/1910
f 785/2129/1913 740/2130/1914 741/2128/1912
f 786/2131/1915 739/2132/1916 740/2130/1914
f 786/2131/1915 738/2133/1917 739/2132/1916
f 787/2134/1918 737/2135/1919 738/2133/1917
f 788/2136/1920 736/2137/1921 737/2135/1919
f 789/2138/1922 735/2139/1923 736/2137/1921
f 790/2140/1924 734/2141/1925 735/2139/1923
f 791/2142/1926 760/2143/1927 734/2141/1925
f 792/2144/1928 759/2145/1929 760/2143/1927
f 793/2146/1930 758/1513/1931 759/1515/1929
f 793/2146/1930 757/1511/1932 758/1513/1931
f 794/2147/1933 756/1508/1934 757/1511/1932
f 795/2148/1935 755/1509/1890 756/1508/1934
f 1336/2149/1936 1337/2150/1937 1364/2151/1938
f 1056/2152/1939 1337/2150/1937 1055/2153/1940
f 1058/2154/1941 1338/2155/1942 1057/2156/1943
f 1058/2154/1941 1340/2157/1944 1339/2158/1945
f 1060/2159/1946 1340/2157/1944 1059/2160/1947
f 1060/2159/1946 1341/2161/1948 1340/2157/1944
f 1062/2162/1949 1341/2161/1948 1061/2163/1950
f 1063/2164/1951 1342/2165/1952 1062/2162/1949
f 1064/2166/1953 1344/2167/1954 1343/2168/1955
f 1066/2169/1956 1344/2167/1954 1065/2170/1957
f 1066/2169/1956 1345/2171/1958 1344/2167/1954
f 1066/2169/1956 1346/2172/1959 1345/2171/1958
f 1068/2173/1960 1346/2172/1959 1067/2174/1961
f 1068/2173/1960 1347/2175/1962 1346/2172/1959
f 1070/2176/1963 1347/2175/1962 1069/2177/1964
f 1072/2178/1965 1348/2179/1966 1071/2180/1967
f 1072/2178/1965 1350/2181/1968 1349/2182/1969
f 1074/2183/1970 1350/2181/1968 1073/2184/1971
f 1074/2183/1970 1351/2185/1972 1350/2181/1968
f 1075/2186/1973 1351/2185/1972 1074/2183/1970
f 1076/2187/1974 1352/2188/1975 1075/2186/1973
f 1076/2187/1974 1354/2189/1976 1353/2190/1977
f 1078/2191/1978 1354/2189/1976 1077/2192/1979
f 1078/2191/1978 1355/2193/1980 1354/2189/1976
f 1080/2194/1981 1355/2193/1980 1079/2195/1982
f 1080/2194/1981 1356/2196/1983 1355/2193/1980
f 1082/2197/1984 1356/2196/1983 1081/2198/1985
f 1082/2197/1984 1358/2199/1986 1357/2200/1987
f 1084/2201/1988 1358/2199/1986 1083/2202/1989
f 1085/2203/1990 1358/2199/1986 1084/2201/1988
f 1085/2203/1990 1360/2204/1991 1359/2205/1992
f 1086/2206/1993 1360/2204/1991 1085/2203/1990
f 1087/2207/1994 1360/2204/1991 1086/2206/1993
f 1088/2208/1995 1361/2209/1996 1087/2207/1994
f 1089/2210/1997 1361/2209/1996 1088/2208/1995
f 1090/2211/1998 1362/2212/1999 1089/2210/1997
f 1336/2149/1936 1363/2213/2000 1090/2211/1998
f 1396/2214/2001 1239/2215/2002 1394/2216/2003
f 1398/2217/2004 1397/2218/2005 1093/2219/2006
f 1095/2220/2007 1400/2221/2008 1399/2222/2009
f 1097/2223/2010 1400/2221/2008 1096/2224/2011
f 1402/2225/2012 1401/2226/2013 1097/2223/2010
f 1101/2227/2014 1404/2228/2015 1100/2229/2016
f 1406/2230/2017 1405/2231/2018 1101/2227/2014
f 1105/2232/2019 1408/2233/2020 1104/2234/2021
f 1410/2235/2022 1409/2236/2023 1105/2232/2019
f 1108/2237/2024 1411/2238/2025 1107/2239/2026
f 1413/2240/2027 1412/2241/2028 1108/2237/2024
f 1111/2242/2029 1414/2243/2030 1110/2244/2031
f 1111/2242/2029 1416/2245/2032 1415/2246/2033
f 1113/2247/2034 1416/2245/2032 1112/2248/2035
f 1418/2249/2036 1417/2250/2037 1113/2251/2034
f 1420/2252/2038 1419/2253/2039 1115/2254/2040
f 1422/2255/2041 1421/2256/2042 1117/2257/2043
f 1424/2258/2044 1423/2259/2045 1119/2260/2046
f 1123/2261/2047 1426/2262/2048 1122/2263/2049
f 1124/2264/2050 1427/2265/2051 1123/2261/2047
f 1125/2266/2052 1428/2267/2053 1124/2264/2050
f 1430/2268/2054 1429/2269/2055 1125/2270/2052
f 1129/2271/2056 1432/2272/2057 1128/2273/2058
f 1434/2274/2059 1433/2275/2060 1129/2271/2056
f 1436/2276/2061 1435/2277/2062 1131/2278/2063
f 1135/2279/2064 1438/2280/2065 1134/2281/2066
f 1440/2282/2067 1439/2283/2068 1135/2279/2064
f 1153/2284/2069 1145/2285/2070 1150/2286/2071
f 1140/2287/2072 1151/2288/2073 1149/2289/2074
f 1140/2287/2072 1149/2289/2074 1141/2290/2075
f 1141/2290/2075 1149/2289/2074 1142/2291/2076
f 1149/2289/2074 1150/2286/2071 1143/2292/2077
f 1143/2292/2077 1150/2286/2071 1144/2293/2078
f 1144/2293/2078 1150/2286/2071 1145/2285/2070
f 1150/2286/2071 1151/2288/2073 1146/2294/2079
f 1146/2294/2079 1151/2288/2073 1147/2295/2080
f 1147/2295/2080 1151/2288/2073 1154/2296/2081
f 1154/2296/2081 1151/2288/2073 1148/2297/2082
f 1158/2298/2083 1394/2216/2003 1155/2299/2084
f 1093/2219/2006 1158/2298/2083 1160/2300/2085
f 1162/2301/2086 1093/2219/2006 1160/2300/2085
f 1163/2302/2087 1094/2303/2088 1162/2301/2086
f 1096/2224/2011 1163/2302/2087 1165/2304/2089
f 1097/2223/2010 1165/2304/2089 1167/2305/2090
f 1169/2306/2091 1097/2223/2010 1167/2305/2090
f 1170/2307/2092 1098/2308/2093 1169/2306/2091
f 1100/2229/2016 1170/2307/2092 1172/2309/2094
f 1174/2310/2095 1100/2229/2016 1172/2309/2094
f 1176/2311/2096 1101/2227/2014 1174/2310/2095
f 1178/2312/2097 1102/2313/2098 1176/2311/2096
f 1104/2234/2021 1178/2314/2097 1180/2315/2099
f 1105/2232/2019 1180/2315/2099 1182/2316/2100
f 1106/2317/2101 1182/2316/2100 1183/2318/2102
f 1107/2239/2026 1183/2318/2102 1185/2319/2103
f 1108/2237/2024 1185/2319/2103 1187/2320/2104
f 1188/2321/2105 1108/2237/2024 1187/2320/2104
f 1190/2322/2106 1109/2323/2107 1188/2321/2105
f 1192/2324/2108 1110/2244/2031 1190/2322/2106
f 1112/2248/2035 1192/2324/2108 1194/2325/2109
f 1113/2247/2034 1194/2325/2109 1196/2326/2110
f 1114/2327/2111 1196/2328/2110 1198/2329/2112
f 1115/2254/2040 1198/2329/2112 1199/2330/2113
f 1116/2331/2114 1199/2330/2113 1201/2332/2115
f 1117/2257/2043 1201/2332/2115 1203/2333/2116
f 1204/2334/2117 1117/2257/2043 1203/2333/2116
f 1119/2260/2046 1204/2334/2117 1206/2335/2118
f 1120/2336/2119 1206/2335/2118 1208/2337/2120
f 1209/2338/2121 1120/2336/2119 1208/2337/2120
f 1122/2263/2049 1209/2338/2121 1211/2339/2122
f 1213/2340/2123 1122/2263/2049 1211/2339/2122
f 1214/2341/2124 1123/2261/2047 1213/2340/2123
f 1216/2342/2125 1124/2264/2050 1214/2341/2124
f 1126/2343/2126 1216/2344/2125 1218/2345/2127
f 1127/2346/2128 1218/2345/2127 1220/2347/2129
f 1221/2348/2130 1127/2346/2128 1220/2347/2129
f 1129/2271/2056 1221/2348/2130 1223/2349/2131
f 1130/2350/2132 1223/2349/2131 1225/2351/2133
f 1131/2278/2063 1225/2351/2133 1227/2352/2134
f 1229/2353/2135 1131/2278/2063 1227/2352/2134
f 1133/2354/2136 1229/2353/2135 1231/2355/2137
f 1134/2281/2066 1231/2355/2137 1233/2356/2138
f 1135/2279/2064 1233/2356/2138 1234/2357/2139
f 1236/2358/2140 1135/2279/2064 1234/2357/2139
f 1137/2359/2141 1236/2358/2140 1237/2360/2142
f 1091/2361/2143 1237/2360/2142 1156/2362/2144
f 1394/2363/2003 1156/2362/2144 1155/2364/2084
f 1159/2365/2145 1155/2366/2084 1157/2367/2146
f 1160/2368/2085 1159/2365/2145 1161/2369/2147
f 1161/2369/2147 1138/2370/2148 1139/2371/2149
f 1164/2372/2150 1162/2373/2086 1161/2369/2147
f 1166/2374/2151 1163/2375/2087 1164/2372/2150
f 1166/2374/2151 1139/2371/2149 1140/2287/2072
f 1167/2376/2090 1166/2374/2151 1168/2377/2152
f 1141/2290/2075 1168/2377/2152 1140/2287/2072
f 1171/2378/2153 1169/2379/2091 1168/2377/2152
f 1172/2380/2094 1171/2378/2153 1173/2381/2154
f 1173/2381/2154 1141/2290/2075 1152/2382/2155
f 1175/2383/2156 1172/2380/2094 1173/2381/2154
f 1176/2384/2096 1175/2383/2156 1177/2385/2157
f 1177/2385/2157 1152/2382/2155 1142/2291/2076
f 1178/2386/2097 1177/2385/2157 1179/2387/2158
f 1180/2388/2099 1179/2387/2158 1181/2389/2159
f 1184/2390/2160 1182/2391/2100 1181/2389/2159
f 1149/2289/2074 1181/2389/2159 1142/2291/2076
f 1185/2392/2103 1184/2390/2160 1186/2393/2161
f 1189/2394/2162 1187/2395/2104 1186/2393/2161
f 1143/2292/2077 1186/2393/2161 1149/2289/2074
f 1191/2396/2163 1188/2397/2105 1189/2394/2162
f 1193/2398/2164 1190/2399/2106 1191/2396/2163
f 1194/2400/2109 1193/2398/2164 1195/2401/2165
f 1195/2401/2165 1143/2292/2077 1144/2293/2078
f 1196/2402/2110 1195/2401/2165 1197/2403/2166
f 1200/2404/2167 1198/2405/2112 1197/2403/2166
f 1145/2285/2070 1197/2403/2166 1144/2293/2078
f 1201/2406/2115 1200/2404/2167 1202/2407/2168
f 1205/2408/2169 1203/2409/2116 1202/2407/2168
f 1153/2284/2069 1202/2407/2168 1145/2285/2070
f 1206/2410/2118 1205/2408/2169 1207/2411/2170
f 1210/2412/2171 1208/2413/2120 1207/2411/2170
f 1150/2286/2071 1207/2411/2170 1153/2284/2069
f 1211/2414/2122 1210/2412/2171 1212/2415/2172
f 1146/2294/2079 1212/2415/2172 1150/2286/2071
f 1215/2416/2173 1213/2417/2123 1212/2415/2172
f 1217/2418/2174 1214/2419/2124 1215/2416/2173
f 1218/2420/2127 1217/2418/2174 1219/2421/2175
f 1219/2421/2175 1146/2294/2079 1147/2295/2080
f 1222/2422/2176 1220/2423/2129 1219/2421/2175
f 1224/2424/2177 1221/2425/2130 1222/2422/2176
f 1226/2426/2178 1223/2427/2131 1224/2424/2177
f 1154/2296/2081 1224/2424/2177 1147/2295/2080
f 1227/2428/2134 1226/2426/2178 1228/2429/2179
f 1230/2430/2180 1227/2428/2134 1228/2429/2179
f 1231/2431/2137 1230/2430/2180 1232/2432/2181
f 1232/2432/2181 1154/2296/2081 1148/2297/2082
f 1233/2433/2138 1232/2432/2181 1148/2297/2082
f 1234/2434/2139 1148/2297/2082 1235/2435/2182
f 1235/2435/2182 1148/2297/2082 1151/2288/2073
f 1238/2436/2183 1236/2437/2140 1235/2435/2182
f 1156/2438/2144 1238/2436/2183 1157/2367/2146
f 1157/2367/2146 1151/2288/2073 1138/2370/2148
f 1055/2153/1940 1240/2439/2184 1244/2440/2185
f 1246/2441/2186 1055/2153/1940 1244/2440/2185
f 1057/2156/1943 1246/2441/2186 1248/2442/2187
f 1250/2443/2188 1057/2156/1943 1248/2442/2187
f 1058/2154/1941 1250/2443/2188 1252/2444/2189
f 1059/2160/1947 1252/2444/2189 1254/2445/2190
f 1256/2446/2191 1059/2160/1947 1254/2445/2190
f 1061/2163/1950 1256/2446/2191 1258/2447/2192
f 1260/2448/2193 1061/2163/1950 1258/2447/2192
f 1062/2162/1949 1260/2448/2193 1262/2449/2194
f 1063/2164/1951 1262/2449/2194 1264/2450/2195
f 1064/2166/1953 1264/2450/2195 1266/2451/2196
f 1065/2170/1957 1266/2451/2196 1268/2452/2197
f 1270/2453/2198 1065/2170/1957 1268/2452/2197
f 1066/2169/1956 1270/2453/2198 1272/2454/2199
f 1067/2174/1961 1272/2454/2199 1274/2455/2200
f 1276/2456/2201 1067/2174/1961 1274/2455/2200
f 1069/2177/1964 1276/2456/2201 1278/2457/2202
f 1069/2177/1964 1278/2457/2202 1280/2458/2203
f 1070/2176/1963 1280/2458/2203 1282/2459/2204
f 1071/2180/1967 1282/2459/2204 1284/2460/2205
f 1286/2461/2206 1071/2180/1967 1284/2460/2205
f 1072/2178/1965 1286/2461/2206 1288/2462/2207
f 1073/2184/1971 1288/2462/2207 1290/2463/2208
f 1292/2464/2209 1073/2184/1971 1290/2463/2208
f 1074/2183/1970 1292/2464/2209 1294/2465/2210
f 1075/2186/1973 1294/2465/2210 1296/2466/2211
f 1298/2467/2212 1075/2186/1973 1296/2466/2211
f 1300/2468/2213 1076/2187/1974 1298/2467/2212
f 1077/2192/1979 1300/2468/2213 1302/2469/2214
f 1304/2470/2215 1077/2192/1979 1302/2469/2214
f 1079/2195/1982 1304/2470/2215 1306/2471/2216
f 1308/2472/2217 1079/2195/1982 1306/2471/2216
f 1081/2198/1985 1308/2472/2217 1310/2473/2218
f 1312/2474/2219 1081/2198/1985 1310/2473/2218
f 1314/2475/2220 1082/2197/1984 1312/2474/2219
f 1083/2202/1989 1314/2475/2220 1316/2476/2221
f 1318/2477/2222 1083/2202/1989 1316/2476/2221
f 1320/2478/2223 1084/2201/1988 1318/2477/2222
f 1085/2203/1990 1320/2478/2223 1322/2479/2224
f 1086/2206/1993 1322/2479/2224 1324/2480/2225
f 1326/2481/2226 1086/2206/1993 1324/2480/2225
f 1328/2482/2227 1087/2207/1994 1326/2481/2226
f 1330/2483/2228 1088/2208/1995 1328/2482/2227
f 1332/2484/2229 1089/2210/1997 1330/2483/2228
f 1090/2211/1998 1332/2484/2229 1334/2485/2230
f 1242/2486/2231 1090/2211/1998 1334/2485/2230
f 1240/2439/2184 1336/2149/1936 1242/2486/2231
f 1244/2440/2185 1241/2487/2232 1245/2488/2233
f 1245/2489/2233 1239/2215/2002 1396/2214/2001
f 1247/2490/2234 1244/2491/2185 1245/2489/2233
f 1247/2490/2234 1396/2214/2001 1397/2218/2005
f 1248/2492/2187 1247/2490/2234 1249/2493/2235
f 1249/2493/2235 1397/2218/2005 1398/2217/2004
f 1251/2494/2236 1248/2492/2187 1249/2493/2235
f 1399/2222/2009 1249/2493/2235 1398/2217/2004
f 1253/2495/2237 1250/2496/2188 1251/2494/2236
f 1253/2495/2237 1399/2222/2009 1400/2221/2008
f 1254/2497/2190 1253/2495/2237 1255/2498/2238
f 1255/2498/2238 1400/2221/2008 1401/2226/2013
f 1256/2499/2191 1255/2498/2238 1257/2500/2239
f 1402/2225/2012 1255/2498/2238 1401/2226/2013
f 1258/2501/2192 1257/2500/2239 1259/2502/2240
f 1403/2503/2241 1257/2500/2239 1402/2225/2012
f 1260/2504/2193 1259/2502/2240 1261/2505/2242
f 1404/2228/2015 1259/2502/2240 1403/2503/2241
f 1263/2506/2243 1260/2504/2193 1261/2505/2242
f 1263/2506/2243 1404/2228/2015 1405/2231/2018
f 1265/2507/2244 1262/2508/2194 1263/2506/2243
f 1265/2507/2244 1405/2231/2018 1406/2230/2017
f 1266/2509/2196 1265/2507/2244 1267/2510/2245
f 1267/2510/2245 1406/2230/2017 1407/2511/2246
f 1268/2512/2197 1267/2513/2245 1269/2514/2247
f 1269/2514/2247 1407/2515/2246 1408/2233/2020
f 1271/2516/2248 1268/2512/2197 1269/2514/2247
f 1409/2236/2023 1269/2514/2247 1408/2233/2020
f 1272/2517/2199 1271/2516/2248 1273/2518/2249
f 1273/2518/2249 1409/2236/2023 1410/2235/2022
f 1274/2519/2200 1273/2518/2249 1275/2520/2250
f 1275/2520/2250 1410/2235/2022 1411/2238/2025
f 1276/2521/2201 1275/2520/2250 1277/2522/2251
f 1277/2522/2251 1411/2238/2025 1412/2241/2028
f 1278/2523/2202 1277/2522/2251 1279/2524/2252
f 1279/2524/2252 1412/2241/2028 1413/2240/2027
f 1280/2525/2203 1279/2524/2252 1281/2526/2253
f 1414/2243/2030 1279/2524/2252 1413/2240/2027
f 1282/2527/2204 1281/2526/2253 1283/2528/2254
f 1283/2528/2254 1414/2243/2030 1415/2246/2033
f 1284/2529/2205 1283/2528/2254 1285/2530/2255
f 1285/2530/2255 1415/2246/2033 1416/2245/2032
f 1287/2531/2256 1284/2529/2205 1285/2530/2255
f 1417/2532/2037 1285/2530/2255 1416/2245/2032
f 1288/2533/2207 1287/2534/2256 1289/2535/2257
f 1289/2535/2257 1417/2250/2037 1418/2249/2036
f 1290/2536/2208 1289/2535/2257 1291/2537/2258
f 1291/2537/2258 1418/2249/2036 1419/2253/2039
f 1293/2538/2259 1290/2536/2208 1291/2537/2258
f 1293/2538/2259 1419/2253/2039 1420/2252/2038
f 1294/2539/2210 1293/2538/2259 1295/2540/2260
f 1295/2540/2260 1420/2252/2038 1421/2256/2042
f 1296/2541/2211 1295/2540/2260 1297/2542/2261
f 1422/2255/2041 1295/2540/2260 1421/2256/2042
f 1299/2543/2262 1296/2541/2211 1297/2542/2261
f 1423/2259/2045 1297/2542/2261 1422/2255/2041
f 1300/2544/2213 1299/2543/2262 1301/2545/2263
f 1301/2545/2263 1423/2259/2045 1424/2258/2044
f 1302/2546/2214 1301/2545/2263 1303/2547/2264
f 1303/2547/2264 1424/2258/2044 1425/2548/2265
f 1305/2549/2266 1302/2546/2214 1303/2547/2264
f 1305/2549/2266 1425/2548/2265 1426/2262/2048
f 1306/2550/2216 1305/2549/2266 1307/2551/2267
f 1307/2551/2267 1426/2262/2048 1427/2265/2051
f 1309/2552/2268 1306/2550/2216 1307/2551/2267
f 1428/2267/2053 1307/2551/2267 1427/2265/2051
f 1310/2473/2218 1309/2553/2268 1311/2554/2269
f 1311/2555/2269 1428/2267/2053 1429/2556/2055
f 1312/2474/2219 1311/2554/2269 1313/2557/2270
f 1430/2268/2054 1311/2558/2269 1429/2269/2055
f 1314/2559/2220 1313/2560/2270 1315/2561/2271
f 1315/2561/2271 1430/2268/2054 1431/2562/2272
f 1316/2563/2221 1315/2561/2271 1317/2564/2273
f 1317/2564/2273 1431/2562/2272 1432/2272/2057
f 1318/2565/2222 1317/2564/2273 1319/2566/2274
f 1319/2566/2274 1432/2272/2057 1433/2275/2060
f 1321/2567/2275 1318/2565/2222 1319/2566/2274
f 1321/2567/2275 1433/2275/2060 1434/2274/2059
f 1322/2568/2224 1321/2567/2275 1323/2569/2276
f 1323/2569/2276 1434/2274/2059 1435/2277/2062
f 1324/2570/2225 1323/2569/2276 1325/2571/2277
f 1325/2571/2277 1435/2277/2062 1436/2276/2061
f 1327/2572/2278 1324/2570/2225 1325/2571/2277
f 1327/2572/2278 1436/2276/2061 1437/2573/2279
f 1328/2574/2227 1327/2572/2278 1329/2575/2280
f 1438/2280/2065 1327/2572/2278 1437/2573/2279
f 1330/2576/2228 1329/2575/2280 1331/2577/2281
f 1439/2283/2068 1329/2575/2280 1438/2280/2065
f 1332/2578/2229 1331/2577/2281 1333/2579/2282
f 1333/2579/2282 1439/2283/2068 1440/2282/2067
f 1334/2580/2230 1333/2579/2282 1335/2581/2283
f 1335/2581/2283 1440/2282/2067 1441/2582/2284
f 1243/2583/2285 1334/2580/2230 1335/2581/2283
f 1243/2583/2285 1441/2582/2284 1395/2584/2286
f 1241/2585/2232 1242/2586/2231 1243/2583/2285
f 1241/2585/2232 1395/2584/2286 1239/2587/2002
f 1342/2588/2287 1343/2589/2288 1371/2590/2289
f 1345/2591/2290 1373/2592/2291 1344/2593/2292
f 1374/2594/2293 1346/2595/2294 1375/2596/2295
f 1348/2597/2296 1376/2598/2297 1347/2599/2298
f 1348/2597/2296 1377/2600/1205 1376/2598/2297
f 1349/2601/1206 1377/2600/1205 1348/2597/2296
f 1351/2602/2299 1381/1405/1211 1380/1404/1210
f 1353/1406/1212 1381/1405/1211 1352/2603/2300
f 1357/2604/2301 1386/2605/2302 1356/2606/2303
f 1359/2607/2304 1388/2608/2305 1358/2609/2306
f 1361/1414/1220 1389/2610/2307 1360/2611/2308
f 1392/2612/2309 1363/1416/1222 706/2613/2310
f 1363/1416/1222 1392/2612/2309 1362/2614/2311
f 1093/2219/2006 1396/2214/2001 1092/2615/2312
f 1095/2220/2007 1398/2217/2004 1094/2303/2088
f 1099/2616/2313 1402/2225/2012 1098/2308/2093
f 1100/2229/2016 1403/2503/2241 1099/2616/2313
f 1103/2617/2314 1406/2230/2017 1102/2313/2098
f 1104/2234/2021 1407/2515/2246 1103/2618/2314
f 1107/2239/2026 1410/2235/2022 1106/2317/2101
f 1110/2244/2031 1413/2240/2027 1109/2323/2107
f 1115/2254/2040 1418/2249/2036 1114/2327/2111
f 1117/2257/2043 1420/2252/2038 1116/2331/2114
f 1119/2260/2046 1422/2255/2041 1118/2619/2315
f 1120/2336/2119 1425/2548/2265 1424/2258/2044
f 1122/2263/2049 1425/2548/2265 1121/2620/2316
f 1126/2343/2126 1431/2562/2272 1430/2268/2054
f 1127/2346/2128 1128/2273/2058 1431/2562/2272
f 1130/2350/2132 1131/2278/2063 1434/2274/2059
f 1133/2354/2136 1436/2276/2061 1132/2621/2317
f 1134/2281/2066 1437/2573/2279 1133/2354/2136
f 1137/2359/2141 1440/2282/2067 1136/2622/2318
f 1091/2361/2143 1441/2582/2284 1137/2359/2141
f 1394/2363/2003 1395/2584/2286 1091/2361/2143
f 1442/2623/2319 1474/2624/2320 1476/2625/2321
f 1442/2623/2319 1462/2626/2322 1443/2627/2323
f 1444/2628/2324 1463/2629/2325 1445/2630/2326
f 1446/2631/2327 1463/2629/2325 1477/2632/2328
f 1447/2633/2329 1477/2632/2328 1478/2634/2330
f 1447/2633/2329 1478/2634/2330 1479/2635/2331
f 1447/2633/2329 1479/2635/2331 1448/2636/2332
f 1449/2637/2333 1479/2635/2331 1480/2638/2334
f 1449/2637/2333 1464/2639/2335 1450/2640/2336
f 1451/2641/2337 1464/2639/2335 1481/2642/2338
f 1452/2643/2339 1481/2642/2338 1482/2644/2340
f 1453/2645/2341 1482/2644/2340 1465/2646/2342
f 1454/2647/2343 1467/2648/2344 1455/2649/2345
f 1456/2650/2346 1469/2651/2347 1457/2652/2348
f 1457/2652/2348 1469/2651/2347 1483/2653/2349
f 1457/2652/2348 1483/2653/2349 1458/2654/2350
f 1472/2655/2351 1483/2653/2349 1484/2656/2352
f 1472/2655/2351 1470/2657/2353 1473/2658/2354
f 1459/2659/2355 1471/2660/2356 1460/2661/2357
f 1460/2662/2358 930/2663/2359 929/1726/1512
f 1474/2624/2320 1460/2661/2357 1475/2664/2360
f 1365/1418/1224 1364/1417/1223 1337/2665/2361
f 1365/2666/1224 1337/2667/2361 1366/2668/2362
f 1366/2668/2362 1338/2669/2363 1367/1392/1198
f 1369/1395/1201 1340/1396/1202 1341/1397/1203
f 1372/2670/2364 1371/2590/2289 1343/2589/2288
f 1373/2592/2291 1345/2591/2290 1374/2594/2293
f 1378/1401/1207 1349/1400/1206 1379/1402/1208
f 1382/1407/1213 1353/1406/1212 1383/2671/2365
f 1384/1408/1214 1383/2671/2365 1354/1409/1215
f 1386/2605/2302 1357/2604/2301 1387/2672/2366
f 1389/2610/2307 1388/2608/2305 1359/2607/2304
f 761/1419/1225 762/1422/1228 708/1420/1226
f 762/1422/1228 763/1424/1230 709/1423/1229
f 763/1424/1230 764/1427/1233 710/1425/1231
f 765/1426/1232 711/1429/1235 710/1425/1231
f 766/1430/1236 713/1432/1238 712/1428/1234
f 767/1431/1237 714/1434/1240 713/1432/1238
f 768/1435/1241 769/1438/1244 717/1437/1243
f 769/1438/1244 770/1440/1246 718/1439/1245
f 770/1440/1246 771/1444/1250 720/1442/1248
f 773/1446/1252 722/2673/2367 721/1445/1251
f 773/1446/1252 723/1448/1254 722/2673/2367
f 773/1446/1252 774/1536/1339 724/1447/1253
f 774/1536/1339 725/2674/2368 724/1447/1253
f 774/1536/1339 775/1449/1255 725/2674/2368
f 775/1449/1255 726/1451/1257 725/2674/2368
f 775/1449/1255 776/1452/1258 727/1450/1256
f 776/1452/1258 777/1455/1261 728/1453/1259
f 778/1454/1260 729/1457/1263 728/1453/1259
f 778/1454/1260 779/1460/1266 730/1456/1262
f 779/1460/1266 731/1459/1265 730/1456/1262
f 780/1458/1264 732/1462/1268 731/1459/1265
f 781/1461/1267 733/1463/1269 732/1462/1268
f 761/1419/1225 707/1421/1227 733/1463/1269
f 708/1464/1270 735/1468/1274 734/1465/1271
f 709/1467/1273 736/2675/2369 735/1468/1274
f 709/1467/1273 737/1471/1277 736/2675/2369
f 709/1467/1273 710/1469/1275 737/1471/1277
f 710/1469/1275 711/1472/1278 738/1470/1276
f 711/1472/1278 712/1475/1281 739/1473/1279
f 713/1474/1280 740/1477/1283 739/1473/1279
f 714/1476/1282 741/2676/1285 740/1477/1283
f 715/1478/1284 742/1482/1287 741/1479/1285
f 716/1481/1286 717/1486/1291 743/1483/1288
f 717/1486/1291 744/1485/1290 743/1483/1288
f 718/1484/1289 719/1488/1293 745/1487/1292
f 719/1488/1293 720/2677/1296 746/1489/1294
f 721/1490/1295 747/1494/1298 746/1491/1294
f 721/1490/1295 722/1495/1299 748/1493/1297
f 722/1495/1299 723/1499/1303 749/1496/1300
f 723/1499/1303 750/1498/1302 749/1496/1300
f 724/1497/1301 751/1501/1305 750/1498/1302
f 725/1500/1304 752/1503/1307 751/1501/1305
f 726/1502/1306 753/2678/1309 752/1503/1307
f 727/1504/1308 754/1507/1311 753/1505/1309
f 728/1506/1310 755/1509/1313 754/1507/1311
f 728/1506/1310 729/1512/1316 756/1508/1312
f 729/1512/1316 757/1511/1315 756/1508/1312
f 730/1510/1314 731/1516/1320 758/1513/1317
f 731/1516/1320 759/1515/1319 758/1513/1317
f 732/1514/1318 760/1518/1322 759/1515/1319
f 733/1517/1321 707/2679/1272 734/1519/1271
f 762/2680/1228 1365/2666/1323 1366/2668/1324
f 763/2681/1230 1366/2668/1324 1367/1392/2370
f 1367/1392/2370 1368/1394/1325 763/2681/1230
f 764/2682/1233 1368/1394/1325 1369/1395/1326
f 1369/1395/1326 1370/1398/1327 765/2683/1232
f 1370/1398/1327 1371/2590/1328 766/2684/1236
f 1371/2590/1328 1372/2670/1329 767/2685/1237
f 768/2686/1241 1372/2687/1329 1373/2592/1330
f 1373/1527/1330 1374/2688/2371 769/1438/1244
f 769/2689/1244 1374/2594/2371 1375/2596/1331
f 770/2690/1246 1375/2596/1331 1376/2598/1332
f 1376/1529/1332 1377/1530/1333 771/1444/1250
f 1377/1530/1333 1378/1531/1334 772/1443/1249
f 1380/1404/1336 1381/1405/1337 773/2691/1252
f 1382/1407/1338 1383/2671/1340 774/2692/1339
f 1385/1539/1342 1386/1540/1343 776/1452/1258
f 1386/2605/1343 1387/2672/2372 777/2693/1261
f 777/1455/1261 1387/2694/2372 1388/1541/1344
f 778/2695/1260 1388/2608/1344 1389/2610/1345
f 1389/2610/1345 1390/1413/1346 779/2696/1266
f 1390/1413/1346 1391/1412/2373 780/2697/1264
f 780/1458/1264 1391/2698/2373 1392/1544/1347
f 781/1461/1267 1392/1544/1347 706/1545/1348
f 1393/1546/1349 1365/1520/1323 761/1419/1225
f 783/1550/1353 782/1549/1352 868/1548/1351
f 782/1549/1352 888/1593/1392 806/1547/1350
f 888/1593/1392 889/1595/1394 806/1547/1350
f 784/1552/1355 783/1550/1353 869/1551/1354
f 785/2699/1357 784/1552/1355 870/1553/1356
f 786/1557/1359 785/1554/1357 871/1556/1358
f 787/1559/1361 786/1557/1359 872/1558/1360
f 788/1561/1363 787/1559/1361 873/1560/1362
f 789/1563/1365 788/1561/1363 874/1562/1364
f 790/2700/1367 789/1563/1365 875/1564/1366
f 791/1568/1369 790/1565/1367 876/1567/1368
f 792/2701/2374 791/1568/1369 877/1569/1370
f 793/1570/1371 792/2701/2374 877/1569/1370
f 794/1572/1373 793/1570/1371 878/1571/1372
f 795/1574/1375 794/1572/1373 879/1573/1374
f 796/1576/1377 795/1574/1375 880/1575/1376
f 797/2702/2375 796/1576/1377 881/1577/1378
f 798/1578/1379 797/2703/2375 881/1579/1378
f 799/1581/1381 798/1578/1379 882/1580/1380
f 800/1583/1383 799/1581/1381 883/1582/1382
f 801/2117/2376 800/1583/1383 884/1584/1384
f 802/1585/1385 801/2117/2376 884/1584/1384
f 803/1587/1387 802/1585/1385 885/1586/1386
f 804/2704/1389 803/1587/1387 886/1588/1388
f 805/1592/1391 804/1589/1389 887/1591/1390
f 782/1549/1352 805/1592/1391 888/1593/1392
f 807/1594/1393 806/1547/1350 889/1595/1394
f 808/2705/1396 807/1594/1393 890/1596/1395
f 809/1600/1398 808/1597/1396 891/1599/1397
f 810/1602/1400 809/1600/1398 892/1601/1399
f 811/1604/1402 810/1602/1400 893/1603/1401
f 812/1606/1404 811/1604/1402 894/1605/1403
f 813/2706/1406 812/1606/1404 895/1607/1405
f 814/1611/1408 813/1608/1406 896/1610/1407
f 815/1613/1410 814/1611/1408 897/1612/1409
f 816/1615/1412 815/1613/1410 898/1614/1411
f 817/1617/1414 816/1615/1412 899/1616/1413
f 818/1619/1416 817/1617/1414 900/1618/1415
f 819/2707/1418 818/1619/1416 901/1620/1417
f 820/1624/1420 819/1621/1418 902/1623/1419
f 821/1626/1422 820/1624/1420 903/1625/1421
f 822/1628/1424 821/1626/1422 904/1627/1423
f 823/1630/1426 822/1628/1424 905/1629/1425
f 824/2708/1428 823/1630/1426 906/1631/1427
f 825/1635/1430 824/1632/1428 907/1634/1429
f 826/1637/1432 825/1635/1430 908/1636/1431
f 827/1639/1434 826/1637/1432 909/1638/1433
f 828/2709/1436 827/1639/1434 910/1640/1435
f 829/1644/1438 828/1641/1436 911/1643/1437
f 830/1646/1440 829/1644/1438 912/1645/1439
f 831/1648/1442 830/1646/1440 913/1647/1441
f 832/1650/1444 831/1648/1442 914/1649/1443
f 833/2710/1446 832/1650/1444 915/1651/1445
f 834/1655/1448 833/1652/1446 916/1654/1447
f 835/1657/1450 834/1655/1448 917/1656/1449
f 836/1659/1452 835/1657/1450 918/1658/1451
f 837/1661/1454 836/1659/1452 919/1660/1453
f 838/1663/1456 837/1661/1454 920/1662/1455
f 839/2711/1458 838/1663/1456 921/1664/1457
f 840/1668/1460 839/1665/1458 922/1667/1459
f 841/1670/1462 840/1668/1460 923/1669/1461
f 842/1672/1464 841/1670/1462 924/1671/1463
f 843/1674/1466 842/1672/1464 925/1673/1465
f 844/2712/1468 843/1674/1466 926/1675/1467
f 845/1679/1470 844/1676/1468 927/1678/1469
f 1461/1682/1473 846/2713/2377 928/1680/1471
f 846/2713/2377 845/1679/1470 928/1680/1471
f 928/1729/2378 867/1729/2378 930/1729/2378
f 847/1683/1474 846/2713/2377 1461/1682/1473
f 848/1685/1476 847/1683/1474 1442/1684/1475
f 849/1690/1479 848/1687/1476 1444/1689/1478
f 850/1692/1481 849/1690/1479 1445/1691/1480
f 851/1694/1483 850/1692/1481 1446/1693/1482
f 852/1696/1485 851/1694/1483 1447/1695/1484
f 853/1698/1487 852/1696/1485 1448/1697/1486
f 854/1700/1489 853/2714/1487 1449/1701/1488
f 855/1703/1491 854/1700/1489 1450/1702/1490
f 856/1705/1493 855/1703/1491 1451/1704/1492
f 857/1707/1495 856/1705/1493 1452/1706/1494
f 858/1709/1497 857/1707/1495 1453/1708/1496
f 859/1711/1499 858/1709/1497 1454/1710/1498
f 860/1713/1501 859/2715/1499 1455/1714/1500
f 861/1716/1503 860/1713/1501 1456/1715/1502
f 862/1718/1505 861/1716/1503 1457/1717/1504
f 863/1721/1508 862/1718/1505 1472/1720/1507
f 864/2716/2379 863/1721/1508 1473/1722/1509
f 865/2717/1510 864/2718/2379 1473/2719/1509
f 929/1729/1515 866/1729/1514 865/1729/1513
f 930/1729/1513 867/1729/1513 866/1729/1513
f 994/1730/1516 995/2720/1519 992/1731/1517
f 995/1733/1519 996/1736/1521 991/1734/1520
f 996/1736/1521 997/1738/1523 990/1737/1522
f 997/1738/1523 998/1740/1525 989/1739/1524
f 998/1740/1525 999/1742/1527 988/1741/1526
f 999/1742/1527 1000/2721/1529 987/1743/1528
f 1000/1744/1529 1001/1747/1531 986/1745/1530
f 1001/1747/1531 1002/1749/1533 985/1748/1532
f 1002/1749/1533 1003/1751/1535 984/1750/1534
f 1003/1751/1535 1004/1753/1537 983/1752/1536
f 1004/1753/1537 1005/1755/1539 982/1754/1538
f 1005/1755/1539 1006/1757/1541 981/1756/1540
f 1006/1757/1541 1007/2722/1543 980/1758/1542
f 1007/1759/1543 1008/1763/1546 978/1762/1545
f 1008/1763/1546 1009/1765/1548 977/1764/1547
f 1009/1765/1548 1010/1767/1550 976/1766/1549
f 1010/1767/1550 1011/1769/1552 975/1768/1551
f 1011/1769/1552 1012/2723/1554 974/1770/1553
f 1012/1771/1554 1013/1774/1556 973/1772/1555
f 1013/1774/1556 1014/1776/1558 972/1775/1557
f 1014/1776/1558 1015/1778/1560 971/1777/1559
f 1015/2724/1560 1016/1780/1562 970/1782/1561
f 1016/1780/1562 1017/1783/1564 969/1781/1563
f 1017/1783/1564 1018/1785/1566 968/1784/1565
f 1018/1785/1566 1019/1787/1568 967/1786/1567
f 1019/1787/1568 1020/1789/1570 966/1788/1569
f 1020/1789/1570 1021/2725/1572 965/1790/1571
f 1021/1791/1572 1022/1794/1574 964/1792/1573
f 1022/1794/1574 1023/1796/1576 963/1795/1575
f 1023/1796/1576 1024/1798/1578 962/1797/1577
f 1024/1798/1578 1025/1800/1580 961/1799/1579
f 1025/1800/1580 1026/1802/1582 960/1801/1581
f 1026/1802/1582 1027/2726/1584 959/1803/1583
f 1027/1804/1584 1028/1807/1586 958/1805/1585
f 1028/1807/1586 1029/1809/1588 957/1808/1587
f 1029/1809/1588 1030/1811/1590 956/1810/1589
f 1030/1811/1590 1031/1813/1592 955/1812/1591
f 1031/1813/1592 1032/2727/1594 954/1814/1593
f 1032/1815/1594 1033/1818/1596 953/1816/1595
f 1033/1818/1596 1034/1820/1598 952/1819/1597
f 1034/1820/1598 1035/1822/1600 951/1821/1599
f 1035/2728/1600 1036/1824/1602 950/1826/1601
f 1036/1824/1602 1037/1827/1604 949/1825/1603
f 1037/1827/1604 1038/1829/1606 948/1828/1605
f 1038/1829/1606 1039/1831/1608 947/1830/1607
f 1039/1831/1608 1040/1833/1610 946/1832/1609
f 1040/1833/1610 1041/2729/2380 945/1834/1611
f 1041/2729/2380 1042/2730/1612 945/1834/1611
f 1042/1835/1612 1043/1838/1614 944/1836/1613
f 1043/1838/1614 1044/1840/1616 943/1839/1615
f 1044/1840/1616 1045/1842/1618 942/1841/1617
f 1045/1842/1618 1046/1844/1620 941/1843/1619
f 1046/1844/1620 1047/1846/1622 940/1845/1621
f 1047/1846/1622 1048/1848/1624 939/1847/1623
f 1048/1848/1624 1049/2731/1626 938/1849/1625
f 1049/1850/1626 1050/1853/1628 937/1851/1627
f 1050/1853/1628 1051/1855/1630 936/1854/1629
f 1051/1855/1630 1052/1857/1632 935/1856/1631
f 1052/1857/1632 1053/1859/1634 934/1858/1633
f 1053/1859/1634 1054/530/1636 933/1860/1635
f 1054/1861/1636 931/1867/2381 932/1862/1637
f 931/1867/1641 868/1548/2382 806/1547/1642
f 932/1868/1644 806/2732/2383 807/1869/1645
f 933/1870/1646 807/1869/1645 808/1871/1647
f 934/1872/1648 808/1871/1647 809/1873/1649
f 935/1874/1650 809/1873/1649 810/1875/1651
f 936/1876/1652 810/1875/1651 811/1877/1653
f 937/1878/1654 811/1877/1653 812/1879/1655
f 938/1880/1656 812/1879/1655 813/1881/1657
f 939/1882/1658 813/1881/1657 814/1883/1659
f 940/1884/1660 814/1883/1659 815/1885/1661
f 941/1886/1662 815/1885/1661 816/1887/1663
f 942/1888/1664 816/1887/1663 817/1889/1665
f 943/1890/1666 817/1889/1665 818/1891/1667
f 944/1892/1668 818/1891/1667 819/1893/1669
f 945/1894/1670 819/1893/1669 820/1895/1671
f 946/1896/1672 820/1895/1671 821/1897/1673
f 947/1898/1674 821/1897/1673 822/1899/1675
f 948/1900/1676 822/1899/1675 823/1901/1677
f 949/1902/1678 823/1901/1677 824/1903/1679
f 950/1904/1680 824/1903/1679 825/1905/1681
f 951/1906/1682 825/1905/1681 826/1907/1683
f 952/1908/1684 826/1907/1683 827/1909/1685
f 953/1910/1686 827/1909/1685 828/1911/1687
f 954/1912/1688 828/1911/1687 829/1913/1689
f 955/1914/1690 829/1913/1689 830/1915/1691
f 956/1916/1692 830/1915/1691 831/1917/1693
f 957/1918/1694 831/1917/1693 832/1919/1695
f 958/1920/1696 832/1919/1695 833/1921/1697
f 959/1922/1698 833/1921/1697 834/1923/1699
f 960/1924/1700 834/1923/1699 835/1925/1701
f 961/1926/1702 835/1925/1701 836/1927/1703
f 962/1928/1704 836/1927/1703 837/1929/1705
f 963/1930/1706 837/1929/1705 838/1931/1707
f 964/1932/1708 838/1931/1707 839/1933/1709
f 965/1934/1710 839/1933/1709 840/1935/1711
f 966/1936/1712 840/1935/1711 841/1937/1713
f 967/1938/1714 841/1937/1713 842/1939/1715
f 968/1940/1716 842/1939/1715 843/1941/1717
f 969/1942/1718 843/1941/1717 844/1943/1719
f 970/1944/1720 844/1943/1719 845/1945/1721
f 971/1946/1722 845/1945/1721 846/1947/1723
f 972/1948/1724 846/1947/1723 847/1949/1725
f 973/1950/1726 847/1949/1725 848/1951/1727
f 974/1952/1728 848/1951/1727 849/1953/1729
f 975/1954/1730 849/1953/1729 850/1955/1731
f 976/1956/1732 850/1955/1731 851/1957/1733
f 977/1958/1734 851/1957/1733 852/1959/1735
f 979/1961/1737 852/1959/1735 853/1962/1738
f 981/1964/1740 853/1962/1738 854/1965/1741
f 982/1966/1742 854/1965/1741 855/1967/1743
f 983/1968/1744 855/1967/1743 856/1969/1745
f 984/1970/1746 856/1969/1745 857/1971/1747
f 985/1972/1748 857/1971/1747 858/1973/1749
f 986/1974/1750 858/1973/1749 859/1975/1751
f 987/1976/1752 859/1975/1751 860/1977/1753
f 988/1978/1754 860/1977/1753 861/1979/1755
f 989/1980/1756 861/1979/1755 862/1981/1757
f 990/1982/1758 862/1981/1757 863/1983/1759
f 991/1984/1760 863/1983/1759 864/1985/1761
f 992/1986/1762 864/1985/1761 865/2733/2384
f 992/1986/1762 865/2733/2384 866/1987/1763
f 993/1732/1766 867/2734/2385 928/1990/1767
f 994/1991/1769 928/2735/2386 927/1992/1770
f 995/1993/1771 927/1992/1770 926/1994/1772
f 996/1995/1773 926/1994/1772 925/1996/1774
f 997/1997/1775 925/1996/1774 924/1998/1776
f 998/1999/1777 924/1998/1776 923/2000/1778
f 999/2001/1779 923/2000/1778 922/2002/1780
f 1000/2003/1781 922/2002/1780 921/2004/1782
f 1001/2005/1783 921/2004/1782 920/2006/1784
f 1002/2007/1785 920/2006/1784 919/2008/1786
f 1003/2009/1787 919/2008/1786 918/2010/1788
f 1004/2011/1789 918/2010/1788 917/2012/1790
f 1005/2013/1791 917/2012/1790 916/2014/1792
f 1006/2015/1793 916/2014/1792 915/2016/1794
f 1007/2017/1795 915/2016/1794 914/2018/1796
f 1008/2019/1797 914/2018/1796 913/2020/1798
f 1009/2021/1799 913/2020/1798 912/2022/1800
f 1010/2023/1801 912/2022/1800 911/2024/1802
f 1011/2025/1803 911/2024/1802 910/2026/1804
f 1012/2027/1805 910/2026/1804 909/2028/1806
f 1013/2029/1807 909/2028/1806 908/2030/1808
f 1014/2031/1809 908/2030/1808 907/2032/1810
f 1015/2033/1811 907/2032/1810 906/2034/1812
f 1016/2035/1813 906/2034/1812 905/2036/1814
f 1017/2037/1815 905/2036/1814 904/2038/1816
f 1018/2039/1817 904/2038/1816 903/2040/1818
f 1019/2041/1819 903/2040/1818 902/2042/1820
f 1020/2043/1821 902/2042/1820 901/2044/1822
f 1021/2045/1823 901/2044/1822 900/2046/1824
f 1022/2047/1825 900/2046/1824 899/2048/1826
f 1023/2049/1827 899/2048/1826 898/2050/1828
f 1024/2051/1829 898/2050/1828 897/2052/1830
f 1025/2053/1831 897/2052/1830 896/2054/1832
f 1026/2055/1833 896/2054/1832 895/2056/1834
f 1027/2057/1835 895/2056/1834 894/2058/1836
f 1028/2059/1837 894/2058/1836 893/2060/1838
f 1029/2061/1839 893/2060/1838 892/2062/1840
f 1030/2063/1841 892/2062/1840 891/2064/1842
f 1031/2065/1843 891/2064/1842 890/2066/1844
f 1032/2067/1845 890/2066/1844 889/2068/1846
f 1033/2069/1847 889/2068/1846 888/2070/1848
f 1034/2071/1849 888/2070/1848 887/2072/1850
f 1035/2073/1851 887/2072/1850 886/2074/1852
f 1036/2075/1853 886/2074/1852 885/2076/1854
f 1037/2077/1855 885/2076/1854 884/2078/1856
f 1038/2079/1857 884/2078/1856 883/2080/1858
f 1039/2081/1859 883/2080/1858 882/2082/1860
f 1041/2084/1862 882/2082/1860 881/2085/1863
f 1043/2087/1865 881/2085/1863 880/2088/1866
f 1044/2089/1867 880/2088/1866 879/2090/1868
f 1045/2091/1869 879/2090/1868 878/2092/1870
f 1046/2093/1871 878/2092/1870 877/2094/1872
f 1047/2095/1873 877/2094/1872 876/2096/1874
f 1048/2097/1875 876/2096/1874 875/2098/1876
f 1049/2099/1877 875/2098/1876 874/2100/1878
f 1050/2101/1879 874/2100/1878 873/2102/1880
f 1051/2103/1881 873/2102/1880 872/2104/1882
f 1052/2105/1883 872/2104/1882 871/2106/1884
f 1053/2107/1885 871/2106/1884 870/2108/1886
f 1054/2109/1887 870/2108/1886 869/1865/1639
f 795/2736/1935 796/2737/1888 755/2738/1890
f 796/2739/1888 797/2111/1891 754/2113/1889
f 797/2111/1891 798/2114/1893 753/2112/1892
f 798/2114/1893 799/2740/2387 751/2116/1895
f 799/2740/2387 800/2741/1896 751/2116/1895
f 800/2742/1896 801/223/1898 750/2743/1897
f 801/2117/1898 802/1585/1900 749/1496/1899
f 802/2744/1900 803/2118/1903 747/2120/1902
f 803/2118/1903 804/2745/2388 746/2119/1904
f 804/2745/2388 805/2121/1905 746/2119/1904
f 805/2121/1905 782/2746/2389 744/2123/1907
f 782/2746/2389 783/2124/1908 744/2123/1907
f 783/2124/1908 784/2127/1911 742/2126/1910
f 784/2127/1911 785/2129/1913 741/2128/1912
f 785/2129/1913 786/2131/1915 740/2130/1914
f 786/2131/1915 787/2134/1918 738/2133/1917
f 787/2134/1918 788/2136/1920 737/2135/1919
f 788/2136/1920 789/2138/1922 736/2137/1921
f 789/2138/1922 790/2140/1924 735/2139/1923
f 790/2140/1924 791/2142/1926 734/2141/1925
f 791/2142/1926 792/2144/1928 760/2143/1927
f 792/2144/1928 793/2747/1930 759/2145/1929
f 793/1320/1930 794/2748/1933 757/2749/1932
f 794/2750/1933 795/2751/1935 756/2752/1934
f 1336/2149/1936 1055/2153/1940 1337/2150/1937
f 1056/2152/1939 1338/2155/1942 1337/2150/1937
f 1056/2152/1939 1057/2156/1943 1338/2155/1942
f 1058/2154/1941 1339/2158/1945 1338/2155/1942
f 1058/2154/1941 1059/2160/1947 1340/2157/1944
f 1060/2159/1946 1061/2163/1950 1341/2161/1948
f 1062/2162/1949 1342/2165/1952 1341/2161/1948
f 1063/2164/1951 1343/2168/1955 1342/2165/1952
f 1063/2164/1951 1064/2166/1953 1343/2168/1955
f 1064/2166/1953 1065/2170/1957 1344/2167/1954
f 1066/2169/1956 1067/2174/1961 1346/2172/1959
f 1068/2173/1960 1069/2177/1964 1347/2175/1962
f 1070/2176/1963 1348/2179/1966 1347/2175/1962
f 1070/2176/1963 1071/2180/1967 1348/2179/1966
f 1072/2178/1965 1349/2182/1969 1348/2179/1966
f 1072/2178/1965 1073/2184/1971 1350/2181/1968
f 1075/2186/1973 1352/2188/1975 1351/2185/1972
f 1076/2187/1974 1353/2190/1977 1352/2188/1975
f 1076/2187/1974 1077/2192/1979 1354/2189/1976
f 1078/2191/1978 1079/2195/1982 1355/2193/1980
f 1080/2194/1981 1081/2198/1985 1356/2196/1983
f 1082/2197/1984 1357/2200/1987 1356/2196/1983
f 1082/2197/1984 1083/2202/1989 1358/2199/1986
f 1085/2203/1990 1359/2205/1992 1358/2199/1986
f 1087/2207/1994 1361/2209/1996 1360/2204/1991
f 1089/2210/1997 1362/2212/1999 1361/2209/1996
f 1090/2211/1998 1363/2213/2000 1362/2212/1999
f 1336/2149/1936 1364/2151/1938 1363/2213/2000
f 1093/2219/2006 1397/2218/2005 1396/2214/2001
f 1095/2220/2007 1399/2222/2009 1398/2217/2004
f 1095/2220/2007 1096/2224/2011 1400/2221/2008
f 1097/2223/2010 1401/2226/2013 1400/2221/2008
f 1403/2503/2241 1100/2229/2016 1404/2228/2015
f 1101/2227/2014 1405/2231/2018 1404/2228/2015
f 1104/2234/2021 1408/2233/2020 1407/2515/2246
f 1105/2232/2019 1409/2236/2023 1408/2233/2020
f 1107/2239/2026 1411/2238/2025 1410/2235/2022
f 1108/2237/2024 1412/2241/2028 1411/2238/2025
f 1110/2244/2031 1414/2243/2030 1413/2240/2027
f 1111/2242/2029 1415/2246/2033 1414/2243/2030
f 1111/2242/2029 1112/2248/2035 1416/2245/2032
f 1113/2247/2034 1417/2532/2037 1416/2245/2032
f 1115/2254/2040 1419/2253/2039 1418/2249/2036
f 1117/2257/2043 1421/2256/2042 1420/2252/2038
f 1119/2260/2046 1423/2259/2045 1422/2255/2041
f 1122/2263/2049 1426/2262/2048 1425/2548/2265
f 1123/2261/2047 1427/2265/2051 1426/2262/2048
f 1124/2264/2050 1428/2267/2053 1427/2265/2051
f 1125/2266/2052 1429/2556/2055 1428/2267/2053
f 1128/2273/2058 1432/2272/2057 1431/2562/2272
f 1129/2271/2056 1433/2275/2060 1432/2272/2057
f 1434/2274/2059 1131/2278/2063 1435/2277/2062
f 1134/2281/2066 1438/2280/2065 1437/2573/2279
f 1135/2279/2064 1439/2283/2068 1438/2280/2065
f 1394/2363/2003 1239/2587/2002 1395/2584/2286
f 1152/2382/2155 1141/2290/2075 1142/2291/2076
f 1139/2371/2149 1138/2370/2148 1151/2288/2073
f 1140/2287/2072 1139/2371/2149 1151/2288/2073
f 1150/2286/2071 1149/2289/2074 1151/2288/2073
f 1158/2298/2083 1092/2615/2312 1394/2216/2003
f 1093/2219/2006 1092/2615/2312 1158/2298/2083
f 1162/2301/2086 1094/2303/2088 1093/2219/2006
f 1163/2302/2087 1095/2220/2007 1094/2303/2088
f 1096/2224/2011 1095/2220/2007 1163/2302/2087
f 1097/2223/2010 1096/2224/2011 1165/2304/2089
f 1169/2306/2091 1098/2308/2093 1097/2223/2010
f 1170/2307/2092 1099/2616/2313 1098/2308/2093
f 1100/2229/2016 1099/2616/2313 1170/2307/2092
f 1174/2310/2095 1101/2227/2014 1100/2229/2016
f 1176/2311/2096 1102/2313/2098 1101/2227/2014
f 1178/2312/2097 1103/2617/2314 1102/2313/2098
f 1104/2234/2021 1103/2618/2314 1178/2314/2097
f 1105/2232/2019 1104/2234/2021 1180/2315/2099
f 1106/2317/2101 1105/2232/2019 1182/2316/2100
f 1107/2239/2026 1106/2317/2101 1183/2318/2102
f 1108/2237/2024 1107/2239/2026 1185/2319/2103
f 1188/2321/2105 1109/2323/2107 1108/2237/2024
f 1190/2322/2106 1110/2244/2031 1109/2323/2107
f 1192/2324/2108 1111/2242/2029 1110/2244/2031
f 1112/2248/2035 1111/2242/2029 1192/2324/2108
f 1113/2247/2034 1112/2248/2035 1194/2325/2109
f 1114/2327/2111 1113/2251/2034 1196/2328/2110
f 1115/2254/2040 1114/2327/2111 1198/2329/2112
f 1116/2331/2114 1115/2254/2040 1199/2330/2113
f 1117/2257/2043 1116/2331/2114 1201/2332/2115
f 1204/2334/2117 1118/2619/2315 1117/2257/2043
f 1119/2260/2046 1118/2619/2315 1204/2334/2117
f 1120/2336/2119 1119/2260/2046 1206/2335/2118
f 1209/2338/2121 1121/2620/2316 1120/2336/2119
f 1122/2263/2049 1121/2620/2316 1209/2338/2121
f 1213/2340/2123 1123/2261/2047 1122/2263/2049
f 1214/2341/2124 1124/2264/2050 1123/2261/2047
f 1216/2342/2125 1125/2266/2052 1124/2264/2050
f 1126/2343/2126 1125/2270/2052 1216/2344/2125
f 1127/2346/2128 1126/2343/2126 1218/2345/2127
f 1221/2348/2130 1128/2273/2058 1127/2346/2128
f 1129/2271/2056 1128/2273/2058 1221/2348/2130
f 1130/2350/2132 1129/2271/2056 1223/2349/2131
f 1131/2278/2063 1130/2350/2132 1225/2351/2133
f 1229/2353/2135 1132/2621/2317 1131/2278/2063
f 1133/2354/2136 1132/2621/2317 1229/2353/2135
f 1134/2281/2066 1133/2354/2136 1231/2355/2137
f 1135/2279/2064 1134/2281/2066 1233/2356/2138
f 1236/2358/2140 1136/2622/2318 1135/2279/2064
f 1137/2359/2141 1136/2622/2318 1236/2358/2140
f 1091/2361/2143 1137/2359/2141 1237/2360/2142
f 1394/2363/2003 1091/2361/2143 1156/2362/2144
f 1159/2365/2145 1158/2753/2083 1155/2366/2084
f 1138/2370/2148 1159/2365/2145 1157/2367/2146
f 1160/2368/2085 1158/2753/2083 1159/2365/2145
f 1161/2369/2147 1159/2365/2145 1138/2370/2148
f 1161/2369/2147 1162/2373/2086 1160/2368/2085
f 1164/2372/2150 1163/2375/2087 1162/2373/2086
f 1139/2371/2149 1164/2372/2150 1161/2369/2147
f 1166/2374/2151 1165/2754/2089 1163/2375/2087
f 1166/2374/2151 1164/2372/2150 1139/2371/2149
f 1167/2376/2090 1165/2754/2089 1166/2374/2151
f 1168/2377/2152 1166/2374/2151 1140/2287/2072
f 1169/2306/2091 1167/2305/2090 1168/2755/2152
f 1171/2756/2153 1170/2307/2092 1169/2306/2091
f 1141/2290/2075 1171/2378/2153 1168/2377/2152
f 1172/2380/2094 1170/2757/2092 1171/2378/2153
f 1173/2381/2154 1171/2378/2153 1141/2290/2075
f 1175/2383/2156 1174/2758/2095 1172/2380/2094
f 1152/2382/2155 1175/2383/2156 1173/2381/2154
f 1176/2384/2096 1174/2758/2095 1175/2383/2156
f 1177/2385/2157 1175/2383/2156 1152/2382/2155
f 1178/2386/2097 1176/2384/2096 1177/2385/2157
f 1179/2387/2158 1177/2385/2157 1142/2291/2076
f 1180/2388/2099 1178/2386/2097 1179/2387/2158
f 1181/2389/2159 1179/2387/2158 1142/2291/2076
f 1182/2391/2100 1180/2388/2099 1181/2389/2159
f 1184/2390/2160 1183/2759/2102 1182/2391/2100
f 1149/2289/2074 1184/2390/2160 1181/2389/2159
f 1185/2392/2103 1183/2759/2102 1184/2390/2160
f 1186/2393/2161 1184/2390/2160 1149/2289/2074
f 1186/2760/2161 1187/2320/2104 1185/2319/2103
f 1189/2394/2162 1188/2397/2105 1187/2395/2104
f 1143/2292/2077 1189/2394/2162 1186/2393/2161
f 1191/2396/2163 1190/2399/2106 1188/2397/2105
f 1191/2396/2163 1189/2394/2162 1143/2292/2077
f 1193/2398/2164 1192/2761/2108 1190/2399/2106
f 1143/2292/2077 1193/2398/2164 1191/2396/2163
f 1194/2400/2109 1192/2761/2108 1193/2398/2164
f 1195/2401/2165 1193/2398/2164 1143/2292/2077
f 1196/2402/2110 1194/2400/2109 1195/2401/2165
f 1197/2403/2166 1195/2401/2165 1144/2293/2078
f 1197/2403/2166 1198/2405/2112 1196/2402/2110
f 1200/2404/2167 1199/2762/2113 1198/2405/2112
f 1145/2285/2070 1200/2404/2167 1197/2403/2166
f 1201/2406/2115 1199/2762/2113 1200/2404/2167
f 1202/2407/2168 1200/2404/2167 1145/2285/2070
f 1203/2333/2116 1201/2332/2115 1202/2763/2168
f 1205/2408/2169 1204/2764/2117 1203/2409/2116
f 1153/2284/2069 1205/2408/2169 1202/2407/2168
f 1206/2410/2118 1204/2764/2117 1205/2408/2169
f 1207/2411/2170 1205/2408/2169 1153/2284/2069
f 1207/2765/2170 1208/2337/2120 1206/2335/2118
f 1210/2412/2171 1209/2766/2121 1208/2413/2120
f 1150/2286/2071 1210/2412/2171 1207/2411/2170
f 1211/2414/2122 1209/2766/2121 1210/2412/2171
f 1212/2415/2172 1210/2412/2171 1150/2286/2071
f 1212/2415/2172 1213/2417/2123 1211/2414/2122
f 1215/2416/2173 1214/2419/2124 1213/2417/2123
f 1215/2416/2173 1212/2415/2172 1146/2294/2079
f 1217/2418/2174 1216/2767/2125 1214/2419/2124
f 1146/2294/2079 1217/2418/2174 1215/2416/2173
f 1218/2420/2127 1216/2767/2125 1217/2418/2174
f 1219/2421/2175 1217/2418/2174 1146/2294/2079
f 1220/2423/2129 1218/2420/2127 1219/2421/2175
f 1222/2422/2176 1221/2425/2130 1220/2423/2129
f 1147/2295/2080 1222/2422/2176 1219/2421/2175
f 1224/2424/2177 1223/2427/2131 1221/2425/2130
f 1147/2295/2080 1224/2424/2177 1222/2422/2176
f 1226/2426/2178 1225/2768/2133 1223/2427/2131
f 1154/2296/2081 1226/2426/2178 1224/2424/2177
f 1227/2428/2134 1225/2768/2133 1226/2426/2178
f 1228/2429/2179 1226/2426/2178 1154/2296/2081
f 1230/2430/2180 1229/2769/2135 1227/2428/2134
f 1154/2296/2081 1230/2430/2180 1228/2429/2179
f 1231/2431/2137 1229/2769/2135 1230/2430/2180
f 1232/2432/2181 1230/2430/2180 1154/2296/2081
f 1233/2433/2138 1231/2431/2137 1232/2432/2181
f 1234/2434/2139 1233/2433/2138 1148/2297/2082
f 1236/2358/2140 1234/2357/2139 1235/2770/2182
f 1238/2436/2183 1237/2771/2142 1236/2437/2140
f 1151/2288/2073 1238/2436/2183 1235/2435/2182
f 1156/2438/2144 1237/2771/2142 1238/2436/2183
f 1157/2367/2146 1238/2436/2183 1151/2288/2073
f 1155/2366/2084 1156/2438/2144 1157/2367/2146
f 1055/2153/1940 1336/2149/1936 1240/2439/2184
f 1246/2441/2186 1056/2152/1939 1055/2153/1940
f 1057/2156/1943 1056/2152/1939 1246/2441/2186
f 1250/2443/2188 1058/2154/1941 1057/2156/1943
f 1059/2160/1947 1058/2154/1941 1252/2444/2189
f 1256/2446/2191 1060/2159/1946 1059/2160/1947
f 1061/2163/1950 1060/2159/1946 1256/2446/2191
f 1260/2448/2193 1062/2162/1949 1061/2163/1950
f 1063/2164/1951 1062/2162/1949 1262/2449/2194
f 1064/2166/1953 1063/2164/1951 1264/2450/2195
f 1065/2170/1957 1064/2166/1953 1266/2451/2196
f 1270/2453/2198 1066/2169/1956 1065/2170/1957
f 1067/2174/1961 1066/2169/1956 1272/2454/2199
f 1276/2456/2201 1068/2173/1960 1067/2174/1961
f 1069/2177/1964 1068/2173/1960 1276/2456/2201
f 1070/2176/1963 1069/2177/1964 1280/2458/2203
f 1071/2180/1967 1070/2176/1963 1282/2459/2204
f 1286/2461/2206 1072/2178/1965 1071/2180/1967
f 1073/2184/1971 1072/2178/1965 1288/2462/2207
f 1292/2464/2209 1074/2183/1970 1073/2184/1971
f 1075/2186/1973 1074/2183/1970 1294/2465/2210
f 1298/2467/2212 1076/2187/1974 1075/2186/1973
f 1077/2192/1979 1076/2187/1974 1300/2468/2213
f 1304/2470/2215 1078/2191/1978 1077/2192/1979
f 1079/2195/1982 1078/2191/1978 1304/2470/2215
f 1308/2472/2217 1080/2194/1981 1079/2195/1982
f 1081/2198/1985 1080/2194/1981 1308/2472/2217
f 1312/2474/2219 1082/2197/1984 1081/2198/1985
f 1083/2202/1989 1082/2197/1984 1314/2475/2220
f 1318/2477/2222 1084/2201/1988 1083/2202/1989
f 1320/2478/2223 1085/2203/1990 1084/2201/1988
f 1086/2206/1993 1085/2203/1990 1322/2479/2224
f 1326/2481/2226 1087/2207/1994 1086/2206/1993
f 1328/2482/2227 1088/2208/1995 1087/2207/1994
f 1330/2483/2228 1089/2210/1997 1088/2208/1995
f 1090/2211/1998 1089/2210/1997 1332/2484/2229
f 1242/2486/2231 1336/2149/1936 1090/2211/1998
f 1244/2440/2185 1240/2439/2184 1241/2487/2232
f 1245/2489/2233 1241/2772/2232 1239/2215/2002
f 1247/2490/2234 1246/2773/2186 1244/2491/2185
f 1247/2490/2234 1245/2489/2233 1396/2214/2001
f 1248/2492/2187 1246/2773/2186 1247/2490/2234
f 1249/2493/2235 1247/2490/2234 1397/2218/2005
f 1251/2494/2236 1250/2496/2188 1248/2492/2187
f 1399/2222/2009 1251/2494/2236 1249/2493/2235
f 1253/2495/2237 1252/2774/2189 1250/2496/2188
f 1253/2495/2237 1251/2494/2236 1399/2222/2009
f 1254/2497/2190 1252/2774/2189 1253/2495/2237
f 1255/2498/2238 1253/2495/2237 1400/2221/2008
f 1256/2499/2191 1254/2497/2190 1255/2498/2238
f 1402/2225/2012 1257/2500/2239 1255/2498/2238
f 1258/2501/2192 1256/2499/2191 1257/2500/2239
f 1403/2503/2241 1259/2502/2240 1257/2500/2239
f 1260/2504/2193 1258/2501/2192 1259/2502/2240
f 1404/2228/2015 1261/2505/2242 1259/2502/2240
f 1263/2506/2243 1262/2508/2194 1260/2504/2193
f 1263/2506/2243 1261/2505/2242 1404/2228/2015
f 1265/2507/2244 1264/2775/2195 1262/2508/2194
f 1265/2507/2244 1263/2506/2243 1405/2231/2018
f 1266/2509/2196 1264/2775/2195 1265/2507/2244
f 1267/2510/2245 1265/2507/2244 1406/2230/2017
f 1268/2512/2197 1266/2776/2196 1267/2513/2245
f 1269/2514/2247 1267/2513/2245 1407/2515/2246
f 1271/2516/2248 1270/2777/2198 1268/2512/2197
f 1409/2236/2023 1271/2516/2248 1269/2514/2247
f 1272/2517/2199 1270/2777/2198 1271/2516/2248
f 1273/2518/2249 1271/2516/2248 1409/2236/2023
f 1274/2519/2200 1272/2517/2199 1273/2518/2249
f 1275/2520/2250 1273/2518/2249 1410/2235/2022
f 1276/2521/2201 1274/2519/2200 1275/2520/2250
f 1277/2522/2251 1275/2520/2250 1411/2238/2025
f 1278/2523/2202 1276/2521/2201 1277/2522/2251
f 1279/2524/2252 1277/2522/2251 1412/2241/2028
f 1280/2525/2203 1278/2523/2202 1279/2524/2252
f 1414/2243/2030 1281/2526/2253 1279/2524/2252
f 1282/2527/2204 1280/2525/2203 1281/2526/2253
f 1283/2528/2254 1281/2526/2253 1414/2243/2030
f 1284/2529/2205 1282/2527/2204 1283/2528/2254
f 1285/2530/2255 1283/2528/2254 1415/2246/2033
f 1287/2531/2256 1286/2778/2206 1284/2529/2205
f 1417/2532/2037 1287/2531/2256 1285/2530/2255
f 1288/2533/2207 1286/2779/2206 1287/2534/2256
f 1289/2535/2257 1287/2534/2256 1417/2250/2037
f 1290/2536/2208 1288/2533/2207 1289/2535/2257
f 1291/2537/2258 1289/2535/2257 1418/2249/2036
f 1293/2538/2259 1292/2780/2209 1290/2536/2208
f 1293/2538/2259 1291/2537/2258 1419/2253/2039
f 1294/2539/2210 1292/2780/2209 1293/2538/2259
f 1295/2540/2260 1293/2538/2259 1420/2252/2038
f 1296/2541/2211 1294/2539/2210 1295/2540/2260
f 1422/2255/2041 1297/2542/2261 1295/2540/2260
f 1299/2543/2262 1298/2781/2212 1296/2541/2211
f 1423/2259/2045 1299/2543/2262 1297/2542/2261
f 1300/2544/2213 1298/2781/2212 1299/2543/2262
f 1301/2545/2263 1299/2543/2262 1423/2259/2045
f 1302/2546/2214 1300/2544/2213 1301/2545/2263
f 1303/2547/2264 1301/2545/2263 1424/2258/2044
f 1305/2549/2266 1304/2782/2215 1302/2546/2214
f 1305/2549/2266 1303/2547/2264 1425/2548/2265
f 1306/2550/2216 1304/2782/2215 1305/2549/2266
f 1307/2551/2267 1305/2549/2266 1426/2262/2048
f 1309/2552/2268 1308/2783/2217 1306/2550/2216
f 1428/2267/2053 1309/2552/2268 1307/2551/2267
f 1310/2473/2218 1308/2472/2217 1309/2553/2268
f 1311/2555/2269 1309/2552/2268 1428/2267/2053
f 1312/2474/2219 1310/2473/2218 1311/2554/2269
f 1430/2268/2054 1313/2560/2270 1311/2558/2269
f 1314/2559/2220 1312/2784/2219 1313/2560/2270
f 1315/2561/2271 1313/2560/2270 1430/2268/2054
f 1316/2563/2221 1314/2559/2220 1315/2561/2271
f 1317/2564/2273 1315/2561/2271 1431/2562/2272
f 1318/2565/2222 1316/2563/2221 1317/2564/2273
f 1319/2566/2274 1317/2564/2273 1432/2272/2057
f 1321/2567/2275 1320/2785/2223 1318/2565/2222
f 1321/2567/2275 1319/2566/2274 1433/2275/2060
f 1322/2568/2224 1320/2785/2223 1321/2567/2275
f 1323/2569/2276 1321/2567/2275 1434/2274/2059
f 1324/2570/2225 1322/2568/2224 1323/2569/2276
f 1325/2571/2277 1323/2569/2276 1435/2277/2062
f 1327/2572/2278 1326/2786/2226 1324/2570/2225
f 1327/2572/2278 1325/2571/2277 1436/2276/2061
f 1328/2574/2227 1326/2786/2226 1327/2572/2278
f 1438/2280/2065 1329/2575/2280 1327/2572/2278
f 1330/2576/2228 1328/2574/2227 1329/2575/2280
f 1439/2283/2068 1331/2577/2281 1329/2575/2280
f 1332/2578/2229 1330/2576/2228 1331/2577/2281
f 1333/2579/2282 1331/2577/2281 1439/2283/2068
f 1334/2580/2230 1332/2578/2229 1333/2579/2282
f 1335/2581/2283 1333/2579/2282 1440/2282/2067
f 1243/2583/2285 1242/2586/2231 1334/2580/2230
f 1243/2583/2285 1335/2581/2283 1441/2582/2284
f 1241/2585/2232 1240/2787/2184 1242/2586/2231
f 1241/2585/2232 1243/2583/2285 1395/2584/2286
f 1338/2669/2363 1366/2668/2362 1337/2667/2361
f 1339/1393/1199 1367/1392/1198 1338/2669/2363
f 1340/1396/1202 1368/1394/1200 1339/1393/1199
f 1342/2588/2287 1370/1398/1204 1341/1397/1203
f 1342/2588/2287 1371/2590/2289 1370/1398/1204
f 1344/2593/2292 1372/2687/2364 1343/2788/2288
f 1344/2593/2292 1373/2592/2291 1372/2687/2364
f 1346/2595/2294 1374/2594/2293 1345/2591/2290
f 1347/2599/2298 1375/2596/2295 1346/2595/2294
f 1347/2599/2298 1376/2598/2297 1375/2596/2295
f 1350/1403/1209 1379/1402/1208 1349/1400/1206
f 1351/2602/2299 1380/1404/1210 1350/1403/1209
f 1351/2602/2299 1352/2603/2300 1381/1405/1211
f 1354/1409/1215 1383/2671/2365 1353/1406/1212
f 1356/2789/2303 1385/1411/1217 1355/1410/1216
f 1356/2606/2303 1386/2605/2302 1385/2790/1217
f 1358/2609/2306 1387/2672/2366 1357/2604/2301
f 1358/2609/2306 1388/2608/2305 1387/2672/2366
f 1359/2607/2304 1360/2611/2308 1389/2610/2307
f 1361/1414/1220 1390/1413/1219 1389/2610/2307
f 1362/2614/2311 1391/1412/1218 1361/1414/1220
f 1362/2614/2311 1392/2612/2309 1391/1412/1218
f 706/2613/2310 1363/1416/1222 1393/1415/1221
f 1092/2615/2312 1396/2214/2001 1394/2216/2003
f 1094/2303/2088 1398/2217/2004 1093/2219/2006
f 1098/2308/2093 1402/2225/2012 1097/2223/2010
f 1099/2616/2313 1403/2503/2241 1402/2225/2012
f 1102/2313/2098 1406/2230/2017 1101/2227/2014
f 1103/2617/2314 1407/2511/2246 1406/2230/2017
f 1106/2317/2101 1410/2235/2022 1105/2232/2019
f 1109/2323/2107 1413/2240/2027 1108/2237/2024
f 1114/2327/2111 1418/2249/2036 1113/2251/2034
f 1115/2254/2040 1116/2331/2114 1420/2252/2038
f 1118/2619/2315 1422/2255/2041 1117/2257/2043
f 1120/2336/2119 1424/2258/2044 1119/2260/2046
f 1120/2336/2119 1121/2620/2316 1425/2548/2265
f 1126/2343/2126 1430/2268/2054 1125/2270/2052
f 1126/2343/2126 1127/2346/2128 1431/2562/2272
f 1130/2350/2132 1434/2274/2059 1129/2271/2056
f 1132/2621/2317 1436/2276/2061 1131/2278/2063
f 1133/2354/2136 1437/2573/2279 1436/2276/2061
f 1136/2622/2318 1440/2282/2067 1135/2279/2064
f 1137/2359/2141 1441/2582/2284 1440/2282/2067
f 1091/2361/2143 1395/2584/2286 1441/2582/2284
f 1461/2791/2390 1460/2661/2357 1474/2624/2320
f 1442/2623/2319 1461/2791/2390 1474/2624/2320
f 1442/2623/2319 1476/2625/2321 1462/2626/2322
f 1444/2628/2324 1443/2627/2323 1462/2626/2322
f 1444/2628/2324 1462/2626/2322 1463/2629/2325
f 1446/2631/2327 1445/2630/2326 1463/2629/2325
f 1447/2633/2329 1446/2631/2327 1477/2632/2328
f 1449/2637/2333 1448/2636/2332 1479/2635/2331
f 1449/2637/2333 1480/2638/2334 1464/2639/2335
f 1451/2641/2337 1450/2640/2336 1464/2639/2335
f 1452/2643/2339 1451/2641/2337 1481/2642/2338
f 1453/2645/2341 1452/2643/2339 1482/2644/2340
f 1453/2645/2341 1465/2646/2342 1466/2792/2391
f 1454/2647/2343 1453/2645/2341 1466/2792/2391
f 1454/2647/2343 1466/2792/2391 1467/2648/2344
f 1455/2649/2345 1467/2648/2344 1468/2793/2392
f 1456/2650/2346 1455/2649/2345 1468/2793/2392
f 1456/2650/2346 1468/2793/2392 1469/2651/2347
f 1472/2655/2351 1458/2654/2350 1483/2653/2349
f 1472/2655/2351 1484/2656/2352 1470/2657/2353
f 1459/2659/2355 1473/2658/2354 1470/2657/2353
f 1459/2659/2355 1470/2657/2353 1471/2660/2356
f 930/2794/2393 1460/2661/2393 1461/2791/2393
f 1459/1728/1511 1460/2662/2358 929/1726/1512
f 1475/2664/2360 1460/2661/2357 1471/2660/2356
