# Blender 4.0.2
# www.blender.org
o SoapDispenser001_Prop
v -0.000000 -0.000000 0.044441
v -0.039312 0.005167 0.034962
v -0.039310 -0.005175 0.034963
v -0.038301 -0.010263 0.034961
v -0.036631 -0.015173 0.034963
v -0.034340 -0.019826 0.034961
v -0.031462 -0.024131 0.034962
v -0.028036 -0.028036 0.034963
v -0.024139 -0.031458 0.034961
v -0.019825 -0.034337 0.034963
v -0.010256 -0.038302 0.034962
v -0.005176 -0.039313 0.034961
v -0.000008 -0.039650 0.034962
v 0.005175 -0.039310 0.034963
v 0.010263 -0.038301 0.034961
v 0.015173 -0.036631 0.034963
v 0.019831 -0.034335 0.034962
v 0.024139 -0.031458 0.034961
v 0.028031 -0.028043 0.034962
v 0.034340 -0.019826 0.034961
v 0.036631 -0.015173 0.034963
v 0.038301 -0.010263 0.034961
v 0.039310 -0.005183 0.034962
v 0.039649 -0.000000 0.034963
v 0.039313 0.005176 0.034961
v 0.038298 0.010262 0.034963
v 0.036630 0.015180 0.034962
v 0.034340 0.019826 0.034961
v 0.031462 0.024131 0.034962
v 0.028036 0.028036 0.034963
v 0.024139 0.031458 0.034961
v 0.019825 0.034337 0.034963
v 0.015174 0.036634 0.034961
v 0.010262 0.038298 0.034963
v 0.005167 0.039312 0.034962
v -0.000000 0.039652 0.034961
v -0.005168 0.039312 0.034962
v -0.010262 0.038298 0.034963
v -0.015174 0.036634 0.034961
v -0.019825 0.034337 0.034963
v -0.024143 0.031453 0.034962
v -0.031462 0.024131 0.034962
v -0.034340 0.019826 0.034961
v -0.036631 0.015173 0.034963
v -0.038302 0.010256 0.034962
v -0.035589 -0.009540 -0.093555
v -0.034039 -0.014104 -0.093555
v -0.031907 -0.018426 -0.093555
v -0.029229 -0.022433 -0.093555
v -0.022427 -0.029234 -0.093555
v -0.014097 -0.034042 -0.093555
v -0.004805 -0.036530 -0.093556
v -0.000000 -0.036845 -0.093557
v 0.009540 -0.035589 -0.093555
v 0.014100 -0.034040 -0.093557
v 0.018423 -0.031909 -0.093553
v 0.022433 -0.029229 -0.093555
v 0.029234 -0.022427 -0.093555
v 0.031908 -0.018422 -0.093557
v 0.034041 -0.014100 -0.093554
v 0.035591 -0.009532 -0.093556
v 0.036530 -0.004805 -0.093556
v 0.036529 0.004813 -0.093556
v 0.035589 0.009540 -0.093556
v 0.031907 0.018426 -0.093556
v 0.029229 0.022433 -0.093556
v 0.022427 0.029233 -0.093556
v 0.018419 0.031911 -0.093555
v 0.014096 0.034042 -0.093555
v 0.004805 0.036530 -0.093556
v -0.000004 0.036845 -0.093556
v -0.009540 0.035589 -0.093555
v -0.014100 0.034040 -0.093557
v -0.022433 0.029229 -0.093556
v -0.026056 0.026051 -0.093556
v -0.029233 0.022427 -0.093556
v -0.031911 0.018419 -0.093555
v -0.034042 0.014096 -0.093555
v -0.035589 0.009536 -0.093557
v -0.034854 0.002283 -0.095451
v -0.033907 -0.009086 -0.095454
v -0.028821 -0.019746 -0.095454
v -0.020891 -0.028174 -0.095451
v -0.010845 -0.033210 -0.095454
v 0.002300 -0.035092 -0.095454
v 0.017034 -0.030659 -0.095451
v 0.029360 -0.019617 -0.095451
v 0.034827 -0.004003 -0.095454
v 0.033708 0.009630 -0.095454
v 0.027457 0.021796 -0.095454
v 0.014997 0.031894 -0.095451
v -0.002959 0.035102 -0.095454
v -0.018026 0.030067 -0.095454
v -0.026556 0.022743 -0.095449
v -0.032605 0.012881 -0.095454
v -0.036604 0.000000 -0.094720
v -0.036432 0.004831 -0.094512
v -0.035997 0.002359 -0.095269
v -0.036450 -0.004748 -0.094472
v -0.035732 -0.004704 -0.095258
v -0.035356 -0.009474 -0.094720
v -0.034174 -0.011569 -0.095265
v -0.033817 -0.014008 -0.094720
v -0.031700 -0.018302 -0.094720
v -0.030255 -0.019712 -0.095259
v -0.029040 -0.022283 -0.094720
v -0.026027 -0.025957 -0.094471
v -0.025485 -0.025485 -0.095258
v -0.022283 -0.029040 -0.094720
v -0.019747 -0.030229 -0.095262
v -0.018423 -0.031809 -0.094471
v -0.014008 -0.033817 -0.094720
v -0.011250 -0.034309 -0.095262
v -0.009562 -0.035493 -0.094471
v -0.004778 -0.036290 -0.094720
v -0.001987 -0.036052 -0.095262
v -0.000000 -0.036604 -0.094720
v 0.004763 -0.036441 -0.094511
v 0.007038 -0.035381 -0.095269
v 0.009474 -0.035356 -0.094720
v 0.014008 -0.033817 -0.094720
v 0.013792 -0.033297 -0.095258
v 0.018302 -0.031700 -0.094720
v 0.020042 -0.029995 -0.095269
v 0.022283 -0.029040 -0.094720
v 0.025957 -0.026027 -0.094471
v 0.025485 -0.025485 -0.095258
v 0.029040 -0.022283 -0.094720
v 0.030228 -0.019747 -0.095262
v 0.031700 -0.018302 -0.094720
v 0.033817 -0.014008 -0.094720
v 0.033297 -0.013792 -0.095258
v 0.035356 -0.009474 -0.094720
v 0.035381 -0.007038 -0.095269
v 0.036290 -0.004778 -0.094720
v 0.036758 -0.000050 -0.094472
v 0.036041 -0.000000 -0.095258
v 0.036290 0.004778 -0.094720
v 0.035381 0.007038 -0.095269
v 0.035356 0.009474 -0.094720
v 0.033979 0.014021 -0.094472
v 0.033297 0.013792 -0.095258
v 0.031700 0.018302 -0.094720
v 0.029995 0.020042 -0.095269
v 0.029040 0.022283 -0.094720
v 0.026027 0.025957 -0.094472
v 0.025485 0.025485 -0.095258
v 0.022283 0.029040 -0.094720
v 0.020042 0.029995 -0.095269
v 0.018302 0.031700 -0.094720
v 0.014008 0.033817 -0.094720
v 0.011620 0.034231 -0.095248
v 0.009562 0.035493 -0.094471
v 0.004778 0.036290 -0.094720
v 0.002359 0.035997 -0.095269
v -0.000000 0.036604 -0.094720
v -0.004748 0.036450 -0.094471
v -0.004704 0.035732 -0.095258
v -0.009474 0.035356 -0.094720
v -0.011990 0.034066 -0.095254
v -0.014008 0.033817 -0.094720
v -0.018346 0.031844 -0.094512
v -0.018020 0.031212 -0.095258
v -0.022283 0.029040 -0.094720
v -0.024114 0.026884 -0.095254
v -0.025883 0.025883 -0.094720
v -0.029040 0.022283 -0.094720
v -0.028593 0.021940 -0.095258
v -0.031700 0.018302 -0.094720
v -0.032354 0.015955 -0.095269
v -0.033817 0.014008 -0.094720
v -0.035356 0.009474 -0.094720
v -0.034813 0.009328 -0.095258
v -0.041562 0.000003 0.032081
v -0.040803 0.000000 0.034294
v -0.041393 0.000000 0.033408
v -0.040454 0.005326 0.034294
v -0.041038 0.005403 0.033408
v -0.040454 -0.005326 0.034294
v -0.041038 -0.005403 0.033408
v -0.039413 -0.010561 0.034294
v -0.039982 -0.010713 0.033408
v -0.037698 -0.015615 0.034294
v -0.038242 -0.015840 0.033408
v -0.035337 -0.020402 0.034294
v -0.035847 -0.020696 0.033408
v -0.032372 -0.024840 0.034294
v -0.032839 -0.025198 0.033408
v -0.028852 -0.028852 0.034294
v -0.029269 -0.029269 0.033408
v -0.024840 -0.032372 0.034294
v -0.025198 -0.032839 0.033408
v -0.020402 -0.035337 0.034294
v -0.020696 -0.035847 0.033408
v -0.015564 -0.037406 0.034578
v -0.015840 -0.038242 0.033408
v -0.010561 -0.039413 0.034294
v -0.010713 -0.039982 0.033408
v -0.005326 -0.040454 0.034294
v -0.005403 -0.041038 0.033408
v -0.000000 -0.040803 0.034294
v -0.000000 -0.041393 0.033408
v 0.005326 -0.040454 0.034294
v 0.005403 -0.041038 0.033408
v 0.010561 -0.039413 0.034294
v 0.010713 -0.039982 0.033408
v 0.015615 -0.037697 0.034294
v 0.015840 -0.038242 0.033408
v 0.020402 -0.035337 0.034294
v 0.020696 -0.035847 0.033408
v 0.024840 -0.032372 0.034294
v 0.025198 -0.032839 0.033408
v 0.028852 -0.028852 0.034294
v 0.029269 -0.029269 0.033408
v 0.032148 -0.024668 0.034570
v 0.032839 -0.025198 0.033408
v 0.035337 -0.020402 0.034294
v 0.035847 -0.020696 0.033408
v 0.037697 -0.015615 0.034294
v 0.038242 -0.015840 0.033408
v 0.039413 -0.010561 0.034294
v 0.039982 -0.010713 0.033408
v 0.040454 -0.005326 0.034294
v 0.041038 -0.005403 0.033408
v 0.040803 -0.000000 0.034294
v 0.041393 -0.000000 0.033408
v 0.040454 0.005326 0.034294
v 0.041038 0.005403 0.033408
v 0.039413 0.010561 0.034294
v 0.039982 0.010713 0.033408
v 0.037697 0.015615 0.034294
v 0.038242 0.015840 0.033408
v 0.035337 0.020402 0.034294
v 0.035847 0.020696 0.033408
v 0.032372 0.024840 0.034294
v 0.032839 0.025198 0.033408
v 0.028852 0.028852 0.034294
v 0.029269 0.029269 0.033408
v 0.024840 0.032372 0.034294
v 0.025198 0.032839 0.033408
v 0.020402 0.035337 0.034294
v 0.020696 0.035847 0.033408
v 0.015615 0.037698 0.034294
v 0.015840 0.038242 0.033408
v 0.010561 0.039413 0.034294
v 0.010713 0.039982 0.033408
v 0.005326 0.040454 0.034294
v 0.005403 0.041038 0.033408
v -0.000000 0.040803 0.034294
v -0.000000 0.041393 0.033408
v -0.005326 0.040454 0.034294
v -0.005403 0.041038 0.033408
v -0.010561 0.039413 0.034294
v -0.010713 0.039982 0.033408
v -0.015615 0.037697 0.034294
v -0.015840 0.038242 0.033408
v -0.020402 0.035337 0.034294
v -0.020696 0.035847 0.033408
v -0.024840 0.032372 0.034294
v -0.025198 0.032839 0.033408
v -0.028602 0.028694 0.034578
v -0.029269 0.029269 0.033408
v -0.032372 0.024840 0.034294
v -0.032839 0.025198 0.033408
v -0.035337 0.020402 0.034294
v -0.035847 0.020696 0.033408
v -0.037698 0.015615 0.034294
v -0.038242 0.015840 0.033408
v -0.039413 0.010561 0.034294
v -0.039982 0.010713 0.033408
v -0.039652 0.000000 0.034961
v -0.019040 -0.000305 0.043073
v -0.017124 -0.008445 0.043077
v -0.012674 -0.014127 0.043072
v -0.007299 -0.017622 0.043070
v 0.000305 -0.019040 0.043073
v 0.008445 -0.017124 0.043077
v 0.014283 -0.012526 0.043070
v 0.017115 -0.008201 0.043072
v 0.018917 -0.002182 0.043073
v 0.018571 0.003913 0.043072
v 0.016468 0.009508 0.043074
v 0.012674 0.014127 0.043072
v 0.008586 0.016926 0.043072
v 0.002788 0.018837 0.043073
v -0.003706 0.018632 0.043070
v -0.008586 0.016926 0.043072
v -0.014355 0.012589 0.043077
v -0.017989 0.006106 0.043070
v -0.036845 -0.000004 -0.093555
v -0.041206 0.005425 0.032082
v -0.041207 -0.005422 0.032081
v -0.040147 -0.010754 0.032080
v -0.038399 -0.015902 0.032080
v -0.035995 -0.020778 0.032081
v -0.032975 -0.025299 0.032081
v -0.029391 -0.029386 0.032081
v -0.025304 -0.032971 0.032081
v -0.020784 -0.035992 0.032081
v -0.015908 -0.038397 0.032081
v -0.010760 -0.040145 0.032081
v -0.005428 -0.041206 0.032081
v -0.000000 -0.041562 0.032079
v 0.005425 -0.041206 0.032082
v 0.010754 -0.040147 0.032081
v 0.015905 -0.038398 0.032079
v 0.020781 -0.035993 0.032082
v 0.025299 -0.032975 0.032081
v 0.029386 -0.029391 0.032081
v 0.032971 -0.025304 0.032081
v 0.035994 -0.020781 0.032079
v 0.038398 -0.015905 0.032082
v 0.040145 -0.010760 0.032081
v 0.041206 -0.005428 0.032081
v 0.041562 -0.000003 0.032081
v 0.041207 0.005422 0.032080
v 0.040146 0.010754 0.032081
v 0.038399 0.015902 0.032081
v 0.035995 0.020778 0.032081
v 0.032975 0.025299 0.032081
v 0.029391 0.029386 0.032081
v 0.025304 0.032972 0.032081
v 0.020784 0.035992 0.032081
v 0.015908 0.038397 0.032080
v 0.010760 0.040145 0.032080
v 0.005428 0.041206 0.032080
v 0.000003 0.041562 0.032081
v -0.005422 0.041207 0.032081
v -0.010754 0.040147 0.032081
v -0.015905 0.038398 0.032079
v -0.020781 0.035993 0.032082
v -0.025299 0.032975 0.032081
v -0.029386 0.029391 0.032081
v -0.032971 0.025304 0.032080
v -0.035992 0.020783 0.032081
v -0.038397 0.015908 0.032081
v -0.040146 0.010757 0.032079
v -0.005497 0.013459 0.055912
v -0.007113 0.014486 0.058022
v -0.006199 0.014961 0.058058
v -0.007114 0.014486 0.058498
v -0.005497 0.013459 0.059369
v -0.006076 0.015013 0.058539
v -0.003317 0.014181 0.059456
v -0.003646 0.015806 0.058624
v -0.001050 0.014553 0.059544
v -0.001120 0.016210 0.058708
v 0.001247 0.014565 0.059631
v 0.001438 0.016214 0.058793
v 0.003517 0.014218 0.059718
v 0.003965 0.015817 0.058878
v 0.005705 0.013520 0.059805
v 0.006399 0.015030 0.058963
v 0.007758 0.012489 0.059892
v 0.008680 0.013872 0.059047
v 0.009623 0.011149 0.059979
v 0.010751 0.012372 0.059132
v 0.011256 0.009534 0.060066
v 0.012563 0.010566 0.059217
v 0.012616 0.007683 0.060154
v 0.014069 0.008499 0.059301
v 0.013670 0.005642 0.060241
v 0.015234 0.006221 0.059386
v 0.014392 0.003461 0.060328
v 0.016028 0.003790 0.059471
v 0.014763 0.001195 0.060415
v 0.016432 0.001264 0.059555
v 0.014776 -0.001102 0.060502
v 0.016436 -0.001294 0.059640
v 0.014429 -0.003373 0.060589
v 0.016039 -0.003821 0.059725
v 0.013731 -0.005561 0.060677
v 0.015252 -0.006255 0.059809
v 0.012700 -0.007613 0.060764
v 0.014095 -0.008536 0.059894
v 0.011360 -0.009479 0.060851
v 0.012594 -0.010608 0.059979
v 0.009744 -0.011112 0.060938
v 0.010788 -0.012419 0.060063
v 0.007894 -0.012472 0.061025
v 0.008721 -0.013926 0.060148
v 0.005853 -0.013526 0.061112
v 0.006443 -0.015090 0.060233
v 0.003672 -0.014247 0.061199
v 0.004012 -0.015884 0.060318
v 0.001406 -0.014619 0.061287
v 0.001486 -0.016288 0.060402
v -0.000891 -0.014632 0.061374
v -0.001072 -0.016292 0.060487
v -0.003162 -0.014285 0.061461
v -0.003599 -0.015896 0.060572
v -0.005350 -0.013587 0.061548
v -0.006033 -0.015109 0.060656
v -0.007402 -0.012555 0.061635
v -0.008314 -0.013951 0.060741
v -0.009268 -0.011215 0.061722
v -0.010385 -0.012451 0.060826
v -0.010901 -0.009600 0.061809
v -0.012197 -0.010644 0.060910
v -0.012261 -0.007749 0.061897
v -0.013703 -0.008577 0.060995
v -0.013315 -0.005708 0.061984
v -0.014868 -0.006300 0.061080
v -0.014037 -0.003528 0.062071
v -0.015662 -0.003868 0.061164
v -0.014408 -0.001261 0.062158
v -0.016066 -0.001342 0.061249
v -0.014421 0.001036 0.062245
v -0.016070 0.001216 0.061334
v -0.014074 0.003306 0.062332
v -0.015674 0.003743 0.061419
v -0.013376 0.005495 0.062419
v -0.014887 0.006177 0.061503
v -0.012344 0.007547 0.062507
v -0.013729 0.008457 0.061588
v -0.011004 0.009412 0.062594
v -0.012228 0.010529 0.061673
v -0.009389 0.011045 0.062681
v -0.010422 0.012340 0.061757
v -0.007538 0.012405 0.062768
v -0.008355 0.013847 0.061842
v -0.005497 0.013459 0.062855
v -0.006078 0.015012 0.061927
v -0.003317 0.014181 0.062942
v -0.003646 0.015806 0.062011
v -0.001050 0.014553 0.063030
v -0.001120 0.016210 0.062096
v 0.001247 0.014565 0.063117
v 0.001438 0.016214 0.062181
v 0.003517 0.014218 0.063204
v 0.003965 0.015817 0.062265
v 0.005705 0.013520 0.063291
v 0.006399 0.015030 0.062350
v 0.007758 0.012489 0.063378
v 0.008680 0.013872 0.062435
v 0.009623 0.011149 0.063465
v 0.010751 0.012372 0.062519
v 0.011256 0.009534 0.063552
v 0.012563 0.010566 0.062604
v 0.012616 0.007683 0.063640
v 0.014069 0.008499 0.062689
v 0.013670 0.005642 0.063727
v 0.015234 0.006221 0.062774
v 0.014392 0.003461 0.063814
v 0.016028 0.003790 0.062858
v 0.014763 0.001195 0.063901
v 0.016432 0.001264 0.062943
v 0.014776 -0.001102 0.063988
v 0.016436 -0.001294 0.063028
v 0.014429 -0.003373 0.064075
v 0.016039 -0.003821 0.063112
v 0.013731 -0.005561 0.064162
v 0.015252 -0.006255 0.063197
v 0.012700 -0.007613 0.064250
v 0.014095 -0.008536 0.063282
v 0.011360 -0.009479 0.064337
v 0.012594 -0.010608 0.063366
v 0.009744 -0.011112 0.064424
v 0.010788 -0.012419 0.063451
v 0.007894 -0.012472 0.064511
v 0.008721 -0.013926 0.063536
v 0.005853 -0.013526 0.064598
v 0.006443 -0.015090 0.063620
v 0.003672 -0.014247 0.064685
v 0.004012 -0.015884 0.063705
v 0.001406 -0.014619 0.064772
v 0.001486 -0.016288 0.063790
v -0.000891 -0.014632 0.064860
v -0.001072 -0.016292 0.063875
v -0.003162 -0.014285 0.064947
v -0.003599 -0.015896 0.063959
v -0.005350 -0.013587 0.065034
v -0.006033 -0.015109 0.064044
v -0.007402 -0.012555 0.065121
v -0.008314 -0.013951 0.064129
v -0.009268 -0.011215 0.065208
v -0.010385 -0.012451 0.064213
v -0.010901 -0.009600 0.065295
v -0.012197 -0.010644 0.064298
v -0.012261 -0.007749 0.065383
v -0.013703 -0.008577 0.064383
v -0.013315 -0.005708 0.065470
v -0.014868 -0.006300 0.064467
v -0.014037 -0.003528 0.065557
v -0.015662 -0.003868 0.064552
v -0.014408 -0.001261 0.065644
v -0.016066 -0.001342 0.064637
v -0.014421 0.001036 0.065731
v -0.016070 0.001216 0.064721
v -0.014074 0.003306 0.065818
v -0.015674 0.003743 0.064806
v -0.013376 0.005495 0.065905
v -0.014887 0.006177 0.064891
v -0.012344 0.007547 0.065993
v -0.013729 0.008457 0.064976
v -0.012228 0.010529 0.065060
v -0.009389 0.011045 0.066167
v -0.010422 0.012340 0.065145
v -0.007538 0.012405 0.066254
v -0.008355 0.013847 0.065230
v -0.005497 0.013459 0.066341
v -0.006078 0.015012 0.065314
v -0.003317 0.014181 0.066428
v -0.003646 0.015806 0.065399
v -0.001050 0.014553 0.066515
v -0.001120 0.016210 0.065484
v 0.001247 0.014565 0.066603
v 0.001438 0.016214 0.065568
v 0.003517 0.014218 0.066690
v 0.003965 0.015817 0.065653
v 0.005705 0.013520 0.066777
v 0.006399 0.015030 0.065738
v 0.007758 0.012489 0.066864
v 0.008680 0.013872 0.065822
v 0.009623 0.011149 0.066951
v 0.010751 0.012372 0.065907
v 0.011256 0.009534 0.067038
v 0.012563 0.010566 0.065992
v 0.012616 0.007683 0.067125
v 0.014069 0.008499 0.066076
v 0.013670 0.005642 0.067213
v 0.015234 0.006221 0.066161
v 0.014392 0.003461 0.067300
v 0.016028 0.003790 0.066246
v 0.014763 0.001195 0.067387
v 0.016432 0.001264 0.066331
v 0.014776 -0.001102 0.067474
v 0.016436 -0.001294 0.066415
v 0.014429 -0.003373 0.067561
v 0.016039 -0.003821 0.066500
v 0.013731 -0.005561 0.067648
v 0.015252 -0.006255 0.066585
v 0.012700 -0.007613 0.067736
v 0.014095 -0.008536 0.066669
v 0.011360 -0.009479 0.067823
v 0.012594 -0.010608 0.066754
v 0.009744 -0.011112 0.067910
v 0.010788 -0.012419 0.066839
v 0.007894 -0.012472 0.067997
v 0.008721 -0.013926 0.066923
v 0.005853 -0.013526 0.068084
v 0.006443 -0.015090 0.067008
v 0.003672 -0.014247 0.068171
v 0.004012 -0.015884 0.067093
v 0.001406 -0.014619 0.068258
v 0.001486 -0.016288 0.067177
v -0.000891 -0.014632 0.068346
v -0.001072 -0.016292 0.067262
v -0.003162 -0.014285 0.068433
v -0.003599 -0.015896 0.067347
v -0.005350 -0.013587 0.068520
v -0.006033 -0.015109 0.067432
v -0.007402 -0.012555 0.068607
v -0.008314 -0.013951 0.067516
v -0.009268 -0.011215 0.068694
v -0.010385 -0.012450 0.067601
v -0.010901 -0.009600 0.068781
v -0.012197 -0.010644 0.067686
v -0.012261 -0.007749 0.068868
v -0.013703 -0.008577 0.067770
v -0.013315 -0.005708 0.068956
v -0.014868 -0.006300 0.067855
v -0.014037 -0.003528 0.069043
v -0.015662 -0.003868 0.067940
v -0.014408 -0.001261 0.069130
v -0.016066 -0.001342 0.068024
v -0.014421 0.001036 0.069217
v -0.016070 0.001216 0.068109
v -0.014074 0.003306 0.069304
v -0.015674 0.003743 0.068194
v -0.013376 0.005495 0.069391
v -0.014887 0.006177 0.068278
v -0.012344 0.007547 0.069478
v -0.013728 0.008459 0.068363
v -0.010862 0.009328 0.069889
v -0.013124 0.009295 0.068400
v -0.013125 0.009295 0.067923
v -0.012344 0.007547 0.067052
v -0.013797 0.008345 0.067882
v -0.013376 0.005495 0.066965
v -0.014935 0.006057 0.067798
v -0.014074 0.003306 0.066878
v -0.015703 0.003617 0.067713
v -0.014421 0.001036 0.066791
v -0.016079 0.001087 0.067628
v -0.014408 -0.001261 0.066704
v -0.016055 -0.001471 0.067544
v -0.014037 -0.003528 0.066616
v -0.015631 -0.003994 0.067459
v -0.013315 -0.005708 0.066529
v -0.014818 -0.006419 0.067374
v -0.012261 -0.007749 0.066442
v -0.013635 -0.008687 0.067290
v -0.010901 -0.009600 0.066355
v -0.012112 -0.010742 0.067205
v -0.009268 -0.011215 0.066268
v -0.010287 -0.012534 0.067120
v -0.007402 -0.012555 0.066181
v -0.008203 -0.014018 0.067036
v -0.005350 -0.013587 0.066094
v -0.005913 -0.015158 0.066951
v -0.003162 -0.014285 0.066006
v -0.003473 -0.015925 0.066866
v -0.000891 -0.014632 0.065919
v -0.000943 -0.016302 0.066782
v 0.001406 -0.014619 0.065832
v 0.001615 -0.016277 0.066697
v 0.003672 -0.014247 0.065745
v 0.004137 -0.015854 0.066612
v 0.005853 -0.013526 0.065658
v 0.006562 -0.015040 0.066527
v 0.007894 -0.012472 0.065571
v 0.008831 -0.013858 0.066443
v 0.009744 -0.011112 0.065484
v 0.010886 -0.012335 0.066358
v 0.011360 -0.009479 0.065396
v 0.012677 -0.010509 0.066273
v 0.012700 -0.007613 0.065309
v 0.014161 -0.008426 0.066189
v 0.013731 -0.005561 0.065222
v 0.015301 -0.006136 0.066104
v 0.014429 -0.003373 0.065135
v 0.016069 -0.003695 0.066019
v 0.014776 -0.001102 0.065048
v 0.016445 -0.001165 0.065935
v 0.014763 0.001195 0.064961
v 0.016421 0.001392 0.065850
v 0.014392 0.003461 0.064874
v 0.015997 0.003915 0.065765
v 0.013670 0.005642 0.064786
v 0.015184 0.006340 0.065681
v 0.012616 0.007683 0.064699
v 0.014001 0.008608 0.065596
v 0.011256 0.009534 0.064612
v 0.012478 0.010664 0.065511
v 0.009623 0.011149 0.064525
v 0.010653 0.012455 0.065426
v 0.007758 0.012489 0.064438
v 0.008569 0.013939 0.065342
v 0.005705 0.013520 0.064351
v 0.006279 0.015079 0.065257
v 0.003517 0.014218 0.064264
v 0.003839 0.015847 0.065172
v 0.001247 0.014565 0.064176
v 0.001309 0.016223 0.065088
v -0.001050 0.014553 0.064089
v -0.001249 0.016199 0.065003
v -0.003317 0.014181 0.064002
v -0.003771 0.015775 0.064918
v -0.005497 0.013459 0.063915
v -0.006197 0.014962 0.064834
v -0.007538 0.012405 0.063828
v -0.008465 0.013779 0.064749
v -0.009389 0.011045 0.063741
v -0.010520 0.012256 0.064664
v -0.011004 0.009412 0.063653
v -0.012312 0.010430 0.064580
v -0.012344 0.007547 0.063566
v -0.013796 0.008347 0.064495
v -0.013376 0.005495 0.063479
v -0.014935 0.006057 0.064410
v -0.014074 0.003306 0.063392
v -0.015703 0.003617 0.064325
v -0.014421 0.001036 0.063305
v -0.016079 0.001087 0.064241
v -0.014408 -0.001261 0.063218
v -0.016055 -0.001471 0.064156
v -0.014037 -0.003528 0.063131
v -0.015631 -0.003994 0.064071
v -0.013315 -0.005708 0.063043
v -0.014818 -0.006419 0.063987
v -0.012261 -0.007749 0.062956
v -0.013635 -0.008687 0.063902
v -0.010901 -0.009600 0.062869
v -0.012112 -0.010742 0.063817
v -0.009268 -0.011215 0.062782
v -0.010287 -0.012534 0.063733
v -0.007402 -0.012555 0.062695
v -0.008203 -0.014018 0.063648
v -0.005350 -0.013587 0.062608
v -0.005913 -0.015158 0.063563
v -0.003162 -0.014285 0.062521
v -0.003473 -0.015925 0.063479
v -0.000891 -0.014632 0.062433
v -0.000943 -0.016302 0.063394
v 0.001406 -0.014619 0.062346
v 0.001615 -0.016277 0.063309
v 0.003672 -0.014247 0.062259
v 0.004137 -0.015854 0.063225
v 0.005853 -0.013526 0.062172
v 0.006562 -0.015040 0.063140
v 0.007894 -0.012472 0.062085
v 0.008831 -0.013858 0.063055
v 0.009744 -0.011112 0.061998
v 0.010886 -0.012335 0.062970
v 0.011360 -0.009479 0.061911
v 0.012677 -0.010509 0.062886
v 0.012700 -0.007613 0.061823
v 0.014161 -0.008426 0.062801
v 0.013731 -0.005561 0.061736
v 0.015301 -0.006136 0.062716
v 0.014429 -0.003373 0.061649
v 0.016069 -0.003695 0.062632
v 0.014776 -0.001102 0.061562
v 0.016445 -0.001165 0.062547
v 0.014763 0.001195 0.061475
v 0.016421 0.001392 0.062462
v 0.014392 0.003461 0.061388
v 0.015997 0.003915 0.062378
v 0.013670 0.005642 0.061300
v 0.015184 0.006340 0.062293
v 0.012616 0.007683 0.061213
v 0.014001 0.008608 0.062208
v 0.011256 0.009534 0.061126
v 0.012478 0.010664 0.062124
v 0.009623 0.011149 0.061039
v 0.010653 0.012455 0.062039
v 0.007758 0.012489 0.060952
v 0.008569 0.013939 0.061954
v 0.005705 0.013520 0.060865
v 0.006279 0.015079 0.061869
v 0.003517 0.014218 0.060778
v 0.003839 0.015847 0.061785
v 0.001247 0.014565 0.060690
v 0.001309 0.016223 0.061700
v -0.001050 0.014553 0.060603
v -0.001249 0.016199 0.061615
v -0.003317 0.014181 0.060516
v -0.003771 0.015775 0.061531
v -0.005497 0.013459 0.060429
v -0.006197 0.014962 0.061446
v -0.007538 0.012405 0.060342
v -0.008465 0.013779 0.061361
v -0.009389 0.011045 0.060255
v -0.010520 0.012256 0.061277
v -0.011004 0.009412 0.060168
v -0.012312 0.010430 0.061192
v -0.012344 0.007547 0.060080
v -0.013796 0.008347 0.061107
v -0.013376 0.005495 0.059993
v -0.014935 0.006057 0.061023
v -0.014074 0.003306 0.059906
v -0.015703 0.003617 0.060938
v -0.014421 0.001036 0.059819
v -0.016079 0.001087 0.060853
v -0.014408 -0.001261 0.059732
v -0.016055 -0.001471 0.060769
v -0.014037 -0.003528 0.059645
v -0.015631 -0.003994 0.060684
v -0.013315 -0.005708 0.059558
v -0.014818 -0.006419 0.060599
v -0.012261 -0.007749 0.059470
v -0.013635 -0.008687 0.060514
v -0.010901 -0.009600 0.059383
v -0.012112 -0.010742 0.060430
v -0.009268 -0.011215 0.059296
v -0.010287 -0.012534 0.060345
v -0.007402 -0.012555 0.059209
v -0.008203 -0.014018 0.060260
v -0.005350 -0.013587 0.059122
v -0.005913 -0.015158 0.060176
v -0.003162 -0.014285 0.059035
v -0.003473 -0.015925 0.060091
v -0.000891 -0.014632 0.058947
v -0.000943 -0.016302 0.060006
v 0.001406 -0.014619 0.058860
v 0.001615 -0.016277 0.059922
v 0.003672 -0.014247 0.058773
v 0.004137 -0.015854 0.059837
v 0.005853 -0.013526 0.058686
v 0.006562 -0.015040 0.059752
v 0.007894 -0.012472 0.058599
v 0.008831 -0.013858 0.059668
v 0.009744 -0.011112 0.058512
v 0.010886 -0.012335 0.059583
v 0.011360 -0.009479 0.058425
v 0.012677 -0.010509 0.059498
v 0.012700 -0.007613 0.058337
v 0.014161 -0.008426 0.059413
v 0.013731 -0.005561 0.058250
v 0.015301 -0.006136 0.059329
v 0.014429 -0.003373 0.058163
v 0.016069 -0.003695 0.059244
v 0.014776 -0.001102 0.058076
v 0.016445 -0.001165 0.059159
v 0.014763 0.001195 0.057989
v 0.016421 0.001393 0.059075
v 0.014392 0.003461 0.057902
v 0.015997 0.003915 0.058990
v 0.013670 0.005642 0.057815
v 0.015184 0.006340 0.058905
v 0.012616 0.007683 0.057727
v 0.014001 0.008608 0.058821
v 0.011256 0.009534 0.056609
v 0.012478 0.010664 0.058736
v 0.009623 0.011149 0.056522
v 0.010653 0.012455 0.058651
v 0.007758 0.012489 0.056435
v 0.008569 0.013939 0.058567
v 0.005705 0.013520 0.056348
v 0.006279 0.015079 0.058482
v 0.003517 0.014218 0.056260
v 0.003839 0.015847 0.058397
v 0.001247 0.014565 0.056173
v 0.001309 0.016223 0.058313
v -0.001050 0.014553 0.056086
v -0.001249 0.016199 0.058228
v -0.003317 0.014181 0.055999
v -0.003771 0.015775 0.058143
v -0.009389 0.011045 0.069889
v -0.007538 0.012405 0.069889
v -0.005497 0.013459 0.069889
v -0.003317 0.014181 0.069889
v -0.001050 0.014553 0.069889
v 0.001247 0.014565 0.069889
v 0.003517 0.014218 0.069889
v 0.005705 0.013520 0.069889
v 0.007758 0.012489 0.069889
v 0.009623 0.011149 0.069889
v 0.011256 0.009534 0.069889
v 0.012616 0.007683 0.069889
v 0.013670 0.005642 0.069889
v 0.014392 0.003461 0.069889
v 0.014763 0.001195 0.069889
v 0.014776 -0.001102 0.069889
v 0.014429 -0.003373 0.069889
v 0.013731 -0.005561 0.069889
v 0.012700 -0.007613 0.069889
v 0.011360 -0.009479 0.069889
v 0.007894 -0.012472 0.069889
v 0.005853 -0.013526 0.069889
v 0.003672 -0.014247 0.069889
v 0.001406 -0.014619 0.069889
v -0.000891 -0.014632 0.069889
v -0.003162 -0.014285 0.069889
v -0.005350 -0.013587 0.069889
v -0.007402 -0.012555 0.069889
v -0.010901 -0.009600 0.069889
v -0.012261 -0.007749 0.069889
v -0.013315 -0.005708 0.069889
v -0.014037 -0.003528 0.069889
v -0.014408 -0.001261 0.069889
v -0.014421 0.001036 0.069889
v -0.013376 0.005495 0.069889
v -0.012344 0.007547 0.069889
v -0.007806 0.012398 0.055373
v -0.009372 0.011078 0.055398
v -0.011002 0.009434 0.055390
v -0.012354 0.007581 0.055341
v -0.013383 0.005508 0.055389
v -0.014083 0.003319 0.055389
v -0.014432 0.001046 0.055389
v -0.014421 -0.001252 0.055389
v -0.014051 -0.003521 0.055389
v -0.013330 -0.005704 0.055389
v -0.012276 -0.007747 0.055389
v -0.010916 -0.009600 0.055389
v -0.009283 -0.011218 0.055389
v -0.007417 -0.012560 0.055389
v -0.005364 -0.013594 0.055389
v -0.003174 -0.014294 0.055389
v -0.000902 -0.014643 0.055389
v 0.001397 -0.014632 0.055389
v 0.003666 -0.014261 0.055389
v 0.005848 -0.013541 0.055389
v 0.007892 -0.012487 0.055389
v 0.009745 -0.011127 0.055389
v 0.011363 -0.009494 0.055389
v 0.012703 -0.007631 0.055388
v 0.013735 -0.005583 0.055390
v 0.014437 -0.003393 0.055390
v 0.014787 -0.001121 0.055390
v 0.014777 0.001177 0.055390
v 0.014408 0.003446 0.055390
v 0.013688 0.005630 0.055390
v 0.012636 0.007673 0.055390
v 0.011277 0.009527 0.055390
v 0.009645 0.011146 0.055390
v 0.007780 0.012490 0.055390
v 0.005727 0.013525 0.055390
v 0.003538 0.014226 0.055390
v 0.001266 0.014576 0.055390
v -0.001033 0.014566 0.055390
v -0.003302 0.014197 0.055390
v -0.007493 0.012405 0.055761
v -0.007301 0.012405 0.059282
v -0.011004 0.009412 0.066080
v -0.011448 0.009414 0.067139
v 0.001458 -0.001678 0.069889
v 0.001059 -0.001962 0.069889
v 0.000401 -0.002193 0.069889
v -0.000296 -0.002209 0.069889
v -0.000965 -0.002009 0.069889
v -0.001538 -0.001611 0.069889
v -0.001960 -0.001057 0.069889
v -0.002190 -0.000400 0.069889
v -0.001978 0.001016 0.069889
v -0.001567 0.001578 0.069889
v 0.009744 -0.011112 0.069889
v 0.000362 0.002194 0.069889
v -0.009268 -0.011215 0.069889
v 0.002225 0.000017 0.069889
v -0.014074 0.003306 0.069889
v 0.002384 -0.000370 0.069889
v 0.001024 0.001975 0.069889
v 0.002134 -0.000642 0.069889
v 0.001903 -0.001150 0.069889
v -0.001001 0.001985 0.069889
v -0.000336 0.002198 0.069889
v 0.001720 0.001429 0.069889
v 0.002122 0.000674 0.069889
v 0.012398 -0.008814 0.055204
v -0.004182 0.014382 0.055204
v -0.005506 0.013472 0.055390
v -0.005557 0.013578 0.055252
v -0.007894 0.012487 0.055272
v -0.008047 0.012624 0.055209
v -0.009463 0.011176 0.055247
v -0.011078 0.009474 0.055280
v -0.011240 0.009544 0.055210
v -0.012566 0.007682 0.055210
v -0.013465 0.005531 0.055280
v -0.013600 0.005642 0.055210
v -0.014167 0.003328 0.055280
v -0.014320 0.003417 0.055210
v -0.014517 0.001043 0.055280
v -0.014681 0.001107 0.055210
v -0.014504 -0.001269 0.055280
v -0.014677 -0.001232 0.055210
v -0.014130 -0.003551 0.055280
v -0.014306 -0.003541 0.055210
v -0.013404 -0.005746 0.055280
v -0.013579 -0.005763 0.055210
v -0.012343 -0.007800 0.055280
v -0.012513 -0.007845 0.055210
v -0.010974 -0.009663 0.055280
v -0.011135 -0.009734 0.055210
v -0.009330 -0.011289 0.055280
v -0.009486 -0.011384 0.055208
v -0.007452 -0.012638 0.055280
v -0.007584 -0.012755 0.055210
v -0.005386 -0.013676 0.055280
v -0.005498 -0.013812 0.055210
v -0.003184 -0.014378 0.055280
v -0.003273 -0.014531 0.055210
v -0.000898 -0.014728 0.055280
v -0.000962 -0.014892 0.055210
v 0.001414 -0.014715 0.055280
v 0.001376 -0.014887 0.055210
v 0.003695 -0.014341 0.055280
v 0.003685 -0.014517 0.055210
v 0.005890 -0.013614 0.055280
v 0.005908 -0.013790 0.055210
v 0.007944 -0.012554 0.055280
v 0.007989 -0.012724 0.055210
v 0.009807 -0.011184 0.055280
v 0.009878 -0.011346 0.055210
v 0.011446 -0.009594 0.055247
v 0.012829 -0.007692 0.055243
v 0.013820 -0.005597 0.055280
v 0.013998 -0.005611 0.055210
v 0.014523 -0.003395 0.055280
v 0.014699 -0.003383 0.055210
v 0.014872 -0.001109 0.055280
v 0.015044 -0.001070 0.055210
v 0.014859 0.001203 0.055280
v 0.015023 0.001269 0.055210
v 0.014485 0.003484 0.055280
v 0.014637 0.003575 0.055210
v 0.013759 0.005679 0.055280
v 0.013894 0.005792 0.055210
v 0.012698 0.007733 0.055280
v 0.012814 0.007866 0.055210
v 0.011329 0.009596 0.055280
v 0.011423 0.009746 0.055210
v 0.009685 0.011222 0.055280
v 0.009754 0.011385 0.055210
v 0.007807 0.012571 0.055280
v 0.007850 0.012742 0.055210
v 0.005742 0.013609 0.055280
v 0.005757 0.013785 0.055210
v 0.003539 0.014312 0.055280
v 0.003527 0.014488 0.055210
v 0.001254 0.014661 0.055280
v 0.001214 0.014833 0.055210
v -0.001058 0.014649 0.055280
v -0.001124 0.014812 0.055210
v -0.003382 0.014310 0.055247
v -0.016608 -0.001447 0.069436
v -0.015350 -0.006565 0.069436
v -0.004533 0.011162 0.073186
v -0.006517 0.010292 0.073186
v -0.007762 0.009159 0.073186
v -0.009102 0.007804 0.073186
v -0.010214 0.006256 0.073186
v -0.011070 0.004553 0.073186
v -0.011649 0.002737 0.073186
v -0.011937 0.000853 0.073186
v -0.011927 -0.001053 0.073186
v -0.011618 -0.002933 0.073186
v -0.011020 -0.004743 0.073186
v -0.010145 -0.006436 0.073186
v -0.009017 -0.007972 0.073186
v -0.007662 -0.009312 0.073186
v -0.006114 -0.010424 0.073186
v -0.004411 -0.011280 0.073186
v -0.002595 -0.011859 0.073186
v -0.000711 -0.012147 0.073186
v 0.001195 -0.012137 0.073186
v 0.003076 -0.011829 0.073186
v 0.004885 -0.011230 0.073186
v 0.006579 -0.010355 0.073186
v 0.008115 -0.009227 0.073186
v 0.009455 -0.007872 0.073186
v 0.010567 -0.006324 0.073186
v 0.011423 -0.004621 0.073186
v 0.012002 -0.002805 0.073186
v 0.012290 -0.000921 0.073186
v 0.012279 0.000985 0.073186
v 0.011971 0.002866 0.073186
v 0.011372 0.004675 0.073186
v 0.010498 0.006369 0.073186
v 0.009369 0.007905 0.073186
v 0.008014 0.009245 0.073186
v 0.006466 0.010357 0.073186
v 0.004763 0.011213 0.073186
v 0.002947 0.011792 0.073186
v 0.001063 0.012080 0.073186
v -0.000843 0.012069 0.073186
v -0.002724 0.011761 0.073186
v -0.005955 0.014548 0.071007
v -0.008543 0.013421 0.071002
v -0.010161 0.011939 0.071007
v -0.011906 0.010174 0.071007
v -0.013354 0.008158 0.071007
v -0.014469 0.005940 0.071007
v -0.015223 0.003575 0.071007
v -0.015598 0.001121 0.071007
v -0.015585 -0.001361 0.071007
v -0.015183 -0.003810 0.071007
v -0.014403 -0.006167 0.071007
v -0.013264 -0.008372 0.071007
v -0.011794 -0.010373 0.071007
v -0.010030 -0.012118 0.071007
v -0.008014 -0.013567 0.071007
v -0.005796 -0.014682 0.071006
v -0.003431 -0.015436 0.071006
v -0.000977 -0.015811 0.071006
v 0.001505 -0.015797 0.071006
v 0.003955 -0.015396 0.071006
v 0.006312 -0.014616 0.071006
v 0.008517 -0.013477 0.071006
v 0.010518 -0.012007 0.071006
v 0.012264 -0.010242 0.071006
v 0.013712 -0.008226 0.071006
v 0.014827 -0.006008 0.071006
v 0.015581 -0.003643 0.071006
v 0.015956 -0.001189 0.071006
v 0.015942 0.001293 0.071006
v 0.015541 0.003743 0.071006
v 0.014761 0.006100 0.071006
v 0.013622 0.008305 0.071006
v 0.012152 0.010306 0.071006
v 0.010387 0.012051 0.071006
v 0.008370 0.013499 0.071006
v 0.006152 0.014614 0.071006
v 0.003787 0.015368 0.071006
v 0.001334 0.015743 0.071006
v -0.001149 0.015730 0.071006
v -0.003598 0.015328 0.071006
v -0.006308 0.015390 0.070037
v -0.006176 0.015074 0.070561
v -0.009042 0.014191 0.070037
v -0.008855 0.013902 0.070559
v -0.010757 0.012630 0.070037
v -0.010533 0.012371 0.070561
v -0.012603 0.010763 0.070037
v -0.012342 0.010542 0.070561
v -0.014135 0.008631 0.070037
v -0.013842 0.008454 0.070561
v -0.015314 0.006285 0.070037
v -0.014997 0.006156 0.070561
v -0.016112 0.003784 0.070037
v -0.015779 0.003705 0.070561
v -0.016508 0.001188 0.070037
v -0.016167 0.001163 0.070561
v -0.016494 -0.001437 0.070037
v -0.016153 -0.001409 0.070561
v -0.016069 -0.004028 0.070037
v -0.015737 -0.003947 0.070561
v -0.015244 -0.006521 0.070037
v -0.014929 -0.006388 0.070561
v -0.014040 -0.008854 0.070037
v -0.013749 -0.008673 0.070561
v -0.012485 -0.010970 0.070037
v -0.012226 -0.010746 0.070561
v -0.010618 -0.012816 0.070037
v -0.010398 -0.012554 0.070561
v -0.008486 -0.014348 0.070037
v -0.008309 -0.014055 0.070561
v -0.006140 -0.015527 0.070037
v -0.006011 -0.015210 0.070561
v -0.003639 -0.016325 0.070037
v -0.003561 -0.015991 0.070561
v -0.001043 -0.016721 0.070037
v -0.001018 -0.016380 0.070561
v 0.001583 -0.016707 0.070037
v 0.001554 -0.016366 0.070561
v 0.004174 -0.016282 0.070037
v 0.004092 -0.015950 0.070561
v 0.006666 -0.015457 0.070037
v 0.006533 -0.015142 0.070561
v 0.008999 -0.014253 0.070037
v 0.008819 -0.013962 0.070561
v 0.011115 -0.012698 0.070037
v 0.010891 -0.012439 0.070561
v 0.012961 -0.010831 0.070037
v 0.012700 -0.010610 0.070561
v 0.014493 -0.008699 0.070037
v 0.014200 -0.008521 0.070561
v 0.015672 -0.006353 0.070037
v 0.015355 -0.006223 0.070561
v 0.016470 -0.003851 0.070037
v 0.016137 -0.003773 0.070561
v 0.016867 -0.001256 0.070037
v 0.016525 -0.001231 0.070561
v 0.016852 0.001370 0.070037
v 0.016511 0.001341 0.070561
v 0.016428 0.003961 0.070037
v 0.016095 0.003879 0.070561
v 0.015603 0.006454 0.070037
v 0.015287 0.006321 0.070561
v 0.014398 0.008787 0.070037
v 0.014107 0.008606 0.070561
v 0.012843 0.010902 0.070037
v 0.012584 0.010679 0.070561
v 0.010976 0.012749 0.070037
v 0.010755 0.012487 0.070561
v 0.008844 0.014280 0.070037
v 0.008666 0.013987 0.070561
v 0.006498 0.015459 0.070037
v 0.006368 0.015143 0.070561
v 0.003996 0.016257 0.070037
v 0.003918 0.015924 0.070561
v 0.001401 0.016654 0.070037
v 0.001376 0.016312 0.070561
v -0.001225 0.016639 0.070037
v -0.001196 0.016298 0.070561
v -0.003816 0.016214 0.070037
v -0.003734 0.015882 0.070561
v -0.004806 0.011812 0.075069
v -0.006905 0.010891 0.075069
v -0.008222 0.009692 0.075069
v -0.009641 0.008259 0.075069
v -0.010817 0.006621 0.075069
v -0.011723 0.004819 0.075069
v -0.012335 0.002898 0.075069
v -0.012640 0.000905 0.075069
v -0.012629 -0.001112 0.075069
v -0.012303 -0.003102 0.075069
v -0.011669 -0.005016 0.075069
v -0.010744 -0.006808 0.075069
v -0.009550 -0.008433 0.075069
v -0.008116 -0.009851 0.075069
v -0.006478 -0.011027 0.075069
v -0.004677 -0.011933 0.075069
v -0.002755 -0.012546 0.075069
v -0.000762 -0.012851 0.075069
v 0.001255 -0.012840 0.075069
v 0.003245 -0.012513 0.075069
v 0.005159 -0.011880 0.075069
v 0.006951 -0.010954 0.075069
v 0.008576 -0.009760 0.075069
v 0.009994 -0.008327 0.075069
v 0.011170 -0.006689 0.075069
v 0.012076 -0.004887 0.075069
v 0.012689 -0.002966 0.075069
v 0.012993 -0.000972 0.075069
v 0.012982 0.001044 0.075069
v 0.012656 0.003034 0.075069
v 0.012022 0.004949 0.075069
v 0.011097 0.006741 0.075069
v 0.009903 0.008365 0.075069
v 0.008469 0.009784 0.075069
v 0.006831 0.010960 0.075069
v 0.005030 0.011866 0.075069
v 0.003108 0.012478 0.075069
v 0.001115 0.012783 0.075069
v -0.000901 0.012772 0.075069
v -0.002891 0.012446 0.075069
v -0.004599 0.011318 0.074325
v -0.006621 0.010453 0.074364
v -0.007860 0.009311 0.074343
v -0.009233 0.007925 0.074343
v -0.010362 0.006356 0.074343
v -0.011232 0.004628 0.074343
v -0.011821 0.002786 0.074343
v -0.012106 0.000866 0.074325
v -0.012104 -0.001076 0.074343
v -0.011790 -0.002984 0.074343
v -0.011181 -0.004820 0.074343
v -0.010292 -0.006537 0.074343
v -0.009146 -0.008095 0.074343
v -0.007770 -0.009454 0.074343
v -0.006199 -0.010581 0.074343
v -0.004470 -0.011449 0.074343
v -0.002627 -0.012035 0.074343
v -0.000715 -0.012326 0.074343
v 0.001219 -0.012314 0.074343
v 0.003127 -0.012000 0.074343
v 0.004962 -0.011391 0.074343
v 0.006680 -0.010503 0.074343
v 0.008238 -0.009356 0.074343
v 0.009597 -0.007980 0.074343
v 0.010724 -0.006409 0.074343
v 0.011591 -0.004680 0.074343
v 0.012178 -0.002837 0.074343
v 0.012473 -0.000944 0.074354
v 0.012466 0.000983 0.074353
v 0.012146 0.002900 0.074343
v 0.011540 0.004737 0.074343
v 0.010654 0.006456 0.074343
v 0.009510 0.008015 0.074343
v 0.008136 0.009376 0.074343
v 0.006566 0.010505 0.074343
v 0.004838 0.011375 0.074343
v 0.002996 0.011964 0.074343
v 0.001085 0.012257 0.074343
v -0.000849 0.012248 0.074343
v -0.002758 0.011936 0.074343
v -0.004540 0.011179 0.073882
v -0.006524 0.010303 0.073874
v -0.007759 0.009188 0.073891
v -0.009107 0.007819 0.073867
v -0.010215 0.006286 0.073877
v -0.011075 0.004582 0.073877
v -0.011659 0.002766 0.073877
v -0.011951 0.000872 0.073867
v -0.011943 -0.001045 0.073879
v -0.011636 -0.002928 0.073879
v -0.011034 -0.004757 0.073891
v -0.010152 -0.006450 0.073867
v -0.009026 -0.007990 0.073891
v -0.007664 -0.009328 0.073867
v -0.006117 -0.010444 0.073891
v -0.004408 -0.011295 0.073867
v -0.002608 -0.011873 0.073879
v -0.000721 -0.012162 0.073879
v 0.001187 -0.012153 0.073879
v 0.003071 -0.011846 0.073879
v 0.004883 -0.011248 0.073879
v 0.006579 -0.010374 0.073879
v 0.008118 -0.009245 0.073879
v 0.009461 -0.007889 0.073879
v 0.010575 -0.006340 0.073879
v 0.011434 -0.004635 0.073879
v 0.012015 -0.002817 0.073879
v 0.012305 -0.000931 0.073879
v 0.012297 0.000970 0.073885
v 0.011992 0.002845 0.073877
v 0.011396 0.004658 0.073877
v 0.010524 0.006356 0.073877
v 0.009397 0.007896 0.073877
v 0.008043 0.009241 0.073877
v 0.006496 0.010357 0.073877
v 0.004792 0.011218 0.073877
v 0.002975 0.011801 0.073877
v 0.001090 0.012094 0.073877
v -0.000819 0.012087 0.073877
v -0.002703 0.011782 0.073877
v -0.002913 0.007280 0.081932
v -0.004207 0.006712 0.081932
v -0.005036 0.005957 0.081931
v -0.005902 0.005081 0.081931
v -0.006616 0.004076 0.081933
v -0.007175 0.002963 0.081933
v -0.007554 0.001777 0.081933
v -0.007742 0.000546 0.081933
v -0.007735 -0.000699 0.081933
v -0.007533 -0.001928 0.081933
v -0.007142 -0.003111 0.081933
v -0.006571 -0.004217 0.081933
v -0.005844 -0.005216 0.081931
v -0.004959 -0.006092 0.081931
v -0.003946 -0.006821 0.081932
v -0.002830 -0.007381 0.081932
v -0.001641 -0.007761 0.081933
v -0.000407 -0.007949 0.081933
v 0.000839 -0.007942 0.081933
v 0.002071 -0.007741 0.081933
v 0.003255 -0.007349 0.081932
v 0.004362 -0.006778 0.081932
v 0.005366 -0.006041 0.081932
v 0.006242 -0.005157 0.081931
v 0.006969 -0.004146 0.081931
v 0.007528 -0.003035 0.081931
v 0.007907 -0.001850 0.081930
v 0.008098 -0.000613 0.081930
v 0.008090 0.000639 0.081930
v 0.007887 0.001866 0.081930
v 0.007495 0.003047 0.081931
v 0.006923 0.004152 0.081931
v 0.006186 0.005155 0.081931
v 0.005300 0.006030 0.081932
v 0.004288 0.006756 0.081932
v 0.003175 0.007315 0.081933
v 0.001987 0.007693 0.081933
v 0.000753 0.007882 0.081933
v -0.000494 0.007875 0.081933
v -0.001725 0.007673 0.081933
v -0.004570 0.011250 0.080403
v -0.006696 0.010338 0.080391
v -0.009384 0.008052 0.080278
v -0.010531 0.006457 0.080278
v -0.011415 0.004702 0.080278
v -0.012013 0.002830 0.080278
v -0.012032 0.000860 0.080403
v -0.012300 -0.001091 0.080278
v -0.011981 -0.003030 0.080278
v -0.011363 -0.004895 0.080278
v -0.010460 -0.006640 0.080278
v -0.009296 -0.008223 0.080278
v -0.007898 -0.009604 0.080278
v -0.006302 -0.010749 0.080278
v -0.004546 -0.011631 0.080278
v -0.002673 -0.012227 0.080278
v -0.000731 -0.012522 0.080278
v 0.001234 -0.012511 0.080278
v 0.003173 -0.012192 0.080278
v 0.005038 -0.011573 0.080278
v 0.006783 -0.010671 0.080278
v 0.008366 -0.009506 0.080278
v 0.009747 -0.008108 0.080278
v 0.010892 -0.006512 0.080278
v 0.011774 -0.004756 0.080278
v 0.012370 -0.002883 0.080278
v 0.012681 -0.000949 0.080266
v 0.012655 0.001009 0.080278
v 0.012338 0.002949 0.080278
v 0.011721 0.004814 0.080278
v 0.010821 0.006561 0.080278
v 0.009658 0.008145 0.080278
v 0.008262 0.009527 0.080278
v 0.006667 0.010674 0.080278
v 0.004912 0.011558 0.080278
v 0.003040 0.012156 0.080278
v 0.001098 0.012454 0.080278
v -0.000867 0.012444 0.080278
v -0.002806 0.012127 0.080278
v -0.004780 0.011749 0.079992
v -0.004701 0.011562 0.080228
v -0.006868 0.010834 0.079992
v -0.006757 0.010663 0.080227
v -0.008178 0.009641 0.079992
v -0.008045 0.009487 0.080228
v -0.009589 0.008215 0.079992
v -0.010759 0.006586 0.079992
v -0.011660 0.004794 0.079992
v -0.012269 0.002883 0.079992
v -0.012572 0.000900 0.079992
v -0.012370 0.000885 0.080228
v -0.012599 -0.001084 0.079933
v -0.012237 -0.003086 0.079992
v -0.011607 -0.004990 0.079992
v -0.010686 -0.006772 0.079992
v -0.009499 -0.008389 0.079992
v -0.008072 -0.009799 0.079992
v -0.006443 -0.010969 0.079992
v -0.004651 -0.011870 0.079992
v -0.002740 -0.012480 0.079992
v -0.000757 -0.012783 0.079992
v 0.001249 -0.012772 0.079992
v 0.003228 -0.012447 0.079992
v 0.005133 -0.011817 0.079992
v 0.006915 -0.010897 0.079992
v 0.008532 -0.009709 0.079992
v 0.009942 -0.008283 0.079992
v 0.011112 -0.006654 0.079992
v 0.012013 -0.004861 0.079992
v 0.012623 -0.002950 0.079992
v 0.012926 -0.000967 0.079992
v 0.012915 0.001039 0.079992
v 0.012590 0.003018 0.079992
v 0.011960 0.004923 0.079992
v 0.011040 0.006705 0.079992
v 0.009852 0.008321 0.079992
v 0.008426 0.009732 0.079992
v 0.006796 0.010902 0.079992
v 0.005004 0.011803 0.079992
v 0.003093 0.012412 0.079992
v 0.001110 0.012715 0.079992
v -0.000896 0.012704 0.079992
v -0.002875 0.012380 0.079992
v -0.004806 0.011812 0.079695
v -0.006905 0.010891 0.079695
v -0.008222 0.009692 0.079695
v -0.009641 0.008259 0.079695
v -0.010817 0.006621 0.079695
v -0.011723 0.004819 0.079695
v -0.012335 0.002898 0.079695
v -0.012640 0.000905 0.079695
v -0.012303 -0.003102 0.079695
v -0.011669 -0.005016 0.079695
v -0.010744 -0.006808 0.079695
v -0.009550 -0.008433 0.079695
v -0.008116 -0.009851 0.079695
v -0.006478 -0.011027 0.079695
v -0.004677 -0.011933 0.079695
v -0.002755 -0.012546 0.079695
v -0.000762 -0.012851 0.079695
v 0.001255 -0.012840 0.079695
v 0.003245 -0.012513 0.079695
v 0.005159 -0.011880 0.079695
v 0.006951 -0.010954 0.079695
v 0.008576 -0.009760 0.079695
v 0.009994 -0.008327 0.079695
v 0.011170 -0.006689 0.079695
v 0.012076 -0.004887 0.079695
v 0.012689 -0.002966 0.079695
v 0.012993 -0.000972 0.079695
v 0.012982 0.001044 0.079695
v 0.012656 0.003034 0.079695
v 0.012022 0.004949 0.079695
v 0.011097 0.006741 0.079695
v 0.009903 0.008365 0.079695
v 0.008469 0.009784 0.079695
v 0.006831 0.010960 0.079695
v 0.005030 0.011866 0.079695
v 0.003108 0.012478 0.079695
v 0.001115 0.012783 0.079695
v -0.000901 0.012772 0.079695
v -0.002891 0.012446 0.079695
v -0.003809 0.006923 0.097754
v -0.006339 -0.002309 0.097301
v -0.006351 -0.006092 0.097659
v -0.003811 -0.006842 0.097757
v 0.001072 -0.008534 0.098185
v 0.006210 -0.005266 0.098634
v 0.008109 0.001137 0.098798
v 0.006166 0.005245 0.098627
v 0.001697 0.008079 0.098235
v -0.002891 0.007282 0.094842
v -0.004183 0.006713 0.094729
v -0.004993 0.005974 0.094659
v -0.005866 0.005088 0.094583
v -0.006598 0.004065 0.094518
v -0.005810 -0.005221 0.094591
v -0.004928 -0.006097 0.094668
v -0.003920 -0.006824 0.094757
v -0.002812 -0.007383 0.094854
v -0.001630 -0.007761 0.094957
v -0.000404 -0.007949 0.095064
v 0.000837 -0.007942 0.095173
v 0.002061 -0.007741 0.095280
v 0.003239 -0.007350 0.095383
v 0.004341 -0.006778 0.095479
v 0.005341 -0.006041 0.095567
v 0.006213 -0.005156 0.095643
v 0.006937 -0.004144 0.095706
v 0.007495 -0.003031 0.095754
v 0.007872 -0.001845 0.095787
v 0.008059 -0.000613 0.095803
v 0.008052 0.000632 0.095802
v 0.007852 0.001861 0.095784
v 0.007462 0.003044 0.095749
v 0.006892 0.004151 0.095699
v 0.006157 0.005154 0.095635
v 0.005275 0.006030 0.095557
v 0.004268 0.006756 0.095469
v 0.003159 0.007315 0.095372
v 0.001977 0.007694 0.095268
v 0.000751 0.007882 0.095161
v -0.000489 0.007875 0.095052
v -0.001713 0.007673 0.094945
v -0.006356 -0.007359 0.097659
v -0.003101 0.003775 0.097816
v -0.004229 0.002520 0.097717
v -0.004824 -0.000402 0.097667
v -0.004104 -0.002687 0.097731
v -0.003055 -0.003885 0.097823
v 0.007732 -0.002431 0.098766
v -0.007742 0.000546 0.088039
v -0.015044 0.002202 0.093598
v -0.014662 0.002514 0.089255
v -0.014631 -0.002688 0.089251
v -0.015044 -0.002221 0.093560
v -0.015059 -0.002552 0.093586
v -0.015283 -0.003644 0.096106
v -0.015305 -0.002315 0.096414
v -0.015303 -0.001081 0.096436
v -0.015287 -0.000500 0.096417
v -0.015316 0.000941 0.096425
v -0.015289 0.001842 0.096385
v -0.021365 0.001755 0.089441
v -0.022120 -0.001550 0.092348
v -0.022668 -0.001365 0.094264
v -0.022671 -0.000657 0.094288
v -0.022652 0.001193 0.094310
v -0.033766 0.000714 0.087644
v -0.034016 -0.001158 0.089028
v -0.034098 -0.000556 0.089503
v -0.034095 0.000289 0.089502
v -0.034047 0.001108 0.089246
v -0.031719 0.000707 0.088292
v -0.031983 -0.001165 0.089752
v -0.032196 -0.000628 0.090194
v -0.032085 -0.000293 0.090246
v -0.032110 0.000375 0.090228
v -0.032016 0.001101 0.089982
v -0.028363 0.000968 0.088903
v -0.028655 -0.000858 0.090520
v -0.028782 -0.001583 0.091228
v -0.028845 -0.000887 0.091598
v -0.028840 -0.000621 0.091580
v -0.028843 -0.000409 0.091602
v -0.028842 0.000381 0.091605
v -0.028836 0.000579 0.091579
v -0.028839 0.000845 0.091597
v -0.028715 0.001542 0.090910
v -0.003643 0.009240 0.097612
v -0.005313 0.008479 0.097499
v -0.006443 0.007490 0.094887
v -0.006297 -0.007688 0.097437
v -0.005003 -0.008620 0.097526
v -0.003599 -0.009327 0.097623
v -0.002102 -0.009804 0.097727
v -0.000548 -0.010041 0.097834
v 0.001023 -0.010031 0.097943
v 0.002572 -0.009775 0.098050
v 0.004062 -0.009278 0.098153
v 0.005456 -0.008554 0.098249
v 0.006720 -0.007621 0.098336
v 0.007822 -0.006501 0.098412
v 0.008736 -0.005223 0.098475
v 0.009439 -0.003817 0.098524
v 0.009914 -0.002319 0.098556
v 0.010150 -0.000765 0.098576
v 0.010142 0.000807 0.098571
v 0.009889 0.002358 0.098554
v 0.009397 0.003851 0.098519
v 0.008679 0.005248 0.098469
v 0.007751 0.006517 0.098404
v 0.006637 0.007624 0.098327
v 0.005364 0.008544 0.098239
v 0.003962 0.009253 0.098141
v 0.002466 0.009733 0.098038
v 0.000914 0.009972 0.097930
v -0.000657 0.009965 0.097822
v -0.002207 0.009711 0.097715
v -0.034054 -0.001138 0.089244
v -0.034016 -0.001158 0.089028
v -0.034008 0.001131 0.089026
v -0.034047 0.001108 0.089246
v -0.032023 -0.001145 0.089980
v -0.031983 -0.001165 0.089752
v -0.031975 0.001124 0.089750
v -0.032016 0.001101 0.089982
v -0.028782 -0.001583 0.091228
v -0.028726 -0.001611 0.090913
v -0.028715 0.001542 0.090910
v -0.028771 0.001511 0.091230
v -0.006460 0.007473 0.097430
v -0.005342 0.008461 0.094951
v -0.006281 -0.007700 0.094895
v -0.005016 -0.008611 0.094978
v -0.003615 -0.009320 0.095075
v -0.002119 -0.009800 0.095179
v -0.000567 -0.010040 0.095286
v 0.001004 -0.010033 0.095395
v 0.002555 -0.009779 0.095502
v 0.004047 -0.009285 0.095605
v 0.005443 -0.008563 0.095701
v 0.006709 -0.007630 0.095788
v 0.007814 -0.006510 0.095864
v 0.008731 -0.005231 0.095927
v 0.009436 -0.003824 0.095976
v 0.009913 -0.002324 0.096008
v 0.010151 -0.000766 0.096030
v 0.010142 0.000809 0.096023
v 0.009888 0.002363 0.096005
v 0.009394 0.003858 0.095971
v 0.008674 0.005257 0.095921
v 0.007743 0.006526 0.095856
v 0.006626 0.007634 0.095779
v 0.005350 0.008552 0.095690
v 0.003946 0.009259 0.095593
v 0.002449 0.009737 0.095490
v 0.000896 0.009974 0.095382
v -0.000675 0.009964 0.095274
v -0.002225 0.009707 0.095167
v -0.003648 0.009238 0.095064
v -0.015093 -0.003992 0.093979
v -0.015260 -0.004093 0.095774
v -0.015260 0.003437 0.096121
v -0.015086 0.004036 0.094229
v -0.022231 -0.002678 0.092608
v -0.022623 -0.002838 0.093771
v -0.022552 0.002410 0.094095
v -0.022298 0.002807 0.092876
v -0.034054 -0.001138 0.089244
v -0.034093 0.000621 0.089496
v -0.034008 0.001131 0.089026
v -0.031917 -0.000616 0.089463
v -0.032023 -0.001145 0.089980
v -0.032072 0.000620 0.090246
v -0.031975 0.001124 0.089750
v -0.028726 -0.001611 0.090913
v -0.028829 -0.001285 0.091501
v -0.028771 0.001511 0.091230
v -0.028666 0.001284 0.090629
v -0.006369 0.007147 0.097641
v -0.006372 0.007409 0.097568
v -0.005209 0.008366 0.097672
v -0.003864 0.008868 0.097801
v -0.003601 0.009142 0.097751
v -0.002127 0.009575 0.097889
v -0.000401 0.009694 0.098052
v -0.000646 0.009859 0.097961
v 0.000943 0.009811 0.098110
v 0.002661 0.009382 0.098271
v 0.002444 0.009629 0.098177
v 0.003936 0.009092 0.098320
v 0.005473 0.008124 0.098474
v 0.005310 0.008452 0.098378
v 0.006560 0.007481 0.098505
v 0.007746 0.006052 0.098638
v 0.007672 0.006446 0.098544
v 0.008561 0.005138 0.098647
v 0.009148 0.003715 0.098731
v 0.009299 0.003809 0.098658
v 0.009623 0.002256 0.098765
v 0.009786 0.002332 0.098693
v 0.009863 0.000741 0.098783
v 0.010036 0.000798 0.098711
v 0.009871 -0.000745 0.098782
v 0.010044 -0.000757 0.098712
v 0.009647 -0.002219 0.098768
v 0.009811 -0.002294 0.098696
v 0.009188 -0.003683 0.098736
v 0.009340 -0.003776 0.098663
v 0.008616 -0.005113 0.098653
v 0.007812 -0.006035 0.098646
v 0.007741 -0.006431 0.098552
v 0.006641 -0.007479 0.098515
v 0.005562 -0.008131 0.098484
v 0.005402 -0.008463 0.098388
v 0.004034 -0.009118 0.098332
v 0.002766 -0.009420 0.098283
v 0.002549 -0.009671 0.098189
v 0.001049 -0.009869 0.098122
v -0.000294 -0.009767 0.098064
v -0.000539 -0.009935 0.097974
v -0.002022 -0.009660 0.097906
v -0.003302 -0.009136 0.097849
v -0.003557 -0.009229 0.097763
v -0.004883 -0.008515 0.097700
v -0.005878 -0.007635 0.097667
v -0.006209 -0.007621 0.097577
v -0.005197 0.008226 0.094741
v -0.005286 0.008370 0.094812
v -0.006250 0.007283 0.094671
v -0.006376 0.007405 0.094741
v -0.006162 -0.007446 0.094679
v -0.006222 -0.007609 0.094750
v -0.004964 -0.008457 0.094799
v -0.003770 -0.008933 0.094841
v -0.003576 -0.009221 0.094936
v -0.002120 -0.009637 0.095000
v -0.000795 -0.009728 0.095054
v -0.000561 -0.009934 0.095147
v 0.000949 -0.009878 0.095215
v 0.002277 -0.009549 0.095274
v 0.002527 -0.009676 0.095362
v 0.003942 -0.009156 0.095425
v 0.005131 -0.008419 0.095478
v 0.005385 -0.008473 0.095562
v 0.006567 -0.007543 0.095609
v 0.007486 -0.006458 0.095645
v 0.007732 -0.006442 0.095725
v 0.008566 -0.005195 0.095749
v 0.009116 -0.003860 0.095761
v 0.009337 -0.003784 0.095836
v 0.009746 -0.002342 0.095831
v 0.009864 -0.000836 0.095813
v 0.010044 -0.000759 0.095885
v 0.009849 0.000914 0.095812
v 0.010036 0.000800 0.095884
v 0.009720 0.002380 0.095828
v 0.009073 0.003891 0.095756
v 0.009296 0.003817 0.095832
v 0.008510 0.005219 0.095742
v 0.007415 0.006471 0.095637
v 0.007662 0.006457 0.095717
v 0.006485 0.007545 0.095599
v 0.005038 0.008406 0.095467
v 0.005293 0.008462 0.095551
v 0.003843 0.009130 0.095414
v 0.002171 0.009504 0.095262
v 0.002423 0.009634 0.095350
v 0.000842 0.009818 0.095203
v -0.000630 0.009687 0.095065
v -0.000668 0.009857 0.095134
v -0.002228 0.009543 0.094987
v -0.003441 0.009008 0.094858
v -0.003613 0.009137 0.094925
v -0.015117 -0.004223 0.094246
v -0.015108 -0.004136 0.094087
v -0.015231 -0.003917 0.096019
v -0.015235 0.003888 0.095787
v -0.015259 0.003693 0.096028
v -0.015087 0.003769 0.093941
v -0.015079 0.003950 0.094069
v -0.022320 -0.002933 0.092888
v -0.022261 -0.002846 0.092725
v -0.022599 -0.002541 0.094075
v -0.022589 -0.002737 0.093950
v -0.022604 0.002704 0.093781
v -0.022574 0.002601 0.093960
v -0.022209 0.002554 0.092596
v -0.022239 0.002722 0.092713
v -0.033980 -0.001454 0.088832
v -0.033993 -0.001090 0.088900
v -0.034074 -0.001068 0.089360
v -0.034068 0.001037 0.089363
v -0.031954 -0.001107 0.089625
v -0.032042 -0.001064 0.090112
v -0.032036 0.001019 0.090116
v -0.031946 0.001067 0.089620
v -0.028677 -0.001350 0.090636
v -0.028699 -0.001569 0.090762
v -0.028807 -0.001496 0.091384
v -0.028821 0.001211 0.091507
v -0.028798 0.001422 0.091389
v -0.028687 0.001502 0.090756
v -0.033965 -0.000608 0.088751
v -0.034060 -0.001342 0.089274
v -0.034006 0.001337 0.089016
v -0.034060 -0.001342 0.089274
v -0.034015 -0.001367 0.089019
v -0.034006 0.001337 0.089016
v -0.034051 0.001310 0.089276
v -0.034015 -0.001367 0.089019
v -0.034051 0.001310 0.089276
v -0.033985 0.001064 0.088896
v -0.014722 -0.002629 0.089728
v -0.006487 -0.004328 0.088764
v -0.005882 -0.005126 0.093970
v -0.006616 0.004076 0.088039
v -0.021378 -0.001869 0.089441
v -0.022106 0.001469 0.092345
v -0.033771 -0.000735 0.087644
v -0.033961 0.000600 0.088749
v -0.031724 -0.000742 0.088292
v -0.031913 0.000594 0.089462
v -0.028370 -0.001028 0.088903
v -0.028649 0.000817 0.090518
v -0.007175 0.002963 0.088039
v -0.007554 0.001777 0.088039
v -0.007735 -0.000699 0.088039
v -0.007533 -0.001928 0.088039
v -0.007142 -0.003111 0.088039
v -0.006571 -0.004217 0.088039
v -0.006314 0.004870 0.097453
v -0.006372 -0.001171 0.097337
v -0.006325 0.001409 0.097328
v -0.006323 0.002194 0.097297
v -0.033679 0.000956 0.087161
v -0.034015 -0.001504 0.089013
v -0.034118 -0.000380 0.089635
v -0.034054 0.001442 0.089295
v -0.033939 0.000981 0.088670
v -0.034064 -0.001478 0.089294
v -0.034015 -0.001504 0.089013
v -0.034004 0.001472 0.089010
v -0.034054 0.001442 0.089295
v -0.034064 -0.001478 0.089294
v -0.034004 0.001472 0.089010
v -0.034078 -0.001293 0.089560
v -0.034043 0.001504 0.089356
v -0.034106 0.001067 0.089600
v -0.033960 0.001319 0.088772
v -0.033685 -0.000980 0.087161
v -0.033934 0.000805 0.088655
v -0.033646 0.000974 0.087139
v -0.033944 -0.000810 0.088656
v -0.033944 -0.000947 0.088667
v -0.034011 -0.001534 0.089013
v -0.034112 -0.001104 0.089595
v -0.034089 -0.000503 0.089677
v -0.034101 0.000321 0.089662
v -0.034115 0.000703 0.089633
v -0.034052 0.001471 0.089302
v -0.034061 -0.001507 0.089300
v -0.033977 -0.001569 0.088959
v -0.034011 -0.001534 0.089013
v -0.034000 0.001502 0.089010
v -0.034052 0.001471 0.089301
v -0.033947 -0.001310 0.088761
v -0.034054 -0.001540 0.089353
v -0.034061 -0.001507 0.089300
v -0.033975 0.001540 0.089018
v -0.034000 0.001502 0.089010
v -0.034086 -0.001433 0.089468
v -0.034079 0.001392 0.089471
v -0.034071 0.001255 0.089565
v -0.033961 0.001497 0.088882
v -0.033656 -0.000997 0.087140
v -0.006353 0.015495 0.069436
v -0.009104 0.014288 0.069435
v -0.010831 0.012716 0.069436
v -0.012690 0.010837 0.069436
v -0.014232 0.008690 0.069436
v -0.015420 0.006328 0.069436
v -0.016223 0.003810 0.069436
v -0.016622 0.001197 0.069436
v -0.016180 -0.004056 0.069436
v -0.014137 -0.008914 0.069435
v -0.012571 -0.011044 0.069435
v -0.010692 -0.012903 0.069435
v -0.008545 -0.014445 0.069435
v -0.006183 -0.015633 0.069435
v -0.003665 -0.016436 0.069435
v -0.001051 -0.016835 0.069435
v 0.001592 -0.016821 0.069435
v 0.004201 -0.016393 0.069435
v 0.006711 -0.015563 0.069435
v 0.009059 -0.014350 0.069435
v 0.011190 -0.012784 0.069435
v 0.013049 -0.010905 0.069435
v 0.014591 -0.008758 0.069435
v 0.015778 -0.006396 0.069435
v 0.016581 -0.003877 0.069435
v 0.016981 -0.001264 0.069435
v 0.016966 0.001379 0.069435
v 0.016538 0.003988 0.069436
v 0.015708 0.006498 0.069436
v 0.014495 0.008847 0.069436
v 0.012929 0.010977 0.069436
v 0.011050 0.012836 0.069436
v 0.008903 0.014378 0.069436
v 0.006541 0.015565 0.069436
v 0.004022 0.016368 0.069436
v 0.001409 0.016768 0.069436
v -0.001234 0.016753 0.069436
v -0.003843 0.016325 0.069436
v -0.009098 0.014278 0.055254
v -0.010809 0.012729 0.055275
v -0.012678 0.010834 0.055252
v -0.014220 0.008673 0.055246
v -0.015418 0.006326 0.055302
v -0.016212 0.003801 0.055250
v -0.016620 0.001195 0.055304
v -0.016606 -0.001449 0.055305
v -0.016156 -0.004071 0.055246
v -0.015347 -0.006567 0.055305
v -0.014123 -0.008912 0.055250
v -0.012569 -0.011044 0.055304
v -0.010688 -0.012904 0.055303
v -0.008541 -0.014445 0.055303
v -0.006179 -0.015632 0.055303
v -0.003661 -0.016435 0.055303
v -0.001048 -0.016833 0.055303
v 0.001595 -0.016819 0.055303
v 0.004203 -0.016379 0.055250
v 0.006710 -0.015561 0.055303
v 0.009060 -0.014347 0.055304
v 0.011185 -0.012771 0.055250
v 0.013048 -0.010902 0.055304
v 0.014585 -0.008730 0.055246
v 0.015766 -0.006397 0.055255
v 0.016579 -0.003878 0.055304
v 0.016967 -0.001269 0.055250
v 0.016949 0.001372 0.055247
v 0.016519 0.003977 0.055244
v 0.015707 0.006496 0.055304
v 0.014487 0.008835 0.055250
v 0.012929 0.010974 0.055304
v 0.011049 0.012834 0.055303
v 0.008902 0.014376 0.055303
v 0.006540 0.015563 0.055303
v 0.004025 0.016354 0.055250
v 0.001414 0.016750 0.055247
v -0.001234 0.016751 0.055303
v -0.006359 0.015479 0.055248
v -0.009015 0.014149 0.055186
v -0.010799 0.012602 0.055198
v -0.012573 0.010715 0.055186
v -0.014104 0.008580 0.055186
v -0.015326 0.006290 0.055191
v -0.016054 0.003798 0.055186
v -0.016523 0.001239 0.055192
v -0.016517 -0.001389 0.055192
v -0.016024 -0.003989 0.055186
v -0.015281 -0.006482 0.055192
v -0.014009 -0.008802 0.055186
v -0.012532 -0.010944 0.055192
v -0.010668 -0.012809 0.055197
v -0.008538 -0.014338 0.055192
v -0.006193 -0.015525 0.055192
v -0.003692 -0.016332 0.055192
v -0.001094 -0.016737 0.055192
v 0.001534 -0.016730 0.055192
v 0.004134 -0.016237 0.055186
v 0.006627 -0.015494 0.055192
v 0.008967 -0.014295 0.055192
v 0.011059 -0.012676 0.055186
v 0.012943 -0.010882 0.055192
v 0.014433 -0.008695 0.055186
v 0.015626 -0.006334 0.055186
v 0.016500 -0.003807 0.055192
v 0.016816 -0.001224 0.055186
v 0.016797 0.001393 0.055186
v 0.016369 0.003975 0.055186
v 0.015600 0.006507 0.055192
v 0.014338 0.008782 0.055186
v 0.012824 0.010952 0.055192
v 0.010950 0.012795 0.055192
v 0.008811 0.014322 0.055192
v 0.006458 0.015496 0.055192
v 0.003957 0.016212 0.055186
v 0.001370 0.016603 0.055186
v -0.001276 0.016654 0.055192
v -0.003841 0.016313 0.055251
v -0.004579 0.015968 0.055186
v 0.001374 -0.001748 0.025348
v 0.000692 -0.002115 0.025270
v -0.000009 -0.002229 0.025471
v -0.000490 -0.002166 0.025019
v -0.000976 -0.001997 0.024953
v -0.001535 -0.001593 0.024842
v -0.001944 -0.001033 0.024767
v -0.002162 -0.000371 0.024726
v -0.002165 0.000326 0.024696
v -0.001961 0.000992 0.024763
v -0.001562 0.001559 0.024837
v -0.001011 0.001974 0.024945
v -0.000528 0.002151 0.025013
v -0.000047 0.002223 0.025464
v 0.000655 0.002122 0.025267
v 0.001272 0.001811 0.025343
v 0.001763 0.001323 0.025422
v 0.002081 0.000705 0.025474
v 0.002196 0.000017 0.025464
v 0.002093 -0.000673 0.025476
v 0.001876 -0.001146 0.025437
v 0.008173 -0.001675 -0.014524
v 0.007752 -0.001980 -0.014655
v 0.007281 -0.002157 -0.014763
v 0.006808 -0.002229 -0.015245
v 0.006122 -0.002128 -0.015121
v 0.005517 -0.001818 -0.015250
v 0.005035 -0.001331 -0.015371
v 0.004723 -0.000712 -0.015451
v 0.004608 -0.000023 -0.015450
v 0.004711 0.000669 -0.015454
v 0.005013 0.001293 -0.015377
v 0.005486 0.001789 -0.015257
v 0.006085 0.002110 -0.015127
v 0.006771 0.002223 -0.015256
v 0.007244 0.002160 -0.014773
v 0.007718 0.001992 -0.014665
v 0.008266 0.001589 -0.014507
v 0.008668 0.001029 -0.014396
v 0.008883 0.000366 -0.014336
v 0.008887 -0.000332 -0.014305
v 0.008667 -0.001044 -0.014403
v 0.008221 -0.001673 -0.052756
v 0.007760 -0.001991 -0.052719
v 0.007098 -0.002204 -0.052660
v 0.006401 -0.002200 -0.052609
v 0.005743 -0.001980 -0.052546
v 0.005340 -0.001704 -0.052511
v 0.004960 -0.001301 -0.052476
v 0.004649 -0.000680 -0.052449
v 0.004546 -0.000023 -0.052441
v 0.004637 0.000636 -0.052448
v 0.004937 0.001263 -0.052474
v 0.005310 0.001672 -0.052508
v 0.005708 0.001956 -0.052543
v 0.006363 0.002187 -0.052605
v 0.007059 0.002204 -0.052658
v 0.007725 0.002003 -0.052716
v 0.008296 0.001605 -0.052767
v 0.008715 0.001051 -0.052805
v 0.008944 0.000394 -0.052826
v 0.008968 -0.000158 -0.052828
v 0.008868 -0.000700 -0.052819
v 0.008658 -0.001146 -0.052801
v 0.002688 -0.001153 -0.084586
v 0.002197 -0.001744 -0.084454
v 0.001576 -0.002100 -0.084288
v 0.000901 -0.002229 -0.084107
v 0.000209 -0.002128 -0.083921
v -0.000400 -0.001813 -0.083758
v -0.000878 -0.001324 -0.083630
v -0.001186 -0.000710 -0.083548
v -0.001299 -0.000023 -0.083518
v -0.001197 0.000667 -0.083544
v -0.000900 0.001287 -0.083624
v -0.000431 0.001783 -0.083750
v 0.000173 0.002110 -0.083912
v 0.000862 0.002224 -0.084096
v 0.001541 0.002107 -0.084278
v 0.002131 0.001788 -0.084436
v 0.002596 0.001301 -0.084561
v 0.002897 0.000689 -0.084642
v 0.003001 0.000017 -0.084670
v 0.002909 -0.000658 -0.084645
v -0.028698 -0.028698 -0.066189
v -0.030424 -0.030424 -0.001153
v -0.029993 -0.029993 -0.017412
v -0.029561 -0.029561 -0.033671
v -0.029129 -0.029129 -0.049930
v -0.024993 -0.032571 -0.049930
v -0.025381 -0.033078 -0.033671
v -0.025770 -0.033584 -0.017412
v -0.026193 -0.034135 -0.001153
v -0.010504 -0.039202 -0.066189
v -0.014243 -0.038576 -0.049930
v -0.014779 -0.039037 -0.033671
v -0.015315 -0.039499 -0.017412
v -0.015851 -0.039960 -0.001153
v -0.016185 -0.037173 -0.066189
v -0.011136 -0.041560 -0.001153
v -0.010978 -0.040971 -0.017412
v -0.010820 -0.040381 -0.033671
v -0.010662 -0.039791 -0.049930
v -0.005359 -0.040704 -0.049930
v -0.005442 -0.041337 -0.033671
v -0.005525 -0.041970 -0.017412
v -0.005616 -0.042658 -0.001153
v 0.010504 -0.039202 -0.066189
v 0.006953 -0.040529 -0.049930
v 0.006719 -0.041197 -0.033671
v 0.006486 -0.041864 -0.017412
v 0.006252 -0.042532 -0.001153
v 0.004570 -0.040285 -0.066189
v 0.011136 -0.041560 -0.001153
v 0.010978 -0.040971 -0.017412
v 0.010820 -0.040381 -0.033671
v 0.010662 -0.039791 -0.049930
v 0.015711 -0.037930 -0.049930
v 0.015955 -0.038520 -0.033671
v 0.016200 -0.039110 -0.017412
v 0.016465 -0.039751 -0.001153
v 0.024706 -0.032198 -0.066189
v 0.021933 -0.034784 -0.049930
v 0.021973 -0.035490 -0.033671
v 0.022013 -0.036196 -0.017412
v 0.022053 -0.036902 -0.001153
v 0.019639 -0.035470 -0.066189
v 0.026193 -0.034135 -0.001153
v 0.025821 -0.033651 -0.017412
v 0.025449 -0.033166 -0.033671
v 0.025078 -0.032682 -0.049930
v 0.029030 -0.029030 -0.049930
v 0.029482 -0.029482 -0.033671
v 0.029933 -0.029933 -0.017412
v 0.030424 -0.030424 -0.001153
v -0.020898 -0.034743 -0.066189
v -0.024706 -0.032198 -0.066189
v -0.019157 -0.036387 -0.049930
v -0.019748 -0.036774 -0.033671
v -0.020340 -0.037162 -0.017412
v -0.020932 -0.037549 -0.001153
v -0.000727 -0.040537 -0.066189
v -0.005297 -0.040237 -0.066189
v 0.001603 -0.041090 -0.049930
v 0.001284 -0.041722 -0.033671
v 0.000966 -0.042353 -0.017412
v 0.000647 -0.042984 -0.001153
v 0.015531 -0.037495 -0.066189
v 0.028698 -0.028698 -0.066189
v -0.028482 -0.028482 -0.066178
v -0.028913 -0.028913 -0.049919
v -0.030208 -0.030208 -0.001142
v -0.029777 -0.029777 -0.017401
v -0.029345 -0.029345 -0.033660
v -0.024807 -0.032330 -0.049919
v -0.025196 -0.032836 -0.033660
v -0.025585 -0.033342 -0.017401
v -0.026007 -0.033893 -0.001142
v -0.010425 -0.038907 -0.066178
v -0.015284 -0.037802 -0.049919
v -0.014672 -0.038752 -0.033660
v -0.015208 -0.039213 -0.017401
v -0.015744 -0.039674 -0.001142
v -0.016059 -0.036895 -0.066178
v -0.011057 -0.041265 -0.001142
v -0.010899 -0.040676 -0.017401
v -0.010741 -0.040086 -0.033660
v -0.010583 -0.039496 -0.049919
v -0.005319 -0.040402 -0.049919
v -0.005402 -0.041035 -0.033660
v -0.005486 -0.041668 -0.017401
v -0.005576 -0.042356 -0.001142
v 0.010425 -0.038907 -0.066178
v 0.006903 -0.040228 -0.049919
v 0.006670 -0.040896 -0.033660
v 0.006436 -0.041563 -0.017401
v 0.006203 -0.042231 -0.001142
v 0.004541 -0.039982 -0.066178
v 0.011057 -0.041265 -0.001142
v 0.010899 -0.040676 -0.017401
v 0.010741 -0.040086 -0.033660
v 0.010583 -0.039496 -0.049919
v 0.015595 -0.037649 -0.049919
v 0.015839 -0.038238 -0.033660
v 0.016083 -0.038828 -0.017401
v 0.016349 -0.039469 -0.001142
v 0.024520 -0.031956 -0.066178
v 0.023100 -0.033638 -0.049919
v 0.020750 -0.035940 -0.033660
v 0.021055 -0.036469 -0.017401
v 0.021892 -0.036643 -0.001142
v 0.019495 -0.035201 -0.066178
v 0.026007 -0.033893 -0.001142
v 0.025635 -0.033409 -0.017401
v 0.025264 -0.032924 -0.033660
v 0.024892 -0.032440 -0.049919
v 0.028913 -0.028913 -0.049919
v 0.029266 -0.029266 -0.033660
v 0.029718 -0.029718 -0.017401
v 0.030208 -0.030208 -0.001142
v -0.020737 -0.034484 -0.066178
v -0.024521 -0.031956 -0.066178
v -0.019605 -0.036505 -0.033660
v -0.020196 -0.036893 -0.017401
v -0.020788 -0.037280 -0.001142
v -0.020445 -0.035412 -0.049919
v -0.000717 -0.040232 -0.066178
v -0.005258 -0.039935 -0.066178
v 0.001593 -0.040785 -0.049919
v 0.001274 -0.041417 -0.033660
v 0.000956 -0.042048 -0.017401
v 0.000637 -0.042679 -0.001142
v 0.015414 -0.037213 -0.066178
v 0.028482 -0.028482 -0.066178
v -0.001270 0.001645 0.069889
v -0.001717 0.001118 0.069889
v -0.000870 0.001928 0.069889
v -0.000212 0.002157 0.069889
v 0.001154 0.001968 0.069889
v 0.000486 0.002171 0.069889
v 0.001726 0.001568 0.069889
v 0.002146 0.001012 0.069889
v 0.001743 -0.001621 0.069889
v 0.002157 -0.001061 0.069889
v -0.001950 0.000611 0.069889
v -0.002044 -0.000047 0.069889
v 0.002373 0.000354 0.069889
v -0.002203 0.000325 0.069889
v -0.001543 -0.001461 0.069889
v -0.000849 -0.002009 0.069889
v 0.000510 -0.002237 0.069889
v 0.001176 -0.002027 0.069889
v -0.000188 -0.002231 0.069889
v -0.001943 -0.000704 0.069889
vn -0.2622 -0.0161 0.9649
vn -0.3715 -0.0000 0.9284
vn -0.3745 -0.0505 0.9258
vn -0.3525 -0.0865 0.9318
vn -0.2357 -0.1119 0.9654
vn -0.3514 -0.1448 0.9249
vn -0.3253 -0.1889 0.9266
vn -0.2864 -0.2252 0.9313
vn -0.1753 -0.1846 0.9671
vn -0.2679 -0.2671 0.9257
vn -0.0997 -0.2558 0.9616
vn -0.2136 -0.2960 0.9310
vn -0.1860 -0.3246 0.9274
vn -0.0576 -0.3593 0.9315
vn 0.0117 -0.2597 0.9656
vn -0.0013 -0.3758 0.9267
vn 0.0505 -0.3745 0.9258
vn 0.0865 -0.3525 0.9318
vn 0.1123 -0.2350 0.9655
vn 0.1423 -0.3482 0.9266
vn 0.1998 -0.1822 0.9628
vn 0.2233 -0.2874 0.9314
vn 0.2666 -0.2633 0.9271
vn 0.3204 -0.2424 0.9157
vn 0.3125 -0.1929 0.9301
vn 0.2382 -0.1036 0.9657
vn 0.3498 -0.1443 0.9256
vn 0.3514 -0.1003 0.9308
vn 0.2680 -0.0251 0.9631
vn 0.3724 -0.0503 0.9267
vn 0.3779 0.0012 0.9258
vn 0.3636 0.0369 0.9308
vn 0.2514 0.0583 0.9661
vn 0.3617 0.0965 0.9273
vn 0.3451 0.1366 0.9286
vn 0.2236 0.1291 0.9661
vn 0.3247 0.1886 0.9268
vn 0.2863 0.2275 0.9307
vn 0.1807 0.1889 0.9652
vn 0.2679 0.2671 0.9257
vn 0.1191 0.2322 0.9653
vn 0.2181 0.2946 0.9304
vn 0.1897 0.3274 0.9256
vn 0.0428 0.2653 0.9632
vn 0.1307 0.3411 0.9309
vn 0.0989 0.3647 0.9258
vn -0.0504 0.2668 0.9624
vn -0.0045 0.3651 0.9310
vn -0.0471 0.3714 0.9273
vn -0.0986 0.3653 0.9256
vn -0.1329 0.3415 0.9305
vn -0.1273 0.2236 0.9663
vn -0.1868 0.3244 0.9273
vn -0.2217 0.2929 0.9301
vn -0.1992 0.1741 0.9644
vn -0.2506 0.0869 0.9642
vn -0.3163 0.1801 0.9314
vn -0.3452 0.1449 0.9273
vn -0.3640 0.0536 0.9298
vn -0.9991 -0.0235 -0.0348
vn -0.9934 -0.1074 -0.0406
vn -0.9885 -0.1467 -0.0355
vn -0.9719 -0.2324 -0.0380
vn -0.9601 -0.2776 -0.0347
vn -0.9318 -0.3609 -0.0377
vn -0.9156 -0.4006 -0.0347
vn -0.8768 -0.4794 -0.0377
vn -0.8554 -0.5168 -0.0341
vn -0.8052 -0.5918 -0.0374
vn -0.7785 -0.6267 -0.0348
vn -0.7228 -0.6899 -0.0406
vn -0.6949 -0.7183 -0.0349
vn -0.6276 -0.7776 -0.0376
vn -0.5898 -0.8068 -0.0348
vn -0.5196 -0.8534 -0.0406
vn -0.4853 -0.8736 -0.0349
vn -0.4049 -0.9136 -0.0375
vn -0.3608 -0.9320 -0.0348
vn -0.2810 -0.9588 -0.0406
vn -0.2427 -0.9695 -0.0349
vn -0.1574 -0.9868 -0.0375
vn -0.1105 -0.9933 -0.0347
vn 0.0025 -0.9993 -0.0376
vn 0.0003 -0.9994 -0.0339
vn 0.1304 -0.9908 -0.0353
vn 0.1302 -0.9903 -0.0479
vn 0.2321 -0.9719 -0.0380
vn 0.2781 -0.9599 -0.0347
vn 0.3824 -0.9232 -0.0371
vn 0.3827 -0.9232 -0.0339
vn 0.4997 -0.8655 -0.0351
vn 0.4996 -0.8654 -0.0385
vn 0.5917 -0.8053 -0.0378
vn 0.6267 -0.7785 -0.0348
vn 0.6899 -0.7228 -0.0406
vn 0.7183 -0.6949 -0.0349
vn 0.7760 -0.6296 -0.0380
vn 0.8050 -0.5923 -0.0347
vn 0.8654 -0.4997 -0.0370
vn 0.8657 -0.4994 -0.0339
vn 0.9233 -0.3825 -0.0351
vn 0.9232 -0.3824 -0.0385
vn 0.9589 -0.2813 -0.0377
vn 0.9704 -0.2392 -0.0347
vn 0.9878 -0.1510 -0.0378
vn 0.9936 -0.1073 -0.0348
vn 0.9989 -0.0232 -0.0406
vn 0.9992 0.0164 -0.0355
vn 0.9939 0.1033 -0.0375
vn 0.9881 0.1499 -0.0347
vn 0.9704 0.2385 -0.0378
vn 0.9592 0.2808 -0.0343
vn 0.9318 0.3608 -0.0406
vn 0.9169 0.3977 -0.0349
vn 0.8787 0.4758 -0.0375
vn 0.8553 0.5170 -0.0347
vn 0.8053 0.5917 -0.0378
vn 0.7785 0.6267 -0.0348
vn 0.7228 0.6899 -0.0406
vn 0.6950 0.7181 -0.0355
vn 0.6295 0.7760 -0.0379
vn 0.5926 0.8048 -0.0341
vn 0.5196 0.8536 -0.0377
vn 0.4823 0.8753 -0.0352
vn 0.4014 0.9151 -0.0373
vn 0.3613 0.9318 -0.0348
vn 0.2810 0.9589 -0.0405
vn 0.2431 0.9694 -0.0349
vn 0.1574 0.9868 -0.0375
vn 0.1109 0.9932 -0.0347
vn 0.0208 0.9991 -0.0378
vn -0.0230 0.9991 -0.0343
vn -0.1074 0.9934 -0.0406
vn -0.1468 0.9885 -0.0349
vn -0.2322 0.9720 -0.0375
vn -0.2780 0.9599 -0.0347
vn -0.3847 0.9223 -0.0376
vn -0.3828 0.9232 -0.0339
vn -0.4997 0.8655 -0.0353
vn -0.4993 0.8652 -0.0461
vn -0.5862 0.8093 -0.0375
vn -0.6242 0.7805 -0.0347
vn -0.6898 0.7231 -0.0377
vn -0.7206 0.6924 -0.0352
vn -0.7784 0.6266 -0.0382
vn -0.8047 0.5927 -0.0347
vn -0.8536 0.5196 -0.0377
vn -0.8753 0.4824 -0.0341
vn -0.9141 0.4037 -0.0378
vn -0.9308 0.3638 -0.0347
vn -0.9659 0.2561 -0.0372
vn -0.9655 0.2584 -0.0339
vn -0.9908 0.1305 -0.0353
vn -0.9904 0.1305 -0.0462
vn -0.9990 0.0248 -0.0376
vn -0.0014 -0.0020 -1.0000
vn -0.0583 -0.0419 -0.9974
vn -0.0362 -0.0097 -0.9993
vn 0.0019 -0.0223 -0.9997
vn -0.0180 -0.0671 -0.9976
vn 0.0021 -0.0015 -1.0000
vn 0.0081 0.0027 -1.0000
vn 0.0525 -0.0052 -0.9986
vn 0.0010 0.0026 -1.0000
vn 0.0392 0.0351 -0.9986
vn -0.0051 0.0004 -1.0000
vn -0.0720 0.0251 -0.9971
vn -0.0008 0.0007 -1.0000
vn 0.0012 -0.0022 -1.0000
vn -0.8317 -0.2155 -0.5117
vn -0.8013 -0.3287 -0.4999
vn -0.8129 -0.4506 -0.3690
vn -0.7074 -0.5338 -0.4633
vn -0.5286 -0.6739 -0.5162
vn -0.1126 -0.8551 -0.5061
vn -0.0052 -0.9091 -0.4166
vn 0.3596 -0.8680 -0.3424
vn 0.4514 -0.7668 -0.4563
vn 0.6758 -0.5270 -0.5153
vn 0.8149 -0.4704 -0.3386
vn 0.8217 -0.3378 -0.4590
vn 0.8613 -0.2230 -0.4566
vn 0.8508 -0.1058 -0.5148
vn 0.8798 0.1222 -0.4593
vn 0.7661 0.4496 -0.4593
vn 0.6764 0.5268 -0.5148
vn 0.4326 0.7453 -0.5073
vn 0.3725 0.8509 -0.3703
vn 0.1134 0.8538 -0.5080
vn -0.0062 0.8573 -0.5147
vn -0.2357 0.8553 -0.4614
vn -0.3435 0.8430 -0.4141
vn -0.5455 0.6985 -0.4631
vn -0.6684 0.6462 -0.3682
vn -0.7615 0.4602 -0.4564
vn -0.8191 0.3475 -0.4564
vn -0.8902 0.2585 -0.3750
vn -0.8568 -0.0089 -0.5155
vn -0.4619 -0.0608 -0.8849
vn -0.2960 0.0216 -0.9549
vn -0.3914 -0.1410 -0.9094
vn -0.2996 -0.1782 -0.9373
vn -0.2746 -0.2726 -0.9221
vn -0.2378 -0.3938 -0.8879
vn -0.3307 -0.7590 -0.5609
vn -0.1154 -0.3571 -0.9269
vn -0.0159 -0.3660 -0.9305
vn 0.0594 -0.3179 -0.9463
vn 0.2305 -0.8262 -0.5141
vn 0.1669 -0.4030 -0.8999
vn 0.1559 -0.2198 -0.9630
vn 0.5268 -0.6764 -0.5147
vn 0.3126 -0.3111 -0.8975
vn 0.4373 -0.2786 -0.8551
vn 0.3490 -0.1371 -0.9270
vn 0.2621 -0.0599 -0.9632
vn 0.4695 -0.0000 -0.8830
vn 0.2980 0.0532 -0.9531
vn 0.8266 0.2278 -0.5146
vn 0.4337 0.1797 -0.8829
vn 0.2549 0.1632 -0.9531
vn 0.3320 0.3319 -0.8830
vn 0.5281 0.6766 -0.5132
vn 0.1617 0.2435 -0.9563
vn 0.1480 0.4456 -0.8829
vn 0.0276 0.2582 -0.9657
vn -0.0699 0.5208 -0.8508
vn -0.0017 0.0201 -0.9998
vn -0.1082 0.2945 -0.9495
vn -0.0298 0.0542 -0.9981
vn -0.2505 0.4213 -0.8716
vn -0.2448 0.2691 -0.9315
vn -0.6718 0.5314 -0.5160
vn -0.3408 0.2517 -0.9058
vn -0.2939 0.1501 -0.9440
vn -0.4408 0.1133 -0.8904
vn -0.6100 -0.0000 0.7924
vn -0.5891 -0.1578 0.7925
vn -0.5511 -0.3099 0.7748
vn -0.5142 -0.3856 0.7661
vn -0.3969 -0.5055 0.7661
vn -0.0999 -0.3607 0.9273
vn -0.0796 -0.6048 0.7924
vn -0.0023 -0.6667 0.7453
vn 0.1578 -0.5891 0.7925
vn 0.2530 -0.6168 0.7454
vn 0.1900 -0.3292 0.9249
vn 0.3857 -0.5143 0.7660
vn 0.5116 -0.5098 0.6916
vn 0.5774 -0.3374 0.7435
vn 0.5892 -0.1579 0.7924
vn 0.6607 -0.0893 0.7453
vn 0.6047 0.0796 0.7925
vn 0.6445 0.1703 0.7454
vn 0.5848 0.3209 0.7450
vn 0.5142 0.3856 0.7661
vn 0.3856 0.5142 0.7661
vn 0.2334 0.5634 0.7925
vn 0.0847 0.6613 0.7453
vn 0.0480 0.3727 0.9267
vn -0.0000 0.6100 0.7924
vn -0.0847 0.6613 0.7453
vn -0.2334 0.5634 0.7925
vn -0.3313 0.5785 0.7454
vn -0.2854 0.2852 0.9150
vn -0.5482 0.4352 0.7142
vn -0.2969 0.2314 0.9264
vn -0.5780 0.3337 0.7446
vn -0.6214 0.2417 0.7453
vn -0.3655 0.0980 0.9256
vn -0.6614 0.0847 0.7453
vn -0.9348 0.0109 0.3549
vn -0.7171 -0.0944 0.6905
vn -0.9591 -0.1263 0.2533
vn -0.9002 -0.2525 0.3548
vn -0.6683 -0.2768 0.6905
vn -0.8810 -0.3806 0.2811
vn -0.7944 -0.4587 0.3981
vn -0.7533 -0.5726 0.3235
vn -0.5024 -0.4879 0.7138
vn -0.6721 -0.6660 0.3235
vn -0.5794 -0.7480 0.3236
vn -0.3605 -0.6264 0.6912
vn -0.4924 -0.8237 0.2811
vn -0.3615 -0.8467 0.3903
vn -0.1545 -0.3729 0.9149
vn -0.1884 -0.6967 0.6922
vn -0.2624 -0.9231 0.2811
vn -0.1328 -0.9254 0.3549
vn -0.0043 -0.9462 0.3234
vn 0.0944 -0.7171 0.6905
vn 0.1108 -0.9533 0.2811
vn 0.2314 -0.9058 0.3549
vn 0.3581 -0.8759 0.3234
vn 0.3413 -0.6117 0.7137
vn 0.4694 -0.8216 0.3236
vn 0.5726 -0.7533 0.3237
vn 0.6682 -0.6888 0.2811
vn 0.7246 -0.5686 0.3895
vn 0.8173 -0.4769 0.3234
vn 0.6683 -0.2768 0.6905
vn 0.8810 -0.3807 0.2811
vn 0.9002 -0.2525 0.3549
vn 0.9375 -0.1278 0.3235
vn 0.7233 -0.0000 0.6905
vn 0.9674 -0.0000 0.2533
vn 0.9255 0.1328 0.3548
vn 0.8955 0.2503 0.3681
vn 0.6510 0.2585 0.7137
vn 0.8758 0.3581 0.3235
vn 0.8216 0.4694 0.3235
vn 0.7533 0.5726 0.3235
vn 0.5115 0.5115 0.6905
vn 0.6841 0.6840 0.2533
vn 0.5740 0.7315 0.3680
vn 0.4841 0.8247 0.2926
vn 0.3412 0.6116 0.7138
vn 0.3477 0.8679 0.3548
vn 0.1872 0.6987 0.6905
vn 0.2343 0.9307 0.2810
vn 0.1192 0.9387 0.3235
vn -0.0000 0.9173 0.3981
vn -0.1192 0.9387 0.3236
vn -0.1872 0.6987 0.6905
vn -0.2343 0.9306 0.2811
vn -0.3477 0.8679 0.3547
vn -0.4694 0.8216 0.3236
vn -0.4408 0.5728 0.6911
vn -0.5726 0.7701 0.2812
vn -0.6606 0.6606 0.3567
vn -0.7631 0.5595 0.3234
vn -0.8193 0.4730 0.3242
vn -0.8661 0.3811 0.3235
vn -0.9085 0.2648 0.3234
vn -0.6791 0.1713 0.7137
vn -0.9352 0.1439 0.3235
vn -0.0001 -0.0001 1.0000
vn 0.3480 -0.7344 0.5827
vn 0.3187 -0.8049 0.5006
vn 0.2732 -0.7907 0.5478
vn 0.9918 -0.1184 -0.0475
vn 0.9960 -0.0898 0.0004
vn 0.2166 -0.3888 -0.8955
vn 0.2469 -0.3710 -0.8952
vn 0.1827 -0.4127 -0.8923
vn 0.1499 -0.4242 -0.8931
vn 0.1259 -0.4345 -0.8918
vn 0.0818 -0.4434 -0.8926
vn 0.0565 -0.4498 -0.8914
vn 0.0114 -0.4516 -0.8921
vn -0.0147 -0.4540 -0.8909
vn -0.0596 -0.4487 -0.8917
vn -0.0857 -0.4469 -0.8905
vn -0.1294 -0.4346 -0.8913
vn -0.1550 -0.4287 -0.8901
vn -0.1962 -0.4097 -0.8909
vn -0.2205 -0.3999 -0.8897
vn -0.2584 -0.3746 -0.8905
vn -0.2809 -0.3610 -0.8893
vn -0.3144 -0.3300 -0.8901
vn -0.3345 -0.3131 -0.8889
vn -0.3628 -0.2772 -0.8897
vn -0.3800 -0.2573 -0.8885
vn -0.4024 -0.2174 -0.8893
vn -0.4163 -0.1949 -0.8881
vn -0.4322 -0.1519 -0.8889
vn -0.4425 -0.1275 -0.8877
vn -0.4514 -0.0825 -0.8885
vn -0.4578 -0.0568 -0.8873
vn -0.4596 -0.0108 -0.8881
vn -0.4618 0.0156 -0.8868
vn -0.4564 0.0614 -0.8876
vn -0.4545 0.0879 -0.8864
vn -0.4420 0.1323 -0.8872
vn -0.4360 0.1583 -0.8859
vn -0.4166 0.2003 -0.8867
vn -0.4066 0.2250 -0.8855
vn -0.3809 0.2636 -0.8862
vn -0.3671 0.2865 -0.8850
vn -0.3356 0.3207 -0.8857
vn -0.3183 0.3412 -0.8845
vn -0.2709 0.3794 -0.8847
vn -0.2686 0.3808 -0.8848
vn -0.2174 0.4121 -0.8848
vn -0.1505 0.4421 -0.8842
vn -0.1984 0.4249 -0.8832
vn -0.0796 0.4614 -0.8836
vn -0.1297 0.4518 -0.8826
vn -0.0064 0.4693 -0.8830
vn -0.0574 0.4677 -0.8820
vn 0.0674 0.4657 -0.8824
vn 0.0166 0.4721 -0.8814
vn 0.1398 0.4506 -0.8817
vn 0.0905 0.4649 -0.8807
vn 0.2093 0.4242 -0.8810
vn 0.1627 0.4461 -0.8801
vn 0.2739 0.3873 -0.8804
vn 0.2312 0.4162 -0.8794
vn 0.3320 0.3405 -0.8797
vn 0.2943 0.3759 -0.8787
vn 0.3823 0.2850 -0.8790
vn 0.3505 0.3260 -0.8780
vn 0.4234 0.2222 -0.8783
vn 0.3983 0.2678 -0.8773
vn 0.4542 0.1536 -0.8776
vn 0.4365 0.2026 -0.8766
vn 0.4738 0.0807 -0.8769
vn 0.4640 0.1321 -0.8759
vn 0.4819 0.0056 -0.8762
vn 0.4802 0.0579 -0.8752
vn 0.4780 -0.0702 -0.8756
vn 0.4846 -0.0181 -0.8746
vn 0.4622 -0.1445 -0.8749
vn 0.4769 -0.0940 -0.8739
vn 0.4348 -0.2156 -0.8743
vn 0.4574 -0.1680 -0.8733
vn 0.3966 -0.2817 -0.8737
vn 0.4264 -0.2381 -0.8726
vn 0.3483 -0.3410 -0.8731
vn 0.3847 -0.3026 -0.8720
vn 0.2831 -0.3997 -0.8718
vn 0.3332 -0.3597 -0.8716
vn 0.2302 -0.4322 -0.8719
vn 0.2061 -0.4468 -0.8706
vn 0.1599 -0.4638 -0.8714
vn 0.1339 -0.4744 -0.8701
vn 0.0855 -0.4840 -0.8709
vn 0.0580 -0.4904 -0.8696
vn 0.0087 -0.4922 -0.8704
vn -0.0195 -0.4942 -0.8691
vn -0.0686 -0.4882 -0.8700
vn -0.0968 -0.4858 -0.8687
vn -0.1444 -0.4722 -0.8696
vn -0.1719 -0.4654 -0.8683
vn -0.2169 -0.4444 -0.8692
vn -0.2430 -0.4333 -0.8679
vn -0.2842 -0.4056 -0.8688
vn -0.3082 -0.3905 -0.8675
vn -0.3446 -0.3566 -0.8684
vn -0.3660 -0.3379 -0.8671
vn -0.3967 -0.2986 -0.8680
vn -0.4150 -0.2768 -0.8667
vn -0.4392 -0.2332 -0.8676
vn -0.4538 -0.2087 -0.8663
vn -0.4709 -0.1618 -0.8672
vn -0.4816 -0.1353 -0.8659
vn -0.4911 -0.0861 -0.8668
vn -0.4975 -0.0583 -0.8655
vn -0.4993 -0.0082 -0.8664
vn -0.5012 0.0204 -0.8651
vn -0.4937 0.0854 -0.8654
vn -0.4930 0.0884 -0.8655
vn -0.4774 0.1507 -0.8657
vn -0.4486 0.2239 -0.8652
vn -0.4720 0.1747 -0.8641
vn -0.4087 0.2919 -0.8647
vn -0.4395 0.2469 -0.8636
vn -0.3586 0.3530 -0.8642
vn -0.3961 0.3132 -0.8631
vn -0.2995 0.4055 -0.8636
vn -0.3428 0.3721 -0.8626
vn -0.2327 0.4483 -0.8630
vn -0.2808 0.4219 -0.8620
vn -0.1600 0.4802 -0.8624
vn -0.2117 0.4616 -0.8614
vn -0.0830 0.5004 -0.8618
vn -0.1371 0.4901 -0.8608
vn -0.0037 0.5083 -0.8612
vn -0.0588 0.5066 -0.8602
vn 0.0762 0.5037 -0.8605
vn 0.0214 0.5106 -0.8595
vn 0.1545 0.4867 -0.8598
vn 0.1013 0.5021 -0.8588
vn 0.2293 0.4576 -0.8591
vn 0.1791 0.4812 -0.8581
vn 0.2989 0.4170 -0.8584
vn 0.2528 0.4482 -0.8574
vn 0.3613 0.3659 -0.8576
vn 0.3206 0.4040 -0.8567
vn 0.4152 0.3055 -0.8569
vn 0.3810 0.3498 -0.8559
vn 0.4590 0.2373 -0.8562
vn 0.4319 0.2864 -0.8552
vn 0.4916 0.1628 -0.8555
vn 0.4726 0.2157 -0.8545
vn 0.5122 0.0840 -0.8547
vn 0.5016 0.1393 -0.8538
vn 0.5202 0.0028 -0.8540
vn 0.5184 0.0591 -0.8531
vn 0.5153 -0.0789 -0.8534
vn 0.5225 -0.0228 -0.8524
vn 0.4977 -0.1589 -0.8527
vn 0.5135 -0.1046 -0.8517
vn 0.4676 -0.2354 -0.8521
vn 0.4918 -0.1840 -0.8510
vn 0.4258 -0.3063 -0.8514
vn 0.4578 -0.2593 -0.8504
vn 0.3732 -0.3698 -0.8508
vn 0.4124 -0.3284 -0.8498
vn 0.3113 -0.4244 -0.8503
vn 0.3565 -0.3896 -0.8492
vn 0.2414 -0.4687 -0.8497
vn 0.2916 -0.4414 -0.8486
vn 0.1653 -0.5015 -0.8492
vn 0.2192 -0.4824 -0.8481
vn 0.0849 -0.5219 -0.8487
vn 0.1412 -0.5115 -0.8476
vn 0.0021 -0.5295 -0.8483
vn 0.0595 -0.5280 -0.8471
vn -0.0809 -0.5240 -0.8479
vn -0.0240 -0.5316 -0.8467
vn -0.1621 -0.5055 -0.8474
vn -0.1070 -0.5219 -0.8463
vn -0.2396 -0.4745 -0.8470
vn -0.1876 -0.4994 -0.8458
vn -0.3113 -0.4316 -0.8466
vn -0.2638 -0.4644 -0.8454
vn -0.3754 -0.3780 -0.8463
vn -0.3336 -0.4179 -0.8451
vn -0.4304 -0.3150 -0.8459
vn -0.3953 -0.3609 -0.8447
vn -0.4750 -0.2440 -0.8455
vn -0.4475 -0.2949 -0.8443
vn -0.5079 -0.1669 -0.8451
vn -0.4886 -0.2215 -0.8439
vn -0.5284 -0.0854 -0.8447
vn -0.5179 -0.1424 -0.8435
vn -0.5359 -0.0016 -0.8443
vn -0.5344 -0.0597 -0.8431
vn -0.5302 0.0824 -0.8439
vn -0.5378 0.0247 -0.8427
vn -0.5114 0.1646 -0.8434
vn -0.5280 0.1087 -0.8423
vn -0.4800 0.2429 -0.8429
vn -0.5051 0.1903 -0.8418
vn -0.4367 0.3156 -0.8424
vn -0.4698 0.2675 -0.8413
vn -0.3825 0.3806 -0.8419
vn -0.4227 0.3382 -0.8408
vn -0.3187 0.4365 -0.8413
vn -0.3651 0.4008 -0.8403
vn -0.2469 0.4818 -0.8408
vn -0.2984 0.4538 -0.8397
vn -0.1687 0.5155 -0.8401
vn -0.2240 0.4957 -0.8391
vn -0.0861 0.5365 -0.8395
vn -0.1439 0.5256 -0.8384
vn -0.0010 0.5444 -0.8388
vn -0.0599 0.5427 -0.8378
vn 0.0844 0.5389 -0.8381
vn 0.0258 0.5464 -0.8371
vn 0.1681 0.5201 -0.8374
vn 0.1113 0.5367 -0.8364
vn 0.2480 0.4884 -0.8367
vn 0.1944 0.5137 -0.8357
vn 0.3221 0.4444 -0.8359
vn 0.2730 0.4779 -0.8349
vn 0.3885 0.3893 -0.8352
vn 0.3451 0.4301 -0.8342
vn 0.4456 0.3244 -0.8344
vn 0.4091 0.3716 -0.8334
vn 0.4919 0.2511 -0.8336
vn 0.4632 0.3035 -0.8327
vn 0.5262 0.1714 -0.8329
vn 0.5060 0.2277 -0.8319
vn 0.5477 0.0870 -0.8322
vn 0.5365 0.1460 -0.8312
vn 0.5556 0.0002 -0.8314
vn 0.5539 0.0603 -0.8304
vn 0.5498 -0.0870 -0.8307
vn 0.5576 -0.0273 -0.8297
vn 0.5304 -0.1723 -0.8300
vn 0.5474 -0.1144 -0.8290
vn 0.5055 -0.2398 -0.8288
vn 0.5237 -0.1991 -0.8283
vn 0.5153 -0.2717 -0.8128
vn 0.5163 -0.2532 -0.8182
vn 0.0447 -0.9984 -0.0347
vn 0.0704 -0.9975 -0.0004
vn 0.3915 -0.2481 0.8861
vn 0.3972 -0.2611 0.8798
vn 0.3817 -0.2409 0.8923
vn 0.3978 -0.2101 0.8931
vn 0.4115 -0.1879 0.8918
vn 0.4267 -0.1455 0.8926
vn 0.4368 -0.1214 0.8914
vn 0.4452 -0.0770 0.8921
vn 0.4513 -0.0516 0.8909
vn 0.4526 -0.0064 0.8917
vn 0.4546 0.0197 0.8905
vn 0.4488 0.0647 0.8913
vn 0.4467 0.0909 0.8901
vn 0.4339 0.1344 0.8909
vn 0.4277 0.1600 0.8897
vn 0.4082 0.2010 0.8905
vn 0.3981 0.2253 0.8893
vn 0.3723 0.2629 0.8901
vn 0.3585 0.2854 0.8889
vn 0.3271 0.3185 0.8897
vn 0.3099 0.3385 0.8885
vn 0.2737 0.3664 0.8893
vn 0.2535 0.3835 0.8881
vn 0.2133 0.4054 0.8889
vn 0.1906 0.4192 0.8877
vn 0.1474 0.4346 0.8885
vn 0.1229 0.4446 0.8873
vn 0.0777 0.4531 0.8881
vn 0.0518 0.4592 0.8868
vn 0.0058 0.4605 0.8876
vn -0.0208 0.4625 0.8864
vn -0.0665 0.4566 0.8872
vn -0.0931 0.4544 0.8859
vn -0.1375 0.4414 0.8867
vn -0.1634 0.4350 0.8855
vn -0.2053 0.4152 0.8862
vn -0.2300 0.4049 0.8850
vn -0.2684 0.3787 0.8857
vn -0.2911 0.3647 0.8845
vn -0.3359 0.3233 0.8847
vn -0.3378 0.3210 0.8848
vn -0.3760 0.2751 0.8848
vn -0.4155 0.2133 0.8842
vn -0.3915 0.2582 0.8832
vn -0.4448 0.1460 0.8836
vn -0.4281 0.1941 0.8826
vn -0.4634 0.0747 0.8830
vn -0.4543 0.1250 0.8820
vn -0.4706 0.0012 0.8824
vn -0.4695 0.0524 0.8814
vn -0.4662 -0.0727 0.8817
vn -0.4731 -0.0219 0.8808
vn -0.4502 -0.1453 0.8810
vn -0.4650 -0.0959 0.8801
vn -0.4230 -0.2145 0.8804
vn -0.4454 -0.1681 0.8794
vn -0.3852 -0.2789 0.8797
vn -0.4147 -0.2364 0.8787
vn -0.3377 -0.3367 0.8790
vn -0.3735 -0.2992 0.8780
vn -0.2815 -0.3865 0.8783
vn -0.3229 -0.3550 0.8773
vn -0.2181 -0.4269 0.8776
vn -0.2640 -0.4023 0.8766
vn -0.1489 -0.4570 0.8769
vn -0.1982 -0.4398 0.8759
vn -0.0757 -0.4759 0.8762
vn -0.1272 -0.4666 0.8752
vn -0.0002 -0.4831 0.8756
vn -0.0527 -0.4820 0.8746
vn 0.0757 -0.4783 0.8749
vn 0.0235 -0.4855 0.8739
vn 0.1500 -0.4616 0.8743
vn 0.0995 -0.4770 0.8733
vn 0.2209 -0.4334 0.8737
vn 0.1734 -0.4565 0.8726
vn 0.2867 -0.3943 0.8731
vn 0.2433 -0.4247 0.8720
vn 0.3542 -0.3383 0.8718
vn 0.3073 -0.3820 0.8716
vn 0.3941 -0.2907 0.8719
vn 0.4120 -0.2690 0.8706
vn 0.4355 -0.2258 0.8714
vn 0.4499 -0.2015 0.8701
vn 0.4663 -0.1551 0.8709
vn 0.4767 -0.1288 0.8696
vn 0.4857 -0.0803 0.8705
vn 0.4918 -0.0527 0.8691
vn 0.4930 -0.0033 0.8700
vn 0.4947 0.0250 0.8687
vn 0.4882 0.0741 0.8696
vn 0.4854 0.1023 0.8683
vn 0.4713 0.1498 0.8692
vn 0.4641 0.1773 0.8679
vn 0.4426 0.2220 0.8688
vn 0.4312 0.2481 0.8675
vn 0.4030 0.2890 0.8684
vn 0.3876 0.3129 0.8671
vn 0.3532 0.3490 0.8680
vn 0.3343 0.3702 0.8667
vn 0.2946 0.4006 0.8676
vn 0.2726 0.4186 0.8663
vn 0.2286 0.4423 0.8672
vn 0.2040 0.4567 0.8659
vn 0.1568 0.4734 0.8668
vn 0.1301 0.4837 0.8655
vn 0.0809 0.4928 0.8664
vn 0.0529 0.4989 0.8651
vn -0.0126 0.5009 0.8654
vn -0.0157 0.5006 0.8655
vn -0.0795 0.4943 0.8657
vn -0.1562 0.4765 0.8652
vn -0.1042 0.4924 0.8641
vn -0.2293 0.4469 0.8647
vn -0.1803 0.4708 0.8636
vn -0.2970 0.4062 0.8642
vn -0.2522 0.4375 0.8631
vn -0.3576 0.3554 0.8636
vn -0.3181 0.3933 0.8626
vn -0.4096 0.2956 0.8630
vn -0.3765 0.3393 0.8620
vn -0.4518 0.2283 0.8624
vn -0.4258 0.2767 0.8614
vn -0.4830 0.1550 0.8618
vn -0.4649 0.2070 0.8608
vn -0.5024 0.0777 0.8612
vn -0.4926 0.1319 0.8602
vn -0.5095 -0.0020 0.8605
vn -0.5083 0.0533 0.8595
vn -0.5040 -0.0820 0.8598
vn -0.5115 -0.0271 0.8588
vn -0.4861 -0.1602 0.8591
vn -0.5021 -0.1071 0.8581
vn -0.4561 -0.2350 0.8584
vn -0.4803 -0.1848 0.8574
vn -0.4146 -0.3042 0.8576
vn -0.4464 -0.2584 0.8567
vn -0.3627 -0.3663 0.8569
vn -0.4014 -0.3259 0.8560
vn -0.3016 -0.4195 0.8562
vn -0.3463 -0.3857 0.8551
vn -0.2327 -0.4626 0.8555
vn -0.2822 -0.4361 0.8545
vn -0.1578 -0.4945 0.8547
vn -0.2109 -0.4760 0.8538
vn -0.0785 -0.5142 0.8540
vn -0.1340 -0.5043 0.8531
vn 0.0030 -0.5213 0.8534
vn -0.0535 -0.5202 0.8524
vn 0.0848 -0.5155 0.8527
vn 0.0286 -0.5233 0.8517
vn 0.1648 -0.4969 0.8520
vn 0.1105 -0.5134 0.8510
vn 0.2410 -0.4658 0.8514
vn 0.1898 -0.4907 0.8504
vn 0.3115 -0.4231 0.8508
vn 0.2648 -0.4558 0.8498
vn 0.3746 -0.3698 0.8503
vn 0.3335 -0.4094 0.8492
vn 0.4286 -0.3071 0.8497
vn 0.3942 -0.3528 0.8486
vn 0.4721 -0.2366 0.8492
vn 0.4453 -0.2871 0.8481
vn 0.5040 -0.1600 0.8488
vn 0.4855 -0.2142 0.8476
vn 0.5236 -0.0792 0.8483
vn 0.5137 -0.1357 0.8471
vn 0.5302 0.0037 0.8479
vn 0.5294 -0.0537 0.8467
vn 0.5238 0.0868 0.8474
vn 0.5319 0.0298 0.8463
vn 0.5043 0.1679 0.8470
vn 0.5214 0.1129 0.8458
vn 0.4724 0.2450 0.8466
vn 0.4979 0.1933 0.8454
vn 0.4287 0.3163 0.8463
vn 0.4620 0.2692 0.8451
vn 0.3743 0.3800 0.8459
vn 0.4146 0.3385 0.8447
vn 0.3106 0.4344 0.8455
vn 0.3569 0.3997 0.8443
vn 0.2391 0.4781 0.8451
vn 0.2903 0.4512 0.8439
vn 0.1615 0.5103 0.8447
vn 0.2163 0.4916 0.8435
vn 0.0797 0.5299 0.8443
vn 0.1369 0.5200 0.8431
vn -0.0043 0.5365 0.8439
vn 0.0539 0.5357 0.8427
vn -0.0883 0.5299 0.8434
vn -0.0307 0.5382 0.8423
vn -0.1704 0.5103 0.8429
vn -0.1147 0.5275 0.8418
vn -0.2486 0.4780 0.8424
vn -0.1962 0.5037 0.8413
vn -0.3208 0.4339 0.8419
vn -0.2730 0.4675 0.8408
vn -0.3854 0.3790 0.8413
vn -0.3434 0.4196 0.8402
vn -0.4407 0.3145 0.8407
vn -0.4055 0.3613 0.8397
vn -0.4854 0.2420 0.8401
vn -0.4578 0.2939 0.8391
vn -0.5183 0.1633 0.8395
vn -0.4991 0.2190 0.8384
vn -0.5385 0.0803 0.8388
vn -0.5282 0.1383 0.8378
vn -0.5455 -0.0050 0.8381
vn -0.5444 0.0540 0.8371
vn -0.5390 -0.0905 0.8374
vn -0.5472 -0.0319 0.8364
vn -0.5193 -0.1742 0.8367
vn -0.5365 -0.1175 0.8357
vn -0.4866 -0.2539 0.8359
vn -0.5126 -0.2004 0.8349
vn -0.6747 -0.4447 0.5891
vn -0.6170 -0.2575 0.7437
vn -0.5663 -0.6255 0.5366
vn -0.7365 -0.5393 0.4083
vn -0.4617 -0.7068 0.5360
vn -0.5814 -0.6764 0.4521
vn -0.3456 -0.7707 0.5353
vn -0.4657 -0.7554 0.4610
vn -0.2209 -0.8156 0.5347
vn -0.3394 -0.8147 0.4702
vn -0.0906 -0.8405 0.5342
vn -0.2061 -0.8528 0.4798
vn 0.0420 -0.8447 0.5336
vn -0.0692 -0.8691 0.4897
vn 0.1738 -0.8280 0.5332
vn 0.0677 -0.8633 0.5001
vn 0.2011 -0.8358 0.5109
vn 0.8135 -0.5814 0.0099
vn 0.8582 -0.5133 -0.0070
vn 0.8806 -0.4738 0.0031
vn 0.9153 -0.4028 -0.0072
vn 0.9359 -0.3522 0.0067
vn 0.9670 -0.2546 -0.0067
vn 0.9795 -0.2015 0.0067
vn 0.9949 -0.1002 -0.0067
vn 0.9989 -0.0458 0.0067
vn 0.9984 0.0566 -0.0067
vn 0.9938 0.1111 0.0067
vn 0.9772 0.2121 -0.0067
vn 0.9642 0.2652 0.0067
vn 0.9320 0.3624 -0.0067
vn 0.9108 0.4127 0.0067
vn 0.8638 0.5037 -0.0067
vn 0.8351 0.5501 0.0067
vn 0.7744 0.6327 -0.0067
vn 0.7387 0.6740 0.0068
vn 0.6659 0.7460 -0.0067
vn 0.6242 0.7812 0.0067
vn 0.5410 0.8410 -0.0067
vn 0.4943 0.8693 0.0068
vn 0.4028 0.9153 -0.0068
vn 0.3522 0.9359 0.0067
vn 0.2546 0.9670 -0.0067
vn 0.2015 0.9795 0.0067
vn 0.1002 0.9949 -0.0067
vn 0.0458 0.9989 0.0068
vn -0.0566 0.9984 -0.0067
vn -0.1111 0.9938 0.0067
vn -0.2121 0.9772 -0.0067
vn -0.2652 0.9642 0.0067
vn -0.3624 0.9320 -0.0067
vn -0.4127 0.9108 0.0067
vn -0.5037 0.8638 -0.0067
vn -0.5501 0.8351 0.0068
vn -0.6327 0.7744 -0.0067
vn -0.6740 0.7387 0.0067
vn -0.7460 0.6659 -0.0067
vn -0.7812 0.6242 0.0067
vn -0.8410 0.5410 -0.0068
vn -0.8693 0.4943 0.0067
vn -0.9153 0.4028 -0.0067
vn -0.9359 0.3522 0.0067
vn -0.9670 0.2546 -0.0067
vn -0.9795 0.2015 0.0067
vn -0.9949 0.1002 -0.0067
vn -0.9989 0.0458 0.0067
vn -0.9984 -0.0566 -0.0067
vn -0.9938 -0.1111 0.0067
vn -0.9772 -0.2121 -0.0067
vn -0.9642 -0.2652 0.0068
vn -0.9320 -0.3624 -0.0068
vn -0.9108 -0.4127 0.0067
vn -0.8638 -0.5037 -0.0067
vn -0.8351 -0.5501 0.0068
vn -0.7744 -0.6326 -0.0068
vn -0.7387 -0.6740 0.0067
vn -0.6659 -0.7460 -0.0067
vn -0.6242 -0.7813 0.0068
vn -0.5410 -0.8410 -0.0067
vn -0.4943 -0.8693 0.0067
vn -0.4028 -0.9153 -0.0068
vn -0.3522 -0.9359 0.0067
vn -0.2546 -0.9670 -0.0067
vn -0.2015 -0.9795 0.0067
vn -0.1002 -0.9949 -0.0067
vn -0.0458 -0.9989 0.0067
vn 0.0566 -0.9984 -0.0067
vn 0.1111 -0.9938 0.0067
vn 0.2121 -0.9772 -0.0067
vn 0.2652 -0.9642 0.0067
vn 0.3624 -0.9320 -0.0067
vn 0.4127 -0.9108 0.0067
vn 0.5037 -0.8638 -0.0067
vn 0.5501 -0.8350 0.0067
vn 0.6326 -0.7744 -0.0068
vn 0.6740 -0.7387 0.0067
vn 0.7460 -0.6659 -0.0067
vn 0.7813 -0.6242 0.0067
vn 0.8410 -0.5410 -0.0067
vn 0.8693 -0.4943 0.0067
vn 0.9153 -0.4028 -0.0067
vn 0.8350 0.5501 0.0067
vn 0.7387 0.6740 0.0067
vn 0.6242 0.7813 0.0067
vn 0.5410 0.8410 -0.0068
vn 0.4943 0.8693 0.0067
vn 0.4028 0.9153 -0.0067
vn 0.0458 0.9989 0.0067
vn -0.2652 0.9642 0.0068
vn -0.4127 0.9108 0.0068
vn -0.5501 0.8351 0.0067
vn -0.6327 0.7744 -0.0068
vn -0.7813 0.6242 0.0068
vn -0.8410 0.5410 -0.0067
vn -0.9320 -0.3624 -0.0067
vn -0.8350 -0.5501 0.0067
vn -0.7744 -0.6327 -0.0067
vn -0.6242 -0.7813 0.0067
vn -0.4028 -0.9153 -0.0067
vn 0.6327 -0.7744 -0.0067
vn 0.7812 -0.6242 0.0067
vn 0.7744 0.6327 -0.0068
vn -0.7460 0.6659 -0.0068
vn -0.7813 0.6242 0.0067
vn -0.9153 0.4028 -0.0068
vn -0.9670 0.2546 -0.0068
vn -0.9642 -0.2652 0.0067
vn -0.8350 -0.5501 0.0068
vn 0.2120 -0.9772 -0.0067
vn 0.3405 -0.9402 -0.0031
vn 0.4568 -0.8895 -0.0099
vn 0.7201 -0.6936 0.0186
vn 0.8717 -0.4822 0.0872
vn 0.7205 -0.6238 0.3029
vn 0.3963 -0.9177 0.0264
vn 0.5485 -0.8361 0.0101
vn 0.4072 -0.9133 -0.0000
vn 0.9157 -0.4018 -0.0000
vn 0.9355 -0.3533 -0.0000
vn 0.9673 -0.2536 -0.0000
vn 0.9793 -0.2025 -0.0000
vn 0.9951 -0.0992 -0.0000
vn 0.9989 -0.0469 -0.0000
vn 0.9983 0.0578 -0.0000
vn 0.9939 0.1100 -0.0000
vn 0.9770 0.2132 -0.0000
vn 0.9645 0.2641 -0.0000
vn 0.9316 0.3634 -0.0000
vn 0.9113 0.4118 -0.0000
vn 0.8633 0.5047 -0.0000
vn 0.8357 0.5493 -0.0000
vn 0.7737 0.6335 -0.0000
vn 0.7394 0.6732 -0.0000
vn 0.6651 0.7467 -0.0000
vn 0.6251 0.7806 -0.0000
vn 0.5401 0.8416 -0.0000
vn 0.4952 0.8688 -0.0000
vn 0.4018 0.9157 -0.0000
vn 0.3532 0.9355 -0.0000
vn 0.2536 0.9673 -0.0000
vn 0.2025 0.9793 -0.0000
vn 0.0992 0.9951 -0.0000
vn 0.0468 0.9989 -0.0000
vn -0.0577 0.9983 -0.0000
vn -0.1100 0.9939 -0.0000
vn -0.2132 0.9770 -0.0000
vn -0.2641 0.9645 -0.0000
vn -0.3634 0.9316 -0.0000
vn -0.4118 0.9113 -0.0000
vn -0.5046 0.8633 -0.0000
vn -0.5493 0.8357 -0.0000
vn -0.6335 0.7737 -0.0000
vn -0.6732 0.7395 -0.0000
vn -0.7467 0.6651 -0.0000
vn -0.7806 0.6250 -0.0000
vn -0.8416 0.5401 -0.0000
vn -0.8688 0.4952 -0.0000
vn -0.9157 0.4018 -0.0000
vn -0.9355 0.3533 -0.0000
vn -0.9673 0.2536 -0.0000
vn -0.9793 0.2025 -0.0000
vn -0.9951 0.0992 -0.0000
vn -0.9989 0.0468 -0.0000
vn -0.9983 -0.0577 -0.0000
vn -0.9939 -0.1100 -0.0000
vn -0.9770 -0.2132 -0.0000
vn -0.9645 -0.2641 -0.0000
vn -0.9316 -0.3634 -0.0000
vn -0.9113 -0.4118 -0.0000
vn -0.8633 -0.5047 -0.0000
vn -0.8357 -0.5492 -0.0000
vn -0.7737 -0.6335 -0.0000
vn -0.7394 -0.6732 -0.0000
vn -0.6651 -0.7467 -0.0000
vn -0.6250 -0.7806 -0.0000
vn -0.5401 -0.8416 -0.0000
vn -0.4952 -0.8688 -0.0000
vn -0.4018 -0.9157 -0.0000
vn -0.3533 -0.9355 -0.0000
vn -0.2536 -0.9673 -0.0000
vn -0.2025 -0.9793 -0.0000
vn -0.0992 -0.9951 -0.0000
vn -0.0468 -0.9989 -0.0000
vn 0.0577 -0.9983 -0.0000
vn 0.1100 -0.9939 -0.0000
vn 0.2132 -0.9770 -0.0000
vn 0.2641 -0.9645 -0.0000
vn 0.3634 -0.9316 -0.0000
vn 0.4118 -0.9113 -0.0000
vn 0.5046 -0.8633 -0.0000
vn 0.5493 -0.8357 -0.0000
vn 0.6335 -0.7737 -0.0000
vn 0.6732 -0.7394 -0.0000
vn 0.7468 -0.6651 -0.0000
vn 0.7806 -0.6251 -0.0000
vn 0.8416 -0.5401 -0.0000
vn 0.8688 -0.4952 -0.0000
vn 0.9355 -0.3532 -0.0000
vn 0.9793 -0.2026 -0.0000
vn 0.9989 -0.0468 -0.0000
vn 0.9983 0.0577 -0.0000
vn 0.7738 0.6335 -0.0000
vn 0.6651 0.7468 -0.0000
vn 0.6250 0.7806 -0.0000
vn 0.0991 0.9951 -0.0000
vn 0.0469 0.9989 -0.0000
vn -0.0578 0.9983 -0.0000
vn -0.6335 0.7738 -0.0000
vn -0.7806 0.6251 -0.0000
vn -0.8687 0.4953 -0.0000
vn -0.9355 0.3532 -0.0000
vn -0.9951 0.0991 -0.0000
vn -0.8633 -0.5046 -0.0000
vn -0.8357 -0.5493 -0.0000
vn -0.7738 -0.6335 -0.0000
vn -0.6651 -0.7468 -0.0000
vn -0.6251 -0.7806 -0.0000
vn -0.3532 -0.9355 -0.0000
vn -0.0991 -0.9951 -0.0000
vn 0.6191 -0.7846 0.0350
vn 0.6342 -0.7724 -0.0346
vn 0.5496 -0.8354 -0.0000
vn 0.5050 -0.8631 -0.0000
vn 0.4121 -0.9111 -0.0000
vn 0.3638 -0.9315 -0.0000
vn 0.2645 -0.9644 -0.0000
vn 0.2136 -0.9769 -0.0000
vn 0.1104 -0.9939 -0.0000
vn 0.0582 -0.9983 -0.0000
vn -0.0464 -0.9989 -0.0000
vn -0.0987 -0.9951 -0.0000
vn -0.2020 -0.9794 -0.0000
vn -0.2531 -0.9674 -0.0000
vn -0.3528 -0.9357 -0.0000
vn -0.4014 -0.9159 -0.0000
vn -0.4948 -0.8690 -0.0000
vn -0.5397 -0.8419 -0.0000
vn -0.6246 -0.7809 -0.0000
vn -0.6647 -0.7471 -0.0000
vn -0.7391 -0.6736 -0.0000
vn -0.7734 -0.6339 -0.0000
vn -0.8354 -0.5497 -0.0000
vn -0.8630 -0.5051 -0.0000
vn -0.9111 -0.4123 -0.0000
vn -0.9314 -0.3639 -0.0000
vn -0.9643 -0.2647 -0.0000
vn -0.9769 -0.2138 -0.0000
vn -0.9939 -0.1106 -0.0000
vn -0.9983 -0.0583 -0.0000
vn -0.9989 0.0462 -0.0000
vn -0.9951 0.0985 -0.0000
vn -0.9794 0.2019 -0.0000
vn -0.9675 0.2530 -0.0000
vn -0.9358 0.3526 -0.0000
vn -0.9160 0.4012 -0.0000
vn -0.8691 0.4946 -0.0000
vn -0.8420 0.5395 -0.0000
vn -0.7810 0.6245 -0.0000
vn -0.7473 0.6645 -0.0000
vn -0.6738 0.7389 -0.0000
vn -0.6341 0.7732 -0.0000
vn -0.5499 0.8352 -0.0000
vn -0.5054 0.8629 -0.0000
vn -0.4125 0.9109 -0.0000
vn -0.3642 0.9313 -0.0000
vn -0.2650 0.9643 -0.0000
vn -0.2141 0.9768 -0.0000
vn -0.1109 0.9938 -0.0000
vn -0.0587 0.9983 -0.0000
vn 0.0459 0.9989 -0.0000
vn 0.0982 0.9952 -0.0000
vn 0.2015 0.9795 -0.0000
vn 0.2526 0.9676 -0.0000
vn 0.3522 0.9359 -0.0000
vn 0.4008 0.9162 -0.0000
vn 0.4942 0.8693 -0.0000
vn 0.5391 0.8423 -0.0000
vn 0.6241 0.7814 -0.0000
vn 0.6641 0.7476 -0.0000
vn 0.7386 0.6742 -0.0000
vn 0.7728 0.6346 -0.0000
vn 0.8349 0.5505 -0.0000
vn 0.8625 0.5060 -0.0000
vn 0.9106 0.4132 -0.0000
vn 0.9310 0.3650 -0.0000
vn 0.9640 0.2658 -0.0000
vn 0.9766 0.2150 -0.0000
vn 0.9937 0.1119 -0.0000
vn 0.9982 0.0598 -0.0000
vn 0.9990 -0.0447 -0.0000
vn 0.9953 -0.0968 -0.0000
vn 0.9798 -0.2001 -0.0000
vn 0.9680 -0.2510 -0.0000
vn 0.9366 -0.3505 -0.0000
vn 0.9170 -0.3988 -0.0000
vn 0.8592 -0.5117 -0.0000
vn 0.8365 -0.5480 -0.0000
vn 0.7687 -0.6396 -0.0000
vn 0.3858 -0.8932 -0.2312
vn 0.5584 -0.8245 -0.0915
vn 0.4357 -0.7327 -0.5228
vn 0.6423 -0.7654 -0.0406
vn 0.7462 -0.6657 -0.0024
vn 0.7783 -0.6277 -0.0152
vn 0.8402 -0.5422 -0.0044
vn 0.8668 -0.4964 -0.0483
vn 0.9161 -0.4008 -0.0035
vn 0.9356 -0.3528 -0.0147
vn 0.9672 -0.2541 -0.0026
vn 0.9786 -0.2045 -0.0210
vn 0.9950 -0.0996 -0.0026
vn 0.9986 -0.0489 -0.0214
vn 0.9984 0.0572 -0.0027
vn 0.9939 0.1079 -0.0219
vn 0.9771 0.2127 -0.0028
vn 0.9648 0.2620 -0.0223
vn 0.9318 0.3629 -0.0028
vn 0.9119 0.4097 -0.0228
vn 0.8636 0.5042 -0.0029
vn 0.8366 0.5473 -0.0233
vn 0.7741 0.6331 -0.0029
vn 0.7407 0.6714 -0.0238
vn 0.6655 0.7464 -0.0030
vn 0.6266 0.7790 -0.0243
vn 0.5406 0.8413 -0.0031
vn 0.4971 0.8673 -0.0248
vn 0.4023 0.9155 -0.0031
vn 0.3553 0.9344 -0.0254
vn 0.2542 0.9672 -0.0032
vn 0.2048 0.9785 -0.0260
vn 0.0997 0.9950 -0.0033
vn 0.0492 0.9984 -0.0266
vn -0.0572 0.9984 -0.0034
vn -0.1075 0.9938 -0.0272
vn -0.2126 0.9771 -0.0035
vn -0.2616 0.9648 -0.0280
vn -0.3628 0.9318 -0.0036
vn -0.4093 0.9120 -0.0287
vn -0.5041 0.8636 -0.0036
vn -0.5468 0.8367 -0.0294
vn -0.6330 0.7741 -0.0037
vn -0.6709 0.7409 -0.0302
vn -0.7463 0.6656 -0.0039
vn -0.7780 0.6269 -0.0402
vn -0.8412 0.5407 -0.0040
vn -0.8659 0.4969 -0.0569
vn -0.9154 0.4025 -0.0041
vn -0.9346 0.3541 -0.0327
vn -0.9671 0.2544 -0.0041
vn -0.9785 0.2037 -0.0338
vn -0.9950 0.1001 -0.0043
vn -0.9982 0.0482 -0.0348
vn -0.9984 -0.0568 -0.0044
vn -0.9934 -0.1086 -0.0359
vn -0.9772 -0.2123 -0.0046
vn -0.9642 -0.2626 -0.0371
vn -0.9320 -0.3626 -0.0047
vn -0.9112 -0.4102 -0.0384
vn -0.8634 -0.5045 -0.0049
vn -0.8398 -0.5409 -0.0464
vn -0.7387 -0.6700 -0.0739
vn -0.6246 -0.7769 -0.0792
vn -0.4952 -0.8646 -0.0853
vn -0.3537 -0.9308 -0.0924
vn -0.2037 -0.9738 -0.1008
vn -0.0489 -0.9926 -0.1108
vn 0.1068 -0.9845 -0.1389
vn 0.2610 -0.9651 -0.0221
vn -0.0000 -0.0000 -1.0000
vn 0.0167 -0.0259 -0.9995
vn -0.0100 0.0068 -0.9999
vn -0.0113 0.0224 -0.9997
vn 0.0302 -0.0272 -0.9992
vn 0.0111 -0.0081 -0.9999
vn 0.0624 -0.0383 -0.9973
vn 0.0108 -0.0044 -0.9999
vn 0.0447 -0.0091 -0.9990
vn 0.0125 -0.0024 -0.9999
vn 0.0435 -0.0036 -0.9990
vn 0.0095 -0.0020 -1.0000
vn 0.0419 0.0040 -0.9991
vn 0.0102 0.0015 -0.9999
vn 0.0435 0.0121 -0.9990
vn -0.0099 -0.0022 -0.9999
vn 0.0404 0.0165 -0.9990
vn -0.0009 0.0011 -1.0000
vn 0.0376 0.0250 -0.9990
vn 0.0105 0.0073 -0.9999
vn 0.0334 0.0285 -0.9990
vn 0.0078 0.0046 -1.0000
vn 0.0206 0.0252 -0.9995
vn 0.0293 0.0501 -0.9983
vn 0.0041 0.0076 -1.0000
vn 0.0154 0.0391 -0.9991
vn 0.0033 0.0090 -1.0000
vn 0.0091 0.0410 -0.9991
vn 0.0022 0.0094 -1.0000
vn 0.0026 0.0420 -0.9991
vn 0.0007 0.0096 -1.0000
vn -0.0040 0.0418 -0.9991
vn -0.0019 0.0105 -0.9999
vn -0.0121 0.0435 -0.9990
vn -0.0037 0.0122 -0.9999
vn -0.0165 0.0404 -0.9990
vn -0.0025 0.0094 -1.0000
vn -0.0226 0.0354 -0.9991
vn -0.0059 0.0085 -0.9999
vn -0.0275 0.0288 -0.9992
vn -0.0081 0.0079 -0.9999
vn -0.0203 0.0150 -0.9997
vn -0.0053 0.0045 -1.0000
vn 0.0072 -0.0049 -1.0000
vn -0.0295 0.0139 -0.9995
vn 0.0344 -0.0142 -0.9993
vn -0.0101 0.0016 -0.9999
vn -0.0426 0.0096 -0.9990
vn -0.0128 0.0003 -0.9999
vn -0.0467 0.0038 -0.9989
vn 0.0198 0.0028 -0.9998
vn -0.0466 -0.0035 -0.9989
vn 0.0082 0.0031 -1.0000
vn -0.0442 -0.0094 -0.9990
vn -0.0099 -0.0040 -0.9999
vn -0.0401 -0.0173 -0.9990
vn -0.0107 -0.0062 -0.9999
vn -0.0391 -0.0226 -0.9990
vn -0.0082 -0.0063 -0.9999
vn -0.0321 -0.0271 -0.9991
vn -0.0062 -0.0073 -1.0000
vn -0.0275 -0.0318 -0.9991
vn -0.0049 -0.0082 -1.0000
vn -0.0222 -0.0357 -0.9991
vn -0.0024 -0.0094 -1.0000
vn -0.0161 -0.0406 -0.9990
vn -0.0023 -0.0126 -0.9999
vn -0.0111 -0.0455 -0.9989
vn -0.0023 -0.0134 -0.9999
vn -0.0047 -0.0449 -0.9990
vn -0.0019 0.0031 -1.0000
vn 0.0053 -0.0443 -0.9990
vn -0.0036 0.0128 -0.9999
vn 0.1804 -0.4498 -0.8747
vn 0.0124 -0.0381 -0.9992
vn 0.2909 -0.4314 -0.8539
vn 0.3868 -0.4080 -0.8270
vn 0.4518 -0.3848 -0.8049
vn 0.5440 -0.2231 -0.8089
vn 0.3731 -0.0983 -0.9225
vn 0.0550 -0.0211 -0.9983
vn 0.7767 -0.1609 -0.6090
vn 0.3836 -0.0387 -0.9227
vn 0.7923 -0.0374 -0.6090
vn 0.3851 0.0217 -0.9226
vn 0.7884 0.0870 -0.6090
vn 0.3769 0.0817 -0.9227
vn 0.7651 0.2093 -0.6089
vn 0.3594 0.1396 -0.9227
vn 0.7229 0.3264 -0.6090
vn 0.3331 0.1941 -0.9227
vn 0.6630 0.4355 -0.6090
vn 0.2987 0.2439 -0.9227
vn 0.5867 0.5338 -0.6090
vn 0.2557 0.2864 -0.9234
vn 0.4960 0.6190 -0.6090
vn 0.2085 0.3238 -0.9229
vn 0.3931 0.6890 -0.6090
vn 0.1554 0.3529 -0.9227
vn 0.2804 0.7420 -0.6090
vn 0.0983 0.3729 -0.9227
vn 0.1609 0.7767 -0.6090
vn 0.0388 0.3837 -0.9227
vn 0.0374 0.7923 -0.6090
vn -0.0218 0.3850 -0.9227
vn -0.0870 0.7884 -0.6090
vn -0.0817 0.3768 -0.9227
vn -0.2093 0.7651 -0.6090
vn -0.1396 0.3594 -0.9227
vn -0.3264 0.7229 -0.6090
vn -0.1942 0.3332 -0.9227
vn -0.4354 0.6630 -0.6090
vn -0.3826 0.4353 -0.8150
vn -0.3778 0.3147 -0.8708
vn -0.3790 0.2221 -0.8983
vn -0.5324 0.2232 -0.8165
vn -0.7667 0.2013 -0.6096
vn -0.3777 0.0776 -0.9227
vn -0.7888 0.0789 -0.6096
vn -0.3852 0.0175 -0.9227
vn -0.7914 -0.0455 -0.6095
vn -0.3832 -0.0429 -0.9227
vn -0.7746 -0.1687 -0.6096
vn -0.3718 -0.1023 -0.9227
vn -0.7386 -0.2879 -0.6096
vn -0.3512 -0.1592 -0.9227
vn -0.6845 -0.3998 -0.6096
vn -0.3219 -0.2122 -0.9227
vn -0.6135 -0.5020 -0.6096
vn -0.2848 -0.2600 -0.9227
vn -0.5274 -0.5918 -0.6096
vn -0.2406 -0.3013 -0.9227
vn -0.4283 -0.6670 -0.6096
vn -0.1905 -0.3353 -0.9227
vn -0.3187 -0.7258 -0.6096
vn -0.1357 -0.3610 -0.9226
vn -0.2012 -0.7667 -0.6096
vn -0.0776 -0.3777 -0.9227
vn -0.0788 -0.7888 -0.6096
vn -0.0176 -0.3852 -0.9227
vn 0.0441 -0.7917 -0.6094
vn 0.0354 -0.3805 -0.9241
vn 0.1631 -0.7381 -0.6546
vn 0.1975 -0.7223 -0.6627
vn 0.0452 -0.2196 -0.9745
vn -0.6868 0.7269 -0.0006
vn -0.5263 0.8503 0.0032
vn -0.5255 0.8508 -0.0008
vn -0.7647 0.6444 -0.0009
vn -0.6994 0.7147 0.0068
vn -0.9253 0.3791 0.0112
vn -0.8546 0.5193 0.0049
vn -0.9257 0.3782 -0.0008
vn -0.9734 0.2289 0.0053
vn -0.9737 0.2280 -0.0009
vn -0.9950 0.1001 -0.0068
vn -0.8493 -0.5279 0.0053
vn -0.9218 -0.3876 -0.0005
vn -0.8496 -0.5274 -0.0009
vn -0.7574 -0.6529 -0.0051
vn -0.6635 -0.7482 0.0076
vn -0.6249 -0.7806 -0.0062
vn -0.5383 -0.8427 0.0076
vn -0.4951 -0.8688 -0.0002
vn -0.3998 -0.9166 0.0076
vn -0.3531 -0.9356 -0.0002
vn -0.2515 -0.9678 0.0076
vn -0.2024 -0.9793 -0.0002
vn -0.0970 -0.9953 0.0076
vn -0.0467 -0.9989 -0.0002
vn 0.0599 -0.9982 0.0076
vn 0.1115 -0.9938 -0.0004
vn 0.2396 -0.9709 0.0053
vn 0.2389 -0.9710 -0.0009
vn 0.3622 -0.9321 -0.0004
vn 0.5281 -0.8492 -0.0003
vn 0.4117 -0.9113 0.0076
vn 0.6542 -0.7563 0.0054
vn 0.6537 -0.7567 -0.0009
vn 0.7646 -0.6445 -0.0007
vn 0.9737 -0.2280 -0.0008
vn 0.9351 -0.3543 0.0072
vn 0.9150 -0.4035 -0.0009
vn 0.9953 -0.0971 0.0046
vn 0.9990 -0.0450 -0.0011
vn 0.9983 0.0582 0.0066
vn 0.8502 0.5264 0.0054
vn 0.9224 0.3862 -0.0011
vn 0.8499 0.5270 -0.0009
vn 0.7576 0.6527 -0.0003
vn 0.6651 0.7467 0.0076
vn 0.6250 0.7806 -0.0002
vn 0.5401 0.8416 0.0076
vn 0.4952 0.8688 -0.0002
vn 0.4018 0.9157 0.0076
vn 0.3520 0.9360 -0.0004
vn 0.2523 0.9676 0.0071
vn 0.2007 0.9796 -0.0011
vn 0.0749 0.9972 0.0050
vn -0.0823 0.9965 0.0112
vn -0.0833 0.9965 -0.0006
vn -0.2144 0.9767 0.0071
vn -0.2656 0.9641 -0.0009
vn -0.3472 0.9377 0.0095
vn -0.3753 0.9269 -0.0009
vn -0.3648 0.3825 0.8489
vn -0.2665 0.4297 0.8628
vn -0.2811 0.4532 0.8459
vn -0.3986 0.3456 0.8495
vn -0.3581 0.3648 0.8594
vn -0.4478 0.2790 0.8495
vn -0.4002 0.3173 0.8598
vn -0.4859 0.2055 0.8495
vn -0.4449 0.2508 0.8598
vn -0.5121 0.1270 0.8495
vn -0.4786 0.1781 0.8598
vn -0.5187 0.0380 0.8541
vn -0.5006 0.1010 0.8598
vn -0.5100 -0.0270 0.8597
vn -0.5092 0.0373 0.8599
vn -0.5251 -0.0510 0.8495
vn -0.4995 -0.1065 0.8598
vn -0.5107 -0.1326 0.8495
vn -0.4767 -0.1833 0.8598
vn -0.4836 -0.2108 0.8495
vn -0.4421 -0.2556 0.8598
vn -0.4447 -0.2839 0.8495
vn -0.3967 -0.3216 0.8598
vn -0.3948 -0.3499 0.8495
vn -0.3415 -0.3797 0.8598
vn -0.3352 -0.4073 0.8495
vn -0.2778 -0.4284 0.8598
vn -0.2673 -0.4547 0.8496
vn -0.2074 -0.4666 0.8598
vn -0.1929 -0.4909 0.8496
vn -0.1319 -0.4932 0.8599
vn -0.1137 -0.5150 0.8496
vn -0.0531 -0.5077 0.8599
vn -0.0317 -0.5264 0.8496
vn 0.0270 -0.5098 0.8599
vn 0.0510 -0.5248 0.8497
vn 0.1064 -0.4992 0.8599
vn 0.1325 -0.5104 0.8497
vn 0.1832 -0.4764 0.8599
vn 0.2107 -0.4833 0.8497
vn 0.2554 -0.4419 0.8600
vn 0.2837 -0.4444 0.8497
vn 0.3214 -0.3964 0.8600
vn 0.3497 -0.3945 0.8497
vn 0.3794 -0.3412 0.8600
vn 0.4071 -0.3350 0.8498
vn 0.4281 -0.2777 0.8600
vn 0.4545 -0.2671 0.8498
vn 0.4663 -0.2073 0.8600
vn 0.4906 -0.1927 0.8498
vn 0.4930 -0.1318 0.8600
vn 0.5147 -0.1136 0.8498
vn 0.5087 -0.0373 0.8601
vn 0.5258 0.0374 0.8498
vn 0.5364 -0.0393 0.8430
vn 0.5135 0.1192 0.8498
vn 0.5069 0.0586 0.8600
vn 0.4885 0.1981 0.8498
vn 0.4915 0.1371 0.8600
vn 0.4515 0.2721 0.8498
vn 0.4640 0.2123 0.8600
vn 0.4034 0.3394 0.8498
vn 0.4251 0.2823 0.8600
vn 0.3454 0.3983 0.8497
vn 0.3757 0.3454 0.8600
vn 0.2788 0.4475 0.8497
vn 0.3171 0.3999 0.8600
vn 0.2054 0.4856 0.8497
vn 0.2506 0.4446 0.8599
vn 0.1269 0.5118 0.8497
vn 0.1780 0.4784 0.8599
vn 0.0453 0.5254 0.8496
vn 0.1010 0.5004 0.8599
vn -0.0375 0.5260 0.8496
vn 0.0215 0.5100 0.8599
vn -0.1193 0.5138 0.8496
vn -0.0586 0.5071 0.8599
vn -0.1878 0.4849 0.8541
vn -0.1372 0.4918 0.8598
vn -0.1846 0.4760 0.8599
vn -0.5002 0.8064 0.3155
vn -0.7629 0.6465 0.0106
vn -0.6447 0.6688 0.3703
vn -0.7095 0.5967 0.3749
vn -0.7941 0.4783 0.3749
vn -0.8592 0.3483 0.3749
vn -0.9988 0.0483 0.0100
vn -0.9031 0.2096 0.3749
vn -0.9240 -0.0758 0.3749
vn -0.9963 -0.0854 0.0113
vn -0.9007 -0.2194 0.3749
vn -0.9709 -0.2396 0.0051
vn -0.8553 -0.3576 0.3749
vn -0.9211 -0.3891 0.0113
vn -0.7889 -0.4870 0.3749
vn -0.7030 -0.6044 0.3749
vn -0.7558 -0.6547 0.0112
vn -0.5998 -0.7069 0.3749
vn -0.4818 -0.7920 0.3750
vn -0.3520 -0.8576 0.3750
vn -0.2135 -0.9021 0.3750
vn -0.0697 -0.9244 0.3750
vn 0.0757 -0.9239 0.3750
vn 0.2193 -0.9007 0.3750
vn 0.3575 -0.8553 0.3751
vn 0.4870 -0.7888 0.3750
vn 0.5284 -0.8489 0.0112
vn 0.6044 -0.7029 0.3750
vn 0.7068 -0.5997 0.3751
vn 0.7649 -0.6441 0.0112
vn 0.7920 -0.4817 0.3751
vn 0.8563 -0.5164 0.0050
vn 0.8576 -0.3519 0.3751
vn 0.9021 -0.2134 0.3750
vn 0.9739 -0.2266 0.0112
vn 0.9471 -0.0693 0.3135
vn 0.9716 0.2364 0.0048
vn 0.9236 0.0798 0.3751
vn 0.9223 0.3863 0.0112
vn 0.8997 0.2233 0.3751
vn 0.8537 0.3613 0.3751
vn 0.7578 0.6524 0.0113
vn 0.7867 0.4904 0.3751
vn 0.7003 0.6074 0.3750
vn 0.5967 0.7095 0.3750
vn 0.4783 0.7941 0.3750
vn 0.3482 0.8591 0.3750
vn 0.2095 0.9030 0.3750
vn 0.0657 0.9247 0.3750
vn -0.0798 0.9236 0.3750
vn -0.2233 0.8998 0.3749
vn -0.4021 0.6481 0.6467
vn -0.5082 0.5269 0.6813
vn -0.5583 0.4688 0.6845
vn -0.6247 0.3757 0.6845
vn -0.6759 0.2734 0.6844
vn -0.7103 0.1643 0.6845
vn -0.8980 0.0658 0.4350
vn -0.6893 0.0505 0.7227
vn -0.7266 -0.0591 0.6845
vn -0.7085 -0.1720 0.6844
vn -0.6728 -0.2807 0.6845
vn -0.6206 -0.3825 0.6845
vn -0.5531 -0.4749 0.6845
vn -0.4720 -0.5556 0.6845
vn -0.3793 -0.6225 0.6845
vn -0.2772 -0.6742 0.6846
vn -0.1683 -0.7092 0.6846
vn -0.0553 -0.7268 0.6846
vn 0.0591 -0.7265 0.6846
vn 0.1720 -0.7083 0.6847
vn 0.2807 -0.6726 0.6847
vn 0.3824 -0.6204 0.6847
vn 0.4748 -0.5530 0.6847
vn 0.5554 -0.4719 0.6847
vn 0.6224 -0.3792 0.6847
vn 0.6740 -0.2771 0.6848
vn 0.7091 -0.1683 0.6848
vn 0.7637 -0.0559 0.6432
vn 0.7260 0.0632 0.6848
vn 0.7072 0.1760 0.6848
vn 0.6710 0.2845 0.6848
vn 0.6182 0.3859 0.6847
vn 0.5502 0.4779 0.6847
vn 0.4687 0.5581 0.6847
vn 0.3756 0.6246 0.6847
vn 0.2733 0.6757 0.6847
vn 0.1643 0.7101 0.6847
vn 0.0512 0.7271 0.6846
vn -0.0632 0.7262 0.6846
vn -0.1760 0.7074 0.6846
vn -0.3251 0.8399 0.4345
vn -0.2495 0.6448 0.7225
vn -0.6930 0.7205 -0.0234
vn -0.5204 0.8394 -0.1570
vn -0.5270 0.8496 -0.0197
vn -0.7622 0.6337 -0.1320
vn -0.6841 0.7053 -0.1859
vn -0.8411 0.5404 -0.0213
vn -0.7636 0.6454 -0.0191
vn -0.9152 0.4024 -0.0218
vn -0.8580 0.4903 -0.1529
vn -0.9669 0.2542 -0.0218
vn -0.9240 0.3504 -0.1529
vn -0.9948 0.1000 -0.0213
vn -0.9678 0.2015 -0.1512
vn -0.9981 -0.0575 -0.0218
vn -0.9914 0.0554 -0.1189
vn -0.9768 -0.2128 -0.0223
vn -0.9846 -0.0873 -0.1515
vn -0.9215 -0.3876 -0.0236
vn -0.9584 -0.2407 -0.1534
vn -0.8466 -0.5156 -0.1320
vn -0.9108 -0.3692 -0.1846
vn -0.7565 -0.6536 -0.0232
vn -0.8496 -0.5271 -0.0191
vn -0.6459 -0.7520 -0.1320
vn -0.7521 -0.6327 -0.1844
vn -0.5174 -0.8554 -0.0231
vn -0.6452 -0.7638 -0.0191
vn -0.3823 -0.9146 -0.1319
vn -0.5198 -0.8341 -0.1844
vn -0.2536 -0.9671 -0.0218
vn -0.3782 -0.9255 -0.0191
vn -0.0994 -0.9948 -0.0223
vn -0.2210 -0.9631 -0.1533
vn 0.0574 -0.9981 -0.0223
vn -0.0676 -0.9858 -0.1535
vn 0.2128 -0.9768 -0.0223
vn 0.0874 -0.9843 -0.1535
vn 0.3630 -0.9315 -0.0223
vn 0.2403 -0.9585 -0.1535
vn 0.5043 -0.8633 -0.0223
vn 0.3873 -0.9091 -0.1535
vn 0.6331 -0.7737 -0.0223
vn 0.5247 -0.8373 -0.1535
vn 0.7464 -0.6652 -0.0223
vn 0.6493 -0.7449 -0.1535
vn 0.8412 -0.5402 -0.0223
vn 0.7578 -0.6342 -0.1535
vn 0.9154 -0.4020 -0.0223
vn 0.8477 -0.5078 -0.1535
vn 0.9670 -0.2538 -0.0223
vn 0.9167 -0.3689 -0.1535
vn 0.9948 -0.0994 -0.0223
vn 0.9631 -0.2210 -0.1535
vn 0.9981 0.0575 -0.0226
vn 0.9855 -0.0677 -0.1553
vn 0.9769 0.2125 -0.0223
vn 0.9793 0.0948 -0.1790
vn 0.9317 0.3627 -0.0219
vn 0.9534 0.2599 -0.1531
vn 0.8635 0.5039 -0.0219
vn 0.9011 0.4056 -0.1531
vn 0.7740 0.6328 -0.0219
vn 0.8266 0.5416 -0.1531
vn 0.6655 0.7461 -0.0219
vn 0.7317 0.6643 -0.1531
vn 0.5406 0.8410 -0.0219
vn 0.6187 0.7705 -0.1531
vn 0.4023 0.9152 -0.0219
vn 0.4906 0.8578 -0.1531
vn 0.2542 0.9669 -0.0219
vn 0.3503 0.9240 -0.1530
vn 0.0998 0.9948 -0.0219
vn 0.2015 0.9675 -0.1530
vn -0.0570 0.9981 -0.0219
vn 0.0477 0.9871 -0.1530
vn -0.2124 0.9769 -0.0219
vn -0.1073 0.9824 -0.1530
vn -0.3609 0.9323 -0.0231
vn -0.2600 0.9537 -0.1512
vn -0.3570 0.9224 -0.1472
vn -0.4424 0.7153 -0.5409
vn -0.6837 0.7235 -0.0958
vn -0.5247 0.8457 -0.0973
vn -0.5994 0.6208 -0.5053
vn -0.7432 0.6620 -0.0970
vn -0.6643 0.5546 -0.5010
vn -0.8517 0.5186 -0.0752
vn -0.7430 0.4439 -0.5010
vn -0.9287 0.3581 -0.0967
vn -0.8029 0.3221 -0.5016
vn -0.9733 0.2084 -0.0967
vn -0.8436 0.1922 -0.5014
vn -0.9829 0.0720 -0.1693
vn -0.8625 -0.0669 -0.5015
vn -0.8877 0.0653 -0.4558
vn -0.8409 -0.2012 -0.5024
vn -0.9938 -0.0863 -0.0705
vn -0.7989 -0.3304 -0.5026
vn -0.9600 -0.2628 -0.0967
vn -0.7381 -0.4516 -0.5012
vn -0.9071 -0.4098 -0.0967
vn -0.6577 -0.5611 -0.5026
vn -0.8318 -0.5466 -0.0967
vn -0.5624 -0.6576 -0.5012
vn -0.7361 -0.6700 -0.0967
vn -0.4521 -0.7369 -0.5026
vn -0.6222 -0.7769 -0.0968
vn -0.3318 -0.7996 -0.5006
vn -0.4930 -0.8647 -0.0967
vn -0.2026 -0.8409 -0.5019
vn -0.3516 -0.9311 -0.0967
vn -0.0685 -0.8622 -0.5019
vn -0.2214 -0.9657 -0.1354
vn 0.0672 -0.8623 -0.5019
vn -0.0702 -0.9947 -0.0752
vn 0.2013 -0.8411 -0.5020
vn 0.1094 -0.9893 -0.0968
vn 0.3304 -0.7993 -0.5020
vn 0.2412 -0.9610 -0.1355
vn 0.4513 -0.7377 -0.5020
vn 0.3682 -0.9247 -0.0968
vn 0.5612 -0.6580 -0.5021
vn 0.5083 -0.8557 -0.0968
vn 0.6572 -0.5621 -0.5021
vn 0.6537 -0.7530 -0.0753
vn 0.7370 -0.4524 -0.5021
vn 0.7769 -0.6222 -0.0968
vn 0.7987 -0.3315 -0.5021
vn 0.8646 -0.4930 -0.0968
vn 0.8407 -0.2025 -0.5022
vn 0.9311 -0.3516 -0.0969
vn 0.8531 -0.0558 -0.5188
vn 0.9747 -0.2017 -0.0963
vn 0.9937 0.0575 -0.0957
vn 0.9926 -0.0727 -0.0972
vn 0.8468 0.0869 -0.5248
vn 0.9724 0.2123 -0.0967
vn 0.8383 0.2110 -0.5028
vn 0.9202 0.3842 -0.0753
vn 0.7953 0.3399 -0.5020
vn 0.8355 0.5409 -0.0968
vn 0.7323 0.4602 -0.5020
vn 0.7406 0.6649 -0.0968
vn 0.6513 0.5691 -0.5020
vn 0.6275 0.7726 -0.0968
vn 0.5543 0.6640 -0.5019
vn 0.4989 0.8612 -0.0968
vn 0.4436 0.7425 -0.5019
vn 0.3580 0.9287 -0.0968
vn 0.3220 0.8028 -0.5019
vn 0.2084 0.9733 -0.0968
vn 0.1925 0.8433 -0.5018
vn 0.0771 0.9878 -0.1355
vn 0.0582 0.8630 -0.5018
vn -0.0810 0.9939 -0.0753
vn -0.0776 0.8615 -0.5018
vn -0.2562 0.9618 -0.0968
vn -0.2117 0.8388 -0.5016
vn -0.3703 0.9211 -0.1206
vn -0.3211 0.8290 -0.4579
vn -0.7785 0.6274 0.0137
vn -0.6987 0.7153 0.0132
vn -0.9775 -0.2103 0.0158
vn -0.9304 -0.3663 0.0137
vn -0.8616 -0.5073 0.0137
vn -0.7717 -0.6359 0.0137
vn -0.0707 -0.9973 0.0200
vn -0.2270 -0.9738 0.0105
vn 0.0608 -0.9981 0.0137
vn 0.4117 -0.9112 0.0137
vn 0.2399 -0.9707 0.0105
vn 0.5492 -0.8356 0.0137
vn 0.7488 -0.6627 0.0137
vn 0.9652 0.2611 0.0137
vn 0.9942 0.1069 0.0137
vn 0.8632 0.5046 0.0137
vn 0.7736 0.6335 0.0137
vn -0.0816 0.9965 0.0200
vn 0.0742 0.9972 0.0105
vn -0.2132 0.9769 0.0137
vn -0.2772 0.2463 0.9287
vn -0.2389 0.2403 0.9408
vn -0.2093 0.2734 0.9388
vn -0.2872 0.1814 0.9405
vn -0.2672 0.2100 0.9405
vn -0.3120 0.1344 0.9405
vn -0.2967 0.1657 0.9405
vn -0.3655 0.0936 0.9261
vn -0.3189 0.1174 0.9405
vn -0.3419 0.0250 0.9394
vn -0.3308 0.0714 0.9410
vn -0.3377 -0.0224 0.9410
vn -0.3341 0.0245 0.9422
vn -0.3805 -0.0399 0.9239
vn -0.3326 -0.0697 0.9405
vn -0.3283 -0.0875 0.9405
vn -0.3176 -0.1209 0.9405
vn -0.3105 -0.1378 0.9405
vn -0.2948 -0.1690 0.9405
vn -0.2852 -0.1845 0.9405
vn -0.2648 -0.2130 0.9405
vn -0.2528 -0.2269 0.9405
vn -0.2282 -0.2517 0.9405
vn -0.2142 -0.2636 0.9405
vn -0.1860 -0.2843 0.9405
vn -0.1703 -0.2939 0.9406
vn -0.1392 -0.3099 0.9405
vn -0.1222 -0.3169 0.9406
vn -0.0889 -0.3278 0.9405
vn -0.0712 -0.3320 0.9406
vn -0.0365 -0.3377 0.9405
vn -0.0183 -0.3391 0.9406
vn 0.0168 -0.3392 0.9406
vn 0.0350 -0.3377 0.9406
vn 0.0697 -0.3324 0.9406
vn 0.0874 -0.3280 0.9406
vn 0.1209 -0.3174 0.9406
vn 0.1377 -0.3103 0.9406
vn 0.1690 -0.2945 0.9406
vn 0.1845 -0.2849 0.9406
vn 0.2130 -0.2644 0.9406
vn 0.2268 -0.2525 0.9406
vn 0.2517 -0.2279 0.9406
vn 0.2635 -0.2139 0.9406
vn 0.2842 -0.1857 0.9406
vn 0.2937 -0.1701 0.9406
vn 0.3097 -0.1390 0.9406
vn 0.3167 -0.1221 0.9406
vn 0.3277 -0.0888 0.9406
vn 0.3674 -0.0806 0.9266
vn 0.3386 -0.0248 0.9406
vn 0.3752 0.0262 0.9266
vn 0.3991 -0.0292 0.9165
vn 0.3311 0.0747 0.9406
vn 0.3371 0.0401 0.9406
vn 0.3153 0.1255 0.9406
vn 0.3267 0.0925 0.9406
vn 0.2918 0.1733 0.9406
vn 0.3082 0.1424 0.9406
vn 0.2611 0.2168 0.9406
vn 0.2822 0.1888 0.9406
vn 0.2240 0.2550 0.9406
vn 0.2492 0.2306 0.9406
vn 0.1814 0.2869 0.9406
vn 0.2101 0.2667 0.9406
vn 0.1343 0.3118 0.9406
vn 0.1658 0.2963 0.9406
vn 0.0839 0.3290 0.9406
vn 0.1174 0.3187 0.9406
vn 0.0314 0.3381 0.9406
vn 0.0661 0.3331 0.9406
vn -0.0219 0.3388 0.9406
vn 0.0131 0.3394 0.9406
vn -0.0826 0.3680 0.9262
vn -0.0402 0.3373 0.9405
vn -0.1214 0.3200 0.9396
vn -0.0867 0.3270 0.9410
vn -0.1569 0.2927 0.9432
vn -0.1212 0.3123 0.9422
vn -0.4878 0.7863 0.3791
vn -0.5271 0.8497 0.0071
vn -0.6211 0.6441 0.4465
vn -0.8541 0.5197 0.0200
vn -0.6730 0.5636 0.4791
vn -0.9156 0.4018 0.0137
vn -0.7455 0.4505 0.4912
vn -0.9672 0.2536 0.0137
vn -0.8068 0.3283 0.4912
vn -0.9975 0.0702 0.0119
vn -0.8482 0.1981 0.4912
vn -0.8175 -0.2139 0.5348
vn -0.9920 -0.0855 0.0924
vn -0.8032 -0.3371 0.4912
vn -0.7406 -0.4586 0.4912
vn -0.6597 -0.5688 0.4912
vn -0.5626 -0.6650 0.4912
vn -0.6627 -0.7488 0.0137
vn -0.4516 -0.7448 0.4912
vn -0.5374 -0.8432 0.0137
vn -0.3296 -0.8063 0.4913
vn -0.3989 -0.9169 0.0137
vn -0.1994 -0.8479 0.4913
vn -0.0643 -0.8686 0.4913
vn 0.0724 -0.8680 0.4913
vn 0.2073 -0.8460 0.4913
vn 0.3371 -0.8031 0.4913
vn 0.4586 -0.7405 0.4913
vn 0.5687 -0.6596 0.4913
vn 0.6552 -0.7552 0.0200
vn 0.6649 -0.5625 0.4913
vn 0.7447 -0.4516 0.4913
vn 0.8432 -0.5374 0.0137
vn 0.8062 -0.3295 0.4913
vn 0.9169 -0.3989 0.0137
vn 0.8498 -0.2007 0.4874
vn 0.9680 -0.2505 0.0137
vn 0.9133 -0.0669 0.4017
vn 0.9973 -0.0729 0.0071
vn 0.8699 0.0748 0.4875
vn 0.9225 0.3855 0.0200
vn 0.8456 0.2086 0.4914
vn 0.8026 0.3383 0.4913
vn 0.7398 0.4597 0.4913
vn 0.6650 0.7467 0.0137
vn 0.6588 0.5698 0.4913
vn 0.5400 0.8415 0.0137
vn 0.5615 0.6658 0.4913
vn 0.4017 0.9157 0.0137
vn 0.4505 0.7454 0.4913
vn 0.2536 0.9672 0.0137
vn 0.3283 0.8068 0.4913
vn 0.1981 0.8482 0.4913
vn 0.0629 0.8687 0.4913
vn -0.0737 0.8679 0.4913
vn -0.3474 0.9375 0.0182
vn -0.2086 0.8457 0.4912
vn -0.3496 0.5637 0.7484
vn -0.4457 0.4582 0.7690
vn -0.6410 0.3654 0.6749
vn -0.6903 0.2607 0.6749
vn -0.8364 0.0598 0.5448
vn -0.7299 -0.1541 0.6660
vn -0.6874 -0.2682 0.6749
vn -0.6370 -0.3724 0.6750
vn -0.5709 -0.4675 0.6749
vn -0.4908 -0.5510 0.6749
vn -0.3985 -0.6210 0.6750
vn -0.2965 -0.6757 0.6750
vn -0.1871 -0.7137 0.6750
vn -0.0732 -0.7342 0.6750
vn 0.0426 -0.7366 0.6750
vn 0.1573 -0.7208 0.6750
vn 0.2681 -0.6873 0.6750
vn 0.3723 -0.6369 0.6750
vn 0.4674 -0.5708 0.6751
vn 0.5509 -0.4907 0.6751
vn 0.6209 -0.3984 0.6751
vn 0.6756 -0.2964 0.6751
vn 0.7115 0.1948 0.6751
vn 0.6723 0.3037 0.6751
vn 0.6165 0.4052 0.6751
vn 0.5455 0.4967 0.6751
vn 0.4611 0.5759 0.6751
vn 0.3654 0.6410 0.6750
vn 0.2606 0.6902 0.6750
vn 0.1494 0.7225 0.6750
vn 0.0346 0.7370 0.6750
vn -0.0811 0.7334 0.6750
vn -0.3033 0.7897 0.5333
vn -0.2115 0.5314 0.8203
vn -0.4545 0.8873 0.0786
vn -0.5659 0.8234 -0.0422
vn -0.4038 0.9148 -0.0097
vn -0.5361 -0.8425 -0.0519
vn -0.4326 -0.8982 0.0777
vn -0.3913 -0.9201 -0.0157
vn -0.3972 -0.9166 -0.0452
vn -0.5010 -0.8640 0.0506
vn -0.2485 -0.9672 -0.0523
vn -0.3594 -0.9321 0.0441
vn -0.0933 -0.9946 -0.0452
vn -0.2087 -0.9766 0.0524
vn 0.0638 -0.9966 -0.0524
vn -0.0531 -0.9976 0.0451
vn 0.2196 -0.9745 -0.0451
vn 0.1044 -0.9932 0.0523
vn 0.3693 -0.9278 -0.0525
vn 0.2589 -0.9648 0.0452
vn 0.5104 -0.8587 -0.0450
vn 0.4073 -0.9118 0.0522
vn 0.6380 -0.7682 -0.0525
vn 0.5453 -0.8370 0.0451
vn 0.7506 -0.6593 -0.0449
vn 0.6699 -0.7406 0.0522
vn 0.8437 -0.5343 -0.0525
vn 0.7777 -0.6270 0.0452
vn 0.9171 -0.3962 -0.0449
vn 0.8662 -0.4970 0.0521
vn 0.9670 -0.2492 -0.0525
vn 0.9334 -0.3559 0.0451
vn 0.9972 -0.0726 -0.0203
vn 0.9780 -0.2049 0.0397
vn 0.9974 0.0604 0.0397
vn 0.9935 0.1067 -0.0396
vn 0.9757 0.2155 0.0395
vn 0.9643 0.2596 -0.0525
vn 0.9295 0.3661 0.0451
vn 0.9127 0.4061 -0.0448
vn 0.8607 0.5064 0.0521
vn 0.8378 0.5434 -0.0525
vn 0.7708 0.6355 0.0451
vn 0.7434 0.6674 -0.0449
vn 0.6617 0.7479 0.0521
vn 0.6296 0.7751 -0.0525
vn 0.5361 0.8429 0.0452
vn 0.5010 0.8643 -0.0450
vn 0.3973 0.9162 0.0523
vn 0.3592 0.9318 -0.0525
vn 0.2483 0.9676 0.0452
vn 0.2090 0.9769 -0.0451
vn 0.0935 0.9942 0.0523
vn 0.0528 0.9972 -0.0524
vn -0.0638 0.9970 0.0442
vn -0.1042 0.9935 -0.0452
vn -0.2172 0.9749 0.0501
vn -0.2557 0.9653 -0.0528
vn -0.3563 0.9332 0.0473
vn -0.3816 0.9233 -0.0425
vn -0.4969 0.8665 0.0472
vn -0.0818 -0.0150 0.9965
vn -0.1316 -0.0187 0.9911
vn -0.1249 -0.0178 0.9920
vn -0.0865 0.0012 0.9962
vn -0.0782 0.0159 0.9968
vn -0.0589 0.0236 0.9980
vn -0.0598 0.0484 0.9970
vn -0.0508 0.0066 0.9987
vn -0.0073 0.0480 0.9988
vn 0.0239 -0.0170 0.9996
vn 0.0370 -0.0077 0.9993
vn -0.0671 -0.0060 0.9977
vn 0.0357 -0.0460 0.9983
vn -0.0029 -0.0523 0.9986
vn -0.0799 -0.0064 0.9968
vn -0.0272 -0.0667 0.9974
vn -0.0596 -0.0475 0.9971
vn -0.0853 -0.0006 0.9964
vn -0.0742 -0.0581 0.9955
vn -0.0788 -0.0039 0.9969
vn -0.0799 0.0024 0.9968
vn -0.1345 -0.1162 0.9841
vn -0.1744 -0.0843 0.9811
vn 0.0505 0.0381 -0.9980
vn 0.0229 0.1639 -0.9862
vn 0.0159 0.0765 -0.9969
vn 0.0781 -0.0507 -0.9957
vn 0.0465 -0.0590 -0.9972
vn 0.0196 -0.1733 -0.9847
vn 0.0692 -0.0288 -0.9972
vn 0.0696 -0.0431 -0.9966
vn 0.0783 -0.0055 -0.9969
vn 0.0791 -0.0201 -0.9967
vn 0.0724 0.0180 -0.9972
vn 0.0747 0.0015 -0.9972
vn 0.0541 0.0332 -0.9980
vn 0.0607 0.0143 -0.9981
vn 0.0307 0.0344 -0.9989
vn 0.0445 0.0150 -0.9989
vn 0.0113 0.0214 -0.9997
vn 0.0351 0.0076 -0.9994
vn 0.0062 -0.0045 -1.0000
vn 0.0062 0.0054 -1.0000
vn 0.0042 -0.0207 -0.9998
vn 0.0329 -0.0100 -0.9994
vn 0.0121 -0.0226 -0.9997
vn 0.0211 -0.0413 -0.9989
vn 0.0453 -0.0157 -0.9989
vn 0.0318 -0.0350 -0.9989
vn 0.0472 -0.0476 -0.9977
vn 0.0615 -0.0143 -0.9980
vn 0.0551 -0.0330 -0.9979
vn 0.0722 -0.0372 -0.9967
vn 0.0752 -0.0010 -0.9972
vn 0.0730 -0.0173 -0.9972
vn 0.0862 -0.0134 -0.9962
vn 0.0790 0.0209 -0.9967
vn 0.0778 0.0070 -0.9969
vn 0.0740 0.0229 -0.9970
vn 0.0670 0.0449 -0.9967
vn 0.0533 0.0600 -0.9968
vn 0.0745 0.0325 -0.9967
vn -0.1312 -0.0009 0.9914
vn -0.0976 0.0009 0.9952
vn -0.1253 0.0154 0.9920
vn -0.1088 0.0118 0.9940
vn -0.1121 0.0509 0.9924
vn -0.0735 0.0013 0.9973
vn -0.1189 0.0006 0.9929
vn -0.1638 0.0668 -0.9842
vn -0.1236 0.0129 -0.9923
vn -0.1646 0.0827 -0.9829
vn -0.1644 0.0397 -0.9856
vn -0.1696 0.0122 -0.9854
vn -0.1718 -0.0049 -0.9851
vn 0.1051 -0.0099 -0.9944
vn 0.0808 -0.1639 -0.9832
vn 0.1172 -0.0840 -0.9895
vn -0.3353 -0.9375 0.0933
vn -0.2658 -0.9638 -0.0192
vn -0.2381 -0.1724 0.9558
vn -0.1831 -0.0437 0.9821
vn -0.1769 -0.0116 0.9842
vn -0.1183 -0.0056 0.9930
vn -0.1473 0.0133 0.9890
vn -0.1281 0.0148 0.9916
vn -0.1148 -0.0208 0.9932
vn -0.1841 0.0738 0.9801
vn -0.3369 0.9363 0.0990
vn 0.0871 0.1336 -0.9872
vn 0.0485 0.2774 -0.9595
vn 0.1136 -0.0225 -0.9933
vn 0.0812 0.0542 -0.9952
vn 0.1122 -0.0178 -0.9935
vn -0.1007 -0.0115 -0.9949
vn 0.1297 -0.0007 -0.9915
vn 0.0642 -0.0001 -0.9979
vn 0.1935 -0.2960 -0.9354
vn 0.2321 -0.2207 -0.9473
vn -0.1908 -0.9716 0.1396
vn -0.1271 -0.9909 -0.0436
vn -0.3340 -0.2322 0.9135
vn -0.3383 -0.1001 0.9357
vn -0.2117 0.0003 0.9773
vn -0.3400 -0.0070 0.9404
vn -0.3320 0.0606 0.9413
vn -0.3272 0.2256 0.9176
vn -0.2640 0.9645 -0.0085
vn -0.1846 0.9716 0.1481
vn 0.2050 0.2883 -0.9353
vn 0.1840 -0.0016 -0.9829
vn 0.1841 -0.0015 -0.9829
vn 0.2820 -0.1993 -0.9385
vn 0.2929 -0.0746 -0.9532
vn 0.2727 -0.2657 -0.9247
vn -0.1565 -0.9808 0.1159
vn -0.0297 -0.9675 -0.2510
vn -0.3767 -0.1575 0.9129
vn -0.3758 -0.0383 0.9259
vn -0.3758 0.0061 0.9267
vn -0.3794 0.0744 0.9222
vn -0.3765 0.1761 0.9095
vn -0.1163 0.9921 -0.0476
vn -0.1544 0.9788 0.1342
vn 0.2364 0.2263 -0.9449
vn 0.2783 0.2367 -0.9309
vn -0.2198 -0.9756 0.0033
vn -0.2594 -0.9650 -0.0389
vn -0.2046 -0.9763 0.0707
vn -0.2029 0.9789 0.0224
vn -0.1903 0.9817 0.0023
vn -0.1806 0.9830 0.0320
vn -0.8108 0.5853 0.0024
vn -0.7806 0.6250 0.0018
vn -0.8401 0.5424 0.0011
vn -0.7480 0.6637 0.0017
vn -0.6999 0.7142 0.0015
vn -0.6878 0.7259 0.0014
vn -0.5749 0.8182 0.0010
vn -0.4833 0.8754 0.0008
vn -0.3756 0.9268 0.0005
vn -0.3470 0.9379 0.0004
vn -0.2643 0.9644 0.0002
vn -0.2135 0.9769 0.0001
vn -0.0839 0.9965 0.0001
vn -0.0842 0.9964 -0.0000
vn 0.0737 0.9973 -0.0000
vn 0.2542 0.9671 0.0002
vn 0.3536 0.9354 0.0004
vn 0.2028 0.9792 0.0001
vn 0.4026 0.9154 0.0005
vn 0.4956 0.8686 0.0007
vn 0.5410 0.8410 0.0009
vn 0.6253 0.7804 0.0011
vn 0.6659 0.7461 0.0013
vn 0.7396 0.6730 0.0015
vn 0.7744 0.6327 0.0017
vn 0.8357 0.5492 0.0019
vn 0.8637 0.5040 0.0021
vn 0.9113 0.4118 0.0022
vn 0.9318 0.3629 0.0024
vn 0.9644 0.2644 0.0025
vn 0.9771 0.2130 0.0026
vn 0.9939 0.1102 0.0027
vn 0.9983 0.0578 0.0028
vn 0.9973 -0.0730 0.0027
vn 0.9793 -0.2023 0.0027
vn 0.9673 -0.2536 0.0025
vn 0.9357 -0.3527 0.0024
vn 0.9157 -0.4019 0.0023
vn 0.8691 -0.4946 0.0021
vn 0.8416 -0.5400 0.0019
vn 0.7812 -0.6243 0.0017
vn 0.7469 -0.6649 0.0015
vn 0.6740 -0.7387 0.0013
vn 0.6338 -0.7735 0.0011
vn 0.5501 -0.8351 0.0009
vn 0.5050 -0.8631 0.0007
vn 0.4126 -0.9109 0.0005
vn 0.3638 -0.9315 0.0004
vn 0.2648 -0.9643 0.0002
vn 0.2134 -0.9770 0.0001
vn 0.0844 -0.9964 -0.0000
vn -0.0733 -0.9973 -0.0000
vn -0.0731 -0.9973 -0.0000
vn -0.2028 -0.9792 0.0001
vn -0.2537 -0.9673 0.0002
vn -0.3538 -0.9353 0.0004
vn -0.4021 -0.9156 0.0005
vn -0.4960 -0.8683 0.0007
vn -0.5405 -0.8413 0.0009
vn -0.6259 -0.7799 0.0012
vn -0.6656 -0.7463 0.0014
vn -0.7089 -0.7053 0.0015
vn -0.7662 -0.6426 0.0014
vn -0.8032 -0.5957 0.0019
vn -0.8031 -0.5958 0.0019
vn -0.1006 -0.9907 0.0912
vn -0.0959 -0.9918 0.0844
vn -0.1588 0.9856 0.0587
vn -0.0956 0.9926 0.0747
vn -0.0929 0.9929 0.0744
vn -0.0897 -0.9917 0.0925
vn -0.0807 0.9932 0.0838
vn -0.9850 -0.0098 -0.1724
vn -0.9848 0.0034 -0.1736
vn -0.9848 0.0033 -0.1737
vn -1.0000 -0.0014 0.0083
vn -0.9876 0.0007 -0.1573
vn -0.9980 -0.0183 -0.0608
vn -0.9849 0.0275 -0.1712
vn -0.9848 0.0034 -0.1737
vn -0.9846 0.0329 -0.1716
vn -0.9819 0.0370 -0.1858
vn -0.9774 0.0080 -0.2114
vn -0.9834 -0.0130 -0.1812
vn -0.9847 -0.0018 -0.1740
vn -0.9847 0.0001 -0.1743
vn -0.9849 0.0163 -0.1721
vn -0.3018 0.0010 0.9534
vn -0.2479 0.0009 0.9688
vn 0.0343 0.9957 -0.0862
vn 0.0893 0.9932 -0.0742
vn 0.0350 0.9954 -0.0887
vn 0.0311 -0.9949 -0.0961
vn 0.0858 -0.9927 -0.0846
vn 0.1269 -0.9890 -0.0757
vn 0.0380 0.9939 -0.1035
vn 0.0664 0.9930 -0.0973
vn 0.0373 0.9936 -0.1068
vn 0.0284 -0.9951 -0.0950
vn 0.0572 -0.9944 -0.0886
vn 0.0792 -0.9935 -0.0814
vn -0.2050 0.0007 0.9788
vn -0.1790 0.0006 0.9838
vn 0.1101 0.9914 -0.0702
vn 0.1568 0.9857 -0.0614
vn 0.3811 0.1561 -0.9113
vn 0.3836 0.0092 -0.9235
vn 0.3915 0.1145 -0.9130
vn 0.3660 0.0092 -0.9306
vn 0.3747 -0.0136 -0.9271
vn 0.3874 0.0105 -0.9219
vn 0.3833 -0.0105 -0.9236
vn 0.3880 -0.0243 -0.9213
vn 0.3800 -0.1679 -0.9096
vn 0.3883 -0.3286 -0.8609
vn 0.3899 -0.1129 -0.9139
vn 0.1518 -0.9859 -0.0710
vn -0.2891 -0.2912 0.9120
vn -0.2854 -0.2311 0.9301
vn -0.2633 -0.3269 0.9076
vn 0.0769 0.9926 -0.0938
vn 0.1008 0.9909 -0.0897
vn 0.0924 -0.9927 -0.0777
vn 0.0926 -0.9927 -0.0768
vn -0.0917 0.9955 -0.0221
vn -0.0415 -0.8090 0.5864
vn 0.0102 0.9902 -0.1395
vn 0.9132 0.4027 0.0628
vn -0.0057 0.9463 -0.3232
vn 0.0195 -0.9987 -0.0478
vn -0.1072 -0.9938 0.0287
vn -0.0610 -0.8742 0.4817
vn -0.0067 -0.9988 0.0480
vn 0.6902 0.0644 -0.7208
vn -0.1114 0.9938 -0.0000
vn -0.0219 0.9889 0.1469
vn 0.0135 -0.8782 0.4780
vn 0.8962 -0.1211 -0.4268
vn 0.9978 -0.0658 -0.0120
vn -0.9943 -0.0637 -0.0860
vn -0.0646 -0.9779 0.1986
vn -0.5737 0.8106 0.1175
vn -0.9356 -0.1214 -0.3315
vn 0.5992 -0.1845 -0.7791
vn -0.9936 -0.0774 -0.0825
vn -0.0227 0.9984 -0.0520
vn -0.0000 -0.0000 1.0000
vn 0.9964 -0.0133 0.0842
vn 0.9404 -0.0023 0.3401
vn -0.3304 0.5357 0.7771
vn -0.1961 0.0802 0.9773
vn -0.8731 -0.0948 -0.4782
vn -0.9720 -0.0299 -0.2330
vn -0.9942 -0.0423 -0.0989
vn -0.9899 -0.0019 -0.1419
vn -0.9927 -0.0111 -0.1204
vn -0.9784 0.0269 -0.2049
vn -0.9831 0.0058 -0.1828
vn -0.9690 0.0796 -0.2340
vn -0.3139 0.3077 0.8982
vn -0.2878 0.2891 0.9130
vn -0.3127 0.2974 0.9021
vn 0.1794 0.8540 -0.4884
vn 0.2322 0.8464 -0.4792
vn 0.1780 0.8571 -0.4834
vn 0.3396 -0.1922 -0.9207
vn 0.3485 -0.5054 -0.7894
vn -0.1442 -0.9037 0.4031
vn -0.0882 -0.9112 0.4025
vn -0.0242 -0.9410 0.3374
vn -0.2676 0.3619 0.8930
vn -0.2624 0.3229 0.9093
vn 0.2502 0.8424 -0.4772
vn 0.2923 0.8349 -0.4664
vn 0.0090 -0.9454 0.3257
vn 0.0324 -0.9658 0.2571
vn -0.3546 0.4498 0.8197
vn -0.0727 0.0103 0.9973
vn -0.2831 0.3771 0.8819
vn -0.2759 0.5937 0.7559
vn -0.1594 0.4242 0.8914
vn -0.0897 0.6261 0.7746
vn -0.0151 0.4842 0.8748
vn 0.1090 0.6198 0.7772
vn 0.1384 0.4591 0.8775
vn -0.0285 0.0669 0.9974
vn 0.2990 0.5493 0.7803
vn 0.2795 0.3845 0.8798
vn 0.4586 0.4196 0.7833
vn 0.4240 0.2868 0.8591
vn 0.0286 0.0447 0.9986
vn 0.7340 0.3045 0.6071
vn 0.3612 0.1158 0.9253
vn 0.3416 0.1646 0.9253
vn 0.7745 0.1774 0.6072
vn 0.0588 0.0299 0.9978
vn 0.3761 0.0481 0.9253
vn 0.7911 0.0487 0.6098
vn 0.9945 -0.0728 0.0752
vn 0.0630 0.0091 0.9980
vn 0.3780 -0.0321 0.9252
vn 0.7745 -0.1686 0.6097
vn 0.3627 -0.1108 0.9253
vn 0.7376 -0.2958 0.6071
vn 0.3437 -0.1597 0.9254
vn 0.4274 -0.2814 0.8591
vn 0.4634 -0.4139 0.7835
vn 0.2841 -0.3808 0.8799
vn 0.3053 -0.5456 0.7805
vn 0.1438 -0.4572 0.8777
vn 0.1159 -0.6182 0.7774
vn -0.0097 -0.4840 0.8750
vn -0.0830 -0.6268 0.7747
vn -0.1595 -0.4621 0.8723
vn -0.2705 -0.5740 0.7729
vn -0.2903 -0.3951 0.8716
vn -0.3690 -0.5285 0.7645
vn -0.2810 0.5172 -0.8084
vn -0.2435 0.6708 -0.7005
vn -0.2308 -0.4580 -0.8584
vn -0.2065 -0.5925 -0.7787
vn -0.0622 -0.4779 -0.8762
vn -0.0094 -0.6308 -0.7759
vn 0.0912 -0.4782 -0.8735
vn 0.1858 -0.6058 -0.7736
vn 0.2329 -0.4325 -0.8710
vn 0.3597 -0.5235 -0.7724
vn 0.3505 -0.3486 -0.8693
vn 0.4976 -0.3955 -0.7720
vn 0.4354 -0.2365 -0.8686
vn 0.5899 -0.2359 -0.7722
vn 0.4819 -0.1071 -0.8696
vn 0.6681 -0.0488 -0.7425
vn 0.5867 0.0525 -0.8081
vn 0.4823 0.1117 -0.8689
vn 0.5878 0.2415 -0.7721
vn 0.4332 0.2404 -0.8686
vn 0.4937 0.4003 -0.7720
vn 0.3474 0.3519 -0.8692
vn 0.3544 0.5270 -0.7724
vn 0.2284 0.4346 -0.8711
vn 0.1794 0.6075 -0.7738
vn 0.0878 0.5085 -0.8566
vn -0.0182 0.6402 -0.7680
vn -0.0670 0.4972 -0.8651
vn -0.2010 0.6104 -0.7661
vn -0.1155 -0.7055 -0.6993
vn 0.0342 -0.3174 -0.9477
vn -0.2272 -0.6706 -0.7061
vn -0.3379 -0.5635 0.7539
vn -0.1134 0.7070 -0.6980
vn 0.0846 -0.7292 -0.6791
vn -0.3241 -0.6585 0.6792
vn -0.3184 0.6611 0.6794
vn 0.0777 0.7252 -0.6842
vn 0.1868 -0.5989 -0.7787
vn -0.3268 -0.6984 0.6368
vn -0.3711 -0.4228 0.8268
vn -0.3678 0.4259 0.8266
vn -0.3216 0.7000 0.6376
vn 0.1333 0.7481 -0.6500
vn -0.9878 -0.0067 -0.1555
vn -0.1420 0.8991 0.4141
vn -0.0859 0.9063 0.4139
vn -0.1497 0.8844 0.4421
vn 0.3439 0.1301 -0.9300
vn 0.3652 0.4014 -0.8399
vn 0.3340 0.2672 -0.9039
vn 0.1743 -0.8538 -0.4905
vn 0.2265 -0.8469 -0.4812
vn -0.3154 -0.3109 0.8966
vn -0.2684 -0.3675 0.8905
vn -0.0605 0.9136 0.4021
vn -0.0144 0.9113 0.4116
vn 0.3916 0.3156 -0.8643
vn 0.3428 -0.6682 -0.6603
vn 0.2808 -0.8486 -0.4484
vn -0.2228 -0.5064 0.8330
vn -0.9847 0.0061 -0.1743
vn -0.9870 0.0031 -0.1607
vn -0.0290 -0.0218 0.9993
vn -0.0226 0.9911 0.1312
vn -0.9804 -0.0035 -0.1969
vn -0.9848 0.0033 -0.1735
vn -0.9865 0.0144 -0.1633
vn -0.9942 0.0051 -0.1076
vn -0.9867 0.0129 -0.1618
vn -0.9806 0.0079 -0.1957
vn -0.9831 -0.0008 -0.1829
vn -0.9818 0.0041 -0.1901
vn -0.9885 0.0275 -0.1489
vn -0.9879 0.0097 -0.1548
vn -0.9900 -0.0016 -0.1409
vn -0.1800 -0.9836 -0.0088
vn -0.2118 -0.9712 -0.1090
vn -0.8698 0.4934 -0.0000
vn -0.9736 0.2282 -0.0000
vn -0.9973 0.0730 -0.0000
vn -0.9113 -0.4117 -0.0000
vn -0.8603 -0.5098 0.0001
vn -0.8511 -0.5251 -0.0000
vn 0.0838 -0.9965 -0.0000
vn 0.0729 0.9973 -0.0000
vn -0.9761 -0.2119 -0.0475
vn -0.9302 0.2314 -0.2849
vn -0.9101 -0.2958 -0.2901
vn -0.9650 -0.1190 -0.2336
vn -0.9636 0.2450 -0.1072
vn -0.9907 0.0201 -0.1348
vn -0.5747 0.0022 -0.8184
vn -0.5762 0.0022 -0.8173
vn -0.5682 0.0024 -0.8229
vn -0.5756 -0.1439 -0.8050
vn -0.9848 -0.0354 -0.1700
vn -0.9386 -0.0706 -0.3377
vn -0.8577 0.0006 0.5141
vn -0.8512 -0.0183 0.5244
vn -0.0000 0.0127 -0.9999
vn -0.8421 -0.5271 -0.1141
vn -0.8862 -0.4416 -0.1406
vn -0.9793 -0.1232 -0.1608
vn -0.0000 -0.1366 -0.9906
vn -0.8501 0.5083 -0.1380
vn -0.8962 0.4251 -0.1268
vn -0.8866 0.4437 -0.1307
vn -0.9654 0.2592 -0.0284
vn -0.8334 0.1910 -0.5187
vn -0.7279 -0.1662 -0.6652
vn -0.9633 -0.2674 -0.0212
vn -0.8719 -0.2358 0.4293
vn -0.9584 0.2842 -0.0247
vn -0.8623 0.2458 0.4427
vn -0.4999 -0.8660 0.0119
vn -0.0907 -0.9905 0.1032
vn -0.4757 0.8796 0.0079
vn -0.0820 0.9921 0.0953
vn -0.8546 0.5193 -0.0014
vn -0.9963 -0.0859 -0.0037
vn -0.9712 -0.2381 -0.0014
vn 0.8562 -0.5166 -0.0014
vn 0.9938 0.1108 -0.0014
vn 0.0758 0.9971 -0.0012
vn -0.2642 0.2746 -0.9245
vn -0.4263 0.4438 -0.7882
vn -0.2657 0.3739 -0.8886
vn -0.3376 0.3021 -0.8915
vn -0.4083 0.2403 -0.8806
vn -0.3176 0.1964 -0.9277
vn -0.6914 0.2817 -0.6653
vn -0.5301 0.2154 -0.8201
vn -0.4896 0.1376 -0.8610
vn -0.3763 0.0668 -0.9241
vn -0.3753 0.0888 -0.9226
vn -0.6761 -0.0494 -0.7352
vn -0.7637 0.0521 -0.6435
vn -0.5007 -0.0990 -0.8600
vn -0.4475 -0.2506 -0.8585
vn -0.7079 -0.2980 -0.6404
vn -0.5912 -0.2642 -0.7620
vn -0.3133 -0.2188 -0.9241
vn -0.3283 -0.2023 -0.9226
vn -0.5135 -0.5731 -0.6387
vn -0.5772 -0.5029 -0.6434
vn -0.4142 -0.6443 -0.6429
vn -0.3073 -0.6968 -0.6480
vn -0.3825 -0.6694 -0.6369
vn -0.1947 -0.7363 -0.6480
vn -0.2730 -0.7210 -0.6369
vn -0.0771 -0.7577 -0.6481
vn -0.1569 -0.7548 -0.6369
vn 0.0497 -0.6721 -0.7388
vn -0.0369 -0.7701 -0.6369
vn 0.1369 -0.5617 -0.8159
vn 0.0597 -0.7647 -0.6416
vn 0.2371 -0.5956 -0.7675
vn 0.0910 -0.3749 -0.9226
vn 0.3496 -0.5767 -0.7384
vn 0.3195 -0.7006 -0.6380
vn 0.3167 -0.4016 -0.8593
vn 0.4005 -0.6546 -0.6412
vn 0.2652 -0.2753 -0.9241
vn 0.2513 -0.2927 -0.9226
vn 0.4085 -0.2539 -0.8767
vn 0.5859 -0.4936 -0.6427
vn 0.5037 -0.4071 -0.7619
vn 0.7459 -0.1753 -0.6426
vn 0.4939 -0.1802 -0.8506
vn 0.6290 -0.1633 -0.7601
vn 0.3856 -0.0238 -0.9224
vn 0.3791 -0.0486 -0.9241
vn 0.3814 -0.0150 -0.9243
vn 0.3816 0.0215 -0.9241
vn 0.4592 0.1203 -0.8801
vn 0.7065 0.2964 -0.6427
vn 0.6013 0.2382 -0.7627
vn 0.4222 0.2887 -0.8593
vn 0.3353 0.1836 -0.9240
vn 0.3273 0.2044 -0.9226
vn 0.5777 0.5052 -0.6411
vn 0.5059 0.4460 -0.7383
vn 0.5121 0.5760 -0.6372
vn 0.4748 0.5955 -0.6481
vn 0.4153 0.6488 -0.6376
vn 0.3758 0.6624 -0.6480
vn 0.3116 0.7038 -0.6384
vn 0.2306 0.5981 -0.7675
vn 0.1355 0.4979 -0.8566
vn 0.0745 0.3744 -0.9243
vn 0.0284 0.4767 -0.8786
vn 0.0306 0.3756 -0.9263
vn -0.0638 0.7628 -0.6434
vn -0.0403 0.6443 -0.7637
vn -0.0994 0.3862 -0.9171
vn -0.1319 0.3301 -0.9347
vn 0.0039 0.0046 -1.0000
vn 0.6936 -0.7204 -0.0002
vn 0.6590 -0.7502 0.0542
vn 0.8343 -0.5513 -0.0005
vn 0.4525 -0.8918 -0.0001
vn 0.1731 -0.9849 0.0001
vn 0.3317 -0.9430 0.0253
vn -0.1337 -0.9910 0.0005
vn 0.0508 -0.9987 0.0053
vn -0.4059 -0.9139 -0.0000
vn -0.2241 -0.9745 -0.0155
vn -0.6577 -0.7532 -0.0002
vn -0.4888 -0.8716 -0.0371
vn -0.8582 -0.5133 -0.0005
vn -0.7169 -0.6949 -0.0559
vn -0.9754 -0.2203 -0.0006
vn -0.8958 -0.4387 -0.0708
vn -0.9892 0.1466 -0.0007
vn -0.9874 -0.1377 -0.0782
vn -0.9043 0.4210 -0.0709
vn -0.9846 0.1466 -0.0957
vn -0.8692 0.4945 -0.0004
vn -0.7291 0.6820 -0.0569
vn -0.6710 0.7415 -0.0002
vn -0.5041 0.8628 -0.0383
vn -0.4221 0.9066 0.0001
vn -0.2412 0.9703 -0.0168
vn -0.1509 0.9886 0.0002
vn 0.0333 0.9994 0.0040
vn 0.1559 0.9878 0.0001
vn 0.3055 0.9519 0.0232
vn 0.4780 0.8784 0.0001
vn 0.5867 0.8086 0.0440
vn 0.7838 0.6210 -0.0000
vn 0.8005 0.5943 0.0775
vn 0.9341 0.3497 0.0725
vn 0.9590 0.2834 -0.0006
vn 0.9976 0.0093 0.0684
vn 0.9746 -0.2240 -0.0007
vn 1.0000 0.0089 -0.0007
vn 0.9508 -0.2994 0.0802
vn 0.4835 -0.8743 0.0432
vn 0.2397 -0.9707 0.0184
vn -0.0348 -0.9994 -0.0044
vn -0.3077 -0.9511 -0.0257
vn -0.5789 -0.8137 -0.0532
vn -0.7929 -0.6050 -0.0726
vn -0.9380 -0.3367 -0.0828
vn -0.9971 -0.0093 -0.0760
vn -0.9436 0.3205 -0.0833
vn -0.8035 0.5908 -0.0735
vn -0.5932 0.8032 -0.0545
vn -0.3244 0.9455 -0.0271
vn -0.0524 0.9986 -0.0059
vn 0.2224 0.9748 0.0169
vn 0.4890 0.8713 0.0405
vn 0.7174 0.6940 0.0608
vn 0.8956 0.4382 0.0767
vn 0.9852 0.1471 0.0881
vn 0.9837 -0.1565 0.0882
vn 0.8257 -0.5603 0.0656
vn 0.8637 -0.4966 0.0856
vn 0.6817 -0.7288 -0.0648
vn 0.7194 -0.6928 0.0492
vn 0.4240 -0.9048 -0.0405
vn 0.1559 -0.9877 -0.0147
vn -0.1543 -0.9879 0.0136
vn -0.4308 -0.9017 0.0372
vn -0.6728 -0.7375 0.0582
vn -0.8483 -0.5244 0.0734
vn -0.9618 -0.2608 0.0834
vn -0.9662 0.2437 0.0838
vn -0.9962 -0.0088 0.0865
vn -0.8574 0.5093 0.0742
vn -0.6857 0.7254 0.0593
vn -0.4468 0.8938 0.0386
vn -0.1723 0.9849 0.0148
vn 0.1384 0.9903 -0.0131
vn 0.4230 0.9053 -0.0395
vn 0.6747 0.7357 -0.0589
vn 0.8678 0.4913 -0.0742
vn 0.9724 0.2185 -0.0819
vn 0.9944 -0.0663 -0.0829
vn 0.9455 -0.3172 -0.0734
vn 0.8181 -0.5729 -0.0506
vn 0.6079 -0.7857 -0.1144
vn 0.8159 -0.5576 -0.1532
vn 0.3241 -0.9441 -0.0612
vn 0.0116 -0.9999 -0.0025
vn -0.2975 -0.9531 0.0556
vn -0.5686 -0.8157 0.1062
vn -0.7708 -0.6204 0.1447
vn -0.9164 -0.3614 0.1722
vn -0.9828 -0.0088 0.1846
vn -0.9225 0.3450 0.1733
vn -0.7815 0.6065 0.1467
vn -0.5828 0.8053 0.1089
vn -0.3143 0.9475 0.0587
vn -0.0060 1.0000 0.0008
vn 0.3016 0.9517 -0.0569
vn 0.5768 0.8096 -0.1085
vn 0.7929 0.5908 -0.1490
vn 0.9324 0.3160 -0.1753
vn 0.9826 0.0187 -0.1847
vn 0.9541 -0.2398 -0.1793
vn 0.3348 -0.7207 0.6070
vn 0.9910 -0.1222 -0.0539
vn 0.2544 -0.3610 -0.8972
vn 0.2859 -0.3980 -0.8717
vn 0.5339 -0.2586 -0.8051
vn 0.0409 -0.9984 -0.0398
vn 0.4250 -0.2446 0.8715
vn 0.3518 -0.3412 0.8717
vn 0.8109 -0.5852 -0.0007
vn 0.8977 -0.4407 -0.0000
vn 0.5197 -0.8463 0.1168
vn 0.7467 -0.6405 -0.1792
vn 0.6243 -0.7811 0.0100
vn -0.6028 0.0441 0.7966
vn 0.0661 -0.0350 -0.9972
vn 0.0835 -0.0137 -0.9964
vn 0.0862 0.0146 -0.9962
vn 0.0713 0.0377 -0.9967
vn 0.0460 0.0475 -0.9978
vn 0.0201 0.0403 -0.9990
vn 0.0033 0.0194 -0.9998
vn -0.1640 -0.0404 -0.9856
vn -0.1631 -0.0686 -0.9842
vn -0.1638 -0.0846 -0.9829
vn -0.0977 0.9947 -0.0310
vn 0.2921 0.0882 -0.9523
vn 0.9974 -0.0725 0.0028
vn -0.9849 0.0266 -0.1712
vn -0.9834 -0.0203 -0.1801
vn 0.3451 -0.0085 -0.9385
vn 0.0317 -0.9946 -0.0985
vn 0.0277 -0.9948 -0.0979
vn -0.2839 0.2332 0.9301
vn 0.1014 0.9911 -0.0859
vn 0.0290 0.9994 0.0186
vn -0.0118 -0.9997 0.0193
vn 0.9854 0.0495 0.1631
vn 0.8970 -0.0031 0.4420
vn 0.3283 -0.3045 -0.8941
vn -0.1518 -0.8894 0.4312
vn 0.3486 0.6643 -0.6612
vn 0.2832 0.8577 -0.4292
vn 0.7864 -0.0601 0.6148
vn 0.2503 0.3782 -0.8913
vn 0.1730 -0.8569 -0.4856
vn -0.3141 -0.3003 0.9006
vn -0.2214 0.5002 0.8371
vn 0.0349 0.9619 0.2713
vn -0.9864 0.0046 -0.1640
vn -0.1395 0.0793 -0.9870
vn 0.1432 -0.9895 0.0190
vn -0.2031 -0.9711 -0.1252
vn -0.2959 -0.9488 -0.1111
vn -0.9786 0.2056 0.0113
vn -0.8707 -0.1149 -0.4781
vn -0.5837 0.0021 -0.8120
vn -0.0000 -0.8575 -0.5145
vn -0.7614 -0.6442 -0.0728
vn -0.8876 0.2752 -0.3693
vn -0.6241 0.7175 -0.3093
vn 0.9718 0.2358 -0.0015
vn -0.7711 0.1081 -0.6274
vn -0.7381 -0.2541 -0.6251
vn -0.6217 -0.4688 -0.6274
vn 0.5603 -0.5407 -0.6274
vn 0.7682 -0.1271 -0.6275
vn 0.6962 0.3487 -0.6275
vn -0.1165 0.7689 -0.6287
vn -0.7066 -0.7066 -0.0377
vn -0.6056 -0.7893 -0.1012
vn -0.6248 -0.7749 -0.0958
vn -0.2586 -0.9652 -0.0375
vn -0.1298 -0.9864 -0.1012
vn -0.1540 -0.9834 -0.0956
vn 0.2586 -0.9652 -0.0375
vn 0.3802 -0.9194 -0.1012
vn 0.3582 -0.9287 -0.0955
vn 0.6083 -0.7928 -0.0375
vn 0.7039 -0.7031 -0.1012
vn 0.6903 -0.7169 -0.0980
vn -0.4550 -0.8897 -0.0373
vn -0.3285 -0.9438 -0.0373
vn -0.4526 -0.8909 -0.0376
vn -0.2587 -0.9652 -0.0375
vn -0.3289 -0.9436 -0.0381
vn 0.1851 -0.9820 -0.0375
vn 0.0548 -0.9978 -0.0379
vn 0.1864 -0.9817 -0.0390
vn 0.2586 -0.9653 -0.0375
vn 0.5430 -0.8389 -0.0373
vn 0.3891 -0.9156 -0.1012
vn 0.5464 -0.8367 -0.0379
vn -0.5964 -0.7963 -0.1007
vn -0.4514 -0.8915 -0.0379
vn 0.0508 -0.9980 -0.0373
vn -0.1201 -0.9876 -0.1010
vn -0.7066 -0.7066 -0.0382
vn -0.7066 -0.7066 -0.0375
vn -0.2584 -0.9653 -0.0378
vn 0.2587 -0.9652 -0.0375
vn 0.7112 -0.6957 -0.1008
vn 0.6084 -0.7928 -0.0375
vn -0.4354 -0.9001 -0.0162
vn -0.3306 -0.9430 -0.0375
vn -0.3341 -0.9397 -0.0725
vn -0.2580 -0.9657 0.0277
vn 0.1806 -0.9809 -0.0725
vn 0.0534 -0.9979 -0.0376
vn 0.1874 -0.9816 -0.0373
vn 0.0730 -0.9972 -0.0162
vn 0.2590 -0.9655 0.0277
vn 0.5456 -0.8354 -0.0662
vn 0.5448 -0.8378 -0.0370
vn 0.4490 -0.8934 -0.0161
vn 0.6087 -0.7929 0.0277
vn -0.4506 -0.8903 -0.0662
vn -0.5478 -0.8365 -0.0111
vn 0.0549 -0.9963 -0.0662
vn -0.0562 -0.9984 -0.0111
vn 0.7066 0.7066 0.0382
vn 0.6251 0.7748 0.0944
vn 0.7065 0.7067 0.0376
vn 0.2586 0.9653 0.0375
vn 0.1538 0.9836 0.0946
vn 0.2586 0.9652 0.0375
vn -0.2587 0.9652 0.0375
vn -0.3802 0.9194 0.1012
vn -0.2586 0.9652 0.0375
vn -0.6083 0.7928 0.0375
vn -0.6681 0.7425 0.0470
vn 0.4543 0.8900 0.0391
vn 0.3269 0.9443 0.0374
vn 0.3304 0.9431 0.0380
vn 0.4330 0.9014 0.0074
vn -0.1878 0.9815 0.0377
vn -0.0605 0.9966 0.0556
vn -0.0576 0.9975 0.0401
vn -0.1894 0.9812 0.0379
vn -0.5419 0.8396 0.0375
vn -0.3403 0.9397 0.0352
vn -0.5550 0.8310 0.0378
vn 0.6280 0.7727 0.0924
vn 0.1804 0.9826 0.0450
vn 0.7423 0.6690 0.0373
vn 0.6517 0.7573 0.0430
vn 0.7066 0.7066 0.0376
vn 0.6459 0.7593 0.0794
vn 0.4350 0.9003 0.0149
vn 0.2161 0.9763 -0.0109
vn 0.2587 0.9652 0.0375
vn 0.1861 0.9817 0.0407
vn 0.0738 0.9948 0.0700
vn -0.0734 0.9972 0.0149
vn -0.2293 0.9686 0.0958
vn -0.3600 0.9279 0.0966
vn -0.2586 0.9653 0.0375
vn -0.3228 0.9462 0.0234
vn -0.4494 0.8932 0.0149
vn -0.5899 0.8072 -0.0235
vn -0.6680 0.7432 0.0378
vn -0.6658 0.7448 0.0441
vn -0.6084 0.7927 0.0376
vn -0.7428 0.6655 0.0732
vn 0.6083 0.7928 0.0375
vn 0.5473 0.8369 0.0098
vn 0.1304 0.9907 0.0375
vn 0.0556 0.9984 0.0098
vn -0.3824 0.9232 0.0375
vn 0.3309 0.9412 0.0682
vn 0.4396 0.8974 0.0384
vn 0.4489 0.8914 0.0628
vn -0.1841 0.9806 0.0681
vn -0.0680 0.9970 0.0379
vn -0.0569 0.9964 0.0628
vn -0.1891 0.9812 0.0374
vn -0.5475 0.8344 0.0629
vn -0.5431 0.8388 0.0385
vn 0.7438 0.6646 0.0711
vn -0.7066 0.7066 0.0374
vn -0.0214 -0.0279 0.9994
vn -0.0265 -0.0265 0.9993
vn 0.0092 0.0341 -0.9994
vn 0.0149 0.0344 -0.9993
vn 0.0100 0.0362 -0.9993
vn -0.0046 -0.0350 0.9994
vn -0.0097 -0.0362 0.9993
vn -0.0091 0.0340 -0.9994
vn -0.0055 0.0373 -0.9993
vn -0.0094 0.0363 -0.9993
vn 0.0135 -0.0325 0.9994
vn 0.0097 -0.0362 0.9993
vn -0.0214 0.0280 -0.9994
vn -0.0185 0.0326 -0.9993
vn -0.0226 0.0300 -0.9993
vn 0.0248 -0.0249 0.9994
vn 0.0228 -0.0298 0.9993
vn 0.0206 0.0312 -0.9993
vn 0.0229 0.0298 -0.9993
vn 0.0188 0.0326 -0.9993
vn 0.0163 0.0336 -0.9993
vn 0.0023 0.0373 -0.9993
vn 0.0049 0.0372 -0.9993
vn -0.0006 0.0377 -0.9993
vn -0.0042 0.0373 -0.9993
vn -0.0168 0.0333 -0.9993
vn -0.0144 0.0347 -0.9993
vn -0.0169 -0.0333 0.9993
vn -0.0141 -0.0347 0.9993
vn -0.0189 -0.0324 0.9993
vn -0.0123 -0.0353 0.9993
vn 0.0021 -0.0373 0.9993
vn 0.0042 -0.0374 0.9993
vn -0.0008 -0.0376 0.9993
vn 0.0070 -0.0367 0.9993
vn 0.0189 -0.0324 0.9993
vn 0.0146 -0.0346 0.9993
vn 0.0207 -0.0311 0.9993
vn 0.0265 0.0266 -0.9993
vn -0.0226 -0.0299 0.9993
vn -0.0046 -0.0372 0.9993
vn -0.0265 0.0266 -0.9993
vn -0.0266 0.0265 -0.9993
vn -0.7070 -0.7067 0.0277
vn -0.6056 -0.7892 -0.1025
vn -0.1300 -0.9862 -0.1025
vn 0.3811 -0.9188 -0.1026
vn 0.7032 -0.7036 -0.1026
vn -0.6084 -0.7928 -0.0376
vn -0.1305 -0.9907 -0.0376
vn 0.3824 -0.9232 -0.0376
vn 0.7066 -0.7066 -0.0375
vn 0.4873 0.8724 0.0375
vn 0.0267 -0.0263 0.9993
vn 0.0264 0.0266 -0.9993
vn 0.7071 0.7071 -0.0000
vn 0.7072 0.7071 -0.0000
vn -0.7071 0.7071 -0.0000
vt 0.040269 0.040712
vt 0.041808 0.041234
vt 0.041647 0.041623
vt 0.041437 0.041988
vt 0.039910 0.041289
vt 0.041181 0.042322
vt 0.040884 0.042620
vt 0.040551 0.042876
vt 0.039420 0.041609
vt 0.040186 0.043087
vt 0.038917 0.041738
vt 0.039798 0.043248
vt 0.039392 0.043357
vt 0.038138 0.043356
vt 0.038296 0.041648
vt 0.037733 0.043247
vt 0.037344 0.043085
vt 0.036980 0.042875
vt 0.037722 0.041287
vt 0.036647 0.042617
vt 0.037393 0.040781
vt 0.036093 0.041985
vt 0.035884 0.041620
vt 0.035653 0.041253
vt 0.035613 0.040823
vt 0.037289 0.040374
vt 0.035559 0.040405
vt 0.035559 0.039983
vt 0.037307 0.039863
vt 0.035614 0.039566
vt 0.035723 0.039158
vt 0.035883 0.038769
vt 0.037493 0.039403
vt 0.036094 0.038404
vt 0.036350 0.038069
vt 0.037800 0.039028
vt 0.036646 0.037772
vt 0.036979 0.037516
vt 0.038211 0.038772
vt 0.037344 0.037305
vt 0.038598 0.038664
vt 0.037732 0.037144
vt 0.038138 0.037035
vt 0.039092 0.038668
vt 0.038555 0.036980
vt 0.038975 0.036981
vt 0.039586 0.038854
vt 0.039798 0.037145
vt 0.040186 0.037306
vt 0.040550 0.037518
vt 0.040884 0.037774
vt 0.039916 0.039113
vt 0.041181 0.038073
vt 0.041437 0.038408
vt 0.040245 0.039598
vt 0.040355 0.040192
vt 0.041917 0.039569
vt 0.041971 0.039987
vt 0.041916 0.040827
vt 0.039915 0.026501
vt 0.039429 0.036791
vt 0.039560 0.026499
vt 0.039086 0.036715
vt 0.039174 0.026498
vt 0.038722 0.036715
vt 0.038763 0.026498
vt 0.038341 0.036716
vt 0.038334 0.026499
vt 0.037952 0.036718
vt 0.037895 0.026501
vt 0.037566 0.036796
vt 0.037453 0.026505
vt 0.037173 0.036725
vt 0.037016 0.026509
vt 0.036804 0.036804
vt 0.036591 0.026515
vt 0.036437 0.036736
vt 0.036186 0.026521
vt 0.036110 0.036816
vt 0.035807 0.026528
vt 0.035795 0.036749
vt 0.035461 0.026536
vt 0.030672 0.026558
vt 0.030089 0.036763
vt 0.030362 0.026548
vt 0.030014 0.026539
vt 0.029778 0.036833
vt 0.029442 0.036749
vt 0.029633 0.026532
vt 0.029082 0.036744
vt 0.029226 0.026526
vt 0.028800 0.026522
vt 0.028704 0.036740
vt 0.028316 0.036737
vt 0.028362 0.026519
vt 0.027929 0.036811
vt 0.027920 0.026518
vt 0.027535 0.036737
vt 0.027482 0.026519
vt 0.027157 0.036740
vt 0.027054 0.026522
vt 0.026645 0.026526
vt 0.026794 0.036743
vt 0.026452 0.036749
vt 0.026260 0.026532
vt 0.026140 0.036755
vt 0.025908 0.026539
vt 0.025869 0.036838
vt 0.025593 0.026548
vt 0.045008 0.026516
vt 0.044445 0.036727
vt 0.044658 0.026510
vt 0.044105 0.036722
vt 0.044275 0.026505
vt 0.043745 0.036793
vt 0.043867 0.026502
vt 0.043365 0.036716
vt 0.043440 0.026499
vt 0.042977 0.036715
vt 0.043002 0.026498
vt 0.042590 0.036790
vt 0.042560 0.026498
vt 0.042196 0.036716
vt 0.042122 0.026499
vt 0.041818 0.036719
vt 0.041695 0.026502
vt 0.041456 0.036722
vt 0.041287 0.026505
vt 0.041125 0.036801
vt 0.040904 0.026510
vt 0.040806 0.036732
vt 0.040554 0.026517
vt 0.040529 0.036738
vt 0.040241 0.026524
vt 0.035453 0.026546
vt 0.034888 0.036829
vt 0.035107 0.026538
vt 0.034552 0.036748
vt 0.034729 0.026531
vt 0.034194 0.036743
vt 0.034324 0.026526
vt 0.033899 0.026522
vt 0.033818 0.036818
vt 0.033429 0.036738
vt 0.033462 0.026520
vt 0.033038 0.036738
vt 0.033020 0.026520
vt 0.032649 0.036739
vt 0.032581 0.026521
vt 0.032268 0.036742
vt 0.032152 0.026524
vt 0.031904 0.036746
vt 0.031741 0.026529
vt 0.031561 0.036752
vt 0.031354 0.026536
vt 0.030999 0.026543
vt 0.031253 0.036837
vt 0.030964 0.036767
vt 0.030681 0.026553
vt 0.025723 0.040295
vt 0.025751 0.039355
vt 0.026072 0.038450
vt 0.026658 0.042026
vt 0.026011 0.041162
vt 0.029102 0.042691
vt 0.031033 0.041260
vt 0.030314 0.042108
vt 0.031237 0.038905
vt 0.031373 0.040202
vt 0.026671 0.037742
vt 0.027409 0.037262
vt 0.028323 0.037043
vt 0.027759 0.042618
vt 0.039079 0.036810
vt 0.038716 0.036810
vt 0.038339 0.036811
vt 0.037952 0.036813
vt 0.037178 0.036820
vt 0.030349 0.036867
vt 0.030364 0.036772
vt 0.030076 0.036858
vt 0.029075 0.036839
vt 0.028700 0.036835
vt 0.027539 0.036833
vt 0.027163 0.036835
vt 0.026802 0.036839
vt 0.026463 0.036844
vt 0.026153 0.036850
vt 0.044434 0.036822
vt 0.043361 0.036812
vt 0.042976 0.036810
vt 0.041825 0.036814
vt 0.041465 0.036817
vt 0.040819 0.036827
vt 0.035181 0.036856
vt 0.035194 0.036761
vt 0.034544 0.036843
vt 0.034187 0.036838
vt 0.033428 0.036833
vt 0.033039 0.036833
vt 0.032275 0.036837
vt 0.031912 0.036842
vt 0.031572 0.036847
vt 0.040022 0.036799
vt 0.039732 0.036813
vt 0.039743 0.036718
vt 0.026439 0.037773
vt 0.026218 0.038093
vt 0.026175 0.038054
vt 0.026609 0.037672
vt 0.025966 0.038389
vt 0.025914 0.038577
vt 0.038887 0.036855
vt 0.025794 0.038738
vt 0.025671 0.039270
vt 0.025669 0.039106
vt 0.038176 0.036856
vt 0.037567 0.036861
vt 0.025613 0.039877
vt 0.025670 0.040479
vt 0.036972 0.036868
vt 0.025794 0.041015
vt 0.025655 0.040646
vt 0.025924 0.041202
vt 0.036447 0.036831
vt 0.036272 0.036879
vt 0.026182 0.041687
vt 0.025953 0.041367
vt 0.026356 0.041834
vt 0.026439 0.041980
vt 0.026722 0.042244
vt 0.026913 0.042314
vt 0.029583 0.036893
vt 0.029434 0.036844
vt 0.027055 0.042453
vt 0.027422 0.042583
vt 0.027404 0.042625
vt 0.027772 0.042750
vt 0.027970 0.042752
vt 0.028502 0.036879
vt 0.028315 0.036833
vt 0.027928 0.036877
vt 0.028542 0.042806
vt 0.029145 0.042749
vt 0.027330 0.036879
vt 0.029681 0.042625
vt 0.029312 0.042750
vt 0.029664 0.042583
vt 0.030030 0.042453
vt 0.030171 0.042314
vt 0.026330 0.036893
vt 0.030353 0.042237
vt 0.030614 0.041948
vt 0.030652 0.041992
vt 0.030903 0.041687
vt 0.030980 0.041505
vt 0.044247 0.036865
vt 0.044097 0.036817
vt 0.043723 0.036858
vt 0.031249 0.040997
vt 0.031418 0.040448
vt 0.043164 0.036856
vt 0.042589 0.036855
vt 0.031472 0.039876
vt 0.042201 0.036812
vt 0.031418 0.039304
vt 0.042022 0.036858
vt 0.031416 0.039106
vt 0.031178 0.038577
vt 0.031291 0.038738
vt 0.041312 0.036863
vt 0.030903 0.038065
vt 0.031132 0.038386
vt 0.030747 0.037943
vt 0.030646 0.037773
vt 0.030326 0.037552
vt 0.030364 0.037508
vt 0.030390 0.037689
vt 0.030030 0.037300
vt 0.029811 0.037229
vt 0.034322 0.036885
vt 0.035418 0.037441
vt 0.035418 0.036894
vt 0.035453 0.037280
vt 0.029234 0.037113
vt 0.029301 0.037047
vt 0.033803 0.036880
vt 0.028702 0.036945
vt 0.033200 0.036878
vt 0.028154 0.036927
vt 0.028542 0.036901
vt 0.028160 0.036972
vt 0.027772 0.037003
vt 0.027600 0.037100
vt 0.032107 0.036885
vt 0.027404 0.037128
vt 0.027078 0.037340
vt 0.027055 0.037300
vt 0.026726 0.037505
vt 0.041892 0.041265
vt 0.041510 0.042041
vt 0.040941 0.042691
vt 0.040598 0.042955
vt 0.039824 0.043338
vt 0.038554 0.043412
vt 0.038116 0.043449
vt 0.037698 0.043336
vt 0.036924 0.042953
vt 0.036581 0.042688
vt 0.036349 0.042319
vt 0.036012 0.042037
vt 0.035795 0.041661
vt 0.035518 0.040841
vt 0.035461 0.039977
vt 0.035518 0.039548
vt 0.035795 0.038728
vt 0.036012 0.038352
vt 0.036581 0.037702
vt 0.036924 0.037438
vt 0.037698 0.037056
vt 0.038545 0.036887
vt 0.039406 0.036944
vt 0.039393 0.037036
vt 0.039824 0.037057
vt 0.040223 0.037223
vt 0.040941 0.037705
vt 0.041247 0.038011
vt 0.041705 0.038737
vt 0.041892 0.039133
vt 0.041808 0.039163
vt 0.042004 0.039552
vt 0.042061 0.039982
vt 0.041972 0.040410
vt 0.042004 0.040846
vt 0.039905 0.026394
vt 0.039525 0.026320
vt 0.039874 0.026323
vt 0.039552 0.026391
vt 0.039167 0.026390
vt 0.039146 0.026319
vt 0.038742 0.026319
vt 0.038758 0.026390
vt 0.038330 0.026392
vt 0.038321 0.026321
vt 0.037890 0.026323
vt 0.037893 0.026394
vt 0.037457 0.026326
vt 0.037453 0.026397
vt 0.037028 0.026331
vt 0.037018 0.026402
vt 0.036611 0.026336
vt 0.036595 0.026407
vt 0.036191 0.026413
vt 0.036228 0.026319
vt 0.035841 0.026349
vt 0.035814 0.026420
vt 0.035470 0.026428
vt 0.035501 0.026357
vt 0.038101 0.043496
vt 0.030353 0.026440
vt 0.030662 0.026450
vt 0.029979 0.026361
vt 0.030321 0.026370
vt 0.030006 0.026432
vt 0.029627 0.026424
vt 0.029605 0.026354
vt 0.029206 0.026348
vt 0.029221 0.026418
vt 0.028788 0.026344
vt 0.028797 0.026414
vt 0.028358 0.026341
vt 0.028361 0.026412
vt 0.027924 0.026340
vt 0.027921 0.026411
vt 0.027484 0.026412
vt 0.027498 0.026319
vt 0.027074 0.026344
vt 0.027059 0.026414
vt 0.026672 0.026348
vt 0.026651 0.026418
vt 0.026268 0.026424
vt 0.026294 0.026354
vt 0.025948 0.026361
vt 0.025917 0.026432
vt 0.035466 0.039539
vt 0.035630 0.039128
vt 0.025603 0.026440
vt 0.044968 0.026338
vt 0.044650 0.026403
vt 0.044624 0.026332
vt 0.044999 0.026409
vt 0.044248 0.026327
vt 0.044269 0.026398
vt 0.043847 0.026323
vt 0.043862 0.026394
vt 0.043428 0.026321
vt 0.043437 0.026391
vt 0.042998 0.026319
vt 0.043001 0.026390
vt 0.042564 0.026319
vt 0.042561 0.026390
vt 0.042125 0.026391
vt 0.042134 0.026321
vt 0.041699 0.026394
vt 0.041715 0.026323
vt 0.041293 0.026398
vt 0.041314 0.026327
vt 0.040938 0.026332
vt 0.040912 0.026403
vt 0.040563 0.026409
vt 0.040594 0.026338
vt 0.040252 0.026416
vt 0.040288 0.026345
vt 0.035443 0.026438
vt 0.035072 0.026359
vt 0.035411 0.026368
vt 0.035099 0.026430
vt 0.034700 0.026353
vt 0.034722 0.026423
vt 0.034319 0.026418
vt 0.034303 0.026347
vt 0.033886 0.026344
vt 0.033896 0.026414
vt 0.033457 0.026342
vt 0.033461 0.026412
vt 0.033021 0.026412
vt 0.033029 0.026319
vt 0.032592 0.026343
vt 0.032583 0.026414
vt 0.032171 0.026346
vt 0.032156 0.026417
vt 0.031747 0.026422
vt 0.031767 0.026351
vt 0.031362 0.026428
vt 0.031388 0.026357
vt 0.031008 0.026436
vt 0.031039 0.026365
vt 0.040186 0.026326
vt 0.040233 0.026504
vt 0.040222 0.026397
vt 0.038824 0.040190
vt 0.038983 0.043482
vt 0.045017 0.026319
vt 0.045291 0.036534
vt 0.045017 0.036618
vt 0.044754 0.036807
vt 0.035809 0.036843
vt 0.040544 0.036833
vt 0.032652 0.036835
vt 0.025593 0.039488
vt 0.025593 0.040265
vt 0.028154 0.042826
vt 0.028931 0.042826
vt 0.031119 0.041364
vt 0.031416 0.040646
vt 0.031492 0.040265
vt 0.031492 0.039488
vt 0.028931 0.036927
vt 0.041727 0.041665
vt 0.041247 0.042385
vt 0.040223 0.043172
vt 0.039406 0.043450
vt 0.038545 0.043506
vt 0.037299 0.043170
vt 0.036275 0.042382
vt 0.035461 0.040411
vt 0.036275 0.038008
vt 0.037299 0.037221
vt 0.038116 0.036943
vt 0.038977 0.036887
vt 0.040598 0.037440
vt 0.041510 0.038356
vt 0.042061 0.040416
vt 0.037677 0.043382
vt 0.035579 0.039114
vt 0.454807 0.063339
vt 0.455555 0.063866
vt 0.454805 0.063653
vt 0.471510 0.087064
vt 0.472228 0.086634
vt 0.472228 0.086797
vt 0.491037 0.064455
vt 0.491298 0.063825
vt 0.491532 0.064148
vt 0.491397 0.065155
vt 0.491930 0.064929
vt 0.491644 0.065903
vt 0.492201 0.065762
vt 0.491770 0.066680
vt 0.492339 0.066628
vt 0.491773 0.067467
vt 0.492339 0.067504
vt 0.491653 0.068245
vt 0.492201 0.068369
vt 0.491413 0.068995
vt 0.491930 0.069203
vt 0.491058 0.069698
vt 0.491532 0.069984
vt 0.490597 0.070338
vt 0.491016 0.070694
vt 0.490042 0.070897
vt 0.490395 0.071314
vt 0.489406 0.071364
vt 0.489685 0.071831
vt 0.488705 0.071726
vt 0.488902 0.072230
vt 0.487956 0.071974
vt 0.488067 0.072503
vt 0.487178 0.072103
vt 0.487200 0.072643
vt 0.486390 0.072110
vt 0.486323 0.072646
vt 0.485611 0.071993
vt 0.485456 0.072513
vt 0.484860 0.071757
vt 0.484621 0.072246
vt 0.484156 0.071407
vt 0.483839 0.071852
vt 0.483517 0.070952
vt 0.483128 0.071342
vt 0.482957 0.070403
vt 0.482508 0.070728
vt 0.481992 0.070024
vt 0.481593 0.069249
vt 0.482492 0.069773
vt 0.481322 0.068422
vt 0.482131 0.069079
vt 0.481185 0.067562
vt 0.481885 0.068337
vt 0.481185 0.066692
vt 0.481758 0.067566
vt 0.481323 0.065832
vt 0.481755 0.066785
vt 0.481594 0.065005
vt 0.481876 0.066013
vt 0.481993 0.064230
vt 0.482116 0.065270
vt 0.482509 0.063526
vt 0.482472 0.064573
vt 0.483130 0.062911
vt 0.482933 0.063939
vt 0.483840 0.062401
vt 0.483488 0.063386
vt 0.484622 0.062007
vt 0.484124 0.062925
vt 0.485458 0.061740
vt 0.484825 0.062569
vt 0.486325 0.061606
vt 0.485574 0.062327
vt 0.487203 0.061609
vt 0.486352 0.062204
vt 0.488070 0.061749
vt 0.487141 0.062204
vt 0.488905 0.062022
vt 0.487920 0.062327
vt 0.489687 0.062421
vt 0.488670 0.062569
vt 0.490397 0.062937
vt 0.489374 0.062925
vt 0.491018 0.063557
vt 0.490014 0.063387
vt 0.491039 0.064577
vt 0.491534 0.064267
vt 0.491400 0.065278
vt 0.491933 0.065048
vt 0.491647 0.066026
vt 0.492204 0.065881
vt 0.491773 0.066803
vt 0.492341 0.066747
vt 0.491776 0.067590
vt 0.492341 0.067623
vt 0.491656 0.068368
vt 0.492204 0.068489
vt 0.491415 0.069118
vt 0.491933 0.069322
vt 0.491060 0.069821
vt 0.491534 0.070103
vt 0.490599 0.070460
vt 0.491018 0.070813
vt 0.490044 0.071020
vt 0.490397 0.071433
vt 0.489408 0.071487
vt 0.489687 0.071950
vt 0.488707 0.071849
vt 0.488905 0.072349
vt 0.487959 0.072097
vt 0.488070 0.072622
vt 0.487181 0.072226
vt 0.487203 0.072762
vt 0.486392 0.072232
vt 0.486325 0.072765
vt 0.485458 0.072632
vt 0.484623 0.072365
vt 0.485613 0.072116
vt 0.483841 0.071972
vt 0.484863 0.071880
vt 0.483131 0.071461
vt 0.484159 0.071530
vt 0.482510 0.070847
vt 0.483520 0.071074
vt 0.481995 0.070144
vt 0.482960 0.070525
vt 0.481596 0.069369
vt 0.482494 0.069896
vt 0.481325 0.068541
vt 0.482134 0.069202
vt 0.481188 0.067681
vt 0.481887 0.068460
vt 0.481188 0.066811
vt 0.481761 0.067689
vt 0.481325 0.065952
vt 0.481758 0.066908
vt 0.481597 0.065124
vt 0.481878 0.066136
vt 0.481995 0.064349
vt 0.482119 0.065392
vt 0.482512 0.063645
vt 0.482474 0.064695
vt 0.483133 0.063031
vt 0.482935 0.064062
vt 0.483843 0.062520
vt 0.483491 0.063508
vt 0.484625 0.062127
vt 0.484127 0.063048
vt 0.485460 0.061859
vt 0.484828 0.062692
vt 0.486327 0.061726
vt 0.485577 0.062450
vt 0.487205 0.061729
vt 0.486355 0.062327
vt 0.488073 0.061868
vt 0.487143 0.062327
vt 0.488907 0.062141
vt 0.487922 0.062449
vt 0.489690 0.062540
vt 0.488673 0.062692
vt 0.490400 0.063056
vt 0.489377 0.063048
vt 0.491021 0.063677
vt 0.490017 0.063509
vt 0.491537 0.064386
vt 0.490576 0.064065
vt 0.491935 0.065167
vt 0.491042 0.064700
vt 0.492207 0.066001
vt 0.491403 0.065400
vt 0.492344 0.066866
vt 0.491649 0.066148
vt 0.492344 0.067742
vt 0.491776 0.066925
vt 0.492207 0.068608
vt 0.491779 0.067712
vt 0.491935 0.069441
vt 0.491659 0.068491
vt 0.491537 0.070223
vt 0.491418 0.069240
vt 0.491021 0.070932
vt 0.491063 0.069944
vt 0.490400 0.071553
vt 0.490602 0.070583
vt 0.489690 0.072069
vt 0.490047 0.071143
vt 0.488908 0.072469
vt 0.489411 0.071609
vt 0.488073 0.072742
vt 0.488710 0.071971
vt 0.487206 0.072881
vt 0.487962 0.072220
vt 0.486328 0.072885
vt 0.487183 0.072349
vt 0.485461 0.072751
vt 0.486395 0.072355
vt 0.484626 0.072484
vt 0.485616 0.072239
vt 0.483844 0.072091
vt 0.484866 0.072002
vt 0.483134 0.071581
vt 0.484162 0.071652
vt 0.482513 0.070966
vt 0.483522 0.071197
vt 0.481997 0.070263
vt 0.482963 0.070648
vt 0.481599 0.069488
vt 0.482497 0.070019
vt 0.481328 0.068660
vt 0.482137 0.069325
vt 0.481190 0.067801
vt 0.481890 0.068583
vt 0.481191 0.066930
vt 0.481764 0.067812
vt 0.481328 0.066071
vt 0.481761 0.067031
vt 0.481599 0.065243
vt 0.481881 0.066259
vt 0.481998 0.064468
vt 0.482122 0.065515
vt 0.482514 0.063764
vt 0.482477 0.064818
vt 0.483135 0.063150
vt 0.482938 0.064185
vt 0.483846 0.062639
vt 0.483494 0.063631
vt 0.484628 0.062246
vt 0.484130 0.063171
vt 0.485463 0.061979
vt 0.484831 0.062815
vt 0.486330 0.061845
vt 0.485579 0.062573
vt 0.487208 0.061848
vt 0.486358 0.062450
vt 0.488075 0.061987
vt 0.487146 0.062450
vt 0.488911 0.062260
vt 0.487925 0.062572
vt 0.489226 0.062421
vt 0.488676 0.062814
vt 0.477235 0.087151
vt 0.476582 0.087453
vt 0.476616 0.087294
vt 0.469716 0.075003
vt 0.469164 0.074691
vt 0.469520 0.074510
vt 0.470465 0.074754
vt 0.470354 0.074237
vt 0.471243 0.074624
vt 0.471221 0.074097
vt 0.472031 0.074617
vt 0.472099 0.074092
vt 0.472809 0.074732
vt 0.472966 0.074224
vt 0.473560 0.074966
vt 0.473801 0.074489
vt 0.474263 0.075314
vt 0.474582 0.074880
vt 0.474903 0.075767
vt 0.475292 0.075388
vt 0.475462 0.076314
vt 0.475913 0.076000
vt 0.475928 0.076940
vt 0.476429 0.076700
vt 0.476288 0.077631
vt 0.476827 0.077472
vt 0.476534 0.078370
vt 0.477098 0.078296
vt 0.476660 0.079138
vt 0.477235 0.079153
vt 0.476663 0.079916
vt 0.477234 0.080020
vt 0.476542 0.080685
vt 0.477097 0.080876
vt 0.476301 0.081426
vt 0.476825 0.081701
vt 0.475946 0.082120
vt 0.476426 0.082473
vt 0.475485 0.082751
vt 0.475910 0.083174
vt 0.474929 0.083303
vt 0.475289 0.083786
vt 0.474293 0.083761
vt 0.474578 0.084295
vt 0.473796 0.084687
vt 0.472961 0.084953
vt 0.473592 0.084116
vt 0.472093 0.085086
vt 0.472843 0.084357
vt 0.471215 0.085082
vt 0.472065 0.084479
vt 0.470348 0.084943
vt 0.471276 0.084478
vt 0.469513 0.084671
vt 0.470497 0.084356
vt 0.468731 0.084272
vt 0.469746 0.084114
vt 0.468020 0.083757
vt 0.469042 0.083758
vt 0.467399 0.083138
vt 0.468403 0.083298
vt 0.466883 0.082430
vt 0.467843 0.082743
vt 0.466485 0.081651
vt 0.467377 0.082109
vt 0.466214 0.080819
vt 0.467016 0.081410
vt 0.466076 0.079956
vt 0.466770 0.080664
vt 0.466076 0.079081
vt 0.466643 0.079889
vt 0.466214 0.078217
vt 0.466640 0.079103
vt 0.466485 0.077385
vt 0.466760 0.078326
vt 0.466883 0.076606
vt 0.467001 0.077578
vt 0.467399 0.075897
vt 0.467356 0.076876
vt 0.468020 0.075277
vt 0.467817 0.076237
vt 0.468730 0.074761
vt 0.468372 0.075678
vt 0.469709 0.074850
vt 0.469512 0.074362
vt 0.470457 0.074601
vt 0.470347 0.074089
vt 0.471235 0.074471
vt 0.471214 0.073948
vt 0.472023 0.074464
vt 0.472092 0.073944
vt 0.472802 0.074579
vt 0.472959 0.074076
vt 0.473553 0.074813
vt 0.473793 0.074341
vt 0.474256 0.075161
vt 0.474575 0.074732
vt 0.474895 0.075614
vt 0.475285 0.075240
vt 0.475455 0.076161
vt 0.475906 0.075851
vt 0.475920 0.076787
vt 0.476421 0.076552
vt 0.476281 0.077479
vt 0.476820 0.077324
vt 0.476527 0.078217
vt 0.477091 0.078148
vt 0.476653 0.078985
vt 0.477228 0.079004
vt 0.476656 0.079763
vt 0.477227 0.079871
vt 0.476535 0.080532
vt 0.477089 0.080728
vt 0.476818 0.081552
vt 0.476419 0.082324
vt 0.476294 0.081273
vt 0.475903 0.083025
vt 0.475939 0.081967
vt 0.475282 0.083638
vt 0.475478 0.082598
vt 0.474571 0.084146
vt 0.474922 0.083150
vt 0.473789 0.084538
vt 0.474286 0.083608
vt 0.472953 0.084804
vt 0.473585 0.083963
vt 0.472086 0.084937
vt 0.472836 0.084204
vt 0.471208 0.084934
vt 0.472057 0.084326
vt 0.470341 0.084795
vt 0.471269 0.084326
vt 0.469506 0.084522
vt 0.470490 0.084203
vt 0.468723 0.084124
vt 0.469739 0.083961
vt 0.468013 0.083609
vt 0.469035 0.083605
vt 0.467392 0.082990
vt 0.468395 0.083145
vt 0.466876 0.082282
vt 0.467836 0.082591
vt 0.466478 0.081502
vt 0.467370 0.081956
vt 0.466206 0.080671
vt 0.467009 0.081258
vt 0.466069 0.079807
vt 0.466762 0.080511
vt 0.466069 0.078933
vt 0.466636 0.079736
vt 0.466206 0.078069
vt 0.466633 0.078950
vt 0.466478 0.077237
vt 0.466753 0.078174
vt 0.466876 0.076457
vt 0.466994 0.077425
vt 0.467392 0.075749
vt 0.467349 0.076723
vt 0.468013 0.075129
vt 0.467809 0.076085
vt 0.468723 0.074613
vt 0.468365 0.075525
vt 0.469505 0.074214
vt 0.469000 0.075059
vt 0.470340 0.073940
vt 0.469701 0.074697
vt 0.471207 0.073800
vt 0.470450 0.074448
vt 0.472085 0.073796
vt 0.471228 0.074319
vt 0.472952 0.073928
vt 0.472016 0.074311
vt 0.473786 0.074192
vt 0.472795 0.074426
vt 0.474568 0.074584
vt 0.473545 0.074661
vt 0.475278 0.075091
vt 0.474249 0.075009
vt 0.475899 0.075703
vt 0.474888 0.075462
vt 0.476414 0.076403
vt 0.475447 0.076008
vt 0.476813 0.077175
vt 0.475913 0.076635
vt 0.477083 0.077999
vt 0.476273 0.077326
vt 0.477220 0.078856
vt 0.476519 0.078065
vt 0.477220 0.079723
vt 0.476645 0.078832
vt 0.477082 0.080579
vt 0.476648 0.079610
vt 0.476811 0.081404
vt 0.476528 0.080379
vt 0.476412 0.082176
vt 0.476287 0.081120
vt 0.475895 0.082877
vt 0.475931 0.081815
vt 0.475274 0.083489
vt 0.475470 0.082446
vt 0.474564 0.083998
vt 0.474915 0.082997
vt 0.473781 0.084390
vt 0.474279 0.083456
vt 0.472946 0.084656
vt 0.473577 0.083810
vt 0.472079 0.084789
vt 0.472828 0.084051
vt 0.471201 0.084786
vt 0.472050 0.084173
vt 0.470334 0.084646
vt 0.471262 0.084173
vt 0.469499 0.084374
vt 0.470482 0.084050
vt 0.468716 0.083975
vt 0.469731 0.083808
vt 0.468006 0.083460
vt 0.469028 0.083453
vt 0.467385 0.082841
vt 0.468388 0.082992
vt 0.472275 0.086190
vt 0.472952 0.086915
vt 0.472341 0.087064
vt 0.472347 0.085318
vt 0.472890 0.086131
vt 0.454824 0.067937
vt 0.455554 0.068420
vt 0.454829 0.068725
vt 0.454818 0.067099
vt 0.455553 0.067714
vt 0.454812 0.066229
vt 0.455552 0.066961
vt 0.454808 0.065351
vt 0.455551 0.066181
vt 0.454805 0.064485
vt 0.455550 0.065392
vt 0.455552 0.064614
vt 0.467441 0.062207
vt 0.467278 0.061911
vt 0.467441 0.061864
vt 0.467275 0.061100
vt 0.467438 0.061051
vt 0.467272 0.060246
vt 0.467435 0.060196
vt 0.467268 0.059370
vt 0.467431 0.059320
vt 0.467265 0.058495
vt 0.467428 0.058445
vt 0.467264 0.057640
vt 0.467427 0.057592
vt 0.467265 0.056828
vt 0.467429 0.056782
vt 0.467269 0.056077
vt 0.467433 0.056036
vt 0.467277 0.055408
vt 0.467441 0.055371
vt 0.480320 0.063076
vt 0.480164 0.062428
vt 0.480327 0.062385
vt 0.480167 0.061664
vt 0.480331 0.061618
vt 0.480168 0.060842
vt 0.480332 0.060793
vt 0.480167 0.059981
vt 0.480331 0.059931
vt 0.480165 0.059104
vt 0.480328 0.059053
vt 0.480162 0.058231
vt 0.480325 0.058181
vt 0.480159 0.057384
vt 0.480322 0.057336
vt 0.480157 0.056584
vt 0.480320 0.056539
vt 0.480156 0.055851
vt 0.480320 0.055810
vt 0.480158 0.055202
vt 0.480322 0.055166
vt 0.480766 0.063077
vt 0.480647 0.062422
vt 0.480812 0.062379
vt 0.480682 0.061652
vt 0.480846 0.061606
vt 0.480705 0.060826
vt 0.480869 0.060778
vt 0.480718 0.059964
vt 0.480881 0.059914
vt 0.480720 0.059086
vt 0.480882 0.059036
vt 0.480712 0.058214
vt 0.480874 0.058165
vt 0.480695 0.057370
vt 0.480856 0.057323
vt 0.480669 0.056575
vt 0.480831 0.056531
vt 0.480638 0.055847
vt 0.480799 0.055807
vt 0.480601 0.055206
vt 0.480762 0.055170
vt 0.480109 0.063080
vt 0.479946 0.062491
vt 0.480109 0.062451
vt 0.479944 0.061778
vt 0.480108 0.061734
vt 0.479941 0.060993
vt 0.480105 0.060946
vt 0.479938 0.060157
vt 0.480101 0.060108
vt 0.479934 0.059288
vt 0.480097 0.059238
vt 0.479932 0.058410
vt 0.480095 0.058360
vt 0.479931 0.057543
vt 0.480094 0.057494
vt 0.479932 0.056709
vt 0.480096 0.056662
vt 0.479937 0.055928
vt 0.480101 0.055884
vt 0.479946 0.055219
vt 0.480109 0.055180
vt 0.481106 0.064945
vt 0.480943 0.064315
vt 0.481107 0.064274
vt 0.480942 0.063567
vt 0.481106 0.063522
vt 0.480940 0.062757
vt 0.481103 0.062708
vt 0.480936 0.061903
vt 0.481099 0.061853
vt 0.480933 0.061027
vt 0.481096 0.060977
vt 0.480930 0.060152
vt 0.481093 0.060102
vt 0.480929 0.059297
vt 0.481093 0.059249
vt 0.480931 0.058485
vt 0.481094 0.058439
vt 0.480935 0.057734
vt 0.481099 0.057693
vt 0.480943 0.057065
vt 0.481107 0.057028
vt 0.479499 0.063076
vt 0.479343 0.062428
vt 0.479506 0.062385
vt 0.479346 0.061664
vt 0.479510 0.061618
vt 0.479348 0.060842
vt 0.479511 0.060793
vt 0.479346 0.059981
vt 0.479510 0.059931
vt 0.479344 0.059104
vt 0.479507 0.059053
vt 0.479341 0.058231
vt 0.479504 0.058181
vt 0.479338 0.057384
vt 0.479501 0.057336
vt 0.479336 0.056584
vt 0.479499 0.056539
vt 0.479335 0.055851
vt 0.479499 0.055810
vt 0.479337 0.055202
vt 0.479501 0.055166
vt 0.478844 0.063077
vt 0.478725 0.062422
vt 0.478889 0.062379
vt 0.478759 0.061652
vt 0.478924 0.061606
vt 0.478783 0.060826
vt 0.478947 0.060778
vt 0.478795 0.059964
vt 0.478959 0.059914
vt 0.478797 0.059086
vt 0.478960 0.059036
vt 0.478789 0.058214
vt 0.478952 0.058165
vt 0.478772 0.057370
vt 0.478934 0.057323
vt 0.478747 0.056575
vt 0.478909 0.056531
vt 0.478715 0.055847
vt 0.478877 0.055807
vt 0.478679 0.055206
vt 0.478840 0.055170
vt 0.479736 0.063080
vt 0.479573 0.062491
vt 0.479736 0.062451
vt 0.479571 0.061778
vt 0.479735 0.061734
vt 0.479568 0.060993
vt 0.479732 0.060946
vt 0.479565 0.060157
vt 0.479728 0.060108
vt 0.479561 0.059289
vt 0.479724 0.059238
vt 0.479558 0.058410
vt 0.479722 0.058360
vt 0.479558 0.057543
vt 0.479721 0.057494
vt 0.479559 0.056709
vt 0.479723 0.056662
vt 0.479564 0.055928
vt 0.479728 0.055884
vt 0.479573 0.055219
vt 0.479736 0.055180
vt 0.481106 0.072946
vt 0.480943 0.072317
vt 0.481107 0.072275
vt 0.480942 0.071569
vt 0.481106 0.071523
vt 0.480940 0.070758
vt 0.481103 0.070710
vt 0.480936 0.069904
vt 0.481099 0.069855
vt 0.480933 0.069029
vt 0.481096 0.068979
vt 0.480930 0.068153
vt 0.481093 0.068103
vt 0.480929 0.067298
vt 0.481093 0.067250
vt 0.480931 0.066486
vt 0.481094 0.066441
vt 0.480935 0.065736
vt 0.481099 0.065694
vt 0.480943 0.065066
vt 0.481107 0.065029
vt 0.480542 0.063076
vt 0.480386 0.062428
vt 0.480550 0.062385
vt 0.480390 0.061664
vt 0.480553 0.061618
vt 0.480391 0.060842
vt 0.480554 0.060793
vt 0.480390 0.059981
vt 0.480553 0.059931
vt 0.480387 0.059104
vt 0.480550 0.059053
vt 0.480384 0.058231
vt 0.480547 0.058181
vt 0.480381 0.057384
vt 0.480544 0.057336
vt 0.480379 0.056584
vt 0.480542 0.056539
vt 0.480379 0.055851
vt 0.480542 0.055810
vt 0.480381 0.055202
vt 0.480544 0.055166
vt 0.479172 0.063077
vt 0.479053 0.062422
vt 0.479218 0.062379
vt 0.479088 0.061652
vt 0.479252 0.061606
vt 0.479111 0.060826
vt 0.479275 0.060778
vt 0.479124 0.059964
vt 0.479287 0.059914
vt 0.479126 0.059086
vt 0.479289 0.059036
vt 0.479118 0.058214
vt 0.479280 0.058165
vt 0.479101 0.057370
vt 0.479262 0.057323
vt 0.479075 0.056575
vt 0.479237 0.056531
vt 0.479044 0.055847
vt 0.479205 0.055807
vt 0.479007 0.055206
vt 0.479168 0.055170
vt 0.454833 0.070071
vt 0.454669 0.069482
vt 0.454832 0.069442
vt 0.454666 0.068769
vt 0.454661 0.067985
vt 0.454655 0.067148
vt 0.454649 0.066280
vt 0.454645 0.065402
vt 0.454642 0.064535
vt 0.454641 0.063701
vt 0.454643 0.063345
vt 0.452158 0.069510
vt 0.452522 0.068832
vt 0.452523 0.069505
vt 0.454006 0.063926
vt 0.454379 0.063293
vt 0.454369 0.063912
vt 0.452156 0.068118
vt 0.452519 0.068102
vt 0.452153 0.067350
vt 0.452516 0.067335
vt 0.452149 0.066564
vt 0.452513 0.066548
vt 0.452147 0.065777
vt 0.452510 0.065762
vt 0.452146 0.065011
vt 0.452509 0.064995
vt 0.452147 0.064282
vt 0.452510 0.064267
vt 0.452151 0.063610
vt 0.452515 0.063595
vt 0.452159 0.063011
vt 0.452523 0.062995
vt 0.452706 0.083399
vt 0.452350 0.082795
vt 0.452714 0.082780
vt 0.452354 0.082107
vt 0.452717 0.082092
vt 0.452355 0.081368
vt 0.452718 0.081353
vt 0.452353 0.080594
vt 0.452717 0.080579
vt 0.452351 0.079806
vt 0.452714 0.079791
vt 0.452348 0.079022
vt 0.452711 0.079007
vt 0.452345 0.078263
vt 0.452708 0.078248
vt 0.452343 0.077546
vt 0.452706 0.077531
vt 0.452343 0.076889
vt 0.452707 0.076874
vt 0.452346 0.076308
vt 0.452709 0.076293
vt 0.480963 0.055110
vt 0.480643 0.054499
vt 0.481005 0.054485
vt 0.480674 0.053806
vt 0.481036 0.053792
vt 0.480695 0.053063
vt 0.481057 0.053049
vt 0.480706 0.052288
vt 0.481068 0.052274
vt 0.480707 0.051499
vt 0.481069 0.051485
vt 0.480699 0.050717
vt 0.481062 0.050703
vt 0.480684 0.049960
vt 0.481046 0.049946
vt 0.480661 0.049247
vt 0.481024 0.049233
vt 0.480633 0.048595
vt 0.480996 0.048582
vt 0.480601 0.048022
vt 0.480963 0.048008
vt 0.452295 0.083399
vt 0.451933 0.082851
vt 0.452296 0.082836
vt 0.451932 0.082209
vt 0.452295 0.082194
vt 0.451929 0.081503
vt 0.452293 0.081488
vt 0.451926 0.080751
vt 0.452289 0.080736
vt 0.451922 0.079971
vt 0.452286 0.079956
vt 0.451920 0.079182
vt 0.452283 0.079167
vt 0.451919 0.078404
vt 0.452282 0.078389
vt 0.451920 0.077655
vt 0.452284 0.077640
vt 0.451925 0.076955
vt 0.452288 0.076940
vt 0.451933 0.076321
vt 0.452296 0.076306
vt 0.467863 0.062198
vt 0.467501 0.061612
vt 0.467865 0.061597
vt 0.467501 0.060938
vt 0.467864 0.060923
vt 0.467498 0.060209
vt 0.467862 0.060194
vt 0.467495 0.059442
vt 0.467858 0.059426
vt 0.467492 0.058655
vt 0.467855 0.058640
vt 0.467489 0.057869
vt 0.467852 0.057854
vt 0.467488 0.057102
vt 0.467851 0.057087
vt 0.467489 0.056373
vt 0.467853 0.056358
vt 0.467493 0.055701
vt 0.467857 0.055686
vt 0.467501 0.055102
vt 0.467865 0.055087
vt 0.453128 0.083399
vt 0.452772 0.082795
vt 0.453135 0.082780
vt 0.452776 0.082107
vt 0.453139 0.082092
vt 0.452776 0.081368
vt 0.453140 0.081353
vt 0.452775 0.080594
vt 0.453138 0.080579
vt 0.452772 0.079806
vt 0.453136 0.079791
vt 0.452769 0.079022
vt 0.453133 0.079007
vt 0.452767 0.078263
vt 0.453130 0.078248
vt 0.452765 0.077546
vt 0.453128 0.077531
vt 0.452765 0.076889
vt 0.453128 0.076874
vt 0.452768 0.076308
vt 0.453131 0.076293
vt 0.467759 0.055026
vt 0.467438 0.054415
vt 0.467800 0.054401
vt 0.467469 0.053723
vt 0.467831 0.053709
vt 0.467490 0.052980
vt 0.467852 0.052966
vt 0.467501 0.052204
vt 0.467863 0.052190
vt 0.467502 0.051416
vt 0.467865 0.051402
vt 0.467495 0.050633
vt 0.467857 0.050619
vt 0.467479 0.049876
vt 0.467841 0.049862
vt 0.467456 0.049163
vt 0.467819 0.049149
vt 0.467428 0.048512
vt 0.467791 0.048498
vt 0.467396 0.047938
vt 0.467759 0.047924
vt 0.454365 0.069670
vt 0.454004 0.069122
vt 0.454368 0.069108
vt 0.454005 0.068479
vt 0.454368 0.068465
vt 0.454004 0.067773
vt 0.454368 0.067759
vt 0.454003 0.067021
vt 0.454366 0.067007
vt 0.454002 0.066241
vt 0.454365 0.066227
vt 0.454001 0.065452
vt 0.454365 0.065438
vt 0.454002 0.064674
vt 0.454366 0.064660
vt 0.490745 0.053761
vt 0.491078 0.054464
vt 0.489801 0.054473
vt 0.491048 0.055098
vt 0.489801 0.055106
vt 0.491020 0.055797
vt 0.489802 0.055806
vt 0.490993 0.056545
vt 0.489805 0.056553
vt 0.490967 0.057323
vt 0.489809 0.057331
vt 0.490943 0.058111
vt 0.489815 0.058119
vt 0.490920 0.058891
vt 0.489822 0.058899
vt 0.490897 0.059643
vt 0.489829 0.059650
vt 0.490876 0.060348
vt 0.489838 0.060356
vt 0.490855 0.060990
vt 0.489847 0.060998
vt 0.490835 0.061553
vt 0.489856 0.061560
vt 0.492344 0.061560
vt 0.491360 0.060982
vt 0.492306 0.060985
vt 0.491359 0.060330
vt 0.492276 0.060333
vt 0.491367 0.059616
vt 0.492253 0.059619
vt 0.491383 0.058859
vt 0.492240 0.058862
vt 0.491408 0.058077
vt 0.492235 0.058080
vt 0.491443 0.057289
vt 0.492240 0.057292
vt 0.491486 0.056515
vt 0.492253 0.056518
vt 0.491538 0.055774
vt 0.492276 0.055776
vt 0.491599 0.055083
vt 0.492306 0.055086
vt 0.491667 0.054461
vt 0.492344 0.054463
vt 0.457128 0.054798
vt 0.456476 0.054218
vt 0.457125 0.054218
vt 0.456503 0.053562
vt 0.457123 0.053562
vt 0.456531 0.052845
vt 0.457121 0.052845
vt 0.456560 0.052086
vt 0.457120 0.052086
vt 0.456589 0.051303
vt 0.457119 0.051303
vt 0.456619 0.050515
vt 0.457119 0.050515
vt 0.456650 0.049742
vt 0.457120 0.049742
vt 0.456682 0.049003
vt 0.457122 0.049003
vt 0.456714 0.048316
vt 0.457124 0.048316
vt 0.456747 0.047698
vt 0.457127 0.047698
vt 0.453521 0.048319
vt 0.453872 0.048916
vt 0.453521 0.048917
vt 0.453843 0.049587
vt 0.453522 0.049589
vt 0.453815 0.050315
vt 0.453524 0.050317
vt 0.453788 0.051081
vt 0.453527 0.051083
vt 0.453762 0.051867
vt 0.453531 0.051869
vt 0.453736 0.052653
vt 0.453535 0.052655
vt 0.453711 0.053420
vt 0.453540 0.053421
vt 0.453687 0.054149
vt 0.453546 0.054150
vt 0.453552 0.054798
vt 0.455734 0.063856
vt 0.455584 0.063181
vt 0.455713 0.063068
vt 0.455688 0.062533
vt 0.480554 0.055103
vt 0.478904 0.054518
vt 0.480544 0.054499
vt 0.478921 0.053845
vt 0.480547 0.053829
vt 0.478937 0.053116
vt 0.480517 0.053094
vt 0.478953 0.052349
vt 0.480503 0.052327
vt 0.478969 0.051562
vt 0.480490 0.051540
vt 0.478987 0.050776
vt 0.480477 0.050754
vt 0.479005 0.050009
vt 0.480466 0.049987
vt 0.479025 0.049281
vt 0.480455 0.049259
vt 0.479046 0.048609
vt 0.480447 0.048586
vt 0.479069 0.048010
vt 0.480440 0.047987
vt 0.453939 0.070055
vt 0.452576 0.069487
vt 0.453916 0.069437
vt 0.452580 0.068800
vt 0.453890 0.068750
vt 0.452581 0.068060
vt 0.453861 0.068011
vt 0.452580 0.067286
vt 0.453830 0.067238
vt 0.452577 0.066498
vt 0.453797 0.066451
vt 0.452574 0.065715
vt 0.453764 0.065668
vt 0.452571 0.064955
vt 0.453732 0.064909
vt 0.452569 0.064238
vt 0.453700 0.064192
vt 0.452569 0.063581
vt 0.453670 0.063535
vt 0.452572 0.063000
vt 0.453643 0.062955
vt 0.453359 0.075866
vt 0.454356 0.076504
vt 0.453317 0.076488
vt 0.454291 0.077194
vt 0.453281 0.077178
vt 0.454234 0.077935
vt 0.453255 0.077918
vt 0.454186 0.078709
vt 0.453236 0.078693
vt 0.454146 0.079496
vt 0.453227 0.079481
vt 0.454116 0.080278
vt 0.453226 0.080264
vt 0.454095 0.081035
vt 0.453235 0.081022
vt 0.454083 0.081748
vt 0.453253 0.081737
vt 0.454080 0.082401
vt 0.453279 0.082390
vt 0.453731 0.082972
vt 0.453313 0.082967
vt 0.455969 0.069616
vt 0.455553 0.069062
vt 0.455942 0.069055
vt 0.455913 0.068414
vt 0.455882 0.067709
vt 0.455851 0.066957
vt 0.455820 0.066178
vt 0.455789 0.065389
vt 0.455761 0.064611
vt 0.467098 0.057882
vt 0.462902 0.057661
vt 0.462920 0.057425
vt 0.466795 0.059404
vt 0.462848 0.057820
vt 0.465430 0.061299
vt 0.462712 0.058015
vt 0.464797 0.061762
vt 0.464099 0.062119
vt 0.462521 0.058159
vt 0.463354 0.062363
vt 0.462296 0.058236
vt 0.461018 0.062363
vt 0.462057 0.058239
vt 0.458932 0.061299
vt 0.461830 0.058168
vt 0.458374 0.060742
vt 0.457910 0.060105
vt 0.461635 0.058030
vt 0.457551 0.059404
vt 0.457305 0.058655
vt 0.457179 0.057877
vt 0.461413 0.057355
vt 0.461411 0.057593
vt 0.457534 0.055563
vt 0.461630 0.056936
vt 0.457294 0.056312
vt 0.457887 0.054862
vt 0.461825 0.056799
vt 0.459532 0.053205
vt 0.462052 0.056728
vt 0.460975 0.052604
vt 0.462354 0.056742
vt 0.463311 0.052604
vt 0.462617 0.056873
vt 0.462535 0.052481
vt 0.464059 0.052848
vt 0.462776 0.057036
vt 0.466419 0.054862
vt 0.462883 0.057238
vt 0.467024 0.056312
vt 0.466778 0.055563
vt 0.470123 0.063657
vt 0.468572 0.064304
vt 0.469796 0.063132
vt 0.469025 0.064708
vt 0.468045 0.065034
vt 0.468568 0.065345
vt 0.467622 0.065817
vt 0.467959 0.066805
vt 0.467368 0.066671
vt 0.467831 0.067597
vt 0.467201 0.067548
vt 0.467827 0.068400
vt 0.467197 0.068450
vt 0.467948 0.069193
vt 0.467359 0.069343
vt 0.468190 0.069957
vt 0.467607 0.070200
vt 0.468549 0.070673
vt 0.468036 0.070999
vt 0.469015 0.071324
vt 0.468535 0.071737
vt 0.469575 0.071893
vt 0.470221 0.072367
vt 0.469890 0.072909
vt 0.470930 0.072734
vt 0.470688 0.073321
vt 0.471688 0.072985
vt 0.471541 0.073602
vt 0.472476 0.073113
vt 0.472426 0.073746
vt 0.473275 0.073116
vt 0.473324 0.073749
vt 0.474064 0.072994
vt 0.474212 0.073585
vt 0.474825 0.072748
vt 0.475066 0.073334
vt 0.475538 0.072386
vt 0.475867 0.072927
vt 0.476186 0.071917
vt 0.476585 0.072375
vt 0.477052 0.071053
vt 0.477233 0.071763
vt 0.477747 0.071016
vt 0.477606 0.069957
vt 0.478160 0.070208
vt 0.478464 0.069342
vt 0.477851 0.069193
vt 0.478578 0.068457
vt 0.477974 0.068400
vt 0.478578 0.067558
vt 0.477973 0.067598
vt 0.478438 0.066671
vt 0.477846 0.066806
vt 0.478182 0.065801
vt 0.477598 0.066043
vt 0.477756 0.065018
vt 0.477234 0.065329
vt 0.477245 0.064270
vt 0.476764 0.064682
vt 0.476609 0.063634
vt 0.476198 0.064116
vt 0.475882 0.063106
vt 0.475551 0.063647
vt 0.475082 0.062699
vt 0.474839 0.063285
vt 0.474229 0.062449
vt 0.474079 0.063040
vt 0.473347 0.062310
vt 0.473290 0.062917
vt 0.472444 0.062287
vt 0.472492 0.062919
vt 0.471314 0.062516
vt 0.470211 0.063736
vt 0.470977 0.063335
vt 0.470999 0.063372
vt 0.471447 0.063061
vt 0.469673 0.064186
vt 0.470177 0.063705
vt 0.469637 0.064152
vt 0.469083 0.064733
vt 0.469113 0.064747
vt 0.468645 0.065381
vt 0.468259 0.066082
vt 0.480554 0.053099
vt 0.468014 0.066836
vt 0.468210 0.066043
vt 0.480540 0.052327
vt 0.467889 0.067620
vt 0.480527 0.051536
vt 0.467888 0.068413
vt 0.480514 0.050746
vt 0.468010 0.069197
vt 0.480503 0.049974
vt 0.468253 0.069951
vt 0.475383 0.087981
vt 0.475383 0.087192
vt 0.475415 0.087194
vt 0.468610 0.070658
vt 0.469097 0.071280
vt 0.468637 0.070641
vt 0.469073 0.071300
vt 0.469650 0.071838
vt 0.469631 0.071861
vt 0.453955 0.069449
vt 0.470268 0.072328
vt 0.453928 0.068758
vt 0.470971 0.072688
vt 0.453899 0.068014
vt 0.471722 0.072933
vt 0.453868 0.067237
vt 0.472501 0.073057
vt 0.453835 0.066445
vt 0.473290 0.073057
vt 0.453802 0.065657
vt 0.474070 0.072933
vt 0.453769 0.064894
vt 0.474821 0.072688
vt 0.453737 0.064173
vt 0.475525 0.072328
vt 0.453707 0.063513
vt 0.476165 0.071862
vt 0.453320 0.075848
vt 0.476727 0.071319
vt 0.453266 0.076457
vt 0.477203 0.070669
vt 0.453215 0.077916
vt 0.477548 0.069952
vt 0.453196 0.078695
vt 0.477793 0.069198
vt 0.453187 0.079489
vt 0.477918 0.068414
vt 0.453186 0.080276
vt 0.477919 0.067620
vt 0.453195 0.081038
vt 0.477797 0.066837
vt 0.453213 0.081756
vt 0.477554 0.066082
vt 0.453240 0.082413
vt 0.477197 0.065375
vt 0.453274 0.082992
vt 0.476734 0.064733
vt 0.455980 0.069067
vt 0.476176 0.064172
vt 0.455950 0.068422
vt 0.475539 0.063706
vt 0.455920 0.067712
vt 0.474836 0.063346
vt 0.455888 0.066956
vt 0.474085 0.063100
vt 0.455857 0.066172
vt 0.473306 0.062976
vt 0.455826 0.065379
vt 0.472516 0.062976
vt 0.455808 0.064582
vt 0.471721 0.063088
vt 0.455780 0.063837
vt 0.473300 0.061612
vt 0.478108 0.062213
vt 0.473254 0.062210
vt 0.473333 0.060889
vt 0.478147 0.061607
vt 0.478244 0.059241
vt 0.478221 0.060095
vt 0.473406 0.059241
vt 0.478256 0.058350
vt 0.473401 0.058348
vt 0.473421 0.057443
vt 0.478165 0.054100
vt 0.473366 0.054850
vt 0.473309 0.054102
vt 0.473282 0.053439
vt 0.459375 0.082767
vt 0.454531 0.083413
vt 0.454525 0.082766
vt 0.459370 0.082028
vt 0.454520 0.082027
vt 0.459366 0.081217
vt 0.454516 0.081215
vt 0.459363 0.080351
vt 0.454513 0.080350
vt 0.459362 0.079454
vt 0.454512 0.079453
vt 0.459362 0.078547
vt 0.454512 0.078546
vt 0.459364 0.077652
vt 0.454495 0.077651
vt 0.454516 0.076792
vt 0.454520 0.075986
vt 0.459366 0.076791
vt 0.459376 0.075257
vt 0.454507 0.075259
vt 0.473152 0.054728
vt 0.468298 0.054036
vt 0.473167 0.054040
vt 0.473158 0.057223
vt 0.468307 0.056340
vt 0.473174 0.056340
vt 0.468309 0.058128
vt 0.473177 0.058126
vt 0.468308 0.059032
vt 0.468302 0.061524
vt 0.473155 0.060751
vt 0.473170 0.061520
vt 0.473148 0.062212
vt 0.452240 0.055556
vt 0.457093 0.054845
vt 0.457090 0.055556
vt 0.452237 0.056347
vt 0.457088 0.056347
vt 0.452235 0.057197
vt 0.457086 0.057198
vt 0.452234 0.058087
vt 0.457103 0.058085
vt 0.452234 0.058993
vt 0.452235 0.059895
vt 0.457085 0.059894
vt 0.452236 0.060768
vt 0.457104 0.060767
vt 0.452238 0.061593
vt 0.457108 0.061594
vt 0.452241 0.062486
vt 0.457109 0.062483
vt 0.465664 0.064619
vt 0.464257 0.064992
vt 0.465196 0.064032
vt 0.466160 0.065308
vt 0.464618 0.065441
vt 0.466544 0.066068
vt 0.465000 0.065970
vt 0.466805 0.066878
vt 0.465294 0.066553
vt 0.466937 0.067720
vt 0.465495 0.067176
vt 0.466937 0.068571
vt 0.465596 0.067822
vt 0.465495 0.069122
vt 0.465596 0.068476
vt 0.466805 0.069413
vt 0.465294 0.069744
vt 0.466544 0.070223
vt 0.465000 0.070326
vt 0.466161 0.070982
vt 0.464618 0.070855
vt 0.465664 0.071670
vt 0.464160 0.071318
vt 0.465066 0.072272
vt 0.463635 0.071702
vt 0.464383 0.072773
vt 0.463057 0.071998
vt 0.463630 0.073159
vt 0.462440 0.072200
vt 0.462826 0.073422
vt 0.461799 0.072302
vt 0.461992 0.073554
vt 0.461150 0.072301
vt 0.461147 0.073554
vt 0.460509 0.072199
vt 0.460312 0.073420
vt 0.459892 0.071996
vt 0.459509 0.073156
vt 0.459314 0.071699
vt 0.458756 0.072769
vt 0.458789 0.071314
vt 0.458072 0.072268
vt 0.458330 0.070851
vt 0.457474 0.071665
vt 0.457949 0.070321
vt 0.456978 0.070975
vt 0.457655 0.069738
vt 0.456594 0.070216
vt 0.457454 0.069116
vt 0.456333 0.069405
vt 0.457353 0.068470
vt 0.456201 0.068564
vt 0.457353 0.067816
vt 0.456333 0.066870
vt 0.456201 0.067712
vt 0.456594 0.066060
vt 0.457454 0.067170
vt 0.456978 0.065301
vt 0.457655 0.066548
vt 0.457474 0.064613
vt 0.457949 0.065965
vt 0.458072 0.064011
vt 0.458330 0.065436
vt 0.458756 0.063510
vt 0.458789 0.064974
vt 0.459509 0.063124
vt 0.459314 0.064590
vt 0.460312 0.062861
vt 0.459892 0.064294
vt 0.461147 0.062729
vt 0.460509 0.064092
vt 0.461992 0.062729
vt 0.461150 0.063990
vt 0.462826 0.062863
vt 0.461799 0.063990
vt 0.463630 0.063127
vt 0.462440 0.064093
vt 0.464383 0.063515
vt 0.463057 0.064296
vt 0.463635 0.064593
vt 0.478312 0.062183
vt 0.478188 0.060890
vt 0.478351 0.061580
vt 0.478392 0.060868
vt 0.478424 0.060079
vt 0.478447 0.059231
vt 0.478258 0.057443
vt 0.478459 0.058346
vt 0.478453 0.056551
vt 0.478250 0.056543
vt 0.478434 0.055686
vt 0.478231 0.055672
vt 0.478406 0.054870
vt 0.478203 0.054851
vt 0.478368 0.054125
vt 0.478323 0.053468
vt 0.478119 0.053439
vt 0.459582 0.082742
vt 0.459381 0.083414
vt 0.459577 0.082008
vt 0.459573 0.081202
vt 0.459570 0.080342
vt 0.459569 0.079451
vt 0.459569 0.078550
vt 0.459570 0.077661
vt 0.459573 0.076807
vt 0.459577 0.076007
vt 0.459370 0.075987
vt 0.459583 0.075283
vt 0.468095 0.054750
vt 0.468302 0.054727
vt 0.468098 0.055519
vt 0.468305 0.055501
vt 0.468100 0.056352
vt 0.468101 0.057229
vt 0.468308 0.057223
vt 0.468102 0.058128
vt 0.468307 0.059914
vt 0.468101 0.059026
vt 0.468305 0.060751
vt 0.468100 0.059902
vt 0.468098 0.060734
vt 0.468298 0.062213
vt 0.468095 0.061501
vt 0.452037 0.054871
vt 0.452243 0.054845
vt 0.452033 0.055578
vt 0.452031 0.056363
vt 0.452029 0.057208
vt 0.452028 0.058091
vt 0.452028 0.058992
vt 0.452028 0.059887
vt 0.452030 0.060755
vt 0.452035 0.062461
vt 0.465942 0.064413
vt 0.465345 0.063884
vt 0.465446 0.063794
vt 0.465831 0.064491
vt 0.466468 0.065143
vt 0.466346 0.065205
vt 0.478564 0.060804
vt 0.466743 0.065992
vt 0.478595 0.060030
vt 0.467013 0.066832
vt 0.478618 0.059200
vt 0.467150 0.067703
vt 0.478461 0.057445
vt 0.478630 0.058333
vt 0.467150 0.068586
vt 0.478624 0.056575
vt 0.467014 0.069458
vt 0.478606 0.055727
vt 0.466743 0.070297
vt 0.478578 0.054928
vt 0.466346 0.071083
vt 0.478541 0.054198
vt 0.465831 0.071797
vt 0.465212 0.072421
vt 0.465943 0.071872
vt 0.465311 0.072509
vt 0.459762 0.082666
vt 0.459588 0.083384
vt 0.464504 0.072939
vt 0.459758 0.081948
vt 0.463724 0.073339
vt 0.459754 0.081158
vt 0.462891 0.073611
vt 0.459751 0.080316
vt 0.462026 0.073749
vt 0.459750 0.079443
vt 0.461151 0.073748
vt 0.459750 0.078560
vt 0.460286 0.073610
vt 0.459751 0.077690
vt 0.459454 0.073336
vt 0.459754 0.076853
vt 0.458674 0.072935
vt 0.459758 0.076070
vt 0.457965 0.072416
vt 0.459763 0.075360
vt 0.457346 0.071791
vt 0.467915 0.054819
vt 0.468092 0.054064
vt 0.456832 0.071077
vt 0.467918 0.055572
vt 0.456434 0.070290
vt 0.467920 0.056388
vt 0.456163 0.069450
vt 0.467921 0.057247
vt 0.456027 0.068578
vt 0.467921 0.058127
vt 0.456027 0.067695
vt 0.456163 0.066824
vt 0.467921 0.059007
vt 0.456434 0.065984
vt 0.467920 0.059865
vt 0.456832 0.065198
vt 0.467918 0.060680
vt 0.457346 0.064484
vt 0.468092 0.062185
vt 0.467915 0.061432
vt 0.457965 0.063861
vt 0.451858 0.054951
vt 0.458674 0.063342
vt 0.451854 0.055643
vt 0.459454 0.062942
vt 0.451852 0.056413
vt 0.460286 0.062670
vt 0.451850 0.057240
vt 0.461151 0.062533
vt 0.451849 0.058106
vt 0.462026 0.062533
vt 0.451849 0.058988
vt 0.462891 0.062672
vt 0.451849 0.059864
vt 0.463724 0.062945
vt 0.452032 0.061574
vt 0.451851 0.060714
vt 0.464504 0.063347
vt 0.451857 0.062386
vt 0.456374 0.048730
vt 0.456166 0.048290
vt 0.456402 0.048293
vt 0.456111 0.049242
vt 0.456133 0.048720
vt 0.456321 0.049820
vt 0.456345 0.049247
vt 0.456305 0.050436
vt 0.456085 0.049810
vt 0.456296 0.051078
vt 0.456068 0.050426
vt 0.456294 0.051732
vt 0.456059 0.051069
vt 0.456300 0.052381
vt 0.456061 0.051726
vt 0.456314 0.053009
vt 0.456063 0.052379
vt 0.456334 0.053601
vt 0.456076 0.053008
vt 0.456128 0.054147
vt 0.456093 0.053606
vt 0.456395 0.054619
vt 0.456362 0.054142
vt 0.470340 0.047949
vt 0.470111 0.048415
vt 0.470099 0.047946
vt 0.470349 0.048948
vt 0.470345 0.048416
vt 0.470118 0.049535
vt 0.470107 0.048947
vt 0.470353 0.050158
vt 0.470351 0.049534
vt 0.470354 0.050805
vt 0.470116 0.050153
vt 0.470354 0.051459
vt 0.470117 0.050801
vt 0.470353 0.052104
vt 0.470116 0.051456
vt 0.470351 0.052724
vt 0.470116 0.052102
vt 0.470348 0.053305
vt 0.470113 0.052723
vt 0.470344 0.053830
vt 0.470111 0.053305
vt 0.473192 0.048421
vt 0.472951 0.047916
vt 0.473189 0.047922
vt 0.473194 0.048979
vt 0.472954 0.048415
vt 0.473195 0.049584
vt 0.472956 0.048974
vt 0.473196 0.050220
vt 0.472957 0.049579
vt 0.473196 0.050872
vt 0.472958 0.050216
vt 0.473196 0.051524
vt 0.472959 0.050869
vt 0.473195 0.052160
vt 0.472956 0.051520
vt 0.473194 0.052764
vt 0.472958 0.052154
vt 0.473192 0.053321
vt 0.472957 0.052759
vt 0.473189 0.053818
vt 0.472955 0.053317
vt 0.492240 0.048563
vt 0.492005 0.048040
vt 0.492242 0.048050
vt 0.492238 0.049133
vt 0.492002 0.048553
vt 0.492236 0.049746
vt 0.492001 0.049123
vt 0.492236 0.050387
vt 0.491999 0.049736
vt 0.492235 0.051041
vt 0.491998 0.050378
vt 0.492236 0.051691
vt 0.491998 0.051033
vt 0.492237 0.052321
vt 0.491999 0.051683
vt 0.492238 0.052915
vt 0.492000 0.052314
vt 0.492004 0.053562
vt 0.492000 0.052918
vt 0.455996 0.048242
vt 0.455717 0.048567
vt 0.455746 0.048105
vt 0.455975 0.048682
vt 0.455685 0.049114
vt 0.455945 0.049211
vt 0.455660 0.049721
vt 0.455921 0.049792
vt 0.455643 0.050372
vt 0.455905 0.050417
vt 0.455633 0.051052
vt 0.455895 0.051069
vt 0.455632 0.051743
vt 0.455900 0.052396
vt 0.455900 0.051735
vt 0.455914 0.053033
vt 0.455638 0.052430
vt 0.455935 0.053634
vt 0.455653 0.053095
vt 0.455962 0.054183
vt 0.455674 0.053721
vt 0.455996 0.054666
vt 0.455703 0.054293
vt 0.469948 0.048379
vt 0.469696 0.047767
vt 0.469944 0.047905
vt 0.469952 0.048919
vt 0.469701 0.048261
vt 0.469955 0.049514
vt 0.469704 0.048824
vt 0.469957 0.050147
vt 0.469707 0.049443
vt 0.469958 0.050803
vt 0.469709 0.050103
vt 0.469958 0.051467
vt 0.469710 0.050788
vt 0.469957 0.052122
vt 0.469710 0.051480
vt 0.469955 0.052751
vt 0.469709 0.052163
vt 0.469952 0.053339
vt 0.469707 0.052819
vt 0.469948 0.053873
vt 0.469704 0.053433
vt 0.475336 0.087955
vt 0.475136 0.087290
vt 0.475335 0.087292
vt 0.472797 0.048954
vt 0.472547 0.048279
vt 0.472795 0.048387
vt 0.472798 0.049568
vt 0.472549 0.048870
vt 0.472799 0.050214
vt 0.472550 0.049510
vt 0.472796 0.050869
vt 0.472551 0.050183
vt 0.472551 0.051563
vt 0.472552 0.050873
vt 0.472796 0.051528
vt 0.472550 0.052235
vt 0.472798 0.052177
vt 0.472549 0.052874
vt 0.472797 0.052789
vt 0.472547 0.053464
vt 0.474890 0.087953
vt 0.475089 0.087290
vt 0.475089 0.087981
vt 0.491845 0.048006
vt 0.491592 0.048428
vt 0.491595 0.047885
vt 0.491842 0.048526
vt 0.491590 0.049031
vt 0.491840 0.049105
vt 0.491589 0.049680
vt 0.491839 0.049727
vt 0.491588 0.050358
vt 0.491838 0.050377
vt 0.491588 0.051050
vt 0.491838 0.051040
vt 0.491588 0.051737
vt 0.491838 0.051700
vt 0.491589 0.052404
vt 0.491840 0.052339
vt 0.491591 0.053033
vt 0.491836 0.053601
vt 0.491847 0.052944
vt 0.456153 0.054626
vt 0.470107 0.053832
vt 0.472792 0.047881
vt 0.472795 0.053355
vt 0.472792 0.053859
vt 0.472952 0.053816
vt 0.454102 0.049114
vt 0.454133 0.048567
vt 0.454069 0.053095
vt 0.454091 0.053721
vt 0.454120 0.054293
vt 0.454155 0.054798
vt 0.455738 0.054798
vt 0.468123 0.050788
vt 0.468122 0.050103
vt 0.468123 0.051480
vt 0.468119 0.052819
vt 0.468122 0.052163
vt 0.469700 0.053989
vt 0.468116 0.053433
vt 0.470959 0.048279
vt 0.472544 0.047752
vt 0.470963 0.052235
vt 0.470964 0.051563
vt 0.470959 0.053464
vt 0.470956 0.053989
vt 0.490001 0.051737
vt 0.490000 0.051050
vt 0.490002 0.052404
vt 0.483224 0.053673
vt 0.483712 0.055316
vt 0.482309 0.054465
vt 0.483825 0.053369
vt 0.484054 0.055070
vt 0.484467 0.053162
vt 0.484432 0.054881
vt 0.485133 0.053057
vt 0.484839 0.054750
vt 0.485802 0.053157
vt 0.485261 0.054684
vt 0.486110 0.054750
vt 0.485688 0.054684
vt 0.486478 0.053162
vt 0.486517 0.054881
vt 0.487119 0.053369
vt 0.486897 0.055074
vt 0.487719 0.053673
vt 0.487243 0.055323
vt 0.488264 0.054066
vt 0.487544 0.055619
vt 0.488741 0.054539
vt 0.487795 0.055961
vt 0.489136 0.055081
vt 0.487989 0.056340
vt 0.489442 0.055677
vt 0.488122 0.056744
vt 0.489649 0.056313
vt 0.488188 0.057164
vt 0.489754 0.056974
vt 0.488188 0.057589
vt 0.489753 0.057643
vt 0.488121 0.058008
vt 0.489647 0.058303
vt 0.487988 0.058412
vt 0.489437 0.058939
vt 0.487794 0.058790
vt 0.489131 0.059535
vt 0.487542 0.059133
vt 0.488733 0.060076
vt 0.487240 0.059433
vt 0.488256 0.060548
vt 0.486894 0.059682
vt 0.487710 0.060941
vt 0.486514 0.059875
vt 0.487109 0.061244
vt 0.486108 0.060006
vt 0.486467 0.061451
vt 0.485686 0.060073
vt 0.485801 0.061555
vt 0.485256 0.060073
vt 0.484465 0.061451
vt 0.485129 0.061560
vt 0.483824 0.061244
vt 0.484832 0.060006
vt 0.483223 0.060941
vt 0.484426 0.059875
vt 0.482678 0.060548
vt 0.484046 0.059682
vt 0.482201 0.060076
vt 0.483701 0.059433
vt 0.481805 0.059535
vt 0.483399 0.059133
vt 0.481499 0.058939
vt 0.483149 0.058790
vt 0.481290 0.058303
vt 0.482955 0.058413
vt 0.481185 0.057642
vt 0.482823 0.058009
vt 0.481185 0.056974
vt 0.482757 0.057590
vt 0.481291 0.056313
vt 0.482757 0.057165
vt 0.481499 0.055677
vt 0.482824 0.056746
vt 0.481889 0.055134
vt 0.482957 0.056342
vt 0.483412 0.055556
vt 0.483152 0.055963
vt 0.454062 0.048123
vt 0.454163 0.048105
vt 0.454033 0.048583
vt 0.454077 0.049721
vt 0.454002 0.049127
vt 0.454060 0.050372
vt 0.453977 0.049730
vt 0.454050 0.051052
vt 0.453960 0.050378
vt 0.454048 0.051743
vt 0.453950 0.051054
vt 0.453969 0.053086
vt 0.453974 0.052419
vt 0.453991 0.053709
vt 0.454019 0.054279
vt 0.454054 0.054781
vt 0.468011 0.048275
vt 0.468108 0.047767
vt 0.468113 0.048261
vt 0.468015 0.048836
vt 0.468117 0.048824
vt 0.468017 0.049452
vt 0.468120 0.049443
vt 0.468020 0.050109
vt 0.468021 0.050789
vt 0.468020 0.051478
vt 0.468019 0.052157
vt 0.468017 0.052810
vt 0.468014 0.053421
vt 0.468010 0.053974
vt 0.468112 0.053989
vt 0.470857 0.048292
vt 0.470956 0.047752
vt 0.470859 0.048880
vt 0.470961 0.048870
vt 0.470860 0.049517
vt 0.470963 0.049510
vt 0.470861 0.050186
vt 0.470964 0.050183
vt 0.470862 0.050873
vt 0.470964 0.050873
vt 0.470861 0.051559
vt 0.470961 0.052874
vt 0.470860 0.052228
vt 0.470859 0.052864
vt 0.470857 0.053450
vt 0.490004 0.048428
vt 0.489905 0.047901
vt 0.490007 0.047885
vt 0.490002 0.049031
vt 0.489903 0.048441
vt 0.490001 0.049680
vt 0.489901 0.049041
vt 0.490000 0.050358
vt 0.489899 0.049686
vt 0.489898 0.050361
vt 0.489898 0.051049
vt 0.489899 0.051733
vt 0.490003 0.053033
vt 0.489900 0.052396
vt 0.489904 0.053699
vt 0.490006 0.053714
vt 0.482622 0.053984
vt 0.482202 0.054420
vt 0.482149 0.054364
vt 0.482668 0.054047
vt 0.483179 0.053583
vt 0.483793 0.053273
vt 0.484448 0.053062
vt 0.485128 0.052955
vt 0.485816 0.052955
vt 0.486490 0.053046
vt 0.487151 0.053273
vt 0.487764 0.053583
vt 0.488320 0.053984
vt 0.488807 0.054467
vt 0.489211 0.055020
vt 0.489523 0.055628
vt 0.489736 0.056277
vt 0.467921 0.050131
vt 0.467921 0.050798
vt 0.467921 0.051472
vt 0.467920 0.052138
vt 0.467918 0.052777
vt 0.467915 0.053375
vt 0.488803 0.060119
vt 0.488316 0.060602
vt 0.487758 0.061003
vt 0.470760 0.048923
vt 0.470762 0.049547
vt 0.470763 0.050203
vt 0.470767 0.050873
vt 0.470763 0.051542
vt 0.470762 0.052198
vt 0.470760 0.052821
vt 0.482130 0.060119
vt 0.482617 0.060602
vt 0.481726 0.059567
vt 0.489805 0.048489
vt 0.489803 0.049076
vt 0.489802 0.049708
vt 0.489801 0.050369
vt 0.489801 0.051043
vt 0.489801 0.051713
vt 0.481730 0.055020
vt 0.481417 0.055628
vt 0.481790 0.055066
vt 0.475851 0.088114
vt 0.475461 0.087244
vt 0.475837 0.087244
vt 0.478235 0.083952
vt 0.477326 0.083659
vt 0.478187 0.083519
vt 0.478284 0.084433
vt 0.477373 0.084103
vt 0.478337 0.084945
vt 0.477423 0.084584
vt 0.478390 0.085476
vt 0.477475 0.085097
vt 0.478443 0.086014
vt 0.477529 0.085629
vt 0.478495 0.086545
vt 0.477582 0.086166
vt 0.478544 0.087056
vt 0.477633 0.086697
vt 0.478588 0.087533
vt 0.477682 0.087207
vt 0.478628 0.087966
vt 0.477727 0.087684
vt 0.455957 0.070565
vt 0.455105 0.070159
vt 0.455980 0.070153
vt 0.455938 0.071026
vt 0.455082 0.070570
vt 0.455924 0.071526
vt 0.455064 0.071031
vt 0.455915 0.072052
vt 0.455049 0.071530
vt 0.455909 0.072591
vt 0.455040 0.072055
vt 0.455038 0.073131
vt 0.455913 0.073130
vt 0.455045 0.073655
vt 0.455919 0.073655
vt 0.455057 0.074154
vt 0.455931 0.074154
vt 0.455073 0.074614
vt 0.455948 0.074614
vt 0.455094 0.075024
vt 0.455969 0.075024
vt 0.465956 0.087648
vt 0.465079 0.088008
vt 0.465083 0.087585
vt 0.465959 0.087178
vt 0.465087 0.087114
vt 0.465961 0.086672
vt 0.465089 0.086607
vt 0.465962 0.086143
vt 0.465090 0.086077
vt 0.465962 0.085603
vt 0.465090 0.085537
vt 0.465961 0.085066
vt 0.465089 0.085000
vt 0.465959 0.084545
vt 0.465087 0.084480
vt 0.465955 0.084072
vt 0.465082 0.084011
vt 0.465951 0.083529
vt 0.465079 0.083461
vt 0.486960 0.082801
vt 0.487105 0.081934
vt 0.487857 0.082137
vt 0.486105 0.084539
vt 0.485748 0.083702
vt 0.486664 0.086270
vt 0.485589 0.084748
vt 0.487863 0.087267
vt 0.486261 0.086723
vt 0.488847 0.088058
vt 0.488338 0.088008
vt 0.489081 0.087445
vt 0.489373 0.088030
vt 0.490273 0.087773
vt 0.490154 0.087179
vt 0.491162 0.087202
vt 0.491830 0.086381
vt 0.491680 0.085743
vt 0.492207 0.085393
vt 0.492255 0.084338
vt 0.491536 0.083971
vt 0.491976 0.083353
vt 0.491925 0.083172
vt 0.483941 0.082644
vt 0.483955 0.081910
vt 0.484358 0.082181
vt 0.479617 0.083479
vt 0.478773 0.084108
vt 0.479064 0.083185
vt 0.479369 0.084294
vt 0.478761 0.085167
vt 0.479385 0.085146
vt 0.479081 0.086175
vt 0.479664 0.085951
vt 0.479699 0.087031
vt 0.480178 0.086631
vt 0.480551 0.087650
vt 0.480877 0.087119
vt 0.481554 0.087973
vt 0.481692 0.087367
vt 0.482623 0.087967
vt 0.482958 0.087243
vt 0.482545 0.087350
vt 0.483350 0.087072
vt 0.483204 0.087814
vt 0.483710 0.086842
vt 0.484030 0.086558
vt 0.484128 0.087303
vt 0.484301 0.086228
vt 0.484517 0.085859
vt 0.484846 0.086532
vt 0.484673 0.085461
vt 0.484765 0.085044
vt 0.485287 0.085576
vt 0.484790 0.084617
vt 0.484749 0.084192
vt 0.485409 0.084528
vt 0.484641 0.083778
vt 0.484470 0.083387
vt 0.485232 0.083579
vt 0.484767 0.082699
vt 0.484240 0.083027
vt 0.488460 0.083036
vt 0.487946 0.083305
vt 0.491504 0.083066
vt 0.490180 0.083520
vt 0.490246 0.082733
vt 0.490488 0.083972
vt 0.489482 0.083086
vt 0.464549 0.083221
vt 0.464399 0.080706
vt 0.464930 0.083414
vt 0.464143 0.083090
vt 0.463720 0.083023
vt 0.463293 0.083023
vt 0.479833 0.083110
vt 0.479934 0.079790
vt 0.480045 0.079766
vt 0.477363 0.080529
vt 0.477889 0.080490
vt 0.491457 0.079846
vt 0.491016 0.079739
vt 0.490606 0.079636
vt 0.489871 0.082626
vt 0.489935 0.079459
vt 0.489009 0.082422
vt 0.488748 0.082355
vt 0.489633 0.079390
vt 0.465032 0.083189
vt 0.465942 0.080458
vt 0.465885 0.083372
vt 0.481517 0.079393
vt 0.482036 0.079259
vt 0.483257 0.082219
vt 0.483626 0.082436
vt 0.482855 0.082061
vt 0.462614 0.080707
vt 0.462904 0.078412
vt 0.464147 0.078423
vt 0.479281 0.077394
vt 0.479665 0.077326
vt 0.477615 0.077922
vt 0.477932 0.077974
vt 0.491720 0.077251
vt 0.491334 0.077137
vt 0.490411 0.079591
vt 0.491099 0.077077
vt 0.490483 0.076927
vt 0.490070 0.076847
vt 0.465410 0.080387
vt 0.465798 0.077898
vt 0.481023 0.076958
vt 0.463231 0.074141
vt 0.463907 0.074148
vt 0.478849 0.073236
vt 0.478895 0.073224
vt 0.478729 0.073268
vt 0.478452 0.073800
vt 0.478590 0.073804
vt 0.492237 0.073138
vt 0.492035 0.073098
vt 0.491762 0.073023
vt 0.491636 0.072985
vt 0.491515 0.072956
vt 0.465473 0.077929
vt 0.465142 0.073803
vt 0.480670 0.077076
vt 0.479491 0.073074
vt 0.479999 0.069761
vt 0.478887 0.072936
vt 0.478679 0.069793
vt 0.462037 0.083414
vt 0.459815 0.083329
vt 0.460322 0.080660
vt 0.461847 0.088051
vt 0.461471 0.083729
vt 0.461843 0.085834
vt 0.461468 0.088058
vt 0.461137 0.083710
vt 0.461130 0.088065
vt 0.460846 0.083691
vt 0.489737 0.052606
vt 0.489334 0.048214
vt 0.489754 0.048214
vt 0.489317 0.052645
vt 0.488944 0.048215
vt 0.488930 0.052681
vt 0.488531 0.048215
vt 0.488520 0.052717
vt 0.488097 0.052754
vt 0.487672 0.052790
vt 0.487259 0.048212
vt 0.487678 0.048213
vt 0.487254 0.052824
vt 0.486858 0.048210
vt 0.486855 0.052856
vt 0.486485 0.048208
vt 0.486484 0.052884
vt 0.486150 0.048205
vt 0.478631 0.053339
vt 0.478308 0.048634
vt 0.478632 0.048636
vt 0.478306 0.053360
vt 0.477944 0.048633
vt 0.477942 0.053376
vt 0.477550 0.048632
vt 0.477548 0.053386
vt 0.477135 0.048631
vt 0.477132 0.053392
vt 0.476707 0.048631
vt 0.476280 0.053387
vt 0.476279 0.048631
vt 0.475864 0.053376
vt 0.475864 0.048632
vt 0.475469 0.053361
vt 0.475469 0.048633
vt 0.475104 0.053340
vt 0.475104 0.048634
vt 0.474779 0.053316
vt 0.474779 0.048636
vt 0.485033 0.048229
vt 0.484691 0.052877
vt 0.484690 0.048227
vt 0.484313 0.052842
vt 0.484310 0.048226
vt 0.483909 0.052807
vt 0.483904 0.048226
vt 0.483489 0.052770
vt 0.483064 0.052733
vt 0.483054 0.048227
vt 0.482642 0.052698
vt 0.482630 0.048228
vt 0.482236 0.052664
vt 0.482222 0.048230
vt 0.481855 0.052634
vt 0.481838 0.048232
vt 0.481509 0.052606
vt 0.481490 0.048235
vt 0.481205 0.052583
vt 0.481185 0.048238
vt 0.464978 0.083696
vt 0.464949 0.087818
vt 0.464702 0.086054
vt 0.479849 0.067479
vt 0.478828 0.067333
vt 0.461815 0.080594
vt 0.460462 0.078405
vt 0.461466 0.078199
vt 0.479648 0.063162
vt 0.460338 0.074146
vt 0.474823 0.087239
vt 0.474729 0.087190
vt 0.474818 0.087192
vt 0.471303 0.087638
vt 0.471355 0.087693
vt 0.471341 0.087882
vt 0.471360 0.087007
vt 0.471459 0.087032
vt 0.471371 0.087052
vt 0.471334 0.086665
vt 0.471367 0.086595
vt 0.471339 0.086725
vt 0.471334 0.086115
vt 0.470983 0.086145
vt 0.470816 0.086064
vt 0.470984 0.086639
vt 0.475204 0.085167
vt 0.475208 0.085892
vt 0.474707 0.085167
vt 0.476626 0.085146
vt 0.476541 0.085869
vt 0.476552 0.085132
vt 0.475751 0.085170
vt 0.475840 0.085897
vt 0.475761 0.085912
vt 0.476293 0.085173
vt 0.475966 0.085887
vt 0.475907 0.085156
vt 0.476851 0.085153
vt 0.477178 0.085867
vt 0.476772 0.085893
vt 0.474711 0.085892
vt 0.475304 0.087061
vt 0.474619 0.087061
vt 0.476620 0.085883
vt 0.476518 0.087065
vt 0.473868 0.085841
vt 0.473870 0.087035
vt 0.473779 0.087034
vt 0.473983 0.085880
vt 0.474213 0.085870
vt 0.473942 0.087034
vt 0.474282 0.087035
vt 0.474214 0.087034
vt 0.474297 0.085883
vt 0.474499 0.087037
vt 0.474373 0.087034
vt 0.475861 0.087084
vt 0.475751 0.087105
vt 0.473231 0.085893
vt 0.473231 0.087052
vt 0.473072 0.087061
vt 0.476373 0.085909
vt 0.475907 0.087059
vt 0.477235 0.087036
vt 0.476673 0.087067
vt 0.485479 0.072984
vt 0.481154 0.072984
vt 0.481200 0.072984
vt 0.485432 0.072984
vt 0.489016 0.079226
vt 0.489101 0.079252
vt 0.471337 0.086068
vt 0.471395 0.085894
vt 0.471396 0.087989
vt 0.471459 0.087951
vt 0.471457 0.087998
vt 0.471375 0.086840
vt 0.471460 0.086845
vt 0.471457 0.086891
vt 0.473494 0.085177
vt 0.473278 0.085894
vt 0.473327 0.085167
vt 0.475705 0.085163
vt 0.475652 0.085895
vt 0.475664 0.085157
vt 0.474297 0.085167
vt 0.474434 0.085891
vt 0.475350 0.085175
vt 0.475396 0.085910
vt 0.475351 0.085915
vt 0.473448 0.085901
vt 0.473447 0.087064
vt 0.475698 0.085902
vt 0.475650 0.087096
vt 0.475403 0.087094
vt 0.475350 0.087103
vt 0.487018 0.081907
vt 0.486572 0.082162
vt 0.487005 0.081867
vt 0.486318 0.082620
vt 0.486600 0.082214
vt 0.486176 0.082653
vt 0.466001 0.084093
vt 0.485935 0.083136
vt 0.486205 0.082681
vt 0.466016 0.084582
vt 0.466008 0.085077
vt 0.485594 0.084138
vt 0.485714 0.083604
vt 0.466022 0.085623
vt 0.466010 0.086142
vt 0.485576 0.085195
vt 0.485526 0.084651
vt 0.466022 0.086674
vt 0.485767 0.085790
vt 0.466007 0.087167
vt 0.485887 0.086205
vt 0.485672 0.085705
vt 0.474666 0.087464
vt 0.474617 0.087981
vt 0.474617 0.087442
vt 0.455046 0.074998
vt 0.486495 0.087070
vt 0.486136 0.086661
vt 0.455012 0.074573
vt 0.486918 0.087388
vt 0.455008 0.074137
vt 0.487323 0.087714
vt 0.486874 0.087427
vt 0.454997 0.073644
vt 0.487362 0.087670
vt 0.487812 0.087928
vt 0.454990 0.073125
vt 0.455035 0.072593
vt 0.487845 0.087879
vt 0.488328 0.088063
vt 0.454992 0.072061
vt 0.488859 0.088116
vt 0.455001 0.071542
vt 0.489391 0.088085
vt 0.455002 0.071066
vt 0.489898 0.087960
vt 0.455034 0.070592
vt 0.490411 0.087779
vt 0.474760 0.087981
vt 0.474713 0.087461
vt 0.474760 0.087441
vt 0.490853 0.087504
vt 0.477766 0.088116
vt 0.477676 0.087673
vt 0.491286 0.087173
vt 0.477619 0.087207
vt 0.491621 0.086776
vt 0.477585 0.086697
vt 0.491932 0.086327
vt 0.477522 0.086186
vt 0.492126 0.085847
vt 0.477482 0.085640
vt 0.492284 0.085322
vt 0.477419 0.085134
vt 0.492319 0.084807
vt 0.477378 0.084606
vt 0.492308 0.084258
vt 0.492344 0.084247
vt 0.492184 0.083758
vt 0.492229 0.083719
vt 0.492000 0.083239
vt 0.492030 0.083210
vt 0.475490 0.087194
vt 0.483985 0.081860
vt 0.484399 0.082142
vt 0.474520 0.087445
vt 0.474571 0.087958
vt 0.474520 0.087980
vt 0.478829 0.083671
vt 0.478333 0.084438
vt 0.478694 0.084200
vt 0.478397 0.084934
vt 0.478679 0.084719
vt 0.478437 0.085470
vt 0.478713 0.085265
vt 0.478500 0.085985
vt 0.478859 0.085762
vt 0.478540 0.086528
vt 0.479060 0.086272
vt 0.479029 0.086295
vt 0.479353 0.086698
vt 0.479320 0.086750
vt 0.478632 0.087506
vt 0.479703 0.087123
vt 0.479679 0.087154
vt 0.480113 0.087436
vt 0.480097 0.087497
vt 0.480578 0.087733
vt 0.480563 0.087770
vt 0.481063 0.087904
vt 0.481066 0.087968
vt 0.455972 0.071537
vt 0.481598 0.088043
vt 0.481594 0.088084
vt 0.482112 0.088056
vt 0.482133 0.088116
vt 0.455959 0.072590
vt 0.482664 0.088022
vt 0.483182 0.087888
vt 0.455960 0.073124
vt 0.483681 0.087648
vt 0.484145 0.087420
vt 0.483690 0.087711
vt 0.455979 0.074137
vt 0.484522 0.087004
vt 0.484123 0.087386
vt 0.484893 0.086644
vt 0.484549 0.087061
vt 0.484862 0.086618
vt 0.485166 0.086178
vt 0.485124 0.086132
vt 0.485363 0.085675
vt 0.465040 0.087094
vt 0.485426 0.085118
vt 0.485328 0.085659
vt 0.465029 0.086573
vt 0.465043 0.086069
vt 0.485401 0.084060
vt 0.485474 0.084603
vt 0.465029 0.085520
vt 0.465041 0.085003
vt 0.485048 0.083060
vt 0.485286 0.083554
vt 0.465025 0.084481
vt 0.465033 0.084023
vt 0.484796 0.082634
vt 0.479405 0.079925
vt 0.479454 0.079915
vt 0.478239 0.083531
vt 0.477943 0.080484
vt 0.477281 0.080553
vt 0.491543 0.079882
vt 0.466022 0.080475
vt 0.465924 0.083414
vt 0.464977 0.083204
vt 0.482097 0.079250
vt 0.479223 0.077402
vt 0.477990 0.077985
vt 0.477556 0.077944
vt 0.491785 0.077266
vt 0.465855 0.077925
vt 0.465355 0.080381
vt 0.481077 0.076938
vt 0.478679 0.073272
vt 0.478632 0.073796
vt 0.478411 0.073796
vt 0.492297 0.073164
vt 0.492344 0.073169
vt 0.490009 0.076818
vt 0.491449 0.072950
vt 0.465182 0.073804
vt 0.465413 0.077940
vt 0.464977 0.073796
vt 0.479662 0.073031
vt 0.471421 0.087861
vt 0.475498 0.085170
vt 0.475458 0.085900
vt 0.475455 0.085160
vt 0.473893 0.085167
vt 0.473719 0.085891
vt 0.473718 0.085171
vt 0.475548 0.085167
vt 0.475603 0.085900
vt 0.475558 0.085910
vt 0.473023 0.085175
vt 0.473070 0.085899
vt 0.475502 0.085907
vt 0.475450 0.087093
vt 0.473642 0.087037
vt 0.474572 0.087040
vt 0.475602 0.087093
vt 0.475548 0.087105
vt 0.472998 0.087064
vt 0.470816 0.086723
vt 0.474736 0.087120
vt 0.471327 0.087407
vt 0.471463 0.087103
vt 0.471418 0.086018
vt 0.471463 0.087881
vt 0.471350 0.087147
vt 0.471268 0.087271
vt 0.471267 0.087146
vt 0.471418 0.086752
vt 0.471463 0.086775
vt 0.471463 0.085994
vt 0.471460 0.085923
vt 0.471301 0.087031
vt 0.471388 0.087119
vt 0.480166 0.069775
vt 0.480639 0.072537
vt 0.461843 0.083744
vt 0.462245 0.085845
vt 0.462245 0.083755
vt 0.462665 0.085851
vt 0.463092 0.085852
vt 0.463092 0.083762
vt 0.462665 0.083761
vt 0.463517 0.083758
vt 0.463927 0.085839
vt 0.463517 0.085848
vt 0.463927 0.083749
vt 0.464314 0.085826
vt 0.464314 0.083736
vt 0.464667 0.085808
vt 0.464667 0.083718
vt 0.483482 0.048226
vt 0.488106 0.048214
vt 0.471456 0.088008
vt 0.471413 0.086901
vt 0.471438 0.085856
vt 0.471457 0.085876
vt 0.471357 0.086997
vt 0.463901 0.074138
vt 0.471271 0.087401
vt 0.471294 0.087680
vt 0.474724 0.087247
vt 0.474844 0.087258
vt 0.474707 0.087258
vt 0.474725 0.087237
vt 0.474824 0.087249
vt 0.471453 0.086962
vt 0.471337 0.086988
vt 0.471456 0.086976
vt 0.471370 0.085945
vt 0.471439 0.088020
vt 0.471360 0.087944
vt 0.471274 0.087079
vt 0.480168 0.063195
vt 0.480176 0.063204
vt 0.459823 0.074210
vt 0.459815 0.074220
vt 0.473364 0.060090
vt 0.473413 0.056542
vt 0.473374 0.055668
vt 0.473175 0.055511
vt 0.473178 0.059029
vt 0.457104 0.058991
vt 0.469183 0.063660
vt 0.469183 0.063616
vt 0.469770 0.063088
vt 0.468539 0.064263
vt 0.468007 0.065002
vt 0.473366 0.059232
vt 0.467316 0.066670
vt 0.473373 0.056567
vt 0.473381 0.057462
vt 0.467316 0.069371
vt 0.473326 0.054882
vt 0.467999 0.071037
vt 0.469167 0.072380
vt 0.468526 0.071771
vt 0.454482 0.082026
vt 0.454489 0.082759
vt 0.454478 0.081220
vt 0.454475 0.080361
vt 0.454474 0.079469
vt 0.454474 0.078567
vt 0.474238 0.073634
vt 0.475098 0.073358
vt 0.476630 0.072409
vt 0.475903 0.072946
vt 0.477801 0.071028
vt 0.477273 0.071771
vt 0.473196 0.057245
vt 0.478632 0.068472
vt 0.478632 0.067566
vt 0.478491 0.066671
vt 0.478222 0.065806
vt 0.477809 0.065000
vt 0.477284 0.064264
vt 0.476647 0.063622
vt 0.475917 0.063089
vt 0.457126 0.056376
vt 0.457124 0.057223
vt 0.474255 0.062400
vt 0.473364 0.062260
vt 0.457123 0.059905
vt 0.471569 0.062399
vt 0.470708 0.062681
vt 0.996105 0.527734
vt 0.996153 0.534207
vt 0.996005 0.527734
vt 0.996173 0.527734
vt 0.996257 0.527734
vt 0.996256 0.534218
vt 0.997120 0.527738
vt 0.997143 0.534193
vt 0.997038 0.527738
vt 0.997216 0.527737
vt 0.997206 0.534258
vt 0.997318 0.527736
vt 0.997278 0.534267
vt 0.997414 0.527735
vt 0.997379 0.534282
vt 0.997496 0.527734
vt 0.997474 0.534292
vt 0.997656 0.527735
vt 0.997559 0.534297
vt 0.997571 0.527734
vt 0.997738 0.534293
vt 0.997642 0.534302
vt 0.997757 0.527735
vt 0.997839 0.534282
vt 0.997858 0.527735
vt 0.997935 0.534267
vt 0.997954 0.527735
vt 0.997996 0.534256
vt 0.994091 0.527734
vt 0.994087 0.534190
vt 0.994036 0.534255
vt 0.994174 0.527734
vt 0.994179 0.534219
vt 0.994271 0.527735
vt 0.994279 0.534209
vt 0.994399 0.527735
vt 0.994378 0.534198
vt 0.994467 0.534191
vt 0.994510 0.527736
vt 0.994539 0.534193
vt 0.995926 0.527735
vt 0.995876 0.534192
vt 0.995841 0.527736
vt 0.995965 0.534189
vt 0.995648 0.540018
vt 0.996330 0.534189
vt 0.995710 0.540033
vt 0.996385 0.540113
vt 0.996475 0.540094
vt 0.996573 0.540112
vt 0.996671 0.540129
vt 0.997555 0.534297
vt 0.996760 0.540139
vt 0.998148 0.540130
vt 0.998239 0.540131
vt 0.998339 0.540120
vt 0.998437 0.540103
vt 0.998525 0.540084
vt 0.994865 0.540111
vt 0.994794 0.540092
vt 0.994927 0.540041
vt 0.994998 0.540026
vt 0.995097 0.540003
vt 0.995191 0.539988
vt 0.995273 0.539980
vt 0.995357 0.539968
vt 0.995276 0.539974
vt 0.996039 0.534194
vt 0.995459 0.539982
vt 0.995599 0.545555
vt 0.995575 0.539999
vt 0.995676 0.545549
vt 0.996403 0.545550
vt 0.996334 0.540043
vt 0.996486 0.545542
vt 0.996583 0.545532
vt 0.996654 0.545527
vt 0.996732 0.545521
vt 0.998059 0.545505
vt 0.998075 0.540129
vt 0.998215 0.545507
vt 0.998129 0.545505
vt 0.998315 0.545511
vt 0.998395 0.545516
vt 0.998461 0.545521
vt 0.998543 0.545530
vt 0.994871 0.545547
vt 0.994790 0.545539
vt 0.994967 0.545556
vt 0.995068 0.545564
vt 0.995165 0.545570
vt 0.995247 0.545573
vt 0.995358 0.545567
vt 0.995296 0.545567
vt 0.995429 0.545565
vt 0.995499 0.545562
vt 0.996160 0.550163
vt 0.996049 0.550183
vt 0.996256 0.550139
vt 0.995759 0.545541
vt 0.996330 0.550113
vt 0.997272 0.550089
vt 0.997181 0.550117
vt 0.997370 0.550065
vt 0.997468 0.550045
vt 0.997555 0.550032
vt 0.997632 0.550027
vt 0.997559 0.550030
vt 0.997723 0.550031
vt 0.997821 0.550043
vt 0.997919 0.550062
vt 0.998008 0.550085
vt 0.994108 0.550112
vt 0.994198 0.550139
vt 0.994295 0.550163
vt 0.994391 0.550181
vt 0.994478 0.550194
vt 0.995886 0.550197
vt 0.995972 0.550192
vt 0.471510 0.085856
vt 0.490583 0.063899
vt 0.490573 0.063942
vt 0.489359 0.063235
vt 0.477235 0.088116
vt 0.469037 0.075215
vt 0.469008 0.075212
vt 0.454427 0.083414
vt 0.472952 0.085347
vt 0.467277 0.062213
vt 0.480156 0.063115
vt 0.480601 0.063115
vt 0.479946 0.063115
vt 0.480942 0.064982
vt 0.479335 0.063115
vt 0.478679 0.063115
vt 0.479573 0.063115
vt 0.480942 0.072984
vt 0.480379 0.063115
vt 0.479007 0.063115
vt 0.454670 0.070106
vt 0.452158 0.068847
vt 0.454012 0.063226
vt 0.452343 0.083414
vt 0.480601 0.055124
vt 0.451932 0.083414
vt 0.467500 0.062213
vt 0.452765 0.083414
vt 0.467396 0.055040
vt 0.454001 0.069684
vt 0.476535 0.088116
vt 0.475910 0.088116
vt 0.475928 0.087173
vt 0.452521 0.070106
vt 0.491368 0.061556
vt 0.456449 0.054798
vt 0.453902 0.048317
vt 0.454022 0.062591
vt 0.478887 0.055119
vt 0.452569 0.070106
vt 0.454427 0.075882
vt 0.455550 0.069625
vt 0.467034 0.058655
vt 0.466442 0.060105
vt 0.465983 0.060742
vt 0.462579 0.062486
vt 0.461794 0.062486
vt 0.460270 0.062119
vt 0.459569 0.061762
vt 0.457175 0.057090
vt 0.458346 0.054225
vt 0.458899 0.053668
vt 0.460229 0.052848
vt 0.461750 0.052481
vt 0.464760 0.053205
vt 0.465397 0.053668
vt 0.465955 0.054225
vt 0.467150 0.057090
vt 0.461486 0.057831
vt 0.461488 0.057128
vt 0.480492 0.049242
vt 0.474806 0.087325
vt 0.474844 0.087305
vt 0.474844 0.087981
vt 0.453680 0.062930
vt 0.453228 0.077162
vt 0.476720 0.064757
vt 0.471753 0.063127
vt 0.478632 0.057451
vt 0.459769 0.083296
vt 0.467912 0.054147
vt 0.467911 0.062102
vt 0.451853 0.061517
vt 0.492241 0.053559
vt 0.475136 0.087981
vt 0.474891 0.087291
vt 0.491593 0.053714
vt 0.453948 0.051742
vt 0.468006 0.047785
vt 0.470854 0.047768
vt 0.470854 0.053973
vt 0.489901 0.053022
vt 0.485811 0.053034
vt 0.467919 0.049488
vt 0.467911 0.053917
vt 0.470758 0.048347
vt 0.470758 0.053395
vt 0.489802 0.052363
vt 0.472544 0.053989
vt 0.475461 0.088116
vt 0.465951 0.088071
vt 0.479461 0.083877
vt 0.479344 0.084721
vt 0.479493 0.085559
vt 0.479894 0.086311
vt 0.480508 0.086902
vt 0.481275 0.087275
vt 0.482119 0.087392
vt 0.462871 0.083090
vt 0.462465 0.083221
vt 0.462084 0.083414
vt 0.465024 0.073799
vt 0.479433 0.073090
vt 0.460845 0.088071
vt 0.486150 0.052908
vt 0.476706 0.053392
vt 0.485033 0.052908
vt 0.464978 0.088028
vt 0.471457 0.086986
vt 0.471367 0.086183
vt 0.474183 0.085167
vt 0.475827 0.085156
vt 0.477235 0.085132
vt 0.473278 0.087053
vt 0.476626 0.087084
vt 0.476472 0.087084
vt 0.474441 0.085171
vt 0.475395 0.085167
vt 0.475705 0.087105
vt 0.485897 0.083091
vt 0.466018 0.087632
vt 0.474381 0.087889
vt 0.474336 0.087473
vt 0.474381 0.087445
vt 0.486449 0.087091
vt 0.454988 0.072593
vt 0.474243 0.087484
vt 0.474289 0.087515
vt 0.474243 0.087889
vt 0.477701 0.088099
vt 0.477321 0.084153
vt 0.475863 0.087192
vt 0.478298 0.083960
vt 0.479005 0.083182
vt 0.478598 0.087010
vt 0.474473 0.087916
vt 0.474428 0.087891
vt 0.474473 0.087445
vt 0.455975 0.072041
vt 0.455980 0.073656
vt 0.465025 0.087536
vt 0.485479 0.085147
vt 0.465030 0.083480
vt 0.477283 0.083697
vt 0.491404 0.072931
vt 0.479602 0.073042
vt 0.475588 0.085159
vt 0.473181 0.085167
vt 0.473524 0.087067
vt 0.475502 0.087103
vt 0.473570 0.087040
vt 0.474811 0.087122
vt 0.471318 0.087293
vt 0.480882 0.072481
vt 0.478679 0.072984
vt 0.471457 0.086901
vt 0.471457 0.085866
vt 0.463237 0.074132
vt 0.471459 0.086915
vt 0.473177 0.059909
vt 0.473243 0.053475
vt 0.454478 0.076820
vt 0.454482 0.076018
vt 0.478210 0.070230
vt 0.457128 0.055589
vt 0.998034 0.527735
vt 0.994577 0.527736
vt 0.996821 0.545516
vt 0.994036 0.550085
vt 0.994547 0.550198
vt 0.458468 0.405866
vt 0.505871 0.273982
vt 0.502677 0.407072
vt 0.635281 0.409426
vt 0.680144 0.276607
vt 0.679505 0.409739
vt 0.812126 0.409418
vt 0.854433 0.275727
vt 0.856345 0.408839
vt 0.944740 0.407071
vt 0.985110 0.272766
vt 0.988943 0.405820
vt 0.559624 0.275179
vt 0.598744 0.408967
vt 0.554542 0.408230
vt 0.636556 0.276310
vt 0.607639 0.142773
vt 0.637824 0.143149
vt 0.777484 0.276560
vt 0.736451 0.143546
vt 0.779388 0.143379
vt 0.810850 0.276307
vt 0.809574 0.143150
vt 0.908189 0.274762
vt 0.852527 0.142561
vt 0.908185 0.141569
vt 0.941544 0.274004
vt 0.938363 0.140889
vt 0.509051 0.140838
vt 0.564706 0.142079
vt 0.733912 0.276723
vt 0.680781 0.143422
vt 0.462299 0.272808
vt 0.454628 0.538868
vt 0.633998 0.542478
vt 0.813396 0.542465
vt 0.981300 0.139658
vt 0.947939 0.540078
vt 0.590984 0.009415
vt 0.603191 0.275893
vt 0.594299 0.541980
vt 0.639071 0.010050
vt 0.773697 0.542768
vt 0.731382 0.409850
vt 0.775588 0.409696
vt 0.760196 0.010383
vt 0.808285 0.010055
vt 0.908250 0.540987
vt 0.908212 0.407905
vt 0.887118 0.008872
vt 0.935193 0.007830
vt 0.549472 0.541220
vt 0.548707 0.008632
vt 0.728865 0.542914
vt 0.717914 0.010447
vt 0.989357 0.410174
vt 0.942561 0.277360
vt 0.986134 0.276557
vt 0.812594 0.413900
vt 0.767487 0.279306
vt 0.811362 0.279071
vt 0.634752 0.414006
vt 0.592019 0.278703
vt 0.635855 0.279121
vt 0.501746 0.411659
vt 0.460887 0.276635
vt 0.504477 0.277486
vt 0.888686 0.278200
vt 0.849287 0.413387
vt 0.844928 0.278750
vt 0.851101 0.143359
vt 0.669457 0.279297
vt 0.710595 0.143883
vt 0.713342 0.279407
vt 0.667132 0.143806
vt 0.548228 0.278181
vt 0.593229 0.143346
vt 0.523718 0.142715
vt 0.940760 0.142414
vt 0.767106 0.143792
vt 0.984060 0.141909
vt 0.945375 0.411384
vt 0.994453 0.544367
vt 0.949521 0.546214
vt 0.858913 0.006005
vt 0.810045 0.006058
vt 0.810532 0.143647
vt 0.768151 0.414226
vt 0.814122 0.549742
vt 0.768816 0.550254
vt 0.686238 0.006364
vt 0.637374 0.005954
vt 0.636659 0.143675
vt 0.590348 0.413398
vt 0.632998 0.549936
vt 0.587677 0.549175
vt 0.556645 0.005695
vt 0.507783 0.004881
vt 0.462912 0.141981
vt 0.506277 0.142529
vt 0.457736 0.410407
vt 0.497418 0.546635
vt 0.452361 0.544817
vt 0.939543 0.005251
vt 0.902038 0.005691
vt 0.766814 0.006515
vt 0.729346 0.006631
vt 0.594124 0.005976
vt 0.854376 0.548845
vt 0.893606 0.412591
vt 0.899494 0.547767
vt 0.673309 0.550148
vt 0.716001 0.414392
vt 0.718551 0.550340
vt 0.671503 0.414267
vt 0.537545 0.547736
vt 0.546017 0.412647
vt 0.982876 0.004591
vt 0.464456 0.004685
vt 0.949621 0.548666
vt 0.994562 0.546871
vt 0.810013 0.003566
vt 0.768847 0.552722
vt 0.814162 0.552274
vt 0.637365 0.003461
vt 0.587640 0.551643
vt 0.632970 0.552471
vt 0.507789 0.002382
vt 0.452266 0.547268
vt 0.497336 0.549156
vt 0.902071 0.003159
vt 0.858940 0.003481
vt 0.729406 0.004102
vt 0.686292 0.003842
vt 0.556733 0.003169
vt 0.899516 0.550256
vt 0.854372 0.551346
vt 0.718505 0.552837
vt 0.673238 0.552653
vt 0.537418 0.550226
vt 0.982844 0.002086
vt 0.939511 0.002683
vt 0.766798 0.003952
vt 0.594134 0.003413
vt 0.464471 0.002117
vt 0.469885 0.006658
vt 0.466108 0.139705
vt 0.499482 0.540125
vt 0.678866 0.542829
vt 0.858260 0.541911
vt 0.992789 0.538839
vt 0.512196 0.007799
vt 0.681395 0.010344
vt 0.850605 0.009501
vt 0.977501 0.006648
vt 0.897375 0.142956
vt 0.000000 0.000000
s 1
f 272/1/1 271/2/2 3/3/3
f 272/1/1 4/4/4 273/5/5
f 273/5/5 4/4/4 5/6/6
f 273/5/5 6/7/7 7/8/8
f 274/9/9 7/8/8 8/10/10
f 275/11/11 9/12/12 10/13/13
f 275/11/11 12/14/14 276/15/15
f 276/15/15 12/14/14 13/16/16
f 276/15/15 13/16/16 14/17/17
f 276/15/15 15/18/18 277/19/19
f 277/19/19 15/18/18 16/20/20
f 278/21/21 18/22/22 19/23/23
f 278/21/21 19/23/23 215/24/24
f 278/21/21 20/25/25 279/26/26
f 279/26/26 20/25/25 21/27/27
f 279/26/26 22/28/28 280/29/29
f 280/29/29 22/28/28 23/30/30
f 280/29/29 23/30/30 24/31/31
f 280/29/29 25/32/32 281/33/33
f 281/33/33 25/32/32 26/34/34
f 281/33/33 27/35/35 282/36/36
f 282/36/36 28/37/37 29/38/38
f 283/39/39 29/38/38 30/40/40
f 284/41/41 31/42/42 32/43/43
f 285/44/44 33/45/45 34/46/46
f 286/47/47 36/48/48 37/49/49
f 286/47/47 37/49/49 38/50/50
f 286/47/47 39/51/51 287/52/52
f 287/52/52 39/51/51 40/53/53
f 287/52/52 41/54/54 288/55/55
f 289/56/56 43/57/57 44/58/58
f 289/56/56 2/59/59 272/1/1
f 174/60/60 99/61/61 292/62/62
f 292/62/62 46/63/63 293/64/64
f 293/64/64 47/65/65 294/66/66
f 294/66/66 48/67/67 295/68/68
f 295/68/68 49/69/69 296/70/70
f 296/70/70 107/71/71 297/72/72
f 297/72/72 50/73/73 298/74/74
f 298/74/74 111/75/75 299/76/76
f 299/76/76 51/77/77 300/78/78
f 300/78/78 114/79/79 301/80/80
f 301/80/80 52/81/81 302/82/82
f 302/83/82 53/84/83 303/85/84
f 304/86/85 53/84/83 118/87/86
f 304/86/85 54/88/87 305/89/88
f 305/89/88 55/90/89 306/91/90
f 307/92/91 55/90/89 56/93/92
f 307/92/91 57/94/93 308/95/94
f 308/95/94 126/96/95 309/97/96
f 309/97/96 58/98/97 310/99/98
f 310/99/98 59/100/99 311/101/100
f 312/102/101 59/100/99 60/103/102
f 312/102/101 61/104/103 313/105/104
f 313/105/104 62/106/105 314/107/106
f 314/107/106 136/108/107 315/109/108
f 315/110/108 63/111/109 316/112/110
f 316/112/110 64/113/111 317/114/112
f 317/114/112 141/115/113 318/116/114
f 318/116/114 65/117/115 319/118/116
f 319/118/116 66/119/117 320/120/118
f 320/120/118 146/121/119 321/122/120
f 321/122/120 67/123/121 322/124/122
f 322/124/122 68/125/123 323/126/124
f 323/126/124 69/127/125 324/128/126
f 324/128/126 153/129/127 325/130/128
f 325/130/128 70/131/129 326/132/130
f 326/132/130 71/133/131 327/134/132
f 327/135/132 157/136/133 328/137/134
f 328/137/134 72/138/135 329/139/136
f 329/139/136 73/140/137 330/141/138
f 331/142/139 73/140/137 162/143/140
f 331/142/139 74/144/141 332/145/142
f 332/145/142 75/146/143 333/147/144
f 333/147/144 76/148/145 334/149/146
f 334/149/146 77/150/147 335/151/148
f 335/151/148 78/152/149 336/153/150
f 336/153/150 79/154/151 337/155/152
f 291/156/153 79/154/151 97/157/154
f 291/156/153 290/158/155 174/159/60
f 83/160/156 82/161/157 81/162/158
f 83/160/156 85/163/159 84/164/160
f 87/165/161 89/166/162 88/167/163
f 91/168/164 89/166/162 87/165/161
f 91/168/164 90/169/165 89/166/162
f 80/170/166 95/171/167 94/172/168
f 94/172/168 83/160/156 80/170/166
f 94/172/168 86/173/169 83/160/156
f 99/61/61 101/174/170 46/63/63
f 46/63/63 103/175/171 47/65/65
f 47/65/65 104/176/172 48/67/67
f 48/67/67 106/177/173 49/69/69
f 106/177/173 107/71/71 49/69/69
f 107/71/71 109/178/174 50/73/73
f 115/179/175 53/84/83 52/180/81
f 117/181/176 118/87/86 53/84/83
f 54/88/87 121/182/177 55/90/89
f 121/182/177 56/93/92 55/90/89
f 123/183/178 57/94/93 56/93/92
f 126/96/95 128/184/179 58/98/97
f 58/98/97 130/185/180 59/100/99
f 130/185/180 60/103/102 59/100/99
f 131/186/181 61/104/103 60/103/102
f 133/187/182 62/106/105 61/104/103
f 135/188/183 136/108/107 62/106/105
f 138/189/184 64/113/111 63/111/109
f 143/190/185 66/119/117 65/117/115
f 145/191/186 146/121/119 66/119/117
f 67/123/121 150/192/187 68/125/123
f 68/125/123 151/193/188 69/127/125
f 154/194/189 71/133/131 70/131/129
f 156/195/190 157/136/133 71/196/131
f 157/136/133 159/197/191 72/138/135
f 159/197/191 73/140/137 72/138/135
f 161/198/192 162/143/140 73/140/137
f 164/199/193 75/146/143 74/144/141
f 166/200/194 76/148/145 75/146/143
f 76/148/145 169/201/195 77/150/147
f 77/150/147 171/202/196 78/152/149
f 78/152/149 172/203/197 79/154/151
f 172/203/197 97/157/154 79/154/151
f 97/204/154 96/205/198 290/206/155
f 96/207/198 100/208/199 99/209/61
f 98/210/200 81/162/158 100/208/199
f 100/208/199 101/211/170 99/209/61
f 81/162/158 102/212/201 100/208/199
f 101/174/170 102/213/201 103/175/171
f 103/214/171 105/215/202 104/216/172
f 81/162/158 105/215/202 102/212/201
f 104/176/172 105/217/202 106/177/173
f 106/177/173 108/218/203 107/71/71
f 82/161/157 108/219/203 105/215/202
f 108/218/203 109/178/174 107/71/71
f 83/160/156 110/220/204 108/219/203
f 109/178/174 110/221/204 111/75/75
f 110/220/204 112/222/205 111/223/75
f 83/160/156 113/224/206 110/220/204
f 112/225/205 113/226/206 114/79/79
f 113/224/206 115/227/175 114/228/79
f 84/164/160 116/229/207 113/224/206
f 116/229/207 117/230/176 115/227/175
f 116/229/207 118/231/86 117/230/176
f 85/163/159 119/232/208 116/229/207
f 119/233/208 120/234/209 118/87/86
f 120/235/209 122/236/210 121/237/177
f 119/232/208 86/173/169 122/236/210
f 122/236/210 123/238/178 121/237/177
f 86/173/169 124/239/211 122/236/210
f 124/240/211 125/241/212 123/183/178
f 125/241/212 127/242/213 126/96/95
f 124/239/211 87/165/161 127/243/213
f 127/242/213 128/184/179 126/96/95
f 87/165/161 129/244/214 127/243/213
f 128/184/179 129/245/214 130/185/180
f 129/244/214 131/246/181 130/247/180
f 87/165/161 132/248/215 129/244/214
f 132/248/215 133/249/182 131/246/181
f 87/165/161 134/250/216 132/248/215
f 133/187/182 134/251/216 135/188/183
f 135/252/183 137/253/217 136/254/107
f 134/250/216 88/167/163 137/253/217
f 137/253/217 138/255/184 136/254/107
f 88/167/163 139/256/218 137/253/217
f 139/257/218 140/258/219 138/189/184
f 140/258/219 142/259/220 141/115/113
f 139/256/218 89/166/162 142/260/220
f 142/259/220 143/190/185 141/115/113
f 89/166/162 144/261/221 142/260/220
f 143/190/185 144/262/221 145/191/186
f 145/191/186 147/263/222 146/121/119
f 144/261/221 90/169/165 147/264/222
f 147/263/222 148/265/223 146/121/119
f 90/169/165 149/266/224 147/264/222
f 148/265/223 149/267/224 150/192/187
f 150/268/187 152/269/225 151/270/188
f 149/266/224 91/168/164 152/269/225
f 151/193/188 152/271/225 153/129/127
f 152/269/225 154/272/189 153/273/127
f 91/168/164 155/274/226 152/269/225
f 155/274/226 156/275/190 154/272/189
f 156/275/190 158/276/227 157/277/133
f 155/274/226 92/278/228 158/276/227
f 158/276/227 159/279/191 157/277/133
f 158/276/227 92/278/228 160/280/229
f 160/281/229 161/198/192 159/197/191
f 160/282/229 162/283/140 161/284/192
f 93/285/230 163/286/231 160/280/229
f 163/287/231 164/199/193 162/143/140
f 163/286/231 93/285/230 165/288/232
f 165/289/232 166/200/194 164/199/193
f 165/288/232 167/290/233 166/291/194
f 94/172/168 168/292/234 165/288/232
f 168/292/234 169/293/195 167/290/233
f 94/172/168 170/294/235 168/292/234
f 170/295/235 171/202/196 169/201/195
f 171/296/196 173/297/236 172/298/197
f 170/294/235 95/171/167 173/297/236
f 173/297/236 97/299/154 172/298/197
f 95/171/167 98/210/200 173/297/236
f 98/210/200 96/207/198 97/299/154
f 175/300/237 3/3/3 271/2/2
f 3/3/3 181/301/238 4/4/4
f 181/301/238 5/6/6 4/4/4
f 5/6/6 185/302/239 6/7/7
f 6/7/7 187/303/240 7/8/8
f 187/303/240 8/10/10 7/8/8
f 8/10/10 191/304/241 9/12/12
f 191/304/241 10/13/13 9/12/12
f 11/305/242 199/306/243 12/14/14
f 199/306/243 13/16/16 12/14/14
f 201/307/244 14/17/17 13/16/16
f 14/17/17 205/308/245 15/18/18
f 205/308/245 16/20/20 15/18/18
f 207/309/246 17/310/247 16/20/20
f 17/310/247 211/311/248 18/22/22
f 211/311/248 19/23/23 18/22/22
f 213/312/249 215/24/24 19/23/23
f 217/313/250 21/27/27 20/25/25
f 21/27/27 221/314/251 22/28/28
f 221/314/251 23/30/30 22/28/28
f 223/315/252 24/31/31 23/30/30
f 24/31/31 227/316/253 25/32/32
f 227/316/253 26/34/34 25/32/32
f 229/317/254 27/35/35 26/34/34
f 27/35/35 233/318/255 28/37/37
f 28/37/37 235/319/256 29/38/38
f 235/319/256 30/40/40 29/38/38
f 30/40/40 239/320/257 31/42/42
f 239/320/257 32/43/43 31/42/42
f 32/43/43 243/321/258 33/45/45
f 243/321/258 34/46/46 33/45/45
f 34/46/46 247/322/259 35/323/260
f 35/323/260 249/324/261 36/48/48
f 249/324/261 37/49/49 36/48/48
f 251/325/262 38/50/50 37/49/49
f 38/50/50 255/326/263 39/51/51
f 255/326/263 40/53/53 39/51/51
f 257/327/264 41/54/54 40/53/53
f 261/328/265 263/329/266 42/330/267
f 42/330/267 265/331/268 43/57/57
f 265/331/268 44/58/58 43/57/57
f 267/332/269 45/333/270 44/58/58
f 45/333/270 177/334/271 2/59/59
f 2/59/59 175/300/237 271/2/2
f 176/335/272 179/336/273 175/337/237
f 174/60/60 180/338/274 176/335/272
f 179/336/273 182/339/275 181/340/238
f 180/338/274 293/64/64 182/339/275
f 182/339/275 183/341/276 181/340/238
f 182/339/275 294/66/66 184/342/277
f 183/341/276 186/343/278 185/344/239
f 184/342/277 295/68/68 186/343/278
f 186/343/278 187/345/240 185/344/239
f 295/68/68 188/346/279 186/343/278
f 188/346/279 189/347/280 187/345/240
f 296/70/70 190/348/281 188/346/279
f 190/348/281 191/349/241 189/347/280
f 297/72/72 192/350/282 190/348/281
f 192/350/282 193/351/283 191/349/241
f 298/74/74 194/352/284 192/350/282
f 193/351/283 196/353/285 195/354/286
f 299/76/76 196/353/285 194/352/284
f 196/353/285 197/355/287 195/354/286
f 300/78/78 198/356/288 196/353/285
f 197/355/287 200/357/289 199/358/243
f 301/80/80 200/357/289 198/356/288
f 200/359/289 201/307/244 199/306/243
f 302/83/82 202/360/290 200/361/289
f 202/360/290 203/362/291 201/363/244
f 303/85/84 204/364/292 202/360/290
f 203/362/291 206/365/293 205/366/245
f 304/86/85 206/365/293 204/364/292
f 206/365/293 207/367/246 205/366/245
f 305/89/88 208/368/294 206/365/293
f 208/368/294 209/369/295 207/367/246
f 306/91/90 210/370/296 208/368/294
f 210/370/296 211/371/248 209/369/295
f 307/92/91 212/372/297 210/370/296
f 212/372/297 213/373/249 211/371/248
f 308/95/94 214/374/298 212/372/297
f 213/373/249 216/375/299 215/376/24
f 309/97/96 216/375/299 214/374/298
f 216/375/299 217/377/250 215/376/24
f 310/99/98 218/378/300 216/375/299
f 218/378/300 219/379/301 217/377/250
f 311/101/100 220/380/302 218/378/300
f 219/379/301 222/381/303 221/382/251
f 312/102/101 222/381/303 220/380/302
f 222/381/303 223/383/252 221/382/251
f 313/105/104 224/384/304 222/381/303
f 224/385/304 225/386/305 223/315/252
f 314/107/106 226/387/306 224/384/304
f 225/388/305 228/389/307 227/390/253
f 226/391/306 316/112/110 228/389/307
f 228/389/307 229/392/254 227/390/253
f 228/389/307 317/114/112 230/393/308
f 230/393/308 231/394/309 229/392/254
f 317/114/112 232/395/310 230/393/308
f 232/395/310 233/396/255 231/394/309
f 318/116/114 234/397/311 232/395/310
f 234/397/311 235/398/256 233/396/255
f 319/118/116 236/399/312 234/397/311
f 236/399/312 237/400/313 235/398/256
f 320/120/118 238/401/314 236/399/312
f 237/400/313 240/402/315 239/403/257
f 238/401/314 322/124/122 240/402/315
f 239/403/257 242/404/316 241/405/317
f 322/124/122 242/404/316 240/402/315
f 241/405/317 244/406/318 243/407/258
f 242/404/316 324/128/126 244/406/318
f 244/406/318 245/408/319 243/407/258
f 244/406/318 325/130/128 246/409/320
f 245/408/319 248/410/321 247/411/259
f 246/409/320 326/132/130 248/410/321
f 247/411/259 250/412/322 249/413/261
f 248/410/321 327/134/132 250/412/322
f 250/414/322 251/415/262 249/416/261
f 327/135/132 252/417/323 250/414/322
f 252/417/323 253/418/324 251/415/262
f 328/137/134 254/419/325 252/417/323
f 253/418/324 256/420/326 255/421/263
f 329/139/136 256/420/326 254/419/325
f 256/420/326 257/422/264 255/421/263
f 330/141/138 258/423/327 256/420/326
f 258/423/327 259/424/328 257/422/264
f 331/142/139 260/425/329 258/423/327
f 259/424/328 262/426/330 261/427/265
f 332/145/142 262/426/330 260/425/329
f 262/426/330 263/428/266 261/427/265
f 262/426/330 334/149/146 264/429/331
f 264/429/331 265/430/268 263/428/266
f 264/429/331 335/151/148 266/431/332
f 265/430/268 268/432/333 267/433/269
f 335/151/148 268/432/333 266/431/332
f 267/433/269 270/434/334 269/435/335
f 336/153/150 270/434/334 268/432/333
f 269/435/335 178/436/336 177/437/271
f 337/155/152 178/436/336 270/434/334
f 177/438/271 176/335/272 175/337/237
f 291/439/153 176/335/272 178/440/336
f 272/1/1 273/5/5 1/441/337
f 273/5/5 274/9/9 1/441/337
f 274/9/9 275/11/11 1/441/337
f 275/11/11 276/15/15 1/441/337
f 276/15/15 277/19/19 1/441/337
f 277/19/19 278/21/21 1/441/337
f 278/21/21 279/26/26 1/441/337
f 279/26/26 280/29/29 1/441/337
f 280/29/29 281/33/33 1/441/337
f 281/33/33 282/36/36 1/441/337
f 282/36/36 283/39/39 1/441/337
f 283/39/39 284/41/41 1/441/337
f 284/41/41 285/44/44 1/441/337
f 285/44/44 286/47/47 1/441/337
f 286/47/47 287/52/52 1/441/337
f 287/52/52 288/55/55 1/441/337
f 288/55/55 289/56/56 1/441/337
f 289/56/56 272/1/1 1/441/337
f 272/1/1 3/3/3 4/4/4
f 273/5/5 5/6/6 6/7/7
f 274/9/9 273/5/5 7/8/8
f 274/9/9 8/10/10 9/12/12
f 275/11/11 274/9/9 9/12/12
f 275/11/11 10/13/13 195/442/286
f 275/11/11 195/442/286 11/305/242
f 275/11/11 11/305/242 12/14/14
f 276/15/15 14/17/17 15/18/18
f 277/19/19 16/20/20 17/310/247
f 277/19/19 17/310/247 18/22/22
f 278/21/21 277/19/19 18/22/22
f 278/21/21 215/24/24 20/25/25
f 279/26/26 21/27/27 22/28/28
f 280/29/29 24/31/31 25/32/32
f 281/33/33 26/34/34 27/35/35
f 282/36/36 27/35/35 28/37/37
f 283/39/39 282/36/36 29/38/38
f 283/39/39 30/40/40 31/42/42
f 284/41/41 283/39/39 31/42/42
f 284/41/41 32/43/43 33/45/45
f 285/44/44 284/41/41 33/45/45
f 285/44/44 34/46/46 35/323/260
f 285/44/44 35/323/260 36/48/48
f 286/47/47 285/44/44 36/48/48
f 286/47/47 38/50/50 39/51/51
f 287/52/52 40/53/53 41/54/54
f 288/55/55 41/54/54 261/328/265
f 288/55/55 261/328/265 42/330/267
f 288/55/55 42/330/267 43/57/57
f 289/56/56 288/55/55 43/57/57
f 289/56/56 44/58/58 45/333/270
f 289/56/56 45/333/270 2/59/59
f 272/1/1 2/59/59 271/2/2
f 174/60/60 290/206/155 99/61/61
f 292/62/62 99/61/61 46/63/63
f 293/64/64 46/63/63 47/65/65
f 294/66/66 47/65/65 48/67/67
f 295/68/68 48/67/67 49/69/69
f 296/70/70 49/69/69 107/71/71
f 297/72/72 107/71/71 50/73/73
f 298/74/74 50/73/73 111/75/75
f 299/76/76 111/75/75 51/77/77
f 300/78/78 51/77/77 114/79/79
f 301/80/80 114/79/79 52/81/81
f 302/83/82 52/180/81 53/84/83
f 304/86/85 303/85/84 53/84/83
f 304/86/85 118/87/86 54/88/87
f 305/89/88 54/88/87 55/90/89
f 307/92/91 306/91/90 55/90/89
f 307/92/91 56/93/92 57/94/93
f 308/95/94 57/94/93 126/96/95
f 309/97/96 126/96/95 58/98/97
f 310/99/98 58/98/97 59/100/99
f 312/102/101 311/101/100 59/100/99
f 312/102/101 60/103/102 61/104/103
f 313/105/104 61/104/103 62/106/105
f 314/443/106 62/444/105 136/445/107
f 315/110/108 136/446/107 63/111/109
f 316/112/110 63/111/109 64/113/111
f 317/114/112 64/113/111 141/115/113
f 318/116/114 141/115/113 65/117/115
f 319/118/116 65/117/115 66/119/117
f 320/120/118 66/119/117 146/121/119
f 321/122/120 146/121/119 67/123/121
f 322/124/122 67/123/121 68/125/123
f 323/126/124 68/125/123 69/127/125
f 324/128/126 69/127/125 153/129/127
f 325/130/128 153/129/127 70/131/129
f 326/132/130 70/131/129 71/133/131
f 327/135/132 71/196/131 157/136/133
f 328/137/134 157/136/133 72/138/135
f 329/139/136 72/138/135 73/140/137
f 331/142/139 330/141/138 73/140/137
f 331/142/139 162/143/140 74/144/141
f 332/145/142 74/144/141 75/146/143
f 333/147/144 75/146/143 76/148/145
f 334/149/146 76/148/145 77/150/147
f 335/151/148 77/150/147 78/152/149
f 336/153/150 78/152/149 79/154/151
f 291/156/153 337/155/152 79/154/151
f 291/156/153 97/157/154 290/158/155
f 83/160/156 81/162/158 80/170/166
f 83/160/156 86/173/169 85/163/159
f 91/168/164 94/172/168 92/278/228
f 94/172/168 93/285/230 92/278/228
f 94/172/168 87/165/161 86/173/169
f 94/172/168 91/168/164 87/165/161
f 290/206/155 96/205/198 99/61/61
f 46/63/63 101/174/170 103/175/171
f 47/65/65 103/175/171 104/176/172
f 48/67/67 104/176/172 106/177/173
f 50/73/73 109/178/174 111/75/75
f 111/75/75 112/225/205 51/77/77
f 51/77/77 112/225/205 114/79/79
f 114/79/79 115/447/175 52/81/81
f 115/179/175 117/181/176 53/84/83
f 118/87/86 120/234/209 54/88/87
f 54/88/87 120/234/209 121/182/177
f 121/182/177 123/183/178 56/93/92
f 123/183/178 125/241/212 57/94/93
f 57/94/93 125/241/212 126/96/95
f 58/98/97 128/184/179 130/185/180
f 130/185/180 131/186/181 60/103/102
f 131/186/181 133/187/182 61/104/103
f 133/187/182 135/188/183 62/106/105
f 136/446/107 138/189/184 63/111/109
f 138/189/184 140/258/219 64/113/111
f 64/113/111 140/258/219 141/115/113
f 141/115/113 143/190/185 65/117/115
f 143/190/185 145/191/186 66/119/117
f 146/121/119 148/265/223 67/123/121
f 67/123/121 148/265/223 150/192/187
f 68/125/123 150/192/187 151/193/188
f 69/127/125 151/193/188 153/129/127
f 153/129/127 154/194/189 70/131/129
f 154/194/189 156/448/190 71/133/131
f 159/197/191 161/198/192 73/140/137
f 162/143/140 164/199/193 74/144/141
f 164/199/193 166/200/194 75/146/143
f 166/200/194 167/449/233 76/148/145
f 76/148/145 167/449/233 169/201/195
f 77/150/147 169/201/195 171/202/196
f 78/152/149 171/202/196 172/203/197
f 96/207/198 98/210/200 100/208/199
f 98/210/200 80/170/166 81/162/158
f 100/208/199 102/212/201 101/211/170
f 103/214/171 102/212/201 105/215/202
f 81/162/158 82/161/157 105/215/202
f 106/450/173 105/215/202 108/219/203
f 82/161/157 83/160/156 108/219/203
f 108/219/203 110/220/204 109/451/174
f 110/220/204 113/224/206 112/222/205
f 83/160/156 84/164/160 113/224/206
f 113/224/206 116/229/207 115/227/175
f 84/164/160 85/163/159 116/229/207
f 116/229/207 119/232/208 118/231/86
f 120/235/209 119/232/208 122/236/210
f 119/232/208 85/163/159 86/173/169
f 122/236/210 124/239/211 123/238/178
f 125/452/212 124/239/211 127/243/213
f 124/239/211 86/173/169 87/165/161
f 127/243/213 129/244/214 128/453/179
f 129/244/214 132/248/215 131/246/181
f 132/248/215 134/250/216 133/249/182
f 87/165/161 88/167/163 134/250/216
f 135/252/183 134/250/216 137/253/217
f 137/253/217 139/256/218 138/255/184
f 88/167/163 89/166/162 139/256/218
f 140/454/219 139/256/218 142/260/220
f 142/260/220 144/261/221 143/455/185
f 89/166/162 90/169/165 144/261/221
f 145/456/186 144/261/221 147/264/222
f 147/264/222 149/266/224 148/457/223
f 90/169/165 91/168/164 149/266/224
f 150/268/187 149/266/224 152/269/225
f 152/269/225 155/274/226 154/272/189
f 91/168/164 92/278/228 155/274/226
f 156/275/190 155/274/226 158/276/227
f 158/276/227 160/280/229 159/279/191
f 92/278/228 93/285/230 160/280/229
f 160/281/229 163/287/231 162/143/140
f 163/286/231 165/288/232 164/458/193
f 93/285/230 94/172/168 165/288/232
f 165/288/232 168/292/234 167/290/233
f 168/292/234 170/294/235 169/293/195
f 94/172/168 95/171/167 170/294/235
f 171/296/196 170/294/235 173/297/236
f 173/297/236 98/210/200 97/299/154
f 95/171/167 80/170/166 98/210/200
f 175/300/237 179/459/273 3/3/3
f 3/3/3 179/459/273 181/301/238
f 181/301/238 183/460/276 5/6/6
f 5/6/6 183/460/276 185/302/239
f 6/7/7 185/302/239 187/303/240
f 187/303/240 189/461/280 8/10/10
f 8/10/10 189/461/280 191/304/241
f 191/304/241 193/462/283 10/13/13
f 10/13/13 193/462/283 195/442/286
f 195/442/286 197/463/287 11/305/242
f 11/305/242 197/463/287 199/306/243
f 199/306/243 201/307/244 13/16/16
f 201/307/244 203/464/291 14/17/17
f 14/17/17 203/464/291 205/308/245
f 205/308/245 207/309/246 16/20/20
f 207/309/246 209/465/295 17/310/247
f 17/310/247 209/465/295 211/311/248
f 211/311/248 213/312/249 19/23/23
f 215/24/24 217/313/250 20/25/25
f 217/313/250 219/466/301 21/27/27
f 21/27/27 219/466/301 221/314/251
f 221/314/251 223/315/252 23/30/30
f 223/315/252 225/386/305 24/31/31
f 24/31/31 225/386/305 227/316/253
f 227/316/253 229/317/254 26/34/34
f 229/317/254 231/467/309 27/35/35
f 27/35/35 231/467/309 233/318/255
f 28/37/37 233/318/255 235/319/256
f 235/319/256 237/468/313 30/40/40
f 30/40/40 237/468/313 239/320/257
f 239/320/257 241/469/317 32/43/43
f 32/43/43 241/469/317 243/321/258
f 243/321/258 245/470/319 34/46/46
f 34/46/46 245/470/319 247/322/259
f 35/323/260 247/322/259 249/324/261
f 249/324/261 251/325/262 37/49/49
f 251/325/262 253/471/324 38/50/50
f 38/50/50 253/471/324 255/326/263
f 255/326/263 257/327/264 40/53/53
f 257/327/264 259/472/328 41/54/54
f 41/54/54 259/472/328 261/328/265
f 42/330/267 263/329/266 265/331/268
f 265/331/268 267/332/269 44/58/58
f 267/332/269 269/473/335 45/333/270
f 45/333/270 269/473/335 177/334/271
f 2/59/59 177/334/271 175/300/237
f 176/335/272 180/338/274 179/336/273
f 174/60/60 292/62/62 180/338/274
f 179/336/273 180/338/274 182/339/275
f 180/338/274 292/62/62 293/64/64
f 182/339/275 184/342/277 183/341/276
f 182/339/275 293/64/64 294/66/66
f 183/341/276 184/342/277 186/343/278
f 184/342/277 294/66/66 295/68/68
f 186/343/278 188/346/279 187/345/240
f 295/68/68 296/70/70 188/346/279
f 188/346/279 190/348/281 189/347/280
f 296/70/70 297/72/72 190/348/281
f 190/348/281 192/350/282 191/349/241
f 297/72/72 298/74/74 192/350/282
f 192/350/282 194/352/284 193/351/283
f 298/74/74 299/76/76 194/352/284
f 193/351/283 194/352/284 196/353/285
f 299/76/76 300/78/78 196/353/285
f 196/353/285 198/356/288 197/355/287
f 300/78/78 301/80/80 198/356/288
f 197/355/287 198/356/288 200/357/289
f 301/80/80 302/82/82 200/357/289
f 200/359/289 202/474/290 201/307/244
f 302/83/82 303/85/84 202/360/290
f 202/360/290 204/364/292 203/362/291
f 303/85/84 304/86/85 204/364/292
f 203/362/291 204/364/292 206/365/293
f 304/86/85 305/89/88 206/365/293
f 206/365/293 208/368/294 207/367/246
f 305/89/88 306/91/90 208/368/294
f 208/368/294 210/370/296 209/369/295
f 306/91/90 307/92/91 210/370/296
f 210/370/296 212/372/297 211/371/248
f 307/92/91 308/95/94 212/372/297
f 212/372/297 214/374/298 213/373/249
f 308/95/94 309/97/96 214/374/298
f 213/373/249 214/374/298 216/375/299
f 309/97/96 310/99/98 216/375/299
f 216/375/299 218/378/300 217/377/250
f 310/99/98 311/101/100 218/378/300
f 218/378/300 220/380/302 219/379/301
f 311/101/100 312/102/101 220/380/302
f 219/379/301 220/380/302 222/381/303
f 312/102/101 313/105/104 222/381/303
f 222/381/303 224/384/304 223/383/252
f 313/105/104 314/107/106 224/384/304
f 224/385/304 226/475/306 225/386/305
f 314/107/106 315/109/108 226/387/306
f 225/388/305 226/391/306 228/389/307
f 226/391/306 315/110/108 316/112/110
f 228/389/307 230/393/308 229/392/254
f 228/389/307 316/112/110 317/114/112
f 230/393/308 232/395/310 231/394/309
f 317/114/112 318/116/114 232/395/310
f 232/395/310 234/397/311 233/396/255
f 318/116/114 319/118/116 234/397/311
f 234/397/311 236/399/312 235/398/256
f 319/118/116 320/120/118 236/399/312
f 236/399/312 238/401/314 237/400/313
f 320/120/118 321/122/120 238/401/314
f 237/400/313 238/401/314 240/402/315
f 238/401/314 321/122/120 322/124/122
f 239/403/257 240/402/315 242/404/316
f 322/124/122 323/126/124 242/404/316
f 241/405/317 242/404/316 244/406/318
f 242/404/316 323/126/124 324/128/126
f 244/406/318 246/409/320 245/408/319
f 244/406/318 324/128/126 325/130/128
f 245/408/319 246/409/320 248/410/321
f 246/409/320 325/130/128 326/132/130
f 247/411/259 248/410/321 250/412/322
f 248/410/321 326/132/130 327/134/132
f 250/414/322 252/417/323 251/415/262
f 327/135/132 328/137/134 252/417/323
f 252/417/323 254/419/325 253/418/324
f 328/137/134 329/139/136 254/419/325
f 253/418/324 254/419/325 256/420/326
f 329/139/136 330/141/138 256/420/326
f 256/420/326 258/423/327 257/422/264
f 330/141/138 331/142/139 258/423/327
f 258/423/327 260/425/329 259/424/328
f 331/142/139 332/145/142 260/425/329
f 259/424/328 260/425/329 262/426/330
f 332/145/142 333/147/144 262/426/330
f 262/426/330 264/429/331 263/428/266
f 262/426/330 333/147/144 334/149/146
f 264/429/331 266/431/332 265/430/268
f 264/429/331 334/149/146 335/151/148
f 265/430/268 266/431/332 268/432/333
f 335/151/148 336/153/150 268/432/333
f 267/433/269 268/432/333 270/434/334
f 336/153/150 337/155/152 270/434/334
f 269/435/335 270/434/334 178/436/336
f 337/155/152 291/156/153 178/436/336
f 177/438/271 178/440/336 176/335/272
f 291/439/153 174/60/60 176/335/272
f 339/476/338 338/477/339 340/478/340
f 886/479/341 339/480/341 341/481/342
f 342/482/343 341/483/344 343/484/345
f 344/485/346 343/484/345 345/486/347
f 346/487/348 345/486/347 347/488/349
f 348/489/350 347/488/349 349/490/351
f 350/491/352 349/490/351 351/492/353
f 352/493/354 351/492/353 353/494/355
f 354/495/356 353/494/355 355/496/357
f 356/497/358 355/496/357 357/498/359
f 358/499/360 357/498/359 359/500/361
f 360/501/362 359/500/361 361/502/363
f 362/503/364 361/502/363 363/504/365
f 364/505/366 363/504/365 365/506/367
f 366/507/368 365/506/367 367/508/369
f 368/509/370 367/508/369 369/510/371
f 370/511/372 369/510/371 371/512/373
f 372/513/374 371/512/373 373/514/375
f 374/515/376 373/514/375 375/516/377
f 376/517/378 375/516/377 377/518/379
f 378/519/380 377/518/379 379/520/381
f 380/521/382 379/520/381 381/522/383
f 383/523/384 380/521/382 381/522/383
f 385/524/385 382/525/386 383/523/384
f 387/526/387 384/527/388 385/524/385
f 389/528/389 386/529/390 387/526/387
f 391/530/391 388/531/392 389/528/389
f 393/532/393 390/533/394 391/530/391
f 395/534/395 392/535/396 393/532/393
f 397/536/397 394/537/398 395/534/395
f 399/538/399 396/539/400 397/536/397
f 401/540/401 398/541/402 399/538/399
f 403/542/403 400/543/404 401/540/401
f 405/544/405 402/545/406 403/542/403
f 407/546/407 404/547/408 405/544/405
f 409/548/409 406/549/410 407/546/407
f 411/550/411 408/551/412 409/548/409
f 413/552/413 410/553/414 411/550/411
f 415/554/415 412/555/416 413/552/413
f 417/556/417 414/557/418 415/554/415
f 419/558/419 416/559/420 417/556/417
f 421/560/421 418/561/422 419/558/419
f 422/562/423 421/560/421 423/563/424
f 424/564/425 423/563/424 425/565/426
f 426/566/427 425/565/426 427/567/428
f 428/568/429 427/567/428 429/569/430
f 430/570/431 429/569/430 431/571/432
f 432/572/433 431/571/432 433/573/434
f 434/574/435 433/573/434 435/575/436
f 436/576/437 435/575/436 437/577/438
f 438/578/439 437/577/438 439/579/440
f 440/580/441 439/579/440 441/581/442
f 442/582/443 441/581/442 443/583/444
f 444/584/445 443/583/444 445/585/446
f 446/586/447 445/585/446 447/587/448
f 448/588/449 447/587/448 449/589/450
f 450/590/451 449/589/450 451/591/452
f 453/592/453 450/590/451 451/591/452
f 455/593/454 452/594/455 453/592/453
f 457/595/456 454/596/457 455/593/454
f 459/597/458 456/598/459 457/595/456
f 461/599/460 458/600/461 459/597/458
f 463/601/462 460/602/463 461/599/460
f 465/603/464 462/604/465 463/601/462
f 467/605/466 464/606/467 465/603/464
f 469/607/468 466/608/469 467/605/466
f 471/609/470 468/610/471 469/607/468
f 473/611/472 470/612/473 471/609/470
f 475/613/474 472/614/475 473/611/472
f 477/615/476 474/616/477 475/613/474
f 479/617/478 476/618/479 477/615/476
f 481/619/480 478/620/481 479/617/478
f 483/621/482 480/622/483 481/619/480
f 485/623/484 482/624/485 483/621/482
f 487/625/486 484/626/487 485/623/484
f 489/627/488 486/628/489 487/625/486
f 491/629/490 488/630/491 489/627/488
f 493/631/492 490/632/493 491/629/490
f 495/633/494 492/634/495 493/631/492
f 496/635/496 494/636/497 495/633/494
f 498/637/498 887/638/499 496/635/496
f 500/639/500 497/640/501 498/637/498
f 502/641/502 499/642/503 500/639/500
f 504/643/504 501/644/505 502/641/502
f 506/645/506 503/646/507 504/643/504
f 508/647/508 505/648/509 506/645/506
f 510/649/510 507/650/511 508/647/508
f 512/651/512 509/652/513 510/649/510
f 514/653/514 511/654/515 512/651/512
f 516/655/516 513/656/517 514/653/514
f 518/657/518 515/658/519 516/655/516
f 520/659/520 517/660/521 518/657/518
f 522/661/522 519/662/523 520/659/520
f 524/663/524 521/664/525 522/661/522
f 526/665/526 523/666/527 524/663/524
f 528/667/528 525/668/529 526/665/526
f 530/669/530 527/670/531 528/667/528
f 532/671/532 529/672/533 530/669/530
f 534/673/534 531/674/535 532/671/532
f 536/675/536 533/676/537 534/673/534
f 538/677/538 535/678/539 536/675/536
f 540/679/540 537/680/541 538/677/538
f 542/681/542 539/682/543 540/679/540
f 544/683/544 541/684/545 542/681/542
f 546/685/546 543/686/547 544/683/544
f 548/687/548 545/688/549 546/685/546
f 550/689/550 547/690/551 548/687/548
f 552/691/552 549/692/553 550/689/550
f 554/693/554 551/694/555 552/691/552
f 556/695/556 553/696/557 554/693/554
f 558/697/558 555/698/559 556/695/556
f 560/699/560 557/700/561 558/697/558
f 562/701/562 559/702/563 560/699/560
f 564/703/564 561/704/565 562/701/562
f 566/705/566 563/706/567 564/703/564
f 568/707/568 565/708/569 566/705/566
f 570/709/570 567/710/571 568/707/568
f 572/711/572 569/712/573 570/709/570
f 574/713/574 571/714/575 572/711/572
f 576/715/576 573/716/577 574/713/574
f 888/717/578 576/718/578 577/719/579
f 578/720/580 577/721/581 579/722/582
f 580/723/583 579/722/582 581/724/584
f 582/725/585 581/724/584 583/726/586
f 584/727/587 583/726/586 585/728/588
f 586/729/589 585/728/588 587/730/590
f 588/731/591 587/730/590 589/732/592
f 590/733/593 589/732/592 591/734/594
f 592/735/595 591/734/594 593/736/596
f 594/737/597 593/736/596 595/738/598
f 596/739/599 595/738/598 597/740/600
f 598/741/601 597/740/600 599/742/602
f 600/743/603 599/742/602 601/744/604
f 602/745/605 601/744/604 603/746/606
f 604/747/607 603/746/606 605/748/608
f 606/749/609 605/748/608 607/750/610
f 608/751/611 607/750/610 609/752/612
f 610/753/613 609/752/612 611/754/614
f 612/755/615 611/754/614 613/756/616
f 614/757/617 613/756/616 615/758/618
f 616/759/619 615/758/618 617/760/620
f 619/761/621 616/759/619 617/760/620
f 621/762/622 618/763/623 619/761/621
f 623/764/624 620/765/625 621/762/622
f 625/766/626 622/767/627 623/764/624
f 627/768/628 624/769/629 625/766/626
f 629/770/630 626/771/631 627/768/628
f 631/772/632 628/773/633 629/770/630
f 633/774/634 630/775/635 631/772/632
f 635/776/636 632/777/637 633/774/634
f 637/778/638 634/779/639 635/776/636
f 639/780/640 636/781/641 637/778/638
f 641/782/642 638/783/643 639/780/640
f 643/784/644 640/785/645 641/782/642
f 645/786/646 642/787/647 643/784/644
f 647/788/648 644/789/649 645/786/646
f 649/790/650 646/791/651 647/788/648
f 651/792/652 648/793/653 649/790/650
f 653/794/654 650/795/655 651/792/652
f 655/796/656 652/797/657 653/794/654
f 657/798/658 654/799/659 655/796/656
f 658/800/660 657/798/658 659/801/661
f 660/802/662 659/801/661 661/803/663
f 662/804/664 661/803/663 663/805/665
f 664/806/666 663/805/665 665/807/667
f 666/808/668 665/807/667 667/809/669
f 668/810/670 667/809/669 669/811/671
f 670/812/672 669/811/671 671/813/673
f 672/814/674 671/813/673 673/815/675
f 674/816/676 673/815/675 675/817/677
f 676/818/678 675/817/677 677/819/679
f 678/820/680 677/819/679 679/821/681
f 680/822/682 679/821/681 681/823/683
f 682/824/684 681/823/683 683/825/685
f 684/826/686 683/825/685 685/827/687
f 686/828/688 685/827/687 687/829/689
f 689/830/690 686/828/688 687/829/689
f 691/831/691 688/832/692 689/830/690
f 693/833/693 690/834/694 691/831/691
f 695/835/695 692/836/696 693/833/693
f 697/837/697 694/838/698 695/835/695
f 699/839/699 696/840/700 697/837/697
f 701/841/701 698/842/702 699/839/699
f 703/843/703 700/844/704 701/841/701
f 705/845/705 702/846/706 703/843/703
f 707/847/707 704/848/708 705/845/705
f 709/849/709 706/850/710 707/847/707
f 711/851/711 708/852/712 709/849/709
f 713/853/713 710/854/714 711/851/711
f 715/855/715 712/856/716 713/853/713
f 717/857/717 714/858/718 715/855/715
f 719/859/719 716/860/720 717/857/717
f 721/861/721 718/862/722 719/859/719
f 723/863/723 720/864/724 721/861/721
f 725/865/725 722/866/726 723/863/723
f 727/867/727 724/868/728 725/865/725
f 729/869/729 726/870/730 727/867/727
f 731/871/731 728/872/732 729/869/729
f 733/873/733 730/874/734 731/871/731
f 735/875/735 732/876/736 733/873/733
f 737/877/737 734/878/738 735/875/735
f 739/879/739 736/880/740 737/877/737
f 741/881/741 738/882/742 739/879/739
f 743/883/743 740/884/744 741/881/741
f 745/885/745 742/886/746 743/883/743
f 747/887/747 744/888/748 745/885/745
f 749/889/749 746/890/750 747/887/747
f 751/891/751 748/892/752 749/889/749
f 753/893/753 750/894/754 751/891/751
f 755/895/755 752/896/756 753/893/753
f 757/897/757 754/898/758 755/895/755
f 759/899/759 756/900/760 757/897/757
f 761/901/761 758/902/762 759/899/759
f 763/903/763 760/904/764 761/901/761
f 765/905/765 762/906/766 763/903/763
f 767/907/767 764/908/768 765/905/765
f 769/909/769 766/910/770 767/907/767
f 771/911/771 768/912/772 769/909/769
f 773/913/773 770/914/774 771/911/771
f 775/915/775 772/916/776 773/913/773
f 777/917/777 774/918/778 775/915/775
f 779/919/779 776/920/780 777/917/777
f 781/921/781 778/922/782 779/919/779
f 783/923/783 780/924/784 781/921/781
f 785/925/785 782/926/786 783/923/783
f 787/927/787 784/928/788 785/925/785
f 789/929/789 786/930/790 787/927/787
f 791/931/791 788/932/792 789/929/789
f 793/933/793 790/934/794 791/931/791
f 795/935/795 792/936/796 793/933/793
f 797/937/797 794/938/798 795/939/795
f 799/940/799 796/941/800 797/937/797
f 801/942/801 798/943/802 799/944/799
f 803/945/803 800/946/804 801/942/801
f 805/947/805 802/948/806 803/945/803
f 807/949/807 804/950/808 805/947/805
f 809/951/809 806/952/810 807/949/807
f 340/478/340 808/953/811 809/951/809
f 577/954/812 574/955/813 579/956/814
f 579/956/814 572/957/815 581/958/816
f 581/958/816 570/959/817 583/960/818
f 583/960/818 568/961/819 585/962/820
f 585/962/820 566/963/821 587/964/822
f 587/964/822 564/965/823 589/966/824
f 589/966/824 562/967/825 591/968/826
f 591/968/826 560/969/827 593/970/828
f 593/970/828 558/971/829 595/972/830
f 595/973/830 556/974/831 597/975/832
f 597/975/832 554/976/833 599/977/834
f 599/977/834 552/978/835 601/979/836
f 601/979/836 550/980/837 603/981/838
f 603/981/838 548/982/839 605/983/840
f 605/983/840 546/984/841 607/985/842
f 607/985/842 544/986/843 609/987/844
f 609/987/844 542/988/845 611/989/846
f 611/989/846 540/990/847 613/991/848
f 613/991/848 538/992/849 615/993/850
f 615/994/850 536/995/851 617/996/852
f 617/996/852 534/997/853 619/998/854
f 619/998/854 532/999/855 621/1000/856
f 621/1000/856 530/1001/857 623/1002/858
f 623/1002/858 528/1003/859 625/1004/860
f 625/1004/860 526/1005/861 627/1006/862
f 627/1006/862 524/1007/863 629/1008/864
f 629/1008/864 522/1009/865 631/1010/866
f 631/1010/866 520/1011/867 633/1012/868
f 633/1012/868 518/1013/869 635/1014/870
f 635/1015/870 516/1016/871 637/1017/872
f 637/1017/872 514/1018/873 639/1019/874
f 639/1019/874 512/1020/875 641/1021/876
f 641/1021/876 510/1022/877 643/1023/878
f 643/1023/878 508/1024/879 645/1025/880
f 645/1025/880 506/1026/881 647/1027/882
f 647/1027/882 504/1028/883 649/1029/884
f 649/1029/884 502/1030/885 651/1031/886
f 651/1031/886 500/1032/887 653/1033/888
f 653/1033/888 498/1034/889 655/1035/890
f 655/1036/890 496/1037/891 657/1038/892
f 657/1038/892 495/1039/893 659/1040/894
f 659/1040/894 493/1041/895 661/1042/816
f 661/1042/816 491/1043/817 663/1044/818
f 663/1044/818 489/1045/819 665/1046/820
f 665/1046/820 487/1047/821 667/1048/822
f 667/1048/822 485/1049/823 669/1050/824
f 669/1050/824 483/1051/825 671/1052/826
f 671/1052/826 481/1053/827 673/1054/896
f 673/1054/896 479/1055/829 675/1056/897
f 675/1057/897 477/1058/831 677/1059/898
f 677/1059/898 475/1060/899 679/1061/900
f 679/1061/900 473/1062/901 681/1063/836
f 681/1063/836 471/1064/837 683/1065/838
f 683/1065/838 469/1066/839 685/1067/902
f 685/1067/902 467/1068/841 687/1069/842
f 687/1069/842 465/1070/843 689/1071/903
f 689/1071/903 463/1072/845 691/1073/904
f 691/1073/904 461/1074/847 693/1075/905
f 693/1075/905 459/1076/906 695/1077/850
f 695/1078/850 457/1079/851 697/1080/907
f 697/1080/907 455/1081/908 699/1082/854
f 699/1082/854 453/1083/855 701/1084/856
f 701/1084/856 451/1085/857 703/1086/858
f 703/1086/858 449/1087/859 705/1088/860
f 705/1088/860 447/1089/861 707/1090/862
f 707/1090/862 445/1091/863 709/1092/864
f 709/1092/864 443/1093/909 711/1094/866
f 711/1094/866 441/1095/867 713/1096/910
f 713/1096/910 439/1097/911 715/1098/870
f 715/1099/870 437/1100/871 717/1101/912
f 717/1101/912 435/1102/873 719/1103/874
f 719/1103/874 433/1104/913 721/1105/876
f 721/1105/876 431/1106/877 723/1107/878
f 723/1107/878 429/1108/879 725/1109/880
f 725/1109/880 427/1110/881 727/1111/882
f 727/1111/882 425/1112/883 729/1113/884
f 729/1113/884 423/1114/885 731/1115/886
f 731/1115/886 421/1116/887 733/1117/888
f 733/1117/888 419/1118/914 735/1119/890
f 735/1120/890 417/1121/891 737/1122/915
f 737/1122/915 415/1123/893 739/1124/894
f 739/1124/894 413/1125/895 741/1126/816
f 741/1126/816 411/1127/817 743/1128/818
f 743/1128/818 409/1129/819 745/1130/820
f 745/1130/820 407/1131/821 747/1132/822
f 747/1132/822 405/1133/823 749/1134/824
f 749/1134/824 403/1135/825 751/1136/826
f 751/1136/826 401/1137/827 753/1138/828
f 753/1138/828 399/1139/916 755/1140/830
f 755/1141/830 397/1142/831 757/1143/898
f 757/1143/898 395/1144/833 759/1145/834
f 759/1145/834 393/1146/901 761/1147/836
f 761/1147/836 391/1148/837 763/1149/838
f 763/1149/838 389/1150/839 765/1151/840
f 765/1151/840 387/1152/841 767/1153/842
f 767/1153/842 385/1154/843 769/1155/844
f 769/1155/844 383/1156/845 771/1157/846
f 771/1157/846 381/1158/847 773/1159/905
f 773/1159/905 379/1160/906 775/1161/850
f 775/1162/850 377/1163/917 777/1164/918
f 777/1164/918 375/1165/908 779/1166/854
f 779/1166/854 373/1167/919 781/1168/856
f 781/1168/856 371/1169/920 783/1170/858
f 783/1170/858 369/1171/859 785/1172/860
f 785/1172/860 367/1173/861 787/1174/862
f 787/1174/862 365/1175/863 789/1176/921
f 789/1176/921 363/1177/909 791/1178/866
f 791/1178/866 361/1179/867 793/1180/922
f 793/1180/922 359/1181/911 795/1182/795
f 795/1183/795 357/1184/871 797/1185/797
f 797/1185/797 355/1186/873 799/944/799
f 799/944/799 353/1187/913 801/942/801
f 801/942/801 351/1188/877 803/945/803
f 803/945/803 349/1189/879 805/947/805
f 805/947/805 347/1190/881 807/949/807
f 807/949/807 345/1191/923 809/951/809
f 809/951/809 343/1192/924 340/478/340
f 340/478/340 341/1193/925 339/476/338
f 888/1194/926 494/1195/927 887/1196/928
f 730/1197/929 886/1198/930 342/1199/931
f 494/1195/927 580/1200/932 492/1201/933
f 492/1201/933 582/1202/934 490/1203/935
f 490/1203/935 584/1204/936 488/1205/937
f 488/1205/937 586/1206/938 486/1207/939
f 486/1207/939 588/1208/940 484/1209/941
f 484/1209/941 590/1210/942 482/1211/943
f 482/1211/943 592/1212/944 480/1213/945
f 480/1213/945 594/1214/946 478/1215/947
f 478/1216/947 596/1217/948 476/1218/949
f 476/1218/949 598/1219/950 474/1220/951
f 474/1220/951 600/1221/952 472/1222/953
f 472/1222/953 602/1223/954 470/1224/955
f 470/1224/955 604/1225/956 468/1226/957
f 468/1226/957 606/1227/958 466/1228/959
f 466/1228/959 608/1229/960 464/1230/961
f 464/1230/961 610/1231/962 462/1232/963
f 462/1232/963 612/1233/964 460/1234/965
f 460/1234/965 614/1235/966 458/1236/967
f 458/1237/967 616/1238/968 456/1239/969
f 456/1239/969 618/1240/970 454/1241/971
f 454/1241/971 620/1242/972 452/1243/973
f 452/1243/973 622/1244/974 450/1245/975
f 450/1245/975 624/1246/976 448/1247/977
f 448/1247/977 626/1248/978 446/1249/979
f 446/1249/979 628/1250/980 444/1251/981
f 444/1251/981 630/1252/982 442/1253/983
f 442/1253/983 632/1254/984 440/1255/985
f 440/1255/985 634/1256/986 438/1257/987
f 438/1258/987 636/1259/988 436/1260/989
f 436/1260/989 638/1261/990 434/1262/991
f 434/1262/991 640/1263/992 432/1264/993
f 432/1264/993 642/1265/994 430/1266/995
f 430/1266/995 644/1267/996 428/1268/997
f 428/1268/997 646/1269/998 426/1270/999
f 426/1270/999 648/1271/1000 424/1272/1001
f 424/1272/1001 650/1273/1002 422/1274/1003
f 422/1274/1003 652/1275/1004 420/1276/1005
f 420/1276/1005 654/1277/1006 418/1278/1007
f 418/1279/1007 656/1280/1008 416/1281/1009
f 416/1281/1009 658/1282/1010 414/1283/1011
f 414/1283/1011 660/1284/932 412/1285/1012
f 412/1285/1012 662/1286/934 410/1287/1013
f 410/1287/1013 664/1288/936 408/1289/1014
f 408/1289/1014 666/1290/1015 406/1291/939
f 406/1291/939 668/1292/940 404/1293/941
f 404/1293/941 670/1294/942 402/1295/943
f 402/1295/943 672/1296/944 400/1297/945
f 400/1297/945 674/1298/1016 398/1299/947
f 398/1300/947 676/1301/1017 396/1302/1018
f 396/1302/1018 678/1303/950 394/1304/951
f 394/1304/951 680/1305/952 392/1306/953
f 392/1306/953 682/1307/954 390/1308/955
f 390/1308/955 684/1309/1019 388/1310/1020
f 388/1310/1020 686/1311/1021 386/1312/959
f 386/1312/959 688/1313/960 384/1314/961
f 384/1314/961 690/1315/962 382/1316/963
f 382/1316/963 692/1317/964 380/1318/965
f 380/1318/965 694/1319/1022 378/1320/967
f 378/1321/967 696/1322/968 376/1323/1023
f 376/1323/1023 698/1324/970 374/1325/1024
f 374/1325/1024 700/1326/972 372/1327/1025
f 372/1327/1025 702/1328/974 370/1329/975
f 370/1329/975 704/1330/1026 368/1331/977
f 368/1331/977 706/1332/978 366/1333/979
f 366/1333/979 708/1334/980 364/1335/981
f 364/1335/981 710/1336/982 362/1337/983
f 362/1337/983 712/1338/1027 360/1339/1028
f 360/1339/1028 714/1340/1029 358/1341/987
f 358/1342/987 716/1343/1030 356/1344/1031
f 356/1344/1031 718/1345/990 354/1346/991
f 354/1346/991 720/1347/992 352/1348/1032
f 352/1348/1032 722/1349/994 350/1350/995
f 350/1350/995 724/1351/1033 348/1352/997
f 348/1352/997 726/1353/998 346/1354/999
f 346/1354/999 728/1355/1000 344/1356/1001
f 344/1356/1001 730/1197/929 342/1199/931
f 888/1357/926 497/1358/1034 810/1359/1035
f 810/1359/1035 499/1360/1036 811/1361/1037
f 811/1361/1037 501/1362/1038 812/1363/1039
f 812/1363/1039 503/1364/1040 813/1365/1041
f 813/1365/1041 505/1366/1042 814/1367/1043
f 814/1367/1043 507/1368/1044 815/1369/1045
f 815/1369/1045 509/1370/1046 816/1371/1047
f 816/1371/1047 511/1372/1048 817/1373/1049
f 817/1373/1049 513/1374/1050 818/1375/1051
f 818/1375/1051 515/1376/1052 819/1377/1053
f 819/1377/1053 517/1378/1054 820/1379/1055
f 820/1380/1055 519/1381/1056 821/1382/1057
f 821/1382/1057 521/1383/1058 822/1384/1059
f 822/1384/1059 523/1385/1060 823/1386/1061
f 823/1386/1061 525/1387/1062 824/1388/1063
f 824/1388/1063 527/1389/1064 825/1390/1065
f 825/1390/1065 529/1391/1066 826/1392/1067
f 826/1392/1067 531/1393/1068 827/1394/1069
f 827/1394/1069 533/1395/1070 828/1396/1071
f 828/1396/1071 535/1397/1072 829/1398/1073
f 829/1398/1073 537/1399/1074 899/1400/1075
f 899/1401/1075 539/1402/1076 830/1403/1077
f 830/1403/1077 541/1404/1078 831/1405/1079
f 831/1405/1079 543/1406/1080 832/1407/1081
f 832/1407/1081 545/1408/1082 833/1409/1083
f 833/1409/1083 547/1410/1084 834/1411/1085
f 834/1411/1085 549/1412/1086 835/1413/1087
f 835/1413/1087 551/1414/1088 836/1415/1089
f 836/1415/1089 553/1416/1090 837/1417/1091
f 837/1417/1091 555/1418/1092 901/1419/1093
f 901/1419/1093 557/1420/1094 838/1421/1095
f 838/1422/1095 559/1423/1096 839/1424/1097
f 839/1424/1097 561/1425/1098 840/1426/1099
f 840/1426/1099 563/1427/1100 841/1428/1101
f 841/1428/1101 565/1429/1102 842/1430/1103
f 842/1430/1103 567/1431/1104 843/1432/1105
f 843/1432/1105 569/1433/1106 903/1434/1107
f 903/1434/1107 571/1435/1108 844/1436/1109
f 844/1436/1109 573/1437/1110 845/1438/1111
f 575/1439/1112 845/1438/1111 573/1437/1110
f 914/1440/1113 885/1441/1114 846/1442/1115
f 885/1441/1114 886/1198/930 847/1443/1116
f 847/1444/1116 736/1445/1117 848/1446/1118
f 848/1446/1118 738/1447/1119 849/1448/1120
f 849/1448/1120 740/1449/1121 850/1450/1122
f 850/1450/1122 742/1451/1123 851/1452/1124
f 851/1452/1124 744/1453/1125 852/1454/1126
f 852/1454/1126 746/1455/1127 853/1456/1128
f 853/1456/1128 748/1457/1129 854/1458/1130
f 854/1458/1130 750/1459/1131 855/1460/1132
f 855/1460/1132 752/1461/1133 856/1462/1134
f 856/1462/1134 754/1463/1135 857/1464/1136
f 857/1465/1136 756/1466/1137 858/1467/1138
f 858/1467/1138 758/1468/1139 859/1469/1140
f 859/1469/1140 760/1470/1141 860/1471/1142
f 860/1471/1142 762/1472/1143 861/1473/1144
f 861/1473/1144 764/1474/1145 862/1475/1146
f 862/1475/1146 766/1476/1147 863/1477/1148
f 863/1477/1148 768/1478/1149 864/1479/1150
f 864/1479/1150 770/1480/1151 865/1481/1152
f 865/1481/1152 772/1482/1153 866/1483/1154
f 866/1483/1154 774/1484/1155 867/1485/1156
f 867/1486/1156 776/1487/1157 868/1488/1158
f 868/1488/1158 778/1489/1159 869/1490/1160
f 869/1490/1160 780/1491/1161 870/1492/1162
f 870/1492/1162 782/1493/1163 871/1494/1164
f 871/1494/1164 784/1495/1165 872/1496/1166
f 872/1496/1166 786/1497/1167 873/1498/1168
f 873/1498/1168 788/1499/1169 874/1500/1170
f 874/1500/1170 790/1501/1171 875/1502/1172
f 875/1502/1172 792/1503/1173 876/1504/1174
f 876/1504/1174 794/1505/798 877/1506/1175
f 877/1507/1175 796/1508/800 878/1509/1176
f 878/1509/1176 798/943/802 879/1510/1177
f 879/1510/1177 800/946/804 880/1511/1178
f 880/1511/1178 802/948/806 881/1512/1179
f 881/1512/1179 804/950/808 882/1513/1180
f 882/1513/1180 806/952/810 883/1514/1181
f 883/1514/1181 808/953/811 884/1515/1182
f 884/1515/1182 338/477/339 914/1440/1113
f 575/1516/1183 2139/1517/1183 2140/1518/1183
f 2139/1517/1183 811/1519/1183 2141/1520/1183
f 2141/1520/1183 814/1521/1183 2142/1522/1183
f 2142/1522/1183 815/1523/1183 816/1524/1183
f 2144/1525/1183 817/1526/1183 2143/1527/1183
f 2143/1527/1183 820/1528/1183 2145/1529/1183
f 2145/1529/1183 823/1530/1183 2146/1531/1183
f 2146/1531/1183 824/1532/1183 825/1533/1183
f 2151/1534/1183 826/1535/1183 827/1536/1183
f 828/1537/1183 2147/1538/1183 2148/1539/1183
f 830/1540/1183 2155/1541/1183 899/1542/1183
f 831/1543/1183 2157/1544/1183 2155/1541/1183
f 834/1545/1183 2154/1546/1183 2157/1544/1183
f 836/1547/1183 2153/1548/1183 2154/1546/1183
f 838/1549/1183 2158/1550/1183 901/1551/1183
f 839/1552/1183 2150/1553/1183 2158/1550/1183
f 843/1554/1183 2149/1555/1183 2150/1553/1183
f 844/1556/1183 2140/1518/1183 903/1557/1183
f 2142/1522/1183 816/1524/1183 2144/1525/1183
f 903/1557/1183 2140/1518/1183 2149/1555/1183
f 2146/1531/1183 825/1533/1183 2151/1534/1183
f 917/1558/1184 1887/1559/1185 1885/1560/1186
f 920/1561/1187 1888/1562/1188 1887/1559/1185
f 921/1563/1189 1889/1564/1190 1888/1562/1188
f 1889/1564/1190 925/1565/1191 1890/1566/1192
f 1890/1566/1192 927/1567/1193 1891/1568/1194
f 1891/1568/1194 929/1569/1195 1892/1570/1196
f 1892/1570/1196 931/1571/1197 1893/1572/1198
f 1893/1572/1198 933/1573/1199 1894/1574/1200
f 1894/1574/1200 935/1575/1201 1895/1576/1202
f 1895/1576/1202 937/1577/1203 1896/1578/1204
f 939/1579/1205 941/1580/1206 1898/1581/1207
f 1898/1581/1207 943/1582/1208 1899/1583/1209
f 1899/1583/1209 945/1584/1210 1900/1585/1211
f 1900/1585/1211 947/1586/1212 1901/1587/1213
f 1901/1587/1213 949/1588/1214 1902/1589/1215
f 1902/1589/1215 951/1590/1216 1903/1591/1217
f 1903/1591/1217 953/1592/1218 1904/1593/1219
f 1904/1593/1219 955/1594/1220 1905/1595/1221
f 1905/1595/1221 957/1596/1222 1906/1597/1223
f 1906/1597/1223 912/1598/1224 1907/1599/1225
f 1907/1599/1225 912/1598/1224 1908/1600/1226
f 1908/1600/1226 961/1601/1227 1909/1602/1228
f 961/1601/1227 1910/1603/1229 1909/1602/1228
f 963/1604/1230 1911/1605/1231 1910/1603/1229
f 965/1606/1232 1912/1607/1233 1911/1605/1231
f 967/1608/1234 1913/1609/1235 1912/1607/1233
f 969/1610/1236 1914/1611/1237 1913/1609/1235
f 971/1612/1238 1915/1613/1239 1914/1611/1237
f 973/1614/1240 1916/1615/1241 1915/1613/1239
f 975/1616/1242 1917/1617/1243 1916/1615/1241
f 977/1618/1244 1918/1619/1245 1917/1617/1243
f 979/1620/1246 1919/1621/1247 1918/1619/1245
f 981/1622/1248 1920/1623/1249 1919/1621/1247
f 983/1624/1250 1921/1625/1251 1920/1623/1249
f 985/1626/1252 1922/1627/1253 1921/1625/1251
f 987/1628/1254 1924/1629/1255 1922/1627/1253
f 1924/1629/1255 917/1558/1184 1885/1560/1186
f 846/1630/1115 915/1631/1256 914/1632/1113
f 917/1558/1184 913/1633/1257 915/1631/1256
f 847/1634/1116 916/1635/1258 846/1630/1115
f 918/1636/1259 917/1558/1184 916/1635/1258
f 919/1637/1260 847/1634/1116 848/1638/1118
f 920/1561/1187 918/1636/1259 919/1637/1260
f 921/1563/1189 919/1637/1260 849/1639/1120
f 922/1640/1261 921/1563/1189 849/1639/1120
f 851/1452/1124 922/1641/1261 850/1450/1122
f 924/1642/1262 923/1643/1263 922/1640/1261
f 852/1454/1126 924/1644/1264 851/1452/1124
f 926/1645/1265 925/1565/1191 924/1642/1262
f 853/1456/1128 926/1646/1266 852/1454/1126
f 928/1647/1267 927/1567/1193 926/1645/1265
f 854/1458/1130 928/1648/1268 853/1456/1128
f 930/1649/1269 929/1569/1195 928/1647/1267
f 855/1460/1132 930/1650/1270 854/1458/1130
f 932/1651/1271 931/1571/1197 930/1649/1269
f 856/1652/1134 932/1653/1272 855/1654/1132
f 934/1655/1273 933/1573/1199 932/1651/1271
f 857/1656/1136 934/1655/1274 856/1657/1134
f 936/1658/1275 935/1575/1201 934/1655/1273
f 858/1659/1138 936/1658/1276 857/1656/1136
f 938/1660/1277 937/1577/1203 936/1658/1275
f 859/1469/1140 938/1661/1278 858/1467/1138
f 940/1662/1279 939/1579/1205 938/1660/1277
f 860/1471/1142 940/1663/1280 859/1469/1140
f 942/1664/1281 941/1580/1206 940/1662/1279
f 861/1473/1144 942/1665/1282 860/1471/1142
f 944/1666/1283 943/1582/1208 942/1664/1281
f 862/1475/1146 944/1667/1284 861/1473/1144
f 946/1668/1285 945/1584/1210 944/1666/1283
f 863/1477/1148 946/1669/1286 862/1475/1146
f 948/1670/1287 947/1586/1212 946/1668/1285
f 864/1479/1150 948/1671/1288 863/1477/1148
f 950/1672/1289 949/1588/1214 948/1670/1287
f 865/1481/1152 950/1673/1290 864/1479/1150
f 952/1674/1291 951/1590/1216 950/1672/1289
f 866/1483/1154 952/1675/1292 865/1481/1152
f 954/1676/1293 953/1592/1218 952/1674/1291
f 867/1485/1156 954/1677/1294 866/1483/1154
f 956/1678/1295 955/1594/1220 954/1676/1293
f 868/1488/1158 956/1679/1295 867/1486/1156
f 958/1680/1296 957/1596/1222 956/1678/1295
f 869/1490/1160 958/1681/1296 868/1488/1158
f 959/1682/1297 912/1598/1224 958/1680/1296
f 960/1683/1298 869/1490/1160 870/1492/1162
f 961/1601/1227 959/1682/1297 960/1684/1298
f 962/1685/1299 870/1492/1162 871/1494/1164
f 963/1604/1230 960/1684/1298 962/1686/1300
f 964/1687/1301 871/1494/1164 872/1496/1166
f 965/1606/1232 962/1686/1300 964/1688/1302
f 966/1689/1303 872/1496/1166 873/1498/1168
f 967/1608/1234 964/1688/1302 966/1690/1304
f 968/1691/1305 873/1498/1168 874/1500/1170
f 969/1610/1236 966/1690/1304 968/1692/1306
f 970/1693/1307 874/1500/1170 875/1502/1172
f 971/1612/1238 968/1692/1306 970/1694/1308
f 972/1695/1309 875/1502/1172 876/1504/1174
f 973/1614/1240 970/1694/1308 972/1696/1310
f 974/1697/1311 876/1504/1174 877/1506/1175
f 975/1616/1242 972/1696/1310 974/1698/1312
f 976/1699/1313 877/1507/1175 878/1509/1176
f 977/1618/1244 974/1698/1312 976/1700/1314
f 978/1701/1315 878/1509/1176 879/1510/1177
f 979/1620/1246 976/1700/1314 978/1702/1316
f 980/1703/1317 879/1510/1177 880/1511/1178
f 981/1622/1248 978/1702/1316 980/1704/1318
f 982/1705/1319 880/1511/1178 881/1512/1179
f 983/1624/1250 980/1704/1318 982/1706/1320
f 984/1707/1321 881/1512/1179 882/1513/1180
f 985/1626/1252 982/1706/1320 984/1708/1322
f 986/1709/1323 882/1513/1180 883/1514/1181
f 987/1628/1254 984/1708/1322 986/1710/1324
f 988/1711/1325 883/1514/1181 884/1515/1326
f 913/1633/1257 987/1628/1254 988/1712/1327
f 915/1713/1256 884/1515/1326 914/1440/1113
f 913/1633/1257 988/1712/1327 915/1631/1256
f 1847/1714/1328 1809/1715/1329 1846/1716/1330
f 1848/1717/1331 1810/1718/1332 1847/1714/1328
f 1813/1719/1333 1812/1720/1334 1850/1721/1335
f 1814/1722/1336 1850/1721/1335 1851/1723/1337
f 1852/1724/1338 1814/1722/1336 1851/1723/1337
f 1817/1725/1339 1855/1726/1340 1856/1727/1341
f 1857/1728/1342 1817/1725/1339 1856/1727/1341
f 1819/1729/1343 1857/1730/1342 1858/1731/1344
f 1820/1732/1345 1858/1731/1344 1859/1733/1346
f 1821/1734/1347 1859/1733/1346 1860/1735/1348
f 1822/1736/1349 1860/1735/1348 1861/1737/1350
f 1823/1738/1351 1861/1737/1350 1862/1739/1352
f 1824/1740/1353 1862/1739/1352 1863/1741/1354
f 1825/1742/1355 1863/1741/1354 1864/1743/1356
f 1865/1744/1357 1825/1742/1355 1864/1743/1356
f 1866/1745/1358 1826/1746/1359 1865/1744/1357
f 1828/1747/1360 1866/1745/1358 1867/1748/1361
f 1868/1749/1362 1828/1750/1360 1867/1751/1361
f 1871/1752/1363 1831/1753/1364 1870/1754/1365
f 1833/1755/1366 1871/1752/1363 1872/1756/1367
f 1834/1757/1368 1833/1755/1366 1872/1756/1367
f 1837/1758/1369 1875/1759/1370 1876/1760/1371
f 1877/1761/1372 1837/1758/1369 1876/1760/1371
f 1839/1762/1373 1877/1763/1372 1878/1764/1374
f 1840/1765/1375 1878/1764/1374 1879/1766/1376
f 1841/1767/1377 1879/1766/1376 1880/1768/1378
f 1842/1769/1379 1880/1768/1378 1881/1770/1380
f 1843/1771/1381 1842/1769/1379 1881/1770/1380
f 1844/1772/1382 1843/1771/1381 1883/1773/1383
f 1845/1774/1384 1883/1773/1383 1923/1775/1385
f 1808/1776/1386 1923/1775/1385 1884/1777/1387
f 1809/1778/1329 1884/1777/1387 1846/1779/1330
f 1033/1780/1388 992/1781/1389 1032/1782/1390
f 1034/1783/1391 993/1784/1392 1033/1780/1388
f 1035/1785/1393 994/1786/1394 1034/1783/1391
f 1036/1787/1395 995/1788/1396 1035/1785/1393
f 1037/1789/1397 996/1790/1398 1036/1787/1395
f 1038/1791/1399 997/1792/1400 1037/1789/1397
f 1038/1791/1399 999/1793/1401 998/1794/1402
f 1039/1795/1403 1000/1796/1404 999/1793/1401
f 1040/1797/1405 1001/1798/1406 1000/1796/1404
f 1041/1799/1407 1002/1800/1408 1001/1798/1406
f 1042/1801/1409 1003/1802/1410 1002/1800/1408
f 1043/1803/1411 1004/1804/1412 1003/1802/1410
f 1044/1805/1413 1005/1806/1414 1004/1804/1412
f 1045/1807/1415 1006/1808/1416 1005/1806/1414
f 1046/1809/1417 1007/1810/1418 1006/1808/1416
f 1047/1811/1419 1008/1812/1420 1007/1810/1418
f 1048/1813/1421 1009/1814/1422 1008/1812/1420
f 1049/1815/1423 1010/1816/1424 1009/1814/1422
f 1050/1817/1425 1011/1818/1426 1010/1816/1424
f 1051/1819/1427 1012/1820/1428 1011/1818/1426
f 1052/1821/1429 1013/1822/1430 1012/1820/1428
f 1053/1823/1431 1014/1824/1432 1013/1822/1430
f 1054/1825/1433 1015/1826/1434 1014/1824/1432
f 1055/1827/1435 1016/1828/1436 1015/1826/1434
f 1056/1829/1437 1017/1830/1438 1016/1828/1436
f 1057/1831/1439 1018/1832/1440 1017/1830/1438
f 1059/1833/1441 1018/1832/1440 1058/1834/1442
f 1060/1835/1443 1019/1836/1444 1059/1833/1441
f 1061/1837/1445 1020/1838/1446 1060/1835/1443
f 1062/1839/1447 1021/1840/1448 1061/1837/1445
f 1063/1841/1449 1022/1842/1450 1062/1839/1447
f 1064/1843/1451 1023/1844/1452 1063/1841/1449
f 1065/1845/1453 1024/1846/1454 1064/1843/1451
f 1066/1847/1455 1025/1848/1456 1065/1845/1453
f 1067/1849/1457 1026/1850/1458 1066/1847/1455
f 1068/1851/1459 1027/1852/1460 1067/1849/1457
f 1069/1853/1461 1028/1854/1462 1068/1851/1459
f 1070/1855/1463 1029/1856/1464 1069/1853/1461
f 1031/1857/1465 1030/1858/1466 1070/1855/1463
f 1031/1857/1465 992/1781/1389 991/1859/1467
f 1810/1718/1332 1073/1860/1468 1809/1715/1329
f 1811/1861/1469 1075/1862/1470 1810/1718/1332
f 1812/1720/1334 1077/1863/1471 1811/1861/1469
f 1813/1719/1333 1079/1864/1472 1812/1720/1334
f 1814/1722/1336 1081/1865/1473 1813/1719/1333
f 1815/1866/1474 1083/1867/1475 1814/1722/1336
f 1087/1868/1476 1815/1866/1474 989/1869/1477
f 1089/1870/1478 989/1869/1477 1816/1871/1479
f 1091/1872/1480 1816/1871/1479 990/1873/1481
f 1093/1874/1482 990/1873/1481 1817/1725/1339
f 1095/1875/1483 1817/1725/1339 1818/1876/1484
f 1097/1877/1485 1818/1878/1484 1819/1729/1343
f 1099/1879/1486 1819/1729/1343 1820/1732/1345
f 1101/1880/1487 1820/1732/1345 1821/1734/1347
f 1103/1881/1488 1821/1734/1347 1822/1736/1349
f 1105/1882/1489 1822/1736/1349 1823/1738/1351
f 1107/1883/1490 1823/1738/1351 1824/1740/1353
f 1109/1884/1491 1824/1740/1353 1825/1742/1355
f 1111/1885/1492 1825/1742/1355 1826/1746/1359
f 1113/1886/1493 1826/1746/1359 1827/1887/1494
f 1115/1888/1495 1827/1887/1494 1828/1747/1360
f 1117/1889/1496 1828/1750/1360 1829/1890/1497
f 1119/1891/1498 1829/1890/1497 1830/1892/1499
f 1121/1893/1500 1830/1892/1499 1831/1753/1364
f 1123/1894/1501 1831/1753/1364 1832/1895/1502
f 1125/1896/1503 1832/1895/1502 1833/1755/1366
f 1834/1757/1368 1125/1896/1503 1833/1755/1366
f 1835/1897/1504 1127/1898/1505 1834/1757/1368
f 1836/1899/1506 1129/1900/1507 1835/1897/1504
f 1837/1758/1369 1131/1901/1508 1836/1899/1506
f 1838/1902/1509 1133/1903/1510 1837/1758/1369
f 1839/1762/1373 1135/1904/1511 1838/1905/1509
f 1840/1765/1375 1137/1906/1512 1839/1762/1373
f 1841/1767/1377 1139/1907/1513 1840/1765/1375
f 1842/1769/1379 1141/1908/1514 1841/1767/1377
f 1843/1771/1381 1143/1909/1515 1842/1769/1379
f 1844/1772/1382 1145/1910/1516 1843/1771/1381
f 1845/1774/1384 1147/1911/1517 1844/1772/1382
f 1808/1776/1386 1149/1912/1518 1845/1774/1384
f 1073/1913/1468 1808/1776/1386 1809/1778/1329
f 1075/1914/1470 1074/1915/1519 1073/1916/1468
f 1076/1917/1520 1032/1782/1390 1074/1915/1519
f 1077/1918/1471 1076/1917/1520 1075/1914/1470
f 1078/1919/1521 1033/1780/1388 1076/1917/1520
f 1079/1864/1472 1078/1920/1521 1077/1863/1471
f 1080/1921/1522 1034/1783/1391 1078/1919/1521
f 1081/1865/1473 1080/1922/1522 1079/1864/1472
f 1082/1923/1523 1035/1785/1393 1080/1921/1522
f 1083/1867/1475 1082/1924/1523 1081/1865/1473
f 1084/1925/1524 1036/1787/1395 1082/1923/1523
f 1085/1926/1525 1084/1927/1524 1083/1867/1475
f 1086/1928/1526 1037/1789/1397 1084/1925/1524
f 1088/1929/1527 1085/1926/1525 1087/1868/1476
f 1039/1795/1403 1086/1928/1526 1088/1930/1527
f 1090/1931/1528 1087/1868/1476 1089/1870/1478
f 1040/1797/1405 1088/1930/1527 1090/1932/1528
f 1092/1933/1529 1089/1870/1478 1091/1872/1480
f 1041/1799/1407 1090/1932/1528 1092/1934/1529
f 1094/1935/1530 1091/1872/1480 1093/1874/1482
f 1042/1801/1409 1092/1934/1529 1094/1936/1530
f 1096/1937/1531 1093/1938/1482 1095/1939/1483
f 1043/1803/1411 1094/1936/1530 1096/1937/1531
f 1098/1940/1532 1095/1941/1483 1097/1877/1485
f 1044/1805/1413 1096/1937/1531 1098/1942/1532
f 1100/1943/1533 1097/1877/1485 1099/1879/1486
f 1045/1807/1415 1098/1942/1532 1100/1944/1533
f 1102/1945/1534 1099/1879/1486 1101/1880/1487
f 1046/1809/1417 1100/1944/1533 1102/1946/1534
f 1104/1947/1535 1101/1880/1487 1103/1881/1488
f 1047/1811/1419 1102/1946/1534 1104/1948/1535
f 1106/1949/1536 1103/1881/1488 1105/1882/1489
f 1048/1813/1421 1104/1948/1535 1106/1950/1536
f 1108/1951/1537 1105/1882/1489 1107/1883/1490
f 1049/1815/1423 1106/1950/1536 1108/1952/1537
f 1110/1953/1538 1107/1883/1490 1109/1884/1491
f 1050/1817/1425 1108/1952/1537 1110/1954/1538
f 1112/1955/1539 1109/1884/1491 1111/1885/1492
f 1051/1819/1427 1110/1954/1538 1112/1956/1539
f 1114/1957/1540 1111/1885/1492 1113/1886/1493
f 1052/1821/1429 1112/1956/1539 1114/1958/1540
f 1116/1959/1541 1113/1886/1493 1115/1888/1495
f 1053/1823/1431 1114/1958/1540 1116/1960/1541
f 1118/1961/1542 1115/1962/1495 1117/1889/1496
f 1054/1825/1433 1116/1960/1541 1118/1963/1542
f 1120/1964/1543 1117/1889/1496 1119/1891/1498
f 1055/1827/1435 1118/1963/1542 1120/1965/1543
f 1122/1966/1544 1119/1891/1498 1121/1893/1500
f 1056/1829/1437 1120/1965/1543 1122/1967/1544
f 1124/1968/1545 1121/1893/1500 1123/1894/1501
f 1057/1831/1439 1122/1967/1544 1124/1969/1545
f 1126/1970/1546 1123/1894/1501 1125/1896/1503
f 1058/1834/1442 1124/1969/1545 1126/1971/1546
f 1127/1898/1505 1126/1970/1546 1125/1896/1503
f 1128/1972/1547 1058/1834/1442 1126/1971/1546
f 1129/1900/1507 1128/1973/1547 1127/1898/1505
f 1130/1974/1548 1059/1833/1441 1128/1972/1547
f 1131/1901/1508 1130/1975/1548 1129/1900/1507
f 1132/1976/1549 1060/1835/1443 1130/1974/1548
f 1133/1903/1510 1132/1977/1549 1131/1901/1508
f 1134/1978/1550 1061/1837/1445 1132/1976/1549
f 1135/1979/1511 1134/1980/1550 1133/1903/1510
f 1136/1981/1551 1062/1839/1447 1134/1978/1550
f 1137/1906/1512 1136/1982/1551 1135/1904/1511
f 1138/1983/1552 1063/1841/1449 1136/1981/1551
f 1139/1907/1513 1138/1984/1552 1137/1906/1512
f 1140/1985/1553 1064/1843/1451 1138/1983/1552
f 1141/1908/1514 1140/1986/1553 1139/1907/1513
f 1142/1987/1554 1065/1845/1453 1140/1985/1553
f 1143/1909/1515 1142/1988/1554 1141/1908/1514
f 1144/1989/1555 1066/1847/1455 1142/1987/1554
f 1145/1910/1516 1144/1990/1555 1143/1909/1515
f 1146/1991/1556 1067/1849/1457 1144/1989/1555
f 1147/1911/1517 1146/1992/1556 1145/1910/1516
f 1148/1993/1557 1068/1851/1459 1146/1991/1556
f 1149/1912/1518 1148/1994/1557 1147/1911/1517
f 1150/1995/1558 1069/1853/1461 1148/1993/1557
f 1071/1996/1559 1150/1997/1558 1149/1912/1518
f 1072/1998/1560 1070/1855/1463 1150/1995/1558
f 1074/1999/1519 1071/1996/1559 1073/1913/1468
f 1032/1782/1390 1072/1998/1560 1074/1915/1519
f 993/2000/1561 1232/2001/1562 992/2002/1563
f 993/2000/1561 1234/2003/1564 1233/2004/1565
f 995/2005/1566 1234/2003/1564 994/2006/1567
f 996/2007/1568 1235/2008/1569 995/2005/1566
f 997/2009/1570 1236/2010/1571 996/2007/1568
f 998/2011/1572 1237/2012/1573 997/2009/1570
f 999/2013/1574 1238/2014/1575 998/2011/1572
f 1000/2015/1576 1239/2016/1577 999/2013/1574
f 1001/2017/1578 1240/2018/1579 1000/2015/1576
f 1001/2017/1578 1242/2019/1580 1241/2020/1581
f 1003/2021/1582 1242/2019/1580 1002/2022/1583
f 1003/2023/1582 1244/2024/1584 1243/2025/1585
f 1005/2026/1586 1244/2024/1584 1004/2027/1587
f 1005/2026/1586 1246/2028/1588 1245/2029/1589
f 1007/2030/1590 1246/2028/1588 1006/2031/1591
f 1008/2032/1592 1247/2033/1593 1007/2030/1590
f 1009/2034/1594 1248/2035/1595 1008/2032/1592
f 1010/2036/1596 1249/2037/1597 1009/2034/1594
f 1011/2038/1598 1250/2039/1599 1010/2036/1596
f 1012/2040/1600 1251/2041/1601 1011/2038/1598
f 1013/2042/1602 1252/2043/1603 1012/2040/1600
f 1014/2044/1604 1253/2045/1605 1013/2046/1602
f 1015/2047/1606 1254/2048/1607 1014/2044/1604
f 1016/2049/1608 1255/2050/1609 1015/2047/1606
f 1017/2051/1610 1256/2052/1611 1016/2049/1608
f 1018/2053/1612 1257/2054/1613 1017/2051/1610
f 1019/2055/1614 1258/2056/1615 1018/2053/1612
f 1020/2057/1616 1259/2058/1617 1019/2055/1614
f 1021/2059/1618 1260/2060/1619 1020/2057/1616
f 1022/2061/1620 1261/2062/1621 1021/2059/1618
f 1023/2063/1622 1262/2064/1623 1022/2061/1620
f 1024/2065/1624 1263/2066/1625 1023/2067/1622
f 1025/2068/1626 1264/2069/1627 1024/2065/1624
f 1026/2070/1628 1265/2071/1629 1025/2068/1626
f 1027/2072/1630 1266/2073/1631 1026/2070/1628
f 1028/2074/1632 1267/2075/1633 1027/2072/1630
f 1029/2076/1634 1268/2077/1635 1028/2074/1632
f 1030/2078/1636 1269/2079/1637 1029/2076/1634
f 991/2080/1638 1270/2081/1639 1030/2078/1636
f 991/2080/1638 1232/2082/1562 1231/2083/1640
f 1192/2084/1641 1153/2085/1642 1152/2086/1643
f 1193/2087/1644 1154/2088/1645 1153/2085/1642
f 1194/2089/1646 1155/2090/1647 1154/2088/1645
f 1195/2091/1648 1156/2092/1649 1155/2090/1647
f 1196/2093/1650 1157/2094/1651 1156/2092/1649
f 1197/2095/1652 1158/2096/1653 1157/2094/1651
f 1199/2097/1654 1158/2096/1653 1198/2098/1655
f 1200/2099/1656 1159/2100/1657 1199/2097/1654
f 1201/2101/1658 1160/2102/1659 1200/2099/1656
f 1202/2103/1660 1161/2104/1661 1201/2101/1658
f 1203/2105/1662 1162/2106/1663 1202/2103/1660
f 1204/2107/1664 1163/2108/1665 1203/2109/1662
f 1205/2110/1666 1164/2111/1667 1204/2107/1664
f 1206/2112/1668 1165/2113/1669 1205/2110/1666
f 1207/2114/1670 1166/2115/1671 1206/2112/1668
f 1208/2116/1672 1167/2117/1673 1207/2114/1670
f 1209/2118/1674 1168/2119/1675 1208/2116/1672
f 1210/2120/1676 1169/2121/1677 1209/2118/1674
f 1211/2122/1678 1170/2123/1679 1210/2120/1676
f 1212/2124/1680 1171/2125/1681 1211/2122/1678
f 1213/2126/1682 1172/2127/1683 1212/2124/1680
f 1214/2128/1684 1173/2129/1685 1213/2130/1682
f 1215/2131/1686 1174/2132/1687 1214/2133/1684
f 1216/2134/1688 1175/2135/1689 1215/2131/1686
f 1217/2136/1690 1176/2137/1691 1216/2134/1688
f 1218/2138/1692 1177/2139/1693 1217/2136/1690
f 1218/2138/1692 1179/2140/1694 1178/2141/1695
f 1219/2142/1696 1180/2143/1697 1179/2140/1694
f 1220/2144/1698 1181/2145/1699 1180/2143/1697
f 1221/2146/1700 1182/2147/1701 1181/2145/1699
f 1222/2148/1702 1183/2149/1703 1182/2150/1701
f 1223/2151/1704 1184/2152/1705 1183/2153/1703
f 1224/2154/1706 1185/2155/1707 1184/2152/1705
f 1225/2156/1708 1186/2157/1709 1185/2155/1707
f 1226/2158/1710 1187/2159/1711 1186/2157/1709
f 1227/2160/1712 1188/2161/1713 1187/2159/1711
f 1228/2162/1714 1189/2163/1715 1188/2161/1713
f 1229/2164/1716 1190/2165/1717 1189/2163/1715
f 1230/2166/1718 1151/2167/1719 1190/2165/1717
f 1192/2168/1641 1151/2167/1719 1191/2169/1720
f 1193/2087/1644 1232/2001/1562 1233/2004/1565
f 1194/2089/1646 1233/2004/1565 1234/2003/1564
f 1195/2091/1648 1234/2003/1564 1235/2008/1569
f 1196/2093/1650 1235/2008/1569 1236/2010/1571
f 1197/2095/1652 1236/2010/1571 1237/2012/1573
f 1198/2098/1655 1237/2012/1573 1238/2014/1575
f 1239/2016/1577 1198/2098/1655 1238/2014/1575
f 1240/2018/1579 1199/2097/1654 1239/2016/1577
f 1241/2020/1581 1200/2099/1656 1240/2018/1579
f 1242/2019/1580 1201/2101/1658 1241/2020/1581
f 1243/2170/1585 1202/2103/1660 1242/2019/1580
f 1244/2024/1584 1203/2109/1662 1243/2025/1585
f 1245/2029/1589 1204/2107/1664 1244/2024/1584
f 1246/2028/1588 1205/2110/1666 1245/2029/1589
f 1247/2033/1593 1206/2112/1668 1246/2028/1588
f 1248/2035/1595 1207/2114/1670 1247/2033/1593
f 1249/2037/1597 1208/2116/1672 1248/2035/1595
f 1250/2039/1599 1209/2118/1674 1249/2037/1597
f 1251/2041/1601 1210/2120/1676 1250/2039/1599
f 1252/2043/1603 1211/2122/1678 1251/2041/1601
f 1253/2171/1605 1212/2124/1680 1252/2043/1603
f 1254/2048/1607 1213/2172/1682 1253/2045/1605
f 1255/2050/1609 1214/2133/1684 1254/2048/1607
f 1256/2052/1611 1215/2131/1686 1255/2050/1609
f 1257/2054/1613 1216/2134/1688 1256/2052/1611
f 1258/2056/1615 1217/2136/1690 1257/2054/1613
f 1259/2058/1617 1218/2138/1692 1258/2056/1615
f 1220/2144/1698 1259/2058/1617 1260/2060/1619
f 1221/2146/1700 1260/2060/1619 1261/2062/1621
f 1222/2173/1702 1261/2062/1621 1262/2064/1623
f 1223/2174/1704 1262/2064/1623 1263/2175/1625
f 1224/2154/1706 1263/2066/1625 1264/2069/1627
f 1225/2156/1708 1264/2069/1627 1265/2071/1629
f 1226/2158/1710 1265/2071/1629 1266/2073/1631
f 1227/2160/1712 1266/2073/1631 1267/2075/1633
f 1228/2162/1714 1267/2075/1633 1268/2077/1635
f 1229/2164/1716 1268/2077/1635 1269/2079/1637
f 1230/2166/1718 1269/2079/1637 1270/2081/1639
f 1191/2169/1720 1270/2081/1639 1231/2083/1640
f 1232/2082/1562 1191/2169/1720 1231/2083/1640
f 1397/2176/1721 1396/2177/1722 1154/2088/1645
f 1155/2090/1647 1397/2176/1721 1154/2088/1645
f 1402/2178/1723 1159/2100/1657 1160/2102/1659
f 1403/2179/1724 1160/2102/1659 1161/2104/1661
f 1404/2180/1725 1161/2104/1661 1162/2106/1663
f 1405/2181/1726 1162/2106/1663 1163/2182/1665
f 1410/2183/1727 1409/2184/1728 1168/2119/1675
f 1411/2185/1729 1168/2119/1675 1169/2121/1677
f 1413/2186/1730 1412/2187/1731 1171/2125/1681
f 1172/2127/1683 1413/2186/1730 1171/2125/1681
f 1173/2188/1685 1414/2189/1732 1172/2127/1683
f 1416/2190/1733 1173/2191/1685 1174/2132/1687
f 1422/2192/1734 1421/2193/1735 1180/2143/1697
f 1181/2145/1699 1422/2192/1734 1180/2143/1697
f 1424/2194/1736 1181/2145/1699 1182/2147/1701
f 1425/2195/1737 1424/2194/1736 1182/2147/1701
f 1431/2196/1738 1430/2197/1739 1189/2163/1715
f 1432/2198/1740 1189/2163/1715 1190/2165/1717
f 1313/2199/1741 1273/2200/1742 1312/2201/1743
f 1314/2202/1744 1274/2203/1745 1313/2199/1741
f 1315/2204/1746 1275/2205/1747 1314/2202/1744
f 1316/2206/1748 1276/2207/1749 1315/2204/1746
f 1317/2208/1750 1277/2209/1751 1316/2206/1748
f 1317/2208/1750 1279/2210/1752 1278/2211/1753
f 1318/2212/1754 1280/2213/1755 1279/2210/1752
f 1319/2214/1756 1281/2215/1757 1280/2213/1755
f 1320/2216/1758 1282/2217/1759 1281/2215/1757
f 1321/2218/1760 1283/2219/1761 1282/2217/1759
f 1322/2220/1762 1284/2221/1763 1283/2219/1761
f 1323/2222/1764 1285/2223/1765 1284/2221/1763
f 1324/2224/1766 1286/2225/1767 1285/2223/1765
f 1325/2226/1768 1287/2227/1769 1286/2225/1767
f 1326/2228/1770 1288/2229/1771 1287/2227/1769
f 1327/2230/1772 1289/2231/1773 1288/2229/1771
f 1328/2232/1774 1290/2233/1775 1289/2231/1773
f 1329/2234/1776 1291/2235/1777 1290/2233/1775
f 1330/2236/1778 1292/2237/1779 1291/2235/1777
f 1331/2238/1780 1293/2239/1781 1292/2237/1779
f 1332/2240/1782 1294/2241/1783 1293/2239/1781
f 1333/2242/1784 1295/2243/1785 1294/2241/1783
f 1334/2244/1786 1296/2245/1787 1295/2243/1785
f 1335/2246/1788 1297/2247/1789 1296/2245/1787
f 1336/2248/1790 1298/2249/1791 1297/2247/1789
f 1338/2250/1792 1298/2249/1791 1337/2251/1793
f 1339/2252/1794 1299/2253/1795 1338/2250/1792
f 1340/2254/1796 1300/2255/1797 1339/2252/1794
f 1341/2256/1798 1301/2257/1799 1340/2254/1796
f 1342/2258/1800 1302/2259/1801 1341/2256/1798
f 1343/2260/1802 1303/2261/1803 1342/2258/1800
f 1344/2262/1804 1304/2263/1805 1343/2260/1802
f 1345/2264/1806 1305/2265/1807 1344/2262/1804
f 1346/2266/1808 1306/2267/1809 1345/2264/1806
f 1347/2268/1810 1307/2269/1811 1346/2266/1808
f 1348/2270/1812 1308/2271/1813 1347/2268/1810
f 1349/2272/1814 1309/2273/1815 1348/2270/1812
f 1311/2274/1816 1310/2275/1817 1349/2272/1814
f 1311/2274/1816 1272/2276/1818 1271/2277/1819
f 1396/2177/1722 1352/2278/1820 1395/2279/1821
f 1397/2176/1721 1354/2280/1822 1396/2177/1722
f 1398/2281/1823 1356/2282/1824 1397/2176/1721
f 1399/2283/1825 1357/2284/1826 1398/2281/1823
f 1400/2285/1827 1358/2286/1828 1399/2283/1825
f 1401/2287/1829 1359/2288/1830 1400/2285/1827
f 1363/2289/1831 1362/2290/1832 1402/2178/1723
f 1364/2291/1833 1402/2178/1723 1403/2179/1724
f 1365/2292/1834 1403/2179/1724 1404/2180/1725
f 1366/2293/1835 1404/2180/1725 1405/2181/1726
f 1367/2294/1836 1405/2295/1726 1406/2296/1837
f 1368/2297/1838 1406/2296/1837 1407/2298/1839
f 1369/2299/1840 1407/2298/1839 1408/2300/1841
f 1370/2301/1842 1408/2300/1841 1409/2184/1728
f 1371/2302/1843 1409/2184/1728 1410/2183/1727
f 1372/2303/1844 1410/2183/1727 1411/2185/1729
f 1373/2304/1845 1411/2185/1729 1412/2187/1731
f 1374/2305/1846 1412/2187/1731 1413/2186/1730
f 1375/2306/1847 1413/2186/1730 1414/2189/1732
f 1376/2307/1848 1414/2189/1732 1415/2308/1849
f 1377/2309/1850 1415/2310/1849 1416/2190/1733
f 1378/2311/1851 1416/2190/1733 1417/2312/1852
f 1379/2313/1853 1417/2312/1852 1418/2314/1854
f 1380/2315/1855 1418/2314/1854 1419/2316/1856
f 1381/2317/1857 1419/2316/1856 1420/2318/1858
f 1421/2193/1735 1381/2317/1857 1420/2318/1858
f 1422/2192/1734 1382/2319/1859 1421/2193/1735
f 1423/2320/1860 1383/2321/1861 1422/2192/1734
f 1424/2194/1736 1384/2322/1862 1423/2320/1860
f 1425/2195/1737 1385/2323/1863 1424/2194/1736
f 1426/2324/1864 1386/2325/1865 1425/2326/1737
f 1427/2327/1866 1387/2328/1867 1426/2324/1864
f 1428/2329/1868 1388/2330/1869 1427/2327/1866
f 1429/2331/1870 1389/2332/1871 1428/2329/1868
f 1430/2197/1739 1390/2333/1872 1429/2331/1870
f 1431/2196/1738 1391/2334/1873 1430/2197/1739
f 1432/2198/1740 1392/2335/1874 1431/2196/1738
f 1394/2336/1875 1393/2337/1876 1432/2198/1740
f 1352/2338/1820 1394/2336/1875 1395/2339/1821
f 1354/2340/1822 1353/2341/1877 1352/2342/1820
f 1355/2343/1878 1312/2201/1743 1353/2341/1877
f 1356/2344/1824 1355/2343/1878 1354/2340/1822
f 1313/2199/1741 1312/2201/1743 1355/2343/1878
f 1357/2345/1826 1313/2199/1741 1356/2344/1824
f 1358/2346/1828 1314/2202/1879 1357/2345/1826
f 1359/2347/1830 1315/2204/1880 1358/2346/1828
f 1360/2348/1881 1316/2206/1748 1359/2347/1830
f 1318/2212/1754 1360/2348/1881 1362/2349/1832
f 1319/2214/1882 1362/2349/1832 1363/2350/1831
f 1320/2216/1883 1363/2350/1831 1364/2351/1833
f 1321/2218/1884 1364/2351/1833 1365/2352/1834
f 1322/2220/1885 1365/2352/1834 1366/2353/1835
f 1323/2222/1886 1366/2353/1835 1367/2354/1836
f 1324/2224/1887 1367/2354/1836 1368/2355/1838
f 1325/2226/1888 1368/2355/1838 1369/2356/1840
f 1326/2357/1889 1369/2299/1840 1370/2301/1842
f 1327/2358/1890 1370/2301/1842 1371/2302/1843
f 1328/2359/1891 1371/2302/1843 1372/2303/1844
f 1329/2360/1892 1372/2303/1844 1373/2304/1845
f 1330/2361/1893 1373/2304/1845 1374/2305/1846
f 1331/2362/1894 1374/2305/1846 1375/2306/1847
f 1332/2240/1895 1375/2363/1847 1376/2364/1848
f 1333/2242/1896 1376/2364/1848 1377/2365/1850
f 1334/2366/1897 1377/2309/1850 1378/2311/1851
f 1335/2367/1898 1378/2311/1851 1379/2313/1853
f 1336/2368/1790 1379/2313/1853 1380/2315/1855
f 1337/2369/1793 1380/2315/1855 1381/2317/1857
f 1382/2319/1859 1337/2369/1793 1381/2317/1857
f 1383/2321/1861 1338/2370/1792 1382/2319/1859
f 1384/2322/1862 1339/2371/1899 1383/2321/1861
f 1385/2323/1863 1340/2372/1900 1384/2322/1862
f 1386/2373/1865 1341/2256/1901 1385/2374/1863
f 1387/2375/1867 1342/2258/1902 1386/2373/1865
f 1388/2330/1869 1343/2376/1903 1387/2328/1867
f 1389/2332/1871 1344/2377/1904 1388/2330/1869
f 1390/2333/1872 1345/2378/1905 1389/2332/1871
f 1391/2334/1873 1346/2379/1906 1390/2333/1872
f 1392/2335/1874 1347/2380/1907 1391/2334/1873
f 1393/2337/1876 1348/2381/1908 1392/2335/1874
f 1350/2382/1909 1349/2272/1814 1393/2383/1876
f 1353/2341/1877 1350/2382/1909 1352/2342/1820
f 1312/2201/1743 1351/2384/1910 1353/2341/1877
f 1395/2279/1821 1153/2085/1642 1396/2177/1722
f 1153/2085/1642 1154/2088/1645 1396/2177/1722
f 1156/2092/1649 1400/2285/1827 1399/2283/1825
f 1157/2094/1651 1401/2287/1829 1400/2285/1827
f 1362/2290/1832 1401/2287/1829 1159/2100/1657
f 1158/2096/1653 1159/2100/1657 1401/2287/1829
f 1164/2111/1667 1407/2298/1839 1406/2296/1837
f 1165/2113/1669 1408/2300/1841 1407/2298/1839
f 1166/2115/1671 1409/2184/1728 1408/2300/1841
f 1167/2117/1673 1168/2119/1675 1409/2184/1728
f 1170/2123/1679 1171/2125/1681 1412/2187/1731
f 1175/2135/1689 1418/2314/1854 1417/2312/1852
f 1176/2137/1691 1419/2316/1856 1418/2314/1854
f 1177/2139/1693 1420/2318/1858 1419/2316/1856
f 1420/2318/1858 1179/2140/1694 1421/2193/1735
f 1179/2140/1694 1180/2143/1697 1421/2193/1735
f 1183/2153/1703 1426/2324/1864 1425/2326/1737
f 1184/2152/1705 1427/2327/1866 1426/2324/1864
f 1185/2155/1707 1428/2329/1868 1427/2327/1866
f 1186/2157/1709 1429/2331/1870 1428/2329/1868
f 1187/2159/1711 1430/2197/1739 1429/2331/1870
f 1188/2161/1713 1189/2163/1715 1430/2197/1739
f 1151/2167/1719 1395/2339/1821 1394/2336/1875
f 1562/2385/1911 1563/2386/1912 1522/2387/1913
f 1565/2388/1914 1523/2389/1915 1564/2390/1916
f 1566/2391/1917 1524/2392/1918 1565/2388/1914
f 1567/2393/1919 1525/2394/1920 1566/2391/1917
f 1568/2395/1921 1526/2396/1922 1567/2393/1919
f 1569/2397/1923 1527/2398/1924 1568/2395/1921
f 1570/2399/1925 1528/2400/1926 1569/2397/1923
f 1571/2401/1927 1529/2402/1928 1570/2399/1925
f 1572/2403/1929 1530/2404/1930 1571/2401/1927
f 1573/2405/1931 1531/2406/1932 1572/2403/1929
f 1574/2407/1933 1532/2408/1934 1573/2409/1931
f 1575/2410/1935 1533/2411/1936 1574/2407/1933
f 1576/2412/1937 1534/2413/1938 1575/2410/1935
f 1577/2414/1939 1535/2415/1940 1576/2412/1937
f 1578/2416/1941 1536/2417/1942 1577/2414/1939
f 1538/2418/1943 1578/2416/1941 1579/2419/1944
f 1539/2420/1945 1579/2419/1944 1580/2421/1946
f 1540/2422/1947 1580/2421/1946 1581/2423/1948
f 1541/2424/1949 1581/2423/1948 1582/2425/1950
f 1542/2426/1951 1582/2425/1950 1583/2427/1952
f 1543/2428/1953 1583/2429/1952 1584/2430/1954
f 1544/2431/1955 1584/2430/1954 1585/2432/1956
f 1545/2433/1957 1585/2432/1956 1586/2434/1958
f 1546/2435/1959 1586/2434/1958 1587/2436/1960
f 1547/2437/1961 1587/2436/1960 1588/2438/1962
f 1548/2439/1963 1588/2438/1962 1589/2440/1964
f 1549/2441/1965 1589/2440/1964 1590/2442/1966
f 1520/2443/1967 1590/2442/1966 1591/2444/1968
f 1521/2445/1969 1591/2444/1968 1563/2446/1912
f 1433/2447/1970 1611/2448/1971 1763/2449/1972
f 1441/2450/1973 1617/2451/1974 1433/2447/1970
f 1440/2452/1975 1620/2453/1976 1441/2450/1973
f 1439/2454/1977 1626/2455/1978 1440/2452/1975
f 1439/2454/1977 1637/2456/1979 1635/2457/1980
f 1481/2458/1981 1639/2459/1982 1637/2456/1979
f 1481/2458/1981 1642/2460/1983 1639/2459/1982
f 1438/2461/1984 1645/2462/1985 1642/2460/1983
f 1438/2461/1984 1648/2463/1986 1645/2462/1985
f 1437/2464/1987 1651/2465/1988 1648/2463/1986
f 1437/2464/1987 1654/2466/1989 1651/2465/1988
f 1436/2467/1990 1657/2468/1991 1654/2466/1989
f 1436/2467/1990 1475/2469/1992 1657/2468/1991
f 1443/2470/1993 1661/2471/1994 1659/2472/1995
f 1448/2473/1996 1666/2474/1997 1663/2475/1998
f 1450/2476/1999 1669/2477/2000 1666/2474/1997
f 1452/2478/2001 1672/2479/2002 1669/2477/2000
f 1454/2480/2003 1675/2481/2004 1672/2479/2002
f 1456/2482/2005 1678/2483/2006 1675/2481/2004
f 1458/2484/2007 1681/2485/2008 1678/2483/2006
f 1460/2486/2009 1684/2487/2010 1681/2485/2008
f 1463/2488/2011 1684/2487/2010 1462/2489/2012
f 1464/2490/2013 1686/2491/2014 1463/2488/2011
f 1465/2492/2015 1686/2491/2014 1464/2490/2013
f 1466/2493/2016 1689/2494/2017 1465/2492/2015
f 1467/2495/2018 1689/2494/2017 1466/2493/2016
f 1468/2496/2019 1692/2497/2020 1467/2495/2018
f 1469/2498/2021 1692/2497/2020 1468/2496/2019
f 1470/2499/2022 1695/2500/2023 1469/2498/2021
f 1471/2501/2024 1695/2500/2023 1470/2499/2022
f 1472/2502/2025 1698/2503/2026 1471/2501/2024
f 1473/2504/2027 1698/2503/2026 1472/2502/2025
f 1474/2505/2028 1701/2506/2029 1473/2504/2027
f 1443/2470/1993 1704/2507/2030 1442/2508/2031
f 1763/2449/1972 1477/2509/2032 1476/2510/2033
f 1435/2511/2034 1479/2512/2035 1434/2513/2036
f 1436/2467/1990 1480/2514/2037 1435/2511/2034
f 1476/2510/2033 1441/2450/1973 1433/2447/1970
f 1479/2512/2035 1441/2450/1973 1478/2515/2038
f 1480/2514/2037 1441/2450/1973 1479/2512/2035
f 1436/2467/1990 1441/2450/1973 1480/2514/2037
f 1437/2464/1987 1441/2450/1973 1436/2467/1990
f 1439/2454/1977 1441/2450/1973 1481/2458/1981
f 1440/2452/1975 1441/2450/1973 1439/2454/1977
f 1757/2516/2039 1484/2517/2040 1748/2518/2041
f 1758/2519/2042 1484/2517/2040 1757/2516/2039
f 1482/2520/2043 1484/2517/2040 1758/2519/2042
f 1759/2521/2044 1484/2517/2040 1482/2520/2043
f 1447/2522/2045 1487/2523/2046 1486/2524/2047
f 1663/2475/1998 1487/2523/2046 1448/2473/1996
f 1564/2390/1916 1593/2525/2048 1706/2526/2049
f 1435/2511/2034 1488/2527/2050 1475/2469/1992
f 1435/2511/2034 1434/2513/2036 1489/2528/2051
f 1434/2513/2036 1490/2529/2052 1489/2528/2051
f 1764/2530/2053 1490/2529/2052 1434/2513/2036
f 1492/2531/2054 1764/2530/2053 1765/2532/2055
f 1492/2531/2054 1765/2532/2055 1766/2533/2056
f 1493/2534/2057 1766/2533/2056 1763/2449/1972
f 1522/2535/1913 1709/2536/2058 1562/2537/1911
f 1661/2471/1994 1483/2538/2059 1711/2539/2060
f 1445/2540/2061 1483/2538/2059 1444/2541/2062
f 1446/2542/2063 1483/2538/2059 1445/2540/2061
f 1485/2543/2064 1749/2544/2065 1494/2545/2066
f 1487/2523/2046 1596/2546/2067 1495/2547/2068
f 1706/2526/2049 1597/2548/2069 1713/2549/2070
f 1489/2528/2051 1715/2550/2071 1488/2527/2050
f 1490/2529/2052 1496/2551/2072 1489/2528/2051
f 1491/2552/2073 1497/2553/2074 1490/2529/2052
f 1491/2552/2073 1498/2554/2075 1497/2553/2074
f 1493/2534/2057 1598/2555/2076 1498/2554/2075
f 1595/2556/2077 1717/2557/2078 1709/2536/2058
f 1483/2538/2059 1719/2558/2079 1711/2539/2060
f 1749/2544/2065 1807/2559/2080 1784/2560/2081
f 1495/2547/2068 1786/2561/2082 1785/2562/2083
f 1495/2547/2068 1798/2563/2084 1786/2561/2082
f 1713/2549/2070 1799/2564/2085 1794/2565/2086
f 1496/2551/2072 1788/2566/2087 1715/2550/2071
f 1497/2553/2074 1789/2567/2088 1496/2551/2072
f 1497/2553/2074 1790/2568/2089 1789/2567/2088
f 1498/2554/2075 1791/2569/2090 1790/2568/2089
f 1498/2554/2075 1780/2570/2091 1791/2569/2090
f 1599/2571/2092 1779/2572/2093 1717/2557/2078
f 1750/2573/2094 1771/2574/2095 1719/2558/2079
f 1745/2575/2096 1747/2576/2097 1486/2577/2098
f 1446/2578/2099 1748/2579/2100 1484/2580/2101
f 1446/2581/2102 1274/2582/2103 1748/2583/2104
f 1445/2584/2105 1273/2585/2106 1274/2582/2103
f 1444/2586/2107 1272/2587/2108 1273/2585/2106
f 1443/2588/2109 1271/2589/2110 1272/2590/2108
f 1442/2591/2111 1310/2592/2112 1271/2589/2110
f 1474/2593/2113 1309/2594/2114 1310/2592/2112
f 1473/2595/2115 1472/2596/2116 1309/2594/2114
f 1471/2597/2117 1306/2598/2118 1307/2599/2119
f 1470/2600/2120 1305/2601/2121 1306/2598/2118
f 1469/2602/2122 1304/2603/2123 1305/2601/2121
f 1468/2604/2124 1303/2605/2125 1304/2603/2123
f 1467/2606/2126 1302/2607/2127 1303/2608/2125
f 1466/2609/2128 1301/2610/2129 1302/2607/2127
f 1465/2611/2130 1300/2612/2131 1301/2610/2129
f 1464/2613/2132 1299/2614/2133 1300/2612/2131
f 1463/2615/2134 1298/2616/2135 1299/2614/2133
f 1298/2616/2135 1461/2617/2136 1297/2618/2137
f 1297/2618/2137 1460/2619/2138 1296/2620/2139
f 1296/2620/2139 1459/2621/2140 1295/2622/2141
f 1295/2622/2141 1458/2623/2142 1294/2624/2143
f 1294/2624/2143 1457/2625/2144 1293/2626/2145
f 1293/2627/2145 1456/2628/2146 1292/2629/2147
f 1292/2629/2147 1455/2630/2148 1291/2631/2149
f 1291/2631/2149 1454/2632/2150 1290/2633/2151
f 1453/2634/2152 1452/2635/2153 1288/2636/2154
f 1288/2636/2154 1451/2637/2155 1287/2638/2156
f 1287/2638/2156 1450/2639/2157 1286/2640/2158
f 1286/2640/2158 1449/2641/2159 1285/2642/2160
f 1285/2642/2160 1448/2643/2161 1284/2644/2162
f 1284/2644/2162 1447/2645/2163 1283/2646/2164
f 1283/2647/2164 1747/2648/2165 1746/2649/2166
f 1749/2650/2167 1486/2577/2098 1495/2651/2168
f 1483/2652/2169 1494/2653/2170 1750/2654/2171
f 1785/2655/2172 1749/2650/2167 1495/2651/2168
f 1494/2653/2170 1783/2656/2173 1750/2654/2171
f 1773/2657/2174 1738/2658/2175 1739/2659/2176
f 1769/2660/2177 1501/2661/2178 1788/2662/2179
f 1775/2663/2180 1740/2664/2175 1741/2665/2181
f 1783/2666/2182 1752/2667/2183 1771/2668/2184
f 1785/2669/2185 1751/2670/2186 1782/2671/2187
f 1783/2666/2182 1499/2672/2188 1752/2667/2183
f 1751/2673/2189 1753/2674/2190 1499/2675/2189
f 1550/2676/2191 1555/2677/2192 1551/2678/2193
f 1553/2679/2194 1556/2680/2195 1557/2681/2196
f 1735/2682/2197 1753/2683/2198 1751/2684/2199
f 1752/2685/2200 1504/2686/2201 1754/2687/2202
f 1504/2688/2203 1755/2689/2204 1510/2690/2204
f 1554/2691/2205 1559/2692/2206 1555/2677/2192
f 1506/2693/2207 1514/2694/2208 1513/2695/2209
f 1507/2696/2210 1514/2694/2208 1506/2693/2207
f 1508/2697/2211 1515/2698/2212 1507/2696/2210
f 1508/2697/2211 1517/2699/2213 1516/2700/2214
f 1605/2701/2215 1517/2699/2213 1508/2697/2211
f 1605/2701/2215 1732/2702/2216 1518/2703/2217
f 1557/2681/2196 1560/2704/2218 1561/2705/2218
f 1754/2706/2219 1756/2707/2220 1610/2708/2221
f 1603/2709/2222 1755/2710/2223 1753/2683/2198
f 1754/2687/2202 1510/2711/2224 1756/2712/2225
f 1772/2713/2226 1736/2713/2227 1738/2713/2228
f 1551/2714/2229 1742/2714/2230 1739/2714/2231
f 1774/2715/2232 1737/2715/2233 1740/2715/2234
f 1553/2716/2235 1743/2716/2236 1741/2716/2237
f 1550/2713/2238 1604/2713/2239 1554/2713/2240
f 1555/2714/2241 1500/2714/2242 1551/2714/2229
f 1552/2715/2243 1606/2715/2244 1556/2715/2245
f 1557/2716/2246 1503/2716/2247 1553/2716/2235
f 1554/2713/2240 1512/2713/2248 1558/2713/2248
f 1559/2714/2248 1505/2714/2249 1555/2714/2241
f 1556/2715/2245 1519/2715/1183 1560/2715/2248
f 1561/2716/1183 1509/2716/2250 1557/2716/2246
f 1611/2448/1971 1710/2717/2251 1594/2718/2252
f 1786/2719/2253 1721/2720/2254 1785/2669/2185
f 1803/2721/2255 1736/2722/2256 1776/2723/2257
f 1781/2724/2258 1737/2725/2259 1777/2726/2260
f 1722/2727/2261 1603/2728/2262 1735/2729/2263
f 1723/2730/2264 1604/2731/2265 1600/2732/2266
f 1601/2733/2267 1727/2734/2268 1605/2701/2215
f 1602/2735/2269 1728/2736/2270 1606/2737/2271
f 1725/2738/2272 1729/2739/2273 1603/2728/2262
f 1726/2740/2274 1512/2741/2275 1604/2731/2265
f 1606/2737/2271 1734/2742/2276 1519/2743/2277
f 1612/2744/2278 1521/2745/1969 1562/2746/1911
f 1611/2448/1971 1614/2747/2279 1613/2748/2280
f 1613/2748/2280 1520/2749/1967 1521/2745/1969
f 1615/2750/2281 1549/2441/1965 1520/2443/1967
f 1614/2747/2279 1616/2751/2282 1615/2752/2281
f 1616/2753/2282 1548/2439/1963 1549/2441/1965
f 1614/2747/2279 1617/2451/1974 1616/2751/2282
f 1618/2754/2283 1547/2437/1961 1548/2439/1963
f 1617/2451/1974 1619/2755/2284 1618/2756/2283
f 1619/2757/2284 1546/2435/1959 1547/2437/1961
f 1617/2451/1974 1620/2453/1976 1619/2755/2284
f 1621/2758/2285 1545/2433/1957 1546/2435/1959
f 1620/2453/1976 1622/2759/2286 1621/2760/2285
f 1622/2761/2286 1544/2431/1955 1545/2433/1957
f 1620/2453/1976 1623/2762/2287 1622/2759/2286
f 1624/2763/2288 1543/2428/1953 1544/2431/1955
f 1623/2762/2287 1625/2764/2289 1624/2765/2288
f 1625/2766/2289 1542/2767/1951 1543/2768/1953
f 1623/2762/2287 1626/2455/1978 1625/2764/2289
f 1627/2769/2290 1541/2424/1949 1542/2426/1951
f 1626/2455/1978 1628/2770/2291 1627/2771/2290
f 1628/2772/2291 1540/2422/1947 1541/2424/1949
f 1626/2455/1978 1629/2773/2292 1628/2770/2291
f 1630/2774/2293 1539/2420/1945 1540/2422/1947
f 1629/2773/2292 1632/2775/2294 1630/2776/2295
f 1632/2777/2296 1538/2418/1943 1539/2420/1945
f 1631/2778/2297 1634/2779/2298 1632/2775/2294
f 1634/2780/2299 1537/2781/2300 1538/2418/1943
f 1633/2782/2301 1636/2783/2302 1634/2779/2298
f 1537/2781/2300 1638/2784/2303 1536/2417/1942
f 1636/2783/2302 1637/2456/1979 1638/2785/2304
f 1536/2417/1942 1640/2786/2305 1535/2415/1940
f 1638/2785/2304 1639/2459/1982 1640/2787/2306
f 1535/2415/1940 1641/2788/2307 1534/2413/1938
f 1639/2459/1982 1642/2460/1983 1641/2789/2307
f 1534/2413/1938 1643/2790/2308 1533/2411/1936
f 1641/2789/2307 1642/2460/1983 1643/2791/2308
f 1533/2792/1936 1644/2793/2309 1532/2794/1934
f 1642/2460/1983 1645/2462/1985 1644/2795/2309
f 1532/2796/1934 1646/2797/2310 1531/2406/1932
f 1644/2795/2309 1645/2462/1985 1646/2798/2310
f 1531/2406/1932 1647/2799/2311 1530/2404/1930
f 1645/2462/1985 1648/2463/1986 1647/2800/2311
f 1530/2404/1930 1649/2801/2312 1529/2402/1928
f 1647/2800/2311 1648/2463/1986 1649/2802/2312
f 1529/2402/1928 1650/2803/2313 1528/2400/1926
f 1648/2463/1986 1651/2465/1988 1650/2804/2313
f 1528/2400/1926 1652/2805/2314 1527/2398/1924
f 1650/2804/2313 1651/2465/1988 1652/2806/2314
f 1527/2398/1924 1653/2807/2315 1526/2396/1922
f 1651/2465/1988 1654/2466/1989 1653/2808/2315
f 1526/2396/1922 1655/2809/2316 1525/2394/1920
f 1653/2808/2315 1654/2466/1989 1655/2810/2316
f 1525/2811/1920 1656/2812/2317 1524/2813/1918
f 1654/2466/1989 1657/2468/1991 1656/2812/2317
f 1524/2813/1918 1658/2814/2318 1523/2815/1915
f 1656/2812/2317 1657/2468/1991 1658/2814/2318
f 1660/2816/2319 1522/2387/1913 1563/2386/1912
f 1659/2472/1995 1662/2817/2320 1660/2818/2319
f 1564/2819/1916 1665/2820/2321 1565/2821/1914
f 1663/2475/1998 1666/2474/1997 1665/2822/2321
f 1565/2388/1914 1667/2823/2322 1566/2391/1917
f 1665/2822/2321 1666/2474/1997 1667/2824/2322
f 1566/2391/1917 1668/2825/2323 1567/2393/1919
f 1666/2474/1997 1669/2477/2000 1668/2826/2323
f 1567/2393/1919 1670/2827/2324 1568/2395/1921
f 1668/2826/2323 1669/2477/2000 1670/2828/2324
f 1568/2395/1921 1671/2829/2325 1569/2397/1923
f 1669/2477/2000 1672/2479/2002 1671/2830/2325
f 1569/2397/1923 1673/2831/2326 1570/2399/1925
f 1671/2830/2325 1672/2479/2002 1673/2832/2326
f 1570/2833/1925 1674/2834/2327 1571/2835/1927
f 1672/2479/2002 1675/2481/2004 1674/2834/2327
f 1571/2401/1927 1676/2836/2328 1572/2403/1929
f 1674/2834/2327 1675/2481/2004 1676/2837/2328
f 1572/2838/1929 1677/2839/2329 1573/2840/1931
f 1675/2481/2004 1678/2483/2006 1677/2839/2329
f 1573/2840/1931 1679/2841/2330 1574/2842/1933
f 1677/2839/2329 1678/2483/2006 1679/2841/2330
f 1574/2842/1933 1680/2843/2331 1575/2844/1935
f 1678/2483/2006 1681/2485/2008 1680/2843/2331
f 1575/2410/1935 1682/2845/2332 1576/2412/1937
f 1680/2843/2331 1681/2485/2008 1682/2846/2332
f 1576/2847/1937 1683/2848/2333 1577/2849/1939
f 1681/2485/2008 1684/2487/2010 1683/2848/2333
f 1577/2414/1939 1685/2850/2334 1578/2416/1941
f 1683/2848/2333 1684/2487/2010 1685/2851/2334
f 1685/2850/2334 1579/2419/1944 1578/2416/1941
f 1684/2487/2010 1687/2852/2335 1685/2851/2334
f 1687/2853/2335 1580/2421/1946 1579/2419/1944
f 1686/2491/2014 1688/2854/2336 1687/2852/2335
f 1688/2854/2336 1581/2855/1948 1580/2856/1946
f 1686/2491/2014 1689/2494/2017 1688/2854/2336
f 1690/2857/2337 1582/2425/1950 1581/2423/1948
f 1689/2494/2017 1691/2858/2338 1690/2859/2337
f 1691/2858/2338 1583/2860/1952 1582/2861/1950
f 1689/2494/2017 1692/2497/2020 1691/2858/2338
f 1693/2862/2339 1584/2863/1954 1583/2860/1952
f 1692/2497/2020 1694/2864/2340 1693/2862/2339
f 1694/2864/2340 1585/2865/1956 1584/2863/1954
f 1692/2497/2020 1695/2500/2023 1694/2864/2340
f 1696/2866/2341 1586/2434/1958 1585/2432/1956
f 1695/2500/2023 1697/2867/2342 1696/2868/2341
f 1697/2869/2342 1587/2436/1960 1586/2434/1958
f 1695/2500/2023 1698/2503/2026 1697/2867/2342
f 1699/2870/2343 1588/2438/1962 1587/2436/1960
f 1698/2503/2026 1700/2871/2344 1699/2872/2343
f 1700/2873/2344 1589/2440/1964 1588/2438/1962
f 1698/2503/2026 1701/2506/2029 1700/2871/2344
f 1702/2874/2345 1590/2442/1966 1589/2440/1964
f 1701/2506/2029 1703/2875/2346 1702/2876/2345
f 1703/2877/2346 1591/2444/1968 1590/2442/1966
f 1705/2878/2347 1563/2446/1912 1591/2444/1968
f 1704/2507/2030 1660/2818/2319 1705/2879/2347
f 1663/2475/1998 1707/2880/2348 1592/2881/2349
f 1664/2882/2350 1706/2526/2049 1707/2883/2348
f 1523/2389/1915 1708/2884/2351 1593/2525/2048
f 1475/2469/1992 1708/2885/2351 1657/2468/1991
f 1612/2744/2278 1710/2717/2251 1611/2448/1971
f 1562/2537/1911 1710/2886/2251 1612/2887/2278
f 1662/2888/2320 1595/2556/2077 1522/2535/1913
f 1661/2471/1994 1712/2889/2352 1662/2817/2320
f 1592/2881/2349 1714/2890/2353 1596/2546/2067
f 1707/2883/2348 1713/2549/2070 1714/2891/2353
f 1593/2525/2048 1716/2892/2354 1597/2548/2069
f 1708/2885/2351 1715/2550/2071 1716/2893/2354
f 1488/2527/2050 1715/2550/2071 1708/2885/2351
f 1709/2536/2058 1718/2894/2355 1710/2886/2251
f 1712/2895/2352 1599/2571/2092 1595/2556/2077
f 1711/2539/2060 1720/2896/2356 1712/2889/2352
f 1596/2546/2067 1721/2897/2357 1798/2563/2084
f 1714/2891/2353 1794/2565/2086 1721/2898/2357
f 1597/2548/2069 1803/2899/2358 1799/2564/2085
f 1716/2893/2354 1778/2900/2359 1803/2901/2358
f 1715/2550/2071 1788/2566/2087 1778/2900/2359
f 1718/2902/2355 1805/2903/2360 1598/2555/2076
f 1717/2557/2078 1804/2904/2361 1718/2894/2355
f 1720/2905/2356 1806/2906/2362 1599/2571/2092
f 1719/2558/2079 1806/2907/2362 1720/2896/2356
f 1788/2662/2179 1723/2908/2363 1803/2721/2255
f 1500/2909/2364 1725/2910/2365 1722/2911/2366
f 1501/2912/2367 1726/2913/2368 1723/2914/2369
f 1724/2915/2370 1509/2916/2371 1727/2917/2268
f 1744/2918/2372 1754/2706/2219 1728/2919/2373
f 1505/2920/2374 1730/2921/2375 1725/2910/2365
f 1506/2693/2207 1608/2922/2376 1726/2913/2368
f 1727/2734/2268 1733/2923/2377 1732/2702/2216
f 1727/2917/2268 1609/2924/2378 1733/2925/2377
f 1728/2919/2373 1610/2708/2221 1734/2926/2379
f 1751/2670/2186 1767/2927/2380 1782/2671/2187
f 1550/2928/2181 1739/2659/2176 1738/2658/2175
f 1502/2929/2381 1501/2661/2178 1769/2660/2177
f 1552/2930/2181 1741/2665/2181 1740/2664/2175
f 1736/2713/2227 1550/2713/2238 1738/2713/2228
f 1742/2714/2230 1773/2714/2382 1739/2714/2231
f 1737/2715/2233 1552/2715/2243 1740/2715/2234
f 1743/2716/2236 1775/2716/2383 1741/2716/2237
f 1722/2931/2384 1785/2669/2185 1721/2720/2254
f 1723/2908/2363 1600/2932/2385 1736/2722/2256
f 1724/2933/2386 1791/2934/2387 1780/2935/2388
f 1744/2936/2389 1602/2937/2181 1737/2725/2259
f 1500/2938/2390 1721/2720/2254 1742/2939/2391
f 1501/2661/2178 1723/2908/2363 1788/2662/2179
f 1724/2933/2386 1780/2935/2388 1804/2940/2392
f 1503/2941/2393 1804/2940/2392 1743/2665/2394
f 1771/2668/2184 1744/2936/2389 1781/2724/2258
f 1485/2942/2395 1746/2943/2396 1745/2575/2096
f 1275/2944/2397 1757/2945/972 1748/2583/2104
f 1276/2946/973 1758/2947/2398 1757/2945/972
f 1482/2948/2399 1758/2947/2398 1278/2949/2399
f 1277/2950/2398 1278/2949/2399 1758/2947/2398
f 1279/2951/979 1760/2952/980 1759/2953/978
f 1280/2954/981 1761/2955/982 1760/2952/980
f 1281/2956/2400 1762/2957/2401 1761/2955/982
f 1282/2958/2402 1283/2647/2164 1762/2957/2401
f 1453/2634/2152 1288/2636/2154 1289/2959/2403
f 1472/2596/2116 1307/2599/2119 1308/2960/2404
f 1594/2718/2252 1763/2449/1972 1611/2448/1971
f 1434/2513/2036 1479/2512/2035 1764/2530/2053
f 1478/2515/2038 1765/2532/2055 1764/2530/2053
f 1477/2509/2032 1766/2533/2056 1765/2532/2055
f 1766/2533/2056 1477/2509/2032 1763/2449/1972
f 1800/2961/2405 1803/2721/2255 1776/2723/2257
f 1777/2726/2260 1806/2962/2406 1781/2724/2258
f 1794/2963/2407 1768/2964/2408 1721/2720/2254
f 1804/2940/2392 1792/2965/2409 1770/2663/2410
f 1807/2559/2411 1767/2966/2412 1784/2560/2413
f 1800/2713/2414 1772/2713/2415 1793/2713/2416
f 1790/2967/2417 1769/2660/2177 1789/2968/2418
f 1791/2934/2387 1769/2660/2177 1790/2967/2417
f 1802/2715/2419 1774/2715/2419 1796/2715/2419
f 1793/2969/2420 1794/2970/2420 1799/2971/2421
f 1772/2972/2415 1795/2973/2422 1793/2969/2416
f 1795/2714/2423 1768/2714/2423 1787/2714/2423
f 1801/2974/2424 1797/2965/2425 1779/2975/2426
f 1796/2976/2427 1775/2663/2180 1797/2965/2425
f 1797/2716/2428 1770/2716/2410 1792/2716/2409
f 1798/2977/2429 1721/2720/2254 1786/2719/2253
f 1799/2978/2430 1803/2721/2255 1800/2961/2405
f 1803/2721/2255 1778/2979/2431 1788/2662/2179
f 1804/2940/2392 1779/2975/2432 1792/2965/2409
f 1805/2980/2433 1804/2940/2433 1780/2935/2433
f 1785/2655/2172 1782/2981/2434 1807/2982/2435
f 1767/2983/2436 1783/2656/2173 1784/2984/2437
f 1849/2985/2438 1850/1721/1335 1812/1720/1334
f 989/1869/1477 1815/1866/1474 1853/2986/2439
f 990/1873/1481 1816/1871/1479 1855/1726/1340
f 1854/2987/2440 1855/1726/1340 1816/1871/1479
f 1869/2988/2441 1870/1754/1365 1830/1892/1499
f 1872/1756/1367 1873/2989/2442 1834/1757/1368
f 1873/2989/2442 1835/1897/1504 1834/1757/1368
f 1881/1770/1380 1882/2990/2443 1843/1771/1381
f 1882/2990/2443 1883/1773/1383 1843/1771/1381
f 1886/2991/2444 1885/1560/1186 1887/1559/1185
f 1847/2992/2445 1846/2993/2446 1886/2991/2444
f 1848/2994/2447 1886/2991/2444 1887/1559/1185
f 1849/2995/2448 1887/1559/1185 1888/1562/2449
f 1850/1721/2450 1849/2985/2448 1889/2996/2451
f 1851/1723/2452 1850/1721/2450 1889/2996/2451
f 1891/1568/2453 1851/2997/2452 1890/1566/2454
f 1892/2998/2455 1852/1724/1338 1891/2999/2456
f 1854/2987/2457 1853/2986/2439 1892/2998/2455
f 1894/1574/1200 1854/3000/2457 1893/1572/1198
f 1856/1727/2458 1855/1726/2459 1894/3001/2460
f 1896/1578/2461 1856/3002/2458 1895/1576/2462
f 1897/3003/2463 1857/3004/1342 1896/1578/2464
f 1898/3005/2465 1858/1731/1344 1897/3006/2463
f 1899/3007/2466 1859/1733/2467 1898/3005/2465
f 1900/3008/2468 1860/1735/2469 1899/3007/2466
f 1901/3009/2470 1861/1737/2471 1900/3008/2468
f 1902/3010/2472 1862/1739/2473 1901/3009/2470
f 1864/1743/2474 1863/1741/2475 1902/3010/2472
f 1904/1593/2476 1864/3011/2474 1903/1591/2477
f 1905/1595/2478 1865/3012/2479 1904/1593/2476
f 1867/3013/2480 1866/3014/2481 1905/1595/2478
f 1907/1599/2482 1867/3013/2480 1906/1597/2483
f 1869/3015/2484 1868/3016/2485 1907/1599/2486
f 1909/1602/1228 1869/3015/2484 1908/1600/1226
f 1871/1752/2487 1870/1754/2488 1910/3017/2489
f 1872/3018/2490 1910/1603/2491 1911/1605/2492
f 1873/3019/2493 1911/1605/2492 1912/1607/1233
f 1874/3020/2494 1912/1607/1233 1913/1609/1235
f 1875/3021/2495 1874/3020/2494 1914/1611/2496
f 1876/3022/2497 1914/1611/2498 1915/1613/2499
f 1877/3023/2500 1876/3022/2497 1916/1615/2501
f 1878/3024/2502 1916/1615/2501 1917/1617/2503
f 1879/3025/2504 1917/1617/2503 1918/1619/2505
f 1880/1768/2506 1918/3026/2505 1919/3027/2507
f 1881/3028/2508 1919/1621/2507 1920/1623/2509
f 1882/3029/2510 1920/1623/2509 1921/1625/2511
f 1883/1773/2512 1882/2990/2510 1922/3030/2513
f 1923/3031/2514 1922/1627/1253 1924/1629/1255
f 1885/1560/1186 1884/3032/2515 1924/1629/1255
f 1898/1581/1207 1897/3003/2516 939/1579/1205
f 889/3033/2517 1925/3034/2518 907/3035/2519
f 890/3036/2520 1925/3034/2518 889/3033/2517
f 891/3037/2521 1926/3038/2522 890/3036/2520
f 892/3039/2523 1927/3040/2524 891/3041/2521
f 893/3042/2525 1928/3043/2526 892/3039/2523
f 894/3044/2527 1929/3045/2528 893/3042/2525
f 895/3046/2529 1930/3047/2530 894/3044/2527
f 896/3048/2531 1931/3049/2532 895/3046/2529
f 2152/3050/2533 1932/3051/2534 896/3052/2531
f 2152/3050/2533 1934/3053/2535 1933/3054/2536
f 897/3055/2537 1935/3056/2538 1934/3053/2535
f 898/3057/2539 1936/3058/2540 1935/3056/2538
f 908/3059/2541 1937/3060/2542 1936/3058/2540
f 909/3061/2543 1938/3062/2544 1937/3063/2542
f 900/3064/2545 1939/3065/2546 1938/3062/2544
f 905/3066/2547 1940/3067/2548 1939/3065/2546
f 910/3068/2549 1941/3069/2550 1940/3067/2548
f 910/3068/2549 1942/3070/2551 1941/3069/2550
f 911/3071/2552 1943/3072/2553 1942/3070/2551
f 906/3073/2554 1943/3074/2553 902/3075/2555
f 907/3035/2519 1944/3076/2556 906/3073/2554
f 1926/3038/2522 1947/3077/2557 1925/3034/2518
f 1927/3078/2524 1948/3079/2558 1926/3038/2522
f 1928/3043/2526 1949/3080/2559 1927/3040/2524
f 1929/3045/2528 1950/3081/2560 1928/3043/2526
f 1930/3047/2530 1951/3082/2561 1929/3045/2528
f 1931/3049/2532 1952/3083/2562 1930/3047/2530
f 1932/3084/2534 1953/3085/2563 1931/3049/2532
f 1933/3054/2536 1954/3086/2564 1932/3051/2534
f 1933/3054/2536 1955/3087/2565 1954/3086/2564
f 1934/3053/2535 1956/3088/2566 1955/3087/2565
f 1935/3056/2538 1957/3089/2567 1956/3088/2566
f 1936/3058/2540 1958/3090/2568 1957/3089/2567
f 1937/3063/2542 1959/3091/2569 1958/3092/2568
f 1938/3062/2544 1960/3093/2570 1959/3091/2569
f 1939/3065/2546 1961/3094/2571 1960/3093/2570
f 1940/3067/2548 1962/3095/2572 1961/3094/2571
f 1941/3069/2550 1963/3096/2573 1962/3095/2572
f 1942/3070/2551 1964/3097/2574 1963/3096/2573
f 1943/3074/2553 1965/3098/2575 1964/3099/2574
f 1944/3076/2556 1965/3098/2575 1943/3074/2553
f 1945/3100/2576 1966/3101/2577 1944/3076/2556
f 1925/3034/2518 1966/3101/2577 1945/3100/2576
f 1947/3077/2557 1967/3102/2578 1946/3103/2579
f 1948/3079/2558 1968/3104/2580 1947/3077/2557
f 1949/3080/2559 1969/3105/2581 1948/3106/2558
f 1950/3081/2560 1970/3107/2582 1949/3080/2559
f 1951/3082/2561 1971/3108/2583 1950/3081/2560
f 1952/3083/2562 1972/3109/2584 1951/3082/2561
f 1953/3085/2563 1973/3110/2585 1952/3083/2562
f 1954/3086/2564 1974/3111/2586 1953/3112/2563
f 1954/3086/2564 1976/3113/2587 1975/3114/2588
f 1955/3087/2565 1977/3115/2589 1976/3113/2587
f 1956/3088/2566 1978/3116/2590 1977/3115/2589
f 1957/3089/2567 1979/3117/2591 1978/3116/2590
f 1958/3090/2568 1980/3118/2592 1979/3117/2591
f 1959/3091/2569 1981/3119/2593 1980/3120/2592
f 1960/3093/2570 1982/3121/2594 1981/3119/2593
f 1961/3094/2571 1983/3122/2595 1982/3121/2594
f 1962/3095/2572 1984/3123/2596 1983/3122/2595
f 1963/3096/2573 1985/3124/2597 1984/3123/2596
f 1964/3099/2574 1986/3125/2598 1985/3126/2597
f 1966/3101/2577 1987/3127/2599 1965/3098/2575
f 1946/3103/2579 1988/3128/2600 1966/3101/2577
f 1967/3102/2578 1990/3129/2601 1989/3130/2602
f 1968/3104/2580 1991/3131/2603 1990/3129/2601
f 1969/3132/2581 1992/3133/2604 1991/3131/2603
f 1970/3107/2582 1993/3134/2605 1992/3135/2604
f 1971/3108/2583 1994/3136/2606 1993/3134/2605
f 1972/3109/2584 1995/3137/2607 1994/3136/2606
f 1973/3110/2585 1996/3138/2608 1995/3137/2607
f 1974/3111/2586 1997/3139/2609 1996/3140/2608
f 1976/3113/2587 1997/3139/2609 1975/3114/2588
f 1977/3115/2589 1998/3141/2610 1976/3113/2587
f 1978/3116/2590 1999/3142/2611 1977/3115/2589
f 1979/3117/2591 2000/3143/2612 1978/3116/2590
f 1980/3118/2592 2001/3144/2613 1979/3117/2591
f 1981/3119/2593 2002/3145/2614 1980/3120/2592
f 1982/3121/2594 2003/3146/2615 1981/3119/2593
f 1983/3122/2595 2004/3147/2616 1982/3121/2594
f 1984/3123/2596 2005/3148/2617 1983/3122/2595
f 1985/3124/2597 2006/3149/2618 1984/3123/2596
f 1986/3125/2598 2007/3150/2619 1985/3126/2597
f 1986/3125/2598 2008/3151/2620 2007/3150/2619
f 1987/3127/2599 1989/3130/2602 2008/3151/2620
f 339/476/338 885/1441/2621 338/477/339
f 886/479/341 885/3152/2622 339/480/341
f 342/482/343 886/3153/2623 341/483/344
f 344/485/346 342/482/343 343/484/345
f 346/487/348 344/485/346 345/486/347
f 348/489/350 346/487/348 347/488/349
f 350/491/352 348/489/350 349/490/351
f 352/493/354 350/491/352 351/492/353
f 354/495/356 352/493/354 353/494/355
f 356/497/358 354/495/356 355/496/357
f 358/499/360 356/497/358 357/498/359
f 360/501/362 358/499/360 359/500/361
f 362/503/364 360/501/362 361/502/363
f 364/505/366 362/503/364 363/504/365
f 366/507/368 364/505/366 365/506/367
f 368/509/370 366/507/368 367/508/369
f 370/511/372 368/509/370 369/510/371
f 372/513/374 370/511/372 371/512/373
f 374/515/376 372/513/374 373/514/375
f 376/517/378 374/515/376 375/516/377
f 378/519/380 376/517/378 377/518/379
f 380/521/382 378/519/380 379/520/381
f 383/523/384 382/525/386 380/521/382
f 385/524/385 384/527/388 382/525/386
f 387/526/387 386/529/390 384/527/388
f 389/528/389 388/531/392 386/529/390
f 391/530/391 390/533/394 388/531/392
f 393/532/393 392/535/396 390/533/394
f 395/534/395 394/537/398 392/535/396
f 397/536/397 396/539/400 394/537/398
f 399/538/399 398/541/402 396/539/400
f 401/540/401 400/543/404 398/541/402
f 403/542/403 402/545/406 400/543/404
f 405/544/405 404/547/408 402/545/406
f 407/546/407 406/549/410 404/547/408
f 409/548/409 408/551/412 406/549/410
f 411/550/411 410/553/414 408/551/412
f 413/552/413 412/555/416 410/553/414
f 415/554/415 414/557/418 412/555/416
f 417/556/417 416/559/420 414/557/418
f 419/558/419 418/561/422 416/559/420
f 421/560/421 420/3154/2624 418/561/422
f 422/562/423 420/3154/2624 421/560/421
f 424/564/425 422/562/423 423/563/424
f 426/566/427 424/564/425 425/565/426
f 428/568/429 426/566/427 427/567/428
f 430/570/431 428/568/429 429/569/430
f 432/572/433 430/570/431 431/571/432
f 434/574/435 432/572/433 433/573/434
f 436/576/437 434/574/435 435/575/436
f 438/578/439 436/576/437 437/577/438
f 440/580/441 438/578/439 439/579/440
f 442/582/443 440/580/441 441/581/442
f 444/584/445 442/582/443 443/583/444
f 446/586/447 444/584/445 445/585/446
f 448/588/449 446/586/447 447/587/448
f 450/590/451 448/588/449 449/589/450
f 453/592/453 452/594/455 450/590/451
f 455/593/454 454/596/457 452/594/455
f 457/595/456 456/598/459 454/596/457
f 459/597/458 458/600/461 456/598/459
f 461/599/460 460/602/463 458/600/461
f 463/601/462 462/604/465 460/602/463
f 465/603/464 464/606/467 462/604/465
f 467/605/466 466/608/469 464/606/467
f 469/607/468 468/610/471 466/608/469
f 471/609/470 470/612/473 468/610/471
f 473/611/472 472/614/475 470/612/473
f 475/613/474 474/616/477 472/614/475
f 477/615/476 476/618/479 474/616/477
f 479/617/478 478/620/481 476/618/479
f 481/619/480 480/622/483 478/620/481
f 483/621/482 482/624/485 480/622/483
f 485/623/484 484/626/487 482/624/485
f 487/625/486 486/628/489 484/626/487
f 489/627/488 488/630/491 486/628/489
f 491/629/490 490/632/493 488/630/491
f 493/631/492 492/634/495 490/632/493
f 495/633/494 494/636/497 492/634/495
f 496/635/496 887/638/499 494/636/497
f 498/637/498 497/640/501 887/638/499
f 500/639/500 499/642/503 497/640/501
f 502/641/502 501/644/505 499/642/503
f 504/643/504 503/646/507 501/644/505
f 506/645/506 505/648/509 503/646/507
f 508/647/508 507/650/511 505/648/509
f 510/649/510 509/652/513 507/650/511
f 512/651/512 511/654/515 509/652/513
f 514/653/514 513/656/517 511/654/515
f 516/655/516 515/658/519 513/656/517
f 518/657/518 517/660/521 515/658/519
f 520/659/520 519/662/523 517/660/521
f 522/661/522 521/664/525 519/662/523
f 524/663/524 523/666/527 521/664/525
f 526/665/526 525/668/529 523/666/527
f 528/667/528 527/670/531 525/668/529
f 530/669/530 529/672/533 527/670/531
f 532/671/532 531/674/535 529/672/533
f 534/673/534 533/676/537 531/674/535
f 536/675/536 535/678/539 533/676/537
f 538/677/538 537/680/541 535/678/539
f 540/679/540 539/682/543 537/680/541
f 542/681/542 541/684/545 539/682/543
f 544/683/544 543/686/547 541/684/545
f 546/685/546 545/688/549 543/686/547
f 548/687/548 547/690/551 545/688/549
f 550/689/550 549/692/553 547/690/551
f 552/691/552 551/694/555 549/692/553
f 554/693/554 553/696/557 551/694/555
f 556/695/556 555/698/559 553/696/557
f 558/697/558 557/700/561 555/698/559
f 560/699/560 559/702/563 557/700/561
f 562/701/562 561/704/565 559/702/563
f 564/703/564 563/706/567 561/704/565
f 566/705/566 565/708/569 563/706/567
f 568/707/568 567/710/571 565/708/569
f 570/709/570 569/712/573 567/710/571
f 572/711/572 571/714/575 569/712/573
f 574/713/574 573/716/577 571/714/575
f 576/715/576 575/3155/2625 573/716/577
f 888/717/578 575/3156/2626 576/718/578
f 578/720/580 888/3157/2627 577/721/581
f 580/723/583 578/720/580 579/722/582
f 582/725/585 580/723/583 581/724/584
f 584/727/587 582/725/585 583/726/586
f 586/729/589 584/727/587 585/728/588
f 588/731/591 586/729/589 587/730/590
f 590/733/593 588/731/591 589/732/592
f 592/735/595 590/733/593 591/734/594
f 594/737/597 592/735/595 593/736/596
f 596/739/599 594/737/597 595/738/598
f 598/741/601 596/739/599 597/740/600
f 600/743/603 598/741/601 599/742/602
f 602/745/605 600/743/603 601/744/604
f 604/747/607 602/745/605 603/746/606
f 606/749/609 604/747/607 605/748/608
f 608/751/611 606/749/609 607/750/610
f 610/753/613 608/751/611 609/752/612
f 612/755/615 610/753/613 611/754/614
f 614/757/617 612/755/615 613/756/616
f 616/759/619 614/757/617 615/758/618
f 619/761/621 618/763/623 616/759/619
f 621/762/622 620/765/625 618/763/623
f 623/764/624 622/767/627 620/765/625
f 625/766/626 624/769/629 622/767/627
f 627/768/628 626/771/631 624/769/629
f 629/770/630 628/773/633 626/771/631
f 631/772/632 630/775/635 628/773/633
f 633/774/634 632/777/637 630/775/635
f 635/776/636 634/779/639 632/777/637
f 637/778/638 636/781/641 634/779/639
f 639/780/640 638/783/643 636/781/641
f 641/782/642 640/785/645 638/783/643
f 643/784/644 642/787/647 640/785/645
f 645/786/646 644/789/649 642/787/647
f 647/788/648 646/791/651 644/789/649
f 649/790/650 648/793/653 646/791/651
f 651/792/652 650/795/655 648/793/653
f 653/794/654 652/797/657 650/795/655
f 655/796/656 654/799/659 652/797/657
f 657/798/658 656/3158/2628 654/799/659
f 658/800/660 656/3158/2628 657/798/658
f 660/802/662 658/800/660 659/801/661
f 662/804/664 660/802/662 661/803/663
f 664/806/666 662/804/664 663/805/665
f 666/808/668 664/806/666 665/807/667
f 668/810/670 666/808/668 667/809/669
f 670/812/672 668/810/670 669/811/671
f 672/814/674 670/812/672 671/813/673
f 674/816/676 672/814/674 673/815/675
f 676/818/678 674/816/676 675/817/677
f 678/820/680 676/818/678 677/819/679
f 680/822/682 678/820/680 679/821/681
f 682/824/684 680/822/682 681/823/683
f 684/826/686 682/824/684 683/825/685
f 686/828/688 684/826/686 685/827/687
f 689/830/690 688/832/692 686/828/688
f 691/831/691 690/834/694 688/832/692
f 693/833/693 692/836/696 690/834/694
f 695/835/695 694/838/698 692/836/696
f 697/837/697 696/840/700 694/838/698
f 699/839/699 698/842/702 696/840/700
f 701/841/701 700/844/704 698/842/702
f 703/843/703 702/846/706 700/844/704
f 705/845/705 704/848/708 702/846/706
f 707/847/707 706/850/710 704/848/708
f 709/849/709 708/852/712 706/850/710
f 711/851/711 710/854/714 708/852/712
f 713/853/713 712/856/716 710/854/714
f 715/855/715 714/858/718 712/856/716
f 717/857/717 716/860/720 714/858/718
f 719/859/719 718/862/722 716/860/720
f 721/861/721 720/864/724 718/862/722
f 723/863/723 722/866/726 720/864/724
f 725/865/725 724/868/728 722/866/726
f 727/867/727 726/870/730 724/868/728
f 729/869/729 728/872/732 726/870/730
f 731/871/731 730/874/734 728/872/732
f 733/873/733 732/876/736 730/874/734
f 735/875/735 734/878/738 732/876/736
f 737/877/737 736/880/740 734/878/738
f 739/879/739 738/882/742 736/880/740
f 741/881/741 740/884/744 738/882/742
f 743/883/743 742/886/746 740/884/744
f 745/885/745 744/888/748 742/886/746
f 747/887/747 746/890/750 744/888/748
f 749/889/749 748/892/752 746/890/750
f 751/891/751 750/894/754 748/892/752
f 753/893/753 752/896/756 750/894/754
f 755/895/755 754/898/758 752/896/756
f 757/897/757 756/900/760 754/898/758
f 759/899/759 758/902/762 756/900/760
f 761/901/761 760/904/764 758/902/762
f 763/903/763 762/906/766 760/904/764
f 765/905/765 764/908/768 762/906/766
f 767/907/767 766/910/770 764/908/768
f 769/909/769 768/912/772 766/910/770
f 771/911/771 770/914/774 768/912/772
f 773/913/773 772/916/776 770/914/774
f 775/915/775 774/918/778 772/916/776
f 777/917/777 776/920/780 774/918/778
f 779/919/779 778/922/782 776/920/780
f 781/921/781 780/924/784 778/922/782
f 783/923/783 782/926/786 780/924/784
f 785/925/785 784/928/788 782/926/786
f 787/927/787 786/930/790 784/928/788
f 789/929/789 788/932/792 786/930/790
f 791/931/791 790/934/794 788/932/792
f 793/933/793 792/936/796 790/934/794
f 795/3159/795 794/1505/798 792/1503/796
f 797/937/797 796/941/800 794/938/798
f 799/940/799 798/3160/802 796/941/800
f 801/942/801 800/946/804 798/943/802
f 803/945/803 802/948/806 800/946/804
f 805/947/805 804/950/808 802/948/806
f 807/949/807 806/952/810 804/950/808
f 809/951/809 808/953/811 806/952/810
f 340/478/340 338/477/339 808/953/811
f 577/954/812 576/3161/2629 574/955/813
f 579/956/814 574/955/813 572/957/815
f 581/958/816 572/957/815 570/959/817
f 583/960/818 570/959/817 568/961/819
f 585/962/820 568/961/819 566/963/821
f 587/964/822 566/963/821 564/965/823
f 589/966/824 564/965/823 562/967/825
f 591/968/826 562/967/825 560/969/827
f 593/970/828 560/969/827 558/971/829
f 595/973/830 558/3162/829 556/974/831
f 597/975/832 556/974/831 554/976/833
f 599/977/834 554/976/833 552/978/835
f 601/979/836 552/978/835 550/980/837
f 603/981/838 550/980/837 548/982/839
f 605/983/840 548/982/839 546/984/841
f 607/985/842 546/984/841 544/986/843
f 609/987/844 544/986/843 542/988/845
f 611/989/846 542/988/845 540/990/847
f 613/991/848 540/990/847 538/992/849
f 615/994/850 538/3163/849 536/995/851
f 617/996/852 536/995/851 534/997/853
f 619/998/854 534/997/853 532/999/855
f 621/1000/856 532/999/855 530/1001/857
f 623/1002/858 530/1001/857 528/1003/859
f 625/1004/860 528/1003/859 526/1005/861
f 627/1006/862 526/1005/861 524/1007/863
f 629/1008/864 524/1007/863 522/1009/865
f 631/1010/866 522/1009/865 520/1011/867
f 633/1012/868 520/1011/867 518/1013/869
f 635/1015/870 518/3164/869 516/1016/871
f 637/1017/872 516/1016/871 514/1018/873
f 639/1019/874 514/1018/873 512/1020/875
f 641/1021/876 512/1020/875 510/1022/877
f 643/1023/878 510/1022/877 508/1024/879
f 645/1025/880 508/1024/879 506/1026/881
f 647/1027/882 506/1026/881 504/1028/883
f 649/1029/884 504/1028/883 502/1030/885
f 651/1031/886 502/1030/885 500/1032/887
f 653/1033/888 500/1032/887 498/1034/889
f 655/1036/890 498/3165/889 496/1037/891
f 657/1038/892 496/1037/891 495/1039/893
f 659/1040/894 495/1039/893 493/1041/895
f 661/1042/816 493/1041/895 491/1043/817
f 663/1044/818 491/1043/817 489/1045/819
f 665/1046/820 489/1045/819 487/1047/821
f 667/1048/822 487/1047/821 485/1049/823
f 669/1050/824 485/1049/823 483/1051/825
f 671/1052/826 483/1051/825 481/1053/827
f 673/1054/896 481/1053/827 479/1055/829
f 675/1057/897 479/3166/829 477/1058/831
f 677/1059/898 477/1058/831 475/1060/899
f 679/1061/900 475/1060/899 473/1062/901
f 681/1063/836 473/1062/901 471/1064/837
f 683/1065/838 471/1064/837 469/1066/839
f 685/1067/902 469/1066/839 467/1068/841
f 687/1069/842 467/1068/841 465/1070/843
f 689/1071/903 465/1070/843 463/1072/845
f 691/1073/904 463/1072/845 461/1074/847
f 693/1075/905 461/1074/847 459/1076/906
f 695/1078/850 459/3167/906 457/1079/851
f 697/1080/907 457/1079/851 455/1081/908
f 699/1082/854 455/1081/908 453/1083/855
f 701/1084/856 453/1083/855 451/1085/857
f 703/1086/858 451/1085/857 449/1087/859
f 705/1088/860 449/1087/859 447/1089/861
f 707/1090/862 447/1089/861 445/1091/863
f 709/1092/864 445/1091/863 443/1093/909
f 711/1094/866 443/1093/909 441/1095/867
f 713/1096/910 441/1095/867 439/1097/911
f 715/1099/870 439/3168/911 437/1100/871
f 717/1101/912 437/1100/871 435/1102/873
f 719/1103/874 435/1102/873 433/1104/913
f 721/1105/876 433/1104/913 431/1106/877
f 723/1107/878 431/1106/877 429/1108/879
f 725/1109/880 429/1108/879 427/1110/881
f 727/1111/882 427/1110/881 425/1112/883
f 729/1113/884 425/1112/883 423/1114/885
f 731/1115/886 423/1114/885 421/1116/887
f 733/1117/888 421/1116/887 419/1118/914
f 735/1120/890 419/3169/914 417/1121/891
f 737/1122/915 417/1121/891 415/1123/893
f 739/1124/894 415/1123/893 413/1125/895
f 741/1126/816 413/1125/895 411/1127/817
f 743/1128/818 411/1127/817 409/1129/819
f 745/1130/820 409/1129/819 407/1131/821
f 747/1132/822 407/1131/821 405/1133/823
f 749/1134/824 405/1133/823 403/1135/825
f 751/1136/826 403/1135/825 401/1137/827
f 753/1138/828 401/1137/827 399/1139/916
f 755/1141/830 399/3170/916 397/1142/831
f 757/1143/898 397/1142/831 395/1144/833
f 759/1145/834 395/1144/833 393/1146/901
f 761/1147/836 393/1146/901 391/1148/837
f 763/1149/838 391/1148/837 389/1150/839
f 765/1151/840 389/1150/839 387/1152/841
f 767/1153/842 387/1152/841 385/1154/843
f 769/1155/844 385/1154/843 383/1156/845
f 771/1157/846 383/1156/845 381/1158/847
f 773/1159/905 381/1158/847 379/1160/906
f 775/1162/850 379/3171/906 377/1163/917
f 777/1164/918 377/1163/917 375/1165/908
f 779/1166/854 375/1165/908 373/1167/919
f 781/1168/856 373/1167/919 371/1169/920
f 783/1170/858 371/1169/920 369/1171/859
f 785/1172/860 369/1171/859 367/1173/861
f 787/1174/862 367/1173/861 365/1175/863
f 789/1176/921 365/1175/863 363/1177/909
f 791/1178/866 363/1177/909 361/1179/867
f 793/1180/922 361/1179/867 359/1181/911
f 795/1183/795 359/3172/911 357/1184/871
f 797/1185/797 357/1184/871 355/1186/873
f 799/944/799 355/1186/873 353/1187/913
f 801/942/801 353/1187/913 351/1188/877
f 803/945/803 351/1188/877 349/1189/879
f 805/947/805 349/1189/879 347/1190/881
f 807/949/807 347/1190/881 345/1191/923
f 809/951/809 345/1191/923 343/1192/924
f 340/478/340 343/1192/924 341/1193/925
f 888/1194/926 578/3173/2630 494/1195/927
f 730/1197/929 732/3174/2631 886/1198/930
f 494/1195/927 578/3173/2630 580/1200/932
f 492/1201/933 580/1200/932 582/1202/934
f 490/1203/935 582/1202/934 584/1204/936
f 488/1205/937 584/1204/936 586/1206/938
f 486/1207/939 586/1206/938 588/1208/940
f 484/1209/941 588/1208/940 590/1210/942
f 482/1211/943 590/1210/942 592/1212/944
f 480/1213/945 592/1212/944 594/1214/946
f 478/1216/947 594/3175/946 596/1217/948
f 476/1218/949 596/1217/948 598/1219/950
f 474/1220/951 598/1219/950 600/1221/952
f 472/1222/953 600/1221/952 602/1223/954
f 470/1224/955 602/1223/954 604/1225/956
f 468/1226/957 604/1225/956 606/1227/958
f 466/1228/959 606/1227/958 608/1229/960
f 464/1230/961 608/1229/960 610/1231/962
f 462/1232/963 610/1231/962 612/1233/964
f 460/1234/965 612/1233/964 614/1235/966
f 458/1237/967 614/3176/966 616/1238/968
f 456/1239/969 616/1238/968 618/1240/970
f 454/1241/971 618/1240/970 620/1242/972
f 452/1243/973 620/1242/972 622/1244/974
f 450/1245/975 622/1244/974 624/1246/976
f 448/1247/977 624/1246/976 626/1248/978
f 446/1249/979 626/1248/978 628/1250/980
f 444/1251/981 628/1250/980 630/1252/982
f 442/1253/983 630/1252/982 632/1254/984
f 440/1255/985 632/1254/984 634/1256/986
f 438/1258/987 634/3177/986 636/1259/988
f 436/1260/989 636/1259/988 638/1261/990
f 434/1262/991 638/1261/990 640/1263/992
f 432/1264/993 640/1263/992 642/1265/994
f 430/1266/995 642/1265/994 644/1267/996
f 428/1268/997 644/1267/996 646/1269/998
f 426/1270/999 646/1269/998 648/1271/1000
f 424/1272/1001 648/1271/1000 650/1273/1002
f 422/1274/1003 650/1273/1002 652/1275/1004
f 420/1276/1005 652/1275/1004 654/1277/1006
f 418/1279/1007 654/3178/1006 656/1280/1008
f 416/1281/1009 656/1280/1008 658/1282/1010
f 414/1283/1011 658/1282/1010 660/1284/932
f 412/1285/1012 660/1284/932 662/1286/934
f 410/1287/1013 662/1286/934 664/1288/936
f 408/1289/1014 664/1288/936 666/1290/1015
f 406/1291/939 666/1290/1015 668/1292/940
f 404/1293/941 668/1292/940 670/1294/942
f 402/1295/943 670/1294/942 672/1296/944
f 400/1297/945 672/1296/944 674/1298/1016
f 398/1300/947 674/3179/1016 676/1301/1017
f 396/1302/1018 676/1301/1017 678/1303/950
f 394/1304/951 678/1303/950 680/1305/952
f 392/1306/953 680/1305/952 682/1307/954
f 390/1308/955 682/1307/954 684/1309/1019
f 388/1310/1020 684/1309/1019 686/1311/1021
f 386/1312/959 686/1311/1021 688/1313/960
f 384/1314/961 688/1313/960 690/1315/962
f 382/1316/963 690/1315/962 692/1317/964
f 380/1318/965 692/1317/964 694/1319/1022
f 378/1321/967 694/3180/1022 696/1322/968
f 376/1323/1023 696/1322/968 698/1324/970
f 374/1325/1024 698/1324/970 700/1326/972
f 372/1327/1025 700/1326/972 702/1328/974
f 370/1329/975 702/1328/974 704/1330/1026
f 368/1331/977 704/1330/1026 706/1332/978
f 366/1333/979 706/1332/978 708/1334/980
f 364/1335/981 708/1334/980 710/1336/982
f 362/1337/983 710/1336/982 712/1338/1027
f 360/1339/1028 712/1338/1027 714/1340/1029
f 358/1342/987 714/3181/1029 716/1343/1030
f 356/1344/1031 716/1343/1030 718/1345/990
f 354/1346/991 718/1345/990 720/1347/992
f 352/1348/1032 720/1347/992 722/1349/994
f 350/1350/995 722/1349/994 724/1351/1033
f 348/1352/997 724/1351/1033 726/1353/998
f 346/1354/999 726/1353/998 728/1355/1000
f 344/1356/1001 728/1355/1000 730/1197/929
f 810/3182/1035 575/3183/2632 888/3184/926
f 888/1194/926 887/1196/928 497/3185/1034
f 810/1359/1035 497/1358/1034 499/1360/1036
f 811/1361/1037 499/1360/1036 501/1362/1038
f 812/1363/1039 501/1362/1038 503/1364/1040
f 813/1365/1041 503/1364/1040 505/1366/1042
f 814/1367/1043 505/1366/1042 507/1368/1044
f 815/1369/1045 507/1368/1044 509/1370/1046
f 816/1371/1047 509/1370/1046 511/1372/1048
f 817/1373/1049 511/1372/1048 513/1374/1050
f 818/1375/1051 513/1374/1050 515/1376/1052
f 819/1377/1053 515/1376/1052 517/1378/1054
f 820/1380/1055 517/3186/1054 519/1381/1056
f 821/1382/1057 519/1381/1056 521/1383/1058
f 822/1384/1059 521/1383/1058 523/1385/1060
f 823/1386/1061 523/1385/1060 525/1387/1062
f 824/1388/1063 525/1387/1062 527/1389/1064
f 825/1390/1065 527/1389/1064 529/1391/1066
f 826/1392/1067 529/1391/1066 531/1393/1068
f 827/1394/1069 531/1393/1068 533/1395/1070
f 828/1396/1071 533/1395/1070 535/1397/1072
f 829/1398/1073 535/1397/1072 537/1399/1074
f 899/1401/1075 537/3187/1074 539/1402/1076
f 830/1403/1077 539/1402/1076 541/1404/1078
f 831/1405/1079 541/1404/1078 543/1406/1080
f 832/1407/1081 543/1406/1080 545/1408/1082
f 833/1409/1083 545/1408/1082 547/1410/1084
f 834/1411/1085 547/1410/1084 549/1412/1086
f 835/1413/1087 549/1412/1086 551/1414/1088
f 836/1415/1089 551/1414/1088 553/1416/1090
f 837/1417/1091 553/1416/1090 555/1418/1092
f 901/1419/1093 555/1418/1092 557/1420/1094
f 838/1422/1095 557/3188/1094 559/1423/1096
f 839/1424/1097 559/1423/1096 561/1425/1098
f 840/1426/1099 561/1425/1098 563/1427/1100
f 841/1428/1101 563/1427/1100 565/1429/1102
f 842/1430/1103 565/1429/1102 567/1431/1104
f 843/1432/1105 567/1431/1104 569/1433/1106
f 903/1434/1107 569/1433/1106 571/1435/1108
f 844/1436/1109 571/1435/1108 573/1437/1110
f 914/1440/1113 338/477/339 885/1441/1114
f 732/3174/2631 734/3189/2633 886/1198/930
f 734/3189/2633 847/1443/1116 886/1198/930
f 847/1443/1116 846/1442/1115 885/1441/1114
f 847/1444/1116 734/3190/2633 736/1445/1117
f 848/1446/1118 736/1445/1117 738/1447/1119
f 849/1448/1120 738/1447/1119 740/1449/1121
f 850/1450/1122 740/1449/1121 742/1451/1123
f 851/1452/1124 742/1451/1123 744/1453/1125
f 852/1454/1126 744/1453/1125 746/1455/1127
f 853/1456/1128 746/1455/1127 748/1457/1129
f 854/1458/1130 748/1457/1129 750/1459/1131
f 855/1460/1132 750/1459/1131 752/1461/1133
f 856/1462/1134 752/1461/1133 754/1463/1135
f 857/1465/1136 754/3191/1135 756/1466/1137
f 858/1467/1138 756/1466/1137 758/1468/1139
f 859/1469/1140 758/1468/1139 760/1470/1141
f 860/1471/1142 760/1470/1141 762/1472/1143
f 861/1473/1144 762/1472/1143 764/1474/1145
f 862/1475/1146 764/1474/1145 766/1476/1147
f 863/1477/1148 766/1476/1147 768/1478/1149
f 864/1479/1150 768/1478/1149 770/1480/1151
f 865/1481/1152 770/1480/1151 772/1482/1153
f 866/1483/1154 772/1482/1153 774/1484/1155
f 867/1486/1156 774/3192/1155 776/1487/1157
f 868/1488/1158 776/1487/1157 778/1489/1159
f 869/1490/1160 778/1489/1159 780/1491/1161
f 870/1492/1162 780/1491/1161 782/1493/1163
f 871/1494/1164 782/1493/1163 784/1495/1165
f 872/1496/1166 784/1495/1165 786/1497/1167
f 873/1498/1168 786/1497/1167 788/1499/1169
f 874/1500/1170 788/1499/1169 790/1501/1171
f 875/1502/1172 790/1501/1171 792/1503/1173
f 876/1504/1174 792/1503/1173 794/1505/798
f 877/1507/1175 794/3193/798 796/1508/800
f 878/1509/1176 796/1508/800 798/943/802
f 879/1510/1177 798/943/802 800/946/804
f 880/1511/1178 800/946/804 802/948/806
f 881/1512/1179 802/948/806 804/950/808
f 882/1513/1180 804/950/808 806/952/810
f 883/1514/1181 806/952/810 808/953/811
f 884/1515/1182 808/953/811 338/477/339
f 575/1516/1183 810/3194/1183 2139/1517/1183
f 2139/1517/1183 810/3194/1183 811/1519/1183
f 2141/1520/1183 811/1519/1183 812/3195/1183
f 2141/1520/1183 812/3195/1183 813/3196/1183
f 2141/1520/1183 813/3196/1183 814/1521/1183
f 2142/1522/1183 814/1521/1183 815/1523/1183
f 2144/1525/1183 816/1524/1183 817/1526/1183
f 2143/1527/1183 817/1526/1183 818/3197/1183
f 2143/1527/1183 818/3197/1183 819/3198/1183
f 2143/1527/1183 819/3198/1183 820/1528/1183
f 2145/1529/1183 820/1528/1183 821/3199/1183
f 2145/1529/1183 821/3199/1183 822/3200/1183
f 2145/1529/1183 822/3200/1183 823/1530/1183
f 2146/1531/1183 823/1530/1183 824/1532/1183
f 2151/1534/1183 825/1533/1183 826/1535/1183
f 2148/1539/1183 827/1536/1183 828/1537/1183
f 828/1537/1183 829/3201/1183 2147/1538/1183
f 829/3201/1183 899/1542/1183 2147/1538/1183
f 830/1540/1183 831/1543/1183 2155/1541/1183
f 831/1543/1183 832/3202/1183 2157/1544/1183
f 832/3202/1183 833/3203/1183 2157/1544/1183
f 833/3203/1183 834/1545/1183 2157/1544/1183
f 834/1545/1183 835/3204/1183 2154/1546/1183
f 835/3204/1183 836/1547/1183 2154/1546/1183
f 836/1547/1183 837/3205/1183 2153/1548/1183
f 837/3205/1183 901/1551/1183 2153/1548/1183
f 838/1549/1183 839/1552/1183 2158/1550/1183
f 839/1552/1183 840/3206/1183 2150/1553/1183
f 840/3206/1183 841/3207/1183 2150/1553/1183
f 841/3207/1183 842/3208/1183 2150/1553/1183
f 842/3208/1183 843/1554/1183 2150/1553/1183
f 843/1554/1183 903/1557/1183 2149/1555/1183
f 844/1556/1183 845/3209/1183 2140/1518/1183
f 2140/1518/1183 845/3209/1183 575/1516/1183
f 904/3210/1183 2151/1534/1183 827/1536/1183
f 904/3210/1183 827/1536/1183 2148/1539/1183
f 2147/1538/1183 899/1542/1183 2156/3211/1183
f 899/1542/1183 2155/1541/1183 2156/3211/1183
f 901/1551/1183 2158/1550/1183 2153/1548/1183
f 917/1558/1184 920/1561/1187 1887/1559/1185
f 920/1561/1187 921/1563/1189 1888/1562/1188
f 921/1563/1189 923/1643/1263 1889/1564/1190
f 1889/1564/1190 923/1643/1263 925/1565/1191
f 1890/1566/1192 925/1565/1191 927/1567/1193
f 1891/1568/1194 927/1567/1193 929/1569/1195
f 1892/1570/1196 929/1569/1195 931/1571/1197
f 1893/1572/1198 931/1571/1197 933/1573/1199
f 1894/1574/1200 933/1573/1199 935/1575/1201
f 1895/1576/1202 935/1575/1201 937/1577/1203
f 1896/1578/1204 937/1577/1203 939/1579/1205
f 1898/1581/1207 941/1580/1206 943/1582/1208
f 1899/1583/1209 943/1582/1208 945/1584/1210
f 1900/1585/1211 945/1584/1210 947/1586/1212
f 1901/1587/1213 947/1586/1212 949/1588/1214
f 1902/1589/1215 949/1588/1214 951/1590/1216
f 1903/1591/1217 951/1590/1216 953/1592/1218
f 1904/1593/1219 953/1592/1218 955/1594/1220
f 1905/1595/1221 955/1594/1220 957/1596/1222
f 1906/1597/1223 957/1596/1222 912/1598/1224
f 1908/1600/1226 912/1598/1224 961/1601/1227
f 961/1601/1227 963/1604/1230 1910/1603/1229
f 963/1604/1230 965/1606/1232 1911/1605/1231
f 965/1606/1232 967/1608/1234 1912/1607/1233
f 967/1608/1234 969/1610/1236 1913/1609/1235
f 969/1610/1236 971/1612/1238 1914/1611/1237
f 971/1612/1238 973/1614/1240 1915/1613/1239
f 973/1614/1240 975/1616/1242 1916/1615/1241
f 975/1616/1242 977/1618/1244 1917/1617/1243
f 977/1618/1244 979/1620/1246 1918/1619/1245
f 979/1620/1246 981/1622/1248 1919/1621/1247
f 981/1622/1248 983/1624/1250 1920/1623/1249
f 983/1624/1250 985/1626/1252 1921/1625/1251
f 985/1626/1252 987/1628/1254 1922/1627/1253
f 987/1628/1254 913/1633/1257 1924/1629/1255
f 1924/1629/1255 913/1633/1257 917/1558/1184
f 846/1630/1115 916/1635/1258 915/1631/1256
f 916/1635/1258 917/1558/1184 915/1631/1256
f 847/1634/1116 918/1636/1259 916/1635/1258
f 919/1637/1260 918/1636/1259 847/1634/1116
f 920/1561/1187 917/1558/1184 918/1636/1259
f 849/1639/1120 919/1637/1260 848/1638/1118
f 921/1563/1189 920/1561/1187 919/1637/1260
f 850/1450/1122 922/1641/1261 849/1448/1120
f 922/1640/1261 923/1643/1263 921/1563/1189
f 851/1452/1124 924/1644/1264 922/1641/1261
f 924/1642/1262 925/1565/1191 923/1643/1263
f 852/1454/1126 926/1646/1266 924/1644/1264
f 926/1645/1265 927/1567/1193 925/1565/1191
f 853/1456/1128 928/1648/1268 926/1646/1266
f 928/1647/1267 929/1569/1195 927/1567/1193
f 854/1458/1130 930/1650/1270 928/1648/1268
f 930/1649/1269 931/1571/1197 929/1569/1195
f 855/1460/1132 932/3212/1272 930/1650/1270
f 932/1651/1271 933/1573/1199 931/1571/1197
f 856/3213/1134 934/3214/1274 932/3215/1272
f 934/1655/1273 935/1575/1201 933/1573/1199
f 857/1656/1136 936/1658/1276 934/1655/1274
f 936/1658/1275 937/1577/1203 935/1575/1201
f 858/1659/1138 938/1660/1278 936/1658/1276
f 938/1660/1277 939/1579/1205 937/1577/1203
f 859/1469/1140 940/1663/1280 938/1661/1278
f 940/1662/1279 941/1580/1206 939/1579/1205
f 860/1471/1142 942/1665/1282 940/1663/1280
f 942/1664/1281 943/1582/1208 941/1580/1206
f 861/1473/1144 944/1667/1284 942/1665/1282
f 944/1666/1283 945/1584/1210 943/1582/1208
f 862/1475/1146 946/1669/1286 944/1667/1284
f 946/1668/1285 947/1586/1212 945/1584/1210
f 863/1477/1148 948/1671/1288 946/1669/1286
f 948/1670/1287 949/1588/1214 947/1586/1212
f 864/1479/1150 950/1673/1290 948/1671/1288
f 950/1672/1289 951/1590/1216 949/1588/1214
f 865/1481/1152 952/1675/1292 950/1673/1290
f 952/1674/1291 953/1592/1218 951/1590/1216
f 866/1483/1154 954/1677/1294 952/1675/1292
f 954/1676/1293 955/1594/1220 953/1592/1218
f 867/1485/1156 956/3216/1295 954/1677/1294
f 956/1678/1295 957/1596/1222 955/1594/1220
f 868/1488/1158 958/1681/1296 956/1679/1295
f 958/1680/1296 912/1598/1224 957/1596/1222
f 869/1490/1160 959/3217/1297 958/1681/1296
f 960/1683/1298 959/3217/1297 869/1490/1160
f 961/1601/1227 912/1598/1224 959/1682/1297
f 962/1685/1299 960/1683/1298 870/1492/1162
f 963/1604/1230 961/1601/1227 960/1684/1298
f 964/1687/1301 962/1685/1299 871/1494/1164
f 965/1606/1232 963/1604/1230 962/1686/1300
f 966/1689/1303 964/1687/1301 872/1496/1166
f 967/1608/1234 965/1606/1232 964/1688/1302
f 968/1691/1305 966/1689/1303 873/1498/1168
f 969/1610/1236 967/1608/1234 966/1690/1304
f 970/1693/1307 968/1691/1305 874/1500/1170
f 971/1612/1238 969/1610/1236 968/1692/1306
f 972/1695/1309 970/1693/1307 875/1502/1172
f 973/1614/1240 971/1612/1238 970/1694/1308
f 974/1697/1311 972/1695/1309 876/1504/1174
f 975/1616/1242 973/1614/1240 972/1696/1310
f 976/1700/1313 974/1698/1311 877/3218/1175
f 977/1618/1244 975/1616/1242 974/1698/1312
f 978/1701/1315 976/1699/1313 878/1509/1176
f 979/1620/1246 977/1618/1244 976/1700/1314
f 980/1703/1317 978/1701/1315 879/1510/1177
f 981/1622/1248 979/1620/1246 978/1702/1316
f 982/1705/1319 980/1703/1317 880/1511/1178
f 983/1624/1250 981/1622/1248 980/1704/1318
f 984/1707/1321 982/1705/1319 881/1512/1179
f 985/1626/1252 983/1624/1250 982/1706/1320
f 986/1709/1323 984/1707/1321 882/1513/1180
f 987/1628/1254 985/1626/1252 984/1708/1322
f 988/1711/1325 986/1709/1323 883/1514/1181
f 988/1712/1327 987/1628/1254 986/1710/1324
f 915/1631/1256 988/1712/1325 884/3219/1326
f 1847/1714/1328 1810/1718/1332 1809/1715/1329
f 1848/1717/1331 1811/1861/1469 1810/1718/1332
f 1812/1720/1334 1811/1861/1469 1848/1717/1331
f 1814/1722/1336 1813/1719/1333 1850/1721/1335
f 1852/1724/1338 1815/1866/1474 1814/1722/1336
f 1853/2986/2439 1815/1866/1474 1852/1724/1338
f 1857/1728/1342 1818/1876/1484 1817/1725/1339
f 1819/1729/1343 1818/1878/1484 1857/1730/1342
f 1820/1732/1345 1819/1729/1343 1858/1731/1344
f 1821/1734/1347 1820/1732/1345 1859/1733/1346
f 1822/1736/1349 1821/1734/1347 1860/1735/1348
f 1823/1738/1351 1822/1736/1349 1861/1737/1350
f 1824/1740/1353 1823/1738/1351 1862/1739/1352
f 1825/1742/1355 1824/1740/1353 1863/1741/1354
f 1865/1744/1357 1826/1746/1359 1825/1742/1355
f 1866/1745/1358 1827/1887/1494 1826/1746/1359
f 1828/1747/1360 1827/1887/1494 1866/1745/1358
f 1868/1749/1362 1829/1890/1497 1828/1750/1360
f 1830/1892/1499 1829/1890/1497 1868/1749/1362
f 1870/1754/1365 1831/1753/1364 1830/1892/1499
f 1871/1752/1363 1832/1895/1502 1831/1753/1364
f 1833/1755/1366 1832/1895/1502 1871/1752/1363
f 1875/1759/1370 1836/1899/1506 1835/1897/1504
f 1837/1758/1369 1836/1899/1506 1875/1759/1370
f 1877/1761/1372 1838/1902/1509 1837/1758/1369
f 1839/1762/1373 1838/1905/1509 1877/1763/1372
f 1840/1765/1375 1839/1762/1373 1878/1764/1374
f 1841/1767/1377 1840/1765/1375 1879/1766/1376
f 1842/1769/1379 1841/1767/1377 1880/1768/1378
f 1845/1774/1384 1844/1772/1382 1883/1773/1383
f 1808/1776/1386 1845/1774/1384 1923/1775/1385
f 1809/1778/1329 1808/1776/1386 1884/1777/1387
f 1033/1780/1388 993/1784/1392 992/1781/1389
f 1034/1783/1391 994/1786/1394 993/1784/1392
f 1035/1785/1393 995/1788/1396 994/1786/1394
f 1036/1787/1395 996/1790/1398 995/1788/1396
f 1037/1789/1397 997/1792/1400 996/1790/1398
f 1038/1791/1399 998/1794/1402 997/1792/1400
f 1038/1791/1399 1039/1795/1403 999/1793/1401
f 1039/1795/1403 1040/1797/1405 1000/1796/1404
f 1040/1797/1405 1041/1799/1407 1001/1798/1406
f 1041/1799/1407 1042/1801/1409 1002/1800/1408
f 1042/1801/1409 1043/1803/1411 1003/1802/1410
f 1043/1803/1411 1044/1805/1413 1004/1804/1412
f 1044/1805/1413 1045/1807/1415 1005/1806/1414
f 1045/1807/1415 1046/1809/1417 1006/1808/1416
f 1046/1809/1417 1047/1811/1419 1007/1810/1418
f 1047/1811/1419 1048/1813/1421 1008/1812/1420
f 1048/1813/1421 1049/1815/1423 1009/1814/1422
f 1049/1815/1423 1050/1817/1425 1010/1816/1424
f 1050/1817/1425 1051/1819/1427 1011/1818/1426
f 1051/1819/1427 1052/1821/1429 1012/1820/1428
f 1052/1821/1429 1053/1823/1431 1013/1822/1430
f 1053/1823/1431 1054/1825/1433 1014/1824/1432
f 1054/1825/1433 1055/1827/1435 1015/1826/1434
f 1055/1827/1435 1056/1829/1437 1016/1828/1436
f 1056/1829/1437 1057/1831/1439 1017/1830/1438
f 1057/1831/1439 1058/1834/1442 1018/1832/1440
f 1059/1833/1441 1019/1836/1444 1018/1832/1440
f 1060/1835/1443 1020/1838/1446 1019/1836/1444
f 1061/1837/1445 1021/1840/1448 1020/1838/1446
f 1062/1839/1447 1022/1842/1450 1021/1840/1448
f 1063/1841/1449 1023/1844/1452 1022/1842/1450
f 1064/1843/1451 1024/1846/1454 1023/1844/1452
f 1065/1845/1453 1025/1848/1456 1024/1846/1454
f 1066/1847/1455 1026/1850/1458 1025/1848/1456
f 1067/1849/1457 1027/1852/1460 1026/1850/1458
f 1068/1851/1459 1028/1854/1462 1027/1852/1460
f 1069/1853/1461 1029/1856/1464 1028/1854/1462
f 1070/1855/1463 1030/1858/1466 1029/1856/1464
f 1031/1857/1465 991/1859/1467 1030/1858/1466
f 1031/1857/1465 1032/1782/1390 992/1781/1389
f 1810/1718/1332 1075/1862/1470 1073/1860/1468
f 1811/1861/1469 1077/1863/1471 1075/1862/1470
f 1812/1720/1334 1079/1864/1472 1077/1863/1471
f 1813/1719/1333 1081/1865/1473 1079/1864/1472
f 1814/1722/1336 1083/1867/1475 1081/1865/1473
f 1815/1866/1474 1085/1926/1525 1083/1867/1475
f 1087/1868/1476 1085/1926/1525 1815/1866/1474
f 1089/1870/1478 1087/1868/1476 989/1869/1477
f 1091/1872/1480 1089/1870/1478 1816/1871/1479
f 1093/1874/1482 1091/1872/1480 990/1873/1481
f 1095/1875/1483 1093/1874/1482 1817/1725/1339
f 1097/1877/1485 1095/1941/1483 1818/1878/1484
f 1099/1879/1486 1097/1877/1485 1819/1729/1343
f 1101/1880/1487 1099/1879/1486 1820/1732/1345
f 1103/1881/1488 1101/1880/1487 1821/1734/1347
f 1105/1882/1489 1103/1881/1488 1822/1736/1349
f 1107/1883/1490 1105/1882/1489 1823/1738/1351
f 1109/1884/1491 1107/1883/1490 1824/1740/1353
f 1111/1885/1492 1109/1884/1491 1825/1742/1355
f 1113/1886/1493 1111/1885/1492 1826/1746/1359
f 1115/1888/1495 1113/1886/1493 1827/1887/1494
f 1117/1889/1496 1115/1962/1495 1828/1750/1360
f 1119/1891/1498 1117/1889/1496 1829/1890/1497
f 1121/1893/1500 1119/1891/1498 1830/1892/1499
f 1123/1894/1501 1121/1893/1500 1831/1753/1364
f 1125/1896/1503 1123/1894/1501 1832/1895/1502
f 1834/1757/1368 1127/1898/1505 1125/1896/1503
f 1835/1897/1504 1129/1900/1507 1127/1898/1505
f 1836/1899/1506 1131/1901/1508 1129/1900/1507
f 1837/1758/1369 1133/1903/1510 1131/1901/1508
f 1838/1902/1509 1135/1979/1511 1133/1903/1510
f 1839/1762/1373 1137/1906/1512 1135/1904/1511
f 1840/1765/1375 1139/1907/1513 1137/1906/1512
f 1841/1767/1377 1141/1908/1514 1139/1907/1513
f 1842/1769/1379 1143/1909/1515 1141/1908/1514
f 1843/1771/1381 1145/1910/1516 1143/1909/1515
f 1844/1772/1382 1147/1911/1517 1145/1910/1516
f 1845/1774/1384 1149/1912/1518 1147/1911/1517
f 1808/1776/1386 1071/1996/1559 1149/1912/1518
f 1073/1913/1468 1071/1996/1559 1808/1776/1386
f 1075/1914/1470 1076/1917/1520 1074/1915/1519
f 1076/1917/1520 1033/1780/1388 1032/1782/1390
f 1077/1918/1471 1078/1919/1521 1076/1917/1520
f 1078/1919/1521 1034/1783/1391 1033/1780/1388
f 1079/1864/1472 1080/1922/1522 1078/1920/1521
f 1080/1921/1522 1035/1785/1393 1034/1783/1391
f 1081/1865/1473 1082/1924/1523 1080/1922/1522
f 1082/1923/1523 1036/1787/1395 1035/1785/1393
f 1083/1867/1475 1084/1927/1524 1082/1924/1523
f 1084/1925/1524 1037/1789/1397 1036/1787/1395
f 1085/1926/1525 1086/3220/1526 1084/1927/1524
f 1086/1928/1526 1038/1791/1399 1037/1789/1397
f 1088/1929/1527 1086/3220/1526 1085/1926/1525
f 1039/1795/1403 1038/1791/1399 1086/1928/1526
f 1090/1931/1528 1088/1929/1527 1087/1868/1476
f 1040/1797/1405 1039/1795/1403 1088/1930/1527
f 1092/1933/1529 1090/1931/1528 1089/1870/1478
f 1041/1799/1407 1040/1797/1405 1090/1932/1528
f 1094/1935/1530 1092/1933/1529 1091/1872/1480
f 1042/1801/1409 1041/1799/1407 1092/1934/1529
f 1096/1937/1531 1094/1936/1530 1093/1938/1482
f 1043/1803/1411 1042/1801/1409 1094/1936/1530
f 1098/1940/1532 1096/3221/1531 1095/1941/1483
f 1044/1805/1413 1043/1803/1411 1096/1937/1531
f 1100/1943/1533 1098/1940/1532 1097/1877/1485
f 1045/1807/1415 1044/1805/1413 1098/1942/1532
f 1102/1945/1534 1100/1943/1533 1099/1879/1486
f 1046/1809/1417 1045/1807/1415 1100/1944/1533
f 1104/1947/1535 1102/1945/1534 1101/1880/1487
f 1047/1811/1419 1046/1809/1417 1102/1946/1534
f 1106/1949/1536 1104/1947/1535 1103/1881/1488
f 1048/1813/1421 1047/1811/1419 1104/1948/1535
f 1108/1951/1537 1106/1949/1536 1105/1882/1489
f 1049/1815/1423 1048/1813/1421 1106/1950/1536
f 1110/1953/1538 1108/1951/1537 1107/1883/1490
f 1050/1817/1425 1049/1815/1423 1108/1952/1537
f 1112/1955/1539 1110/1953/1538 1109/1884/1491
f 1051/1819/1427 1050/1817/1425 1110/1954/1538
f 1114/1957/1540 1112/1955/1539 1111/1885/1492
f 1052/1821/1429 1051/1819/1427 1112/1956/1539
f 1116/1959/1541 1114/1957/1540 1113/1886/1493
f 1053/1823/1431 1052/1821/1429 1114/1958/1540
f 1118/1961/1542 1116/3222/1541 1115/1962/1495
f 1054/1825/1433 1053/1823/1431 1116/1960/1541
f 1120/1964/1543 1118/1961/1542 1117/1889/1496
f 1055/1827/1435 1054/1825/1433 1118/1963/1542
f 1122/1966/1544 1120/1964/1543 1119/1891/1498
f 1056/1829/1437 1055/1827/1435 1120/1965/1543
f 1124/1968/1545 1122/1966/1544 1121/1893/1500
f 1057/1831/1439 1056/1829/1437 1122/1967/1544
f 1126/1970/1546 1124/1968/1545 1123/1894/1501
f 1058/1834/1442 1057/1831/1439 1124/1969/1545
f 1127/1898/1505 1128/1973/1547 1126/1970/1546
f 1128/1972/1547 1059/1833/1441 1058/1834/1442
f 1129/1900/1507 1130/1975/1548 1128/1973/1547
f 1130/1974/1548 1060/1835/1443 1059/1833/1441
f 1131/1901/1508 1132/1977/1549 1130/1975/1548
f 1132/1976/1549 1061/1837/1445 1060/1835/1443
f 1133/1903/1510 1134/1980/1550 1132/1977/1549
f 1134/1978/1550 1062/1839/1447 1061/1837/1445
f 1135/1979/1511 1136/3223/1551 1134/1980/1550
f 1136/1981/1551 1063/1841/1449 1062/1839/1447
f 1137/1906/1512 1138/1984/1552 1136/1982/1551
f 1138/1983/1552 1064/1843/1451 1063/1841/1449
f 1139/1907/1513 1140/1986/1553 1138/1984/1552
f 1140/1985/1553 1065/1845/1453 1064/1843/1451
f 1141/1908/1514 1142/1988/1554 1140/1986/1553
f 1142/1987/1554 1066/1847/1455 1065/1845/1453
f 1143/1909/1515 1144/1990/1555 1142/1988/1554
f 1144/1989/1555 1067/1849/1457 1066/1847/1455
f 1145/1910/1516 1146/1992/1556 1144/1990/1555
f 1146/1991/1556 1068/1851/1459 1067/1849/1457
f 1147/1911/1517 1148/1994/1557 1146/1992/1556
f 1148/1993/1557 1069/1853/1461 1068/1851/1459
f 1149/1912/1518 1150/1997/1558 1148/1994/1557
f 1150/1995/1558 1070/1855/1463 1069/1853/1461
f 1071/1996/1559 1072/3224/1560 1150/1997/1558
f 1072/1998/1560 1031/1857/1465 1070/1855/1463
f 1074/1999/1519 1072/3224/1560 1071/1996/1559
f 1032/1782/1390 1031/1857/1465 1072/1998/1560
f 993/2000/1561 1233/2004/1565 1232/2001/1562
f 993/2000/1561 994/2006/1567 1234/2003/1564
f 995/2005/1566 1235/2008/1569 1234/2003/1564
f 996/2007/1568 1236/2010/1571 1235/2008/1569
f 997/2009/1570 1237/2012/1573 1236/2010/1571
f 998/2011/1572 1238/2014/1575 1237/2012/1573
f 999/2013/1574 1239/2016/1577 1238/2014/1575
f 1000/2015/1576 1240/2018/1579 1239/2016/1577
f 1001/2017/1578 1241/2020/1581 1240/2018/1579
f 1001/2017/1578 1002/2022/1583 1242/2019/1580
f 1003/2021/1582 1243/2170/1585 1242/2019/1580
f 1003/2023/1582 1004/2027/1587 1244/2024/1584
f 1005/2026/1586 1245/2029/1589 1244/2024/1584
f 1005/2026/1586 1006/2031/1591 1246/2028/1588
f 1007/2030/1590 1247/2033/1593 1246/2028/1588
f 1008/2032/1592 1248/2035/1595 1247/2033/1593
f 1009/2034/1594 1249/2037/1597 1248/2035/1595
f 1010/2036/1596 1250/2039/1599 1249/2037/1597
f 1011/2038/1598 1251/2041/1601 1250/2039/1599
f 1012/2040/1600 1252/2043/1603 1251/2041/1601
f 1013/2042/1602 1253/2171/1605 1252/2043/1603
f 1014/2044/1604 1254/2048/1607 1253/2045/1605
f 1015/2047/1606 1255/2050/1609 1254/2048/1607
f 1016/2049/1608 1256/2052/1611 1255/2050/1609
f 1017/2051/1610 1257/2054/1613 1256/2052/1611
f 1018/2053/1612 1258/2056/1615 1257/2054/1613
f 1019/2055/1614 1259/2058/1617 1258/2056/1615
f 1020/2057/1616 1260/2060/1619 1259/2058/1617
f 1021/2059/1618 1261/2062/1621 1260/2060/1619
f 1022/2061/1620 1262/2064/1623 1261/2062/1621
f 1023/2063/1622 1263/2175/1625 1262/2064/1623
f 1024/2065/1624 1264/2069/1627 1263/2066/1625
f 1025/2068/1626 1265/2071/1629 1264/2069/1627
f 1026/2070/1628 1266/2073/1631 1265/2071/1629
f 1027/2072/1630 1267/2075/1633 1266/2073/1631
f 1028/2074/1632 1268/2077/1635 1267/2075/1633
f 1029/2076/1634 1269/2079/1637 1268/2077/1635
f 1030/2078/1636 1270/2081/1639 1269/2079/1637
f 991/2080/1638 1231/2083/1640 1270/2081/1639
f 991/2080/1638 992/3225/1563 1232/2082/1562
f 1192/2084/1641 1193/2087/1644 1153/2085/1642
f 1193/2087/1644 1194/2089/1646 1154/2088/1645
f 1194/2089/1646 1195/2091/1648 1155/2090/1647
f 1195/2091/1648 1196/2093/1650 1156/2092/1649
f 1196/2093/1650 1197/2095/1652 1157/2094/1651
f 1197/2095/1652 1198/2098/1655 1158/2096/1653
f 1199/2097/1654 1159/2100/1657 1158/2096/1653
f 1200/2099/1656 1160/2102/1659 1159/2100/1657
f 1201/2101/1658 1161/2104/1661 1160/2102/1659
f 1202/2103/1660 1162/2106/1663 1161/2104/1661
f 1203/2105/1662 1163/2182/1665 1162/2106/1663
f 1204/2107/1664 1164/2111/1667 1163/2108/1665
f 1205/2110/1666 1165/2113/1669 1164/2111/1667
f 1206/2112/1668 1166/2115/1671 1165/2113/1669
f 1207/2114/1670 1167/2117/1673 1166/2115/1671
f 1208/2116/1672 1168/2119/1675 1167/2117/1673
f 1209/2118/1674 1169/2121/1677 1168/2119/1675
f 1210/2120/1676 1170/2123/1679 1169/2121/1677
f 1211/2122/1678 1171/2125/1681 1170/2123/1679
f 1212/2124/1680 1172/2127/1683 1171/2125/1681
f 1213/2126/1682 1173/2188/1685 1172/2127/1683
f 1214/2128/1684 1174/3226/1687 1173/2129/1685
f 1215/2131/1686 1175/2135/1689 1174/2132/1687
f 1216/2134/1688 1176/2137/1691 1175/2135/1689
f 1217/2136/1690 1177/2139/1693 1176/2137/1691
f 1218/2138/1692 1178/2141/1695 1177/2139/1693
f 1218/2138/1692 1219/2142/1696 1179/2140/1694
f 1219/2142/1696 1220/2144/1698 1180/2143/1697
f 1220/2144/1698 1221/2146/1700 1181/2145/1699
f 1221/2146/1700 1222/2173/1702 1182/2147/1701
f 1222/2148/1702 1223/3227/1704 1183/2149/1703
f 1223/2151/1704 1224/2154/1706 1184/2152/1705
f 1224/2154/1706 1225/2156/1708 1185/2155/1707
f 1225/2156/1708 1226/2158/1710 1186/2157/1709
f 1226/2158/1710 1227/2160/1712 1187/2159/1711
f 1227/2160/1712 1228/2162/1714 1188/2161/1713
f 1228/2162/1714 1229/2164/1716 1189/2163/1715
f 1229/2164/1716 1230/2166/1718 1190/2165/1717
f 1230/2166/1718 1191/2169/1720 1151/2167/1719
f 1192/2168/1641 1152/3228/1643 1151/2167/1719
f 1193/2087/1644 1192/2084/1641 1232/2001/1562
f 1194/2089/1646 1193/2087/1644 1233/2004/1565
f 1195/2091/1648 1194/2089/1646 1234/2003/1564
f 1196/2093/1650 1195/2091/1648 1235/2008/1569
f 1197/2095/1652 1196/2093/1650 1236/2010/1571
f 1198/2098/1655 1197/2095/1652 1237/2012/1573
f 1239/2016/1577 1199/2097/1654 1198/2098/1655
f 1240/2018/1579 1200/2099/1656 1199/2097/1654
f 1241/2020/1581 1201/2101/1658 1200/2099/1656
f 1242/2019/1580 1202/2103/1660 1201/2101/1658
f 1243/2170/1585 1203/2105/1662 1202/2103/1660
f 1244/2024/1584 1204/2107/1664 1203/2109/1662
f 1245/2029/1589 1205/2110/1666 1204/2107/1664
f 1246/2028/1588 1206/2112/1668 1205/2110/1666
f 1247/2033/1593 1207/2114/1670 1206/2112/1668
f 1248/2035/1595 1208/2116/1672 1207/2114/1670
f 1249/2037/1597 1209/2118/1674 1208/2116/1672
f 1250/2039/1599 1210/2120/1676 1209/2118/1674
f 1251/2041/1601 1211/2122/1678 1210/2120/1676
f 1252/2043/1603 1212/2124/1680 1211/2122/1678
f 1253/2171/1605 1213/2126/1682 1212/2124/1680
f 1254/2048/1607 1214/2133/1684 1213/2172/1682
f 1255/2050/1609 1215/2131/1686 1214/2133/1684
f 1256/2052/1611 1216/2134/1688 1215/2131/1686
f 1257/2054/1613 1217/2136/1690 1216/2134/1688
f 1258/2056/1615 1218/2138/1692 1217/2136/1690
f 1259/2058/1617 1219/2142/1696 1218/2138/1692
f 1220/2144/1698 1219/2142/1696 1259/2058/1617
f 1221/2146/1700 1220/2144/1698 1260/2060/1619
f 1222/2173/1702 1221/2146/1700 1261/2062/1621
f 1223/2174/1704 1222/2173/1702 1262/2064/1623
f 1224/2154/1706 1223/2151/1704 1263/2066/1625
f 1225/2156/1708 1224/2154/1706 1264/2069/1627
f 1226/2158/1710 1225/2156/1708 1265/2071/1629
f 1227/2160/1712 1226/2158/1710 1266/2073/1631
f 1228/2162/1714 1227/2160/1712 1267/2075/1633
f 1229/2164/1716 1228/2162/1714 1268/2077/1635
f 1230/2166/1718 1229/2164/1716 1269/2079/1637
f 1191/2169/1720 1230/2166/1718 1270/2081/1639
f 1232/2082/1562 1192/2168/1641 1191/2169/1720
f 1155/2090/1647 1398/2281/1823 1397/2176/1721
f 1399/2283/1825 1398/2281/1823 1155/2090/1647
f 1403/2179/1724 1402/2178/1723 1160/2102/1659
f 1404/2180/1725 1403/2179/1724 1161/2104/1661
f 1405/2181/1726 1404/2180/1725 1162/2106/1663
f 1406/2296/1837 1405/2295/1726 1163/2108/1665
f 1411/2185/1729 1410/2183/1727 1168/2119/1675
f 1412/2187/1731 1411/2185/1729 1169/2121/1677
f 1172/2127/1683 1414/2189/1732 1413/2186/1730
f 1173/2188/1685 1415/2308/1849 1414/2189/1732
f 1416/2190/1733 1415/2310/1849 1173/2191/1685
f 1417/2312/1852 1416/2190/1733 1174/2132/1687
f 1181/2145/1699 1423/2320/1860 1422/2192/1734
f 1424/2194/1736 1423/2320/1860 1181/2145/1699
f 1432/2198/1740 1431/2196/1738 1189/2163/1715
f 1394/2336/1875 1432/2198/1740 1190/2165/1717
f 1312/2201/1743 1273/2200/1742 1272/2276/1818
f 1313/2199/1741 1274/2203/1745 1273/2200/1742
f 1314/2202/1744 1275/2205/1747 1274/2203/1745
f 1315/2204/1746 1276/2207/1749 1275/2205/1747
f 1316/2206/1748 1277/2209/1751 1276/2207/1749
f 1317/2208/1750 1278/2211/1753 1277/2209/1751
f 1317/2208/1750 1318/2212/1754 1279/2210/1752
f 1318/2212/1754 1319/2214/1756 1280/2213/1755
f 1319/2214/1756 1320/2216/1758 1281/2215/1757
f 1320/2216/1758 1321/2218/1760 1282/2217/1759
f 1321/2218/1760 1322/2220/1762 1283/2219/1761
f 1322/2220/1762 1323/2222/1764 1284/2221/1763
f 1323/2222/1764 1324/2224/1766 1285/2223/1765
f 1324/2224/1766 1325/2226/1768 1286/2225/1767
f 1325/2226/1768 1326/2228/1770 1287/2227/1769
f 1326/2228/1770 1327/2230/1772 1288/2229/1771
f 1327/2230/1772 1328/2232/1774 1289/2231/1773
f 1328/2232/1774 1329/2234/1776 1290/2233/1775
f 1329/2234/1776 1330/2236/1778 1291/2235/1777
f 1330/2236/1778 1331/2238/1780 1292/2237/1779
f 1331/2238/1780 1332/2240/1782 1293/2239/1781
f 1332/2240/1782 1333/2242/1784 1294/2241/1783
f 1333/2242/1784 1334/2244/1786 1295/2243/1785
f 1334/2244/1786 1335/2246/1788 1296/2245/1787
f 1335/2246/1788 1336/2248/1790 1297/2247/1789
f 1336/2248/1790 1337/2251/1793 1298/2249/1791
f 1338/2250/1792 1299/2253/1795 1298/2249/1791
f 1339/2252/1794 1300/2255/1797 1299/2253/1795
f 1340/2254/1796 1301/2257/1799 1300/2255/1797
f 1341/2256/1798 1302/2259/1801 1301/2257/1799
f 1342/2258/1800 1303/2261/1803 1302/2259/1801
f 1343/2260/1802 1304/2263/1805 1303/2261/1803
f 1344/2262/1804 1305/2265/1807 1304/2263/1805
f 1345/2264/1806 1306/2267/1809 1305/2265/1807
f 1346/2266/1808 1307/2269/1811 1306/2267/1809
f 1347/2268/1810 1308/2271/1813 1307/2269/1811
f 1348/2270/1812 1309/2273/1815 1308/2271/1813
f 1349/2272/1814 1310/2275/1817 1309/2273/1815
f 1311/2274/1816 1271/2277/1819 1310/2275/1817
f 1311/2274/1816 1312/2201/1743 1272/2276/1818
f 1396/2177/1722 1354/2280/1822 1352/2278/1820
f 1397/2176/1721 1356/2282/1824 1354/2280/1822
f 1398/2281/1823 1357/2284/1826 1356/2282/1824
f 1399/2283/1825 1358/2286/1828 1357/2284/1826
f 1400/2285/1827 1359/2288/1830 1358/2286/1828
f 1401/2287/1829 1360/3229/1881 1359/2288/1830
f 1362/2290/1832 1360/3229/1881 1401/2287/1829
f 1364/2291/1833 1363/2289/1831 1402/2178/1723
f 1365/2292/1834 1364/2291/1833 1403/2179/1724
f 1366/2293/1835 1365/2292/1834 1404/2180/1725
f 1367/2294/1836 1366/3230/1835 1405/2295/1726
f 1368/2297/1838 1367/2294/1836 1406/2296/1837
f 1369/2299/1840 1368/2297/1838 1407/2298/1839
f 1370/2301/1842 1369/2299/1840 1408/2300/1841
f 1371/2302/1843 1370/2301/1842 1409/2184/1728
f 1372/2303/1844 1371/2302/1843 1410/2183/1727
f 1373/2304/1845 1372/2303/1844 1411/2185/1729
f 1374/2305/1846 1373/2304/1845 1412/2187/1731
f 1375/2306/1847 1374/2305/1846 1413/2186/1730
f 1376/2307/1848 1375/2306/1847 1414/2189/1732
f 1377/2309/1850 1376/3231/1848 1415/2310/1849
f 1378/2311/1851 1377/2309/1850 1416/2190/1733
f 1379/2313/1853 1378/2311/1851 1417/2312/1852
f 1380/2315/1855 1379/2313/1853 1418/2314/1854
f 1381/2317/1857 1380/2315/1855 1419/2316/1856
f 1421/2193/1735 1382/2319/1859 1381/2317/1857
f 1422/2192/1734 1383/2321/1861 1382/2319/1859
f 1423/2320/1860 1384/2322/1862 1383/2321/1861
f 1424/2194/1736 1385/2323/1863 1384/2322/1862
f 1425/2195/1737 1386/3232/1865 1385/2323/1863
f 1426/2324/1864 1387/2328/1867 1386/2325/1865
f 1427/2327/1866 1388/2330/1869 1387/2328/1867
f 1428/2329/1868 1389/2332/1871 1388/2330/1869
f 1429/2331/1870 1390/2333/1872 1389/2332/1871
f 1430/2197/1739 1391/2334/1873 1390/2333/1872
f 1431/2196/1738 1392/2335/1874 1391/2334/1873
f 1432/2198/1740 1393/2337/1876 1392/2335/1874
f 1394/2336/1875 1350/3233/1909 1393/2337/1876
f 1352/2338/1820 1350/3233/1909 1394/2336/1875
f 1354/2340/1822 1355/2343/1878 1353/2341/1877
f 1356/2344/1824 1313/2199/1741 1355/2343/1878
f 1357/2345/1826 1314/2202/1879 1313/2199/1741
f 1358/2346/1828 1315/2204/1880 1314/2202/1879
f 1359/2347/1830 1316/2206/1748 1315/2204/1880
f 1360/2348/1881 1361/3234/2634 1316/2206/1748
f 1361/3234/2634 1317/2208/1750 1316/2206/1748
f 1318/2212/1754 1361/3234/2634 1360/2348/1881
f 1318/2212/1754 1317/2208/1750 1361/3234/2634
f 1319/2214/1882 1318/2212/1754 1362/2349/1832
f 1320/2216/1883 1319/2214/1882 1363/2350/1831
f 1321/2218/1884 1320/2216/1883 1364/2351/1833
f 1322/2220/1885 1321/2218/1884 1365/2352/1834
f 1323/2222/1886 1322/2220/1885 1366/2353/1835
f 1324/2224/1887 1323/2222/1886 1367/2354/1836
f 1325/2226/1888 1324/2224/1887 1368/2355/1838
f 1326/2357/1889 1325/3235/1888 1369/2299/1840
f 1327/2358/1890 1326/2357/1889 1370/2301/1842
f 1328/2359/1891 1327/2358/1890 1371/2302/1843
f 1329/2360/1892 1328/2359/1891 1372/2303/1844
f 1330/2361/1893 1329/2360/1892 1373/2304/1845
f 1331/2362/1894 1330/2361/1893 1374/2305/1846
f 1332/3236/1895 1331/2362/1894 1375/2306/1847
f 1333/2242/1896 1332/2240/1895 1376/2364/1848
f 1334/2366/1897 1333/3237/1896 1377/2309/1850
f 1335/2367/1898 1334/2366/1897 1378/2311/1851
f 1336/2368/1790 1335/2367/1898 1379/2313/1853
f 1337/2369/1793 1336/2368/1790 1380/2315/1855
f 1382/2319/1859 1338/2370/1792 1337/2369/1793
f 1383/2321/1861 1339/2371/1899 1338/2370/1792
f 1384/2322/1862 1340/2372/1900 1339/2371/1899
f 1385/2323/1863 1341/3238/1901 1340/2372/1900
f 1386/2373/1865 1342/2258/1902 1341/2256/1901
f 1387/2375/1867 1343/2260/1903 1342/2258/1902
f 1388/2330/1869 1344/2377/1904 1343/2376/1903
f 1389/2332/1871 1345/2378/1905 1344/2377/1904
f 1390/2333/1872 1346/2379/1906 1345/2378/1905
f 1391/2334/1873 1347/2380/1907 1346/2379/1906
f 1392/2335/1874 1348/2381/1908 1347/2380/1907
f 1393/2337/1876 1349/3239/1814 1348/2381/1908
f 1350/2382/1909 1351/2384/1910 1349/2272/1814
f 1351/2384/1910 1311/2274/1816 1349/2272/1814
f 1353/2341/1877 1351/2384/1910 1350/2382/1909
f 1312/2201/1743 1311/2274/1816 1351/2384/1910
f 1395/2279/1821 1152/2086/1643 1153/2085/1642
f 1155/2090/1647 1156/2092/1649 1399/2283/1825
f 1156/2092/1649 1157/2094/1651 1400/2285/1827
f 1157/2094/1651 1158/2096/1653 1401/2287/1829
f 1402/2178/1723 1362/2290/1832 1159/2100/1657
f 1163/2108/1665 1164/2111/1667 1406/2296/1837
f 1164/2111/1667 1165/2113/1669 1407/2298/1839
f 1165/2113/1669 1166/2115/1671 1408/2300/1841
f 1166/2115/1671 1167/2117/1673 1409/2184/1728
f 1169/2121/1677 1170/2123/1679 1412/2187/1731
f 1174/2132/1687 1175/2135/1689 1417/2312/1852
f 1175/2135/1689 1176/2137/1691 1418/2314/1854
f 1176/2137/1691 1177/2139/1693 1419/2316/1856
f 1177/2139/1693 1178/2141/1695 1420/2318/1858
f 1420/2318/1858 1178/2141/1695 1179/2140/1694
f 1182/2147/1701 1183/3240/1703 1425/2195/1737
f 1183/2153/1703 1184/2152/1705 1426/2324/1864
f 1184/2152/1705 1185/2155/1707 1427/2327/1866
f 1185/2155/1707 1186/2157/1709 1428/2329/1868
f 1186/2157/1709 1187/2159/1711 1429/2331/1870
f 1187/2159/1711 1188/2161/1713 1430/2197/1739
f 1190/2165/1717 1151/2167/1719 1394/2336/1875
f 1151/2167/1719 1152/3228/1643 1395/2339/1821
f 1562/2385/1911 1521/3241/1969 1563/2386/1912
f 1565/2388/1914 1524/2392/1918 1523/2389/1915
f 1566/2391/1917 1525/2394/1920 1524/2392/1918
f 1567/2393/1919 1526/2396/1922 1525/2394/1920
f 1568/2395/1921 1527/2398/1924 1526/2396/1922
f 1569/2397/1923 1528/2400/1926 1527/2398/1924
f 1570/2399/1925 1529/2402/1928 1528/2400/1926
f 1571/2401/1927 1530/2404/1930 1529/2402/1928
f 1572/2403/1929 1531/2406/1932 1530/2404/1930
f 1573/2405/1931 1532/2796/1934 1531/2406/1932
f 1574/2407/1933 1533/2411/1936 1532/2408/1934
f 1575/2410/1935 1534/2413/1938 1533/2411/1936
f 1576/2412/1937 1535/2415/1940 1534/2413/1938
f 1577/2414/1939 1536/2417/1942 1535/2415/1940
f 1578/2416/1941 1537/2781/2300 1536/2417/1942
f 1538/2418/1943 1537/2781/2300 1578/2416/1941
f 1539/2420/1945 1538/2418/1943 1579/2419/1944
f 1540/2422/1947 1539/2420/1945 1580/2421/1946
f 1541/2424/1949 1540/2422/1947 1581/2423/1948
f 1542/2426/1951 1541/2424/1949 1582/2425/1950
f 1543/2428/1953 1542/3242/1951 1583/2429/1952
f 1544/2431/1955 1543/2428/1953 1584/2430/1954
f 1545/2433/1957 1544/2431/1955 1585/2432/1956
f 1546/2435/1959 1545/2433/1957 1586/2434/1958
f 1547/2437/1961 1546/2435/1959 1587/2436/1960
f 1548/2439/1963 1547/2437/1961 1588/2438/1962
f 1549/2441/1965 1548/2439/1963 1589/2440/1964
f 1520/2443/1967 1549/2441/1965 1590/2442/1966
f 1521/2445/1969 1520/2443/1967 1591/2444/1968
f 1433/2447/1970 1614/2747/2279 1611/2448/1971
f 1433/2447/1970 1617/2451/1974 1614/2747/2279
f 1441/2450/1973 1620/2453/1976 1617/2451/1974
f 1440/2452/1975 1623/2762/2287 1620/2453/1976
f 1440/2452/1975 1626/2455/1978 1623/2762/2287
f 1439/2454/1977 1629/2773/2292 1626/2455/1978
f 1439/2454/1977 1631/2778/2297 1629/2773/2292
f 1439/2454/1977 1633/2782/2301 1631/2778/2297
f 1439/2454/1977 1635/2457/1980 1633/2782/2301
f 1439/2454/1977 1481/2458/1981 1637/2456/1979
f 1481/2458/1981 1438/2461/1984 1642/2460/1983
f 1438/2461/1984 1437/2464/1987 1648/2463/1986
f 1437/2464/1987 1436/2467/1990 1654/2466/1989
f 1436/2467/1990 1435/2511/2034 1475/2469/1992
f 1443/2470/1993 1444/2541/2062 1661/2471/1994
f 1448/2473/1996 1449/3243/2635 1666/2474/1997
f 1449/3243/2635 1450/2476/1999 1666/2474/1997
f 1450/2476/1999 1451/3244/2636 1669/2477/2000
f 1451/3244/2636 1452/2478/2001 1669/2477/2000
f 1452/2478/2001 1453/3245/2637 1672/2479/2002
f 1453/3245/2637 1454/2480/2003 1672/2479/2002
f 1454/2480/2003 1455/3246/2638 1675/2481/2004
f 1455/3246/2638 1456/2482/2005 1675/2481/2004
f 1456/2482/2005 1457/3247/2639 1678/2483/2006
f 1457/3247/2639 1458/2484/2007 1678/2483/2006
f 1458/2484/2007 1459/3248/2640 1681/2485/2008
f 1459/3248/2640 1460/2486/2009 1681/2485/2008
f 1460/2486/2009 1461/3249/2641 1684/2487/2010
f 1461/3249/2641 1462/2489/2012 1684/2487/2010
f 1463/2488/2011 1686/2491/2014 1684/2487/2010
f 1465/2492/2015 1689/2494/2017 1686/2491/2014
f 1467/2495/2018 1692/2497/2020 1689/2494/2017
f 1469/2498/2021 1695/2500/2023 1692/2497/2020
f 1471/2501/2024 1698/2503/2026 1695/2500/2023
f 1473/2504/2027 1701/2506/2029 1698/2503/2026
f 1474/2505/2028 1704/2507/2030 1701/2506/2029
f 1474/2505/2028 1442/2508/2031 1704/2507/2030
f 1443/2470/1993 1659/2472/1995 1704/2507/2030
f 1433/2447/1970 1763/2449/1972 1476/2510/2033
f 1435/2511/2034 1480/2514/2037 1479/2512/2035
f 1476/2510/2033 1477/2509/2032 1441/2450/1973
f 1477/2509/2032 1478/2515/2038 1441/2450/1973
f 1437/2464/1987 1438/2461/1984 1441/2450/1973
f 1438/2461/1984 1481/2458/1981 1441/2450/1973
f 1759/2521/2044 1485/2543/2064 1484/2517/2040
f 1759/2521/2044 1760/3250/2642 1485/2543/2064
f 1760/3250/2642 1761/3251/2643 1485/2543/2064
f 1761/3251/2643 1762/3252/2644 1485/2543/2064
f 1447/2522/2045 1448/2473/1996 1487/2523/2046
f 1663/2475/1998 1592/2881/2349 1487/2523/2046
f 1564/2390/1916 1523/2389/1915 1593/2525/2048
f 1435/2511/2034 1489/2528/2051 1488/2527/2050
f 1764/2530/2053 1491/2552/2073 1490/2529/2052
f 1492/2531/2054 1491/2552/2073 1764/2530/2053
f 1493/2534/2057 1492/2531/2054 1766/2533/2056
f 1522/2535/1913 1595/2556/2077 1709/2536/2058
f 1661/2471/1994 1444/2541/2062 1483/2538/2059
f 1484/2517/2040 1485/2543/2064 1494/2545/2066
f 1486/2524/2047 1487/2523/2046 1495/2547/2068
f 1487/2523/2046 1592/2881/2349 1596/2546/2067
f 1706/2526/2049 1593/2525/2048 1597/2548/2069
f 1489/2528/2051 1496/2551/2072 1715/2550/2071
f 1490/2529/2052 1497/2553/2074 1496/2551/2072
f 1491/2552/2073 1492/2531/2054 1498/2554/2075
f 1492/2531/2054 1493/2534/2057 1498/2554/2075
f 1493/2534/2057 1594/2718/2252 1598/2555/2076
f 1595/2556/2077 1599/2571/2092 1717/2557/2078
f 1483/2538/2059 1750/2573/2094 1719/2558/2079
f 1494/2545/2066 1749/2544/2065 1784/2560/2081
f 1495/2547/2068 1596/2546/2067 1798/2563/2084
f 1713/2549/2070 1597/2548/2069 1799/2564/2085
f 1496/2551/2072 1789/2567/2088 1788/2566/2087
f 1497/2553/2074 1498/2554/2075 1790/2568/2089
f 1498/2554/2075 1598/2555/2076 1780/2570/2091
f 1599/2571/2092 1801/3253/2645 1779/2572/2093
f 1750/2573/2094 1783/3254/2646 1771/2574/2095
f 1745/2575/2096 1746/2943/2396 1747/2576/2097
f 1484/2580/2101 1483/2652/2169 1446/2578/2099
f 1446/2581/2102 1445/2584/2105 1274/2582/2103
f 1445/2584/2105 1444/2586/2107 1273/2585/2106
f 1444/2586/2107 1443/3255/2109 1272/2587/2108
f 1443/2588/2109 1442/2591/2111 1271/2589/2110
f 1442/2591/2111 1474/2593/2113 1310/2592/2112
f 1474/2593/2113 1473/2595/2115 1309/2594/2114
f 1472/2596/2116 1471/2597/2117 1307/2599/2119
f 1471/2597/2117 1470/2600/2120 1306/2598/2118
f 1470/2600/2120 1469/2602/2122 1305/2601/2121
f 1469/2602/2122 1468/2604/2124 1304/2603/2123
f 1468/2604/2124 1467/3256/2126 1303/2605/2125
f 1467/2606/2126 1466/2609/2128 1302/2607/2127
f 1466/2609/2128 1465/2611/2130 1301/2610/2129
f 1465/2611/2130 1464/2613/2132 1300/2612/2131
f 1464/2613/2132 1463/2615/2134 1299/2614/2133
f 1463/2615/2134 1462/3257/2647 1298/2616/2135
f 1298/2616/2135 1462/3257/2647 1461/2617/2136
f 1297/2618/2137 1461/2617/2136 1460/2619/2138
f 1296/2620/2139 1460/2619/2138 1459/2621/2140
f 1295/2622/2141 1459/2621/2140 1458/2623/2142
f 1294/2624/2143 1458/2623/2142 1457/2625/2144
f 1293/2627/2145 1457/3258/2144 1456/2628/2146
f 1292/2629/2147 1456/2628/2146 1455/2630/2148
f 1291/2631/2149 1455/2630/2148 1454/2632/2150
f 1290/2633/2151 1454/2632/2150 1453/2634/2152
f 1288/2636/2154 1452/2635/2153 1451/2637/2155
f 1287/2638/2156 1451/2637/2155 1450/2639/2157
f 1286/2640/2158 1450/2639/2157 1449/2641/2159
f 1285/2642/2160 1449/2641/2159 1448/2643/2161
f 1284/2644/2162 1448/2643/2161 1447/2645/2163
f 1283/2647/2164 1447/3259/2163 1747/2648/2165
f 1749/2650/2167 1745/2575/2096 1486/2577/2098
f 1483/2652/2169 1484/2580/2101 1494/2653/2170
f 1785/2655/2172 1807/2982/2435 1749/2650/2167
f 1494/2653/2170 1784/2984/2437 1783/2656/2173
f 1773/2657/2174 1772/2972/2415 1738/2658/2175
f 1791/2934/2387 1502/2929/2381 1769/2660/2177
f 1775/2663/2180 1774/3260/2648 1740/2664/2175
f 1785/2669/2185 1735/3261/2649 1751/2670/2186
f 1783/2666/2182 1767/2927/2380 1499/2672/2188
f 1499/2675/2189 1753/2674/2190 1504/2688/2203
f 1550/2676/2191 1554/2691/2205 1555/2677/2192
f 1501/2912/2367 1507/2696/2210 1506/2693/2207
f 1501/2912/2367 1502/3262/2650 1507/2696/2210
f 1502/3262/2650 1508/2697/2211 1507/2696/2210
f 1502/3262/2650 1601/2733/2267 1508/2697/2211
f 1601/2733/2267 1605/2701/2215 1508/2697/2211
f 1553/2679/2194 1552/3263/2651 1556/2680/2195
f 1735/2682/2197 1603/2709/2222 1753/2683/2198
f 1752/2685/2200 1499/3264/2652 1504/2686/2201
f 1504/2688/2203 1753/2674/2190 1755/2689/2204
f 1603/2728/2262 1729/2739/2273 1511/3265/2653
f 1554/2691/2206 1558/3266/2206 1559/2692/2206
f 1506/2693/2207 1513/2695/2209 1608/2922/2376
f 1507/2696/2210 1515/2698/2212 1514/2694/2208
f 1508/2697/2211 1516/2700/2214 1515/2698/2212
f 1605/2701/2215 1518/2703/2217 1517/2699/2213
f 1557/2681/2196 1556/2680/2195 1560/2704/2218
f 1603/2709/2654 1511/3267/2654 1755/2710/2654
f 1754/2687/2202 1504/2686/2201 1510/2711/2224
f 1772/2713/2226 1776/2713/2655 1736/2713/2227
f 1551/2714/2229 1500/2714/2242 1742/2714/2230
f 1774/2715/2232 1777/2715/2656 1737/2715/2233
f 1553/2716/2235 1503/2716/2247 1743/2716/2236
f 1550/2713/2238 1600/2713/2657 1604/2713/2239
f 1555/2714/2241 1505/2714/2249 1500/2714/2242
f 1552/2715/2243 1602/2715/2658 1606/2715/2244
f 1557/2716/2246 1509/2716/2250 1503/2716/2247
f 1554/2713/2240 1604/2713/2239 1512/2713/2248
f 1559/2714/2248 1607/2714/2248 1505/2714/2249
f 1556/2715/2245 1606/2715/2244 1519/2715/1183
f 1561/2716/1183 1609/2716/2248 1509/2716/2250
f 1594/2718/2252 1710/2717/2251 1598/2555/2076
f 1598/2555/2076 1805/2903/2360 1780/2570/2091
f 1599/2571/2092 1806/2906/2362 1801/3253/2645
f 1803/2721/2255 1723/2908/2363 1736/2722/2256
f 1781/2724/2258 1744/2936/2389 1737/2725/2259
f 1722/2727/2261 1725/2738/2272 1603/2728/2262
f 1723/2730/2264 1726/2740/2274 1604/2731/2265
f 1601/2733/2267 1724/3268/2659 1727/2734/2268
f 1602/2735/2269 1744/3269/2660 1728/2736/2270
f 1726/2740/2368 1731/3270/2661 1512/2741/2662
f 1605/2701/2215 1727/2734/2268 1732/2702/2216
f 1606/2737/2271 1728/2736/2270 1734/2742/2276
f 1612/2744/2278 1613/2748/2280 1521/2745/1969
f 1612/2744/2278 1611/2448/1971 1613/2748/2280
f 1613/2748/2280 1615/2752/2281 1520/2749/1967
f 1613/2748/2280 1614/2747/2279 1615/2752/2281
f 1615/2752/2281 1616/2751/2282 1549/3271/1965
f 1616/2753/2282 1618/2754/2283 1548/2439/1963
f 1616/2751/2282 1617/2451/1974 1618/2756/2283
f 1618/2754/2283 1619/2757/2284 1547/2437/1961
f 1619/2757/2284 1621/2758/2285 1546/2435/1959
f 1619/2755/2284 1620/2453/1976 1621/2760/2285
f 1621/2758/2285 1622/2761/2286 1545/2433/1957
f 1622/2761/2286 1624/2763/2288 1544/2431/1955
f 1622/2759/2286 1623/2762/2287 1624/2765/2288
f 1624/2763/2288 1625/3272/2289 1543/2428/1953
f 1625/3273/2289 1627/3274/2290 1542/3275/1951
f 1625/2764/2289 1626/2455/1978 1627/2771/2290
f 1627/2771/2290 1628/2770/2291 1541/3276/1949
f 1628/2772/2291 1630/2774/2293 1540/2422/1947
f 1628/2770/2291 1629/2773/2292 1630/2776/2295
f 1630/2774/2293 1632/2777/2296 1539/2420/1945
f 1629/2773/2292 1631/2778/2297 1632/2775/2294
f 1632/2777/2296 1634/2780/2299 1538/2418/1943
f 1631/2778/2297 1633/2782/2301 1634/2779/2298
f 1634/2780/2299 1636/3277/2663 1537/2781/2300
f 1633/2782/2301 1635/2457/1980 1636/2783/2302
f 1537/2781/2300 1636/3277/2663 1638/2784/2303
f 1636/2783/2302 1635/2457/1980 1637/2456/1979
f 1536/2417/1942 1638/2784/2303 1640/2786/2305
f 1638/2785/2304 1637/2456/1979 1639/2459/1982
f 1535/2415/1940 1640/2786/2305 1641/2788/2307
f 1640/2787/2306 1639/2459/1982 1641/2789/2307
f 1534/2413/1938 1641/2788/2307 1643/2790/2308
f 1533/3278/1936 1643/3279/2308 1644/3280/2309
f 1643/2791/2308 1642/2460/1983 1644/2795/2309
f 1532/2796/1934 1644/3281/2309 1646/2797/2310
f 1531/2406/1932 1646/2797/2310 1647/2799/2311
f 1646/2798/2310 1645/2462/1985 1647/2800/2311
f 1530/2404/1930 1647/2799/2311 1649/2801/2312
f 1529/2402/1928 1649/2801/2312 1650/2803/2313
f 1649/2802/2312 1648/2463/1986 1650/2804/2313
f 1528/2400/1926 1650/2803/2313 1652/2805/2314
f 1527/2398/1924 1652/2805/2314 1653/2807/2315
f 1652/2806/2314 1651/2465/1988 1653/2808/2315
f 1526/2396/1922 1653/2807/2315 1655/2809/2316
f 1525/2394/1920 1655/2809/2316 1656/3282/2317
f 1655/2810/2316 1654/2466/1989 1656/2812/2317
f 1524/2813/1918 1656/2812/2317 1658/2814/2318
f 1660/2816/2319 1662/3283/2320 1522/2387/1913
f 1659/2472/1995 1661/2471/1994 1662/2817/2320
f 1564/2390/1916 1664/2882/2350 1665/3284/2321
f 1664/3285/2350 1663/2475/1998 1665/2822/2321
f 1565/2388/1914 1665/3284/2321 1667/2823/2322
f 1566/2391/1917 1667/2823/2322 1668/2825/2323
f 1667/2824/2322 1666/2474/1997 1668/2826/2323
f 1567/2393/1919 1668/2825/2323 1670/2827/2324
f 1568/2395/1921 1670/2827/2324 1671/2829/2325
f 1670/2828/2324 1669/2477/2000 1671/2830/2325
f 1569/2397/1923 1671/2829/2325 1673/2831/2326
f 1570/2399/1925 1673/2831/2326 1674/3286/2327
f 1673/2832/2326 1672/2479/2002 1674/2834/2327
f 1571/2835/1927 1674/2834/2327 1676/2837/2328
f 1572/2838/1929 1676/2837/2328 1677/2839/2329
f 1676/2837/2328 1675/2481/2004 1677/2839/2329
f 1573/2840/1931 1677/2839/2329 1679/2841/2330
f 1574/3287/1933 1679/3288/2330 1680/3289/2331
f 1679/2841/2330 1678/2483/2006 1680/2843/2331
f 1575/2844/1935 1680/2843/2331 1682/2846/2332
f 1576/2412/1937 1682/2845/2332 1683/3290/2333
f 1682/2846/2332 1681/2485/2008 1683/2848/2333
f 1577/2849/1939 1683/2848/2333 1685/2851/2334
f 1685/2850/2334 1687/2853/2335 1579/2419/1944
f 1684/2487/2010 1686/2491/2014 1687/2852/2335
f 1687/2852/2335 1688/2854/2336 1580/2856/1946
f 1688/3291/2336 1690/2857/2337 1581/2423/1948
f 1688/2854/2336 1689/2494/2017 1690/2859/2337
f 1690/2859/2337 1691/2858/2338 1582/2861/1950
f 1691/2858/2338 1693/2862/2339 1583/2860/1952
f 1691/2858/2338 1692/2497/2020 1693/2862/2339
f 1693/2862/2339 1694/2864/2340 1584/2863/1954
f 1694/3292/2340 1696/2866/2341 1585/2432/1956
f 1694/2864/2340 1695/2500/2023 1696/2868/2341
f 1696/2868/2341 1697/2867/2342 1586/3293/1958
f 1697/2869/2342 1699/2870/2343 1587/2436/1960
f 1697/2867/2342 1698/2503/2026 1699/2872/2343
f 1699/2870/2343 1700/2873/2344 1588/2438/1962
f 1700/2873/2344 1702/2874/2345 1589/2440/1964
f 1700/2871/2344 1701/2506/2029 1702/2876/2345
f 1702/2874/2345 1703/2877/2346 1590/2442/1966
f 1701/2506/2029 1704/2507/2030 1703/2875/2346
f 1703/2877/2346 1705/2878/2347 1591/2444/1968
f 1703/2875/2346 1704/2507/2030 1705/2879/2347
f 1705/2878/2347 1660/3294/2319 1563/2446/1912
f 1704/2507/2030 1659/2472/1995 1660/2818/2319
f 1663/2475/1998 1664/3285/2350 1707/2880/2348
f 1664/2882/2350 1564/2390/1916 1706/2526/2049
f 1523/2389/1915 1658/3295/2318 1708/2884/2351
f 1658/2814/2318 1657/2468/1991 1708/2885/2351
f 1475/2469/1992 1488/2527/2050 1708/2885/2351
f 1562/2537/1911 1709/2536/2058 1710/2886/2251
f 1662/2888/2320 1712/2895/2352 1595/2556/2077
f 1661/2471/1994 1711/2539/2060 1712/2889/2352
f 1592/2881/2349 1707/2880/2348 1714/2890/2353
f 1707/2883/2348 1706/2526/2049 1713/2549/2070
f 1593/2525/2048 1708/2884/2351 1716/2892/2354
f 1710/2717/2251 1718/2902/2355 1598/2555/2076
f 1709/2536/2058 1717/2557/2078 1718/2894/2355
f 1712/2895/2352 1720/2905/2356 1599/2571/2092
f 1711/2539/2060 1719/2558/2079 1720/2896/2356
f 1596/2546/2067 1714/2890/2353 1721/2897/2357
f 1714/2891/2353 1713/2549/2070 1794/2565/2086
f 1597/2548/2069 1716/2892/2354 1803/2899/2358
f 1716/2893/2354 1715/2550/2071 1778/2900/2359
f 1718/2902/2355 1804/3296/2361 1805/2903/2360
f 1717/2557/2078 1779/2572/2093 1804/2904/2361
f 1719/2558/2079 1781/3297/2664 1806/2907/2362
f 1719/2558/2079 1771/2574/2095 1781/3297/2664
f 1721/2720/2254 1768/2964/2408 1742/2939/2391
f 1804/2940/2392 1770/2663/2410 1743/2665/2394
f 1500/2909/2364 1505/2920/2374 1725/2910/2365
f 1501/2912/2367 1506/2693/2207 1726/2913/2368
f 1724/2915/2370 1503/3298/2665 1509/2916/2371
f 1744/2918/2372 1752/3299/2666 1754/2706/2219
f 1725/2738/2272 1730/3300/2667 1729/2739/2273
f 1505/2920/2668 1607/3301/2668 1730/2921/2668
f 1726/2913/2368 1608/2922/2376 1731/3302/2661
f 1727/2917/2268 1509/2916/2371 1609/2924/2378
f 1728/2919/2373 1754/2706/2219 1610/2708/2221
f 1751/2670/2186 1499/2672/2188 1767/2927/2380
f 1550/2928/2181 1551/3303/2181 1739/2659/2176
f 1601/3304/2669 1502/2929/2381 1791/2934/2387
f 1552/2930/2181 1553/2941/2181 1741/2665/2181
f 1736/2713/2227 1600/2713/2657 1550/2713/2238
f 1742/2714/2230 1768/2714/2670 1773/2714/2382
f 1737/2715/2233 1602/2715/2658 1552/2715/2243
f 1743/2716/2236 1770/2716/2671 1775/2716/2383
f 1722/2931/2384 1735/3261/2649 1785/2669/2185
f 1724/2933/2386 1601/3304/2669 1791/2934/2387
f 1500/2938/2390 1722/2931/2384 1721/2720/2254
f 1503/2941/2393 1724/2933/2386 1804/2940/2392
f 1771/2668/2184 1752/2667/2183 1744/2936/2389
f 1485/2942/2395 1762/3305/2672 1746/2943/2396
f 1747/2576/2097 1447/3306/2673 1486/2577/2098
f 1746/2649/2166 1762/2957/2401 1283/2647/2164
f 1749/2650/2167 1485/2942/2395 1745/2575/2096
f 1274/2582/2103 1275/2944/2397 1748/2583/2104
f 1275/2944/2397 1276/2946/973 1757/2945/972
f 1276/2946/973 1277/2950/2398 1758/2947/2398
f 1759/2953/978 1482/2948/2399 1278/2949/2399
f 1278/2949/2399 1279/2951/979 1759/2953/978
f 1279/2951/979 1280/2954/981 1760/2952/980
f 1280/2954/981 1281/2956/2400 1761/2955/982
f 1281/2956/2400 1282/2958/2402 1762/2957/2401
f 1290/2633/2151 1453/2634/2152 1289/2959/2403
f 1309/2594/2114 1472/2596/2116 1308/2960/2404
f 1594/2718/2252 1493/2534/2057 1763/2449/1972
f 1764/2530/2053 1479/2512/2035 1478/2515/2038
f 1478/2515/2038 1477/2509/2032 1765/2532/2055
f 1777/2726/2260 1802/3307/2674 1806/2962/2406
f 1794/2963/2407 1787/3308/2675 1768/2964/2408
f 1807/2559/2411 1782/3309/2676 1767/2966/2412
f 1800/2713/2677 1793/2713/2677 1799/2713/2677
f 1800/2713/2248 1776/2713/2655 1772/2713/2226
f 1789/2968/2418 1769/2660/2177 1788/2662/2179
f 1802/2715/2674 1796/2715/2427 1801/2715/2424
f 1802/2715/2248 1777/2715/2656 1774/2715/2232
f 1793/2969/2420 1795/2973/2678 1794/2970/2420
f 1772/2972/2415 1773/2657/2174 1795/2973/2422
f 1794/2714/2679 1795/2714/2679 1787/2714/2679
f 1795/2714/2248 1773/2714/2382 1768/2714/2670
f 1801/2974/2424 1796/2976/2427 1797/2965/2425
f 1796/2976/2427 1774/3260/2648 1775/2663/2180
f 1779/2975/2426 1797/2965/2425 1792/2965/2680
f 1797/2716/2248 1775/2716/2383 1770/2716/2671
f 1802/3307/2674 1801/3310/2424 1806/2962/2406
f 1848/1717/1331 1849/2985/2438 1812/1720/1334
f 1816/1871/1479 989/1869/1477 1853/2986/2439
f 1853/2986/2439 1854/2987/2440 1816/1871/1479
f 1817/1725/1339 990/1873/1481 1855/1726/1340
f 1868/1749/1362 1869/2988/2441 1830/1892/1499
f 1873/2989/2442 1874/3311/2681 1835/1897/1504
f 1835/1897/1504 1874/3311/2681 1875/1759/1370
f 1886/2991/2444 1846/2993/2446 1885/1560/1186
f 1848/2994/2447 1847/2992/2445 1886/2991/2444
f 1849/2995/2448 1848/2994/2447 1887/1559/1185
f 1889/1564/2451 1849/2995/2448 1888/1562/2449
f 1890/1566/2454 1851/2997/2452 1889/1564/2451
f 1891/2999/2456 1852/1724/1338 1851/1723/2682
f 1892/2998/2455 1853/2986/2439 1852/1724/1338
f 1893/1572/1198 1854/3000/2457 1892/1570/2455
f 1894/3001/2460 1855/1726/2459 1854/2987/2683
f 1895/1576/2462 1856/3002/2458 1894/1574/2460
f 1896/3312/2464 1857/1728/1342 1856/1727/2684
f 1897/3006/2463 1858/1731/1344 1857/1730/1342
f 1898/3005/2465 1859/1733/2467 1858/1731/1344
f 1899/3007/2466 1860/1735/2469 1859/1733/2467
f 1900/3008/2468 1861/1737/2471 1860/1735/2469
f 1901/3009/2470 1862/1739/2473 1861/1737/2471
f 1902/3010/2472 1863/1741/2475 1862/1739/2473
f 1903/1591/2477 1864/3011/2474 1902/1589/2472
f 1904/3313/2476 1865/1744/2479 1864/1743/2474
f 1905/3314/2478 1866/1745/2481 1865/1744/2479
f 1906/1597/2483 1867/3013/2480 1905/1595/2478
f 1907/1599/2486 1868/3016/2485 1867/3013/2685
f 1908/1600/1226 1869/3015/2484 1907/1599/2486
f 1909/1602/1228 1870/3315/2488 1869/3015/2484
f 1910/1603/2489 1870/3315/2488 1909/1602/1228
f 1872/1756/2686 1871/1752/2487 1910/3017/2489
f 1873/3019/2493 1872/3018/2490 1911/1605/2492
f 1874/3020/2494 1873/3019/2493 1912/1607/1233
f 1914/1611/2496 1874/3020/2494 1913/1609/1235
f 1876/3022/2687 1875/3021/2495 1914/1611/2496
f 1916/1615/2501 1876/3022/2497 1915/1613/2499
f 1878/3024/2502 1877/3023/2500 1916/1615/2501
f 1879/1766/2504 1878/1764/2502 1917/3316/2503
f 1880/1768/2506 1879/1766/2504 1918/3026/2505
f 1881/1770/2508 1880/1768/2506 1919/3027/2507
f 1882/3029/2510 1881/3028/2508 1920/1623/2509
f 1922/1627/2513 1882/3029/2510 1921/1625/2511
f 1923/1775/2688 1883/1773/2512 1922/3030/2513
f 1884/3032/2515 1923/3031/2514 1924/1629/1255
f 1885/1560/1186 1846/2993/2446 1884/3032/2515
f 939/1579/1205 1897/3003/2516 1896/1578/1204
f 890/3036/2520 1926/3038/2522 1925/3034/2518
f 891/3037/2521 1927/3078/2524 1926/3038/2522
f 892/3039/2523 1928/3043/2526 1927/3040/2524
f 893/3042/2525 1929/3045/2528 1928/3043/2526
f 894/3044/2527 1930/3047/2530 1929/3045/2528
f 895/3046/2529 1931/3049/2532 1930/3047/2530
f 896/3048/2531 1932/3084/2534 1931/3049/2532
f 2152/3050/2533 1933/3054/2536 1932/3051/2534
f 2152/3050/2533 897/3055/2537 1934/3053/2535
f 897/3055/2537 898/3057/2539 1935/3056/2538
f 898/3057/2539 908/3059/2541 1936/3058/2540
f 908/3059/2541 909/3317/2543 1937/3060/2542
f 909/3061/2543 900/3064/2545 1938/3062/2544
f 900/3064/2545 905/3066/2547 1939/3065/2546
f 905/3066/2547 910/3068/2549 1940/3067/2548
f 910/3068/2549 911/3071/2552 1942/3070/2551
f 911/3071/2552 902/3318/2555 1943/3072/2553
f 906/3073/2554 1944/3076/2556 1943/3074/2553
f 907/3035/2519 1945/3100/2576 1944/3076/2556
f 907/3035/2519 1925/3034/2518 1945/3100/2576
f 1925/3034/2518 1947/3077/2557 1946/3103/2579
f 1926/3038/2522 1948/3079/2558 1947/3077/2557
f 1927/3040/2524 1949/3080/2559 1948/3106/2558
f 1928/3043/2526 1950/3081/2560 1949/3080/2559
f 1929/3045/2528 1951/3082/2561 1950/3081/2560
f 1930/3047/2530 1952/3083/2562 1951/3082/2561
f 1931/3049/2532 1953/3085/2563 1952/3083/2562
f 1932/3051/2534 1954/3086/2564 1953/3112/2563
f 1933/3054/2536 1934/3053/2535 1955/3087/2565
f 1934/3053/2535 1935/3056/2538 1956/3088/2566
f 1935/3056/2538 1936/3058/2540 1957/3089/2567
f 1936/3058/2540 1937/3060/2542 1958/3090/2568
f 1937/3063/2542 1938/3062/2544 1959/3091/2569
f 1938/3062/2544 1939/3065/2546 1960/3093/2570
f 1939/3065/2546 1940/3067/2548 1961/3094/2571
f 1940/3067/2548 1941/3069/2550 1962/3095/2572
f 1941/3069/2550 1942/3070/2551 1963/3096/2573
f 1942/3070/2551 1943/3072/2553 1964/3097/2574
f 1944/3076/2556 1966/3101/2577 1965/3098/2575
f 1925/3034/2518 1946/3103/2579 1966/3101/2577
f 1947/3077/2557 1968/3104/2580 1967/3102/2578
f 1948/3079/2558 1969/3132/2581 1968/3104/2580
f 1949/3080/2559 1970/3107/2582 1969/3105/2581
f 1950/3081/2560 1971/3108/2583 1970/3107/2582
f 1951/3082/2561 1972/3109/2584 1971/3108/2583
f 1952/3083/2562 1973/3110/2585 1972/3109/2584
f 1953/3085/2563 1974/3319/2586 1973/3110/2585
f 1954/3086/2564 1975/3114/2588 1974/3111/2586
f 1954/3086/2564 1955/3087/2565 1976/3113/2587
f 1955/3087/2565 1956/3088/2566 1977/3115/2589
f 1956/3088/2566 1957/3089/2567 1978/3116/2590
f 1957/3089/2567 1958/3090/2568 1979/3117/2591
f 1958/3092/2568 1959/3091/2569 1980/3120/2592
f 1959/3091/2569 1960/3093/2570 1981/3119/2593
f 1960/3093/2570 1961/3094/2571 1982/3121/2594
f 1961/3094/2571 1962/3095/2572 1983/3122/2595
f 1962/3095/2572 1963/3096/2573 1984/3123/2596
f 1963/3096/2573 1964/3097/2574 1985/3124/2597
f 1964/3099/2574 1965/3098/2575 1986/3125/2598
f 1965/3098/2575 1987/3127/2599 1986/3125/2598
f 1966/3101/2577 1988/3128/2600 1987/3127/2599
f 1946/3103/2579 1967/3102/2578 1988/3128/2600
f 1967/3102/2578 1968/3104/2580 1990/3129/2601
f 1968/3104/2580 1969/3132/2581 1991/3131/2603
f 1969/3105/2581 1970/3107/2582 1992/3135/2604
f 1970/3107/2582 1971/3108/2583 1993/3134/2605
f 1971/3108/2583 1972/3109/2584 1994/3136/2606
f 1972/3109/2584 1973/3110/2585 1995/3137/2607
f 1973/3110/2585 1974/3319/2586 1996/3138/2608
f 1974/3111/2586 1975/3114/2588 1997/3139/2609
f 1976/3113/2587 1998/3141/2610 1997/3139/2609
f 1977/3115/2589 1999/3142/2611 1998/3141/2610
f 1978/3116/2590 2000/3143/2612 1999/3142/2611
f 1979/3117/2591 2001/3144/2613 2000/3143/2612
f 1980/3120/2592 2002/3145/2614 2001/3320/2613
f 1981/3119/2593 2003/3146/2615 2002/3145/2614
f 1982/3121/2594 2004/3147/2616 2003/3146/2615
f 1983/3122/2595 2005/3148/2617 2004/3147/2616
f 1984/3123/2596 2006/3149/2618 2005/3148/2617
f 1985/3124/2597 2007/3321/2619 2006/3149/2618
f 1986/3125/2598 1987/3127/2599 2008/3151/2620
f 1987/3127/2599 1988/3128/2600 1989/3130/2602
f 1988/3128/2600 1967/3102/2578 1989/3130/2602
f 2011/3322/2689 2015/3323/2690 2016/3324/2691
f 2025/3325/2692 2029/3326/2693 2030/3327/2694
f 2039/3328/2695 2043/3329/2696 2044/3330/2697
f 2053/3331/2698 2057/3332/2699 2058/3333/2700
f 2063/3334/2701 2021/3335/2702 2064/3336/2703
f 2026/3337/2704 2019/3338/2705 2027/3339/2704
f 2034/3340/2706 2068/3341/2707 2033/3342/2708
f 2040/3343/2709 2033/3342/2708 2041/3344/2709
f 2048/3345/2710 2042/3346/2711 2047/3347/2712
f 2054/3348/2698 2047/3347/2712 2055/3349/2698
f 2063/3334/2701 2014/3350/2713 2062/3351/2714
f 2069/3352/2715 2028/3353/2716 2068/3341/2707
f 2012/3354/2717 2014/3350/2713 2015/3323/2690
f 2016/3324/2691 2010/3355/2718 2011/3322/2689
f 2026/3337/2704 2028/3353/2716 2029/3326/2693
f 2030/3327/2694 2024/3356/2719 2025/3325/2692
f 2040/3343/2709 2042/3346/2711 2043/3329/2696
f 2044/3330/2697 2038/3357/2720 2039/3328/2695
f 2054/3348/2698 2056/3358/2721 2057/3332/2699
f 2058/3333/2700 2052/3359/2722 2053/3331/2698
f 2023/3360/2723 2019/3338/2705 2062/3351/2714
f 2062/3351/2714 2020/3361/2724 2063/3334/2701
f 2022/3362/2725 2064/3336/2703 2021/3335/2702
f 2024/3356/2719 2021/3335/2702 2025/3325/2692
f 2025/3325/2692 2020/3361/2724 2026/3337/2704
f 2018/3363/2726 2027/3339/2704 2019/3338/2705
f 2036/3364/2727 2070/3365/2728 2035/3366/2729
f 2035/3366/2729 2069/3352/2715 2034/3340/2706
f 2037/3367/2730 2033/3342/2708 2068/3341/2707
f 2038/3357/2720 2035/3366/2729 2039/3328/2695
f 2039/3328/2695 2034/3340/2706 2040/3343/2709
f 2032/3368/2731 2041/3344/2709 2033/3342/2708
f 2050/3369/2732 2044/3330/2697 2049/3370/2733
f 2049/3370/2733 2043/3329/2696 2048/3345/2710
f 2051/3371/2734 2047/3347/2712 2042/3346/2711
f 2052/3359/2722 2049/3370/2733 2053/3331/2698
f 2053/3331/2698 2048/3345/2710 2054/3348/2698
f 2046/3372/2735 2055/3349/2698 2047/3347/2712
f 2065/3373/2736 2016/3324/2691 2064/3336/2703
f 2064/3336/2703 2015/3323/2690 2063/3334/2701
f 2060/3374/2737 2062/3351/2714 2014/3350/2713
f 2071/3375/2738 2030/3327/2694 2070/3365/2728
f 2070/3365/2728 2029/3326/2693 2069/3352/2715
f 2066/3376/2739 2068/3341/2707 2028/3353/2716
f 2077/3377/2740 2080/3378/2741 2078/3379/2742
f 2090/3380/2743 2094/3381/2744 2091/3382/2745
f 2104/3383/2746 2108/3384/2747 2105/3385/2748
f 2118/3386/2749 2122/3387/2750 2119/3388/2749
f 2127/3389/2751 2086/3390/2752 2085/3391/2753
f 2091/3382/2745 2084/3392/2754 2085/3391/2753
f 2099/3393/2755 2133/3394/2756 2134/3395/2757
f 2105/3385/2748 2098/3396/2758 2099/3393/2755
f 2113/3397/2759 2107/3398/2760 2108/3384/2747
f 2119/3388/2749 2112/3399/2761 2113/3397/2759
f 2127/3389/2751 2079/3400/2762 2080/3378/2741
f 2134/3395/2757 2093/3401/2763 2094/3381/2744
f 2078/3379/2742 2079/3400/2762 2075/3402/2764
f 2081/3403/2765 2076/3404/2766 2082/3405/2767
f 2088/3406/2768 2084/3392/2754 2083/3407/2769
f 2091/3382/2745 2093/3401/2763 2092/3408/2770
f 2095/3409/2771 2089/3410/2743 2096/3411/2772
f 2102/3412/2773 2098/3396/2758 2097/3413/2774
f 2105/3385/2748 2107/3398/2760 2106/3414/2748
f 2109/3415/2775 2103/3416/2776 2110/3417/2777
f 2116/3418/2778 2112/3399/2761 2111/3419/2779
f 2119/3388/2749 2121/3420/2780 2120/3421/2749
f 2123/3422/2781 2117/3423/2782 2124/3424/2783
f 2126/3425/2784 2079/3400/2762 2125/3426/2785
f 2125/3426/2785 2084/3392/2754 2088/3406/2768
f 2132/3427/2786 2093/3401/2763 2131/3428/2787
f 2131/3428/2787 2133/3394/2756 2102/3412/2773
f 2137/3429/2788 2107/3398/2760 2116/3418/2778
f 2087/3430/2789 2128/3431/2790 2129/3432/2791
f 2089/3410/2743 2086/3390/2752 2087/3430/2789
f 2090/3380/2743 2085/3391/2753 2086/3390/2752
f 2101/3433/2792 2135/3434/2793 2136/3435/2794
f 2100/3436/2795 2134/3395/2757 2135/3434/2793
f 2103/3416/2776 2100/3436/2795 2101/3433/2792
f 2104/3383/2746 2099/3393/2755 2100/3436/2795
f 2115/3437/2796 2109/3415/2775 2110/3417/2777
f 2114/3438/2797 2108/3384/2747 2109/3415/2775
f 2117/3423/2782 2114/3438/2797 2115/3437/2796
f 2118/3386/2749 2113/3397/2759 2114/3438/2797
f 2079/3400/2762 2126/3425/2784 2074/3439/2798
f 2129/3432/2791 2081/3403/2765 2082/3405/2767
f 2128/3431/2790 2080/3378/2741 2081/3403/2765
f 2093/3401/2763 2132/3427/2786 2083/3407/2769
f 2136/3435/2794 2095/3409/2771 2096/3411/2772
f 2135/3434/2793 2094/3381/2744 2095/3409/2771
f 2107/3398/2760 2137/3429/2788 2097/3413/2774
f 2121/3420/2780 2138/3440/2799 2111/3419/2779
f 2017/3441/2800 2076/3404/2801 2010/3442/2801
f 2018/3443/2802 2088/3406/2803 2083/3407/2804
f 2031/3444/2805 2089/3410/2806 2024/3445/2806
f 2032/3446/2807 2102/3412/2808 2097/3413/2809
f 2045/3447/2810 2103/3416/2811 2038/3448/2811
f 2046/3449/2812 2116/3418/2813 2111/3419/2814
f 2059/3450/2815 2117/3423/2816 2052/3451/2816
f 2060/3452/2817 2126/3425/2818 2125/3426/2819
f 2023/3453/2820 2125/3426/2819 2088/3406/2803
f 2066/3454/2821 2132/3427/2822 2131/3428/2823
f 2037/3455/2824 2131/3428/2823 2102/3412/2808
f 2051/3456/2825 2137/3429/2826 2116/3418/2813
f 2065/3457/2827 2087/3430/2828 2129/3432/2829
f 2022/3458/2830 2089/3410/2806 2087/3430/2828
f 2071/3459/2831 2101/3433/2832 2136/3435/2833
f 2036/3460/2834 2103/3416/2811 2101/3433/2832
f 2045/3447/2810 2115/3437/2835 2110/3417/2836
f 2050/3461/2837 2117/3423/2816 2115/3437/2835
f 2009/3462/2838 2126/3425/2818 2061/3463/2818
f 2017/3441/2800 2129/3432/2829 2082/3405/2839
f 2018/3443/2802 2132/3427/2822 2067/3464/2822
f 2031/3444/2805 2136/3435/2833 2096/3411/2840
f 2032/3446/2807 2137/3429/2826 2072/3465/2826
f 2046/3449/2812 2138/3440/2841 2073/3466/2842
f 2011/3322/2689 2012/3354/2717 2015/3323/2690
f 2025/3325/2692 2026/3337/2704 2029/3326/2693
f 2039/3328/2695 2040/3343/2709 2043/3329/2696
f 2053/3331/2698 2054/3348/2698 2057/3332/2699
f 2063/3334/2701 2020/3361/2724 2021/3335/2702
f 2026/3337/2704 2020/3361/2724 2019/3338/2705
f 2034/3340/2706 2069/3352/2715 2068/3341/2707
f 2040/3343/2709 2034/3340/2706 2033/3342/2708
f 2048/3345/2710 2043/3329/2696 2042/3346/2711
f 2054/3348/2698 2048/3345/2710 2047/3347/2712
f 2063/3334/2701 2015/3323/2690 2014/3350/2713
f 2069/3352/2715 2029/3326/2693 2028/3353/2716
f 2009/3467/2843 2014/3350/2713 2013/3468/2718
f 2012/3354/2717 2013/3468/2718 2014/3350/2713
f 2016/3324/2691 2017/3469/2844 2010/3355/2718
f 2023/3360/2723 2018/3363/2726 2019/3338/2705
f 2018/3363/2726 2028/3353/2716 2027/3339/2704
f 2026/3337/2704 2027/3339/2704 2028/3353/2716
f 2030/3327/2694 2031/3470/2845 2024/3356/2719
f 2037/3367/2730 2032/3368/2731 2033/3342/2708
f 2032/3368/2731 2042/3346/2711 2041/3344/2709
f 2040/3343/2709 2041/3344/2709 2042/3346/2711
f 2044/3330/2697 2045/3471/2846 2038/3357/2720
f 2051/3371/2734 2046/3372/2735 2047/3347/2712
f 2046/3372/2735 2056/3358/2721 2055/3349/2698
f 2054/3348/2698 2055/3349/2698 2056/3358/2721
f 2058/3333/2700 2059/3472/2847 2052/3359/2722
f 2061/3473/2848 2060/3374/2737 2014/3350/2713
f 2060/3374/2737 2023/3360/2723 2062/3351/2714
f 2067/3474/2849 2066/3376/2739 2028/3353/2716
f 2066/3376/2739 2037/3367/2730 2068/3341/2707
f 2072/3475/2850 2051/3371/2734 2042/3346/2711
f 2062/3351/2714 2019/3338/2705 2020/3361/2724
f 2022/3362/2725 2065/3373/2736 2064/3336/2703
f 2024/3356/2719 2022/3362/2725 2021/3335/2702
f 2025/3325/2692 2021/3335/2702 2020/3361/2724
f 2036/3364/2727 2071/3375/2738 2070/3365/2728
f 2035/3366/2729 2070/3365/2728 2069/3352/2715
f 2038/3357/2720 2036/3364/2727 2035/3366/2729
f 2039/3328/2695 2035/3366/2729 2034/3340/2706
f 2050/3369/2732 2045/3471/2846 2044/3330/2697
f 2049/3370/2733 2044/3330/2697 2043/3329/2696
f 2052/3359/2722 2050/3369/2732 2049/3370/2733
f 2053/3331/2698 2049/3370/2733 2048/3345/2710
f 2014/3350/2713 2009/3467/2843 2061/3473/2848
f 2065/3373/2736 2017/3469/2844 2016/3324/2691
f 2064/3336/2703 2016/3324/2691 2015/3323/2690
f 2028/3353/2716 2018/3363/2726 2067/3474/2849
f 2071/3375/2738 2031/3470/2845 2030/3327/2694
f 2070/3365/2728 2030/3327/2694 2029/3326/2693
f 2042/3346/2711 2032/3368/2731 2072/3475/2850
f 2056/3358/2721 2046/3372/2735 2073/3476/2851
f 2077/3377/2740 2081/3403/2765 2080/3378/2741
f 2090/3380/2743 2095/3409/2771 2094/3381/2744
f 2104/3383/2746 2109/3415/2775 2108/3384/2747
f 2113/3397/2759 2112/3399/2761 2107/3398/2760
f 2118/3386/2749 2123/3422/2781 2122/3387/2750
f 2127/3389/2751 2084/3392/2754 2130/3477/2852
f 2127/3389/2751 2128/3431/2790 2086/3390/2752
f 2091/3382/2745 2092/3408/2770 2084/3392/2754
f 2099/3393/2755 2098/3396/2758 2133/3394/2756
f 2105/3385/2748 2106/3414/2748 2098/3396/2758
f 2119/3388/2749 2120/3421/2749 2112/3399/2761
f 2127/3389/2751 2130/3477/2852 2079/3400/2762
f 2134/3395/2757 2133/3394/2756 2093/3401/2763
f 2075/3402/2764 2079/3400/2762 2074/3439/2798
f 2078/3379/2742 2080/3378/2741 2079/3400/2762
f 2081/3403/2765 2077/3377/2740 2076/3404/2766
f 2092/3408/2770 2093/3401/2763 2083/3407/2769
f 2091/3382/2745 2094/3381/2744 2093/3401/2763
f 2095/3409/2771 2090/3380/2743 2089/3410/2743
f 2106/3414/2748 2107/3398/2760 2097/3413/2774
f 2105/3385/2748 2108/3384/2747 2107/3398/2760
f 2109/3415/2775 2104/3383/2746 2103/3416/2776
f 2116/3418/2778 2107/3398/2760 2112/3399/2761
f 2120/3421/2749 2121/3420/2780 2111/3419/2779
f 2119/3388/2749 2122/3387/2750 2121/3420/2780
f 2123/3422/2781 2118/3386/2749 2117/3423/2782
f 2125/3426/2785 2130/3477/2852 2084/3392/2754
f 2084/3392/2754 2127/3389/2751 2085/3391/2753
f 2087/3430/2789 2086/3390/2752 2128/3431/2790
f 2089/3410/2743 2090/3380/2743 2086/3390/2752
f 2090/3380/2743 2091/3382/2745 2085/3391/2753
f 2083/3407/2769 2084/3392/2754 2092/3408/2770
f 2101/3433/2792 2100/3436/2795 2135/3434/2793
f 2100/3436/2795 2099/3393/2755 2134/3395/2757
f 2102/3412/2773 2133/3394/2756 2098/3396/2758
f 2103/3416/2776 2104/3383/2746 2100/3436/2795
f 2104/3383/2746 2105/3385/2748 2099/3393/2755
f 2097/3413/2774 2098/3396/2758 2106/3414/2748
f 2115/3437/2796 2114/3438/2797 2109/3415/2775
f 2114/3438/2797 2113/3397/2759 2108/3384/2747
f 2117/3423/2782 2118/3386/2749 2114/3438/2797
f 2118/3386/2749 2119/3388/2749 2113/3397/2759
f 2111/3419/2779 2112/3399/2761 2120/3421/2749
f 2129/3432/2791 2128/3431/2790 2081/3403/2765
f 2128/3431/2790 2127/3389/2751 2080/3378/2741
f 2125/3426/2785 2079/3400/2762 2130/3477/2852
f 2136/3435/2794 2135/3434/2793 2095/3409/2771
f 2135/3434/2793 2134/3395/2757 2094/3381/2744
f 2131/3428/2787 2093/3401/2763 2133/3394/2756
f 2017/3441/2800 2082/3405/2839 2076/3404/2801
f 2018/3443/2802 2023/3453/2820 2088/3406/2803
f 2031/3444/2805 2096/3411/2840 2089/3410/2806
f 2032/3446/2807 2037/3455/2824 2102/3412/2808
f 2045/3447/2810 2110/3417/2836 2103/3416/2811
f 2046/3449/2812 2051/3456/2825 2116/3418/2813
f 2059/3450/2815 2124/3424/2853 2117/3423/2816
f 2060/3452/2817 2061/3463/2818 2126/3425/2818
f 2023/3453/2820 2060/3452/2817 2125/3426/2819
f 2066/3454/2821 2067/3464/2822 2132/3427/2822
f 2037/3455/2824 2066/3454/2821 2131/3428/2823
f 2051/3456/2825 2072/3465/2826 2137/3429/2826
f 2065/3457/2827 2022/3458/2830 2087/3430/2828
f 2022/3458/2830 2024/3445/2806 2089/3410/2806
f 2071/3459/2831 2036/3460/2834 2101/3433/2832
f 2036/3460/2834 2038/3448/2811 2103/3416/2811
f 2045/3447/2810 2050/3461/2837 2115/3437/2835
f 2050/3461/2837 2052/3451/2816 2117/3423/2816
f 2009/3462/2838 2074/3439/2854 2126/3425/2818
f 2017/3441/2800 2065/3457/2827 2129/3432/2829
f 2018/3443/2802 2083/3407/2804 2132/3427/2822
f 2031/3444/2805 2071/3459/2831 2136/3435/2833
f 2032/3446/2807 2097/3413/2809 2137/3429/2826
f 2046/3449/2812 2111/3419/2814 2138/3440/2841
s 0
f 2138/3478/2855 2056/3478/2855 2073/3478/2855
f 2121/3478/2856 2056/3478/2856 2138/3478/2856
f 2121/3478/2856 2057/3478/2856 2056/3478/2856
f 2122/3478/2855 2057/3478/2855 2121/3478/2855
f 2122/3478/2855 2123/3478/2855 2057/3478/2855
f 2074/3478/2857 2009/3478/2857 2013/3478/2857
f 2123/3478/2855 2124/3478/2855 2058/3478/2855
f 2123/3478/2855 2058/3478/2855 2057/3478/2855
f 2124/3478/2855 2059/3478/2855 2058/3478/2855
f 2075/3478/2857 2074/3478/2857 2013/3478/2857
f 2075/3478/2857 2013/3478/2857 2012/3478/2857
f 2078/3478/2857 2075/3478/2857 2012/3478/2857
f 2078/3478/2857 2012/3478/2857 2011/3478/2857
f 2077/3478/2857 2078/3478/2857 2011/3478/2857
f 2077/3478/2857 2011/3478/2857 2010/3478/2857
f 2076/3478/2857 2077/3478/2857 2010/3478/2857
