# Blender 4.0.0
# www.blender.org
o Spray003
v 0.01950200 -0.04122400 -0.12377950
v 0.02513000 -0.03716700 -0.11878150
v 0.00000000 -0.04808400 -0.12412450
v 0.00000000 -0.04668400 -0.12788850
v 0.00626600 -0.04353700 -0.13036550
v 0.00000000 -0.04415400 -0.13036550
v -0.00626600 -0.04353700 -0.13036550
v -0.01088400 -0.03831200 -0.13120250
v 0.01325800 -0.04404600 -0.12788850
v 0.00675900 -0.04601700 -0.12788850
v 0.01229100 -0.04170900 -0.13036550
v -0.02364800 -0.02783800 -0.13120250
v -0.02670500 -0.02988000 -0.13036550
v 0.03485600 -0.00510300 -0.11878150
v 0.03553800 -0.01203700 -0.11878150
v 0.00000000 0.02350200 -0.11878150
v -0.00693400 0.02282000 -0.11878150
v -0.03150100 -0.01830300 -0.13036550
v -0.03211800 -0.01203700 -0.13036550
v -0.02789400 -0.00648900 -0.13120250
v -0.03150100 -0.00577200 -0.13036550
v -0.02967300 0.00025500 -0.13036550
v -0.01360000 0.02079700 -0.11878150
v -0.01784300 0.01466900 -0.13036550
v -0.01088400 0.01423900 -0.13120250
v -0.02271100 0.01067300 -0.13036550
v 0.02271000 -0.03474800 -0.13036550
v 0.01924800 -0.04084300 -0.12788850
v 0.02002700 -0.04200800 -0.12412450
v 0.02880700 -0.03128400 -0.12788850
v 0.02449800 -0.03653500 -0.12788850
v 0.01088400 0.01423900 -0.13120250
v 0.01229100 0.01763700 -0.13036550
v 0.00626600 0.01946400 -0.13036550
v 0.01784400 0.01466900 -0.13036550
v 0.02011000 0.00807300 -0.13120250
v 0.02271000 0.01067300 -0.13036550
v 0.03330300 -0.02583100 -0.12412450
v 0.02997200 -0.03206400 -0.12412450
v 0.02670500 0.00580800 -0.13036550
v 0.00000000 -0.04757600 -0.11878150
v 0.02967300 0.00025500 -0.13036550
v 0.02789400 -0.00648900 -0.13120250
v 0.02844000 -0.01203700 -0.13120250
v 0.03150000 -0.00577200 -0.13036550
v 0.03150000 -0.01830300 -0.13036550
v 0.03211800 -0.01203700 -0.13036550
v -0.01343400 0.02039400 -0.12377950
v -0.01950300 0.01715000 -0.12377950
v -0.01974400 0.01751300 -0.11878150
v -0.02482200 0.01278400 -0.12377950
v 0.02967300 -0.02432700 -0.13036550
v 0.03200900 -0.02529500 -0.12788850
v 0.02011000 -0.03214800 -0.13120250
v 0.01784400 -0.03874100 -0.13036550
v 0.03464600 -0.01203700 -0.12788850
v 0.03398000 -0.01879700 -0.12788850
v 0.02670500 -0.02988000 -0.13036550
v 0.03283300 0.00156400 -0.11878150
v 0.03553900 -0.01203700 -0.00032650
v 0.03485600 -0.01897000 -0.00032650
v 0.03283300 -0.02563600 -0.00032650
v 0.02954900 -0.03178000 -0.11878150
v 0.02954900 -0.03178000 -0.00032650
v 0.02513000 -0.03716700 -0.00032650
v 0.01974400 -0.04158500 -0.11878150
v 0.01974400 -0.04158500 -0.00032650
v 0.01360000 -0.04487000 -0.11878150
v 0.01360000 -0.04487000 -0.00032650
v 0.00693300 -0.04689200 -0.11878150
v 0.00693300 -0.04689200 -0.00032650
v 0.00000000 -0.04757600 -0.00032650
v -0.00693300 -0.04689200 -0.00032650
v -0.01360000 -0.04487000 -0.11878150
v -0.01360000 -0.04487000 -0.00032650
v -0.01974400 -0.04158500 -0.11878150
v -0.01974400 -0.04158500 -0.00032650
v -0.02513000 -0.03716700 -0.00032650
v -0.02955000 -0.03178000 -0.00032650
v -0.03283400 -0.02563600 -0.00032650
v -0.03485600 -0.01897000 -0.00032650
v -0.03553900 -0.01203700 -0.00032650
v -0.03485600 -0.00510300 -0.00032650
v -0.03283400 0.00156400 -0.00032650
v -0.02955000 0.00770800 -0.11878150
v -0.02955000 0.00770800 -0.00032650
v -0.02513000 0.01309200 -0.11878150
v -0.02513000 0.01309200 -0.00032650
v -0.01974400 0.01751300 -0.00032650
v -0.01360000 0.02079700 -0.00032650
v -0.00693400 0.02282000 -0.00032650
v 0.00000000 0.02350200 -0.00032650
v 0.00693300 0.02282000 -0.00032650
v 0.01360000 0.02079700 -0.00032650
v 0.01974400 0.01751300 -0.00032650
v 0.02513000 0.01309200 -0.11878150
v 0.02513000 0.01309200 -0.00032650
v 0.02954900 0.00770800 -0.00032650
v 0.03283300 0.00156400 -0.00032650
v 0.03485600 -0.00510300 -0.00032650
v 0.03200900 0.00122100 -0.12788850
v 0.02954900 0.00770800 -0.11878150
v 0.03243100 0.00139600 -0.12377950
v -0.03283400 0.00156400 -0.11878150
v -0.02918700 0.00746600 -0.12377950
v 0.02997200 0.00798900 -0.12412450
v 0.02880700 0.00721200 -0.12788850
v -0.03485600 -0.00510300 -0.11878150
v 0.02449800 0.01246100 -0.12788850
v 0.01924800 0.01677100 -0.12788850
v 0.00703200 0.02331800 -0.12412450
v 0.01379400 0.02126700 -0.12412450
v 0.01325800 0.01997100 -0.12788850
v -0.03553900 -0.01203700 -0.11878150
v 0.00000000 0.02401100 -0.12412450
v 0.00000000 0.02260900 -0.12788850
v 0.00675900 0.02194200 -0.12788850
v 0.03398000 -0.00527800 -0.12788850
v 0.03604700 -0.01203700 -0.12412450
v -0.03485600 -0.01897000 -0.11878150
v -0.03510300 -0.01203700 -0.12377950
v -0.01325900 0.01997100 -0.12788850
v -0.01229100 0.01763700 -0.13036550
v -0.01924900 0.01677100 -0.12788850
v 0.01932100 -0.04095400 0.00043450
v 0.02891600 -0.03135700 0.00043450
v 0.02939100 -0.03167600 0.00024450
v 0.02499500 -0.03703200 0.00024450
v 0.03410900 -0.01882100 0.00043450
v 0.03213000 -0.02534600 0.00043450
v 0.03466900 -0.01893200 0.00024450
v 0.02459100 -0.03662800 0.00043450
v -0.03283400 -0.02563600 -0.11878150
v 0.03410900 -0.00525100 0.00043450
v 0.03477700 -0.01203700 0.00043450
v 0.03466900 -0.00514000 0.00024450
v 0.03265800 0.00149100 0.00024450
v 0.03213000 0.00127200 0.00043450
v 0.01963800 0.01735300 0.00024450
v 0.01932100 0.01687900 0.00043450
v 0.01330900 0.02009300 0.00043450
v 0.00000000 0.02274000 0.00043450
v -0.02449800 0.01246100 -0.12788850
v 0.03485600 -0.01897000 -0.11878150
v 0.03283300 -0.02563600 -0.11878150
v 0.03442900 -0.01888600 -0.12377950
v 0.00000000 0.02331100 0.00024450
v -0.01330900 0.02009300 0.00043450
v -0.02459100 0.01255400 0.00043450
v -0.01932100 0.01687900 0.00043450
v -0.01963900 0.01735300 0.00024450
v -0.02939100 0.00760100 0.00024450
v -0.02891700 0.00728500 0.00043450
v -0.03410900 -0.00525100 0.00043450
v -0.03466900 -0.00514000 0.00024450
v -0.03477700 -0.01203700 0.00043450
v -0.02955000 -0.03178000 -0.11878150
v -0.03243100 -0.02547000 -0.12377950
v -0.02549000 0.01345300 -0.12412450
v -0.02997200 0.00798900 -0.12412450
v -0.03200900 0.00122100 -0.12788850
v -0.02880700 0.00721200 -0.12788850
v -0.02670500 0.00580700 -0.13036550
v -0.02459100 -0.03662800 0.00043450
v -0.01932100 -0.04095400 0.00043450
v -0.01330900 -0.04416800 0.00043450
v 0.00000000 -0.04681400 0.00043450
v -0.00678500 -0.04614600 0.00043450
v 0.00000000 -0.04738600 0.00024450
v -0.00689600 -0.04670600 0.00024450
v -0.03466900 -0.01893200 0.00024450
v 0.01974400 0.01751300 -0.11878150
v -0.03464600 -0.01203700 -0.12788850
v -0.03398100 -0.00527800 -0.12788850
v -0.03535500 -0.00500500 -0.12412450
v 0.00000000 0.02008200 -0.13036550
v -0.00626600 0.01946400 -0.13036550
v -0.00675900 0.02194200 -0.12788850
v -0.03535500 -0.01906900 -0.12412450
v -0.02513000 -0.03716700 -0.11878150
v -0.01950300 -0.04122400 -0.12377950
v -0.03330400 -0.02583100 -0.12412450
v -0.03200900 -0.02529500 -0.12788850
v -0.03398100 -0.01879700 -0.12788850
v -0.02967300 -0.02432700 -0.13036550
v 0.01352800 -0.04469500 0.00024450
v 0.00689600 -0.04670600 0.00024450
v -0.02880700 -0.03128400 -0.12788850
v 0.01963800 -0.04142800 0.00024450
v 0.03265800 -0.02556300 0.00024450
v 0.00693300 0.02282000 -0.11878150
v 0.01360000 0.02079700 -0.11878150
v 0.00684800 0.02239200 -0.12377950
v 0.03534800 -0.01203700 0.00024450
v -0.02549000 -0.03752600 -0.12412450
v 0.02499500 0.01295900 0.00024450
v 0.02939100 0.00760200 0.00024450
v 0.00689600 0.02263100 0.00024450
v 0.01352800 0.02062000 0.00024450
v -0.00693300 -0.04689200 -0.11878150
v -0.00689600 0.02263100 0.00024450
v -0.01352700 0.02062000 0.00024450
v -0.02499500 0.01295900 0.00024450
v -0.03265800 0.00149100 0.00024450
v -0.03534900 -0.01203700 0.00024450
v -0.02271100 -0.03474800 -0.13036550
v -0.01784300 -0.03874100 -0.13036550
v -0.02449800 -0.03653500 -0.12788850
v -0.02002700 -0.04200800 -0.12412450
v -0.01924800 -0.04084300 -0.12788850
v -0.03265800 -0.02556300 0.00024450
v -0.01963900 -0.04142800 0.00024450
v -0.01352700 -0.04469500 0.00024450
v -0.02939100 -0.03167600 0.00024450
v -0.02499500 -0.03703200 0.00024450
v -0.00703300 -0.04739300 -0.12412450
v -0.00675900 -0.04601700 -0.12788850
v -0.01325900 -0.04404600 -0.12788850
v -0.01229100 -0.04170900 -0.13036550
v -0.00971300 -0.02657300 0.05324450
v -0.00669000 -0.02819000 0.05324450
v -0.00630300 -0.02725300 0.05087950
v -0.00341100 -0.02918400 0.05324450
v 0.00000000 -0.02951900 0.05324450
v 0.00341100 -0.02918400 0.05324450
v 0.00630300 -0.02725300 0.05087950
v 0.00971300 -0.02657300 0.05324450
v 0.01615400 -0.01525100 0.05087950
v 0.01748300 -0.01203700 0.05324450
v 0.01647000 -0.01203700 0.05087950
v 0.01714700 -0.00862700 0.05324450
v 0.01615400 -0.00882400 0.05087950
v 0.01236200 0.00032600 0.05324450
v 0.00971300 0.00250100 0.05324450
v 0.00669000 0.00411500 0.05324450
v 0.00341100 0.00511000 0.05324450
v 0.00000000 0.00544600 0.05324450
v -0.00321300 0.00411800 0.05087950
v -0.00630300 0.00318100 0.05087950
v -0.00971300 0.00250100 0.05324450
v -0.01236300 0.00032600 0.05324450
v -0.01164700 -0.00039000 0.05087950
v -0.01453600 -0.00232300 0.05324450
v -0.01615200 -0.00534600 0.05324450
v -0.01748300 -0.01203700 0.05324450
v -0.01647100 -0.01203700 0.05087950
v -0.01615400 -0.01525100 0.05087950
v -0.01615200 -0.01872800 0.05324450
v -0.01521700 -0.01834100 0.05087950
v -0.01453600 -0.02174900 0.05324450
v -0.01164700 -0.02368300 0.05087950
v -0.01658200 -0.01890500 0.04851550
v -0.01657800 -0.01533500 0.04615050
v -0.01760300 -0.01553900 0.04851550
v -0.01657800 -0.00873900 0.04615050
v -0.01760300 -0.00853600 0.04851550
v -0.01561600 -0.00556800 0.04615050
v -0.01658200 -0.00516900 0.04851550
v -0.01405400 -0.00264600 0.04615050
v -0.01492300 -0.00206600 0.04851550
v -0.01195200 -0.00008400 0.04615050
v -0.01269100 0.00065400 0.04851550
v -0.00939100 0.00201800 0.04615050
v -0.00997200 0.00288600 0.04851550
v -0.00646900 0.00357900 0.04615050
v -0.00329800 0.00454100 0.04615050
v 0.00329700 0.00454100 0.04615050
v 0.00350200 0.00556600 0.04851550
v 0.00686800 0.00454500 0.04851550
v 0.00997100 0.00288600 0.04851550
v 0.01269100 0.00065400 0.04851550
v 0.01405400 -0.00264600 0.04615050
v 0.01492300 -0.00206600 0.04851550
v 0.01658100 -0.01890500 0.04851550
v 0.01492300 -0.02200800 0.04851550
v 0.01195200 -0.02398900 0.04615050
v 0.00646800 -0.02765200 0.04615050
v 0.00329700 -0.02861500 0.04615050
v 0.00000000 -0.02998400 0.04851550
v -0.00686800 -0.02861700 0.04851550
v -0.00939100 -0.02609000 0.04615050
v -0.00997200 -0.02696100 0.04851550
v -0.01269100 -0.02472800 0.04851550
v -0.01405400 -0.02142800 0.04615050
v -0.01492300 -0.02200800 0.04851550
v -0.01149600 0.00516700 0.07405650
v -0.00791900 0.00708100 0.06355150
v -0.00791900 0.00708100 0.07405650
v -0.00403700 0.00825700 0.07405650
v 0.00403700 0.00825700 0.07405650
v 0.01149600 0.00516700 0.06355150
v 0.01149600 0.00516700 0.07405650
v 0.01463100 0.00259400 0.06355150
v 0.01463100 0.00259400 0.07405650
v 0.01720500 -0.00054000 0.06355150
v 0.01720500 -0.00054000 0.07405650
v 0.01911700 -0.00411900 0.07405650
v 0.02029400 -0.01607300 0.06355150
v 0.02029400 -0.01607300 0.07405650
v 0.01720500 -0.02353200 0.06355150
v 0.01720500 -0.02353200 0.07405650
v 0.01463100 -0.02666800 0.06355150
v 0.01463100 -0.02666800 0.07405650
v 0.01149600 -0.02924200 0.06355150
v 0.01149600 -0.02924200 0.07405650
v 0.00791800 -0.03115300 0.06355150
v 0.00403700 -0.03233200 0.06355150
v -0.00403700 -0.03233200 0.07405650
v -0.01149600 -0.02924200 0.07405650
v -0.02069200 -0.01203700 0.06355150
v -0.02029500 -0.00800000 0.06355150
v -0.02029500 -0.00800000 0.07405650
v -0.01911700 -0.00411900 0.06355150
v -0.01463100 0.00259400 0.07405650
v -0.02001900 -0.04199700 0.00389950
v -0.01991300 -0.04183800 0.00189350
v -0.02547900 -0.03751400 0.00389950
v -0.02534400 -0.03738200 0.00189350
v -0.02996000 -0.03205500 0.00389950
v -0.03329000 -0.02582700 0.00389950
v -0.03311400 -0.02575400 0.00189350
v -0.03534000 -0.01906700 0.00389950
v -0.03603200 -0.01203700 0.00389950
v -0.03584200 -0.01203700 0.00189350
v -0.03534000 -0.00500800 0.00389950
v -0.03329000 0.00175200 0.00389950
v -0.02996000 0.00798200 0.00389950
v -0.02547900 0.01344200 0.00389950
v -0.02001900 0.01792300 0.00389950
v -0.01378900 0.02125400 0.00389950
v -0.01371600 0.02107600 0.00189350
v -0.00702900 0.02330200 0.00389950
v -0.00699200 0.02311600 0.00189350
v 0.00000000 0.02399600 0.00389950
v 0.00702900 0.02330200 0.00389950
v 0.01378900 0.02125400 0.00389950
v 0.02001800 0.01792300 0.00389950
v 0.01991300 0.01776500 0.00189350
v 0.02547900 0.01344200 0.00389950
v 0.02534400 0.01330700 0.00189350
v 0.02996000 0.00798200 0.00389950
v 0.03329000 0.00175200 0.00389950
v 0.03534000 -0.00500700 0.00389950
v 0.03515300 -0.00504500 0.00189350
v 0.03603300 -0.01203700 0.00389950
v 0.03534000 -0.01906700 0.00389950
v 0.03329000 -0.02582700 0.00389950
v 0.03311300 -0.02575400 0.00189350
v 0.02996000 -0.03205500 0.00389950
v 0.02547900 -0.03751400 0.00389950
v 0.02534400 -0.03738200 0.00189350
v 0.02001800 -0.04199700 0.00389950
v 0.01378900 -0.04532600 0.00389950
v 0.01371600 -0.04515100 0.00189350
v 0.00702900 -0.04737700 0.00389950
v 0.00000000 -0.04806800 0.00389950
v 0.00000000 -0.04788000 0.00189350
v -0.00702900 -0.04737700 0.00389950
v -0.00699200 -0.04719100 0.00189350
v -0.01378900 -0.04532600 0.00389950
v -0.01378900 -0.04532600 0.00440750
v -0.02001900 -0.04199700 0.00440750
v -0.02547900 -0.03751400 0.00440750
v -0.02996000 -0.03205500 0.00440750
v -0.03329000 -0.02582700 0.00440750
v -0.03534000 -0.01906700 0.00440750
v -0.03603200 -0.01203700 0.00440750
v -0.03534000 -0.00500800 0.00440750
v -0.03329000 0.00175200 0.00440750
v -0.02996000 0.00798200 0.00440750
v -0.02547900 0.01344200 0.00440750
v -0.02001900 0.01792300 0.00440750
v -0.01378900 0.02125400 0.00440750
v -0.00702900 0.02330200 0.00440750
v 0.00000000 0.02399600 0.00440750
v 0.00702900 0.02330200 0.00440750
v 0.01378900 0.02125400 0.00440750
v 0.02001800 0.01792300 0.00440750
v 0.02547900 0.01344200 0.00440750
v 0.02996000 0.00798200 0.00440750
v 0.03329000 0.00175200 0.00440750
v 0.03534000 -0.00500700 0.00440750
v 0.03603300 -0.01203700 0.00440750
v 0.03534000 -0.01906700 0.00440750
v 0.03329000 -0.02582700 0.00440750
v 0.02996000 -0.03205500 0.00440750
v 0.02547900 -0.03751400 0.00440750
v 0.02001800 -0.04199700 0.00440750
v 0.01378900 -0.04532600 0.00440750
v 0.00702900 -0.04737700 0.00440750
v 0.00000000 -0.04806800 0.00440750
v -0.00702900 -0.04737700 0.00440750
v -0.00390500 -0.03166700 0.01777050
v -0.00765900 -0.03052700 0.01777050
v -0.01111900 -0.02867700 0.01777050
v -0.01963000 -0.01594200 0.01777050
v -0.01963000 -0.00813300 0.01777050
v -0.01849100 -0.00437800 0.01777050
v -0.01111900 0.00460500 0.01777050
v 0.00390500 0.00759300 0.01777050
v 0.00765900 0.00645400 0.01777050
v 0.01415200 0.00211500 0.01777050
v 0.01664100 -0.00091700 0.01777050
v 0.01415200 -0.02618800 0.01777050
v 0.00765900 -0.03052700 0.01777050
v 0.00000000 -0.03205000 0.01777050
v 0.00646800 0.00357900 0.04615050
v 0.00359200 0.00602200 0.04378550
v 0.00000000 0.00486600 0.04615050
v 0.00000000 0.00637700 0.04378550
v -0.01302000 0.00098400 0.04378550
v -0.01805900 -0.00844500 0.04378550
v -0.01690200 -0.01203700 0.04615050
v -0.01841300 -0.01203700 0.04378550
v -0.01805900 -0.01563000 0.04378550
v -0.01561600 -0.01850500 0.04615050
v -0.01530900 -0.02226500 0.04378550
v -0.01195200 -0.02398900 0.04615050
v -0.01022900 -0.02734600 0.04378550
v -0.00646900 -0.02765200 0.04615050
v -0.00329800 -0.02861500 0.04615050
v 0.00000000 -0.02893900 0.04615050
v 0.00359200 -0.03009500 0.04378550
v 0.00704600 -0.02904700 0.04378550
v 0.00939100 -0.02609000 0.04615050
v 0.01302000 -0.02505600 0.04378550
v 0.01405400 -0.02142800 0.04615050
v 0.01561600 -0.01850500 0.04615050
v 0.01657800 -0.01533500 0.04615050
v 0.01805900 -0.01563000 0.04378550
v 0.01690300 -0.01203700 0.04615050
v 0.01841200 -0.01203700 0.04378550
v 0.01657800 -0.00873900 0.04615050
v 0.01561600 -0.00556800 0.04615050
v 0.01701100 -0.00499000 0.04378550
v 0.01195200 -0.00008400 0.04615050
v 0.01302000 0.00098400 0.04378550
v 0.00939100 0.00201800 0.04615050
v 0.01023000 0.00327400 0.04378550
v 0.00704600 0.00497500 0.04378550
v 0.00000000 0.00529800 0.04142050
v -0.00359300 0.00602200 0.04378550
v -0.00338200 0.00496600 0.04142050
v -0.00704600 0.00497500 0.04378550
v -0.00663300 0.00397800 0.04142050
v -0.01023000 0.00327400 0.04378550
v -0.00963100 0.00237700 0.04142050
v -0.01225800 0.00022200 0.04142050
v -0.01530900 -0.00180700 0.04378550
v -0.01441300 -0.00240500 0.04142050
v -0.01701100 -0.00499000 0.04378550
v -0.01601500 -0.00540400 0.04142050
v -0.01700200 -0.00865500 0.04142050
v -0.01700200 -0.01541900 0.04142050
v -0.01701100 -0.01908300 0.04378550
v -0.01302000 -0.02505600 0.04378550
v -0.01225800 -0.02429400 0.04142050
v -0.00963100 -0.02645100 0.04142050
v -0.00704600 -0.02904700 0.04378550
v -0.00663300 -0.02805300 0.04142050
v -0.00359300 -0.03009500 0.04378550
v -0.00338200 -0.02903800 0.04142050
v 0.00000000 -0.03044900 0.04378550
v 0.00000000 -0.02937300 0.04142050
v 0.00663400 -0.02805300 0.04142050
v 0.01023000 -0.02734600 0.04378550
v 0.01531000 -0.02226500 0.04378550
v 0.01701100 -0.01908300 0.04378550
v 0.01733500 -0.01203700 0.04142050
v 0.01805900 -0.00844500 0.04378550
v 0.01601500 -0.00540400 0.04142050
v 0.01531000 -0.00180700 0.04378550
v -0.00346600 0.00538900 0.03668950
v -0.00722400 0.00540400 0.03905550
v -0.00679900 0.00437900 0.03668950
v -0.01256300 0.00052700 0.03668950
v -0.01477300 -0.00216600 0.03668950
v -0.01742600 -0.00857100 0.03668950
v -0.01776700 -0.01203700 0.03668950
v -0.01742600 -0.01550400 0.03668950
v -0.01569600 -0.02252500 0.03905550
v -0.01256300 -0.02460000 0.03668950
v -0.01048800 -0.02773400 0.03905550
v -0.00987100 -0.02681000 0.03668950
v -0.00722400 -0.02947700 0.03905550
v -0.00679900 -0.02845100 0.03668950
v -0.00346600 -0.02946400 0.03668950
v 0.00000000 -0.03091400 0.03905550
v 0.00368300 -0.03055100 0.03905550
v 0.00722400 -0.02947700 0.03905550
v 0.00679900 -0.02845100 0.03668950
v 0.01048800 -0.02773400 0.03905550
v 0.00987100 -0.02681000 0.03668950
v 0.01334800 -0.02538600 0.03905550
v 0.01256300 -0.02460000 0.03668950
v 0.01744000 -0.01926200 0.03905550
v 0.01742600 -0.01550400 0.03668950
v 0.01776700 -0.01203700 0.03668950
v 0.01742600 -0.00857100 0.03668950
v 0.01256300 0.00052700 0.03668950
v 0.00368300 0.00647900 0.03905550
v 0.03166100 0.00107700 0.00043450
v 0.02891600 0.00728500 0.00043450
v 0.02459100 0.01255400 0.00043450
v 0.00678400 0.02207300 0.00043450
v -0.00678500 0.02207300 0.00043450
v -0.01311400 0.01962400 0.00043450
v -0.02423200 0.01219500 0.00043450
v -0.03166100 0.00107700 0.00043450
v -0.03213000 0.00127200 0.00043450
v -0.03361100 -0.01872200 0.00043450
v -0.03410900 -0.01882100 0.00043450
v -0.03166100 -0.02515100 0.00043450
v -0.03213000 -0.02534600 0.00043450
v -0.02849400 -0.03107600 0.00043450
v -0.02891700 -0.03135700 0.00043450
v -0.01903900 -0.04053100 0.00043450
v 0.00678400 -0.04614600 0.00043450
v 0.01330900 -0.04416800 0.00043450
v 0.01903900 -0.04053100 0.00043450
v 0.03166100 -0.02515100 0.00043450
v 0.03361100 -0.01872200 0.00043450
v 0.03426900 -0.01203700 0.00043450
v 0.03361100 -0.00535100 0.00043450
v -0.00630100 -0.02724900 0.05560950
v -0.01236300 -0.02439800 0.05324450
v -0.01369000 -0.02118500 0.05560950
v -0.01714700 -0.01544800 0.05324450
v -0.01646500 -0.01203700 0.05560950
v -0.01714700 -0.00862700 0.05324450
v -0.01614800 -0.00882600 0.05560950
v -0.01369000 -0.00289000 0.05560950
v -0.01164200 -0.00039400 0.05560950
v -0.00914700 0.00165200 0.05560950
v -0.00669000 0.00411500 0.05324450
v -0.00341100 0.00511000 0.05324450
v 0.00000000 0.00442800 0.05560950
v 0.00321200 0.00411100 0.05560950
v 0.00630000 0.00317400 0.05560950
v 0.01453600 -0.00232300 0.05324450
v 0.01368900 -0.00289000 0.05560950
v 0.01615200 -0.00534600 0.05324450
v 0.01521100 -0.00573600 0.05560950
v 0.01646400 -0.01203700 0.05560950
v 0.01714700 -0.01544800 0.05324450
v 0.01615200 -0.01872800 0.05324450
v 0.01453600 -0.02174900 0.05324450
v 0.01368900 -0.02118500 0.05560950
v 0.01236200 -0.02439800 0.05324450
v 0.00914700 -0.02572700 0.05560950
v 0.00669000 -0.02819000 0.05324450
v 0.00630000 -0.02724900 0.05560950
v 0.00321200 -0.02818600 0.05560950
v -0.01829900 -0.01961600 0.02959450
v -0.01400600 -0.02604400 0.02959450
v -0.00758000 -0.03033600 0.02959450
v -0.00386500 -0.03146400 0.02959450
v 0.00000000 -0.03184400 0.02959450
v 0.00758000 -0.03033600 0.02959450
v 0.00713000 -0.02925100 0.02722950
v 0.01100400 -0.02850700 0.02959450
v 0.01035100 -0.02752800 0.02722950
v 0.01400600 -0.02604400 0.02959450
v 0.01317400 -0.02521100 0.02722950
v 0.01830000 -0.01961600 0.02959450
v 0.01827300 -0.01567200 0.02722950
v 0.01980700 -0.01203700 0.02959450
v 0.01549100 -0.00168500 0.02722950
v 0.01100400 0.00443200 0.02959450
v 0.00758000 0.00626400 0.02959450
v 0.00386400 0.00739100 0.02959450
v 0.00363500 0.00623700 0.02722950
v 0.00000000 0.00777000 0.02959450
v 0.00000000 0.00659400 0.02722950
v -0.00363500 0.00623700 0.02722950
v -0.00758000 0.00626400 0.02959450
v -0.00713000 0.00517600 0.02722950
v -0.01317400 0.00113900 0.02722950
v -0.01646900 -0.00103200 0.02959450
v -0.01549200 -0.00168500 0.02722950
v -0.01827400 -0.00840300 0.02722950
v -0.01863200 -0.01203700 0.02722950
v -0.02029500 -0.01607300 0.06355150
v -0.01911700 -0.01995500 0.06355150
v -0.01726000 -0.01918700 0.06199450
v -0.01720500 -0.02353200 0.06355150
v -0.01553400 -0.02241600 0.06199450
v -0.01463100 -0.02666800 0.06355150
v -0.01321000 -0.02524700 0.06199450
v -0.01149600 -0.02924200 0.06355150
v -0.01037900 -0.02757000 0.06199450
v -0.00791900 -0.03115300 0.06355150
v -0.00403700 -0.03233200 0.06355150
v 0.00000000 -0.03272800 0.06355150
v 0.00000000 -0.03071900 0.06199450
v 0.01037900 -0.02757000 0.06199450
v 0.01321000 -0.02524700 0.06199450
v 0.01553300 -0.02241600 0.06199450
v 0.01911700 -0.01995500 0.06355150
v 0.01832300 -0.01568100 0.06199450
v 0.02069200 -0.01203700 0.06355150
v 0.02029400 -0.00800000 0.06355150
v 0.01832300 -0.00839200 0.06199450
v 0.01911700 -0.00411900 0.06355150
v 0.01321000 0.00117400 0.06199450
v 0.00791800 0.00708100 0.06355150
v 0.00403700 0.00825700 0.06355150
v 0.00000000 0.00865600 0.06355150
v -0.00403700 0.00825700 0.06355150
v -0.00715000 0.00522300 0.06199450
v -0.01149600 0.00516700 0.06355150
v -0.01463100 0.00259400 0.06355150
v -0.01720500 -0.00054000 0.06355150
v -0.01832300 -0.00839200 0.06199450
v 0.00000000 -0.03066800 0.02722950
v 0.00363500 -0.03031000 0.02722950
v 0.01126300 -0.02889200 0.02486550
v 0.01433500 -0.02637200 0.02486550
v 0.01549200 -0.02238700 0.02722950
v 0.01685600 -0.02330000 0.02486550
v 0.01721300 -0.01916700 0.02722950
v 0.01872900 -0.01979400 0.02486550
v 0.01988300 -0.01599100 0.02486550
v 0.01863100 -0.01203700 0.02722950
v 0.02027200 -0.01203700 0.02486550
v 0.01827300 -0.00840300 0.02722950
v 0.01721300 -0.00490800 0.02722950
v 0.01685600 -0.00077500 0.02486550
v 0.01317400 0.00113900 0.02722950
v 0.01035100 0.00345500 0.02722950
v 0.01126300 0.00482000 0.02486550
v 0.00713000 0.00517600 0.02722950
v 0.00775800 0.00669300 0.02486550
v 0.00395500 0.00784500 0.02486550
v 0.00000000 0.00823500 0.02486550
v -0.00395500 0.00784500 0.02486550
v -0.00775800 0.00669300 0.02486550
v -0.01035100 0.00345500 0.02722950
v -0.01126300 0.00482000 0.02486550
v -0.01433500 0.00229700 0.02486550
v -0.01685600 -0.00077500 0.02486550
v -0.01721300 -0.00490800 0.02722950
v -0.01827400 -0.01567200 0.02722950
v -0.01988300 -0.01599100 0.02486550
v -0.01721300 -0.01916700 0.02722950
v -0.01549200 -0.02238700 0.02722950
v -0.01685600 -0.02330000 0.02486550
v -0.01317400 -0.02521100 0.02722950
v -0.01035100 -0.02752800 0.02722950
v -0.01126300 -0.02889200 0.02486550
v -0.00713000 -0.02925100 0.02722950
v -0.00775800 -0.03076600 0.02486550
v -0.00363500 -0.03031000 0.02722950
v 0.01059100 -0.02788900 0.02250050
v 0.00729500 -0.02965000 0.02250050
v 0.00775800 -0.03076600 0.02486550
v 0.00395500 -0.03192000 0.02486550
v 0.00000000 -0.03231000 0.02486550
v -0.00395500 -0.03192000 0.02486550
v -0.01433500 -0.02637200 0.02486550
v -0.01585100 -0.02262900 0.02250050
v -0.01873000 -0.01979600 0.02486550
v -0.01869800 -0.01575600 0.02250050
v -0.01906400 -0.01203700 0.02250050
v -0.02027300 -0.01203700 0.02486550
v -0.01988300 -0.00808200 0.02486550
v -0.01761200 -0.00474200 0.02250050
v -0.01873000 -0.00427900 0.02486550
v -0.01059100 0.00381400 0.02250050
v -0.00371900 0.00666000 0.02250050
v 0.00000000 0.00702800 0.02250050
v 0.00371900 0.00666000 0.02250050
v 0.00729500 0.00557500 0.02250050
v 0.01059100 0.00381400 0.02250050
v 0.01348000 0.00144400 0.02250050
v 0.01433500 0.00229700 0.02486550
v 0.01872900 -0.00427900 0.02486550
v 0.01988300 -0.00808200 0.02486550
v 0.01869700 -0.01575600 0.02250050
v 0.01761300 -0.01933300 0.02250050
v 0.01348000 -0.02551700 0.02250050
v 0.02423200 0.01219500 0.00043450
v 0.02849400 0.00700100 0.00043450
v 0.03166100 0.00107700 0.00170350
v 0.03361100 -0.00535100 0.00170350
v 0.03426900 -0.01203700 0.00170350
v 0.03361100 -0.01872200 0.00170350
v 0.03166100 -0.02515100 0.00170350
v 0.02849400 -0.03107600 0.00043450
v 0.02423200 -0.03627000 0.00043450
v 0.01903900 -0.04053100 0.00170350
v 0.01311400 -0.04369800 0.00043450
v 0.00668600 -0.04564700 0.00043450
v 0.00668600 -0.04564700 0.00170350
v 0.00000000 -0.04630700 0.00043450
v 0.00000000 -0.04630700 0.00170350
v -0.00668600 -0.04564700 0.00043450
v -0.00668600 -0.04564700 0.00170350
v -0.01311400 -0.04369800 0.00043450
v -0.01903900 -0.04053100 0.00170350
v -0.02423200 -0.03627000 0.00043450
v -0.02423200 -0.03627000 0.00170350
v -0.02849400 -0.03107600 0.00170350
v -0.03166100 -0.02515100 0.00170350
v -0.03427000 -0.01203700 0.00043450
v -0.03361100 -0.00535100 0.00043450
v -0.03166100 0.00107700 0.00170350
v -0.02849400 0.00700100 0.00043450
v -0.01903900 0.01645600 0.00043450
v -0.01903900 0.01645600 0.00170350
v -0.01311400 0.01962400 0.00170350
v -0.00668600 0.02157500 0.00043450
v -0.00668600 0.02157500 0.00170350
v 0.00000000 0.02223300 0.00043450
v 0.00000000 0.02223300 0.00170350
v 0.00668600 0.02157500 0.00043450
v 0.00668600 0.02157500 0.00170350
v 0.01311400 0.01962400 0.00043450
v 0.01903900 0.01645600 0.00043450
v 0.01903900 0.01645600 0.00170350
v 0.00338200 -0.02903800 0.04142050
v -0.00368300 -0.03055100 0.03905550
v -0.01334800 -0.02538600 0.03905550
v -0.01441300 -0.02166700 0.04142050
v -0.01744100 -0.01926200 0.03905550
v -0.01601500 -0.01867100 0.04142050
v -0.01851500 -0.01572100 0.03905550
v -0.01887800 -0.01203700 0.03905550
v -0.01733500 -0.01203700 0.04142050
v -0.01851500 -0.00835400 0.03905550
v -0.01744100 -0.00481300 0.03905550
v -0.01569600 -0.00154800 0.03905550
v -0.01334800 0.00131100 0.03905550
v -0.01048800 0.00365900 0.03905550
v -0.00368300 0.00647900 0.03905550
v 0.00000000 0.00684200 0.03905550
v 0.00338200 0.00496600 0.04142050
v 0.00722400 0.00540400 0.03905550
v 0.00663400 0.00397800 0.04142050
v 0.01048800 0.00365900 0.03905550
v 0.00963100 0.00237700 0.04142050
v 0.01334800 0.00131100 0.03905550
v 0.01225700 0.00022200 0.04142050
v 0.01569600 -0.00154800 0.03905550
v 0.01441400 -0.00240500 0.04142050
v 0.01744000 -0.00481300 0.03905550
v 0.01851500 -0.00835400 0.03905550
v 0.01700200 -0.00865500 0.04142050
v 0.01887800 -0.01203700 0.03905550
v 0.01851500 -0.01572100 0.03905550
v 0.01700200 -0.01541900 0.04142050
v 0.01601500 -0.01867100 0.04142050
v 0.01569600 -0.02252500 0.03905550
v 0.01441400 -0.02166700 0.04142050
v 0.01225800 -0.02429400 0.04142050
v 0.00963100 -0.02645100 0.04142050
v -0.01428900 -0.00248900 0.05797450
v -0.01215200 0.00011500 0.05797450
v -0.00954700 0.00225300 0.05797450
v -0.00630100 0.00317400 0.05560950
v -0.00657600 0.00384100 0.05797450
v -0.00321200 0.00411100 0.05560950
v -0.00335300 0.00481700 0.05797450
v 0.00000000 0.00514700 0.05797450
v 0.00335300 0.00481700 0.05797450
v 0.00657600 0.00384100 0.05797450
v 0.00914700 0.00165200 0.05560950
v 0.00954800 0.00225300 0.05797450
v 0.01164200 -0.00039400 0.05560950
v 0.01215200 0.00011500 0.05797450
v 0.01428900 -0.00248900 0.05797450
v 0.01587700 -0.00545900 0.05797450
v 0.01614800 -0.00882600 0.05560950
v 0.01685500 -0.00868400 0.05797450
v 0.01718600 -0.01203700 0.05797450
v 0.01614800 -0.01524900 0.05560950
v 0.01685500 -0.01539100 0.05797450
v 0.01521100 -0.01833800 0.05560950
v 0.01587700 -0.01861300 0.05797450
v 0.01428900 -0.02158500 0.05797450
v 0.01164200 -0.02367800 0.05560950
v 0.01215200 -0.02418800 0.05797450
v 0.00954800 -0.02632500 0.05797450
v 0.00657600 -0.02791300 0.05797450
v 0.00335300 -0.02889200 0.05797450
v 0.00000000 -0.02850200 0.05560950
v 0.00000000 -0.02922200 0.05797450
v -0.00321200 -0.02818600 0.05560950
v -0.00335300 -0.02889200 0.05797450
v -0.00657600 -0.02791300 0.05797450
v -0.00914700 -0.02572700 0.05560950
v -0.00954700 -0.02632500 0.05797450
v -0.01164200 -0.02367800 0.05560950
v -0.01215200 -0.02418800 0.05797450
v -0.01428900 -0.02158500 0.05797450
v -0.01521100 -0.01833900 0.05560950
v -0.01587700 -0.01861300 0.05797450
v -0.01614800 -0.01524900 0.05560950
v -0.01685500 -0.01539100 0.05797450
v -0.01718500 -0.01203700 0.05797450
v -0.01685500 -0.00868400 0.05797450
v -0.01521100 -0.00573600 0.05560950
v -0.01587700 -0.00545900 0.05797450
v -0.01726000 -0.00488800 0.06199450
v -0.01553400 -0.00165900 0.06199450
v -0.01321000 0.00117400 0.06199450
v -0.01037900 0.00349700 0.06199450
v -0.00364500 0.00628600 0.06199450
v 0.00000000 0.00664500 0.06199450
v 0.00364500 0.00628600 0.06199450
v 0.00714900 0.00522300 0.06199450
v 0.01037900 0.00349700 0.06199450
v 0.01553300 -0.00165900 0.06199450
v 0.01725900 -0.00488800 0.06199450
v 0.01868100 -0.01203700 0.06199450
v 0.01725900 -0.01918700 0.06199450
v 0.00714900 -0.02929700 0.06199450
v 0.00364500 -0.03036100 0.06199450
v -0.00364500 -0.03036100 0.06199450
v -0.00715000 -0.02929700 0.06199450
v -0.01832300 -0.01568100 0.06199450
v -0.01868200 -0.01203700 0.06199450
v 0.01513200 -0.00192700 0.03195950
v 0.01646900 -0.00103200 0.02959450
v 0.01400600 0.00196900 0.02959450
v 0.01011100 0.00309400 0.03195950
v 0.00696500 0.00477800 0.03195950
v -0.00355100 0.00581200 0.03195950
v -0.00386500 0.00739100 0.02959450
v -0.00696500 0.00477800 0.03195950
v -0.01100500 0.00443200 0.02959450
v -0.01400600 0.00196900 0.02959450
v -0.01681400 -0.00507200 0.03195950
v -0.01829900 -0.00445600 0.02959450
v -0.01784900 -0.00848700 0.03195950
v -0.01942700 -0.00817200 0.02959450
v -0.01980700 -0.01203700 0.02959450
v -0.01942700 -0.01590200 0.02959450
v -0.01513200 -0.02214800 0.03195950
v -0.01646900 -0.02304100 0.02959450
v -0.01286900 -0.02490500 0.03195950
v -0.01100500 -0.02850700 0.02959450
v 0.00355000 -0.02988700 0.03195950
v 0.00386400 -0.03146400 0.02959450
v 0.01011100 -0.02716900 0.03195950
v 0.01286900 -0.02490500 0.03195950
v 0.01513200 -0.02214800 0.03195950
v 0.01646900 -0.02304100 0.02959450
v 0.01681400 -0.01900100 0.03195950
v 0.01942700 -0.01590000 0.02959450
v 0.01820000 -0.01203700 0.03195950
v 0.01785000 -0.00848700 0.03195950
v 0.01942700 -0.00817200 0.02959450
v 0.01681400 -0.00507200 0.03195950
v 0.01830000 -0.00445600 0.02959450
v 0.01915900 -0.01997300 0.02013550
v 0.01849100 -0.01969600 0.01777050
v 0.02033900 -0.01608200 0.02013550
v 0.01962900 -0.01594200 0.01777050
v 0.02001400 -0.01203700 0.01777050
v 0.02033900 -0.00799100 0.02013550
v 0.01962900 -0.00813300 0.01777050
v 0.01915900 -0.00410200 0.02013550
v 0.01849100 -0.00437800 0.01777050
v 0.01724300 -0.00051600 0.02013550
v 0.01466300 0.00262700 0.02013550
v 0.01152100 0.00520500 0.02013550
v 0.01111900 0.00460500 0.01777050
v 0.00404500 0.00830100 0.02013550
v 0.00000000 0.00797800 0.01777050
v -0.00404600 0.00830100 0.02013550
v -0.00390500 0.00759300 0.01777050
v -0.00793600 0.00712100 0.02013550
v -0.00765900 0.00645400 0.01777050
v -0.01152100 0.00520500 0.02013550
v -0.01415200 0.00211500 0.01777050
v -0.01724200 -0.00051600 0.02013550
v -0.01664100 -0.00091700 0.01777050
v -0.02001400 -0.01203700 0.01777050
v -0.01915900 -0.01997300 0.02013550
v -0.01849100 -0.01969600 0.01777050
v -0.01664100 -0.02315600 0.01777050
v -0.01466300 -0.02669900 0.02013550
v -0.01415200 -0.02618800 0.01777050
v -0.01152100 -0.02928000 0.02013550
v 0.00404500 -0.03237600 0.02013550
v 0.00390500 -0.03166700 0.01777050
v 0.00793600 -0.03119600 0.02013550
v 0.01111900 -0.02867700 0.01777050
v 0.01664100 -0.02315600 0.01777050
v 0.01585100 -0.00144600 0.02250050
v 0.01761300 -0.00474200 0.02250050
v 0.01869700 -0.00831900 0.02250050
v 0.02073700 -0.01203700 0.02013550
v 0.01906400 -0.01203700 0.02250050
v 0.01724300 -0.02355900 0.02013550
v 0.01585100 -0.02262900 0.02250050
v 0.01466300 -0.02669900 0.02013550
v 0.01152100 -0.02928000 0.02013550
v 0.00371900 -0.03073500 0.02250050
v 0.00000000 -0.03277500 0.02013550
v 0.00000000 -0.03110000 0.02250050
v -0.00404600 -0.03237600 0.02013550
v -0.00371900 -0.03073500 0.02250050
v -0.00793600 -0.03119600 0.02013550
v -0.00729500 -0.02965000 0.02250050
v -0.01059100 -0.02788900 0.02250050
v -0.01348000 -0.02551700 0.02250050
v -0.01724200 -0.02355900 0.02013550
v -0.01761200 -0.01933300 0.02250050
v -0.02033900 -0.01608200 0.02013550
v -0.02073700 -0.01203700 0.02013550
v -0.02033900 -0.00799100 0.02013550
v -0.01869800 -0.00831900 0.02250050
v -0.01915900 -0.00410200 0.02013550
v -0.01585100 -0.00144600 0.02250050
v -0.01466300 0.00262700 0.02013550
v -0.01348000 0.00144400 0.02250050
v -0.00729500 0.00557500 0.02250050
v 0.00000000 0.00870000 0.02013550
v 0.00793600 0.00712100 0.02013550
v -0.01369500 -0.00288600 0.05087950
v -0.00915100 0.00165700 0.05087950
v -0.00686800 0.00454500 0.04851550
v -0.00350100 0.00556600 0.04851550
v 0.00000000 0.00591200 0.04851550
v 0.00000000 0.00443400 0.05087950
v 0.00321300 0.00411800 0.05087950
v 0.00630300 0.00318100 0.05087950
v 0.00915000 0.00165700 0.05087950
v 0.01164600 -0.00039000 0.05087950
v 0.01369500 -0.00288600 0.05087950
v 0.01658100 -0.00516900 0.04851550
v 0.01521600 -0.00573400 0.05087950
v 0.01760300 -0.00853600 0.04851550
v 0.01794800 -0.01203700 0.04851550
v 0.01760300 -0.01553900 0.04851550
v 0.01521600 -0.01834100 0.05087950
v 0.01369500 -0.02118700 0.05087950
v 0.01269100 -0.02472800 0.04851550
v 0.01164600 -0.02368300 0.05087950
v 0.00997100 -0.02696100 0.04851550
v 0.00915000 -0.02573200 0.05087950
v 0.00686800 -0.02861700 0.04851550
v 0.00350200 -0.02964100 0.04851550
v 0.00321300 -0.02819000 0.05087950
v 0.00000000 -0.02850700 0.05087950
v -0.00350100 -0.02964100 0.04851550
v -0.00321300 -0.02819000 0.05087950
v -0.00915100 -0.02573200 0.05087950
v -0.01369500 -0.02118700 0.05087950
v -0.01794800 -0.01203700 0.04851550
v -0.01615400 -0.00882400 0.05087950
v -0.01521700 -0.00573400 0.05087950
v 0.00984700 -0.01399500 0.07793850
v 0.01911700 -0.01995500 0.07405650
v 0.00927600 -0.01588000 0.07793850
v 0.00834800 -0.01761400 0.07793850
v 0.00709900 -0.01913600 0.07793850
v 0.00557800 -0.02038500 0.07793850
v 0.00791800 -0.03115300 0.07405650
v 0.00384200 -0.02131300 0.07793850
v 0.00403700 -0.03233200 0.07405650
v 0.00195900 -0.02188400 0.07793850
v 0.00000000 -0.03272800 0.07405650
v 0.00000000 -0.02207700 0.07793850
v -0.00195800 -0.02188400 0.07793850
v -0.00791900 -0.03115300 0.07405650
v -0.00384200 -0.02131300 0.07793850
v -0.00557800 -0.02038500 0.07793850
v -0.01463100 -0.02666800 0.07405650
v -0.00709900 -0.01913600 0.07793850
v -0.01720500 -0.02353200 0.07405650
v -0.00834800 -0.01761400 0.07793850
v -0.01911700 -0.01995500 0.07405650
v -0.00927500 -0.01588000 0.07793850
v -0.02029500 -0.01607300 0.07405650
v -0.00984700 -0.01399500 0.07793850
v -0.02069200 -0.01203700 0.07405650
v -0.01004000 -0.01203700 0.07793850
v -0.00984700 -0.01007700 0.07793850
v -0.01911700 -0.00411900 0.07405650
v -0.00927600 -0.00819500 0.07793850
v -0.01720500 -0.00054000 0.07405650
v -0.00834800 -0.00645800 0.07793850
v -0.00709900 -0.00493700 0.07793850
v -0.00557800 -0.00369000 0.07793850
v -0.00384200 -0.00276200 0.07793850
v -0.00195800 -0.00219000 0.07793850
v 0.00000000 0.00865600 0.07405650
v 0.00000000 -0.00199800 0.07793850
v 0.00195900 -0.00219000 0.07793850
v 0.00791800 0.00708100 0.07405650
v 0.00384200 -0.00276200 0.07793850
v 0.00557800 -0.00369000 0.07793850
v 0.00709900 -0.00493700 0.07793850
v 0.00834800 -0.00645800 0.07793850
v 0.00927600 -0.00819500 0.07793850
v 0.02029400 -0.00800000 0.07405650
v 0.00984700 -0.01007700 0.07793850
v 0.02069200 -0.01203700 0.07405650
v 0.01004000 -0.01203700 0.07793850
v -0.01011100 -0.02716900 0.03195950
v -0.01367800 -0.02571400 0.03432450
v -0.01608300 -0.02278400 0.03432450
v -0.01681400 -0.01900100 0.03195950
v -0.01787000 -0.01943900 0.03432450
v -0.01784900 -0.01558800 0.03195950
v -0.01897100 -0.01581100 0.03432450
v -0.01819900 -0.01203700 0.03195950
v -0.01513200 -0.00192700 0.03195950
v -0.01286900 0.00083300 0.03195950
v -0.01011100 0.00309400 0.03195950
v 0.00000000 0.00616200 0.03195950
v 0.00000000 0.00730500 0.03432450
v 0.00355000 0.00581200 0.03195950
v 0.00377400 0.00693500 0.03432450
v 0.00740200 0.00583400 0.03432450
v 0.01286900 0.00083300 0.03195950
v 0.01367700 0.00164100 0.03432450
v 0.01608300 -0.00129100 0.03432450
v 0.01787000 -0.00463500 0.03432450
v 0.01934300 -0.01203700 0.03432450
v 0.01785000 -0.01558800 0.03195950
v 0.01897100 -0.01581100 0.03432450
v 0.01787000 -0.01943900 0.03432450
v 0.01608300 -0.02278400 0.03432450
v 0.01367700 -0.02571400 0.03432450
v 0.00696500 -0.02885000 0.03195950
v 0.00377400 -0.03100700 0.03432450
v 0.00000000 -0.03023700 0.03195950
v -0.00355100 -0.02988700 0.03195950
v -0.00377300 -0.03100700 0.03432450
v -0.00696500 -0.02885000 0.03195950
v 0.02709100 -0.01742600 -0.13078050
v 0.02789400 -0.01758500 -0.13120250
v 0.02762200 -0.01203700 -0.13078050
v 0.02709100 -0.00664900 -0.13078050
v 0.02551900 -0.00146600 -0.13078050
v 0.02296700 0.00330900 -0.13078050
v 0.01953100 0.00749500 -0.13078050
v 0.01534600 0.01093000 -0.13078050
v 0.01580100 0.01161000 -0.13120250
v 0.01057000 0.01348200 -0.13078050
v 0.00538900 0.01505400 -0.13078050
v 0.00000000 0.01558600 -0.13078050
v -0.00538900 0.01505400 -0.13078050
v -0.00554900 0.01585800 -0.13120250
v -0.01057100 0.01348200 -0.13078050
v -0.01534600 0.01093000 -0.13078050
v -0.01953200 0.00749500 -0.13078050
v -0.02011100 0.00807300 -0.13120250
v -0.02296700 0.00330900 -0.13078050
v -0.02551900 -0.00146600 -0.13078050
v -0.02709100 -0.00664900 -0.13078050
v -0.02762200 -0.01203700 -0.13078050
v -0.02844100 -0.01203700 -0.13120250
v -0.02709100 -0.01742600 -0.13078050
v -0.02551900 -0.02260600 -0.13078050
v -0.02627600 -0.02292100 -0.13120250
v -0.02296700 -0.02738200 -0.13078050
v -0.01953200 -0.03156800 -0.13078050
v -0.01534600 -0.03500300 -0.13078050
v -0.01057100 -0.03755700 -0.13078050
v -0.00538900 -0.03912900 -0.13078050
v 0.00000000 -0.03965800 -0.13078050
v 0.00000000 -0.04047800 -0.13120250
v 0.00538900 -0.03912700 -0.13078050
v 0.00554900 -0.03993100 -0.13120250
v 0.01057000 -0.03755600 -0.13078050
v 0.01534600 -0.03500300 -0.13078050
v 0.01953100 -0.03156800 -0.13078050
v 0.02296700 -0.02738200 -0.13078050
v 0.02551900 -0.02260600 -0.13078050
v 0.02548600 -0.01710700 -0.13070250
v 0.02598500 -0.01203700 -0.13070250
v 0.02548600 -0.00696800 -0.13070250
v 0.02400800 -0.00209300 -0.13070250
v 0.02160600 0.00240100 -0.13070250
v 0.01837400 0.00633700 -0.13070250
v 0.01443700 0.00957000 -0.13070250
v 0.00994400 0.01197100 -0.13070250
v 0.00507000 0.01344900 -0.13070250
v 0.00000000 0.01394900 -0.13070250
v -0.00506900 0.01344900 -0.13070250
v -0.00994400 0.01197100 -0.13070250
v -0.01443700 0.00957000 -0.13070250
v -0.01837500 0.00633700 -0.13070250
v -0.02160600 0.00240100 -0.13070250
v -0.02400800 -0.00209300 -0.13070250
v -0.02548600 -0.00696800 -0.13070250
v -0.02598600 -0.01203700 -0.13070250
v -0.02548600 -0.01710700 -0.13070250
v -0.02400800 -0.02198200 -0.13070250
v -0.02160600 -0.02647400 -0.13070250
v -0.01837500 -0.03041100 -0.13070250
v -0.01443700 -0.03364300 -0.13070250
v -0.00994400 -0.03604400 -0.13070250
v -0.00506900 -0.03752300 -0.13070250
v 0.00000000 -0.03802200 -0.13070250
v 0.00507000 -0.03752300 -0.13070250
v 0.00994400 -0.03604400 -0.13070250
v 0.01443700 -0.03364300 -0.13070250
v 0.01837400 -0.03041100 -0.13070250
v 0.02160600 -0.02647400 -0.13070250
v 0.02400800 -0.02198200 -0.13070250
v 0.00000000 -0.01203700 -0.13070250
v 0.00987100 0.00273600 0.03668950
v 0.01074600 0.00404700 0.03432450
v 0.00679900 0.00437900 0.03668950
v 0.00346600 0.00538900 0.03668950
v 0.00000000 0.00573000 0.03668950
v -0.00377300 0.00693500 0.03432450
v -0.00740200 0.00583400 0.03432450
v -0.00987100 0.00273600 0.03668950
v -0.01074600 0.00404700 0.03432450
v -0.01367800 0.00164100 0.03432450
v -0.01608300 -0.00129100 0.03432450
v -0.01641500 -0.00523800 0.03668950
v -0.01787000 -0.00463500 0.03432450
v -0.01897100 -0.00826300 0.03432450
v -0.01934300 -0.01203700 0.03432450
v -0.01641500 -0.01883700 0.03668950
v -0.01477300 -0.02190900 0.03668950
v -0.01074600 -0.02811900 0.03432450
v -0.00740200 -0.02990700 0.03432450
v 0.00000000 -0.02980500 0.03668950
v 0.00000000 -0.03137900 0.03432450
v 0.00346600 -0.02946400 0.03668950
v 0.00740200 -0.02990700 0.03432450
v 0.01074600 -0.02811900 0.03432450
v 0.01477300 -0.02190900 0.03668950
v 0.01641500 -0.01883700 0.03668950
v 0.01897100 -0.00826300 0.03432450
v 0.01641500 -0.00523800 0.03668950
v 0.01477200 -0.00216600 0.03668950
v 0.00000000 0.02323400 0.00170350
v 0.00688100 0.02255600 0.00170350
v 0.01311400 0.01962400 0.00170350
v 0.01349700 0.02054900 0.00170350
v 0.01959500 0.01728900 0.00170350
v 0.02423200 0.01219500 0.00170350
v 0.02494000 0.01290400 0.00170350
v 0.02849400 0.00700100 0.00170350
v 0.02932700 0.00755900 0.00170350
v 0.03258600 0.00146000 0.00170350
v 0.03459300 -0.00515600 0.00170350
v 0.03527100 -0.01203700 0.00170350
v 0.03459300 -0.01891900 0.00170350
v 0.03258600 -0.02553400 0.00170350
v 0.02849400 -0.03107600 0.00170350
v 0.02932700 -0.03163200 0.00170350
v 0.02423200 -0.03627000 0.00170350
v 0.02494000 -0.03697600 0.00170350
v 0.01959500 -0.04136400 0.00170350
v 0.01311400 -0.04369800 0.00170350
v 0.01349700 -0.04462200 0.00170350
v 0.00688100 -0.04663100 0.00170350
v 0.00000000 -0.04730800 0.00170350
v -0.00688100 -0.04663100 0.00170350
v -0.01311400 -0.04369800 0.00170350
v -0.01349700 -0.04462200 0.00170350
v -0.01959500 -0.04136400 0.00170350
v -0.02494000 -0.03697600 0.00170350
v -0.02932600 -0.03163200 0.00170350
v -0.03258600 -0.02553400 0.00170350
v -0.03361100 -0.01872200 0.00170350
v -0.03459300 -0.01891900 0.00170350
v -0.03427000 -0.01203700 0.00170350
v -0.03527100 -0.01203700 0.00170350
v -0.03361100 -0.00535100 0.00170350
v -0.03459300 -0.00515600 0.00170350
v -0.03258600 0.00146000 0.00170350
v -0.02849400 0.00700100 0.00170350
v -0.02932700 0.00755900 0.00170350
v -0.02423200 0.01219500 0.00170350
v -0.02494000 0.01290400 0.00170350
v -0.01959500 0.01728900 0.00170350
v -0.01349700 0.02054900 0.00170350
v -0.00688100 0.02255600 0.00170350
v 0.00000000 0.02380500 0.00189350
v 0.00699300 0.02311600 0.00189350
v 0.01371600 0.02107600 0.00189350
v 0.02980200 0.00787600 0.00189350
v 0.03311300 0.00167900 0.00189350
v 0.03584200 -0.01203700 0.00189350
v 0.03515300 -0.01903000 0.00189350
v 0.02980200 -0.03194900 0.00189350
v 0.01991300 -0.04183800 0.00189350
v 0.00699300 -0.04719100 0.00189350
v -0.01371600 -0.04515100 0.00189350
v -0.02980100 -0.03194900 0.00189350
v -0.03515300 -0.01903000 0.00189350
v -0.03515400 -0.00504500 0.00189350
v -0.03311400 0.00167900 0.00189350
v -0.02980100 0.00787600 0.00189350
v -0.02534400 0.01330700 0.00189350
v -0.01991300 0.01776500 0.00189350
v 0.00684800 -0.04646700 -0.12377950
v 0.00000000 -0.04714000 -0.12377950
v -0.01379500 -0.04533900 -0.12412450
v -0.00684900 -0.04646700 -0.12377950
v -0.01343400 -0.04446900 -0.12377950
v -0.02482200 -0.03685900 -0.12377950
v -0.02997200 -0.03206400 -0.12412450
v -0.02918700 -0.03153900 -0.12377950
v -0.03442900 -0.01888600 -0.12377950
v -0.03442900 -0.00518900 -0.12377950
v -0.03604700 -0.01203700 -0.12412450
v -0.03330400 0.00175900 -0.12412450
v -0.03243100 0.00139600 -0.12377950
v -0.02002700 0.01793600 -0.12412450
v -0.01379500 0.02126700 -0.12412450
v -0.00703300 0.02331800 -0.12412450
v 0.00000000 0.02306800 -0.12377950
v -0.00684900 0.02239200 -0.12377950
v 0.01343300 0.02039400 -0.12377950
v 0.01950200 0.01715000 -0.12377950
v 0.02548900 0.01345300 -0.12412450
v 0.02002700 0.01793600 -0.12412450
v 0.02918800 0.00746600 -0.12377950
v 0.02482200 0.01278400 -0.12377950
v 0.03330300 0.00175900 -0.12412450
v 0.03442900 -0.00518900 -0.12377950
v 0.03535500 -0.00500500 -0.12412450
v 0.03535500 -0.01906900 -0.12412450
v 0.03510300 -0.01203700 -0.12377950
v 0.03243100 -0.02547000 -0.12377950
v 0.02482200 -0.03685900 -0.12377950
v 0.02548900 -0.03752500 -0.12412450
v 0.02918800 -0.03153900 -0.12377950
v 0.01379400 -0.04533900 -0.12412450
v 0.00703200 -0.04739300 -0.12412450
v 0.01343300 -0.04446900 -0.12377950
v -0.00554900 -0.03993100 -0.13120250
v -0.01580100 -0.03568500 -0.13120250
v -0.02011100 -0.03214800 -0.13120250
v -0.02789400 -0.01758500 -0.13120250
v -0.02627600 -0.00115400 -0.13120250
v -0.02364800 0.00376300 -0.13120250
v -0.01580100 0.01161000 -0.13120250
v 0.00554900 0.01585800 -0.13120250
v 0.00000000 0.01640300 -0.13120250
v 0.02364800 0.00376300 -0.13120250
v 0.02627600 -0.00115400 -0.13120250
v 0.02627600 -0.02292100 -0.13120250
v 0.02364800 -0.02783800 -0.13120250
v 0.01580100 -0.03568500 -0.13120250
v 0.01088400 -0.03831200 -0.13120250
v -0.00318300 -0.02869700 0.12007950
v 0.00318300 -0.01458400 0.12982350
v -0.00318300 -0.01458400 0.12982350
v 0.00317100 -0.01377100 0.13039650
v -0.00245400 0.03763500 0.13120250
v 0.00245400 0.03763500 0.13120250
v -0.00318300 0.03765200 0.12956150
v -0.00323800 0.03514100 0.11927050
v -0.00323800 0.01755900 0.12955750
v -0.00323800 0.01755900 0.11916650
v -0.00323800 0.00612700 0.12955150
v -0.00323800 0.00612700 0.11903950
v -0.00323800 -0.01368100 0.12954450
v -0.00323800 -0.01368100 0.11891150
v -0.00323800 -0.02853500 0.11647750
v -0.00323800 -0.03348800 0.11566750
v -0.00317500 0.03483500 0.11657550
v -0.00323800 0.01756200 0.11564350
v -0.00323800 0.00613100 0.11539950
v -0.00323800 -0.01368300 0.11514150
v -0.00323800 -0.02853500 0.11493250
v -0.00322100 -0.03348800 0.11473750
v -0.00309500 0.03455600 0.11411550
v -0.00223700 -0.01368300 0.09391050
v -0.00318300 0.00612700 0.13038750
v 0.00317400 0.03760800 0.13054550
v 0.00065400 0.03921800 0.12634550
v 0.00000000 0.03775200 0.12643150
v 0.00000000 0.03921800 0.12643150
v -0.00065400 0.03775200 0.12634550
v -0.00065400 0.03921800 0.12634550
v -0.00126400 0.03775200 0.12609250
v -0.00126400 0.03921800 0.12609250
v -0.00178700 0.03775200 0.12569250
v -0.00178700 0.03921800 0.12569250
v -0.00218900 0.03775200 0.12516750
v -0.00218900 0.03921800 0.12516750
v -0.00244100 0.03775200 0.12455750
v -0.00244100 0.03921800 0.12455750
v -0.00252800 0.03775200 0.12390550
v -0.00252800 0.03921800 0.12390550
v -0.00244100 0.03775200 0.12325050
v -0.00244100 0.03921800 0.12325050
v -0.00218900 0.03775200 0.12264050
v -0.00218900 0.03921800 0.12264050
v -0.00178700 0.03775200 0.12211750
v -0.00178700 0.03921800 0.12211750
v -0.00126400 0.03775200 0.12171550
v -0.00126400 0.03921800 0.12171550
v -0.00065400 0.03775200 0.12146250
v -0.00065400 0.03921800 0.12146250
v 0.00000000 0.03775200 0.12137850
v 0.00000000 0.03921800 0.12137850
v 0.00065400 0.03775200 0.12146250
v 0.00065400 0.03921800 0.12146250
v 0.00126300 0.03775200 0.12171550
v 0.00126300 0.03921800 0.12171550
v 0.00178700 0.03775200 0.12211750
v 0.00178700 0.03921800 0.12211750
v 0.00218800 0.03775200 0.12264050
v 0.00218800 0.03921800 0.12264050
v 0.00244100 0.03775200 0.12325050
v 0.00244100 0.03921800 0.12325050
v 0.00252700 0.03775200 0.12390550
v 0.00252700 0.03921800 0.12390550
v 0.00244100 0.03775200 0.12455750
v 0.00244100 0.03921800 0.12455750
v 0.00218800 0.03775200 0.12516750
v 0.00218800 0.03921800 0.12516750
v 0.00178700 0.03775200 0.12569250
v 0.00178700 0.03921800 0.12569250
v 0.00126300 0.03775200 0.12609250
v 0.00126300 0.03921800 0.12609250
v 0.00065400 0.03775200 0.12634550
v 0.00304900 0.03736700 0.13036650
v 0.00304900 0.03631700 0.12956150
v 0.00293800 0.03613100 0.13031650
v 0.00318300 0.01755900 0.13038750
v 0.00323800 0.01755900 0.12955750
v 0.00323800 0.03518300 0.11927250
v 0.00323800 0.01755900 0.11916650
v 0.00317500 0.03486200 0.11657750
v 0.00323700 0.01756200 0.11564350
v 0.00309500 0.03455600 0.11411550
v 0.00323800 0.00612700 0.11903950
v 0.00323800 0.00612700 0.12955150
v 0.00323800 -0.01368100 0.12954450
v 0.00323800 -0.01368100 0.11891150
v 0.00323800 0.00613100 0.11539950
v 0.00318300 -0.02869700 0.12007950
v 0.00323800 -0.02853500 0.11647750
v 0.00323700 -0.02853500 0.11493250
v 0.00323800 -0.01368300 0.11514150
v 0.00298600 -0.02853800 0.11215650
v 0.00223800 0.00613500 0.09391050
v 0.00313500 0.03725800 0.11667050
v -0.00304900 -0.01368100 0.13010250
v 0.00304900 -0.01368100 0.13010250
v -0.00304900 -0.02853500 0.11984550
v 0.00304900 -0.03348800 0.11490650
v 0.00304900 -0.03549900 0.11490650
v 0.00304900 -0.03348800 0.11566750
v 0.00304900 -0.03549900 0.11566750
v 0.00304900 -0.03549900 0.11642550
v -0.00304900 -0.03549900 0.11642550
v -0.00304900 -0.03348800 0.11642550
v 0.00304900 -0.03348800 0.11642550
v 0.00269600 -0.03700700 0.11642550
v 0.00163900 -0.03751000 0.11490650
v -0.00304900 -0.03549900 0.11490650
v -0.00304900 -0.03549900 0.11566750
v -0.00269600 -0.03700700 0.11642550
v 0.00304900 0.00612700 0.13010250
v -0.00304900 0.00612700 0.13010250
v -0.00304900 0.01755900 0.13010250
v 0.00304900 0.03637700 0.13010250
v 0.00304900 0.01755900 0.13010250
v 0.00304900 0.01755900 0.12955750
v 0.00304900 0.00612700 0.12955150
v 0.00304900 0.00612700 0.11903950
v 0.00304900 -0.01368100 0.11891150
v 0.00304900 0.00612700 0.11542050
v 0.00304900 -0.01368100 0.11516350
v 0.00304900 0.03518300 0.11928150
v 0.00304900 0.01755900 0.11916850
v 0.00304900 0.01755900 0.11567850
v 0.00204900 0.01755900 0.10205550
v 0.00290700 0.03455400 0.11415150
v 0.00298600 0.03485900 0.11660150
v 0.00304900 0.03736700 0.11929650
v -0.00242700 0.03736700 0.13090650
v -0.00304900 0.03513800 0.11928150
v -0.00297800 0.03703900 0.11671750
v -0.00298600 0.03483300 0.11659850
v -0.00290700 0.03455400 0.11415150
v -0.00304900 0.01755900 0.11567850
v -0.00204900 0.01755900 0.10205550
v -0.00304900 0.00612700 0.11542050
v -0.00204900 0.00612700 0.09395150
v -0.00304900 -0.01368100 0.11516350
v -0.00204900 -0.01368100 0.09395150
v -0.00279900 -0.02853500 0.11222150
v -0.00304900 0.01755900 0.11916850
v -0.00304900 0.00612700 0.11903950
v -0.00304900 -0.01368100 0.11891150
v -0.00304900 -0.02853500 0.11647750
v -0.00304900 -0.02853500 0.11497150
v -0.00304900 -0.03348800 0.11566750
v -0.00304900 0.00612700 0.12955150
v -0.00304900 -0.01368100 0.12954450
v -0.00304900 0.01755900 0.12955750
v -0.00304900 -0.01442300 0.12959050
v 0.00304900 0.03631700 0.13036650
v 0.00304900 -0.01368100 0.12954450
v 0.00304900 -0.01442300 0.12959050
v 0.00304900 -0.02853500 0.11984550
v 0.00304900 -0.02853500 0.11647750
v 0.00304900 -0.02853500 0.11497150
v 0.00279900 -0.02853500 0.11222150
v 0.00211200 0.02126900 0.09720950
v 0.00189300 0.00392700 0.11529550
v 0.00154500 0.02196200 0.09790350
v 0.00109300 0.00449400 0.11586150
v 0.00056600 0.00464900 0.11601750
v 0.00000000 0.00470000 0.11606950
v -0.00109300 0.02220600 0.09814950
v -0.00189300 0.00392700 0.11529550
v -0.00189300 0.02164100 0.09758350
v -0.00211100 0.00355500 0.11492350
v -0.00218600 0.00315400 0.11452350
v -0.00218600 0.02086800 0.09680950
v -0.00211100 0.02046700 0.09640950
v -0.00189300 0.00238300 0.11374950
v -0.00189300 0.02009500 0.09603750
v -0.00154600 0.00206200 0.11342950
v -0.00109300 0.00181600 0.11318550
v -0.00109300 0.01953100 0.09547150
v -0.00056600 0.01937600 0.09531750
v 0.00000000 0.01932200 0.09526350
v 0.00056600 0.01937600 0.09531750
v 0.00154500 0.00206200 0.11342950
v 0.00189300 0.02009500 0.09603750
v 0.00211200 0.00355500 0.11492350
v -0.00242700 0.03637700 0.13090650
v 0.00242700 0.03637700 0.13090650
v -0.00304900 0.03736700 0.13036650
v -0.00304900 0.03736700 0.13010250
v 0.00204900 -0.01368100 0.09395150
v 0.00204900 0.00612700 0.09395150
v 0.00223600 0.01756600 0.10199750
v -0.00223700 0.00613500 0.09391050
v -0.00223700 0.01756600 0.10199750
v 0.00223800 -0.01368300 0.09391050
v -0.00304900 0.03736700 0.11929650
v 0.00304900 0.03736700 0.13010250
v -0.00211100 0.02126900 0.09720950
v 0.00189300 0.02164100 0.09758350
v 0.00218600 0.02086800 0.09680950
v 0.00211200 0.02046700 0.09640950
v 0.00000000 0.02241400 0.09835450
v 0.00109300 0.02220600 0.09814950
v -0.00056600 0.02236100 0.09830350
v -0.00313500 0.03725800 0.11667050
v 0.00297700 0.03703900 0.11671750
v -0.00298600 -0.02853800 0.11215650
v 0.00154500 0.01977600 0.09571750
v 0.00109300 0.01953100 0.09547150
v 0.00109300 0.00181600 0.11318550
v 0.00056600 0.00166100 0.11303050
v -0.00056600 0.00166100 0.11303050
v 0.00000000 0.00161000 0.11297850
v -0.00154600 0.00424800 0.11561550
v -0.00211100 0.00275600 0.11412350
v -0.00056600 0.00464900 0.11601750
v -0.00109300 0.00449400 0.11586150
v 0.00154500 0.00424800 0.11561550
v 0.00189300 0.00238300 0.11374950
v 0.00211200 0.00275600 0.11412350
v 0.00309200 0.03775900 0.13010250
v 0.00318100 0.03765400 0.11927050
v -0.00318100 0.03765400 0.11927050
v -0.00245400 0.03610900 0.13120250
v -0.00317400 0.03760800 0.13054550
v -0.00293700 0.03613100 0.13031650
v -0.00318300 0.01755900 0.13038750
v 0.00318300 0.00612700 0.13038750
v -0.00317100 -0.01377100 0.13039650
v 0.00323800 -0.03348800 0.11566750
v 0.00318800 -0.03556800 0.11464050
v 0.00323300 -0.03559000 0.11566750
v 0.00165400 -0.03780000 0.11670050
v 0.00278800 -0.03725300 0.11667650
v -0.00165400 -0.03780000 0.11670050
v 0.00318800 -0.03556800 0.11669150
v 0.00319700 -0.03356300 0.11666550
v -0.00318700 -0.03556800 0.11464050
v -0.00165400 -0.03780000 0.11463150
v -0.00318700 -0.03556800 0.11669150
v -0.00281300 -0.03732200 0.11566750
v -0.00323300 -0.03559000 0.11566750
v -0.00269600 -0.03700700 0.11490650
v -0.00269600 -0.03700700 0.11566750
v -0.00163800 -0.03751000 0.11566750
v -0.00163800 -0.03751000 0.11642550
v 0.00163800 -0.03751000 0.11642550
v 0.00163900 -0.03751000 0.11566750
v -0.00163800 -0.03751000 0.11490650
v 0.00269600 -0.03700700 0.11566750
v 0.00269600 -0.03700700 0.11490650
v 0.01005300 -0.00787300 0.09017950
v 0.00941600 -0.00813700 0.09141150
v 0.01067200 -0.00991300 0.09017950
v 0.00999600 -0.01004800 0.09141150
v 0.01088200 -0.01203700 0.09017950
v 0.01019100 -0.01203700 0.09141150
v 0.01067200 -0.01415900 0.09017950
v 0.00999600 -0.01402400 0.09141150
v 0.01005300 -0.01620100 0.09017950
v 0.00941600 -0.01593800 0.09141150
v 0.00904800 -0.01808100 0.09017950
v 0.00847400 -0.01769800 0.09141150
v 0.00769400 -0.01973200 0.09017950
v 0.00720600 -0.01924200 0.09141150
v 0.00604600 -0.02108500 0.09017950
v 0.00566200 -0.02051100 0.09141150
v 0.00416400 -0.02209000 0.09017950
v 0.00390000 -0.02145200 0.09141150
v 0.00212300 -0.02270800 0.09017950
v 0.00198900 -0.02203300 0.09141150
v 0.00000000 -0.02291900 0.09017950
v 0.00000000 -0.02222800 0.09141150
v -0.00212300 -0.02270800 0.09017950
v -0.00198800 -0.02203300 0.09141150
v -0.00416400 -0.02209000 0.09017950
v -0.00390000 -0.02145200 0.09141150
v -0.00604500 -0.02108500 0.09017950
v -0.00566200 -0.02051100 0.09141150
v -0.00769400 -0.01973200 0.09017950
v -0.00720700 -0.01924200 0.09141150
v -0.00904700 -0.01808100 0.09017950
v -0.00847400 -0.01769800 0.09141150
v -0.01005300 -0.01620100 0.09017950
v -0.00941500 -0.01593800 0.09141150
v -0.01067200 -0.01415900 0.09017950
v -0.00999600 -0.01402400 0.09141150
v -0.01088100 -0.01203700 0.09017950
v -0.01019100 -0.01203700 0.09141150
v -0.01067200 -0.00991300 0.09017950
v -0.00999600 -0.01004800 0.09141150
v -0.01005300 -0.00787300 0.09017950
v -0.00941500 -0.00813700 0.09141150
v -0.00904700 -0.00599100 0.09017950
v -0.00847400 -0.00637400 0.09141150
v -0.00769400 -0.00434300 0.09017950
v -0.00720700 -0.00483000 0.09141150
v -0.00604500 -0.00299000 0.09017950
v -0.00566200 -0.00356300 0.09141150
v -0.00416400 -0.00198400 0.09017950
v -0.00390000 -0.00262200 0.09141150
v -0.00212300 -0.00136400 0.09017950
v -0.00198800 -0.00204200 0.09141150
v 0.00000000 -0.00115600 0.09017950
v 0.00000000 -0.00184500 0.09141150
v 0.00212300 -0.00136400 0.09017950
v 0.00198900 -0.00204200 0.09141150
v 0.00416400 -0.00198400 0.09017950
v 0.00390000 -0.00262200 0.09141150
v 0.00604600 -0.00299000 0.09017950
v 0.00566200 -0.00356300 0.09141150
v 0.00769400 -0.00434300 0.09017950
v 0.00720600 -0.00483000 0.09141150
v 0.00904800 -0.00599100 0.09017950
v 0.00847400 -0.00637400 0.09141150
v 0.00000000 -0.01974500 0.10146350
v 0.00150400 -0.01959600 0.10146350
v 0.00295000 -0.01915800 0.10146350
v 0.00428200 -0.01844700 0.10146350
v 0.00545100 -0.01748800 0.10146350
v 0.00641000 -0.01631800 0.10146350
v 0.00712200 -0.01498700 0.10146350
v 0.00756000 -0.01354100 0.10146350
v 0.00770900 -0.01203700 0.10146350
v 0.00756000 -0.01053300 0.10146350
v 0.00712200 -0.00908700 0.10146350
v 0.00641000 -0.00775400 0.10146350
v 0.00545100 -0.00658700 0.10146350
v 0.00428200 -0.00562800 0.10146350
v 0.00295000 -0.00491400 0.10146350
v 0.00150400 -0.00447600 0.10146350
v 0.00000000 -0.00432700 0.10146350
v -0.00150400 -0.00447600 0.10146350
v -0.00295000 -0.00491400 0.10146350
v -0.00428300 -0.00562800 0.10146350
v -0.00545100 -0.00658700 0.10146350
v -0.00640900 -0.00775400 0.10146350
v -0.00712200 -0.00908700 0.10146350
v -0.00756100 -0.01053300 0.10146350
v -0.00770900 -0.01203700 0.10146350
v -0.00756100 -0.01354100 0.10146350
v -0.00712200 -0.01498700 0.10146350
v -0.00640900 -0.01631800 0.10146350
v -0.00545100 -0.01748800 0.10146350
v -0.00428300 -0.01844700 0.10146350
v -0.00295000 -0.01915800 0.10146350
v -0.00150400 -0.01959600 0.10146350
v 0.00000000 -0.01680800 0.10879550
v 0.00093100 -0.01671500 0.10879550
v 0.00182600 -0.01644500 0.10879550
v 0.00265100 -0.01600400 0.10879550
v 0.00337300 -0.01541000 0.10879550
v 0.00396700 -0.01468600 0.10879550
v 0.00440800 -0.01386200 0.10879550
v 0.00467900 -0.01296700 0.10879550
v 0.00477000 -0.01203700 0.10879550
v 0.00467900 -0.01110700 0.10879550
v 0.00440800 -0.01021000 0.10879550
v 0.00396700 -0.00938600 0.10879550
v 0.00337300 -0.00866400 0.10879550
v 0.00265100 -0.00807100 0.10879550
v 0.00182600 -0.00763000 0.10879550
v 0.00093100 -0.00735700 0.10879550
v 0.00000000 -0.00726700 0.10879550
v -0.00093100 -0.00735700 0.10879550
v -0.00182500 -0.00763000 0.10879550
v -0.00265100 -0.00807100 0.10879550
v -0.00337400 -0.00866400 0.10879550
v -0.00396600 -0.00938600 0.10879550
v -0.00440700 -0.01021200 0.10879550
v -0.00467900 -0.01110700 0.10879550
v -0.00477100 -0.01203700 0.10879550
v -0.00467900 -0.01296700 0.10879550
v -0.00440700 -0.01386200 0.10879550
v -0.00396600 -0.01468600 0.10879550
v -0.00337400 -0.01541000 0.10879550
v -0.00265100 -0.01600400 0.10879550
v -0.00182500 -0.01644500 0.10879550
v -0.00093100 -0.01671500 0.10879550
v 0.00000000 -0.01442300 0.11087050
v 0.00046500 -0.01437600 0.11087050
v 0.00091300 -0.01424100 0.11087050
v 0.00132500 -0.01402000 0.11087050
v 0.00168700 -0.01372300 0.11087050
v 0.00198300 -0.01336200 0.11087050
v 0.00220400 -0.01295000 0.11087050
v 0.00234000 -0.01250200 0.11087050
v 0.00238500 -0.01203700 0.11087050
v 0.00234000 -0.01157200 0.11087050
v 0.00220400 -0.01112500 0.11087050
v 0.00198300 -0.01071100 0.11087050
v 0.00168700 -0.01035000 0.11087050
v 0.00132500 -0.01005300 0.11087050
v 0.00091300 -0.00983400 0.11087050
v 0.00046500 -0.00969600 0.11087050
v 0.00000000 -0.00965200 0.11087050
v -0.00046600 -0.00969600 0.11087050
v -0.00091300 -0.00983400 0.11087050
v -0.00132500 -0.01005300 0.11087050
v -0.00168700 -0.01035000 0.11087050
v -0.00198300 -0.01071100 0.11087050
v -0.00220400 -0.01112500 0.11087050
v -0.00233900 -0.01157200 0.11087050
v -0.00238600 -0.01203700 0.11087050
v -0.00233900 -0.01250200 0.11087050
v -0.00220400 -0.01295000 0.11087050
v -0.00198300 -0.01336200 0.11087050
v -0.00168700 -0.01372300 0.11087050
v -0.00132500 -0.01402000 0.11087050
v -0.00091300 -0.01424100 0.11087050
v -0.00046600 -0.01437600 0.11087050
v 0.00000000 -0.01203700 0.11151450
v -0.00278800 -0.03725300 0.11667650
v -0.00166000 -0.03790900 0.11566750
v -0.00278800 -0.03725300 0.11465550
v 0.00165900 -0.03790900 0.11566750
v 0.00165400 -0.03780000 0.11463150
v 0.00278800 -0.03725300 0.11465550
v 0.00281300 -0.03732200 0.11566750
v -0.00154600 0.01977600 0.09571750
v -0.00154600 0.02196200 0.09790350
v 0.00056600 0.02236100 0.09830350
v 0.00218600 0.00315400 0.11452350
v -0.00309200 0.03775900 0.13010250
v -0.00316600 0.03603300 0.13051350
v -0.00323800 0.03631500 0.12956150
v 0.00245400 0.03610900 0.13120250
v 0.00323800 0.03631700 0.12956150
v 0.00316600 0.03603800 0.13051350
v 0.00318300 0.03765200 0.12956450
v -0.00304900 0.03736700 0.12956450
v -0.00304900 0.03631500 0.13036650
v -0.00304900 0.03637700 0.13010250
v -0.00304900 0.03631500 0.12956150
v 0.00304900 0.03736700 0.12956150
v 0.00242700 0.03736700 0.13090650
v -0.00319700 -0.03356300 0.11666550
v -0.00304900 -0.03348800 0.11490650
v 0.00322100 -0.03348800 0.11473750
v 0.00633400 -0.02151700 0.08718350
v 0.00792500 -0.01996200 0.08963050
v 0.00622700 -0.02135500 0.08963050
v 0.00428900 -0.02239200 0.08963050
v 0.00222400 -0.02321800 0.08718350
v 0.00218700 -0.02303000 0.08963050
v 0.00000000 -0.02324400 0.08963050
v -0.00218600 -0.02303000 0.08963050
v -0.00428900 -0.02239200 0.08963050
v -0.00633400 -0.02151700 0.08718350
v -0.00622700 -0.02135500 0.08963050
v -0.00806200 -0.02009900 0.08718350
v -0.00792600 -0.01996200 0.08963050
v -0.00948000 -0.01837200 0.08718350
v -0.00931900 -0.01826300 0.08963050
v -0.01035500 -0.01632500 0.08963050
v -0.01099300 -0.01422300 0.08963050
v -0.01120800 -0.01203700 0.08963050
v -0.01099300 -0.00985100 0.08963050
v -0.01053300 -0.00767400 0.08718350
v -0.01035500 -0.00774700 0.08963050
v -0.00931900 -0.00580900 0.08963050
v -0.00792600 -0.00411100 0.08963050
v -0.00622700 -0.00271700 0.08963050
v -0.00436300 -0.00150400 0.08718350
v -0.00428900 -0.00168100 0.08963050
v -0.00218600 -0.00104300 0.08963050
v 0.00000000 -0.00063600 0.08718350
v 0.00000000 -0.00082800 0.08963050
v 0.00222400 -0.00085500 0.08718350
v 0.00218700 -0.00104300 0.08963050
v 0.00436300 -0.00150400 0.08718350
v 0.00428900 -0.00168100 0.08963050
v 0.00622700 -0.00271700 0.08963050
v 0.00792500 -0.00411100 0.08963050
v 0.00948000 -0.00570300 0.08718350
v 0.00931900 -0.00580900 0.08963050
v 0.01035500 -0.00774700 0.08963050
v 0.01099300 -0.00985100 0.08963050
v 0.01120800 -0.01203700 0.08963050
v 0.01099300 -0.01422300 0.08963050
v 0.01035500 -0.01632500 0.08963050
v 0.00948000 -0.01837200 0.08718350
v 0.00931900 -0.01826300 0.08963050
v 0.00785900 -0.01989600 0.08985550
v 0.00617500 -0.02127800 0.08985550
v -0.00425400 -0.02230500 0.08985550
v -0.00617500 -0.02127800 0.08985550
v -0.01026900 -0.00778300 0.08985550
v -0.00785900 -0.00417700 0.08985550
v 0.00000000 -0.00092100 0.08985550
v 0.00425300 -0.00176700 0.08985550
v 0.00617500 -0.00279500 0.08985550
v 0.00924200 -0.00586300 0.08985550
v 0.01090100 -0.00986900 0.08985550
v 0.01111400 -0.01203700 0.08985550
v 0.01026800 -0.01629000 0.08985550
v -0.00195200 0.03678800 0.10500650
v 0.00195200 0.03678800 0.10500650
v -0.00213600 0.03663300 0.10480750
v -0.00213600 0.03492100 0.09294850
v 0.00078900 0.04132500 0.12683850
v 0.00083500 0.03881300 0.12700250
v 0.01001900 -0.01873100 0.07894350
v 0.01113300 -0.01664900 0.07894350
v -0.00195200 0.04716300 0.06159250
v -0.00195200 0.04761400 0.05938550
v 0.00195200 0.03638500 0.11704850
v -0.00250200 0.04188000 0.06178950
v -0.00213600 0.01576100 0.09248350
v -0.00213200 0.03664900 0.11740050
v 0.00213500 0.03753000 0.06690750
v 0.00250200 0.03753000 0.06690750
v 0.00250200 0.03317600 0.07202450
v 0.00250200 0.02882200 0.07713850
v 0.00213500 0.02446700 0.08225350
v 0.00250200 0.02446700 0.08225350
v 0.00213500 0.02306500 0.08736950
v 0.00250200 0.02306500 0.08736950
v 0.00213500 0.01941300 0.08992650
v 0.00195200 0.04623900 0.05667750
v 0.00213500 0.04188500 0.06179350
v -0.00213600 0.03317600 0.07202450
v -0.00250200 0.02882200 0.07713850
v -0.00213600 0.02306500 0.08736950
v -0.00250200 0.01941300 0.08992650
v -0.00213600 0.01941300 0.08992650
v -0.00250200 0.01576100 0.09248850
v 0.00000000 0.04379800 0.12433750
v 0.00011200 0.04379800 0.12432250
v 0.00011200 0.04379800 0.12348550
v 0.00041800 0.04379800 0.12401750
v 0.00030700 0.04379800 0.12420950
v 0.00037500 0.04379800 0.12412150
v -0.00041900 0.04379800 0.12401750
v -0.00291400 0.04132400 0.12468950
v -0.00320900 0.03881300 0.12389850
v -0.00313200 0.03881500 0.12474450
v -0.00248200 0.04383800 0.12533750
v -0.00202700 0.04383800 0.12593050
v -0.00123000 0.04398200 0.12603650
v -0.00213100 0.04398200 0.12513450
v -0.00276900 0.04383800 0.12464650
v -0.00237700 0.04398200 0.12454050
v -0.00286700 0.04383800 0.12390450
v -0.00276900 0.04383800 0.12316350
v -0.00237700 0.04398200 0.12326750
v -0.00248200 0.04383800 0.12247150
v -0.00202700 0.04383800 0.12187750
v -0.00143300 0.04383800 0.12142150
v -0.00079200 0.04132600 0.12094950
v -0.00074200 0.04384000 0.12113550
v 0.00000000 0.04132600 0.12084650
v 0.00000000 0.04384000 0.12103850
v 0.00079100 0.04132600 0.12094950
v 0.00000000 0.04398200 0.12144250
v 0.00074200 0.04384000 0.12113550
v 0.00143300 0.04383800 0.12142150
v 0.00229700 0.03881500 0.12160750
v 0.00202600 0.04383800 0.12187750
v 0.00174000 0.04398200 0.12216450
v 0.00248300 0.04383800 0.12247150
v 0.00313800 0.03881500 0.12306450
v 0.00213100 0.04398200 0.12267450
v 0.00276800 0.04384000 0.12316350
v 0.00237700 0.04398200 0.12326750
v 0.00286600 0.04384000 0.12390450
v 0.00313800 0.03881500 0.12474550
v 0.00246000 0.04398200 0.12390450
v 0.00276800 0.04383800 0.12464650
v 0.00248300 0.04383800 0.12533750
v 0.00281300 0.03881500 0.12552850
v 0.00202600 0.04383800 0.12593050
v 0.00143300 0.04383800 0.12638650
v 0.00162400 0.03881500 0.12671750
v 0.00084100 0.03881500 0.12704350
v 0.00074200 0.04383800 0.12667350
v 0.00000000 0.04383800 0.12677150
v -0.00079200 0.04132600 0.12685750
v -0.00074200 0.04383800 0.12667350
v -0.00143300 0.04383800 0.12638650
v -0.00162500 0.03881500 0.12671750
v -0.00229700 0.03881500 0.12620250
v -0.00213000 0.04132400 0.12604250
v 0.00309800 0.03881300 0.12306850
v 0.00261100 0.04132400 0.12541750
v 0.00227300 0.03881300 0.12617050
v 0.01091700 -0.01651600 0.08721650
v 0.01221000 -0.01447800 0.07895250
v 0.01245200 -0.01203700 0.07793850
v 0.01221500 -0.00962100 0.07895250
v 0.01035400 -0.00511800 0.07793850
v 0.00880500 -0.00323100 0.07793850
v 0.00879500 -0.00322200 0.07895250
v 0.00691800 -0.00168300 0.07793850
v 0.00692900 -0.00169000 0.07895250
v 0.00475300 -0.00052700 0.07895250
v 0.00242900 0.00017500 0.07793850
v 0.00244200 0.00017300 0.07895250
v -0.00691800 -0.00168300 0.07793850
v -0.00881400 -0.00324200 0.07895250
v -0.01035400 -0.00511800 0.07793850
v -0.01150900 -0.00728400 0.07895250
v -0.01245200 -0.01203700 0.07793850
v -0.01035400 -0.01895400 0.07793850
v -0.01036100 -0.01894300 0.07895250
v -0.00879600 -0.02085000 0.07895250
v -0.00691800 -0.02239000 0.07793850
v -0.00476500 -0.02354100 0.07793850
v -0.00243000 -0.02425000 0.07793850
v 0.00241600 -0.02425200 0.07895250
v 0.00476500 -0.02354100 0.07793850
v 0.00691800 -0.02239000 0.07793850
v 0.00690700 -0.02239800 0.07895250
v 0.00881400 -0.02083300 0.07895250
v 0.00979000 -0.01862400 0.08721650
v 0.00837100 -0.02035200 0.08721650
v 0.00278200 0.03881300 0.12230550
v -0.00151700 0.04132500 0.12127250
v -0.00083600 0.03881300 0.12080550
v 0.00000600 0.04132400 0.12088750
v 0.00250200 0.01575900 0.09248650
v 0.00247000 0.03638100 0.11684750
v 0.00250200 0.01613300 0.09253350
v 0.00243800 0.03886100 0.11378250
v 0.00250200 0.01957200 0.09012550
v 0.00250200 0.02322200 0.08757050
v 0.00250200 0.02464700 0.08243450
v 0.00250200 0.02902300 0.07729250
v 0.00250200 0.03339100 0.07215850
v 0.00250200 0.03774100 0.06705050
v 0.00247600 0.04518200 0.06549250
v 0.00250200 0.04205100 0.06198150
v 0.00247000 0.04711400 0.06157550
v 0.00246600 0.04756800 0.05938950
v 0.00247000 0.04668900 0.05733850
v 0.00250200 0.01941300 0.08992650
v 0.00245800 0.04535300 0.07209750
v 0.00213100 0.03664900 0.11740050
v -0.00206800 0.03920200 0.11408450
v -0.00152400 0.04132600 0.12654050
v -0.00082600 0.03881300 0.12700450
v -0.00208700 0.04808400 0.05933850
v -0.00208900 0.04713600 0.05707450
v -0.00477700 -0.00053800 0.07895250
v -0.00235100 -0.00021900 0.07894350
v 0.01181900 -0.01438700 0.07894350
v -0.00277600 0.03881300 0.12229450
v -0.00261100 0.04132400 0.12239150
v -0.00234100 -0.02360300 0.08721650
v 0.00447900 -0.00112100 0.08721650
v 0.00234000 -0.00047200 0.08721650
v -0.00669500 -0.02205700 0.07894350
v -0.00461200 -0.02316900 0.07894350
v -0.01001900 -0.00534200 0.07894350
v -0.01113300 -0.00742600 0.07894350
v -0.00948000 -0.00570300 0.08718350
v 0.01001900 -0.00534200 0.07894350
v 0.00852000 -0.00351700 0.07894350
v 0.00658800 -0.00224800 0.08721650
v -0.00871400 -0.01785800 0.09017950
v 0.00000000 0.00001300 0.07894350
v 0.00003900 -0.02383600 0.08721650
v 0.00000000 -0.02343700 0.08718350
v 0.00001300 -0.02448900 0.07895250
v 0.00000000 -0.02408600 0.07894350
v -0.00235100 -0.02385600 0.07894350
v -0.00244200 -0.02424800 0.07895250
v 0.00305800 0.04132600 0.12390450
v 0.00295300 0.04132600 0.12311350
v -0.00475300 -0.02354600 0.07895250
v -0.00436300 -0.02257100 0.08718350
v -0.00447900 -0.02295400 0.08721650
v -0.00455200 -0.00114900 0.08721650
v -0.00222400 -0.02321800 0.08718350
v -0.00692900 -0.02238300 0.07895250
v -0.00852100 -0.00351700 0.07894350
v -0.00837200 -0.00372100 0.08721650
v -0.00978900 -0.00544800 0.08721650
v -0.00852100 -0.02055800 0.07894350
v -0.01001900 -0.01873100 0.07894350
v -0.01091600 -0.00755700 0.08721650
v -0.01156500 -0.00969600 0.08721650
v -0.01113300 -0.01664900 0.07894350
v -0.01149900 -0.01681500 0.07895250
v -0.01053300 -0.01640100 0.08718350
v -0.01221500 -0.01445400 0.07895250
v -0.01181900 -0.01438700 0.07894350
v -0.01158100 -0.01430100 0.08721650
v -0.01205000 -0.01203700 0.07894350
v -0.01140100 -0.01203700 0.08718350
v -0.01180000 -0.01207700 0.08721650
v -0.01118200 -0.01426100 0.08718350
v 0.01180000 -0.01199800 0.08721650
v 0.01158100 -0.00977400 0.08721650
v -0.01181900 -0.00968500 0.07894350
v -0.01245200 -0.01205100 0.07895250
v -0.01221000 -0.00959500 0.07895250
v -0.00247000 0.04668900 0.05733850
v -0.01088700 -0.01658900 0.08721650
v -0.00983300 -0.01856000 0.08721650
v -0.01118200 -0.00981400 0.08718350
v -0.01034600 -0.00510700 0.07895250
v -0.00247000 0.04711400 0.06157550
v -0.00247600 0.04518200 0.06549250
v -0.00207400 0.04563900 0.06571950
v 0.00226400 -0.02361900 0.08721650
v -0.00831600 -0.02040900 0.08721650
v -0.00658900 -0.02182700 0.08721650
v -0.00633400 -0.00255800 0.08718350
v -0.00652300 -0.00220400 0.08721650
v -0.00669500 -0.00201800 0.07894350
v -0.00690700 -0.00167700 0.07895250
v 0.00246500 0.03932000 0.08509750
v 0.00248300 0.04051400 0.07662450
v -0.00243900 0.03886100 0.11378250
v -0.00461200 -0.00090400 0.07894350
v -0.00241700 0.00017700 0.07895250
v -0.00226300 -0.00045600 0.08721650
v -0.00222400 -0.00085500 0.08718350
v -0.00195200 0.04058900 0.07668450
v 0.00213200 0.04650500 0.05632450
v 0.00250200 0.04189300 0.06178450
v 0.00208300 0.03975800 0.08534250
v 0.00235100 -0.00021900 0.07894350
v 0.00461100 -0.00090400 0.07894350
v 0.00669500 -0.00201800 0.07894350
v 0.00806100 -0.00397600 0.08718350
v 0.00831600 -0.00366500 0.08721650
v 0.00633400 -0.00255800 0.08718350
v 0.00208900 0.04760500 0.06174350
v 0.00983300 -0.00551500 0.08721650
v 0.01036000 -0.00512900 0.07895250
v 0.00208000 0.04577800 0.07234650
v 0.00210300 0.04100100 0.07689450
v -0.00245900 0.04535500 0.07209750
v -0.00248400 0.04051400 0.07662450
v -0.00208000 0.04577800 0.07234450
v 0.01113300 -0.00742600 0.07894350
v 0.01149900 -0.00726000 0.07895250
v 0.01053300 -0.00767400 0.08718350
v 0.01088600 -0.00748600 0.08721650
v 0.01118200 -0.00981400 0.08718350
v 0.01181900 -0.00968500 0.07894350
v 0.01140100 -0.01203700 0.08718350
v -0.00001300 0.00041400 0.07895250
v -0.00806200 -0.00397600 0.08718350
v 0.00247000 0.04623400 0.05687350
v 0.00208900 0.04713600 0.05707450
v 0.01205000 -0.01203700 0.07894350
v 0.01245200 -0.01202400 0.07895250
v -0.00250200 0.01613100 0.09253550
v -0.00247100 0.03637900 0.11684750
v -0.00250200 0.01957200 0.09012550
v -0.00250200 0.02322200 0.08757050
v -0.00250200 0.02464700 0.08243450
v -0.00246500 0.03932000 0.08509750
v -0.00250200 0.02902300 0.07729250
v -0.00250200 0.03339100 0.07215850
v -0.00250200 0.03774100 0.06705050
v -0.00250200 0.04204800 0.06198550
v -0.00247100 0.04624300 0.05687550
v -0.00250200 0.03753000 0.06690750
v -0.00250200 0.03317600 0.07202450
v -0.00250200 0.02446700 0.08225350
v -0.00250200 0.02306500 0.08736950
v 0.01156500 -0.01437900 0.08721650
v -0.00246600 0.04756800 0.05938950
v 0.00247900 0.03509200 0.09299150
v 0.00244700 0.03689700 0.10476350
v 0.00203000 0.03727600 0.10491550
v -0.00203000 0.03727600 0.10491550
v 0.00207500 0.03557200 0.09319050
v -0.00244700 0.03689700 0.10476350
v -0.00247900 0.03509200 0.09299150
v 0.01150900 -0.01679000 0.07895250
v 0.01034600 -0.01896500 0.07895250
v 0.00195200 0.03509800 0.09313050
v 0.00195200 0.03931100 0.08518850
v 0.00806100 -0.02009900 0.08718350
v 0.00852000 -0.02055800 0.07894350
v 0.00669500 -0.02205700 0.07894350
v 0.00461100 -0.02316900 0.07894350
v 0.00436300 -0.02257100 0.08718350
v -0.00208300 0.03975800 0.08534250
v -0.00207500 0.03557200 0.09319050
v 0.00477700 -0.02353700 0.07895250
v 0.01118200 -0.01426100 0.08718350
v 0.01053300 -0.01640100 0.08718350
v 0.00235100 -0.02385600 0.07894350
v -0.00195200 0.03931100 0.08518850
v -0.00003900 -0.00023700 0.08721650
v 0.00208700 0.04808400 0.05933850
v -0.00208900 0.04760800 0.06174350
v 0.00195200 0.04534000 0.07215850
v 0.00213500 0.04037400 0.07655050
v 0.00195200 0.04673100 0.05731250
v -0.00195200 0.04623900 0.05667750
v -0.00213600 0.04623000 0.05707950
v 0.00213500 0.04651100 0.05744250
v 0.00213500 0.04623000 0.05707950
v 0.00213500 0.04500300 0.06544050
v 0.00195200 0.03873700 0.11396150
v -0.00195200 0.03638500 0.11704850
v 0.00160900 0.03881300 0.12112750
v -0.00195200 0.04534000 0.07215850
v -0.00195200 0.03509800 0.09313050
v 0.00195200 0.04516700 0.06563250
v -0.00195200 0.04516700 0.06563250
v 0.00195200 0.04716300 0.06159250
v 0.00213500 0.01576100 0.09248350
v 0.00213500 0.01613300 0.09253350
v 0.00213500 0.01957200 0.09012550
v 0.00213500 0.02322200 0.08757050
v 0.00213500 0.02464700 0.08243450
v 0.00213500 0.02882200 0.07713850
v 0.00213500 0.02902300 0.07729250
v 0.00213500 0.03317600 0.07202450
v 0.00213500 0.03339100 0.07215850
v 0.00213500 0.03774100 0.06705050
v 0.00213500 0.04204800 0.06198550
v 0.00213500 0.03857800 0.11376450
v 0.00213500 0.03663300 0.10480750
v 0.00213500 0.03492100 0.09294850
v 0.00213500 0.03910900 0.08503550
v 0.00213500 0.04512900 0.07201750
v 0.00213500 0.04691900 0.06150850
v 0.00213500 0.04735100 0.05941150
v 0.00213500 0.03637400 0.11664150
v -0.00195200 0.04673100 0.05731250
v 0.00455200 -0.02292300 0.08721650
v 0.00652300 -0.02186900 0.08721650
v -0.00213600 0.03637400 0.11664150
v -0.00195200 0.03873700 0.11396150
v -0.00213600 0.03857800 0.11376450
v -0.00213600 0.04188500 0.06179350
v -0.00213600 0.04204800 0.06198550
v -0.00213600 0.04651100 0.05744250
v -0.00213600 0.04500300 0.06544050
v -0.00213600 0.03774100 0.06705050
v -0.00213600 0.04512900 0.07201750
v -0.00213600 0.03339100 0.07215850
v -0.00213600 0.04037400 0.07655050
v -0.00213600 0.02902300 0.07729250
v -0.00213600 0.02464700 0.08243450
v -0.00213600 0.02322200 0.08757050
v -0.00213600 0.01957200 0.09012550
v -0.00213600 0.01613300 0.09253350
v -0.00213600 0.02446700 0.08225350
v -0.00213600 0.02882200 0.07713850
v -0.00213600 0.03753000 0.06690750
v 0.00206800 0.03920200 0.11408450
v -0.00213600 0.04735100 0.05941150
v -0.00213600 0.04691900 0.06150850
v -0.00213600 0.03910900 0.08503550
v -0.01088100 -0.01203700 0.09017950
v -0.01067200 -0.01415900 0.09017950
v -0.01005300 -0.01620100 0.09017950
v -0.00904700 -0.01808200 0.09017950
v -0.00769400 -0.01973200 0.09017950
v -0.00741000 -0.01944600 0.09017950
v -0.00604500 -0.02108500 0.09017950
v -0.00416400 -0.02209100 0.09017950
v -0.00401100 -0.02171800 0.09017950
v -0.00212300 -0.02270800 0.09017950
v 0.00000000 -0.02291900 0.09017950
v 0.00212300 -0.02270800 0.09017950
v 0.00416400 -0.02209100 0.09017950
v 0.00401000 -0.02171800 0.09017950
v 0.00604600 -0.02108500 0.09017950
v 0.00769400 -0.01973200 0.09017950
v 0.00741000 -0.01944600 0.09017950
v 0.00904800 -0.01808200 0.09017950
v 0.00871300 -0.01785800 0.09017950
v 0.01005300 -0.01620100 0.09017950
v 0.01067200 -0.01415900 0.09017950
v 0.01027800 -0.01408200 0.09017950
v 0.01088200 -0.01203700 0.09017950
v 0.01067200 -0.00991300 0.09017950
v 0.01027800 -0.00999300 0.09017950
v 0.01005300 -0.00787400 0.09017950
v 0.00904800 -0.00599100 0.09017950
v 0.00769400 -0.00434300 0.09017950
v 0.00741000 -0.00462700 0.09017950
v 0.00604600 -0.00299000 0.09017950
v 0.00416400 -0.00198400 0.09017950
v 0.00401000 -0.00235400 0.09017950
v 0.00212300 -0.00136400 0.09017950
v 0.00000000 -0.00115600 0.09017950
v -0.00212300 -0.00136400 0.09017950
v -0.00416400 -0.00198400 0.09017950
v -0.00604500 -0.00299000 0.09017950
v -0.00769500 -0.00434300 0.09017950
v -0.00741000 -0.00462700 0.09017950
v -0.00904700 -0.00599100 0.09017950
v -0.01005300 -0.00787400 0.09017950
v -0.01067200 -0.00991300 0.09017950
v -0.01027800 -0.00999300 0.09017950
v 0.00416400 -0.02209100 0.08993150
v 0.00769400 -0.01973200 0.08993150
v 0.00904800 -0.01808200 0.08993150
v 0.01005300 -0.00787400 0.08993150
v 0.00904800 -0.00599100 0.08993150
v 0.00741000 -0.00462700 0.08993150
v 0.00769400 -0.00434300 0.08993150
v 0.00604600 -0.00299000 0.08993150
v 0.00401000 -0.00235400 0.08993150
v 0.00416400 -0.00198400 0.08993150
v 0.00204500 -0.00175800 0.08993150
v 0.00212300 -0.00136400 0.08993150
v 0.00000000 -0.00155700 0.08993150
v -0.00769500 -0.00434300 0.08993150
v -0.00871400 -0.00621500 0.08993150
v -0.00904700 -0.00599100 0.08993150
v -0.00968200 -0.00802600 0.08993150
v -0.01005300 -0.00787400 0.08993150
v -0.01027800 -0.00999300 0.08993150
v -0.01067200 -0.00991300 0.08993150
v -0.01047900 -0.01203700 0.08993150
v -0.01067200 -0.01415900 0.08993150
v -0.01005300 -0.01620100 0.08993150
v -0.00741000 -0.01944600 0.08993150
v -0.00769400 -0.01973200 0.08993150
v -0.00416400 -0.02209100 0.08993150
v -0.00174000 0.04398200 0.12564450
v -0.00123000 0.04369900 0.12603650
v -0.00063700 0.04369900 0.12628050
v -0.00063700 0.04398200 0.12628050
v 0.00000000 0.04398200 0.12636450
v 0.00063700 0.04369900 0.12628050
v 0.00063700 0.04398200 0.12628050
v 0.00123100 0.04398200 0.12603650
v 0.00174000 0.04369900 0.12564450
v 0.00174000 0.04398200 0.12564450
v 0.00213100 0.04398200 0.12513450
v 0.00237700 0.04369900 0.12454050
v 0.00237700 0.04398200 0.12454050
v 0.00237700 0.04369900 0.12326750
v 0.00174000 0.04369900 0.12216450
v 0.00123100 0.04369900 0.12177350
v 0.00123100 0.04398200 0.12177350
v 0.00063700 0.04398200 0.12152750
v -0.00063700 0.04398200 0.12152750
v -0.00123000 0.04398200 0.12177350
v -0.00174000 0.04398200 0.12216450
v -0.00213100 0.04398200 0.12267450
v -0.00246100 0.04398200 0.12390450
v -0.01001900 -0.01873100 0.07793850
v -0.00880500 -0.02084100 0.07793850
v -0.00852100 -0.02055800 0.07793850
v -0.00669500 -0.02205700 0.07793850
v -0.00461200 -0.02316900 0.07793850
v -0.00235100 -0.02385600 0.07793850
v 0.00000000 -0.02448900 0.07793850
v 0.00000000 -0.02408600 0.07793850
v 0.00242900 -0.02425000 0.07793850
v 0.00235100 -0.02385600 0.07793850
v 0.00461100 -0.02316900 0.07793850
v 0.00669500 -0.02205700 0.07793850
v 0.00880500 -0.02084100 0.07793850
v 0.00852000 -0.02055800 0.07793850
v 0.01035400 -0.01895400 0.07793850
v 0.01001900 -0.01873100 0.07793850
v 0.01150400 -0.01680200 0.07793850
v 0.01113300 -0.01664900 0.07793850
v 0.01221300 -0.01446700 0.07793850
v 0.01181900 -0.01438700 0.07793850
v 0.01205000 -0.01203700 0.07793850
v 0.01221300 -0.00960800 0.07793850
v 0.01181900 -0.00968500 0.07793850
v 0.01150400 -0.00727100 0.07793850
v 0.01113300 -0.00742600 0.07793850
v 0.01001900 -0.00534200 0.07793850
v 0.00852000 -0.00351700 0.07793850
v 0.00669500 -0.00201800 0.07793850
v 0.00476500 -0.00053400 0.07793850
v 0.00461100 -0.00090400 0.07793850
v 0.00235100 -0.00021900 0.07793850
v 0.00000000 0.00041400 0.07793850
v 0.00000000 0.00001300 0.07793850
v -0.00243000 0.00017500 0.07793850
v -0.00235100 -0.00021900 0.07793850
v -0.00476500 -0.00053400 0.07793850
v -0.00461200 -0.00090400 0.07793850
v -0.00669500 -0.00201800 0.07793850
v -0.00880500 -0.00323100 0.07793850
v -0.00852100 -0.00351700 0.07793850
v -0.01001900 -0.00534200 0.07793850
v -0.01150500 -0.00727100 0.07793850
v -0.01113300 -0.00742600 0.07793850
v -0.01221300 -0.00960800 0.07793850
v -0.01181900 -0.00968500 0.07793850
v -0.01205000 -0.01203700 0.07793850
v -0.01221300 -0.01446700 0.07793850
v -0.01181900 -0.01438700 0.07793850
v -0.01150500 -0.01680200 0.07793850
v -0.01113300 -0.01664900 0.07793850
v -0.00927500 -0.01588000 0.07793850
v -0.00834800 -0.01761400 0.07793850
v -0.00709900 -0.01913600 0.07793850
v -0.00557800 -0.02038500 0.07793850
v -0.00384200 -0.02131300 0.07793850
v -0.00195800 -0.02188500 0.07793850
v 0.00000000 -0.02207700 0.07793850
v 0.00195900 -0.02188500 0.07793850
v 0.00384200 -0.02131300 0.07793850
v 0.00557800 -0.02038500 0.07793850
v 0.00709900 -0.01913600 0.07793850
v 0.00834800 -0.01761400 0.07793850
v 0.00927600 -0.01588000 0.07793850
v 0.00984700 -0.01399500 0.07793850
v 0.01004000 -0.01203700 0.07793850
v 0.00984700 -0.01007700 0.07793850
v 0.00927600 -0.00819500 0.07793850
v 0.00834800 -0.00645800 0.07793850
v 0.00709900 -0.00493700 0.07793850
v 0.00557800 -0.00369000 0.07793850
v 0.00384200 -0.00276200 0.07793850
v 0.00195900 -0.00219000 0.07793850
v 0.00000000 -0.00199800 0.07793850
v -0.00195800 -0.00219000 0.07793850
v -0.00384200 -0.00276200 0.07793850
v -0.00557800 -0.00369000 0.07793850
v -0.00709900 -0.00493700 0.07793850
v -0.00834800 -0.00645800 0.07793850
v -0.00927600 -0.00819500 0.07793850
v -0.00984700 -0.01007700 0.07793850
v -0.01004000 -0.01203700 0.07793850
v -0.00984700 -0.01399500 0.07793850
v 0.00000000 -0.02315100 0.08985550
v -0.00212300 -0.02270800 0.08993150
v -0.00216800 -0.02293900 0.08985550
v -0.00604500 -0.02108500 0.08993150
v -0.00785900 -0.01989600 0.08985550
v -0.00904700 -0.01808200 0.08993150
v -0.00924100 -0.01821200 0.08985550
v -0.01026900 -0.01629000 0.08985550
v -0.01090100 -0.01420600 0.08985550
v -0.01088100 -0.01203700 0.08993150
v -0.01111500 -0.01203700 0.08985550
v -0.01090100 -0.00986900 0.08985550
v -0.00924200 -0.00586300 0.08985550
v -0.00604500 -0.00299000 0.08993150
v -0.00617500 -0.00279500 0.08985550
v -0.00416400 -0.00198400 0.08993150
v -0.00425400 -0.00176700 0.08985550
v -0.00212300 -0.00136400 0.08993150
v -0.00216800 -0.00113600 0.08985550
v 0.00000000 -0.00115600 0.08993150
v 0.00216900 -0.00113600 0.08985550
v 0.00785900 -0.00417700 0.08985550
v 0.01026800 -0.00778300 0.08985550
v 0.01067200 -0.00991300 0.08993150
v 0.01088200 -0.01203700 0.08993150
v 0.01067200 -0.01415900 0.08993150
v 0.01090100 -0.01420600 0.08985550
v 0.01005300 -0.01620100 0.08993150
v 0.00924200 -0.01821200 0.08985550
v 0.00604600 -0.02108500 0.08993150
v 0.00425300 -0.02230500 0.08985550
v 0.00212300 -0.02270800 0.08993150
v 0.00216900 -0.02293900 0.08985550
v 0.00000000 -0.02291900 0.08993150
v 0.00000000 -0.02251600 0.08993150
v 0.00204500 -0.02231400 0.08993150
v 0.00204500 -0.02231400 0.09017950
v 0.00401000 -0.02171800 0.08993150
v 0.00741000 -0.01944600 0.08993150
v 0.00582200 -0.02075100 0.09017950
v 0.00582200 -0.02075100 0.08993150
v 0.00968200 -0.01604600 0.08993150
v 0.00968200 -0.01604600 0.09017950
v 0.00871300 -0.01785800 0.08993150
v 0.01027800 -0.01408200 0.08993150
v 0.01048000 -0.01203700 0.08993150
v 0.01027800 -0.00999300 0.08993150
v 0.01048000 -0.01203700 0.09017950
v 0.00968200 -0.00802600 0.09017950
v 0.00871300 -0.00621500 0.08993150
v 0.00871300 -0.00621500 0.09017950
v 0.00968200 -0.00802600 0.08993150
v 0.00582200 -0.00332400 0.08993150
v 0.00582200 -0.00332400 0.09017950
v 0.00204500 -0.00175800 0.09017950
v 0.00000000 -0.00155700 0.09017950
v -0.00204400 -0.00175800 0.08993150
v -0.00401100 -0.00235400 0.09017950
v -0.00204400 -0.00175800 0.09017950
v -0.00582300 -0.00332400 0.09017950
v -0.00401100 -0.00235400 0.08993150
v -0.00741000 -0.00462700 0.08993150
v -0.00582300 -0.00332400 0.08993150
v -0.00871400 -0.00621500 0.09017950
v -0.00968200 -0.00802600 0.09017950
v -0.01027800 -0.01408200 0.08993150
v -0.01047900 -0.01203700 0.09017950
v -0.00968200 -0.01604600 0.08993150
v -0.00968200 -0.01604600 0.09017950
v -0.01027800 -0.01408200 0.09017950
v -0.00871400 -0.01785800 0.08993150
v -0.00582300 -0.02075100 0.08993150
v -0.00582300 -0.02075100 0.09017950
v -0.00401100 -0.02171800 0.08993150
v -0.00204400 -0.02231400 0.09017950
v -0.00204400 -0.02231400 0.08993150
v 0.00000000 -0.02251600 0.09017950
v 0.00195200 0.04761400 0.05938550
v -0.00252800 0.03921800 0.12390450
v -0.00218900 0.03921800 0.12516750
v -0.00244100 0.03921800 0.12455750
v -0.00178700 0.03921800 0.12569250
v -0.00126400 0.03921800 0.12609250
v -0.00065400 0.03921800 0.12634550
v 0.00000000 0.03921800 0.12643150
v 0.00065400 0.03921800 0.12634550
v 0.00126300 0.03921800 0.12609250
v 0.00178700 0.03921800 0.12569250
v 0.00218800 0.03921800 0.12516750
v 0.00252700 0.03921800 0.12390450
v 0.00244100 0.03921800 0.12455750
v 0.00244100 0.03921800 0.12324950
v 0.00218800 0.03921800 0.12264050
v 0.00178700 0.03921800 0.12211750
v 0.00281300 0.03881500 0.12227950
v 0.00126300 0.03921800 0.12171550
v 0.00065400 0.03921800 0.12146250
v 0.00000000 0.03921800 0.12137750
v -0.00065400 0.03921800 0.12146250
v -0.00126400 0.03921800 0.12171550
v -0.00229700 0.03881500 0.12160750
v -0.00281300 0.03881500 0.12227950
v -0.00178700 0.03921800 0.12211750
v -0.00218900 0.03921800 0.12264050
v -0.00244100 0.03921800 0.12324950
v -0.00322900 0.03881400 0.12390150
v -0.00310500 0.03881300 0.12474050
v -0.00293500 0.04132500 0.12469350
v -0.00303100 0.04132500 0.12390050
v -0.00278200 0.03881300 0.12550450
v -0.00262700 0.04132500 0.12541750
v -0.00279800 0.03881400 0.12551650
v -0.00229700 0.03881500 0.12620250
v -0.00226500 0.03881300 0.12617650
v -0.00215000 0.04132600 0.12605750
v -0.00161900 0.03881400 0.12670350
v -0.00084100 0.03881500 0.12704350
v -0.00082600 0.03881300 0.12700450
v -0.00078400 0.04132500 0.12683950
v -0.00000500 0.03881300 0.12711250
v -0.00000500 0.03881300 0.12711250
v 0.00000000 0.03881500 0.12715350
v 0.00079100 0.04132600 0.12685750
v -0.00000200 0.04132600 0.12694850
v 0.00152900 0.04132600 0.12655250
v 0.00229700 0.03881500 0.12620250
v 0.00227300 0.03881300 0.12617050
v 0.00161200 0.03881400 0.12670150
v 0.00150400 0.04132400 0.12652050
v 0.00213700 0.04132400 0.12603450
v 0.00216200 0.04132600 0.12606650
v 0.00279200 0.03881400 0.12551950
v 0.00264800 0.04132600 0.12543350
v 0.00310100 0.03881300 0.12473050
v 0.00313800 0.03881500 0.12474550
v 0.00295300 0.04132600 0.12469650
v 0.00292400 0.04132500 0.12468350
v 0.00324900 0.03881500 0.12390450
v 0.00301800 0.04132400 0.12390950
v 0.00313800 0.03881500 0.12306450
v 0.00322600 0.03881400 0.12390750
v 0.00292100 0.04132500 0.12311750
v 0.00261600 0.04132400 0.12240050
v 0.00264800 0.04132600 0.12237450
v 0.00229700 0.03881500 0.12160750
v 0.00228100 0.03881400 0.12161950
v 0.00261600 0.04132400 0.12240050
v 0.00215100 0.04132600 0.12175150
v 0.00161900 0.03881400 0.12110450
v 0.00083200 0.03881400 0.12078650
v 0.00152600 0.04132600 0.12126450
v 0.00151300 0.04132400 0.12129350
v 0.00077600 0.04132400 0.12098850
v 0.00000100 0.03881500 0.12066150
v 0.00000400 0.03881300 0.12068550
v -0.00078600 0.04132400 0.12099150
v -0.00084100 0.03881500 0.12077150
v -0.00162500 0.03881500 0.12109050
v -0.00160000 0.03881300 0.12112250
v -0.00227300 0.03881300 0.12163950
v -0.00229700 0.03881500 0.12160750
v -0.00214600 0.04132500 0.12176350
v -0.00150500 0.04132400 0.12128750
v -0.00291600 0.04132400 0.12312850
v -0.00312000 0.03881400 0.12307150
v -0.00264800 0.04132600 0.12237450
v -0.00295300 0.04132600 0.12311350
v -0.00041900 0.04369900 0.12401750
v -0.00246100 0.04369900 0.12390450
v -0.00237700 0.04369900 0.12454050
v -0.00213100 0.04369900 0.12513450
v -0.00037500 0.04369900 0.12412150
v -0.00030600 0.04369900 0.12420950
v -0.00174000 0.04369900 0.12564450
v 0.00000000 0.04369900 0.12636450
v 0.00011200 0.04369900 0.12432250
v 0.00000000 0.04369900 0.12433750
v 0.00123100 0.04369900 0.12603650
v 0.00213100 0.04369900 0.12513450
v 0.00043300 0.04369900 0.12390450
v 0.00041800 0.04369900 0.12379250
v 0.00246000 0.04369900 0.12390450
v 0.00213100 0.04369900 0.12267450
v 0.00037500 0.04369900 0.12368850
v 0.00030700 0.04369900 0.12359750
v 0.00021700 0.04369900 0.12352850
v 0.00063700 0.04369900 0.12152750
v 0.00000000 0.04369900 0.12144250
v -0.00063700 0.04369900 0.12152750
v -0.00123000 0.04369900 0.12177350
v -0.00021600 0.04369900 0.12352850
v -0.00174000 0.04369900 0.12216450
v -0.00213100 0.04369900 0.12267450
v -0.00237700 0.04369900 0.12326750
v -0.00041900 0.04369900 0.12379250
v -0.00043300 0.04379800 0.12390450
v -0.00043300 0.04369900 0.12390450
v -0.00037500 0.04379800 0.12412150
v -0.00030600 0.04379800 0.12420950
v -0.00021600 0.04379800 0.12427850
v -0.00021600 0.04369900 0.12427850
v -0.00011200 0.04379800 0.12432250
v -0.00011200 0.04369900 0.12432250
v 0.00021700 0.04379800 0.12427850
v 0.00021700 0.04369900 0.12427850
v 0.00037500 0.04369900 0.12412150
v 0.00030700 0.04369900 0.12420950
v 0.00043300 0.04379800 0.12390450
v 0.00041800 0.04369900 0.12401750
v 0.00037500 0.04379800 0.12368650
v 0.00041800 0.04379800 0.12379250
v 0.00030700 0.04379800 0.12359750
v 0.00021700 0.04379800 0.12352850
v 0.00011200 0.04369900 0.12348550
v 0.00000000 0.04369900 0.12347050
v -0.00011200 0.04379800 0.12348550
v 0.00000000 0.04379800 0.12347250
v -0.00011200 0.04369900 0.12348550
v -0.00021700 0.04379800 0.12352850
v -0.00030600 0.04369900 0.12359750
v -0.00030600 0.04379800 0.12359750
v -0.00041900 0.04379800 0.12379250
v -0.00037500 0.04379800 0.12368850
v -0.00037500 0.04369900 0.12368850
v -0.00213100 0.04650500 0.05632450
v 0.00207400 0.04563900 0.06571950
v -0.00210300 0.04100100 0.07689450
v 0.00195200 0.04058900 0.07668450
vn 0.9119 -0.4104 -0.0035
vn 0.9693 -0.2264 0.0955
vn 0.9810 -0.1941 -0.0026
vn -0.0330 -0.9949 0.0954
vn -0.2255 -0.9742 -0.0046
vn -0.1950 -0.9647 0.1772
vn 0.1024 -0.4681 -0.8777
vn 0.3314 -0.7811 -0.5292
vn 0.1727 -0.8306 -0.5294
vn 0.3559 -0.9281 -0.1097
vn 0.1681 -0.9796 -0.1097
vn -0.7793 0.5206 -0.3487
vn -0.6900 0.6449 -0.3284
vn -0.7855 0.5248 -0.3280
vn -0.0000 -0.5566 -0.8308
vn -0.1603 -0.8499 -0.5019
vn -0.1024 -0.4681 -0.8777
vn -0.0911 -0.0880 -0.9919
vn -0.3275 -0.2188 -0.9191
vn -0.0380 -0.0204 -0.9991
vn 0.4365 0.1981 -0.8776
vn 0.0831 0.0510 -0.9952
vn 0.3894 0.2795 -0.8776
vn -0.0000 0.4832 -0.8755
vn -0.0303 0.1523 -0.9879
vn -0.0919 0.4621 -0.8820
vn -0.1685 0.4488 -0.8776
vn -0.0306 0.0574 -0.9979
vn 0.0022 -0.1267 -0.9919
vn -0.8659 -0.3586 -0.3488
vn -0.9198 -0.2071 -0.3333
vn -0.8798 -0.3491 -0.3226
vn -0.3033 -0.7650 -0.5681
vn 0.0573 0.0789 -0.9952
vn 0.2979 0.3039 -0.9049
vn 0.0716 0.0663 -0.9952
vn 0.0306 0.0574 -0.9979
vn 0.2841 0.4304 -0.8568
vn 0.0662 -0.0716 -0.9952
vn 0.2400 -0.3516 -0.9049
vn 0.0685 -0.1152 -0.9910
vn -0.5766 0.8114 0.0956
vn -0.6848 0.7287 -0.0046
vn -0.5281 0.8492 -0.0035
vn -0.0000 1.0000 -0.0035
vn 0.1965 0.9791 0.0521
vn 0.0031 0.9842 0.1772
vn -0.2400 -0.3516 -0.9049
vn -0.0510 -0.0832 -0.9952
vn 0.0963 0.0153 -0.9952
vn 0.3939 -0.0000 -0.9192
vn 0.0919 -0.0000 -0.9958
vn -0.2800 -0.1496 0.9483
vn -0.2802 -0.1498 0.9482
vn -0.2803 -0.1498 0.9482
vn 0.3503 -0.9317 0.0956
vn 0.2272 -0.9738 -0.0035
vn 0.1618 -0.9822 0.0956
vn -0.7206 0.4482 -0.5290
vn -0.4365 0.1981 -0.8776
vn -0.7942 0.2989 -0.5291
vn -0.8264 -0.1927 -0.5291
vn -0.9100 -0.3792 -0.1678
vn -0.9797 -0.1680 -0.1095
vn 0.4073 -0.2529 -0.8776
vn 0.0886 -0.0408 -0.9952
vn 0.4487 -0.1685 -0.8776
vn 0.1806 -0.4076 -0.8951
vn 0.0126 -0.0413 -0.9991
vn -0.0716 0.0663 -0.9952
vn -0.3894 0.2795 -0.8776
vn -0.3274 0.3501 -0.8776
vn 0.5052 0.1035 -0.8568
vn 0.0915 0.0338 -0.9952
vn 0.0982 -0.0195 -0.9950
vn 0.5162 -0.0876 -0.8520
vn 0.5990 0.5773 -0.5550
vn 0.7207 0.4482 -0.5290
vn 0.9368 0.0291 -0.3486
vn 0.9233 0.1927 -0.3323
vn 0.9192 0.1829 -0.3488
vn -0.8084 -0.5783 -0.1096
vn -0.6247 -0.6247 -0.4686
vn -0.7043 -0.7099 0.0004
vn -0.4775 -0.1946 -0.8568
vn -0.7000 -0.4494 -0.5550
vn -0.7818 -0.3239 -0.5329
vn 0.0790 -0.0573 -0.9952
vn 0.3668 -0.3626 -0.8568
vn -0.1806 -0.4076 -0.8951
vn -0.0352 -0.0849 -0.9958
vn 0.2795 -0.1494 0.9484
vn 0.2800 -0.1496 0.9483
vn -0.4494 -0.7001 -0.5549
vn -0.3937 -0.3937 -0.8307
vn -0.0982 -0.0196 -0.9950
vn -0.0886 -0.0408 -0.9952
vn 0.7187 -0.6912 -0.0751
vn 0.8277 -0.5531 -0.0945
vn 0.8244 -0.5618 -0.0686
vn 0.8325 -0.5539 -0.0052
vn 0.9066 -0.4111 0.0955
vn 0.8312 0.5535 0.0520
vn 0.7287 0.6848 -0.0046
vn 0.8488 0.5288 -0.0024
vn -0.0832 0.0510 -0.9952
vn -0.0573 0.0790 -0.9952
vn -0.0963 0.0153 -0.9952
vn -0.3939 -0.0000 -0.9192
vn -0.5052 0.1035 -0.8568
vn -0.5162 -0.0876 -0.8520
vn 0.5254 -0.8455 0.0955
vn 0.3845 -0.9231 -0.0051
vn 0.5801 0.8089 0.0956
vn 0.5805 0.8143 -0.0035
vn -0.4943 0.6897 -0.5291
vn -0.6840 0.7212 -0.1097
vn -0.5300 0.8409 -0.1093
vn -0.0227 -0.0949 -0.9952
vn 0.0188 -0.0623 -0.9979
vn -0.0915 0.0338 -0.9952
vn 0.0269 0.1238 -0.9919
vn 0.1685 0.4488 -0.8776
vn 0.9665 0.1943 -0.1679
vn 0.8496 -0.0000 -0.5274
vn 0.8299 0.1651 -0.5328
vn -0.9302 0.3544 0.0954
vn -0.9739 0.2271 -0.0035
vn -0.9108 0.4128 -0.0035
vn -0.3544 -0.9302 0.0956
vn -0.3845 -0.9231 -0.0051
vn -0.6836 -0.7299 -0.0000
vn -0.5555 -0.8315 -0.0000
vn -0.5824 0.8129 0.0021
vn -0.7299 0.6836 0.0016
vn -0.8128 -0.5826 -0.0000
vn -0.7300 -0.6835 -0.0000
vn -0.8133 0.5819 -0.0024
vn -0.8492 0.5281 0.0011
vn -0.9108 -0.4128 -0.0000
vn -0.8493 -0.5280 -0.0000
vn -0.8128 -0.5825 -0.0000
vn 0.4127 -0.9108 -0.0000
vn 0.5279 -0.8493 -0.0000
vn 0.5826 -0.8128 -0.0000
vn -0.6835 -0.7300 -0.0000
vn 0.2272 -0.9738 -0.0000
vn 0.3522 -0.9359 -0.0000
vn -0.1629 -0.9866 0.0016
vn 0.0010 -1.0000 -0.0027
vn 0.0002 -1.0000 0.0024
vn 0.9108 0.4128 -0.0000
vn 0.8493 0.5280 -0.0000
vn 0.8128 0.5825 -0.0000
vn 0.9739 0.2272 -0.0000
vn 0.9359 0.3522 -0.0000
vn -0.9358 0.3525 0.0016
vn 0.9995 0.0328 -0.0000
vn 0.9867 0.1628 -0.0000
vn 0.9867 -0.1628 -0.0000
vn 0.9995 -0.0328 -0.0000
vn -0.9359 0.3522 -0.0000
vn -0.9808 0.1951 -0.0000
vn -1.0000 -0.0000 -0.0000
vn -0.9867 -0.1628 -0.0000
vn -0.9739 -0.2271 -0.0000
vn -0.9360 -0.3521 -0.0000
vn -0.8492 -0.5280 -0.0000
vn -0.6837 -0.7298 0.0016
vn -0.5563 -0.8309 -0.0027
vn -0.5557 -0.8314 0.0024
vn 0.5556 -0.8315 -0.0000
vn 0.3826 -0.9239 -0.0000
vn 0.2272 -0.9739 -0.0000
vn 0.9808 0.1951 -0.0000
vn 0.9109 0.4127 -0.0000
vn 0.6614 0.0012 0.7501
vn 0.9740 0.2135 -0.0756
vn 0.6414 0.1284 0.7564
vn -0.2272 0.9738 -0.0000
vn -0.3523 0.9359 -0.0000
vn -0.4129 0.9108 -0.0000
vn -0.5282 0.8491 -0.0000
vn -0.3827 0.9239 -0.0000
vn -0.5827 0.8127 -0.0000
vn 0.2520 0.6115 0.7500
vn 0.1754 0.9816 -0.0753
vn 0.1268 0.6417 0.7564
vn 0.6115 -0.2521 0.7500
vn 0.9711 -0.2265 -0.0756
vn 0.6417 -0.1268 0.7564
vn -0.6415 -0.1423 0.7538
vn -0.9136 -0.3995 -0.0757
vn -0.6106 -0.2542 0.7500
vn 0.1301 -0.6485 0.7500
vn 0.3591 -0.9306 -0.0704
vn 0.2487 -0.6002 0.7602
vn 0.3827 -0.9239 0.0016
vn 0.5825 -0.8128 0.0016
vn 0.7078 -0.7064 -0.0026
vn 0.7073 -0.7070 0.0024
vn -0.7337 0.6021 0.3149
vn -0.7342 0.6023 0.3133
vn -0.8115 0.5740 -0.1095
vn -0.6194 0.5800 -0.5291
vn -0.8295 0.5562 0.0520
vn -0.9245 -0.1542 -0.3486
vn -0.9456 -0.0188 -0.3248
vn -0.3559 -0.5326 0.7679
vn -0.2520 -0.6084 0.7526
vn -0.2453 -0.5918 0.7679
vn 0.4104 0.9119 -0.0035
vn 0.2263 0.9741 -0.0024
vn -0.7466 -0.5366 -0.3933
vn -0.6703 -0.6293 -0.3933
vn -0.7801 -0.4865 -0.3934
vn 0.7554 -0.3266 -0.5681
vn 0.7095 -0.4654 -0.5293
vn -0.9083 -0.4073 0.0955
vn -0.8492 -0.5280 -0.0035
vn -0.9359 -0.3522 -0.0035
vn -0.9703 -0.2223 0.0955
vn -0.9866 -0.1628 -0.0035
vn 0.6247 -0.6247 -0.4686
vn -0.5739 -0.8116 -0.1098
vn -0.3853 0.8544 -0.3487
vn -0.5246 0.7852 -0.3290
vn -0.5206 0.7793 -0.3489
vn -0.1773 0.8128 -0.5549
vn -0.3502 0.7730 -0.5290
vn 1.0000 0.0019 -0.0052
vn 0.9822 0.1617 0.0954
vn 0.9862 0.1654 -0.0035
vn -0.6626 -0.6628 -0.3488
vn -0.5509 -0.7673 -0.3284
vn -0.4963 -0.7950 -0.3488
vn 0.1773 0.8128 -0.5549
vn 0.3502 0.7730 -0.5290
vn -0.3558 0.9281 -0.1096
vn -0.2528 0.4072 -0.8776
vn 0.8115 -0.5739 -0.1097
vn 0.7070 -0.7072 0.0005
vn -0.5290 -0.8432 0.0956
vn 0.9350 0.3547 -0.0035
vn -0.8496 -0.0000 -0.5275
vn -1.0000 -0.0000 0.0005
vn -0.1932 0.9798 0.0521
vn -0.0311 -0.3157 0.9483
vn -0.0311 -0.3157 0.9484
vn -0.3908 -0.8599 -0.3284
vn -0.3318 -0.8764 -0.3490
vn -0.8300 0.1651 -0.5328
vn -0.1209 -0.2917 -0.9488
vn -0.0229 -0.0980 -0.9949
vn -0.0515 -0.3118 -0.9487
vn -0.2014 -0.2454 0.9483
vn -0.2015 -0.2455 0.9482
vn 0.0677 -0.1013 -0.9926
vn 0.2161 -0.2305 -0.9488
vn 0.1757 -0.2629 -0.9487
vn 0.0041 0.0429 -0.9991
vn 0.2797 0.1495 0.9484
vn 0.2795 0.1494 0.9484
vn -0.3156 -0.0311 0.9484
vn -0.3159 -0.0311 0.9483
vn -0.1498 0.2802 0.9482
vn 0.8090 -0.5801 0.0955
vn -0.1438 -0.0000 -0.9896
vn -0.3100 -0.0616 -0.9487
vn -0.3158 -0.0000 -0.9488
vn 0.3100 0.0617 -0.9487
vn 0.0943 0.0354 -0.9949
vn 0.2880 0.1304 -0.9487
vn 0.3100 -0.0617 -0.9487
vn 0.1438 -0.0000 -0.9896
vn 0.3162 -0.0000 -0.9487
vn -0.1839 0.2567 -0.9488
vn -0.0829 0.0885 -0.9926
vn -0.2308 0.2163 -0.9486
vn 0.0238 -0.1194 -0.9926
vn 0.1209 -0.2917 -0.9488
vn 0.0616 -0.3098 -0.9488
vn 0.1499 -0.2803 0.9481
vn 0.1498 -0.2803 0.9481
vn 0.1497 -0.2800 0.9482
vn 0.0311 -0.3157 0.9483
vn -0.0312 0.3164 0.9481
vn -0.0311 0.3161 0.9482
vn -0.0310 0.3157 0.9484
vn 0.4999 0.7114 -0.4940
vn 0.6801 0.7249 -0.1095
vn 0.0204 -0.8693 -0.4939
vn 0.9318 0.3503 0.0955
vn 0.3038 0.0921 0.9483
vn 0.3034 0.0920 0.9484
vn 0.3033 0.0920 0.9484
vn 0.3159 -0.0311 0.9483
vn 0.3160 -0.0311 0.9483
vn -0.1498 -0.2802 0.9482
vn -0.1017 -0.1017 -0.9896
vn -0.1841 -0.2570 -0.9487
vn -0.2229 -0.2230 -0.9490
vn -0.2569 -0.1840 -0.9488
vn -0.1195 0.0799 -0.9896
vn -0.2881 0.1304 -0.9487
vn -0.2631 0.1758 -0.9486
vn -0.2451 0.2011 0.9484
vn -0.2452 0.2012 0.9484
vn -0.2456 0.2016 0.9482
vn 0.3157 0.0311 0.9484
vn 0.3159 0.0311 0.9483
vn 0.4112 0.9065 0.0955
vn 0.8264 -0.1927 -0.5291
vn 0.8083 0.5784 -0.1097
vn -0.3159 0.0311 0.9483
vn -0.3156 0.0311 0.9484
vn 0.9057 0.4095 -0.1096
vn 0.7942 0.2989 -0.5290
vn -0.0000 -0.0000 1.0000
vn 0.2453 -0.2014 0.9483
vn 0.2452 -0.2012 0.9484
vn 0.2449 -0.2010 0.9485
vn 0.0923 0.3041 0.9482
vn 0.0922 0.3039 0.9482
vn -0.0616 0.3099 -0.9488
vn -0.0427 0.1135 -0.9926
vn -0.1303 0.2879 -0.9487
vn 0.2013 0.2453 0.9483
vn 0.2012 0.2452 0.9484
vn 0.2016 0.2457 0.9481
vn 0.0247 0.1503 -0.9883
vn 0.0103 0.3158 -0.9488
vn 0.0717 0.3079 -0.9487
vn -0.0924 0.3046 0.9480
vn -0.0923 0.3043 0.9481
vn -0.4073 0.9083 0.0954
vn -0.9815 0.1660 0.0955
vn -0.9995 0.0328 -0.0035
vn 0.8659 -0.3586 -0.3488
vn 0.7891 -0.5167 -0.3323
vn 0.8798 -0.3492 -0.3226
vn -0.0000 0.8834 -0.4687
vn 0.6626 -0.6628 -0.3488
vn 0.5509 -0.7673 -0.3283
vn 0.6790 -0.6594 -0.3227
vn -0.9673 0.1903 -0.1679
vn 0.6802 -0.7268 0.0955
vn 0.5302 -0.8479 -0.0035
vn 0.9107 -0.3773 -0.1679
vn 1.0000 -0.0000 0.0016
vn 0.9445 0.0930 0.3150
vn 0.9447 0.0931 0.3146
vn -0.4472 0.8364 0.3169
vn -0.4472 0.8366 0.3166
vn 0.7793 -0.5207 -0.3487
vn 0.4477 -0.6700 -0.5921
vn -0.2756 -0.9086 0.3138
vn -0.3827 -0.9239 0.0016
vn -0.0932 -0.9446 0.3147
vn -0.0932 -0.9448 0.3140
vn -0.9079 0.4046 -0.1094
vn 0.9082 0.2755 0.3153
vn 0.9739 0.2272 0.0016
vn 0.9108 0.4128 0.0016
vn 0.7338 0.6022 0.3144
vn 0.6838 0.7297 0.0016
vn 0.7341 0.6024 0.3133
vn -0.0930 0.9441 0.3164
vn -0.1949 0.9808 0.0012
vn -0.0930 0.9437 0.3174
vn -0.3522 0.9359 -0.0035
vn -0.1950 0.9808 -0.0035
vn -0.6833 -0.7239 0.0955
vn -0.7299 -0.6835 -0.0035
vn -0.9446 0.0930 0.3149
vn -0.9995 -0.0326 0.0021
vn -0.9447 0.0931 0.3145
vn -0.1680 0.9797 -0.1098
vn 0.3522 0.9359 0.0016
vn 0.2753 0.9077 0.3168
vn 0.2753 0.9077 0.3167
vn -0.6021 0.7338 0.3146
vn -0.6016 0.7334 0.3163
vn -0.9739 -0.2272 0.0016
vn -0.9080 -0.2755 0.3158
vn -0.9080 -0.2755 0.3157
vn 0.4477 -0.8374 0.3136
vn 0.4477 -0.8375 0.3134
vn -0.7337 -0.6021 0.3149
vn -0.8130 -0.5823 0.0016
vn 0.9081 -0.2754 0.3153
vn 0.9807 -0.1953 0.0024
vn 0.9080 -0.2754 0.3157
vn 0.1627 0.9867 0.0016
vn 0.0930 0.9441 0.3163
vn 0.0931 0.9437 0.3174
vn -0.8367 0.4472 0.3162
vn -0.8368 0.4473 0.3158
vn -0.4477 -0.8374 0.3137
vn -0.4476 -0.8373 0.3140
vn 0.5477 -0.8197 -0.1679
vn 0.4472 0.8366 0.3164
vn 0.5282 0.8491 0.0021
vn 0.8371 0.4475 0.3147
vn 0.8128 0.5825 0.0011
vn 0.2756 -0.9086 0.3138
vn 0.2756 -0.9087 0.3135
vn -0.9445 -0.0930 0.3149
vn -0.9447 -0.0931 0.3145
vn -0.8115 -0.5765 0.0956
vn 0.6021 0.7338 0.3146
vn 0.6016 0.7334 0.3163
vn 0.9445 -0.0930 0.3149
vn 0.9447 -0.0931 0.3146
vn -0.9080 0.2755 0.3158
vn -0.9866 0.1631 0.0016
vn -0.9080 0.2755 0.3157
vn -0.0264 -0.9936 -0.1095
vn 0.8373 -0.4475 0.3142
vn 0.8315 -0.5555 0.0012
vn 0.9359 -0.3523 0.0011
vn 0.6021 -0.7338 0.3147
vn 0.6024 -0.7340 0.3138
vn -0.6021 -0.7338 0.3147
vn -0.6024 -0.7340 0.3138
vn -0.2753 0.9075 0.3173
vn -0.4125 0.9109 0.0016
vn -0.2753 0.9076 0.3170
vn 0.0932 -0.9446 0.3146
vn 0.0931 -0.9444 0.3152
vn 0.7338 -0.6022 0.3144
vn 0.7335 -0.6021 0.3155
vn -0.9950 -0.0286 0.0955
vn 0.3804 -0.8361 0.3954
vn 0.5104 -0.7636 0.3954
vn 0.5104 -0.7637 0.3953
vn -0.3518 0.8494 -0.3935
vn -0.1794 0.9017 -0.3934
vn -0.1793 0.9017 -0.3933
vn 0.1792 -0.9015 -0.3939
vn -0.0000 -0.9192 -0.3937
vn -0.0000 -0.9193 -0.3935
vn 0.2098 0.8942 0.3954
vn 0.3245 0.8593 0.3955
vn 0.1508 0.9060 0.3954
vn 0.3518 0.8494 -0.3935
vn 0.1794 0.9017 -0.3934
vn 0.3517 0.8495 -0.3933
vn -0.4841 -0.7806 0.3953
vn -0.3781 -0.8371 0.3954
vn -0.3223 -0.8601 0.3955
vn -0.6276 -0.6719 -0.3933
vn -0.5108 -0.7643 -0.3936
vn 0.7644 0.5107 -0.3935
vn 0.6500 0.6501 -0.3936
vn 0.8493 0.3518 -0.3936
vn 0.8493 0.3518 -0.3937
vn 0.8951 0.2101 -0.3933
vn 0.9069 0.1508 -0.3933
vn -0.1792 -0.9015 -0.3939
vn -0.3248 -0.8598 -0.3939
vn -0.3806 -0.8368 -0.3937
vn 0.9193 -0.0000 -0.3935
vn 0.9069 -0.1508 -0.3933
vn 0.8951 -0.2101 -0.3933
vn -0.8601 0.3222 0.3954
vn -0.8947 0.2074 0.3955
vn -0.9064 0.1483 0.3955
vn -0.7644 0.5107 -0.3935
vn -0.8493 0.3517 -0.3936
vn 0.3248 -0.8599 -0.3938
vn 0.1791 -0.9015 -0.3941
vn -0.8336 -0.3765 -0.4041
vn -0.7775 -0.4819 -0.4041
vn -0.7441 -0.5319 -0.4041
vn -0.9184 -0.0000 0.3956
vn -0.9193 -0.0000 -0.3936
vn -0.9069 -0.1509 -0.3935
vn -0.0000 0.9194 -0.3934
vn -0.0000 0.9193 -0.3935
vn -0.8485 -0.3515 0.3956
vn -0.7794 -0.4861 0.3952
vn -0.7459 -0.5362 0.3952
vn -0.6494 0.6494 0.3957
vn -0.7473 0.5340 0.3955
vn -0.7807 0.4839 0.3955
vn 0.8600 -0.3250 -0.3934
vn 0.8368 -0.3808 -0.3934
vn 0.5365 0.7464 -0.3937
vn 0.6499 0.6502 -0.3935
vn 0.7466 -0.5366 -0.3933
vn 0.6703 -0.6293 -0.3933
vn 0.6276 -0.6719 -0.3933
vn -0.6270 -0.6713 0.3953
vn -0.5343 -0.7472 0.3953
vn -0.8950 -0.2100 -0.3935
vn -0.8600 -0.3249 -0.3935
vn 0.9193 -0.0000 -0.3936
vn -0.9069 0.1509 -0.3935
vn -0.8950 0.2100 -0.3935
vn 0.1793 0.9017 -0.3933
vn 0.7801 -0.4865 -0.3934
vn -0.6500 0.6501 -0.3936
vn -0.6499 0.6502 -0.3935
vn -0.8493 0.3517 -0.3937
vn 0.8971 -0.1785 -0.4043
vn 0.8566 -0.3210 -0.4041
vn 0.8970 -0.1785 -0.4043
vn -0.3499 0.8451 -0.4042
vn -0.2090 0.8905 -0.4041
vn -0.8970 -0.1784 -0.4043
vn -0.9146 -0.0000 -0.4044
vn -0.8971 -0.1784 -0.4043
vn 0.8558 0.3232 -0.4039
vn 0.8906 0.2090 -0.4040
vn 0.8328 0.3787 -0.4038
vn -0.7566 0.5055 -0.4147
vn -0.8293 0.3745 -0.4146
vn -0.7567 0.5055 -0.4146
vn 0.7762 0.4841 -0.4039
vn 0.7429 0.5339 -0.4038
vn -0.6671 0.6261 -0.4038
vn -0.7428 0.5339 -0.4040
vn -0.7762 0.4841 -0.4040
vn -0.8565 -0.3211 -0.4041
vn -0.0000 -0.9146 -0.4043
vn 0.1785 -0.8970 -0.4044
vn 0.6670 0.6261 -0.4038
vn 0.6245 0.6686 -0.4037
vn -0.4838 -0.7762 -0.4043
vn -0.3786 -0.8326 -0.4042
vn -0.3233 -0.8557 -0.4041
vn -0.8558 0.3232 -0.4039
vn -0.8906 0.2089 -0.4040
vn -0.9023 0.1501 -0.4042
vn -0.4819 0.7776 -0.4039
vn -0.5320 0.7443 -0.4038
vn -0.6246 0.6685 -0.4037
vn 0.2066 0.8910 -0.4042
vn 0.3209 0.8566 -0.4041
vn 0.1478 0.9027 -0.4042
vn 0.3765 0.8337 -0.4040
vn 0.4819 0.7776 -0.4039
vn 0.9023 0.1501 -0.4041
vn 0.9146 -0.0000 -0.4043
vn 0.9147 -0.0000 -0.4042
vn -0.1785 -0.8970 -0.4043
vn -0.1785 -0.8970 -0.4044
vn -0.6685 -0.6244 -0.4041
vn -0.6261 -0.6668 -0.4043
vn -0.8327 0.3787 -0.4039
vn 0.5320 0.7442 -0.4038
vn -0.5338 -0.7427 -0.4043
vn -0.1502 0.9023 -0.4042
vn -0.0313 0.9142 -0.4041
vn 0.0289 0.9142 -0.4042
vn 0.3234 -0.8556 -0.4041
vn 0.3786 -0.8326 -0.4042
vn -0.9146 -0.0000 -0.4045
vn 0.4838 -0.7762 -0.4043
vn 0.5338 -0.7427 -0.4043
vn 0.6261 -0.6668 -0.4043
vn 0.6684 -0.6244 -0.4041
vn 0.7442 -0.5320 -0.4040
vn 0.7775 -0.4819 -0.4040
vn 0.8337 -0.3765 -0.4040
vn -0.2270 0.9739 -0.0000
vn 0.6836 0.7299 -0.0000
vn 0.5825 0.8128 -0.0000
vn 0.5280 0.8493 -0.0000
vn 0.4129 0.9108 -0.0000
vn 0.3522 0.9359 -0.0000
vn 0.2272 0.9738 -0.0000
vn 0.1628 0.9867 -0.0000
vn 0.0328 0.9995 -0.0000
vn -0.0328 0.9995 -0.0000
vn 0.6014 0.2647 0.7538
vn 0.8181 0.5700 -0.0756
vn 0.5493 0.3684 0.7500
vn 0.8314 0.5556 -0.0000
vn 0.9949 -0.0329 0.0955
vn -0.7300 0.6835 -0.0000
vn -0.8128 0.5825 -0.0000
vn -0.8493 0.5280 -0.0000
vn -0.9108 0.4128 -0.0000
vn -0.9739 0.2272 -0.0000
vn -0.9867 0.1628 -0.0000
vn -0.9995 0.0328 -0.0000
vn -0.9995 -0.0328 -0.0000
vn -0.9359 -0.3522 -0.0000
vn 0.7300 0.6835 -0.0000
vn -0.1283 0.6414 0.7564
vn -0.3734 0.9251 -0.0691
vn -0.2542 0.6106 0.7501
vn 0.3628 0.5443 0.7564
vn 0.3636 0.9285 -0.0757
vn -0.5280 0.8493 -0.0000
vn -0.5825 0.8128 -0.0000
vn -0.5556 -0.8315 -0.0000
vn 0.6836 -0.7299 -0.0000
vn 0.7300 -0.6835 -0.0000
vn 0.8128 -0.5825 -0.0000
vn 0.8493 -0.5280 -0.0000
vn 0.9108 -0.4128 -0.0000
vn 0.9359 -0.3522 -0.0000
vn 0.9739 -0.2271 -0.0000
vn 0.7298 0.6836 -0.0000
vn 0.6835 0.7299 -0.0000
vn 0.1630 -0.9866 0.0011
vn 0.9968 -0.0052 -0.0796
vn 0.9823 0.1619 -0.0946
vn 0.5536 -0.8285 -0.0839
vn 0.6805 -0.7267 -0.0941
vn 0.2263 -0.9695 -0.0943
vn 0.1624 -0.9839 -0.0750
vn 0.4111 -0.9067 -0.0944
vn -0.8455 0.5255 -0.0951
vn -0.9083 0.4115 -0.0757
vn -0.8105 0.5808 -0.0757
vn 0.0327 -0.9951 -0.0938
vn -0.0326 -0.9967 -0.0748
vn -0.9968 0.0052 -0.0793
vn -0.9823 -0.1620 -0.0942
vn -0.9740 -0.2135 -0.0754
vn -0.9318 -0.3505 -0.0945
vn -0.8278 -0.5531 -0.0942
vn -0.8344 -0.5468 -0.0689
vn -0.0194 0.9970 -0.0754
vn -0.1620 0.9823 -0.0942
vn -0.2135 0.9740 -0.0755
vn 0.7039 0.7040 -0.0946
vn 0.5582 0.8259 -0.0794
vn 0.7117 0.6991 -0.0687
vn -0.6805 -0.7267 -0.0942
vn -0.5540 -0.8291 -0.0754
vn -0.7279 -0.6816 -0.0752
vn -0.1619 -0.9823 -0.0939
vn -0.2264 -0.9711 -0.0752
vn 0.9082 -0.4116 -0.0756
vn -0.5495 0.8317 -0.0794
vn -0.7039 0.7040 -0.0946
vn -0.6990 0.7118 -0.0687
vn 0.4111 0.9067 -0.0947
vn -0.3809 0.9198 -0.0946
vn -0.3810 -0.9198 -0.0942
vn -0.3816 -0.9213 -0.0752
vn 0.0328 0.9950 -0.0943
vn 0.9317 -0.3505 -0.0950
vn 0.9822 -0.1619 -0.0949
vn -0.9823 0.1619 -0.0945
vn -0.9711 0.2264 -0.0754
vn 0.9137 0.3994 -0.0756
vn 0.8455 0.5255 -0.0946
vn 0.9318 0.3505 -0.0947
vn 0.9382 -0.1867 -0.2916
vn 0.9198 -0.2071 -0.3333
vn 0.2262 0.9695 -0.0944
vn -0.9318 0.3505 -0.0949
vn 0.4631 -0.4620 0.7564
vn 0.5542 -0.3531 0.7538
vn -0.5532 -0.3546 0.7538
vn -0.4620 -0.4631 0.7564
vn 0.3711 -0.5554 0.7442
vn -0.6022 0.2630 0.7538
vn -0.6419 0.1405 0.7538
vn -0.5506 0.3665 0.7500
vn -0.4630 0.4621 0.7564
vn -0.3546 0.5532 0.7538
vn -0.0012 0.6614 0.7500
vn -0.3827 -0.9239 -0.0000
vn -0.2272 -0.9738 -0.0000
vn -0.1627 -0.9867 -0.0000
vn -0.0000 1.0000 0.0016
vn 0.1951 0.9808 -0.0000
vn 0.0329 0.9995 -0.0000
vn -0.0329 0.9995 -0.0000
vn 0.3827 0.9239 -0.0000
vn -0.1628 0.9867 -0.0000
vn -0.7070 0.7072 -0.0000
vn -0.8127 0.5826 -0.0000
vn -0.3826 -0.9239 -0.0000
vn -0.3637 -0.5443 0.7560
vn -0.6541 -0.0008 0.7564
vn 0.0327 -0.9995 -0.0000
vn 0.1627 -0.9867 -0.0000
vn -0.1278 -0.6489 0.7500
vn -0.4330 0.4330 -0.7906
vn -0.4985 0.3556 -0.7906
vn -0.4330 0.4331 -0.7905
vn 0.5326 0.3559 0.7679
vn 0.6030 0.2174 0.7675
vn -0.5326 0.3559 0.7679
vn 0.5918 -0.2452 0.7679
vn -0.5157 -0.3807 0.7675
vn -0.4530 -0.4530 0.7679
vn -0.0000 0.6406 0.7679
vn -0.1250 0.6283 0.7679
vn -0.6338 -0.0956 0.7675
vn -0.5918 -0.2452 0.7679
vn 0.4316 0.4739 0.7675
vn 0.3559 0.5326 0.7679
vn 0.3559 -0.5326 0.7679
vn 0.4530 -0.4530 0.7679
vn 0.1250 -0.6283 0.7679
vn 0.2453 -0.5918 0.7679
vn -0.2451 0.5919 0.7679
vn -0.3806 0.5158 0.7675
vn -0.6030 0.2174 0.7675
vn -0.6338 0.0956 0.7675
vn 0.6406 -0.0000 0.7679
vn 0.2451 0.5919 0.7679
vn 0.1250 0.6283 0.7679
vn 0.6283 -0.1250 0.7679
vn 0.6283 0.1250 0.7679
vn 0.0008 -0.6542 0.7564
vn -0.6406 -0.0000 0.7679
vn 0.4734 0.4557 0.7538
vn 0.5158 -0.3806 0.7675
vn -0.1250 -0.6283 0.7679
vn -0.0000 -0.6406 0.7679
vn -0.4530 0.4530 0.7679
vn 0.3464 0.7684 0.5380
vn 0.4436 0.7168 0.5380
vn 0.4897 0.6861 0.5380
vn 0.7684 0.3465 0.5380
vn 0.7167 0.4437 0.5380
vn 0.7896 0.2954 0.5379
vn 0.1645 0.8265 0.5383
vn -0.0000 0.8427 0.5383
vn 0.1644 0.8265 0.5384
vn 0.2953 0.7895 0.5380
vn -0.1644 0.8265 0.5383
vn 0.4897 -0.6861 0.5380
vn 0.5750 -0.6164 0.5380
vn 0.4436 -0.7168 0.5380
vn -0.8428 -0.0000 0.5382
vn -0.8266 -0.1644 0.5382
vn -0.2984 -0.7884 0.5379
vn -0.1645 -0.8267 0.5380
vn -0.3495 -0.7671 0.5380
vn 0.8266 0.1644 0.5382
vn 0.8266 0.1644 0.5383
vn -0.2952 0.7895 0.5380
vn -0.1644 0.8265 0.5384
vn -0.8320 0.1356 0.5380
vn -0.8213 0.1899 0.5380
vn 0.7884 -0.2984 0.5380
vn 0.8205 -0.1931 0.5380
vn 0.7672 -0.3494 0.5378
vn 0.7152 -0.4464 0.5378
vn 0.6843 -0.4924 0.5378
vn 0.6142 -0.5774 0.5379
vn -0.7884 -0.2984 0.5380
vn -0.8266 -0.1644 0.5383
vn -0.6861 0.4897 0.5380
vn -0.5960 0.5959 0.5382
vn -0.5961 0.5959 0.5382
vn 0.3226 -0.7787 0.5381
vn 0.1645 -0.8267 0.5380
vn 0.1645 -0.8268 0.5378
vn -0.7122 -0.4410 0.5462
vn -0.7635 -0.3444 0.5463
vn -0.6817 -0.4867 0.5463
vn -0.0000 -0.8429 0.5381
vn -0.1645 -0.8268 0.5378
vn 0.8314 -0.1388 0.5380
vn 0.8429 -0.0000 0.5381
vn -0.3464 0.7684 0.5380
vn -0.4436 0.7168 0.5380
vn -0.7684 0.3467 0.5380
vn -0.7167 0.4438 0.5380
vn -0.0000 -0.8427 0.5383
vn 0.5786 0.6204 0.5295
vn 0.4712 0.7052 0.5298
vn 0.4711 0.7050 0.5300
vn -0.7895 0.2954 0.5379
vn 0.8429 -0.0000 0.5380
vn -0.5960 -0.5960 0.5381
vn -0.4923 -0.6843 0.5379
vn -0.5959 -0.5960 0.5382
vn -0.6843 -0.4924 0.5378
vn -0.7152 -0.4464 0.5378
vn 0.5960 0.5959 0.5382
vn -0.4463 -0.7151 0.5380
vn -0.4897 0.6861 0.5380
vn 0.3226 -0.7786 0.5382
vn -0.8521 0.3193 -0.4147
vn -0.8865 0.2056 -0.4146
vn 0.4796 -0.7736 -0.4142
vn 0.3745 -0.8296 -0.4141
vn 0.3193 -0.8524 -0.4142
vn -0.8925 -0.1775 -0.4147
vn -0.9099 -0.0000 -0.4147
vn -0.9100 -0.0000 -0.4147
vn -0.1776 0.8924 -0.4147
vn -0.0000 0.9099 -0.4148
vn -0.0000 0.9098 -0.4150
vn 0.8364 -0.3465 -0.4246
vn 0.7683 -0.4791 -0.4244
vn 0.7352 -0.5285 -0.4245
vn -0.6213 -0.6651 -0.4144
vn -0.5293 -0.7404 -0.4142
vn -0.6635 -0.6229 -0.4145
vn 0.1776 0.8925 -0.4147
vn 0.3216 0.8513 -0.4146
vn 0.3767 0.8283 -0.4147
vn 0.5310 0.7389 -0.4147
vn 0.6434 0.6435 -0.4147
vn 0.6433 0.6435 -0.4147
vn 0.7390 -0.5312 -0.4144
vn 0.6635 -0.6229 -0.4145
vn 0.6212 -0.6651 -0.4144
vn 0.7566 0.5055 -0.4147
vn 0.8294 0.3744 -0.4146
vn 0.8521 0.3192 -0.4147
vn 0.8865 0.2056 -0.4146
vn 0.8981 0.1469 -0.4146
vn 0.8925 -0.1775 -0.4147
vn 0.9099 -0.0000 -0.4147
vn 0.8924 -0.1775 -0.4148
vn -0.8981 0.1469 -0.4146
vn 0.8513 -0.3216 -0.4145
vn 0.8284 -0.3768 -0.4144
vn -0.4796 -0.7737 -0.4141
vn -0.3746 -0.8296 -0.4142
vn -0.6434 0.6434 -0.4147
vn -0.6434 0.6435 -0.4147
vn -0.5310 0.7390 -0.4147
vn -0.4813 0.7722 -0.4148
vn 0.7723 -0.4815 -0.4144
vn -0.0000 -0.9101 -0.4144
vn -0.1776 -0.8926 -0.4145
vn -0.1776 -0.8925 -0.4145
vn 0.1776 -0.8926 -0.4144
vn -0.0000 -0.9101 -0.4143
vn -0.3216 0.8512 -0.4147
vn -0.1776 0.8925 -0.4145
vn 0.4814 0.7722 -0.4148
vn -0.7390 -0.5311 -0.4144
vn -0.7723 -0.4815 -0.4144
vn 0.1776 -0.8925 -0.4146
vn 0.7567 0.5055 -0.4146
vn -0.8513 -0.3217 -0.4145
vn -0.8924 -0.1776 -0.4148
vn -0.3767 0.8283 -0.4148
vn 0.9100 -0.0000 -0.4147
vn 0.5293 -0.7404 -0.4143
vn 0.1776 0.8925 -0.4145
vn -0.8284 -0.3769 -0.4144
vn -0.3193 -0.8523 -0.4142
vn -0.7527 0.5029 -0.4248
vn -0.8251 0.3726 -0.4247
vn -0.7526 0.5030 -0.4249
vn 0.3177 -0.8479 -0.4243
vn 0.2047 -0.8821 -0.4242
vn 0.1464 -0.8937 -0.4241
vn -0.8478 0.3177 -0.4246
vn -0.8820 0.2046 -0.4246
vn 0.6401 -0.6401 -0.4248
vn 0.6401 -0.6401 -0.4249
vn 0.7527 0.5030 -0.4248
vn 0.6601 0.6198 -0.4244
vn 0.7526 0.5030 -0.4249
vn -0.0000 -0.9055 -0.4244
vn -0.0000 -0.9054 -0.4245
vn -0.8364 -0.3465 -0.4248
vn -0.8820 -0.2046 -0.4246
vn -0.8935 -0.1462 -0.4245
vn 0.8935 0.1462 -0.4245
vn 0.9053 -0.0000 -0.4247
vn 0.8935 -0.1462 -0.4245
vn 0.8820 -0.2045 -0.4245
vn -0.6601 0.6198 -0.4244
vn -0.6180 0.6618 -0.4243
vn 0.5029 -0.7527 -0.4248
vn 0.3725 -0.8252 -0.4246
vn 0.8423 0.3182 -0.4350
vn 0.8830 0.1756 -0.4352
vn 0.8196 0.3728 -0.4350
vn -0.0000 0.9052 -0.4251
vn 0.1765 0.8879 -0.4249
vn 0.1764 0.8879 -0.4249
vn 0.5029 -0.7528 -0.4248
vn -0.1765 0.8879 -0.4249
vn -0.0000 0.9051 -0.4252
vn 0.8252 0.3727 -0.4245
vn 0.8479 0.3178 -0.4244
vn -0.1463 -0.8937 -0.4241
vn -0.2047 -0.8821 -0.4242
vn 0.3177 0.8478 -0.4246
vn 0.3728 0.8251 -0.4246
vn -0.5029 -0.7528 -0.4247
vn -0.3725 -0.8253 -0.4245
vn -0.5028 -0.7528 -0.4247
vn 0.4771 0.7695 -0.4246
vn 0.5265 0.7366 -0.4245
vn -0.7352 -0.5284 -0.4245
vn -0.6401 -0.6401 -0.4248
vn -0.7683 -0.4791 -0.4245
vn -0.8363 -0.3465 -0.4248
vn 0.8820 0.2045 -0.4245
vn 0.8364 -0.3466 -0.4246
vn -0.9053 -0.0000 -0.4247
vn -0.6401 -0.6401 -0.4249
vn -0.3465 0.8364 -0.4247
vn -0.1764 0.8879 -0.4249
vn -0.8935 0.1462 -0.4245
vn -0.5030 0.7528 -0.4246
vn -0.5030 0.7527 -0.4247
vn -0.3466 0.8364 -0.4246
vn 0.6180 0.6618 -0.4244
vn -0.3178 -0.8479 -0.4243
vn 0.1843 -0.0836 -0.9793
vn 0.0045 -0.0030 -1.0000
vn 0.0039 -0.0016 -1.0000
vn 0.1030 -0.0640 -0.9926
vn -0.0000 -0.0000 -1.0000
vn 0.1426 -0.0536 -0.9883
vn -0.0640 -0.1030 -0.9926
vn -0.0902 -0.0179 -0.9958
vn -0.1426 -0.0536 -0.9883
vn 0.0460 -0.1110 -0.9928
vn 0.0886 -0.0829 -0.9926
vn -0.0007 0.0041 -1.0000
vn -0.0048 0.1759 -0.9844
vn -0.0000 0.0028 -1.0000
vn 0.1195 0.0799 -0.9896
vn -0.1483 -0.9066 0.3952
vn -0.0000 -0.9186 0.3952
vn -0.0000 -0.9187 0.3949
vn 0.0314 0.9180 0.3954
vn -0.0290 0.9180 0.3955
vn 0.6270 -0.6713 0.3953
vn 0.6696 -0.6287 0.3953
vn 0.8485 -0.3516 0.3955
vn 0.7794 -0.4861 0.3952
vn 0.8485 -0.3516 0.3956
vn -0.1484 0.9064 0.3954
vn -0.2075 0.8947 0.3954
vn -0.5107 -0.7644 -0.3935
vn -0.9064 -0.1483 0.3955
vn -0.8947 -0.2074 0.3955
vn -0.8485 -0.3516 0.3956
vn 0.7807 0.4839 0.3955
vn 0.8371 0.3781 0.3954
vn 0.7473 0.5340 0.3955
vn 0.6713 0.6269 0.3954
vn 0.6287 0.6696 0.3955
vn 0.5360 0.7458 0.3956
vn 0.4859 0.7793 0.3957
vn 0.7459 -0.5362 0.3952
vn -0.2073 -0.8948 0.3954
vn 0.9065 0.1483 0.3953
vn 0.9185 -0.0000 0.3955
vn 0.8948 0.2075 0.3954
vn -0.4864 0.7800 -0.3937
vn -0.3517 0.8495 -0.3934
vn 0.1791 -0.9009 0.3954
vn 0.3246 -0.8592 0.3955
vn -0.3513 0.8485 0.3957
vn -0.5365 0.7464 -0.3937
vn 0.8948 -0.2075 0.3954
vn 0.9065 -0.1483 0.3953
vn 0.1789 -0.9009 0.3955
vn 0.5108 -0.7643 -0.3936
vn 0.5107 -0.7644 -0.3935
vn 0.9184 -0.0000 0.3956
vn -0.1791 -0.9015 -0.3941
vn 0.8601 0.3223 0.3954
vn 0.3802 0.8361 0.3956
vn -0.6696 -0.6287 0.3953
vn 0.4865 0.7800 -0.3937
vn -0.8371 0.3781 0.3954
vn -0.5101 0.7636 0.3959
vn -0.5101 0.7636 0.3960
vn 0.3806 -0.8368 -0.3936
vn -0.6495 0.6494 0.3956
vn -0.8368 -0.3807 -0.3934
vn 0.8950 -0.0306 -0.4450
vn 0.8833 -0.1469 -0.4451
vn 0.8718 -0.2046 -0.4451
vn 0.3426 -0.8273 -0.4451
vn 0.4738 -0.7598 -0.4451
vn 0.3427 -0.8274 -0.4449
vn 0.6545 -0.6111 -0.4452
vn 0.7445 -0.4974 -0.4453
vn 0.6129 -0.6527 -0.4453
vn -0.6113 0.6546 -0.4448
vn -0.5208 0.7286 -0.4449
vn -0.4718 0.7612 -0.4450
vn -0.6545 -0.6111 -0.4452
vn -0.7445 -0.4974 -0.4452
vn -0.7445 -0.4975 -0.4452
vn 0.1747 -0.8782 -0.4453
vn 0.1746 -0.8781 -0.4454
vn -0.0000 -0.8954 -0.4454
vn -0.0000 -0.8954 -0.4453
vn 0.6113 0.6546 -0.4448
vn 0.4975 0.7446 -0.4451
vn 0.6529 0.6130 -0.4449
vn 0.3708 0.8151 -0.4451
vn 0.4975 0.7447 -0.4449
vn -0.8838 0.1446 -0.4450
vn -0.8954 -0.0000 -0.4452
vn -0.8723 0.2023 -0.4451
vn -0.1747 -0.8782 -0.4453
vn -0.1746 -0.8781 -0.4454
vn -0.3143 -0.8386 -0.4449
vn -0.3687 -0.8161 -0.4450
vn 0.8837 0.1445 -0.4452
vn 0.8950 0.0282 -0.4451
vn -0.8386 0.3142 -0.4451
vn -0.8161 0.3685 -0.4451
vn -0.7445 0.4974 -0.4452
vn -0.7445 0.4975 -0.4452
vn -0.4974 -0.7444 -0.4455
vn -0.4972 -0.7444 -0.4456
vn 0.8377 -0.3165 -0.4451
vn 0.8151 -0.3708 -0.4451
vn 0.5227 -0.7270 -0.4453
vn -0.6529 0.6130 -0.4449
vn -0.8273 -0.3427 -0.4452
vn -0.8273 -0.3427 -0.4451
vn -0.3427 0.8271 -0.4454
vn -0.3426 0.8271 -0.4455
vn -0.1745 0.8781 -0.4454
vn 0.7445 0.4975 -0.4453
vn 0.8160 0.3685 -0.4453
vn 0.8385 0.3141 -0.4453
vn 0.1745 0.8781 -0.4454
vn -0.0000 0.8954 -0.4453
vn -0.6494 0.6095 -0.4547
vn -0.7232 0.5198 -0.4547
vn -0.7556 0.4712 -0.4549
vn 0.3165 0.8375 -0.4453
vn -0.6129 -0.6527 -0.4454
vn 0.7445 0.4976 -0.4452
vn 0.7445 -0.4975 -0.4452
vn -0.8838 -0.1446 -0.4450
vn 0.8723 0.2022 -0.4453
vn -0.6004 0.1194 -0.7907
vn -0.6121 0.0187 -0.7906
vn 0.5961 -0.1404 -0.7905
vn 0.5727 -0.2169 -0.7906
vn 0.5572 -0.2541 -0.7905
vn 0.5194 -0.3245 -0.7905
vn 0.4970 -0.3579 -0.7905
vn 0.4328 -0.4329 -0.7907
vn 0.3401 -0.5089 -0.7908
vn 0.3400 -0.5089 -0.7908
vn -0.4970 -0.3579 -0.7905
vn -0.4328 -0.4329 -0.7907
vn -0.5194 -0.3245 -0.7905
vn 0.2145 -0.5738 -0.7904
vn 0.1378 -0.5968 -0.7905
vn 0.0983 -0.6046 -0.7904
vn -0.0000 -0.6124 -0.7906
vn -0.0000 -0.6124 -0.7905
vn -0.2145 -0.5738 -0.7904
vn -0.1378 -0.5968 -0.7905
vn -0.2516 -0.5584 -0.7905
vn -0.0000 0.6121 -0.7908
vn 0.1194 0.6004 -0.7907
vn 0.1194 0.6005 -0.7907
vn -0.3401 -0.5089 -0.7908
vn -0.3400 -0.5089 -0.7908
vn 0.4330 0.4330 -0.7906
vn 0.3558 0.4986 -0.7904
vn 0.4330 0.4331 -0.7905
vn 0.5208 0.3220 -0.7906
vn 0.5656 0.2343 -0.7907
vn -0.0983 -0.6046 -0.7904
vn 0.6004 0.1194 -0.7907
vn -0.6120 -0.0215 -0.7905
vn -0.6040 -0.1010 -0.7906
vn -0.5656 0.2343 -0.7907
vn -0.5208 0.3220 -0.7906
vn -0.5961 -0.1404 -0.7905
vn -0.5727 -0.2169 -0.7906
vn -0.3558 0.4986 -0.7904
vn -0.3222 0.5209 -0.7905
vn -0.2515 0.5583 -0.7906
vn -0.2142 0.5736 -0.7906
vn -0.5572 -0.2541 -0.7905
vn -0.1194 0.6004 -0.7907
vn -0.0000 0.6120 -0.7908
vn 0.2516 -0.5584 -0.7905
vn 0.2142 0.5736 -0.7906
vn 0.2515 0.5583 -0.7906
vn 0.0397 -0.1998 -0.9790
vn 0.0628 -0.1515 -0.9865
vn -0.1194 0.6005 -0.7907
vn 0.4985 0.3556 -0.7906
vn 0.3222 0.5209 -0.7905
vn 0.6120 -0.0215 -0.7905
vn 0.6040 -0.1010 -0.7906
vn 0.6121 0.0187 -0.7906
vn -0.7490 -0.3377 0.5700
vn -0.6986 -0.4326 0.5700
vn -0.7696 -0.2879 0.5699
vn 0.6831 -0.4564 0.5702
vn 0.7478 -0.3406 0.5699
vn -0.1603 -0.8058 0.5702
vn -0.0000 -0.8215 0.5702
vn -0.1602 -0.8057 0.5703
vn -0.3380 -0.7491 0.5698
vn -0.4326 -0.6987 0.5698
vn -0.4774 -0.6688 0.5700
vn -0.5990 0.5628 0.5696
vn -0.6672 0.4800 0.5697
vn -0.5607 0.6009 0.5697
vn -0.4775 0.6688 0.5698
vn -0.4325 0.6986 0.5700
vn 0.4352 -0.6971 0.5698
vn 0.3145 -0.7591 0.5700
vn 0.3145 -0.7592 0.5698
vn -0.8058 -0.1602 0.5700
vn -0.8213 -0.0285 0.5698
vn -0.8213 0.0255 0.5699
vn 0.4565 0.6831 0.5700
vn 0.3143 0.7590 0.5702
vn 0.4564 0.6832 0.5700
vn 0.7686 -0.2908 0.5699
vn 0.7999 -0.1882 0.5699
vn -0.6971 0.4351 0.5698
vn -0.7590 0.3143 0.5701
vn 0.6971 0.4351 0.5698
vn 0.7590 0.3144 0.5702
vn 0.7589 0.3144 0.5702
vn -0.7646 0.2860 0.5775
vn -0.7954 0.1840 0.5775
vn -0.8058 0.1314 0.5774
vn 0.1852 0.8007 0.5698
vn 0.3142 0.7590 0.5703
vn -0.1852 0.8007 0.5698
vn -0.2878 0.7696 0.5699
vn -0.1323 0.8112 0.5697
vn -0.0000 0.8217 0.5700
vn -0.0000 0.8215 0.5702
vn -0.2880 -0.7697 0.5698
vn -0.3376 0.7490 0.5701
vn 0.1322 0.8112 0.5697
vn 0.5607 0.6009 0.5697
vn 0.5990 0.5628 0.5696
vn 0.6672 0.4800 0.5697
vn -0.5809 -0.5809 0.5702
vn 0.5627 -0.5988 0.5699
vn 0.4800 -0.6670 0.5699
vn 0.8213 0.0255 0.5699
vn 0.8110 0.1323 0.5700
vn 0.8212 -0.0285 0.5699
vn -0.6687 -0.4775 0.5700
vn -0.5772 0.5772 0.5776
vn -0.6645 0.4744 0.5774
vn -0.6942 0.4298 0.5774
vn -0.8006 0.1852 0.5699
vn -0.7589 0.3144 0.5702
vn 0.6008 -0.5605 0.5700
vn 0.8005 0.1852 0.5700
vn -0.8110 0.1323 0.5698
vn 0.1602 -0.8058 0.5702
vn 0.1602 -0.8057 0.5703
vn 0.8901 0.0280 -0.4549
vn 0.8788 0.1437 -0.4550
vn 0.8675 0.2011 -0.4550
vn -0.8226 0.3407 -0.4552
vn -0.8226 0.3407 -0.4553
vn -0.0279 -0.8900 -0.4550
vn -0.1738 -0.8734 -0.4550
vn 0.0304 -0.8900 -0.4550
vn -0.3146 0.8330 -0.4552
vn -0.2034 0.8670 -0.4550
vn -0.3686 0.8105 -0.4553
vn 0.8226 0.3408 -0.4551
vn 0.1738 0.8734 -0.4550
vn 0.3406 0.8225 -0.4554
vn 0.1740 0.8734 -0.4550
vn 0.5179 -0.7246 -0.4546
vn 0.6297 -0.6297 -0.4550
vn 0.6296 -0.6297 -0.4551
vn 0.1737 -0.8734 -0.4550
vn -0.1461 0.8786 -0.4547
vn -0.0000 0.8906 -0.4548
vn -0.4946 0.7403 -0.4552
vn -0.6079 0.6509 -0.4548
vn 0.7556 0.4713 -0.4549
vn 0.7233 0.5198 -0.4547
vn 0.4946 0.7404 -0.4552
vn 0.3405 0.8225 -0.4557
vn -0.3408 -0.8227 -0.4549
vn -0.7556 -0.4712 -0.4549
vn -0.8106 -0.3687 -0.4550
vn -0.7231 -0.5198 -0.4549
vn 0.8785 -0.1461 -0.4549
vn 0.8900 -0.0304 -0.4549
vn 0.6080 0.6509 -0.4546
vn 0.4945 0.7405 -0.4552
vn -0.4693 -0.7570 -0.4546
vn -0.3408 -0.8227 -0.4550
vn -0.8901 0.0280 -0.4549
vn -0.8789 0.1439 -0.4548
vn -0.8901 -0.0305 -0.4548
vn -0.0000 0.8907 -0.4546
vn 0.7404 -0.4947 -0.4550
vn 0.7404 -0.4948 -0.4550
vn -0.8331 -0.3146 -0.4550
vn -0.8670 -0.2035 -0.4548
vn 0.3665 -0.8117 -0.4547
vn 0.4693 -0.7571 -0.4546
vn 0.3246 0.7836 0.5298
vn 0.1912 0.8265 0.5295
vn 0.1366 0.8372 0.5295
vn -0.5179 -0.7246 -0.4547
vn -0.6078 -0.6509 -0.4549
vn -0.8675 0.2011 -0.4549
vn 0.8332 -0.3147 -0.4548
vn 0.8670 -0.2035 -0.4548
vn 0.8108 -0.3687 -0.4547
vn -0.8785 -0.1461 -0.4548
vn 0.6495 0.6096 -0.4546
vn -0.4945 0.7404 -0.4553
vn -0.6491 -0.6096 -0.4550
vn 0.3125 -0.8340 -0.4548
vn -0.9109 0.4127 -0.0000
vn -0.9109 -0.4127 0.0011
vn -0.0327 -0.9995 -0.0000
vn -0.2271 -0.9739 -0.0000
vn -0.1629 -0.9866 -0.0000
vn 0.8128 -0.5826 -0.0000
vn 0.8492 -0.5280 -0.0000
vn 0.9360 -0.3521 -0.0000
vn 0.0329 -0.9995 -0.0000
vn 0.1629 -0.9866 -0.0000
vn -0.6835 0.7300 -0.0000
vn 0.5827 0.8127 -0.0000
vn 0.5282 0.8491 -0.0000
vn -0.0329 -0.9995 -0.0000
vn 0.5715 0.6126 0.5460
vn 0.4653 0.6964 0.5464
vn 0.4652 0.6965 0.5463
vn -0.0000 -0.8377 0.5462
vn 0.1635 -0.8215 0.5462
vn 0.1635 -0.8215 0.5463
vn 0.2934 -0.7847 0.5460
vn 0.3443 -0.7638 0.5460
vn 0.6964 0.4653 0.5463
vn 0.6104 0.5738 0.5460
vn -0.7845 0.2935 0.5462
vn -0.8161 0.1888 0.5462
vn -0.8267 0.1348 0.5462
vn -0.1634 0.8214 0.5465
vn -0.2966 0.7833 0.5463
vn -0.3473 0.7622 0.5463
vn -0.6964 0.4653 0.5464
vn -0.7636 0.3443 0.5462
vn -0.1635 -0.8215 0.5462
vn -0.0000 -0.8377 0.5461
vn 0.8267 0.1348 0.5462
vn 0.8375 -0.0000 0.5464
vn 0.8161 0.1888 0.5462
vn -0.8267 -0.1348 0.5462
vn -0.8375 -0.0000 0.5464
vn -0.8161 -0.1888 0.5462
vn 0.7845 -0.2935 0.5462
vn 0.8161 -0.1888 0.5462
vn 0.8267 -0.1348 0.5462
vn -0.4653 -0.6965 0.5463
vn -0.3443 -0.7638 0.5460
vn -0.2935 -0.7847 0.5460
vn -0.5738 -0.6103 0.5462
vn -0.4652 -0.6965 0.5462
vn 0.6126 -0.5713 0.5462
vn 0.6817 -0.4868 0.5462
vn 0.7122 -0.4410 0.5461
vn 0.3473 0.7622 0.5463
vn 0.2965 0.7833 0.5463
vn -0.5715 0.6126 0.5459
vn -0.4653 0.6965 0.5463
vn -0.6104 0.5738 0.5461
vn -0.4652 0.6966 0.5462
vn -0.0000 0.8375 0.5465
vn -0.1635 0.8215 0.5463
vn -0.6126 -0.5712 0.5463
vn -0.7785 0.2946 0.5542
vn -0.8162 0.1624 0.5545
vn -0.7575 0.3450 0.5542
vn -0.1635 -0.8215 0.5463
vn 0.4653 -0.6964 0.5464
vn 0.5738 -0.6102 0.5463
vn -0.7845 -0.2936 0.5462
vn 0.4653 -0.6965 0.5463
vn 0.7846 0.2935 0.5462
vn 0.7636 0.3443 0.5462
vn 0.6964 0.4654 0.5463
vn 0.1634 0.8214 0.5465
vn -0.0000 0.8374 0.5466
vn 0.7636 -0.3444 0.5462
vn -0.6963 0.4653 0.5464
vn 0.1634 0.8215 0.5463
vn -0.5043 0.8126 -0.2920
vn -0.3941 0.8715 -0.2919
vn -0.3361 0.8954 -0.2919
vn 0.3361 0.8955 -0.2919
vn 0.1866 0.9380 -0.2921
vn 0.3942 0.8715 -0.2919
vn 0.3907 -0.8599 -0.3284
vn 0.5044 -0.8130 -0.2910
vn -0.5313 -0.7950 -0.2928
vn -0.3660 -0.8834 -0.2927
vn -0.0000 -0.9444 -0.3289
vn -0.1548 -0.9440 -0.2912
vn -0.0000 -0.9567 -0.2912
vn 0.1549 -0.9441 -0.2912
vn 0.2154 -0.9196 -0.3285
vn -0.9233 0.1926 -0.3324
vn -0.8956 0.3360 -0.2916
vn -0.9439 0.1548 -0.2916
vn -0.3660 0.8837 -0.2918
vn -0.5313 0.7953 -0.2919
vn -0.6531 0.6989 -0.2915
vn -0.7953 0.5314 -0.2917
vn -0.9381 -0.1866 -0.2917
vn -0.8710 -0.3956 -0.2913
vn 0.7768 -0.5582 -0.2916
vn 0.6820 0.6553 -0.3248
vn 0.5579 0.7770 -0.2916
vn 0.5165 0.7891 -0.3324
vn 0.9456 -0.0188 -0.3247
vn 0.9440 0.1548 -0.2915
vn 0.9557 -0.0321 -0.2924
vn 0.9434 -0.1564 -0.2924
vn 0.9311 -0.2180 -0.2924
vn -0.7891 -0.5167 -0.3323
vn -0.7768 -0.5582 -0.2916
vn -0.6790 -0.6594 -0.3227
vn -0.6532 -0.6989 -0.2913
vn 0.8835 0.3659 -0.2925
vn 0.9314 0.2165 -0.2925
vn 0.9436 0.1549 -0.2925
vn -0.5044 -0.8129 -0.2910
vn -0.3362 -0.8957 -0.2911
vn 0.5578 -0.7767 -0.2925
vn 0.6542 -0.6976 -0.2924
vn 0.5056 -0.8116 -0.2927
vn 0.3362 -0.8957 -0.2910
vn 0.3955 -0.8706 -0.2926
vn 0.3376 -0.8947 -0.2924
vn -0.8835 0.3659 -0.2924
vn -0.8118 0.5055 -0.2922
vn -0.7769 0.5577 -0.2922
vn 0.6533 -0.6988 -0.2913
vn -0.1982 0.9255 -0.3227
vn -0.3387 0.8799 -0.3334
vn -0.2180 -0.9312 -0.2923
vn -0.3661 -0.8833 -0.2928
vn -0.9315 0.2165 -0.2923
vn -0.8835 0.3660 -0.2924
vn -0.9566 -0.0000 -0.2915
vn 0.8835 -0.3660 -0.2925
vn 0.8835 -0.3660 -0.2924
vn -0.2154 -0.9196 -0.3285
vn 0.8600 0.3906 -0.3284
vn 0.7953 0.5314 -0.2917
vn 0.7855 0.5248 -0.3280
vn 0.7793 0.5206 -0.3487
vn 0.6419 0.6829 -0.3487
vn 0.1828 0.9192 -0.3489
vn -0.0000 0.9444 -0.3289
vn -0.0000 0.9371 -0.3490
vn -0.9368 0.0290 -0.3487
vn -0.3754 -0.9115 -0.1680
vn -0.1913 -0.9815 0.0002
vn -0.1542 -0.9244 -0.3488
vn -0.0000 -0.9371 -0.3490
vn 0.1542 -0.9244 -0.3488
vn -0.1827 0.9192 -0.3489
vn 0.9806 -0.1626 -0.1095
vn 1.0000 0.0039 0.0007
vn -0.8766 0.3317 -0.3486
vn -0.9192 0.1829 -0.3488
vn 0.8766 0.3317 -0.3486
vn -0.7793 -0.5207 -0.3487
vn 0.5206 0.7793 -0.3488
vn 0.5255 0.8437 -0.1094
vn 0.4963 -0.7950 -0.3488
vn 0.3508 0.9300 -0.1097
vn 0.1627 0.9805 -0.1098
vn 0.3318 -0.8764 -0.3490
vn -0.6419 0.6829 -0.3487
vn 0.3387 0.8799 -0.3333
vn 0.1982 0.9255 -0.3227
vn -0.0039 1.0000 0.0003
vn 0.9245 -0.1543 -0.3486
vn -0.8600 0.3906 -0.3284
vn 0.3853 0.8544 -0.3486
vn -0.6731 0.4805 0.5622
vn -0.5847 0.5848 0.5623
vn -0.5848 0.5848 0.5622
vn 0.7735 -0.2927 0.5621
vn 0.8051 -0.1894 0.5621
vn 0.7526 -0.3429 0.5621
vn -0.5664 -0.6025 0.5623
vn -0.4830 -0.6712 0.5623
vn -0.6048 -0.5641 0.5622
vn -0.0000 0.8268 0.5625
vn -0.1611 0.8109 0.5626
vn -0.0000 0.8269 0.5623
vn -0.4594 0.6875 0.5623
vn -0.4594 0.6875 0.5624
vn 0.1329 0.8161 0.5624
vn 0.1861 0.8056 0.5625
vn -0.7539 0.3400 0.5621
vn -0.7032 0.4353 0.5622
vn 0.5664 -0.6025 0.5623
vn 0.4830 -0.6713 0.5622
vn 0.4378 -0.7016 0.5622
vn 0.4594 0.6875 0.5624
vn 0.5847 0.5848 0.5623
vn 0.5848 0.5848 0.5622
vn -0.2927 -0.7735 0.5622
vn -0.1614 -0.8110 0.5623
vn -0.3428 -0.7526 0.5622
vn 0.3165 0.7638 0.5625
vn 0.3166 0.7638 0.5624
vn -0.3429 0.7526 0.5622
vn -0.2926 0.7734 0.5623
vn -0.8269 -0.0000 0.5623
vn -0.8163 -0.1331 0.5621
vn -0.8269 -0.0000 0.5624
vn -0.4378 -0.7016 0.5623
vn -0.8058 0.1864 0.5621
vn -0.7747 0.2898 0.5620
vn 0.6876 -0.4594 0.5623
vn 0.6048 -0.5641 0.5622
vn 0.3427 -0.7526 0.5622
vn 0.2927 -0.7735 0.5622
vn 0.7538 0.3401 0.5622
vn 0.7031 0.4354 0.5622
vn 0.7746 0.2898 0.5622
vn 0.6876 -0.4595 0.5622
vn -0.8058 -0.1864 0.5621
vn -0.7747 -0.2898 0.5620
vn -0.0257 -0.8267 0.5621
vn -0.8163 0.1331 0.5621
vn 0.8058 0.1863 0.5622
vn 0.8163 0.1331 0.5621
vn 0.1895 -0.8051 0.5621
vn 0.1362 -0.8158 0.5621
vn 0.8105 -0.1352 0.5699
vn 0.0287 -0.8266 0.5621
vn -0.6731 -0.4805 0.5621
vn -0.7033 -0.4354 0.5620
vn -0.7540 -0.3401 0.5620
vn -0.1611 0.8107 0.5628
vn 0.6731 0.4806 0.5622
vn 0.8267 0.0256 0.5620
vn 0.8267 -0.0286 0.5620
vn 0.7769 0.5577 -0.2923
vn 0.6975 0.6543 -0.2922
vn 0.8118 0.5055 -0.2923
vn -0.9558 -0.0321 -0.2922
vn -0.9435 -0.1564 -0.2921
vn -0.9559 0.0306 -0.2922
vn -0.9437 0.1549 -0.2922
vn 0.3659 0.8837 -0.2917
vn 0.1549 0.9441 -0.2912
vn 0.6531 0.6986 -0.2922
vn 0.5565 0.7778 -0.2921
vn -0.1866 0.9380 -0.2921
vn -0.1866 0.9380 -0.2922
vn 0.9558 0.0306 -0.2925
vn 0.2180 -0.9312 -0.2922
vn 0.1564 -0.9435 -0.2923
vn -0.0000 0.9567 -0.2912
vn -0.0000 0.9564 -0.2921
vn 0.1866 0.9380 -0.2922
vn 0.8125 -0.5043 -0.2926
vn 0.7776 -0.5565 -0.2926
vn -0.0000 0.9564 -0.2920
vn 0.6984 -0.6532 -0.2924
vn -0.6531 0.6986 -0.2923
vn -0.5565 0.7778 -0.2922
vn -0.6984 -0.6532 -0.2925
vn -0.7776 -0.5566 -0.2925
vn -0.8125 -0.5044 -0.2925
vn -0.1548 0.9440 -0.2912
vn 0.8835 0.3660 -0.2924
vn 0.8710 -0.3956 -0.2913
vn -0.6975 0.6542 -0.2923
vn 0.8956 0.3360 -0.2915
vn 0.9565 -0.0000 -0.2917
vn 0.6764 0.6764 -0.2916
vn -0.8369 -0.4473 0.3155
vn -0.8835 -0.3660 -0.2924
vn -0.0000 -0.9562 -0.2926
vn -0.1564 -0.9435 -0.2923
vn -0.0000 -0.9562 -0.2928
vn 0.5043 0.8127 -0.2919
vn -0.6542 -0.6975 -0.2925
vn -0.9312 -0.2179 -0.2922
vn 0.6787 -0.4536 0.5777
vn 0.7542 -0.3123 0.5776
vn 0.7542 -0.3124 0.5776
vn -0.5570 -0.5970 0.5774
vn -0.4745 -0.6644 0.5774
vn -0.4298 -0.6942 0.5774
vn -0.8161 0.0253 0.5774
vn -0.8160 -0.0283 0.5773
vn -0.8054 -0.1344 0.5773
vn -0.7948 -0.1869 0.5774
vn 0.5772 0.5773 0.5775
vn 0.6645 0.4743 0.5775
vn 0.5773 0.5774 0.5774
vn -0.7542 -0.3123 0.5777
vn -0.7541 -0.3123 0.5778
vn 0.7947 -0.1870 0.5774
vn 0.8052 -0.1344 0.5775
vn -0.4743 0.6646 0.5774
vn 0.4297 0.6943 0.5773
vn 0.3124 0.7542 0.5776
vn 0.3123 0.7542 0.5776
vn 0.1871 0.7947 0.5774
vn 0.1345 0.8054 0.5773
vn -0.0000 -0.8162 0.5778
vn -0.1343 -0.8053 0.5775
vn -0.0000 -0.8161 0.5779
vn 0.1870 -0.7948 0.5774
vn 0.3124 -0.7542 0.5776
vn 0.3123 -0.7542 0.5776
vn -0.1871 0.7947 0.5774
vn -0.3124 0.7542 0.5776
vn -0.4297 0.6942 0.5774
vn 0.4536 -0.6788 0.5775
vn 0.5773 -0.5773 0.5775
vn 0.5774 -0.5773 0.5774
vn -0.8059 -0.1603 0.5700
vn -0.7442 0.3356 0.5775
vn 0.8057 0.1314 0.5775
vn 0.8160 0.0253 0.5775
vn 0.7954 0.1840 0.5775
vn 0.7647 0.2861 0.5774
vn 0.7442 0.3357 0.5775
vn -0.6787 -0.4536 0.5776
vn -0.5949 -0.5592 0.5774
vn 0.8159 -0.0283 0.5775
vn 0.4744 0.6646 0.5773
vn -0.0000 0.8164 0.5775
vn -0.1345 0.8054 0.5773
vn 0.6786 -0.4536 0.5778
vn -0.0000 0.8165 0.5774
vn 0.1344 -0.8053 0.5775
vn -0.1869 -0.7948 0.5774
vn -0.3124 -0.7542 0.5776
vn -0.3124 -0.7542 0.5777
vn 0.4536 -0.6787 0.5775
vn 0.6942 0.4297 0.5775
vn 0.6887 0.4955 0.5294
vn 0.6182 0.5810 0.5294
vn 0.6860 0.4897 0.5381
vn 0.0263 0.8478 0.5296
vn -0.0295 0.8478 0.5296
vn -0.4711 -0.7052 0.5299
vn -0.3245 -0.7835 0.5299
vn -0.3245 -0.7837 0.5297
vn 0.8481 -0.0000 0.5298
vn 0.8367 -0.1396 0.5296
vn 0.8481 -0.0000 0.5299
vn -0.1654 -0.8317 0.5301
vn -0.0000 -0.8480 0.5300
vn -0.0000 -0.8481 0.5298
vn -0.8481 -0.0000 0.5299
vn -0.8366 0.1397 0.5297
vn -0.7212 -0.4465 0.5297
vn -0.7835 -0.3246 0.5299
vn -0.6903 -0.4928 0.5297
vn -0.5786 0.6204 0.5295
vn -0.4712 0.7052 0.5298
vn -0.6182 0.5810 0.5294
vn -0.3246 0.7836 0.5298
vn -0.1655 0.8319 0.5297
vn -0.3246 0.7836 0.5297
vn -0.7720 0.3516 0.5295
vn -0.7196 0.4492 0.5295
vn -0.7933 0.3002 0.5297
vn 0.8257 -0.1943 0.5295
vn 0.7835 -0.3246 0.5298
vn -0.6887 0.4955 0.5294
vn 0.8367 0.1396 0.5296
vn 0.8257 0.1943 0.5295
vn 0.4711 -0.7052 0.5299
vn 0.5809 -0.6180 0.5298
vn 0.6202 -0.5786 0.5297
vn 0.1654 -0.8317 0.5301
vn 0.3245 -0.7835 0.5299
vn 0.3245 -0.7837 0.5296
vn -0.5809 -0.6180 0.5298
vn -0.4710 -0.7052 0.5300
vn 0.3246 0.7837 0.5296
vn 0.1655 -0.8315 0.5303
vn -0.1654 -0.8315 0.5303
vn 0.4710 -0.7052 0.5300
vn -0.7672 -0.3495 0.5378
vn -0.4711 0.7051 0.5300
vn -0.8256 -0.1943 0.5297
vn -0.7835 -0.3246 0.5298
vn 0.6903 -0.4928 0.5297
vn 0.7212 -0.4465 0.5297
vn 0.7835 -0.3247 0.5298
vn -0.8256 0.1943 0.5297
vn 0.7933 0.3003 0.5296
vn 0.7720 0.3516 0.5295
vn -0.8366 -0.1397 0.5297
vn 0.7196 0.4492 0.5295
vn -0.6202 -0.5786 0.5297
vn -0.0668 -0.3359 0.9395
vn -0.0000 -0.3424 0.9395
vn -0.0000 -0.3425 0.9395
vn -0.2011 0.2451 0.9484
vn -0.2013 0.2453 0.9483
vn -0.2015 0.2455 0.9482
vn -0.1310 -0.3164 0.9395
vn -0.0668 -0.3358 0.9395
vn 0.3163 -0.1310 0.9396
vn 0.3359 -0.0668 0.9395
vn 0.3359 -0.0667 0.9395
vn -0.2542 -0.2300 0.9394
vn -0.2847 -0.1902 0.9395
vn -0.2375 -0.2468 0.9395
vn -0.1310 0.3163 0.9396
vn -0.0668 0.3358 0.9396
vn 0.1903 -0.2847 0.9395
vn 0.1310 -0.3164 0.9395
vn 0.1902 -0.2847 0.9395
vn -0.1903 0.2847 0.9395
vn -0.1901 0.2848 0.9395
vn 0.0668 -0.3359 0.9395
vn 0.1311 -0.3164 0.9395
vn -0.3424 -0.0000 0.9395
vn -0.3371 0.0603 0.9395
vn 0.2542 -0.2300 0.9394
vn 0.2847 -0.1903 0.9395
vn -0.0000 0.3424 0.9395
vn -0.0668 0.3358 0.9395
vn -0.1903 -0.2847 0.9395
vn -0.1902 -0.2847 0.9396
vn 0.2847 0.1903 0.9395
vn 0.2468 0.2375 0.9395
vn 0.2300 0.2542 0.9394
vn 0.3424 -0.0000 0.9395
vn 0.3371 0.0603 0.9395
vn 0.3325 0.0836 0.9394
vn -0.1311 -0.3164 0.9395
vn 0.3164 0.1310 0.9395
vn 0.3037 -0.0921 0.9483
vn 0.3038 -0.0921 0.9483
vn 0.0668 0.3358 0.9396
vn -0.0000 0.3424 0.9396
vn 0.1311 0.3163 0.9395
vn 0.0668 0.3358 0.9395
vn 0.3164 -0.1310 0.9395
vn 0.1903 0.2847 0.9395
vn 0.1310 0.3163 0.9396
vn 0.2375 -0.2467 0.9395
vn -0.2847 0.1903 0.9395
vn -0.3164 0.1310 0.9395
vn -0.2300 0.2542 0.9394
vn -0.2468 0.2375 0.9395
vn -0.3163 -0.1310 0.9395
vn -0.2847 -0.1903 0.9395
vn -0.3325 0.0836 0.9394
vn -0.3358 -0.0668 0.9395
vn -0.8424 0.3182 -0.4350
vn -0.8830 0.1756 -0.4354
vn -0.8829 0.1757 -0.4355
vn 0.6563 -0.6164 -0.4352
vn 0.7485 -0.5002 -0.4354
vn 0.4764 0.7639 -0.4354
vn 0.3445 0.8317 -0.4355
vn 0.3445 0.8317 -0.4354
vn 0.2031 0.8770 -0.4355
vn 0.1451 0.8885 -0.4353
vn 0.9003 -0.0000 -0.4352
vn 0.8830 0.1757 -0.4352
vn -0.9002 -0.0000 -0.4354
vn -0.8885 -0.1453 -0.4352
vn -0.8771 -0.2034 -0.4352
vn 0.2035 -0.8771 -0.4350
vn 0.3160 -0.8431 -0.4351
vn 0.3706 -0.8206 -0.4351
vn -0.8724 -0.2023 -0.4450
vn 0.7486 0.5001 -0.4353
vn 0.6581 0.6145 -0.4351
vn 0.6162 0.6564 -0.4352
vn -0.7486 0.5001 -0.4353
vn -0.8197 0.3727 -0.4349
vn 0.8771 -0.2034 -0.4351
vn 0.8431 -0.3160 -0.4352
vn 0.8886 -0.1454 -0.4350
vn 0.7485 0.5001 -0.4354
vn -0.8431 -0.3160 -0.4351
vn -0.8206 -0.3706 -0.4351
vn 0.5254 0.7311 -0.4353
vn -0.3181 0.8423 -0.4352
vn -0.2056 0.8765 -0.4354
vn -0.3728 0.8195 -0.4352
vn 0.8205 -0.3706 -0.4352
vn -0.6162 0.6564 -0.4352
vn -0.5254 0.7311 -0.4353
vn -0.6581 0.6145 -0.4351
vn -0.5235 -0.7326 -0.4351
vn -0.6145 -0.6581 -0.4351
vn -0.4744 -0.7654 -0.4350
vn 0.0284 0.8999 -0.4352
vn -0.0306 0.8999 -0.4351
vn -0.7485 -0.5002 -0.4354
vn -0.7485 -0.5001 -0.4354
vn 0.4744 -0.7654 -0.4350
vn 0.5236 -0.7326 -0.4350
vn -0.3446 -0.8318 -0.4352
vn -0.3446 -0.8317 -0.4353
vn -0.6563 -0.6164 -0.4352
vn -0.1478 -0.8883 -0.4349
vn -0.0308 -0.9000 -0.4349
vn 0.0284 -0.9000 -0.4349
vn -0.1476 0.8881 -0.4354
vn -0.4764 0.7639 -0.4353
vn -0.2058 -0.8766 -0.4349
vn -0.7485 0.5001 -0.4354
vn 0.1455 -0.8886 -0.4349
vn 0.6146 -0.6581 -0.4350
vn -0.0072 -0.2417 -0.9703
vn 0.1211 -0.1278 -0.9844
vn 0.1283 -0.2050 -0.9703
vn 0.2723 -0.0000 -0.9622
vn 0.1608 0.0320 -0.9865
vn 0.0880 0.2146 -0.9727
vn 0.0401 0.2384 -0.9703
vn 0.1017 0.1437 -0.9844
vn -0.1719 0.1068 -0.9793
vn -0.1894 0.0712 -0.9793
vn 0.1970 -0.1403 -0.9703
vn 0.1894 0.0712 -0.9793
vn -0.0390 -0.1716 -0.9844
vn -0.1283 -0.2049 -0.9703
vn -0.0627 -0.1515 -0.9865
vn 0.1717 -0.0390 -0.9844
vn -0.0858 0.2260 -0.9704
vn -0.0331 0.1606 -0.9865
vn -0.1211 -0.1278 -0.9844
vn -0.1970 -0.1403 -0.9703
vn -0.1843 -0.0836 -0.9793
vn -0.1717 -0.0390 -0.9844
vn -0.2723 -0.0000 -0.9622
vn -0.1610 0.0309 -0.9865
vn -0.1477 0.1382 -0.9793
vn -0.1132 0.1694 -0.9790
vn 0.1477 0.1382 -0.9793
vn 0.1719 0.1068 -0.9793
vn -0.2451 -0.2012 0.9484
vn -0.2450 -0.2010 0.9484
vn -0.2451 -0.2011 0.9484
vn 0.0041 0.0010 -1.0000
vn 0.0039 0.0016 -1.0000
vn 0.0799 0.1195 -0.9896
vn 0.0427 0.1135 -0.9926
vn 0.0055 -0.0000 -1.0000
vn 0.0028 -0.0006 -1.0000
vn 0.0651 0.0651 -0.9958
vn 0.0030 -0.0045 -1.0000
vn 0.0020 -0.0020 -1.0000
vn -0.0055 -0.0000 -1.0000
vn -0.0028 -0.0006 -1.0000
vn 0.0015 -0.0039 -1.0000
vn 0.0006 -0.0028 -1.0000
vn 0.0011 0.0054 -1.0000
vn 0.0017 0.0038 -1.0000
vn -0.0000 -0.0055 -1.0000
vn -0.0006 -0.0028 -1.0000
vn -0.0639 0.1029 -0.9926
vn -0.0030 -0.0045 -1.0000
vn -0.0016 -0.0039 -1.0000
vn -0.0045 -0.0030 -1.0000
vn -0.0020 -0.0020 -1.0000
vn -0.0039 -0.0015 -1.0000
vn -0.0041 0.0010 -1.0000
vn -0.0033 0.1007 -0.9949
vn -0.0234 0.1178 -0.9928
vn -0.0034 0.0024 -1.0000
vn -0.0029 0.0031 -1.0000
vn -0.0021 0.0051 -1.0000
vn -0.0016 0.0023 -1.0000
vn -0.0051 -0.1522 -0.9883
vn 0.0034 0.0024 -1.0000
vn 0.0030 0.0030 -1.0000
vn 0.0016 0.0023 -1.0000
vn -0.0038 0.0017 -1.0000
vn -0.7785 -0.2946 0.5542
vn -0.8162 -0.1624 0.5545
vn -0.2945 0.7785 0.5542
vn -0.1622 0.8162 0.5545
vn -0.1622 0.8162 0.5546
vn 0.5884 0.5884 0.5545
vn 0.4861 0.6756 0.5543
vn 0.5884 0.5885 0.5545
vn 0.1877 -0.8111 0.5540
vn 0.2917 -0.7797 0.5541
vn 0.1341 -0.8217 0.5539
vn -0.0000 0.8322 0.5544
vn 0.1337 0.8215 0.5543
vn 0.1874 0.8109 0.5544
vn 0.3422 -0.7588 0.5541
vn 0.4382 -0.7078 0.5540
vn 0.8158 -0.1361 0.5620
vn -0.8322 -0.0000 0.5545
vn -0.7061 -0.4407 0.5543
vn -0.7575 -0.3450 0.5542
vn 0.4408 0.7060 0.5544
vn 0.3185 0.7688 0.5545
vn 0.8322 -0.0000 0.5545
vn 0.8215 0.1339 0.5542
vn -0.1371 -0.8212 0.5540
vn -0.0289 -0.8320 0.5540
vn -0.1907 -0.8104 0.5539
vn 0.8109 -0.1876 0.5543
vn 0.7689 -0.3185 0.5544
vn 0.7061 0.4407 0.5542
vn 0.7689 0.3185 0.5544
vn 0.6064 -0.5701 0.5543
vn 0.6755 -0.4863 0.5542
vn 0.5678 -0.6087 0.5541
vn 0.0258 -0.8321 0.5540
vn -0.0000 0.8323 0.5543
vn 0.4837 -0.6775 0.5541
vn -0.6064 -0.5701 0.5543
vn -0.6756 -0.4862 0.5542
vn 0.3185 0.7689 0.5544
vn -0.3185 -0.7690 0.5542
vn -0.3185 -0.7689 0.5543
vn 0.6757 0.4861 0.5542
vn -0.4837 -0.6775 0.5541
vn -0.5678 -0.6087 0.5541
vn -0.4382 -0.7078 0.5540
vn -0.4408 0.7060 0.5543
vn -0.3450 0.7575 0.5542
vn 0.8109 0.1876 0.5543
vn 0.8215 -0.1339 0.5542
vn -0.7061 0.4407 0.5542
vn -0.6757 0.4861 0.5542
vn 0.7060 -0.4408 0.5542
vn -0.5884 0.5884 0.5545
vn -0.5884 0.5885 0.5545
vn -0.4861 0.6756 0.5543
vn -0.0943 0.0354 -0.9949
vn -0.0902 0.0179 -0.9958
vn -0.1031 -0.0640 -0.9926
vn 0.0902 -0.0180 -0.9958
vn 0.0902 0.0180 -0.9958
vn -0.0352 -0.0850 -0.9958
vn 0.0103 -0.3158 -0.9488
vn 0.0920 -0.3035 0.9484
vn 0.0922 -0.3039 0.9482
vn -0.0922 -0.3040 0.9482
vn -0.0922 -0.3039 0.9482
vn -0.0920 -0.3036 0.9483
vn 0.0311 0.3163 0.9481
vn 0.0311 0.3161 0.9482
vn 0.0310 0.3157 0.9484
vn 0.1303 0.2879 -0.9487
vn -0.3164 -0.1310 0.9395
vn -0.3100 0.0616 -0.9487
vn -0.2800 0.1496 0.9483
vn -0.2799 0.1496 0.9483
vn -0.2798 0.1495 0.9483
vn -0.2880 -0.1304 -0.9487
vn 0.2628 0.1756 -0.9487
vn 0.2570 -0.1840 -0.9487
vn 0.1497 0.2800 0.9482
vn 0.1499 0.2803 0.9481
vn 0.2237 0.2237 -0.9487
vn 0.2015 -0.2455 0.9482
vn 0.2013 -0.2453 0.9483
vn 0.2014 -0.2454 0.9483
vn 0.1902 0.2848 0.9395
vn 0.2454 0.2014 0.9483
vn 0.2449 0.2009 0.9485
vn 0.2454 0.2015 0.9483
vn 0.2880 -0.1304 -0.9487
vn -0.3037 0.0921 0.9483
vn -0.3038 0.0922 0.9483
vn -0.3038 -0.0922 0.9483
vn -0.3040 -0.0922 0.9482
vn 0.1752 0.2622 -0.9490
vn -0.6955 0.6963 0.1773
vn 0.6955 0.6963 0.1771
vn -0.5373 -0.5963 -0.5964
vn -0.6754 -0.5214 -0.5215
vn -0.7374 -0.4776 -0.4776
vn -0.0000 0.0031 1.0000
vn -0.0000 0.0038 1.0000
vn -0.0000 0.0019 1.0000
vn 1.0000 -0.0000 -0.0000
vn 0.6847 -0.0096 0.7288
vn 0.6945 -0.0185 0.7192
vn 1.0000 -0.0001 0.0031
vn 1.0000 -0.0004 0.0019
vn -0.2591 -0.6830 -0.6830
vn 0.0001 -0.7071 -0.7071
vn -0.2585 -0.6830 -0.6831
vn -0.9984 -0.0007 0.0562
vn -0.9975 -0.0003 0.0710
vn -0.9979 0.0138 -0.0628
vn -0.9991 0.0085 -0.0420
vn -0.9986 0.0018 -0.0521
vn -1.0000 -0.0001 0.0031
vn -0.9996 -0.0038 0.0279
vn -0.9998 -0.0032 0.0175
vn -1.0000 0.0019 -0.0032
vn -0.9998 0.0041 -0.0177
vn -1.0000 0.0004 -0.0020
vn 1.0000 -0.0025 0.0079
vn 0.9984 0.0005 -0.0563
vn 1.0000 -0.0019 0.0079
vn 0.9986 0.0019 -0.0521
vn 1.0000 0.0004 -0.0020
vn 0.9991 0.0085 -0.0420
vn 1.0000 -0.0020 0.0025
vn 0.9991 -0.0015 -0.0429
vn -0.2263 0.5701 -0.7898
vn -0.2649 0.5836 -0.7676
vn -0.2454 0.5652 -0.7876
vn -0.9978 0.0027 -0.0663
vn 0.9979 0.0138 -0.0628
vn 0.9989 0.0077 -0.0467
vn -0.9989 -0.0076 0.0468
vn -0.9991 0.0015 0.0429
vn -0.9991 -0.0085 0.0420
vn 0.9985 -0.0062 -0.0535
vn -0.9985 -0.0062 -0.0535
vn -0.9974 -0.0005 -0.0724
vn -0.9984 0.0004 -0.0563
vn 0.9999 0.0004 0.0146
vn 0.9755 0.0068 0.2198
vn 0.9977 0.0084 0.0667
vn -0.0000 0.0004 1.0000
vn -0.0000 0.0002 1.0000
vn 0.9975 -0.0002 0.0702
vn 1.0000 -0.0014 0.0054
vn 1.0000 -0.0000 0.0037
vn 0.0661 0.0212 -0.9976
vn -0.0000 -1.0000 -0.0000
vn -0.4860 0.3243 0.8116
vn -0.6104 0.6042 0.5121
vn -0.7514 0.5020 0.4282
vn 0.2148 -0.0000 -0.9767
vn 0.0430 -0.0000 -0.9991
vn -0.0429 -0.0000 -0.9991
vn -0.2146 -0.0000 -0.9767
vn -0.3004 -0.0000 -0.9538
vn -0.4620 -0.0000 -0.8869
vn -0.5378 -0.0000 -0.8430
vn -0.6755 -0.0000 -0.7373
vn -0.7375 -0.0000 -0.6754
vn -0.8434 -0.0000 -0.5373
vn -0.8872 -0.0000 -0.4614
vn 0.9932 0.1161 -0.0000
vn 0.9950 0.0997 -0.0000
vn -0.8440 -0.0000 0.5363
vn -0.7380 -0.0000 0.6748
vn -0.6749 -0.0000 0.7379
vn -0.0000 0.5682 -0.8229
vn -0.2167 -0.0000 0.9762
vn -0.0440 -0.0000 0.9990
vn 0.0440 -0.0000 0.9990
vn 0.1311 -0.0000 0.9914
vn 0.1312 -0.0000 0.9914
vn 0.4620 -0.0000 -0.8869
vn 0.3005 -0.0000 -0.9538
vn 0.6755 -0.0000 -0.7373
vn 0.5378 -0.0000 -0.8430
vn 0.9536 -0.0000 -0.3012
vn 0.8869 -0.0000 -0.4620
vn 0.8432 -0.0000 -0.5376
vn 0.7380 -0.0000 0.6748
vn 0.8438 -0.0000 0.5366
vn 0.8871 -0.0000 0.4615
vn 0.9990 -0.0000 -0.0437
vn 0.9764 -0.0000 -0.2161
vn 0.9763 -0.0000 0.2166
vn 0.9990 -0.0000 0.0437
vn 0.9534 -0.0000 0.3016
vn 0.5363 -0.0000 0.8441
vn 0.6749 -0.0000 0.7379
vn -0.9536 -0.0000 0.3012
vn -0.8875 -0.0000 0.4609
vn 0.3832 -0.0000 0.9237
vn 0.4611 -0.0000 0.8873
vn 1.0000 -0.0035 0.0080
vn 1.0000 -0.0067 0.0048
vn 1.0000 0.0018 -0.0032
vn 0.9998 0.0041 -0.0177
vn 0.9978 0.0026 -0.0663
vn -0.9986 -0.0019 0.0522
vn -1.0000 -0.0004 0.0019
vn -1.0000 -0.0000 0.0037
vn -0.9999 0.0004 0.0146
vn -0.9975 -0.0002 0.0702
vn -0.9977 0.0084 0.0667
vn -0.9997 0.0047 0.0226
vn -1.0000 -0.0019 0.0052
vn 0.9991 -0.0085 0.0420
vn 0.9979 -0.0139 0.0629
vn 0.9986 -0.0019 0.0522
vn -0.0001 -0.7082 0.7061
vn -0.0000 -0.7071 0.7071
vn -0.0000 -0.7097 0.7045
vn 0.9998 -0.0074 0.0206
vn -1.0000 -0.0019 0.0079
vn -0.9997 -0.0069 0.0242
vn -1.0000 -0.0058 0.0077
vn -1.0000 -0.0026 0.0079
vn -0.9978 -0.0024 0.0664
vn 0.9979 -0.0018 -0.0649
vn -0.9989 0.0077 -0.0467
vn -0.9991 -0.0015 -0.0429
vn -0.9937 -0.1123 0.0031
vn -0.9994 -0.0085 -0.0323
vn -0.9925 -0.1132 -0.0465
vn 0.9994 0.0195 -0.0270
vn -0.0000 1.0000 -0.0095
vn -0.0000 0.9811 -0.1933
vn -0.0000 1.0000 -0.0096
vn -0.9996 0.0283 -0.0045
vn -0.9991 0.0414 -0.0001
vn -0.9537 -0.0000 -0.3009
vn -0.9763 -0.0000 -0.2165
vn 0.1833 0.9831 -0.0000
vn 0.4292 0.9032 -0.0000
vn -0.1152 0.9933 -0.0000
vn 0.0659 0.9978 -0.0000
vn -0.1532 0.9882 -0.0001
vn -0.5363 -0.0000 0.8441
vn -0.4611 -0.0000 0.8873
vn 0.7375 -0.0000 -0.6754
vn -0.1824 -0.7663 -0.6160
vn -0.1964 -0.7382 -0.6454
vn -0.3214 -0.6631 -0.6760
vn -0.0001 -0.7070 0.7072
vn 0.0007 -0.7072 0.7070
vn -0.0002 -0.7078 0.7064
vn -0.9737 0.2277 -0.0000
vn -0.9932 0.1160 -0.0000
vn -0.9950 0.0997 -0.0000
vn -0.0000 -0.5684 0.8227
vn -0.0000 -0.5697 0.8218
vn -0.0000 -0.5690 0.8223
vn -0.9990 -0.0000 -0.0441
vn -0.9990 -0.0000 0.0442
vn -0.9762 -0.0000 0.2169
vn 0.9737 0.2277 -0.0000
vn -0.0659 0.9978 -0.0002
vn 0.9989 -0.0032 -0.0471
vn 0.9991 0.0015 0.0429
vn 0.9989 -0.0077 0.0468
vn -1.0000 -0.0000 0.0040
vn -1.0000 -0.0011 0.0012
vn -0.9979 -0.0139 0.0629
vn 0.9998 -0.0032 0.0175
vn 0.9978 -0.0024 0.0664
vn -0.9995 0.0194 -0.0266
vn 0.9996 -0.0037 0.0278
vn -0.9985 0.0062 0.0535
vn -0.0000 0.9886 -0.1507
vn -0.0000 0.9995 -0.0304
vn -0.0000 -0.5760 0.8174
vn 0.9984 -0.0007 0.0562
vn -0.4943 -0.4269 -0.7573
vn -0.6436 -0.3896 -0.6588
vn -0.0000 -0.2120 -0.9773
vn 1.0000 -0.0000 0.0040
vn 0.9997 0.0047 0.0226
vn 0.8304 -0.3418 0.4400
vn 0.7816 -0.5487 0.2968
vn 0.8760 -0.3913 0.2819
vn -0.0000 -0.9997 0.0253
vn -0.0000 -0.9997 0.0255
vn 0.9975 -0.0009 0.0710
vn -0.9989 -0.0031 -0.0471
vn -0.8660 -0.3536 -0.3536
vn -0.8657 -0.3540 -0.3540
vn -0.8662 0.3533 0.3534
vn -0.7072 0.4999 0.5000
vn -0.7069 0.5001 0.5002
vn -0.5004 0.6122 0.6122
vn -0.3006 0.6744 0.6744
vn -0.2149 0.6906 0.6905
vn -0.5017 0.6117 0.6117
vn 0.2150 0.6906 0.6905
vn 0.0001 0.7072 0.7071
vn 0.3005 0.6745 0.6744
vn 0.2590 -0.6830 -0.6830
vn 0.4616 -0.6272 -0.6273
vn 0.2584 -0.6831 -0.6831
vn 0.5005 0.6122 0.6122
vn 0.7074 0.4998 0.4998
vn 0.7072 0.4999 0.5000
vn -0.9537 -0.2127 -0.2126
vn -0.9764 -0.1529 -0.1528
vn 0.8658 0.3538 0.3538
vn 0.9234 0.2714 0.2715
vn 0.9236 0.2710 0.2710
vn 1.0000 0.0001 0.0001
vn 0.9915 0.0922 0.0922
vn 1.0000 -0.0001 -0.0001
vn 0.9763 -0.1531 -0.1531
vn 0.9534 -0.2132 -0.2132
vn 0.8657 -0.3539 -0.3540
vn 0.8653 -0.3544 -0.3544
vn 0.7377 -0.4774 -0.4774
vn 0.6759 -0.5212 -0.5211
vn 0.5375 -0.5963 -0.5963
vn 0.0001 0.7071 0.7071
vn 0.0001 -0.7072 -0.7071
vn -0.1247 -0.9872 -0.0994
vn 0.0752 -0.9972 0.0001
vn -0.1301 -0.9915 -0.0000
vn -0.4618 -0.6272 -0.6272
vn 0.5014 0.6118 0.6118
vn -0.0000 -0.5743 0.8187
vn -0.9659 0.1831 0.1831
vn -0.8659 0.3537 0.3538
vn 0.8656 0.3540 0.3540
vn -1.0000 0.0001 0.0001
vn -0.5298 0.6015 -0.5978
vn -0.1600 0.5985 -0.7850
vn -0.0000 1.0000 -0.0000
vn 0.2129 -0.0000 -0.9771
vn 0.2312 0.2437 -0.9419
vn 0.2649 0.5836 -0.7676
vn 0.2263 0.5701 -0.7898
vn 0.2456 0.5651 -0.7876
vn 0.5307 0.6012 -0.5975
vn 0.1601 0.5985 -0.7850
vn -0.6560 -0.0000 -0.7547
vn -0.2306 0.2435 -0.9421
vn -0.2166 0.2446 -0.9451
vn 0.2174 0.2445 -0.9450
vn -0.1140 0.5730 0.8116
vn -0.0000 -0.0001 1.0000
vn -0.0000 0.4952 0.8688
vn 0.4951 -0.4267 -0.7569
vn 0.3216 -0.6632 -0.6759
vn 0.6452 -0.3890 -0.6575
vn 0.1968 -0.7381 -0.6454
vn 0.1828 -0.7663 -0.6160
vn -0.2121 -0.0000 -0.9772
vn 0.0133 0.7049 -0.7092
vn 0.0002 0.7069 -0.7073
vn 0.0028 0.7069 -0.7073
vn -0.0011 0.7085 -0.7057
vn -0.0000 0.7074 -0.7068
vn -0.9754 0.0068 0.2202
vn -0.0001 0.7071 -0.7072
vn 0.0001 0.7072 -0.7070
vn -0.0028 0.7069 -0.7073
vn 0.0030 0.7060 -0.7083
vn 0.0001 0.0076 1.0000
vn 0.0055 0.0001 1.0000
vn 0.0285 -0.0157 0.9995
vn 0.0010 0.7085 -0.7057
vn -0.0141 0.6980 -0.7160
vn 0.0014 -0.7059 0.7083
vn 0.9985 0.0062 0.0535
vn 0.9989 0.0032 0.0471
vn 0.0001 0.0097 1.0000
vn -0.0000 0.0129 0.9999
vn -0.0027 -0.7085 0.7057
vn -0.0000 -0.7070 0.7072
vn 0.0002 -0.7074 0.7069
vn -0.0000 -0.7098 0.7045
vn -0.0000 -0.7135 0.7007
vn 0.0002 0.7073 -0.7069
vn -0.0000 0.7073 -0.7069
vn 0.0030 -0.7073 0.7069
vn 0.0105 -0.7072 0.7070
vn -0.0010 0.7088 -0.7055
vn -0.0002 0.7065 -0.7077
vn -0.0006 -0.7055 0.7087
vn 0.0126 -0.7125 0.7016
vn 0.0047 -0.7004 0.7137
vn 0.0018 -0.7041 0.7101
vn -0.9972 -0.0421 0.0620
vn -0.9969 -0.0021 0.0781
vn -0.0027 0.6989 -0.7152
vn 0.0002 0.7065 -0.7077
vn 0.8017 0.5280 0.2801
vn 0.8774 0.3870 0.2834
vn 0.7942 0.5370 0.2843
vn -0.1656 -0.8321 0.5293
vn -0.2237 -0.5398 0.8116
vn -0.3100 -0.8384 0.4483
vn -0.4294 0.9031 -0.0002
vn 0.9714 -0.2333 0.0441
vn 0.9937 -0.1123 0.0031
vn 0.9929 -0.1099 0.0466
vn 0.8942 -0.3466 0.2834
vn 0.8501 -0.1970 0.4884
vn 0.9482 -0.1612 0.2736
vn -0.0051 0.0004 -1.0000
vn 0.0032 0.0247 -0.9997
vn 0.0013 0.0185 -0.9998
vn -0.0000 0.0318 -0.9995
vn -0.0313 0.0254 -0.9992
vn 0.0286 -0.0157 -0.9995
vn 0.9969 -0.0021 0.0781
vn -0.9714 -0.2331 0.0445
vn -0.9929 -0.1099 0.0466
vn 0.9991 -0.0031 0.0428
vn -0.3014 -0.0000 0.9535
vn -0.9980 0.0636 -0.0000
vn -0.9660 0.1827 0.1827
vn -0.9446 -0.1656 0.2834
vn -0.8163 -0.3085 0.4884
vn -0.8957 -0.3506 0.2736
vn -0.0000 0.9551 0.2964
vn 0.1435 0.8606 0.4886
vn -0.0000 0.8729 0.4880
vn 0.9395 0.2060 0.2737
vn 0.8724 -0.0000 0.4889
vn 0.8501 0.1971 0.4884
vn 0.8061 0.3337 0.4886
vn 0.1914 0.9445 0.2672
vn 0.3339 0.8060 0.4888
vn -0.0000 -0.9613 0.2754
vn 0.1702 -0.8559 0.4883
vn 0.1877 -0.9442 0.2707
vn 0.6360 0.5975 0.4883
vn 0.6790 0.6838 0.2672
vn 0.5118 0.8143 0.2736
vn 0.3684 0.8894 0.2706
vn -0.6608 0.6989 0.2736
vn -0.4847 0.7256 0.4885
vn -0.6361 0.5975 0.4883
vn -0.1702 -0.8559 0.4883
vn -0.0000 -0.8722 0.4892
vn 0.3657 -0.8916 0.2672
vn 0.3588 -0.7953 0.4885
vn -0.3717 0.8838 0.2842
vn -0.5160 0.8153 0.2629
vn 0.5073 0.7100 0.4884
vn 0.6838 -0.6790 0.2672
vn 0.7253 -0.4848 0.4887
vn 0.8151 -0.5162 0.2629
vn 0.8061 -0.3338 0.4886
vn -0.9360 0.2085 0.2834
vn -0.8162 0.3086 0.4884
vn -0.8558 0.1703 0.4885
vn -0.8725 -0.0000 0.4886
vn -0.9645 0.0240 0.2629
vn 0.5308 -0.7940 0.2964
vn 0.4847 -0.7254 0.4887
vn 0.5974 -0.6357 0.4889
vn 0.7404 0.4617 0.4884
vn -0.8780 0.3928 0.2736
vn -0.7405 0.4616 0.4884
vn -0.8558 -0.1703 0.4885
vn -0.5372 -0.7941 0.2843
vn -0.5974 -0.6358 0.4888
vn -0.4617 -0.7405 0.4884
vn -0.3677 -0.8882 0.2754
vn -0.3336 -0.8061 0.4887
vn -0.6668 -0.6932 0.2737
vn -0.7254 -0.4847 0.4887
vn -0.1434 0.8607 0.4886
vn -0.1913 0.9445 0.2672
vn -0.3086 0.8161 0.4887
vn 0.9645 0.0240 0.2629
vn -0.1877 -0.9442 0.2707
vn -0.7846 0.5564 0.2736
vn -0.8032 -0.5368 0.2583
vn -0.8779 -0.3810 0.2901
vn 0.3615 0.8893 0.2801
vn -0.1869 -0.9397 0.2863
vn -0.0000 -0.9547 0.2977
vn -0.5345 -0.7999 0.2730
vn -0.0000 0.9581 0.2863
vn -0.6905 0.6596 0.2968
vn -0.5448 0.7868 0.2901
vn -0.9547 -0.0218 0.2968
vn -0.8120 0.5111 0.2819
vn 0.9547 -0.0218 0.2968
vn -0.9356 -0.2128 0.2819
vn -0.3615 0.8893 0.2801
vn 0.9319 -0.2178 0.2899
vn -0.6879 -0.6653 0.2900
vn -0.8903 0.3453 0.2968
vn 0.1869 -0.9397 0.2863
vn -0.0000 -0.9920 0.1261
vn 0.5448 0.7868 0.2901
vn 0.9416 0.1712 0.2900
vn 0.8961 0.3428 0.2819
vn -0.9458 0.1614 0.2819
vn 0.5343 -0.8000 0.2730
vn -0.0000 -0.9037 0.4281
vn -0.1763 0.8863 0.4282
vn -0.1863 0.9363 0.2977
vn 0.6560 -0.0000 -0.7547
vn -0.8811 -0.1732 0.4400
vn 0.5215 0.7165 0.4633
vn 0.6713 0.6716 0.3136
vn 0.8289 0.3454 0.4400
vn -0.4448 -0.8956 -0.0000
vn -0.4346 -0.8977 -0.0720
vn -0.3739 -0.8754 0.3066
vn -0.4971 -0.7479 0.4400
vn 0.8744 0.1434 0.4634
vn -0.8807 0.1753 0.4400
vn 0.4971 -0.7478 0.4400
vn 0.3739 -0.8754 0.3065
vn 0.1763 0.8863 0.4282
vn 0.1863 0.9363 0.2977
vn -0.7895 -0.5276 0.3136
vn -0.8066 -0.3669 0.4634
vn -0.3654 0.7993 0.4770
vn 0.3100 -0.8384 0.4484
vn 0.7234 0.5250 0.4484
vn -0.1247 -0.9870 0.1010
vn -0.4346 -0.8977 0.0722
vn -0.6477 -0.6047 0.4634
vn 0.8827 -0.1408 0.4484
vn 0.6475 -0.6049 0.4634
vn 0.6656 -0.6805 0.3065
vn 0.4448 -0.8956 -0.0000
vn 0.1967 -0.9756 -0.0979
vn 0.4346 -0.8978 -0.0717
vn -0.5214 0.7166 0.4633
vn -0.6845 -0.0095 0.7289
vn -0.6845 -0.0095 0.7290
vn -0.6945 -0.0185 0.7193
vn 0.2234 -0.5398 0.8116
vn 0.1656 -0.8322 0.5292
vn -0.0000 -0.5843 0.8115
vn 0.5233 0.1907 0.8306
vn -0.3767 0.4103 0.8305
vn -0.5411 -0.1320 0.8305
vn -0.7056 -0.4712 0.5292
vn -0.5050 -0.2349 0.8305
vn -0.7839 0.3246 0.5293
vn 0.8484 -0.0000 0.5293
vn 0.5730 -0.1140 0.8116
vn -0.0000 0.8484 0.5293
vn -0.5843 -0.0000 0.8116
vn -0.8703 -0.0000 0.4925
vn 0.6103 0.6044 0.5121
vn 0.4859 0.3243 0.8116
vn 0.1140 0.5730 0.8116
vn 0.3654 0.7993 0.4770
vn -0.2890 0.4761 0.8305
vn 0.3767 0.4103 0.8305
vn 0.5049 -0.2351 0.8305
vn 0.7055 -0.4714 0.5293
vn 0.4103 -0.3767 0.8305
vn -0.5411 0.1320 0.8305
vn 0.5504 0.0852 0.8305
vn 0.2892 0.4760 0.8305
vn 0.3292 -0.4492 0.8306
vn -0.4104 -0.3766 0.8305
vn -0.3290 -0.4492 0.8306
vn -0.0966 -0.4858 0.8687
vn 0.4117 -0.2753 0.8687
vn 0.4953 -0.0000 0.8687
vn -0.4117 -0.2753 0.8687
vn 0.0966 -0.4858 0.8687
vn 0.1897 0.4574 0.8688
vn -0.4577 0.1890 0.8688
vn -0.1898 0.4574 0.8688
vn 0.9980 0.0636 -0.0000
vn -0.4295 0.9031 -0.0000
vn -0.0016 0.0028 1.0000
vn -0.0013 0.0062 1.0000
vn 0.9996 0.0286 -0.0044
vn 0.0010 0.7087 -0.7055
vn -0.9714 -0.2331 -0.0445
vn 0.9714 -0.2333 -0.0440
vn 0.9718 -0.2358 -0.0000
vn 0.1967 -0.9755 0.0982
vn 0.0141 0.6980 -0.7160
vn 0.0014 0.7059 -0.7083
vn -0.0131 0.7049 -0.7091
vn 0.0027 0.6989 -0.7152
vn -0.0104 -0.7072 0.7070
vn -0.0041 -0.7080 0.7062
vn -0.0000 -0.7135 0.7006
vn 0.0043 -0.7081 0.7061
vn -0.2744 0.9248 0.2635
vn -0.8353 0.5489 0.0318
vn -1.0000 -0.0055 0.0083
vn -0.9953 0.0413 0.0878
vn 0.2618 -0.9506 -0.1666
vn 0.1523 -0.9446 -0.2909
vn -0.0000 -0.9997 -0.0250
vn -0.2507 -0.9546 -0.1608
vn -0.1377 -0.9475 -0.2885
vn 0.9973 -0.0068 0.0737
vn 0.9991 0.0415 0.0104
vn 0.8352 0.5490 0.0319
vn 0.2746 0.9248 0.2634
vn -0.0000 0.9937 0.1120
vn -0.2839 0.9334 0.2195
vn 0.2750 0.9376 0.2126
vn -0.0000 -0.0000 -0.0000
vn -0.1615 0.9811 0.1064
vn 0.0369 0.9962 0.0784
vn -0.2599 0.9625 0.0781
vn 0.6794 0.7261 0.1060
vn 0.5230 0.8487 0.0784
vn 0.5248 0.8446 0.1059
vn -0.3810 -0.9199 0.0934
vn -0.4872 -0.8698 0.0784
vn -0.4377 -0.8957 0.0785
vn 0.2891 -0.9541 0.0782
vn 0.3080 -0.9482 0.0783
vn 0.2298 -0.9701 0.0784
vn 0.0978 0.9921 0.0782
vn 0.1332 0.9880 0.0782
vn 0.0981 0.9921 0.0780
vn 0.9307 -0.3499 0.1064
vn 0.9843 -0.1582 0.0785
vn 0.9811 -0.1615 0.1064
vn -0.2894 0.9540 0.0781
vn -0.3264 0.9420 0.0783
vn 0.4528 0.8882 0.0783
vn 0.3500 0.9307 0.1061
vn 0.5751 -0.8111 0.1066
vn 0.6475 -0.7580 0.0784
vn 0.7228 -0.6815 0.1146
vn 0.8080 0.5795 0.1062
vn 0.7507 0.6560 0.0782
vn 0.8446 -0.5247 0.1064
vn 0.8883 -0.4526 0.0783
vn -0.0048 -0.5739 -0.8189
vn -0.0032 -0.5738 -0.8190
vn -0.0000 -0.5736 -0.8192
vn -0.6622 0.7452 0.0783
vn -0.6327 0.7705 0.0781
vn -0.6328 0.7704 0.0781
vn -0.9811 -0.1616 0.1062
vn -0.9959 0.0452 0.0784
vn -0.9596 -0.2704 0.0783
vn -0.3500 0.9307 0.1061
vn 0.9950 -0.0622 0.0784
vn 0.9922 -0.0976 0.0782
vn -0.5751 -0.8111 0.1066
vn -0.7304 -0.6785 0.0786
vn 0.0312 0.9948 0.0973
vn 0.1898 0.9746 0.1187
vn -0.8446 -0.5247 0.1065
vn -0.9346 -0.3470 0.0786
vn -0.7830 -0.6171 0.0783
vn -0.1668 -0.9803 0.1059
vn -0.0779 -0.9939 0.0783
vn 0.0294 -0.9930 0.1140
vn 0.2259 -0.9684 0.1060
vn 0.9763 0.1920 0.0998
vn 0.9481 0.3083 0.0783
vn 0.9062 0.4071 0.1144
vn -0.5248 0.8446 0.1059
vn -0.6083 0.7898 0.0783
vn -0.6794 0.7261 0.1060
vn -0.8080 0.5796 0.1062
vn -0.8698 0.4871 0.0782
vn -0.9062 0.4071 0.1144
vn -0.9064 0.4151 0.0784
vn -0.9541 -0.2892 0.0782
vn 0.7704 0.6327 0.0782
vn 0.7947 0.6019 0.0783
vn 0.9639 0.2544 0.0785
vn -0.1581 -0.9843 0.0785
vn -0.7228 -0.6814 0.1147
vn -0.7838 0.4872 0.3851
vn -0.8529 0.3533 0.3844
vn 0.5381 0.7506 0.3834
vn 0.6738 0.6306 0.3851
vn -0.3814 0.8411 0.3834
vn -0.5382 0.7506 0.3834
vn -0.0000 0.9227 0.3855
vn -0.2096 0.8980 0.3868
vn -0.3537 -0.8534 0.3830
vn -0.1502 -0.9122 0.3812
vn 0.1503 -0.9122 0.3813
vn -0.0000 -0.9240 0.3823
vn 0.3538 -0.8533 0.3830
vn 0.5382 -0.7506 0.3834
vn -0.6738 0.6306 0.3851
vn 0.7509 -0.5384 0.3824
vn 0.7838 0.4872 0.3851
vn 0.8412 -0.3814 0.3833
vn 0.9232 -0.0000 0.3844
vn 0.8990 -0.2099 0.3844
vn -0.9231 -0.0000 0.3845
vn -0.8990 -0.2099 0.3844
vn 0.8990 0.2097 0.3844
vn 0.8530 0.3530 0.3844
vn -0.9763 0.1920 0.0997
vn -0.8990 0.2097 0.3844
vn 0.6525 -0.6528 0.3849
vn 0.3815 0.8411 0.3834
vn -0.7504 -0.5381 0.3839
vn -0.6526 -0.6527 0.3849
vn 0.2097 0.8980 0.3868
vn -0.0000 0.7651 -0.6439
vn -0.5382 -0.7506 0.3834
vn -0.9308 -0.3498 0.1063
vn -0.8408 -0.3814 0.3841
vn -0.7074 -0.7067 0.0161
vn -0.7483 -0.6631 0.0176
vn 0.7378 -0.0000 -0.6750
vn 0.8437 -0.0000 -0.5369
vn 0.8873 -0.0000 -0.4612
vn -0.0000 -0.7615 -0.6482
vn 0.0010 -0.7614 -0.6483
vn 0.6002 -0.7918 0.1135
vn 0.0336 -0.9895 0.1409
vn 0.0403 -0.9841 0.1727
vn -0.9426 0.2456 0.2264
vn -0.9990 0.0329 0.0303
vn -0.8236 0.4170 0.3844
vn 0.8076 -0.4687 -0.3580
vn 0.8123 -0.4639 -0.3535
vn -0.1219 0.0782 0.9895
vn -0.0701 0.0747 0.9947
vn -0.2099 0.0758 0.9748
vn -0.8793 0.4698 0.0782
vn 0.8114 -0.5725 -0.1176
vn 0.8114 -0.5726 -0.1176
vn 0.8129 -0.5705 -0.1175
vn -0.8114 -0.5726 -0.1176
vn -0.8114 -0.5725 -0.1176
vn -0.8129 -0.5705 -0.1175
vn -0.0000 -0.8008 0.5990
vn 0.7445 0.6674 -0.0150
vn 0.7446 0.6674 -0.0150
vn 0.7464 0.6653 -0.0152
vn 0.0084 -0.7617 -0.6479
vn 0.0042 -0.7616 -0.6480
vn 0.0169 -0.7619 -0.6475
vn 0.0497 -0.7654 0.6416
vn 0.0496 -0.7652 0.6419
vn 0.0076 -0.7659 0.6430
vn -0.0503 -0.7654 0.6416
vn -0.0502 -0.7654 0.6416
vn -0.0084 -0.7659 0.6430
vn 0.0540 -0.9985 -0.0072
vn 0.0547 -0.9985 -0.0072
vn 0.9536 -0.0000 -0.3011
vn 0.9763 -0.0000 -0.2164
vn 0.6756 -0.0000 0.7373
vn 0.5376 -0.0000 0.8432
vn 0.4620 -0.0000 0.8869
vn -0.9990 -0.0000 -0.0438
vn -0.9764 -0.0000 -0.2160
vn -0.9538 -0.0000 -0.3004
vn -0.8435 -0.0000 -0.5372
vn -0.7376 -0.0000 -0.6752
vn -0.6758 -0.0000 -0.7371
vn -0.9897 0.1196 0.0783
vn 0.7074 -0.7067 0.0161
vn 0.6583 -0.7526 0.0144
vn -0.9157 0.0789 0.3940
vn -0.9539 0.0725 0.2912
vn -0.9144 0.0800 0.3969
vn -0.4604 -0.0000 -0.8877
vn -0.2996 -0.0000 -0.9541
vn -0.2159 -0.0000 -0.9764
vn -0.0441 -0.0000 -0.9990
vn 0.0440 -0.0000 -0.9990
vn -0.0000 -0.9199 0.3922
vn -0.0000 -0.7616 -0.6481
vn -0.0000 -0.8927 -0.4506
vn -0.0000 -0.9311 -0.3648
vn -0.0000 -0.9675 -0.2529
vn -0.0000 -0.9954 -0.0961
vn 0.4097 -0.9070 0.0981
vn -0.0000 1.0000 0.0001
vn -0.0000 1.0000 -0.0003
vn 1.0000 0.0035 -0.0004
vn 1.0000 0.0060 -0.0001
vn 0.9973 -0.0518 -0.0520
vn 0.7982 0.4156 0.4361
vn 0.8132 0.3998 0.4229
vn -0.0000 1.0000 -0.0001
vn -0.0000 1.0000 0.0003
vn 0.7694 -0.4870 0.4132
vn 0.9974 -0.0543 0.0473
vn 0.4120 -0.6952 0.5890
vn -0.9907 0.0728 -0.1147
vn -0.9952 0.0704 -0.0674
vn -0.9678 0.0741 -0.2407
vn 0.9231 0.0771 0.3768
vn 0.9281 0.0817 0.3633
vn 0.1395 0.0695 -0.9878
vn 0.0333 0.0737 -0.9967
vn 0.2339 0.0736 -0.9695
vn -0.9517 0.2998 0.0655
vn -0.9540 0.2894 0.0780
vn -0.2897 0.9424 0.1673
vn -0.9323 0.2034 0.2992
vn -0.8466 0.2099 0.4891
vn 0.1812 0.9424 -0.2811
vn 0.6794 0.2684 -0.6829
vn 0.4948 0.1752 -0.8512
vn 0.3299 0.9439 -0.0160
vn 0.9328 0.2624 -0.2472
vn 0.3159 0.9433 -0.1023
vn -0.8442 0.2042 -0.4957
vn -0.9575 0.2075 -0.2003
vn -0.1675 0.9428 -0.2881
vn -0.2130 0.2105 -0.9541
vn -0.4624 0.1676 -0.8707
vn -0.9786 0.2014 0.0411
vn -0.3636 0.0705 0.9289
vn -0.3733 0.0672 0.9253
vn -0.7262 0.2034 0.6567
vn -0.2257 0.9420 0.2484
vn 0.8505 0.2028 -0.4853
vn 0.6697 0.0740 -0.7389
vn -0.1531 0.9423 0.2978
vn -0.2536 0.2041 0.9456
vn -0.0860 0.9428 0.3221
vn 0.9526 0.0737 -0.2952
vn 0.8937 0.0759 -0.4421
vn -0.6504 0.0748 0.7559
vn -0.6071 0.0806 0.7905
vn -0.5048 0.0746 0.8600
vn 0.2479 0.9423 -0.2248
vn 0.9850 0.1726 0.0009
vn 0.9726 0.0738 0.2204
vn 0.9956 0.0758 0.0559
vn -0.2479 0.9423 -0.2248
vn -0.2896 0.9424 -0.1672
vn 1.0000 -0.0004 0.0001
vn 0.9651 -0.2557 0.0572
vn 0.9739 -0.2270 -0.0003
vn 0.7706 -0.6326 0.0780
vn 0.7780 -0.6248 0.0655
vn 0.1021 0.9424 0.3184
vn 0.4850 0.2046 0.8502
vn 0.1674 0.9421 0.2906
vn 0.0460 0.1663 0.9850
vn 0.0866 0.9436 -0.3195
vn 0.0413 0.2462 -0.9683
vn -0.0000 0.9437 -0.3309
vn 0.1337 0.0658 0.9888
vn 0.1379 0.0672 0.9882
vn 0.2954 0.0736 0.9525
vn 0.2472 0.2668 0.9315
vn 0.2521 0.2195 -0.9425
vn 0.3714 0.0790 0.9251
vn 0.4461 0.0758 0.8918
vn 0.2258 0.9420 0.2485
vn 0.6819 0.2728 0.6786
vn -0.6629 0.2015 -0.7211
vn -0.4826 0.0718 -0.8729
vn -0.7509 0.0737 -0.6563
vn -0.6108 0.0685 -0.7888
vn -0.6142 0.0671 -0.7863
vn -0.0701 0.9437 -0.3233
vn -0.8292 0.0760 -0.5538
vn -0.5283 0.2057 0.8238
vn 0.8898 0.4515 0.0657
vn 0.8793 0.4699 0.0780
vn 0.3255 0.9428 0.0717
vn 0.3731 0.0728 -0.9249
vn 0.3730 0.0728 -0.9250
vn 0.4005 0.0632 -0.9141
vn 0.2897 0.9424 0.1673
vn 0.9312 0.2625 0.2527
vn -0.7786 0.0764 0.6228
vn -0.7763 0.0775 0.6256
vn -0.7809 0.0803 -0.6195
vn 0.9826 0.1366 0.1259
vn 0.9690 0.1815 0.1673
vn 0.6166 0.0794 0.7833
vn 0.6075 0.0756 0.7907
vn -0.0000 0.9427 0.3337
vn -0.9164 0.0793 -0.3924
vn -0.9120 0.0755 -0.4033
vn -0.8744 -0.4803 0.0692
vn -0.8790 -0.4704 0.0781
vn -0.8886 -0.4551 0.0569
vn -0.3344 0.9423 -0.0163
vn 0.6028 0.0768 -0.7942
vn 0.5429 0.0727 -0.8367
vn -0.3272 0.9423 0.0710
vn 0.2692 0.9609 0.0656
vn 0.2891 0.9541 0.0781
vn 0.3065 0.9502 0.0567
vn -0.3313 0.0735 -0.9406
vn -0.3191 0.9422 -0.1024
vn -0.1497 0.0824 -0.9853
vn -0.1686 0.0886 -0.9817
vn 0.8616 0.1457 0.4862
vn 0.8081 0.0740 -0.5844
vn 0.8057 0.0726 -0.5879
vn 0.2896 0.9424 -0.1672
vn 0.7365 0.0759 0.6722
vn -0.8762 0.0696 0.4769
vn -0.9899 0.0795 0.1176
vn -0.9867 0.0699 0.1468
vn -0.6166 -0.7846 0.0655
vn -0.6324 -0.7707 0.0779
vn -0.6585 -0.7508 0.0523
vn -0.0003 -1.0000 -0.0000
vn -0.2560 -0.9650 0.0572
vn -0.2271 -0.9739 -0.0004
vn 0.0330 0.9995 0.0003
vn 0.2268 0.9739 -0.0011
vn 0.7298 -0.6837 0.0003
vn 0.8494 -0.5278 0.0001
vn -0.5825 -0.8128 -0.0006
vn -0.7071 -0.7071 0.0002
vn -0.4131 -0.9107 0.0006
vn 0.4390 -0.8966 0.0572
vn 0.2273 -0.9738 0.0002
vn 0.4127 -0.9109 -0.0012
vn -0.4992 0.8649 0.0525
vn -0.4124 0.9110 -0.0004
vn -0.5553 0.8317 0.0008
vn -0.9108 0.4129 0.0011
vn -0.7935 0.6058 0.0573
vn -0.8128 0.5825 0.0001
vn -0.1955 0.9807 -0.0000
vn -0.0873 0.9940 0.0653
vn -0.9911 -0.1177 0.0623
vn -0.9995 -0.0325 0.0002
vn -0.9807 -0.1953 0.0004
vn -0.9964 -0.0624 0.0574
vn -0.9809 0.1945 0.0006
vn 0.4799 -0.8749 0.0654
vn 0.5828 -0.8126 -0.0002
vn 0.4128 0.9108 -0.0007
vn -0.0000 0.7923 0.6102
vn -0.8311 -0.5561 0.0002
vn -0.9360 -0.3520 0.0004
vn 0.9919 0.1084 0.0654
vn 0.9738 0.2273 0.0009
vn 0.6056 0.7937 0.0571
vn 0.5822 0.8130 -0.0004
vn -0.7644 0.6414 0.0656
vn -0.6834 0.7301 0.0016
vn -0.3000 -0.9517 0.0654
vn 0.9110 0.4125 0.0006
vn 0.6413 0.7645 0.0655
vn 0.7301 0.6834 0.0011
vn 0.1156 -0.9917 0.0569
vn 0.9491 -0.3089 0.0622
vn 0.9238 -0.3828 -0.0000
vn 0.8649 0.4991 0.0526
vn 0.8314 0.5556 0.0005
vn -0.4517 0.8898 0.0655
vn 0.7488 -0.6604 0.0572
vn 0.7914 0.0753 0.6066
vn 0.8475 0.0757 0.5253
vn 0.9855 0.0814 0.1487
vn 0.9922 0.0977 0.0779
vn 0.9949 0.0785 0.0627
vn -0.9974 -0.0542 0.0472
vn -0.7662 -0.4900 0.4157
vn -0.4089 -0.6963 0.5899
vn 1.0000 0.0052 0.0014
vn 1.0000 0.0037 -0.0008
vn 1.0000 0.0015 0.0016
vn 1.0000 0.0018 0.0016
vn -1.0000 0.0016 0.0013
vn -1.0000 0.0015 0.0016
vn -1.0000 0.0019 0.0015
vn 1.0000 0.0015 0.0010
vn 1.0000 0.0022 0.0005
vn 1.0000 0.0016 0.0013
vn -0.9997 0.0172 -0.0147
vn 0.8305 0.4298 -0.3544
vn 0.7981 0.4310 -0.4211
vn -1.0000 0.0038 0.0017
vn -1.0000 0.0025 0.0015
vn -1.0000 0.0049 0.0012
vn -0.9403 0.2589 -0.2209
vn -1.0000 0.0011 -0.0084
vn -0.0883 0.9857 -0.1433
vn -0.6978 0.7088 -0.1035
vn -0.0996 0.9801 -0.1717
vn -1.0000 0.0019 0.0020
vn -1.0000 0.0022 0.0011
vn -1.0000 0.0022 0.0005
vn -0.7970 0.4166 0.4373
vn -0.8127 0.4002 0.4236
vn 0.0016 -0.7614 -0.6483
vn 0.0031 -0.7613 -0.6484
vn -0.0000 0.8824 0.4706
vn -0.0000 0.9489 0.3155
vn 0.0021 0.0215 0.9998
vn 0.9943 -0.0000 0.1066
vn -0.4701 0.8792 0.0779
vn 0.9540 -0.2894 0.0780
vn -0.0511 -0.0623 0.9967
vn -0.0000 -0.6898 -0.7240
vn 0.4701 0.8791 0.0782
vn -0.0381 0.0713 0.9967
vn -0.0138 0.0168 0.9998
vn -0.0191 0.0102 0.9998
vn 0.0002 0.9339 0.3576
vn 0.0002 0.9809 0.1947
vn 0.0006 0.9338 0.3578
vn -0.3900 0.0780 -0.9175
vn -0.0000 -0.7954 -0.6061
vn 0.5841 -0.8078 0.0788
vn -0.7704 0.6327 0.0780
vn -0.7707 0.6324 0.0779
vn 0.8974 0.4412 0.0063
vn 0.8974 0.4412 0.0066
vn 0.8831 0.4691 0.0075
vn 0.9539 0.2897 0.0782
vn -0.2895 -0.9540 0.0779
vn -0.0000 -0.8834 -0.4686
vn -0.0000 -0.9292 -0.3697
vn -0.7730 -0.6345 -0.0000
vn -0.7730 -0.6344 -0.0000
vn -0.9921 0.0978 0.0782
vn 0.8791 -0.4701 0.0781
vn 0.8488 -0.5228 0.0786
vn -0.9922 -0.0977 0.0780
vn -0.8659 -0.5001 0.0067
vn -0.8818 -0.4716 0.0077
vn -0.0216 0.0021 0.9998
vn 0.0004 -0.5736 -0.8192
vn 0.0008 -0.5736 -0.8191
vn 0.9469 -0.3215 0.0064
vn 0.9469 -0.3215 0.0067
vn 0.9567 -0.2910 0.0077
vn -0.0440 0.9985 0.0338
vn 0.6597 0.7515 0.0066
vn 0.6596 0.7516 0.0064
vn 0.6835 0.7299 0.0057
vn -0.0978 0.9922 0.0779
vn 0.0623 -0.0511 0.9968
vn 0.0623 -0.0512 0.9967
vn 0.0624 -0.0512 0.9967
vn -0.0208 -0.0063 0.9998
vn -0.0207 -0.0063 0.9998
vn 0.9662 -0.2576 0.0067
vn 0.9662 -0.2575 0.0067
vn 0.9575 -0.2883 0.0077
vn -0.0000 0.9224 -0.3863
vn 0.6323 -0.7707 0.0783
vn 0.6328 -0.7704 0.0781
vn 0.0973 -0.9922 0.0780
vn 0.0863 -0.9939 0.0692
vn 0.5001 -0.8659 0.0066
vn 0.5289 -0.8487 0.0056
vn 0.0207 0.0063 0.9998
vn -0.5001 0.8659 0.0068
vn -0.4707 0.8823 0.0078
vn -0.0712 -0.0380 0.9967
vn 0.7930 -0.6092 0.0068
vn 0.7732 -0.6341 0.0077
vn -0.0063 0.0207 0.9998
vn 0.0659 -0.9978 0.0065
vn 0.0658 -0.9978 0.0068
vn 0.0988 -0.9951 0.0078
vn -0.0976 -0.9921 0.0783
vn 0.0380 -0.0710 0.9968
vn -0.9943 -0.0000 0.1066
vn -0.3206 -0.9472 0.0069
vn -0.3206 -0.9472 0.0066
vn -0.3527 -0.9357 0.0058
vn 0.0138 -0.0168 0.9998
vn -0.7922 0.6037 0.0887
vn -0.7923 0.6037 0.0887
vn -0.7757 0.6241 0.0936
vn 0.4702 -0.8791 0.0781
vn 0.4702 -0.8791 0.0782
vn -0.0772 0.0234 0.9967
vn -0.9661 0.2582 0.0066
vn -0.9740 0.2265 0.0057
vn -0.9540 -0.2212 -0.2025
vn -1.0000 0.0055 -0.0014
vn -0.9238 -0.2834 -0.2575
vn -0.4699 -0.8792 0.0781
vn -0.4694 -0.8795 0.0782
vn 0.6324 0.7707 0.0780
vn -0.6095 -0.7928 0.0068
vn -0.6095 -0.7927 0.0068
vn -0.6351 -0.7724 0.0078
vn 0.7785 -0.6208 -0.0929
vn 0.7715 -0.6292 -0.0946
vn 0.8163 0.4593 0.3501
vn 0.8483 0.4273 0.3127
vn 0.8653 0.5013 0.0066
vn 0.8492 0.5281 0.0056
vn -0.2590 -0.9659 0.0066
vn -0.2591 -0.9658 0.0066
vn -0.2919 -0.9564 0.0076
vn -0.7940 0.6079 0.0067
vn -0.7732 0.6341 0.0077
vn -0.8022 -0.4119 -0.4323
vn -0.8021 -0.4120 -0.4323
vn -0.8031 -0.4110 -0.4314
vn -0.7437 0.6683 -0.0151
vn -0.7437 0.6684 -0.0151
vn -0.7463 0.6654 -0.0154
vn -0.7920 0.5385 0.2875
vn -0.7887 0.5426 0.2892
vn 0.0772 -0.0234 0.9967
vn 0.0771 -0.0234 0.9968
vn -0.0079 0.0799 0.9968
vn -0.0078 0.0803 0.9967
vn 0.1327 -0.9911 0.0065
vn 0.1328 -0.9911 0.0065
vn 0.1653 -0.9862 0.0055
vn 0.9914 0.1308 0.0067
vn 0.9951 0.0987 0.0077
vn -0.9469 0.3215 0.0068
vn -0.9469 0.3215 0.0065
vn -0.9361 0.3516 0.0058
vn 0.0216 -0.0021 0.9998
vn -0.7507 0.6606 0.0067
vn -0.7507 0.6606 0.0064
vn -0.7281 0.6854 0.0057
vn 0.0511 0.0623 0.9967
vn 0.4414 -0.8973 0.0067
vn 0.4414 -0.8973 0.0064
vn 0.4128 -0.9108 0.0057
vn 0.0079 -0.0803 0.9967
vn 0.0528 0.9837 -0.1717
vn 0.1589 0.9767 -0.1441
vn 0.0712 0.0380 0.9967
vn -0.9913 -0.1311 0.0067
vn -0.9863 -0.1646 0.0057
vn 0.0001 0.9676 0.2525
vn 0.0004 0.9953 0.0974
vn 0.0191 -0.0102 0.9998
vn -0.0802 -0.0079 0.9967
vn -0.8171 0.4585 0.3495
vn -0.7753 0.4947 0.3926
vn -0.4414 0.8973 0.0067
vn -0.4414 0.8973 0.0064
vn -0.4128 0.9108 0.0057
vn 0.3233 0.9463 0.0065
vn 0.3233 0.9463 0.0062
vn 0.3527 0.9357 0.0055
vn 0.0804 0.0079 0.9967
vn 0.0802 0.0079 0.9967
vn 0.0102 0.0191 0.9998
vn 0.0102 0.0192 0.9998
vn 0.9978 0.0661 0.0065
vn 0.9978 0.0660 0.0068
vn 0.9952 0.0980 0.0077
vn -0.8282 0.4332 -0.3555
vn -0.8282 0.4332 -0.3554
vn -0.7987 0.4342 -0.4166
vn -0.0660 0.9978 0.0065
vn -0.0660 0.9978 0.0068
vn -0.0990 0.9951 0.0078
vn -0.0102 -0.0191 0.9998
vn 1.0000 0.0039 -0.0013
vn -1.0000 0.0037 -0.0008
vn -1.0000 0.0015 0.0010
vn 1.0000 0.0022 0.0011
vn 1.0000 0.0019 0.0020
vn 1.0000 0.0022 0.0016
vn 0.8021 -0.4120 -0.4323
vn 0.8031 -0.4110 -0.4314
vn 1.0000 0.0038 0.0017
vn 1.0000 0.0044 0.0027
vn 1.0000 0.0049 0.0012
vn -1.0000 0.0046 0.0025
vn -0.2561 0.1710 0.9514
vn -0.2805 0.1269 0.9514
vn -0.2884 0.1084 0.9514
vn 0.0168 0.0138 0.9998
vn 0.0167 0.0137 0.9998
vn -0.7953 0.5431 0.2693
vn -0.7851 0.5560 0.2730
vn -0.0424 -0.7632 -0.6448
vn -0.1188 -0.7625 -0.6359
vn 0.6073 0.7944 0.0066
vn 0.6309 0.7758 0.0075
vn -0.4517 -0.6657 -0.5940
vn -0.8970 -0.4419 0.0067
vn -0.8970 -0.4420 0.0064
vn -0.9117 -0.4108 0.0057
vn -1.0000 -0.0007 -0.0019
vn -1.0000 0.0062 0.0002
vn -0.6581 -0.7529 0.0066
vn -0.6581 -0.7529 0.0069
vn -0.6319 -0.7750 0.0079
vn -0.6109 0.7740 -0.1666
vn -0.0317 0.9779 -0.2065
vn 0.0507 -0.9985 0.0210
vn -0.0625 0.0513 0.9967
vn 0.6978 0.7088 -0.1035
vn -0.8076 -0.4687 -0.3580
vn -0.8023 -0.4739 -0.3630
vn -0.0021 -0.0216 0.9998
vn -0.0021 -0.0215 0.9998
vn 0.0601 0.9768 -0.2055
vn -1.0000 0.0054 0.0017
vn 0.8018 -0.5281 -0.2798
vn 0.8066 -0.5225 -0.2765
vn 0.2592 0.9658 0.0069
vn 0.2593 0.9658 0.0069
vn 0.2259 0.9741 0.0059
vn -0.0167 -0.0137 0.9998
vn 0.7519 -0.6592 0.0065
vn 0.7519 -0.6592 0.0068
vn 0.7724 -0.6351 0.0077
vn 0.7947 0.5438 0.2695
vn 0.8042 0.5315 0.2661
vn 0.7923 0.5382 0.2874
vn 0.7887 0.5426 0.2892
vn 0.7929 0.6029 0.0886
vn 0.7928 0.6029 0.0886
vn 0.8078 0.5835 0.0839
vn 0.0063 -0.0208 0.9998
vn 0.0063 -0.0207 0.9998
vn -0.0001 0.6896 0.7242
vn -0.0002 0.6896 0.7242
vn -0.0004 0.6897 0.7241
vn -0.9979 -0.0640 0.0064
vn -0.9979 -0.0640 0.0066
vn -0.9953 -0.0962 0.0076
vn -0.0000 0.9998 -0.0211
vn -0.7785 -0.6208 -0.0929
vn -0.7852 -0.6125 -0.0913
vn -0.1302 0.9915 0.0069
vn -0.1000 0.9950 0.0078
vn 0.0233 0.0769 0.9968
vn 0.0233 0.0768 0.9968
vn 0.7994 0.5536 -0.2334
vn 0.7994 0.5535 -0.2334
vn 0.8040 0.5470 -0.2330
vn -0.7999 0.5883 0.1181
vn -0.7999 0.5884 0.1181
vn -0.7946 0.5957 0.1172
vn -0.7991 0.5539 -0.2335
vn -0.7991 0.5540 -0.2335
vn -0.7945 0.5604 -0.2339
vn 0.5205 -0.8344 0.1814
vn 0.5125 -0.8391 0.1822
vn -0.8018 -0.5281 -0.2798
vn -0.7969 -0.5337 -0.2831
vn -0.0000 -0.7983 -0.6022
vn -0.0000 -0.7984 -0.6022
vn -0.0234 -0.0772 0.9967
vn 0.0559 -0.7627 -0.6443
vn 0.0560 -0.7627 -0.6443
vn 0.0169 -0.7617 -0.6477
vn 0.8100 -0.4638 0.3589
vn 0.8099 -0.4639 0.3591
vn 0.8097 -0.4639 0.3593
vn 0.7996 -0.5392 -0.2645
vn 0.8132 -0.5232 -0.2549
vn -0.0000 -0.7909 0.6119
vn -0.7708 -0.6323 0.0780
vn 0.8095 -0.5401 0.2302
vn 0.8096 -0.5400 0.2302
vn 0.9877 0.0771 -0.1358
vn 0.9901 0.0720 -0.1203
vn 0.4720 0.8816 -0.0000
vn 0.7730 -0.6345 -0.0000
vn -0.4712 -0.8820 -0.0000
vn -0.0000 -0.9651 -0.2618
vn -0.0000 -0.9889 -0.1486
vn -0.0000 -0.9996 0.0265
vn 0.9997 0.0172 -0.0147
vn -0.8095 -0.5401 0.2302
vn -0.8096 -0.5400 0.2302
vn 0.6109 0.7740 -0.1666
vn 0.6295 0.7594 -0.1648
vn 0.7744 -0.4716 -0.4218
vn -0.0208 -0.9848 0.1724
vn -0.5205 -0.8344 0.1814
vn -0.0279 -0.9767 0.2126
vn -0.0000 -0.9063 -0.4227
vn -0.0000 -0.8350 -0.5502
vn -0.0000 0.9894 0.1455
vn 0.8236 0.4170 0.3844
vn -0.8099 -0.4639 0.3591
vn -0.8100 -0.4638 0.3589
vn -0.8097 -0.4639 0.3593
vn 0.7996 0.5887 0.1186
vn 0.8044 0.5820 0.1195
vn -1.0000 0.0039 -0.0013
vn -1.0000 0.0016 0.0014
vn 0.9280 0.0813 -0.3635
vn -0.7996 -0.5392 -0.2645
vn -0.8132 -0.5232 -0.2549
vn 0.2621 -0.1627 0.9512
vn 0.2815 -0.1274 0.9511
vn 0.2893 -0.1087 0.9510
vn 0.3029 0.0602 0.9511
vn 0.2889 0.1085 0.9512
vn 0.3029 0.0600 0.9511
vn 0.3047 -0.0502 0.9511
vn 0.3090 -0.0100 0.9510
vn 0.3091 0.0103 0.9510
vn -0.2810 -0.1272 0.9512
vn -0.2619 -0.1626 0.9513
vn -0.2888 -0.1085 0.9512
vn -0.0000 -0.7614 -0.6483
vn 0.5369 -0.0000 -0.8437
vn 0.6756 -0.0000 -0.7373
vn 0.2996 -0.0000 -0.9541
vn 0.4602 -0.0000 -0.8878
vn 0.2159 -0.0000 -0.9764
vn -0.5372 -0.0000 -0.8435
vn -0.8874 -0.0000 -0.4609
vn -0.0001 -0.8350 -0.5502
vn -0.9764 -0.0000 0.2158
vn -0.9990 -0.0000 0.0437
vn -0.8870 -0.0000 0.4618
vn -0.9537 -0.0000 0.3007
vn -0.7376 -0.0000 0.6752
vn -0.8431 -0.0000 0.5377
vn -0.5380 -0.0000 0.8429
vn -0.6758 -0.0000 0.7371
vn -0.3017 -0.0000 0.9534
vn -0.4622 -0.0000 0.8868
vn -0.0441 -0.0000 0.9990
vn -0.2170 -0.0000 0.9762
vn 0.2170 -0.0000 0.9762
vn 0.0441 -0.0000 0.9990
vn 0.3017 -0.0000 0.9534
vn 0.8433 -0.0000 0.5374
vn 0.7378 -0.0000 0.6750
vn 0.9535 -0.0000 0.3014
vn 0.8868 -0.0000 0.4621
vn 0.9764 -0.0000 0.2161
vn 0.9990 -0.0000 -0.0438
vn 0.0502 0.3044 0.9512
vn -0.0000 0.3080 0.9514
vn -0.0000 0.3067 0.9518
vn -0.3023 0.0602 0.9513
vn -0.3028 0.0604 0.9511
vn 0.2566 0.1715 0.9512
vn 0.2179 0.2179 0.9513
vn 0.2175 0.2174 0.9515
vn -0.3084 -0.0100 0.9512
vn -0.3044 -0.0501 0.9512
vn -0.3085 0.0103 0.9512
vn -0.2178 0.2177 0.9514
vn -0.2175 0.2174 0.9515
vn -0.1633 -0.2629 0.9509
vn -0.1276 -0.2818 0.9509
vn -0.1085 -0.2887 0.9513
vn 0.1277 -0.2820 0.9509
vn 0.1635 -0.2632 0.9508
vn 0.1085 -0.2887 0.9513
vn 0.3007 -0.0700 0.9511
vn 0.2187 -0.2189 0.9509
vn 0.2509 -0.1796 0.9512
vn 0.2813 0.1273 0.9511
vn 0.1625 0.2611 0.9515
vn 0.1177 0.2841 0.9516
vn 0.1794 0.2502 0.9514
vn -0.0699 0.3004 0.9512
vn -0.1177 0.2841 0.9516
vn -0.0502 0.3044 0.9512
vn 0.0700 0.3005 0.9512
vn 0.1805 -0.2520 0.9507
vn -0.2185 -0.2185 0.9510
vn -0.1803 -0.2518 0.9509
vn -0.1624 0.2608 0.9516
vn -0.1792 0.2499 0.9515
vn -0.3004 -0.0699 0.9512
vn 0.0601 -0.3021 0.9514
vn 0.0599 -0.3008 0.9518
vn -0.2509 -0.1796 0.9512
vn -0.0000 -0.3079 0.9514
vn -0.0601 -0.3021 0.9514
vn -0.0598 -0.3008 0.9518
vn -0.0000 -0.3093 0.9509
vn -0.6002 -0.7918 0.1135
vn -0.0642 -0.9880 0.1407
vn -0.6321 -0.7669 0.1107
vn -0.0000 -0.9797 -0.2006
vn 0.0143 -0.9770 0.2126
vn 0.9403 0.2589 -0.2209
vn 0.9988 0.0370 -0.0310
vn 0.0981 -0.9952 -0.0000
vn 0.2901 -0.9570 -0.0000
vn 0.4712 -0.8820 -0.0000
vn 0.4711 -0.8821 -0.0000
vn 0.4712 -0.8821 -0.0000
vn 0.6348 -0.7727 -0.0000
vn 0.8819 -0.4714 -0.0000
vn 0.9568 -0.2906 -0.0000
vn 0.9952 -0.0980 -0.0000
vn 0.9952 0.0981 -0.0000
vn 0.9569 0.2903 -0.0000
vn 0.8819 0.4714 -0.0000
vn 0.7730 0.6345 -0.0000
vn 0.6342 0.7732 -0.0000
vn 0.2901 0.9570 -0.0000
vn 0.0981 0.9952 -0.0000
vn -0.0981 0.9952 -0.0000
vn -0.2900 0.9570 -0.0000
vn -0.4720 0.8816 -0.0000
vn -0.6342 0.7732 -0.0000
vn -0.7730 0.6345 -0.0000
vn -0.8819 0.4714 -0.0000
vn -0.9570 0.2900 -0.0000
vn -0.9952 0.0980 -0.0000
vn -0.9952 -0.0980 -0.0000
vn -0.9952 -0.0981 -0.0000
vn -0.9569 -0.2903 -0.0000
vn -0.8819 -0.4714 -0.0000
vn -0.6348 -0.7726 -0.0000
vn -0.6348 -0.7727 -0.0000
vn -0.2900 -0.9570 -0.0000
vn -0.0981 -0.9952 -0.0000
vn 0.4947 -0.8670 -0.0602
vn 0.4898 -0.8694 -0.0650
vn 0.4948 -0.8669 -0.0602
vn 0.4986 -0.8650 -0.0565
vn 0.4583 -0.8671 -0.1952
vn 0.4640 -0.8648 -0.1921
vn 0.4581 -0.8672 -0.1953
vn 0.4536 -0.8690 -0.1977
vn 0.3990 -0.8679 -0.2960
vn 0.3903 -0.8711 -0.2982
vn 0.4058 -0.8653 -0.2943
vn 0.2965 -0.8687 -0.3967
vn 0.3031 -0.8664 -0.3969
vn 0.2964 -0.8688 -0.3967
vn 0.2914 -0.8705 -0.3966
vn 0.1951 -0.8689 -0.4549
vn 0.1879 -0.8716 -0.4529
vn 0.1952 -0.8689 -0.4550
vn 0.2008 -0.8667 -0.4566
vn 0.0640 -0.8714 -0.4863
vn 0.0643 -0.8713 -0.4865
vn 0.0640 -0.8715 -0.4863
vn 0.0637 -0.8716 -0.4861
vn -0.0641 -0.8715 -0.4862
vn -0.0643 -0.8716 -0.4860
vn -0.0640 -0.8715 -0.4863
vn -0.0638 -0.8714 -0.4865
vn -0.1967 -0.8683 -0.4554
vn -0.1923 -0.8650 -0.4635
vn -0.1967 -0.8683 -0.4553
vn -0.2001 -0.8708 -0.4491
vn -0.2959 -0.8680 -0.3988
vn -0.2981 -0.8711 -0.3903
vn -0.2959 -0.8679 -0.3989
vn -0.2943 -0.8655 -0.4055
vn -0.3999 -0.8675 -0.2958
vn -0.4001 -0.8640 -0.3057
vn -0.3999 -0.8676 -0.2957
vn -0.3996 -0.8702 -0.2881
vn -0.4561 -0.8675 -0.1985
vn -0.4532 -0.8713 -0.1882
vn -0.4561 -0.8675 -0.1984
vn -0.4584 -0.8645 -0.2064
vn -0.4942 -0.8675 -0.0568
vn -0.4996 -0.8637 -0.0657
vn -0.4941 -0.8675 -0.0567
vn -0.4899 -0.8703 -0.0499
vn -0.4945 -0.8674 0.0565
vn -0.4868 -0.8712 0.0638
vn -0.5004 -0.8643 0.0507
vn -0.4535 -0.8712 0.1882
vn -0.4534 -0.8712 0.1882
vn -0.4535 -0.8712 0.1881
vn -0.4536 -0.8711 0.1881
vn -0.3896 -0.8679 0.3081
vn -0.3988 -0.8645 0.3059
vn -0.3826 -0.8704 0.3097
vn -0.3062 -0.8657 0.3961
vn -0.3041 -0.8664 0.3960
vn -0.3064 -0.8656 0.3961
vn -0.3082 -0.8649 0.3961
vn -0.1896 -0.8649 0.4648
vn -0.1933 -0.8635 0.4659
vn -0.1868 -0.8660 0.4639
vn -0.0704 -0.8666 0.4940
vn -0.0632 -0.8696 0.4896
vn -0.0760 -0.8642 0.4973
vn 0.0634 -0.8694 0.4900
vn 0.0632 -0.8693 0.4903
vn 0.0635 -0.8694 0.4900
vn 0.0637 -0.8695 0.4897
vn 0.1868 -0.8702 0.4558
vn 0.1881 -0.8712 0.4535
vn 0.1869 -0.8703 0.4557
vn 0.1860 -0.8696 0.4574
vn 0.2990 -0.8712 0.3894
vn 0.3895 -0.8712 0.2989
vn 0.3895 -0.8712 0.2988
vn 0.3895 -0.8712 0.2990
vn 0.4617 -0.8679 0.1833
vn 0.4643 -0.8645 0.1922
vn 0.4596 -0.8704 0.1765
vn 0.4979 -0.8648 0.0658
vn 0.4979 -0.8647 0.0659
vn 0.4978 -0.8648 0.0657
vn 0.4978 -0.8648 0.0656
vn 0.0547 0.9985 -0.0072
vn 0.0427 0.9985 -0.0328
vn -0.6307 -0.0078 -0.7760
vn -0.0440 -0.9985 0.0337
vn 0.0203 0.9986 -0.0490
vn -0.9315 -0.0083 -0.3636
vn 0.9918 -0.0098 -0.1278
vn -0.0069 0.9986 -0.0530
vn -0.0069 0.9986 -0.0529
vn -0.9916 -0.0100 0.1289
vn 0.7807 -0.0111 -0.6248
vn 0.8001 -0.0090 -0.5998
vn -0.0332 0.9985 -0.0434
vn -0.0345 0.9984 -0.0449
vn -0.7995 -0.0105 0.6006
vn -0.7997 -0.0105 0.6003
vn 0.0332 -0.9985 0.0432
vn 0.0332 -0.9985 0.0433
vn 0.3792 -0.0101 -0.9253
vn 0.3835 -0.0098 -0.9235
vn 0.3768 -0.0103 -0.9262
vn -0.0511 0.9985 -0.0212
vn -0.0508 0.9985 -0.0212
vn -0.0509 0.9985 -0.0212
vn -0.0516 0.9984 -0.0214
vn -0.3791 -0.0096 0.9253
vn -0.3832 -0.0100 0.9236
vn -0.3758 -0.0093 0.9266
vn -0.1075 -0.0082 -0.9942
vn -0.1099 -0.0083 -0.9939
vn -0.1076 -0.0082 -0.9942
vn -0.1062 -0.0081 -0.9943
vn -0.0545 0.9985 0.0071
vn -0.0542 0.9985 0.0071
vn -0.0545 0.9985 0.0072
vn -0.0550 0.9985 0.0072
vn 0.1085 -0.0117 0.9940
vn 0.1105 -0.0115 0.9938
vn 0.1089 -0.0117 0.9940
vn 0.1072 -0.0118 0.9942
vn -0.6386 -0.0128 -0.7694
vn -0.6300 -0.0122 -0.7765
vn 0.5982 -0.0112 0.8013
vn 0.0426 -0.9986 -0.0329
vn -0.9238 -0.0099 -0.3827
vn 0.9315 -0.0085 0.3636
vn 0.0206 -0.9985 -0.0501
vn 0.0213 -0.9985 -0.0509
vn 0.0208 -0.9986 -0.0497
vn 0.0202 -0.9986 -0.0492
vn -0.9914 -0.0099 0.1305
vn -0.9908 -0.0102 0.1349
vn -0.9917 -0.0098 0.1280
vn 0.0073 0.9984 0.0557
vn 0.0073 0.9984 0.0559
vn 0.9912 -0.0098 -0.1322
vn 0.9916 -0.0101 -0.1290
vn 0.9912 -0.0098 -0.1321
vn 0.9907 -0.0094 -0.1360
vn -0.0069 -0.9986 -0.0529
vn -0.0069 -0.9986 -0.0527
vn -0.7998 -0.0090 0.6002
vn 0.0333 0.9985 0.0432
vn 0.0333 0.9985 0.0434
vn 0.7994 -0.0108 -0.6007
vn -0.3764 -0.0102 0.9264
vn -0.4287 -0.0068 0.9034
vn 0.0509 0.9985 0.0211
vn 0.3761 -0.0094 -0.9265
vn -0.0505 -0.9985 -0.0209
vn -0.0506 -0.9985 -0.0209
vn -0.0510 -0.9985 -0.0210
vn -0.0508 -0.9985 -0.0210
vn -0.9918 -0.0000 0.1275
vn -0.9918 -0.0000 0.1274
vn -0.9228 0.0001 0.3852
vn -0.9229 0.0001 0.3851
vn -0.9228 -0.0000 0.3852
vn -0.7883 0.0001 0.6153
vn -0.7882 -0.0000 0.6154
vn -0.7882 0.0001 0.6154
vn -0.7883 0.0002 0.6153
vn -0.6107 -0.0000 0.7918
vn -0.6108 -0.0000 0.7918
vn -0.3836 0.0001 0.9235
vn -0.3838 0.0002 0.9234
vn -0.3835 -0.0000 0.9235
vn -0.1331 0.0002 0.9911
vn 0.1340 0.0002 0.9910
vn 0.3812 0.0001 0.9245
vn 0.3813 -0.0000 0.9244
vn 0.3813 0.0001 0.9245
vn 0.3812 0.0002 0.9245
vn 0.6107 -0.0000 0.7918
vn 0.7915 0.0001 0.6111
vn 0.7915 0.0002 0.6112
vn 0.7916 -0.0000 0.6111
vn 0.9228 0.0001 0.3852
vn 0.9228 -0.0000 0.3852
vn 0.9914 0.0039 0.1308
vn 0.9909 0.0076 0.1341
vn 0.9914 0.0038 0.1307
vn 0.9918 -0.0000 0.1274
vn 0.9914 0.0041 -0.1304
vn 0.9910 -0.0000 -0.1340
vn 0.9914 0.0035 -0.1310
vn 0.9918 0.0075 -0.1274
vn 0.9242 -0.0042 -0.3820
vn 0.9228 -0.0083 -0.3853
vn 0.9242 -0.0041 -0.3819
vn 0.9255 -0.0000 -0.3786
vn 0.7987 -0.0000 -0.6018
vn 0.7916 -0.0132 -0.6109
vn 0.6107 -0.0001 -0.7919
vn 0.6106 -0.0002 -0.7920
vn 0.6108 -0.0000 -0.7918
vn 0.3810 -0.0001 -0.9246
vn 0.3812 -0.0000 -0.9245
vn 0.3809 -0.0002 -0.9246
vn 0.1342 0.0215 -0.9907
vn 0.1154 -0.0000 -0.9933
vn -0.1334 -0.0000 -0.9911
vn -0.1147 0.0215 -0.9932
vn -0.3823 -0.0017 -0.9240
vn -0.3836 -0.0031 -0.9235
vn -0.3821 -0.0014 -0.9241
vn -0.3809 -0.0000 -0.9246
vn -0.6125 -0.0026 -0.7905
vn -0.6107 -0.0000 -0.7919
vn -0.6122 -0.0022 -0.7907
vn -0.6140 -0.0049 -0.7893
vn -0.7955 -0.0000 -0.6060
vn -0.9228 -0.0000 -0.3853
vn -0.9228 -0.0000 -0.3854
vn -0.9919 -0.0000 -0.1274
vn -0.2798 -0.1495 0.9483
vn -0.0919 -0.0000 -0.9958
vn 0.0919 0.4621 -0.8820
vn 0.2800 0.1496 0.9483
vn -0.0312 0.3168 0.9480
vn 0.3157 -0.0311 0.9484
vn -0.2449 0.2009 0.9485
vn 0.2454 -0.2014 0.9483
vn 0.0924 0.3046 0.9480
vn 0.2009 0.2448 0.9485
vn -0.0922 0.3040 0.9482
vn 0.9080 0.2754 0.3157
vn -0.7335 -0.6020 0.3155
vn 0.4472 0.8365 0.3166
vn 0.8370 0.4475 0.3148
vn 0.8375 -0.4475 0.3136
vn 0.9955 -0.0000 -0.0947
vn 0.5531 -0.8277 -0.0949
vn -0.9955 -0.0000 -0.0943
vn 0.5531 0.8278 -0.0940
vn -0.5531 -0.8277 -0.0949
vn -0.5531 0.8278 -0.0940
vn -0.8372 -0.4474 0.3147
vn -0.2008 0.2448 0.9485
vn -0.2454 -0.2014 0.9483
vn 0.0920 -0.3036 0.9484
vn 0.0312 0.3168 0.9480
vn -0.2803 0.1498 0.9482
vn 0.2017 -0.2457 0.9481
vn 0.6742 -0.0003 0.7385
vn -0.9989 0.0032 0.0471
vn -0.0000 0.9812 -0.1930
vn -0.1438 -0.7703 -0.6212
vn -0.0000 -0.5698 0.8218
vn -0.0000 0.9995 -0.0306
vn -0.7633 0.4498 -0.4637
vn 0.7648 0.4485 -0.4625
vn 0.1444 -0.7703 -0.6212
vn -0.0014 0.7059 -0.7083
vn 0.0006 -0.7074 0.7068
vn -0.0030 0.7059 -0.7083
vn -0.0286 -0.0157 -0.9995
vn -0.0000 0.0467 -0.9989
vn -0.9719 -0.2354 -0.0000
vn 0.9925 -0.1132 -0.0465
vn 0.6560 -0.0000 -0.7548
vn -0.6739 -0.0000 0.7389
vn -0.0285 -0.0157 0.9995
vn 0.9991 0.0415 -0.0001
vn 0.4346 -0.8978 0.0719
vn 0.2898 -0.9539 0.0780
vn -0.2888 0.9542 0.0782
vn -0.0097 -0.5742 -0.8187
vn -0.6583 -0.7526 0.0144
vn 0.6321 -0.7669 0.1107
vn 0.8023 -0.4739 -0.3630
vn -0.1295 0.0808 0.9883
vn 0.8100 -0.5745 -0.1176
vn -0.8100 -0.5745 -0.1176
vn 0.7426 0.6696 -0.0148
vn 0.1308 -0.7607 0.6358
vn -0.1313 -0.7606 0.6358
vn 0.0551 -0.9985 -0.0073
vn 0.7483 -0.6631 0.0176
vn 1.0000 0.0056 -0.0006
vn 0.7813 0.4323 0.4501
vn -0.9884 0.0779 -0.1303
vn 0.9175 0.0721 0.3910
vn 0.1488 0.0725 -0.9862
vn -0.9606 0.2709 0.0627
vn -0.3544 0.0737 0.9322
vn -0.6055 0.0813 0.7917
vn 0.1298 0.0645 0.9894
vn 0.3832 0.0832 0.9199
vn -0.6076 0.0698 -0.7911
vn 0.3436 0.0829 -0.9355
vn -0.7811 0.0752 0.6199
vn -0.7903 0.0855 -0.6067
vn 0.6250 0.0830 0.7762
vn -0.9209 0.0834 -0.3808
vn -0.8793 -0.4699 0.0779
vn 0.5935 0.0804 -0.8008
vn 0.2895 0.9540 0.0780
vn -0.1296 0.0757 -0.9887
vn 0.8106 0.0755 -0.5807
vn -0.9920 0.0884 0.0901
vn -0.1174 0.9911 0.0626
vn 0.7919 0.0755 0.6060
vn 0.9877 0.0877 0.1295
vn -0.9988 0.0370 -0.0310
vn 0.8486 0.4279 -0.3110
vn -0.7413 0.6637 -0.0998
vn -0.7793 0.4341 0.4519
vn -0.0000 0.9487 0.3161
vn -0.0000 0.9808 0.1950
vn -0.3759 0.0829 -0.9230
vn 0.9108 0.4128 0.0057
vn 0.9539 0.2898 0.0781
vn 0.8791 -0.4702 0.0781
vn -0.8492 -0.5281 0.0058
vn 0.0014 -0.5736 -0.8191
vn 0.9361 -0.3516 0.0057
vn -0.0434 0.9985 0.0333
vn 0.6352 0.7723 0.0076
vn 0.9740 -0.2265 0.0057
vn 0.0968 -0.9922 0.0781
vn 0.4707 -0.8823 0.0076
vn -0.5289 0.8487 0.0058
vn 0.8120 -0.5837 0.0058
vn 0.0329 -0.9994 0.0058
vn -0.0972 -0.9922 0.0781
vn 0.0380 -0.0709 0.9968
vn -0.2880 -0.9576 0.0079
vn -0.8072 0.5842 0.0840
vn -0.9571 0.2898 0.0076
vn -0.5833 -0.8122 0.0058
vn 0.7852 -0.6125 -0.0913
vn 0.7753 0.4949 0.3924
vn 0.8805 0.4739 0.0075
vn -0.2259 -0.9741 0.0056
vn -0.8138 0.5811 0.0057
vn -0.8012 -0.4129 -0.4332
vn -0.7409 0.6715 -0.0148
vn -0.7955 0.5343 0.2858
vn 0.1000 -0.9950 0.0075
vn 0.9866 0.1628 0.0058
vn -0.9567 0.2910 0.0077
vn -0.7724 0.6351 0.0077
vn 0.4696 -0.8829 0.0076
vn -0.9952 -0.0974 0.0077
vn -0.8496 0.4258 0.3114
vn -0.4696 0.8829 0.0076
vn 0.2936 0.9559 0.0074
vn 0.9994 0.0340 0.0058
vn -0.8449 0.4316 -0.3161
vn -0.0330 0.9994 0.0058
vn 0.8012 -0.4129 -0.4332
vn -0.2567 0.1714 0.9512
vn -0.8052 0.5301 0.2657
vn 0.0031 -0.7615 -0.6482
vn 0.5833 0.8122 0.0057
vn -0.8811 -0.4728 0.0077
vn -0.6835 -0.7299 0.0059
vn -0.6295 0.7594 -0.1648
vn 0.0517 -0.9984 0.0214
vn 0.7413 0.6637 -0.0998
vn -0.8123 -0.4639 -0.3535
vn 0.7969 -0.5337 -0.2831
vn 0.2924 0.9563 0.0079
vn 0.7307 -0.6827 0.0058
vn 0.7851 0.5560 0.2730
vn 0.7961 0.5336 0.2855
vn 0.7763 0.6234 0.0935
vn -0.0000 0.6895 0.7243
vn -0.9995 -0.0319 0.0056
vn -0.7715 -0.6292 -0.0946
vn -0.1602 0.9871 0.0060
vn 0.0234 0.0773 0.9967
vn 0.7951 0.5596 -0.2339
vn -0.8056 0.5804 0.1192
vn -0.8040 0.5470 -0.2330
vn -0.8066 -0.5225 -0.2765
vn 0.1219 -0.7617 -0.6364
vn 0.8100 -0.4638 0.3588
vn 0.7851 -0.5554 -0.2743
vn 0.9852 0.0819 -0.1503
vn 0.4340 -0.6736 -0.5982
vn -0.5125 -0.8391 0.1822
vn -0.8100 -0.4638 0.3588
vn 0.7951 0.5950 0.1178
vn 0.9202 0.0877 -0.3815
vn -0.7851 -0.5554 -0.2743
vn 0.2573 0.1718 0.9509
vn 0.2188 -0.2188 0.9509
vn 0.1173 0.2833 0.9518
vn -0.1173 0.2833 0.9518
vn -0.2188 -0.2188 0.9509
vn 1.0000 0.0011 -0.0084
vt 0.024146 0.973606
vt 0.975601 0.974631
s 1
f 145/1/1 146/1/2 144/1/3
f 1200/1/4 200/1/5 1202/1/6
f 5/1/7 9/1/8 10/1/9
f 10/1/9 1232/1/10 1233/1/11
f 805/1/12 758/1/13 757/1/14
f 6/1/15 217/1/16 7/1/17
f 1237/1/18 13/1/19 12/1/20
f 42/1/21 1244/1/22 40/1/23
f 176/1/24 1048/1/25 177/1/26
f 123/1/27 1048/1/25 25/1/28
f 1067/1/29 5/1/7 6/1/15
f 585/1/30 799/1/31 797/1/32
f 218/1/33 7/1/17 217/1/16
f 1043/1/34 37/1/35 36/1/36
f 32/1/37 35/1/38 1043/1/34
f 54/1/39 55/1/40 1248/1/41
f 49/1/42 87/1/43 50/1/44
f 16/1/45 193/1/46 1215/1/47
f 207/1/48 1237/1/18 1236/1/49
f 43/1/50 47/1/51 44/1/52
f 211/1/53 516/1/54 514/1/55
f 1234/1/56 70/1/57 1199/1/58
f 162/1/59 22/1/60 161/1/61
f 184/1/62 182/1/63 179/1/64
f 58/1/65 1246/1/66 52/1/67
f 1248/1/41 11/1/68 1249/1/69
f 1052/1/70 163/1/71 26/1/72
f 45/1/73 1245/1/74 42/1/21
f 52/1/67 1036/1/75 46/1/76
f 40/1/23 109/1/77 107/1/78
f 815/1/79 774/1/80 603/1/81
f 1205/1/82 208/1/83 195/1/84
f 185/1/85 188/1/86 183/1/87
f 1247/1/88 27/1/89 54/1/39
f 7/1/17 1067/1/29 6/1/15
f 219/1/90 1236/1/49 8/1/91
f 127/1/92 130/1/93 126/1/92
f 182/1/63 188/1/86 1205/1/82
f 210/1/94 206/1/95 207/1/48
f 185/1/85 1238/1/96 1060/1/97
f 350/1/98 1188/1/99 349/1/100
f 63/1/101 1228/1/102 145/1/1
f 1221/1/103 96/1/104 102/1/105
f 1240/1/106 22/1/60 163/1/71
f 26/1/72 1241/1/107 1052/1/70
f 20/1/108 19/1/109 21/1/110
f 47/1/51 1036/1/75 44/1/52
f 19/1/109 1238/1/96 18/1/111
f 1/1/112 68/1/113 1234/1/56
f 36/1/36 40/1/23 1244/1/22
f 96/1/104 1218/1/114 172/1/115
f 188/1/86 206/1/95 208/1/83
f 124/1/116 159/1/117 1212/1/118
f 219/1/90 1235/1/119 7/1/17
f 11/1/68 1069/1/120 1249/1/69
f 1239/1/121 21/1/110 22/1/60
f 1242/1/122 33/1/123 32/1/37
f 1225/1/124 56/1/125 118/1/126
f 45/1/73 56/1/125 47/1/51
f 13/1/19 1060/1/97 12/1/20
f 1211/1/127 108/1/128 104/1/129
f 1203/1/130 200/1/5 74/1/131
f 971/1/132 590/1/133 309/1/133
f 89/1/134 87/1/43 88/1/135
f 973/1/136 588/1/137 971/1/132
f 88/1/135 85/1/138 86/1/139
f 704/1/140 515/1/141 703/1/142
f 961/1/143 304/1/144 305/1/145
f 703/1/142 701/1/137 702/1/146
f 963/1/147 306/1/148 961/1/143
f 73/1/149 41/1/150 72/1/151
f 684/1/152 683/1/153 1144/1/154
f 685/1/155 502/1/156 684/1/152
f 86/1/139 104/1/129 84/1/157
f 686/1/158 524/1/159 685/1/155
f 687/1/160 523/1/161 686/1/158
f 982/1/162 311/1/163 312/1/163
f 979/1/164 311/1/163 310/1/164
f 979/1/164 583/1/165 977/1/166
f 977/1/166 584/1/167 975/1/140
f 975/1/140 586/1/168 973/1/136
f 78/1/169 76/1/170 77/1/171
f 691/1/172 692/1/173 520/1/172
f 694/1/174 692/1/173 1156/1/173
f 297/1/156 602/1/175 604/1/176
f 383/1/177 343/1/178 382/1/179
f 713/1/180 507/1/181 711/1/182
f 286/1/183 287/1/184 611/1/185
f 377/1/186 335/1/187 376/1/188
f 385/1/189 346/1/190 384/1/191
f 366/1/192 320/1/193 365/1/194
f 390/1/195 353/1/196 389/1/197
f 69/1/198 70/1/57 68/1/113
f 67/1/199 2/1/200 65/1/201
f 88/1/135 152/1/202 203/1/203
f 160/1/204 143/1/205 162/1/59
f 184/1/62 185/1/85 183/1/87
f 105/1/206 104/1/129 85/1/138
f 821/1/207 800/1/208 799/1/31
f 395/1/209 361/1/210 394/1/211
f 192/1/212 193/1/46 191/1/213
f 951/1/214 526/1/215 250/1/216
f 58/1/65 53/1/217 30/1/218
f 158/1/219 157/1/220 133/1/221
f 1207/1/222 133/1/221 120/1/223
f 27/1/89 30/1/218 31/1/224
f 209/1/225 208/1/83 210/1/94
f 87/1/43 105/1/206 85/1/138
f 610/1/226 759/1/227 807/1/228
f 178/1/229 123/1/27 122/1/230
f 15/1/231 1224/1/232 14/1/233
f 589/1/234 792/1/235 591/1/236
f 33/1/123 117/1/237 113/1/238
f 178/1/229 176/1/24 177/1/26
f 122/1/230 1212/1/118 1213/1/239
f 122/1/230 24/1/240 124/1/116
f 31/1/224 39/1/241 1230/1/242
f 181/1/243 74/1/131 76/1/170
f 59/1/244 1221/1/103 102/1/105
f 173/1/245 179/1/64 1209/1/246
f 163/1/71 143/1/205 26/1/72
f 1216/1/247 16/1/45 1215/1/47
f 168/1/248 169/1/248 167/1/249
f 591/1/236 790/1/250 820/1/251
f 21/1/110 173/1/245 174/1/252
f 1191/1/253 1160/1/254 359/1/255
f 164/1/256 212/1/257 165/1/257
f 1155/1/258 351/1/259 1189/1/260
f 176/1/24 1242/1/122 1243/1/261
f 197/1/262 138/1/263 137/1/263
f 156/1/264 171/1/265 512/1/265
f 202/1/266 150/1/266 148/1/266
f 2/1/200 1231/1/267 63/1/101
f 1170/1/268 1193/1/269 324/1/270
f 344/1/271 1146/1/272 1185/1/273
f 1187/1/274 1148/1/275 1186/1/276
f 1198/1/277 1177/1/278 1197/1/279
f 1158/1/280 354/1/281 1190/1/282
f 186/1/283 125/1/284 519/1/285
f 169/1/286 518/1/286 167/1/286
f 147/1/287 506/1/288 142/1/289
f 110/1/290 1219/1/291 109/1/77
f 6/1/15 10/1/9 4/1/292
f 103/1/293 14/1/233 1224/1/232
f 134/1/294 137/1/295 138/1/296
f 131/1/297 135/1/298 129/1/297
f 165/1/299 213/1/299 166/1/299
f 1164/1/300 316/1/301 318/1/302
f 1192/1/303 1164/1/300 318/1/302
f 1175/1/304 1195/1/305 1196/1/306
f 149/1/307 152/1/308 153/1/309
f 135/1/310 136/1/311 134/1/311
f 172/1/115 1217/1/312 192/1/212
f 57/1/313 52/1/67 46/1/76
f 106/1/314 109/1/77 1219/1/291
f 155/1/315 156/1/316 154/1/315
f 1223/1/317 107/1/78 106/1/314
f 42/1/21 107/1/78 101/1/318
f 126/1/319 521/1/319 689/1/319
f 132/1/320 127/1/321 126/1/322
f 198/1/323 141/1/324 199/1/324
f 333/1/325 1179/1/326 331/1/327
f 140/1/328 196/1/329 139/1/330
f 1138/1/331 1181/1/332 1182/1/333
f 201/1/334 148/1/335 506/1/334
f 50/1/44 48/1/336 49/1/42
f 1208/1/337 114/1/338 108/1/128
f 816/1/339 780/1/340 779/1/341
f 173/1/245 18/1/111 184/1/62
f 45/1/73 101/1/318 118/1/126
f 1225/1/124 101/1/318 1223/1/317
f 117/1/237 176/1/24 116/1/342
f 597/1/343 783/1/344 782/1/345
f 175/1/346 173/1/245 1209/1/246
f 210/1/94 219/1/90 218/1/33
f 1229/1/347 66/1/348 1/1/112
f 57/1/313 38/1/349 53/1/217
f 124/1/116 26/1/72 143/1/205
f 60/1/350 136/1/351 194/1/352
f 202/1/353 89/1/134 151/1/354
f 597/1/343 780/1/340 598/1/355
f 27/1/89 28/1/356 55/1/40
f 170/1/357 75/1/358 73/1/149
f 73/1/149 169/1/359 170/1/360
f 162/1/59 1210/1/361 160/1/204
f 137/1/362 100/1/363 99/1/364
f 197/1/365 97/1/366 196/1/367
f 147/1/368 91/1/369 201/1/370
f 1216/1/247 23/1/371 17/1/372
f 1204/1/373 76/1/170 180/1/374
f 155/1/375 82/1/376 205/1/377
f 178/1/229 1213/1/239 1214/1/378
f 46/1/76 56/1/125 57/1/313
f 94/1/379 198/1/380 199/1/381
f 89/1/134 203/1/382 151/1/383
f 81/1/384 211/1/385 171/1/386
f 69/1/198 189/1/387 186/1/388
f 78/1/169 214/1/389 79/1/390
f 190/1/391 61/1/392 131/1/393
f 1199/1/58 41/1/150 1200/1/4
f 93/1/394 147/1/395 198/1/396
f 152/1/397 84/1/157 204/1/398
f 212/1/399 75/1/358 213/1/400
f 31/1/224 29/1/401 28/1/356
f 199/1/402 95/1/403 94/1/379
f 197/1/404 99/1/364 98/1/405
f 187/1/406 69/1/198 186/1/407
f 82/1/376 171/1/408 205/1/409
f 1206/1/410 180/1/374 157/1/220
f 113/1/238 35/1/38 33/1/123
f 196/1/411 95/1/403 139/1/412
f 131/1/413 60/1/350 194/1/414
f 204/1/415 83/1/416 155/1/417
f 4/1/292 1233/1/11 3/1/418
f 28/1/356 11/1/68 55/1/40
f 190/1/419 64/1/420 62/1/421
f 67/1/199 128/1/422 189/1/423
f 215/1/424 77/1/171 212/1/425
f 201/1/426 90/1/427 202/1/428
f 72/1/151 187/1/429 169/1/430
f 65/1/201 127/1/431 128/1/432
f 3/1/418 217/1/16 4/1/292
f 35/1/38 109/1/77 37/1/35
f 121/1/433 120/1/223 114/1/338
f 552/1/434 227/1/435 550/1/436
f 239/1/437 536/1/438 238/1/439
f 946/1/440 224/1/441 947/1/442
f 538/1/443 235/1/444 236/1/445
f 929/1/446 236/1/447 235/1/448
f 791/1/449 221/1/450 525/1/451
f 251/1/452 220/1/453 526/1/215
f 932/1/454 233/1/455 540/1/454
f 932/1/454 542/1/456 934/1/457
f 232/1/458 542/1/456 231/1/459
f 949/1/460 221/1/461 222/1/462
f 230/1/463 545/1/464 228/1/465
f 802/1/466 530/1/467 531/1/468
f 922/1/469 244/1/470 243/1/469
f 946/1/440 551/1/471 225/1/472
f 252/1/473 284/1/474 285/1/475
f 531/1/468 245/1/476 529/1/476
f 246/1/477 528/1/478 245/1/477
f 927/1/479 536/1/438 237/1/480
f 796/1/481 250/1/482 527/1/483
f 533/1/484 243/1/485 532/1/486
f 228/1/465 546/1/487 938/1/488
f 930/1/489 233/1/455 931/1/490
f 939/1/491 549/1/492 941/1/493
f 793/1/494 220/1/495 791/1/449
f 247/1/496 248/1/497 528/1/478
f 230/1/463 231/1/459 229/1/498
f 246/1/477 530/1/499 953/1/500
f 927/1/479 236/1/447 928/1/501
f 938/1/488 547/1/502 939/1/491
f 922/1/469 241/1/503 242/1/504
f 953/1/500 244/1/470 954/1/505
f 937/1/506 428/1/507 429/1/508
f 924/1/509 266/1/510 265/1/509
f 254/1/511 413/1/512 253/1/513
f 933/1/514 433/1/515 434/1/516
f 450/1/517 451/1/518 449/1/519
f 273/1/520 434/1/516 272/1/521
f 262/1/522 259/1/523 260/1/524
f 254/1/511 416/1/525 252/1/473
f 279/1/526 278/1/527 945/1/527
f 271/1/528 272/1/521 436/1/529
f 282/1/530 420/1/531 280/1/532
f 258/1/533 255/1/534 256/1/535
f 924/1/509 263/1/536 264/1/537
f 264/1/537 261/1/538 262/1/522
f 268/1/539 407/1/540 267/1/541
f 269/1/542 438/1/543 407/1/540
f 935/1/544 431/1/545 433/1/515
f 937/1/506 431/1/545 936/1/546
f 280/1/532 421/1/547 948/1/548
f 285/1/475 418/1/549 283/1/550
f 279/1/526 421/1/547 422/1/526
f 260/1/524 257/1/551 258/1/533
f 270/1/552 436/1/529 438/1/543
f 283/1/550 281/1/553 282/1/530
f 925/1/554 409/1/555 266/1/510
f 926/1/556 267/1/541 409/1/555
f 944/1/557 278/1/527 277/1/558
f 256/1/535 413/1/512 952/1/559
f 942/1/560 277/1/558 425/1/561
f 940/1/562 425/1/561 276/1/563
f 275/1/564 276/1/563 427/1/565
f 274/1/566 427/1/565 428/1/507
f 289/1/567 287/1/184 288/1/184
f 1142/1/568 719/1/569 720/1/570
f 720/1/570 718/1/571 1139/1/572
f 1139/1/572 716/1/573 717/1/574
f 717/1/574 714/1/575 715/1/576
f 381/1/577 341/1/578 380/1/579
f 91/1/369 16/1/45 17/1/372
f 296/1/580 604/1/176 295/1/580
f 1227/1/581 144/1/3 146/1/2
f 1176/1/582 708/1/583 1174/1/584
f 1174/1/584 509/1/585 707/1/162
f 707/1/162 706/1/586 1171/1/587
f 1171/1/587 705/1/588 1169/1/589
f 1169/1/589 511/1/165 1167/1/166
f 1167/1/166 513/1/590 704/1/140
f 60/1/350 14/1/233 100/1/363
f 69/1/198 66/1/348 67/1/199
f 1144/1/154 682/1/591 1142/1/568
f 374/1/592 330/1/593 373/1/594
f 94/1/379 191/1/213 93/1/394
f 378/1/595 336/1/596 377/1/186
f 711/1/182 709/1/597 710/1/598
f 60/1/350 144/1/3 15/1/231
f 64/1/420 145/1/1 62/1/421
f 702/1/146 517/1/599 700/1/599
f 691/1/172 690/1/600 1153/1/601
f 1153/1/601 689/1/602 1151/1/603
f 1151/1/603 521/1/604 688/1/605
f 688/1/605 522/1/606 687/1/160
f 79/1/390 180/1/374 78/1/169
f 296/1/580 293/1/607 294/1/608
f 71/1/609 41/1/150 70/1/57
f 345/1/610 344/1/611 343/1/178
f 352/1/612 351/1/613 350/1/98
f 1190/1/614 353/1/196 355/1/615
f 354/1/616 352/1/612 353/1/196
f 1196/1/617 326/1/618 327/1/619
f 357/1/620 355/1/615 356/1/621
f 323/1/622 1193/1/623 322/1/624
f 322/1/624 321/1/625 320/1/193
f 320/1/193 1192/1/626 319/1/627
f 334/1/628 333/1/629 332/1/630
f 340/1/631 337/1/632 339/1/633
f 318/1/634 315/1/635 317/1/636
f 359/1/637 356/1/621 358/1/638
f 1188/1/99 347/1/639 349/1/100
f 329/1/640 1197/1/641 328/1/642
f 337/1/632 1183/1/643 336/1/596
f 331/1/644 329/1/640 330/1/593
f 1191/1/645 358/1/638 360/1/646
f 335/1/187 1181/1/647 334/1/628
f 332/1/630 331/1/644 330/1/593
f 348/1/648 346/1/190 347/1/639
f 1187/1/649 345/1/610 346/1/190
f 1194/1/650 323/1/622 325/1/651
f 341/1/578 340/1/631 339/1/633
f 342/1/652 1184/1/653 341/1/578
f 343/1/178 1185/1/654 342/1/652
f 779/1/341 776/1/655 777/1/656
f 315/1/635 1191/1/645 360/1/646
f 1197/1/641 327/1/619 328/1/642
f 1192/1/626 317/1/636 319/1/627
f 336/1/596 1182/1/657 335/1/187
f 1195/1/658 325/1/651 326/1/618
f 384/1/191 345/1/610 383/1/177
f 95/1/403 192/1/212 94/1/379
f 387/1/659 349/1/100 386/1/660
f 364/1/661 317/1/636 363/1/662
f 365/1/194 319/1/627 364/1/661
f 361/1/210 315/1/635 360/1/646
f 97/1/366 172/1/115 95/1/403
f 388/1/663 350/1/98 387/1/659
f 369/1/664 325/1/651 368/1/665
f 370/1/666 326/1/618 369/1/664
f 371/1/667 327/1/619 370/1/666
f 372/1/668 328/1/642 371/1/667
f 373/1/594 329/1/640 372/1/668
f 98/1/405 96/1/104 97/1/366
f 375/1/669 332/1/630 374/1/592
f 968/1/670 593/1/671 308/1/672
f 93/1/394 16/1/45 92/1/673
f 290/1/674 608/1/675 990/1/676
f 290/1/674 606/1/677 607/1/674
f 715/1/576 712/1/678 713/1/180
f 91/1/369 23/1/371 90/1/427
f 90/1/427 50/1/44 89/1/134
f 314/1/679 613/1/680 984/1/584
f 1161/1/681 517/1/599 699/1/681
f 363/1/662 315/1/635 362/1/682
f 386/1/660 347/1/639 385/1/189
f 368/1/665 323/1/622 367/1/683
f 367/1/683 322/1/624 366/1/192
f 965/1/684 307/1/685 963/1/147
f 388/1/663 353/1/196 352/1/612
f 361/1/210 358/1/638 392/1/686
f 376/1/188 334/1/628 375/1/669
f 806/1/687 613/1/688 612/1/689
f 403/1/690 381/1/577 380/1/579
f 864/1/691 382/1/179 381/1/577
f 878/1/692 371/1/667 370/1/666
f 857/1/693 386/1/660 385/1/189
f 882/1/694 363/1/662 884/1/695
f 870/1/696 374/1/592 872/1/697
f 396/1/698 367/1/683 366/1/192
f 881/1/699 366/1/192 365/1/194
f 402/1/700 378/1/595 868/1/701
f 889/1/702 389/1/197 388/1/663
f 889/1/702 387/1/659 404/1/703
f 887/1/704 389/1/197 405/1/705
f 874/1/706 372/1/668 399/1/707
f 870/1/696 376/1/188 375/1/669
f 398/1/708 368/1/665 397/1/709
f 395/1/209 363/1/662 362/1/682
f 874/1/706 374/1/592 373/1/594
f 860/1/710 384/1/191 383/1/177
f 401/1/711 376/1/188 400/1/712
f 878/1/692 369/1/664 398/1/708
f 857/1/693 384/1/191 859/1/713
f 881/1/699 364/1/661 882/1/694
f 860/1/710 382/1/179 862/1/714
f 887/1/704 391/1/715 390/1/195
f 397/1/709 367/1/683 879/1/716
f 403/1/690 379/1/717 402/1/700
f 401/1/711 378/1/595 377/1/186
f 890/1/718 387/1/659 386/1/660
f 393/1/719 361/1/210 392/1/686
f 393/1/719 391/1/715 406/1/720
f 399/1/707 371/1/667 876/1/721
f 440/1/722 438/1/723 439/1/724
f 435/1/725 272/1/726 434/1/727
f 408/1/728 409/1/729 267/1/730
f 408/1/728 407/1/731 440/1/722
f 442/1/732 409/1/729 410/1/729
f 466/1/733 276/1/734 425/1/735
f 414/1/736 253/1/737 413/1/736
f 459/1/738 421/1/739 420/1/740
f 470/1/741 434/1/727 433/1/742
f 442/1/732 265/1/743 266/1/744
f 414/1/736 255/1/745 412/1/746
f 468/1/747 429/1/748 428/1/749
f 467/1/750 428/1/749 427/1/751
f 426/1/752 427/1/751 276/1/734
f 455/1/753 253/1/737 415/1/754
f 449/1/755 261/1/756 411/1/757
f 424/1/758 278/1/759 423/1/760
f 724/1/761 725/1/762 481/1/763
f 463/1/764 421/1/739 461/1/765
f 430/1/766 431/1/767 429/1/748
f 444/1/768 263/1/769 265/1/743
f 451/1/770 259/1/771 449/1/755
f 463/1/764 278/1/759 422/1/772
f 931/1/773 270/1/774 930/1/775
f 412/1/746 257/1/776 451/1/770
f 470/1/741 431/1/767 432/1/777
f 456/1/778 281/1/779 418/1/780
f 456/1/778 284/1/781 417/1/782
f 439/1/724 436/1/783 437/1/783
f 419/1/784 420/1/740 281/1/779
f 446/1/785 261/1/756 263/1/769
f 424/1/758 425/1/735 277/1/786
f 452/1/787 412/1/788 451/1/518
f 756/1/789 424/1/790 465/1/791
f 454/1/792 414/1/793 729/1/794
f 443/1/795 410/1/796 441/1/797
f 1133/1/798 753/1/799 1132/1/800
f 457/1/801 419/1/802 456/1/803
f 737/1/804 440/1/805 739/1/806
f 741/1/807 437/1/808 743/1/809
f 754/1/810 426/1/811 755/1/812
f 745/1/813 435/1/814 471/1/815
f 471/1/815 470/1/816 748/1/817
f 751/1/818 432/1/819 430/1/820
f 453/1/821 414/1/793 412/1/788
f 751/1/818 468/1/822 752/1/823
f 458/1/824 459/1/825 419/1/802
f 450/1/517 411/1/826 448/1/827
f 447/1/828 411/1/826 446/1/829
f 752/1/823 467/1/830 754/1/810
f 464/1/831 461/1/832 462/1/833
f 464/1/831 423/1/834 463/1/835
f 443/1/795 444/1/836 442/1/837
f 739/1/806 439/1/838 741/1/807
f 724/1/839 456/1/803 417/1/840
f 465/1/791 423/1/834 721/1/841
f 745/1/813 437/1/808 472/1/842
f 454/1/792 455/1/843 415/1/844
f 445/1/845 446/1/829 444/1/836
f 748/1/817 432/1/819 469/1/846
f 755/1/812 466/1/847 756/1/789
f 737/1/804 410/1/796 408/1/848
f 726/1/849 417/1/840 455/1/843
f 460/1/850 461/1/832 459/1/825
f 477/1/851 731/1/852 732/1/853
f 491/1/854 489/1/855 1129/1/856
f 1119/1/857 730/1/858 731/1/852
f 1132/1/800 494/1/859 495/1/860
f 1136/1/861 742/1/862 744/1/863
f 1129/1/856 488/1/864 1127/1/865
f 1123/1/866 727/1/867 480/1/868
f 499/1/869 749/1/870 498/1/870
f 497/1/871 749/1/870 750/1/872
f 477/1/851 733/1/873 476/1/874
f 493/1/875 490/1/876 491/1/854
f 1022/1/877 852/1/878 854/1/879
f 1112/1/880 501/1/881 1111/1/882
f 493/1/875 494/1/859 492/1/883
f 1112/1/880 735/1/884 736/1/885
f 1136/1/861 746/1/886 1135/1/887
f 487/1/888 488/1/864 722/1/889
f 1110/1/890 501/1/881 738/1/891
f 484/1/892 485/1/893 483/1/894
f 1108/1/895 738/1/891 740/1/896
f 1124/1/897 723/1/898 481/1/899
f 1123/1/866 481/1/899 725/1/900
f 1135/1/887 747/1/901 499/1/869
f 1133/1/798 750/1/872 496/1/902
f 480/1/868 728/1/903 479/1/903
f 484/1/892 723/1/898 482/1/904
f 475/1/905 735/1/884 473/1/906
f 478/1/907 728/1/903 730/1/858
f 476/1/874 734/1/908 1115/1/909
f 475/1/905 734/1/908 474/1/910
f 500/1/911 740/1/896 742/1/862
f 486/1/912 722/1/889 485/1/893
f 510/1/319 708/1/319 153/1/319
f 153/1/319 508/1/319 149/1/319
f 149/1/319 709/1/319 150/1/319
f 1054/1/913 1089/1/914 1090/1/915
f 519/1/319 693/1/319 518/1/319
f 1152/1/916 688/1/917 1150/1/918
f 168/1/319 695/1/319 697/1/319
f 1163/1/919 702/1/917 700/1/917
f 140/1/319 718/1/319 719/1/319
f 164/1/319 517/1/319 701/1/319
f 1168/1/920 704/1/917 1166/1/921
f 1158/1/280 1156/1/917 1157/1/922
f 134/1/319 502/1/319 524/1/319
f 135/1/319 524/1/319 523/1/319
f 135/1/319 522/1/319 129/1/319
f 129/1/319 521/1/319 130/1/319
f 503/1/319 682/1/319 683/1/319
f 1155/1/258 1153/1/917 1154/1/923
f 132/1/319 520/1/319 125/1/319
f 125/1/319 692/1/319 519/1/319
f 148/1/319 712/1/319 506/1/319
f 518/1/319 695/1/319 167/1/319
f 505/1/319 714/1/319 716/1/319
f 166/1/319 697/1/319 699/1/319
f 150/1/319 507/1/319 148/1/319
f 156/1/319 511/1/319 705/1/319
f 164/1/319 515/1/319 516/1/319
f 516/1/319 513/1/319 514/1/319
f 1101/1/924 1066/1/925 1100/1/926
f 156/1/319 706/1/319 154/1/319
f 1146/1/272 1144/1/917 1145/1/927
f 512/1/319 513/1/319 511/1/319
f 788/1/928 224/1/929 786/1/930
f 537/1/931 236/1/445 237/1/932
f 781/1/933 227/1/435 549/1/934
f 778/1/935 547/1/936 546/1/937
f 762/1/938 237/1/932 536/1/939
f 222/1/462 220/1/453 950/1/940
f 798/1/941 245/1/476 528/1/942
f 796/1/481 528/1/942 248/1/943
f 541/1/944 542/1/945 540/1/946
f 769/1/947 540/1/946 233/1/948
f 767/1/949 233/1/948 234/1/950
f 548/1/951 549/1/934 547/1/936
f 525/1/451 223/1/952 788/1/928
f 773/1/953 229/1/954 231/1/955
f 239/1/437 240/1/956 535/1/957
f 553/1/958 551/1/959 552/1/434
f 760/1/960 536/1/939 535/1/960
f 923/1/961 241/1/503 240/1/956
f 778/1/935 545/1/962 776/1/963
f 553/1/958 224/1/929 225/1/964
f 941/1/493 227/1/965 943/1/966
f 776/1/963 229/1/954 544/1/967
f 949/1/460 224/1/441 223/1/968
f 543/1/969 231/1/955 542/1/945
f 539/1/970 234/1/950 235/1/444
f 527/1/483 526/1/971 793/1/494
f 929/1/446 234/1/972 930/1/489
f 532/1/486 244/1/973 802/1/466
f 760/1/960 240/1/974 534/1/975
f 226/1/976 227/1/965 551/1/471
f 533/1/484 240/1/974 241/1/977
f 249/1/978 250/1/216 248/1/497
f 624/1/979 850/1/980 566/1/981
f 560/1/982 561/1/983 559/1/984
f 564/1/985 848/1/986 563/1/987
f 578/1/988 831/1/989 638/1/990
f 648/1/991 840/1/992 646/1/993
f 560/1/982 844/1/994 616/1/995
f 615/1/996 844/1/994 558/1/997
f 629/1/998 569/1/999 825/1/1000
f 632/1/1001 569/1/999 630/1/1002
f 581/1/1003 837/1/1004 836/1/1005
f 615/1/996 557/1/1006 653/1/1007
f 651/1/1008 557/1/1006 556/1/1009
f 626/1/1010 567/1/1011 624/1/979
f 642/1/1012 836/1/1005 834/1/1013
f 580/1/1014 834/1/1013 579/1/1015
f 649/1/1016 556/1/1009 842/1/1017
f 566/1/981 565/1/1018 621/1/1019
f 562/1/1020 563/1/987 561/1/983
f 580/1/1014 832/1/1021 578/1/988
f 645/1/1022 840/1/992 554/1/1023
f 638/1/990 576/1/1024 577/1/1025
f 575/1/1026 576/1/1024 829/1/1026
f 568/1/1027 855/1/1028 627/1/1029
f 572/1/1030 573/1/1031 571/1/1030
f 575/1/1026 573/1/1031 574/1/1031
f 640/1/1032 916/1/1033 641/1/1034
f 572/1/1030 570/1/1035 632/1/1001
f 649/1/1016 555/1/1036 648/1/991
f 568/1/1027 825/1/1000 824/1/1037
f 621/1/1019 848/1/986 619/1/1038
f 643/1/1039 837/1/1004 582/1/1004
f 627/1/1029 853/1/1040 626/1/1010
f 614/1/1041 310/1/1042 311/1/1041
f 600/1/1043 599/1/1044 816/1/1045
f 816/1/1045 300/1/1046 598/1/1047
f 598/1/1047 302/1/1048 597/1/1048
f 596/1/1049 302/1/1048 304/1/1050
f 587/1/1051 588/1/1052 586/1/1053
f 817/1/1054 307/1/1055 818/1/1056
f 818/1/1056 594/1/1057 595/1/1058
f 820/1/1059 593/1/1060 592/1/1061
f 809/1/1062 607/1/1063 810/1/1064
f 591/1/1065 592/1/1061 590/1/1066
f 605/1/1067 291/1/1068 293/1/1069
f 813/1/1070 604/1/1071 814/1/1071
f 819/1/1072 594/1/1057 593/1/1060
f 603/1/1073 604/1/1071 602/1/1073
f 822/1/1074 583/1/1075 310/1/1042
f 591/1/1065 588/1/1052 589/1/1052
f 614/1/1041 313/1/1076 804/1/1076
f 805/1/1077 313/1/1076 613/1/688
f 821/1/1078 584/1/1079 583/1/1075
f 806/1/687 611/1/1080 807/1/1081
f 807/1/1081 287/1/1082 610/1/1083
f 585/1/1084 586/1/1053 584/1/1079
f 809/1/1062 609/1/1085 608/1/1086
f 596/1/1049 306/1/1087 817/1/1054
f 811/1/1088 607/1/1063 606/1/1089
f 25/1/28 1047/1/1090 1049/1/1091
f 610/1/1083 609/1/1085 808/1/1092
f 605/1/1067 295/1/1093 813/1/1070
f 812/1/1094 606/1/1089 291/1/1068
f 815/1/1095 298/1/1096 600/1/1043
f 603/1/1073 601/1/1097 815/1/1095
f 662/1/1098 646/1/1099 645/1/1100
f 620/1/1101 621/1/1102 619/1/1101
f 659/1/1103 615/1/1104 653/1/1105
f 652/1/1106 649/1/1107 650/1/1108
f 640/1/1109 580/1/1110 578/1/1111
f 639/1/1112 578/1/1111 638/1/1113
f 617/1/1114 560/1/1115 656/1/1116
f 644/1/1117 582/1/1118 665/1/1119
f 631/1/1120 632/1/1121 630/1/1122
f 622/1/1123 566/1/1124 621/1/1102
f 641/1/1125 642/1/1126 580/1/1110
f 628/1/1127 627/1/1128 677/1/1129
f 667/1/1130 913/1/1131 914/1/1132
f 634/1/1133 632/1/1121 633/1/1134
f 636/1/1135 577/1/1136 575/1/1137
f 635/1/1138 575/1/1137 574/1/1139
f 659/1/1103 651/1/1140 652/1/1106
f 637/1/1141 638/1/1113 577/1/1136
f 635/1/1138 572/1/1142 634/1/1133
f 631/1/1120 629/1/1143 676/1/1144
f 676/1/1144 568/1/1145 628/1/1127
f 650/1/1108 648/1/1146 660/1/1146
f 618/1/1147 562/1/1148 617/1/1114
f 625/1/1149 626/1/1150 624/1/1151
f 647/1/1152 648/1/1146 646/1/1099
f 918/1/1153 877/1/1154 916/1/1155
f 666/1/1156 642/1/1126 668/1/1157
f 620/1/1101 564/1/1158 618/1/1147
f 678/1/1159 627/1/1128 626/1/1150
f 665/1/1119 581/1/1160 666/1/1156
f 657/1/1161 560/1/1115 616/1/1162
f 657/1/1161 615/1/1104 658/1/1104
f 625/1/1163 893/1/1164 678/1/1165
f 641/1/1034 667/1/1166 668/1/1167
f 658/1/1168 904/1/1169 902/1/1170
f 637/1/1171 670/1/1172 919/1/1173
f 678/1/1165 892/1/1174 677/1/1174
f 634/1/1175 673/1/1176 672/1/1177
f 617/1/1178 681/1/1179 618/1/1180
f 657/1/1181 902/1/1170 900/1/1181
f 636/1/1182 671/1/1183 670/1/1172
f 639/1/1184 918/1/1185 640/1/1032
f 628/1/1186 892/1/1174 891/1/1187
f 631/1/1188 673/1/1176 633/1/1189
f 652/1/1190 904/1/1169 659/1/1169
f 647/1/1191 910/1/1192 661/1/1193
f 623/1/1194 895/1/1195 625/1/1163
f 631/1/1188 675/1/1196 674/1/1197
f 652/1/1190 907/1/1198 906/1/1199
f 665/1/1200 914/1/1201 664/1/1202
f 634/1/1175 671/1/1183 635/1/1203
f 620/1/1204 681/1/1179 897/1/1205
f 662/1/1206 663/1/1207 910/1/1192
f 656/1/1208 654/1/1209 617/1/1178
f 929/1/1210 268/1/1211 928/1/1212
f 650/1/1213 908/1/1214 907/1/1198
f 666/1/1215 667/1/1166 914/1/1201
f 622/1/1216 679/1/1217 623/1/1194
f 620/1/1204 680/1/1218 622/1/1216
f 644/1/1219 664/1/1202 663/1/1207
f 676/1/1220 891/1/1187 675/1/1196
f 639/1/1184 919/1/1173 669/1/1221
f 660/1/1222 661/1/1193 908/1/1214
f 657/1/1181 655/1/1223 656/1/1208
f 314/1/679 611/1/185 612/1/679
f 75/1/358 200/1/5 73/1/149
f 75/1/358 76/1/170 74/1/131
f 984/1/584 313/1/1224 982/1/162
f 80/1/1225 157/1/220 79/1/390
f 81/1/384 133/1/221 80/1/1225
f 82/1/376 120/1/223 81/1/384
f 83/1/416 114/1/338 82/1/376
f 84/1/157 108/1/128 83/1/416
f 64/1/420 2/1/200 63/1/101
f 62/1/421 144/1/3 61/1/392
f 382/1/179 342/1/652 381/1/577
f 379/1/717 337/1/632 378/1/595
f 308/1/672 594/1/1226 965/1/684
f 1161/1/681 697/1/1227 698/1/1228
f 391/1/715 355/1/615 390/1/195
f 99/1/364 102/1/105 98/1/405
f 100/1/363 59/1/244 99/1/364
f 305/1/145 302/1/600 303/1/601
f 303/1/601 300/1/1229 301/1/1230
f 301/1/1230 599/1/604 956/1/1231
f 956/1/1231 298/1/606 299/1/160
f 299/1/160 601/1/161 1001/1/158
f 1001/1/158 602/1/175 999/1/175
f 696/1/1232 693/1/1233 694/1/174
f 710/1/598 508/1/1234 1176/1/582
f 968/1/670 590/1/133 592/1/670
f 294/1/608 291/1/1235 292/1/1236
f 292/1/1236 606/1/677 993/1/677
f 380/1/579 339/1/633 379/1/717
f 698/1/1228 695/1/1237 696/1/1232
f 990/1/676 609/1/678 289/1/567
f 743/1/1238 740/1/1239 741/1/1240
f 464/1/1241 489/1/1242 721/1/1243
f 465/1/1244 489/1/1242 490/1/1245
f 745/1/1246 742/1/1247 743/1/1238
f 452/1/1248 730/1/1249 453/1/1250
f 443/1/1251 474/1/1252 445/1/1253
f 450/1/1254 731/1/1255 452/1/1248
f 464/1/1241 722/1/1256 488/1/1257
f 748/1/1258 749/1/1259 747/1/1260
f 454/1/1261 728/1/1262 727/1/1263
f 752/1/1264 750/1/1265 751/1/1266
f 458/1/1267 485/1/1268 460/1/1269
f 458/1/1267 723/1/1270 483/1/1271
f 755/1/1272 753/1/1273 754/1/1274
f 739/1/1275 740/1/1239 738/1/1276
f 448/1/1277 734/1/1278 733/1/1279
f 445/1/1253 734/1/1278 447/1/1280
f 443/1/1251 736/1/1281 735/1/1282
f 457/1/1283 481/1/763 723/1/1270
f 1120/1/1284 478/1/1285 1119/1/1286
f 460/1/1269 722/1/1256 462/1/1287
f 756/1/1288 494/1/1289 755/1/1272
f 453/1/1250 728/1/1262 729/1/1262
f 726/1/1290 727/1/1263 725/1/762
f 751/1/1266 749/1/1259 469/1/1259
f 756/1/1288 490/1/1245 492/1/1291
f 471/1/1292 747/1/1260 746/1/1293
f 745/1/1246 746/1/1293 744/1/1294
f 737/1/1295 736/1/1281 441/1/1296
f 754/1/1274 496/1/1297 752/1/1264
f 450/1/1254 733/1/1279 732/1/1298
f 737/1/1295 738/1/1276 501/1/1299
f 399/1/1300 873/1/1301 874/1/1302
f 401/1/1303 869/1/1304 921/1/1305
f 784/1/1306 550/1/1307 783/1/344
f 395/1/1308 905/1/1309 885/1/1308
f 787/1/1310 788/1/1311 786/1/1312
f 787/1/1310 553/1/1313 785/1/1314
f 801/1/1315 802/1/1316 531/1/1317
f 759/1/227 760/1/1318 534/1/1319
f 759/1/227 533/1/1320 758/1/13
f 758/1/13 532/1/1321 757/1/14
f 797/1/32 798/1/1322 796/1/1323
f 782/1/345 548/1/1324 780/1/340
f 770/1/1325 767/1/1326 768/1/1327
f 775/1/1328 773/1/1329 774/1/80
f 860/1/1330 858/1/1331 859/1/1332
f 795/1/1333 796/1/1323 527/1/1334
f 794/1/1335 527/1/1334 793/1/1336
f 864/1/1337 861/1/1338 862/1/1339
f 790/1/250 791/1/1340 525/1/1341
f 889/1/1342 898/1/1343 899/1/1344
f 792/1/235 793/1/1336 791/1/1340
f 785/1/1314 552/1/1345 784/1/1306
f 405/1/1346 899/1/1344 888/1/1347
f 398/1/1348 877/1/1349 878/1/1350
f 783/1/344 781/1/1351 782/1/345
f 763/1/1352 760/1/1318 761/1/1353
f 393/1/1354 905/1/1309 394/1/1355
f 398/1/1348 913/1/1356 915/1/1357
f 800/1/208 531/1/1317 529/1/1358
f 859/1/1332 856/1/1359 857/1/1360
f 789/1/1361 525/1/1341 788/1/1311
f 772/1/1362 541/1/1363 771/1/1364
f 813/1/1365 772/1/1362 771/1/1364
f 813/1/1365 770/1/1325 605/1/1366
f 810/1/1367 764/1/1368 809/1/1369
f 822/1/1370 801/1/1315 800/1/208
f 1201/1/1371 217/1/16 216/1/1372
f 819/1/1373 787/1/1310 595/1/1374
f 818/1/1375 787/1/1310 785/1/1314
f 808/1/1376 761/1/1353 610/1/226
f 1226/1/1377 56/1/125 119/1/1378
f 29/1/401 9/1/8 28/1/356
f 30/1/218 38/1/349 39/1/241
f 1214/1/378 116/1/342 178/1/229
f 804/1/1379 801/1/1315 614/1/1380
f 820/1/251 789/1/1361 819/1/1373
f 814/1/1381 774/1/80 772/1/1362
f 175/1/346 161/1/61 174/1/252
f 585/1/30 795/1/1333 587/1/1382
f 589/1/234 795/1/1333 794/1/1335
f 605/1/1366 768/1/1327 812/1/1383
f 113/1/238 1220/1/1384 110/1/290
f 596/1/1385 784/1/1306 783/1/344
f 808/1/1376 764/1/1368 763/1/1352
f 112/1/1386 117/1/237 111/1/1387
f 817/1/1388 785/1/1314 784/1/1306
f 210/1/94 1201/1/1371 209/1/225
f 806/1/1389 759/1/227 758/1/13
f 810/1/1367 766/1/1390 765/1/1391
f 111/1/1387 116/1/342 115/1/1392
f 816/1/339 777/1/656 600/1/1393
f 600/1/1393 775/1/1328 815/1/79
f 805/1/12 803/1/1394 804/1/1379
f 811/1/1395 768/1/1327 766/1/1390
f 579/1/1396 1012/1/1397 832/1/1398
f 565/1/1399 1024/1/1400 849/1/1401
f 555/1/1402 1003/1/1403 841/1/1404
f 573/1/1405 828/1/1406 1014/1/1407
f 831/1/1408 1012/1/1397 1013/1/1409
f 573/1/1405 1016/1/1410 571/1/1411
f 834/1/1412 1011/1/1413 579/1/1396
f 563/1/1414 845/1/1415 561/1/1416
f 569/1/1417 1019/1/1418 825/1/1419
f 556/1/1420 1032/1/1421 1034/1/1422
f 571/1/1411 827/1/1423 570/1/1424
f 831/1/1408 830/1/1425 576/1/1426
f 837/1/1427 1008/1/1428 1010/1/1429
f 842/1/1430 1034/1/1422 1003/1/1403
f 836/1/1431 833/1/1432 834/1/1412
f 569/1/1417 827/1/1423 826/1/1417
f 848/1/1433 846/1/1434 563/1/1414
f 561/1/1416 1029/1/1435 559/1/1436
f 855/1/1437 823/1/1438 854/1/1439
f 848/1/1433 849/1/1401 847/1/1440
f 838/1/1441 1006/1/1442 1008/1/1428
f 558/1/1443 1032/1/1421 557/1/1421
f 837/1/1427 835/1/1444 836/1/1431
f 853/1/1445 854/1/1439 852/1/1446
f 559/1/1436 843/1/1447 844/1/1448
f 623/1/1449 624/1/1151 566/1/1124
f 844/1/1448 1031/1/1450 558/1/1443
f 840/1/1451 841/1/1404 839/1/1452
f 554/1/1453 839/1/1452 1006/1/1442
f 576/1/1426 828/1/1406 829/1/1454
f 824/1/1455 1019/1/1418 823/1/1438
f 567/1/1456 852/1/1446 851/1/1457
f 403/1/1458 866/1/1459 865/1/1460
f 879/1/1461 911/1/1462 912/1/1463
f 397/1/1464 912/1/1463 913/1/1356
f 765/1/1391 539/1/1465 538/1/1466
f 402/1/1467 867/1/1468 866/1/1459
f 874/1/1302 871/1/1469 872/1/1470
f 803/1/1394 532/1/1321 802/1/1316
f 862/1/1339 894/1/1471 860/1/1330
f 887/1/1472 888/1/1347 886/1/1473
f 764/1/1368 538/1/1466 537/1/1474
f 870/1/1475 869/1/1304 400/1/1476
f 890/1/1477 856/1/1359 896/1/1478
f 768/1/1327 539/1/1465 766/1/1390
f 870/1/1475 871/1/1469 920/1/1479
f 404/1/1480 896/1/1478 898/1/1343
f 876/1/1481 875/1/1482 399/1/1300
f 884/1/1483 909/1/1484 882/1/1485
f 764/1/1368 762/1/1486 763/1/1352
f 864/1/1337 865/1/1460 863/1/1487
f 780/1/340 778/1/1488 779/1/341
f 878/1/1350 917/1/1489 876/1/1481
f 774/1/80 543/1/1490 772/1/1362
f 775/1/1328 776/1/655 544/1/1491
f 770/1/1325 541/1/1363 769/1/1492
f 79/1/390 211/1/1493 80/1/1225
f 882/1/1485 880/1/1494 881/1/1494
f 406/1/1495 903/1/1496 393/1/1354
f 406/1/1495 886/1/1473 901/1/1497
f 868/1/1498 921/1/1305 867/1/1468
f 395/1/1308 883/1/1499 884/1/1483
f 800/1/208 798/1/1322 799/1/31
f 396/1/1500 880/1/1494 911/1/1462
f 897/1/1501 856/1/1502 680/1/1503
f 908/1/1504 885/1/1505 907/1/1506
f 914/1/1132 912/1/1507 664/1/1508
f 664/1/1508 911/1/1509 663/1/1510
f 675/1/1511 865/1/1512 866/1/1513
f 663/1/1510 880/1/1514 910/1/1515
f 679/1/1516 856/1/1502 858/1/1517
f 918/1/1153 875/1/1518 917/1/1153
f 674/1/1519 921/1/1520 673/1/1521
f 672/1/1522 921/1/1520 869/1/1523
f 902/1/1524 903/1/1525 901/1/1526
f 900/1/1527 888/1/1528 655/1/1529
f 670/1/1530 873/1/1531 919/1/1531
f 669/1/1532 873/1/1531 875/1/1518
f 654/1/1533 898/1/1534 681/1/1535
f 644/1/1117 645/1/1100 643/1/1536
f 916/1/1155 915/1/1537 667/1/1130
f 893/1/1538 894/1/1539 861/1/1540
f 892/1/1541 861/1/1540 863/1/1542
f 661/1/1543 880/1/1514 909/1/1543
f 661/1/1543 883/1/1544 908/1/1504
f 21/1/110 161/1/61 22/1/60
f 895/1/1545 858/1/1517 894/1/1539
f 675/1/1511 867/1/1546 674/1/1519
f 671/1/1547 871/1/1548 670/1/1530
f 897/1/1501 898/1/1534 896/1/1549
f 671/1/1547 869/1/1523 920/1/1550
f 902/1/1524 886/1/1551 900/1/1527
f 904/1/1552 905/1/1553 903/1/1525
f 907/1/1506 905/1/1553 906/1/1554
f 654/1/1533 888/1/1528 899/1/1555
f 891/1/1556 863/1/1542 865/1/1512
f 932/1/1557 271/1/1558 931/1/773
f 472/1/1559 436/1/783 272/1/726
f 928/1/1212 926/1/1560 927/1/1561
f 950/1/1562 280/1/1563 222/1/1564
f 230/1/1565 937/1/1566 936/1/1567
f 949/1/1568 279/1/1569 947/1/1570
f 246/1/1571 256/1/1572 952/1/1571
f 951/1/1573 252/1/1574 285/1/1575
f 242/1/1576 264/1/1577 262/1/1578
f 239/1/1579 925/1/1580 924/1/1581
f 954/1/1582 260/1/1583 258/1/1584
f 228/1/1585 274/1/1586 937/1/1566
f 922/1/1587 262/1/1578 260/1/1583
f 230/1/1565 935/1/1588 232/1/1589
f 943/1/1590 940/1/1591 941/1/1592
f 946/1/1593 944/1/1594 226/1/1595
f 927/1/1561 925/1/1580 238/1/1580
f 950/1/1562 283/1/1596 282/1/1597
f 929/1/1210 270/1/774 269/1/1598
f 946/1/1593 279/1/1569 945/1/1599
f 949/1/1568 280/1/1563 948/1/1600
f 943/1/1590 944/1/1594 942/1/1601
f 417/1/782 416/1/1602 455/1/753
f 239/1/1579 264/1/1577 923/1/1603
f 247/1/1604 252/1/1574 249/1/1605
f 941/1/1592 275/1/1606 939/1/1607
f 939/1/1607 274/1/1586 938/1/1608
f 953/1/1609 258/1/1584 256/1/1572
f 232/1/1589 933/1/1610 934/1/1611
f 246/1/1571 254/1/1612 247/1/1604
f 934/1/1611 273/1/1613 932/1/1557
f 251/1/1614 285/1/1575 283/1/1596
f 967/1/1615 965/1/1616 966/1/1617
f 151/1/1618 149/1/1619 150/1/1620
f 967/1/1615 968/1/1621 308/1/1622
f 957/1/1623 299/1/1624 955/1/1625
f 972/1/1626 973/1/1627 971/1/1628
f 988/1/1629 289/1/1630 288/1/1629
f 960/1/1631 961/1/1632 305/1/1633
f 988/1/1629 286/1/1634 987/1/1635
f 964/1/1636 961/1/1632 962/1/1637
f 964/1/1636 965/1/1616 963/1/1636
f 980/1/1638 312/1/1639 979/1/1638
f 959/1/1640 301/1/1641 958/1/1641
f 991/1/1642 289/1/1630 989/1/1643
f 970/1/1644 971/1/1628 309/1/1645
f 997/1/1646 294/1/1647 996/1/1648
f 1002/1/1649 999/1/1650 1000/1/1651
f 970/1/1644 968/1/1621 969/1/1652
f 997/1/1646 297/1/1653 296/1/1646
f 1000/1/1651 297/1/1653 998/1/1653
f 190/1/1654 129/1/1655 130/1/1654
f 991/1/1642 290/1/1656 990/1/1657
f 994/1/1658 290/1/1656 992/1/1659
f 957/1/1623 301/1/1641 956/1/1660
f 994/1/1658 292/1/1661 993/1/1662
f 960/1/1631 303/1/1663 959/1/1640
f 985/1/1664 982/1/1665 983/1/1665
f 986/1/1666 286/1/1634 314/1/1667
f 985/1/1664 314/1/1667 984/1/1664
f 976/1/1668 973/1/1627 974/1/1669
f 981/1/1670 982/1/1665 312/1/1639
f 1002/1/1649 299/1/1624 1001/1/1649
f 980/1/1638 977/1/1671 978/1/1671
f 1120/1/1672 835/1/1673 1121/1/1674
f 1028/1/1675 847/1/1676 1027/1/1676
f 1109/1/1677 827/1/1678 1018/1/1679
f 1017/1/1680 827/1/1678 1016/1/1681
f 1023/1/1682 852/1/878 1134/1/1683
f 1122/1/1684 1008/1/1685 1009/1/1686
f 1030/1/1687 1029/1/1688 1130/1/1689
f 645/1/1022 838/1/1690 643/1/1039
f 1021/1/1691 1019/1/1692 1020/1/1693
f 1118/1/1694 833/1/1695 1120/1/1672
f 1025/1/1696 849/1/1697 1024/1/1698
f 1021/1/1691 854/1/879 823/1/1699
f 1009/1/1686 1006/1/1700 1007/1/1701
f 1020/1/1693 826/1/1702 1109/1/1677
f 1114/1/1703 828/1/1704 830/1/1705
f 1026/1/1706 847/1/1676 849/1/1697
f 1117/1/1707 1013/1/1708 1012/1/1709
f 1125/1/1710 841/1/1711 1003/1/1712
f 1015/1/1713 1016/1/1681 1014/1/1714
f 1007/1/1701 839/1/1715 1005/1/1716
f 1023/1/1682 1024/1/1698 851/1/1682
f 1130/1/1689 845/1/1717 1131/1/1718
f 1126/1/1719 1003/1/1712 1034/1/1720
f 1004/1/1721 839/1/1715 841/1/1711
f 1033/1/1722 1031/1/1723 1128/1/1724
f 1113/1/1725 1014/1/1714 828/1/1704
f 1116/1/1726 830/1/1705 1013/1/1708
f 1126/1/1719 1032/1/1727 1033/1/1722
f 1122/1/1684 835/1/1673 1010/1/1684
f 1118/1/1694 1012/1/1709 1011/1/1728
f 1128/1/1724 843/1/1729 1030/1/1687
f 1131/1/1718 846/1/1730 1028/1/1675
f 1047/1/1090 1243/1/261 1046/1/1731
f 1051/1/1732 1241/1/107 1050/1/1733
f 1238/1/96 1056/1/1734 1058/1/1735
f 1235/1/119 1064/1/1736 1065/1/1737
f 1064/1/1736 1236/1/49 1063/1/1738
f 1246/1/66 1073/1/1739 1074/1/1740
f 1053/1/1741 1052/1/70 1051/1/1732
f 1059/1/1742 1238/1/96 1058/1/1735
f 1046/1/1731 1242/1/122 1045/1/1743
f 32/1/37 1042/1/1744 1044/1/1745
f 1067/1/29 1065/1/1737 1066/1/925
f 1055/1/1746 1239/1/121 1054/1/913
f 1070/1/1747 1069/1/120 1068/1/1748
f 1043/1/34 1041/1/1749 1042/1/1744
f 36/1/36 1040/1/1750 1041/1/1749
f 1244/1/22 1039/1/1751 1040/1/1750
f 1245/1/74 1038/1/1752 1039/1/1751
f 1037/1/1753 1036/1/75 1035/1/1754
f 1056/1/1734 20/1/108 1055/1/1746
f 1074/1/1740 1036/1/75 1246/1/66
f 1054/1/913 1240/1/106 1053/1/1741
f 1247/1/88 1072/1/1755 1073/1/1739
f 54/1/39 1071/1/1756 1072/1/1755
f 1045/1/1743 32/1/37 1044/1/1745
f 1071/1/1756 1249/1/69 1070/1/1747
f 1050/1/1733 25/1/28 1049/1/1091
f 1062/1/1757 12/1/20 1061/1/1758
f 214/1/1759 164/1/1760 516/1/1761
f 1063/1/1738 1237/1/18 1062/1/1757
f 1069/1/120 1066/1/925 1068/1/1748
f 43/1/50 1037/1/1753 1038/1/1752
f 1061/1/1758 1060/1/97 1059/1/1742
f 1059/1/1742 1093/1/1762 1094/1/1763
f 1141/1/1764 1139/1/917 1140/1/1765
f 1092/1/1766 1055/1/1746 1091/1/1767
f 1143/1/1768 720/1/917 1141/1/1764
f 1155/1/258 1156/1/917 691/1/917
f 504/1/319 719/1/319 682/1/319
f 1051/1/1732 1087/1/1769 1088/1/1770
f 1038/1/1752 1076/1/1771 1077/1/1772
f 1086/1/1773 1047/1/1090 1085/1/1774
f 1099/1/1775 1064/1/1736 1098/1/1776
f 1084/1/1777 1045/1/1743 1083/1/1778
f 1178/1/1779 711/1/917 710/1/917
f 1044/1/1745 1081/1/1780 1082/1/1781
f 1145/1/927 1142/1/917 1143/1/1768
f 1041/1/1749 1079/1/1782 1080/1/1783
f 1079/1/1782 1039/1/1751 1078/1/1784
f 1078/1/1784 1038/1/1752 1077/1/1772
f 1058/1/1735 1092/1/1766 1093/1/1762
f 1076/1/1771 1035/1/1754 1075/1/1785
f 1177/1/278 710/1/917 1176/1/917
f 1137/1/1786 713/1/917 1180/1/1787
f 1105/1/1788 1072/1/1755 1104/1/1789
f 154/1/319 509/1/319 510/1/319
f 1071/1/1756 1102/1/1790 1103/1/1791
f 1160/1/254 696/1/917 1159/1/1792
f 1047/1/1090 1084/1/1777 1085/1/1774
f 1062/1/1757 1095/1/1793 1096/1/1794
f 1175/1/304 1176/1/917 1174/1/917
f 1045/1/1743 1082/1/1781 1083/1/1778
f 1063/1/1738 1096/1/1794 1097/1/1795
f 1106/1/1796 1073/1/1739 1105/1/1788
f 1061/1/1758 1094/1/1763 1095/1/1793
f 1097/1/1795 1107/1/917 1098/1/1776
f 1076/1/1771 1107/1/917 1077/1/1772
f 1103/1/1791 1102/1/1790 1107/1/917
f 1099/1/1775 1107/1/917 1100/1/926
f 1079/1/1782 1107/1/917 1080/1/1783
f 1104/1/1789 1107/1/917 1105/1/1788
f 1107/1/917 1096/1/1794 1095/1/1793
f 1106/1/1796 1107/1/917 1075/1/1785
f 1091/1/1767 1090/1/915 1107/1/917
f 1094/1/1763 1107/1/917 1095/1/1793
f 1081/1/1780 1107/1/917 1082/1/1781
f 1086/1/1773 1085/1/1774 1107/1/917
f 1087/1/1769 1107/1/917 1088/1/1770
f 1083/1/1778 1082/1/1781 1107/1/917
f 1101/1/924 1107/1/917 1102/1/1790
f 1089/1/914 1107/1/917 1090/1/915
f 1107/1/917 1078/1/1784 1077/1/1772
f 1092/1/1766 1107/1/917 1093/1/1762
f 1007/1/1797 480/1/1798 1009/1/1798
f 1114/1/1799 473/1/1800 1113/1/1801
f 1020/1/1802 1108/1/1803 500/1/1804
f 1030/1/1805 491/1/1806 1129/1/1807
f 1015/1/1808 1111/1/1809 1017/1/1810
f 1130/1/1811 493/1/1812 491/1/1806
f 850/1/1813 851/1/1457 1024/1/1400
f 1122/1/1814 478/1/1285 1121/1/1285
f 1005/1/1815 1123/1/1816 1007/1/1797
f 1109/1/1817 1110/1/1818 1108/1/1803
f 1023/1/1819 499/1/1820 498/1/1819
f 1033/1/1821 1127/1/1822 487/1/1823
f 1025/1/1824 1133/1/1825 1026/1/1825
f 1021/1/1826 1135/1/1827 1022/1/1827
f 1028/1/1828 1132/1/1829 495/1/1830
f 1128/1/1831 1129/1/1807 1127/1/1822
f 1015/1/1808 473/1/1800 1112/1/1832
f 1131/1/1833 495/1/1830 493/1/1812
f 1004/1/1834 1124/1/1835 1005/1/1815
f 1017/1/1810 1110/1/1818 1018/1/1836
f 1126/1/1837 487/1/1823 486/1/1838
f 1020/1/1802 1136/1/1839 1021/1/1826
f 1125/1/1840 482/1/1841 1004/1/1834
f 1126/1/1837 484/1/1842 1125/1/1840
f 1116/1/1843 475/1/1844 1114/1/1799
f 1134/1/1845 1135/1/1827 499/1/1820
f 1122/1/1814 480/1/1798 479/1/1814
f 1023/1/1819 497/1/1846 1025/1/1824
f 1118/1/1847 1119/1/1286 477/1/1848
f 1027/1/1849 1133/1/1825 1132/1/1829
f 1117/1/1850 477/1/1848 476/1/1851
f 1117/1/1850 1115/1/1852 1116/1/1843
f 1098/1/1776 1063/1/1738 1097/1/1795
f 1179/1/326 713/1/917 711/1/917
f 1066/1/925 1099/1/1775 1100/1/926
f 1173/1/1853 1171/1/917 1172/1/1854
f 1075/1/1785 1074/1/1740 1106/1/1796
f 1173/1/1853 1174/1/917 707/1/917
f 138/1/319 683/1/319 502/1/319
f 1172/1/1854 1169/1/917 1170/1/268
f 1170/1/268 1167/1/917 1168/1/920
f 165/1/319 699/1/319 517/1/319
f 1140/1/1765 717/1/917 1138/1/331
f 1164/1/300 703/1/917 702/1/917
f 1084/1/1777 1107/1/917 1085/1/1774
f 1081/1/1780 1041/1/1749 1080/1/1783
f 1160/1/254 1161/1/917 698/1/917
f 1165/1/1855 704/1/917 703/1/917
f 1158/1/280 696/1/917 694/1/917
f 141/1/319 716/1/319 718/1/319
f 1102/1/1790 1068/1/1748 1101/1/924
f 1089/1/914 1051/1/1732 1088/1/1770
f 506/1/319 714/1/319 142/1/319
f 1104/1/1789 1071/1/1756 1103/1/1791
f 1149/1/1856 688/1/917 687/1/917
f 132/1/319 689/1/319 690/1/319
f 1087/1/1769 1049/1/1091 1086/1/1773
f 1146/1/272 685/1/917 684/1/917
f 1148/1/275 687/1/917 686/1/917
f 1147/1/1857 686/1/917 685/1/917
f 1154/1/923 1151/1/917 1152/1/916
f 1055/1/1746 1090/1/915 1091/1/1767
f 1162/1/1858 700/1/917 1161/1/917
f 1137/1/1786 717/1/917 715/1/917
f 331/1/327 1178/1/1779 1198/1/277
f 357/1/1859 1158/1/280 1190/1/282
f 519/1/1860 187/1/1861 186/1/1861
f 166/1/1862 170/1/1863 168/1/1864
f 505/1/1865 147/1/1866 142/1/1867
f 1140/1/1765 1182/1/333 1183/1/1868
f 976/1/1668 977/1/1671 975/1/1869
f 1173/1/1853 1194/1/1870 1195/1/305
f 153/1/1871 204/1/1872 510/1/1873
f 1148/1/275 344/1/271 1186/1/276
f 1193/1/269 1166/1/921 321/1/1874
f 1185/1/273 1145/1/927 1184/1/1875
f 24/1/240 25/1/28 1241/1/107
f 321/1/1874 1165/1/1855 1192/1/303
f 1154/1/923 1188/1/1876 351/1/259
f 140/1/1877 199/1/1878 141/1/1877
f 1145/1/927 340/1/1879 1184/1/1875
f 333/1/325 1137/1/1786 1180/1/1787
f 132/1/1880 189/1/1881 128/1/1882
f 354/1/281 1155/1/258 1189/1/260
f 996/1/1648 292/1/1661 995/1/1883
f 197/1/1884 504/1/1885 503/1/1886
f 1152/1/916 348/1/1887 1188/1/1876
f 204/1/1888 154/1/1889 510/1/1888
f 1194/1/1870 1170/1/268 324/1/270
f 1197/1/279 1175/1/304 1196/1/306
f 1150/1/918 1187/1/274 348/1/1887
f 512/1/1890 211/1/1891 514/1/1891
f 359/1/255 1159/1/1792 357/1/1859
f 1163/1/919 1191/1/253 316/1/301
f 1141/1/1764 1183/1/1868 338/1/1892
f 340/1/1879 1141/1/1764 338/1/1892
f 392/1/686 356/1/621 391/1/715
f 1199/1/58 1200/1/4 3/1/418
f 3/1/418 1233/1/11 1199/1/58
f 1200/1/4 1202/1/6 216/1/1372
f 216/1/1372 3/1/418 1200/1/4
f 1202/1/6 1203/1/130 1201/1/1371
f 1201/1/1371 216/1/1372 1202/1/6
f 1203/1/130 181/1/243 209/1/225
f 209/1/225 1201/1/1371 1203/1/130
f 181/1/243 1204/1/373 195/1/84
f 195/1/84 209/1/225 181/1/243
f 1204/1/373 1206/1/410 1205/1/82
f 1205/1/82 195/1/84 1204/1/373
f 1206/1/410 158/1/219 182/1/63
f 182/1/63 1205/1/82 1206/1/410
f 158/1/219 1207/1/222 179/1/64
f 179/1/64 182/1/63 158/1/219
f 1207/1/222 121/1/433 1209/1/246
f 1209/1/246 179/1/64 1207/1/222
f 121/1/433 1208/1/337 175/1/346
f 175/1/346 1209/1/246 121/1/433
f 1208/1/337 1211/1/127 1210/1/361
f 1210/1/361 175/1/346 1208/1/337
f 1211/1/127 105/1/206 160/1/204
f 160/1/204 1210/1/361 1211/1/127
f 105/1/206 51/1/1893 159/1/117
f 159/1/117 160/1/204 105/1/206
f 51/1/1893 49/1/42 1212/1/118
f 1212/1/118 159/1/117 51/1/1893
f 49/1/42 48/1/336 1213/1/239
f 1213/1/239 1212/1/118 49/1/42
f 48/1/336 1216/1/247 1214/1/378
f 1214/1/378 1213/1/239 48/1/336
f 1216/1/247 1215/1/47 115/1/1392
f 115/1/1392 1214/1/378 1216/1/247
f 1215/1/47 193/1/46 111/1/1387
f 111/1/1387 115/1/1392 1215/1/47
f 193/1/46 1217/1/312 112/1/1386
f 112/1/1386 111/1/1387 193/1/46
f 1217/1/312 1218/1/114 1220/1/1384
f 1220/1/1384 112/1/1386 1217/1/312
f 1218/1/114 1222/1/1894 1219/1/291
f 1219/1/291 1220/1/1384 1218/1/114
f 1222/1/1894 1221/1/103 106/1/314
f 106/1/314 1219/1/291 1222/1/1894
f 1221/1/103 103/1/293 1223/1/317
f 1223/1/317 106/1/314 1221/1/103
f 103/1/293 1224/1/232 1225/1/124
f 1225/1/124 1223/1/317 103/1/293
f 1224/1/232 1227/1/581 119/1/1378
f 119/1/1378 1225/1/124 1224/1/232
f 1227/1/581 146/1/2 1226/1/1377
f 1226/1/1377 119/1/1378 1227/1/581
f 146/1/2 1228/1/102 38/1/349
f 38/1/349 1226/1/1377 146/1/2
f 1228/1/102 1231/1/267 39/1/241
f 39/1/241 38/1/349 1228/1/102
f 1231/1/267 1229/1/347 1230/1/242
f 1230/1/242 39/1/241 1231/1/267
f 1229/1/347 1/1/112 29/1/401
f 29/1/401 1230/1/242 1229/1/347
f 1/1/112 1234/1/56 1232/1/10
f 1232/1/10 29/1/401 1/1/112
f 1234/1/56 1199/1/58 1233/1/11
f 1233/1/11 1232/1/10 1234/1/56
f 1426/1/1895 1424/1/1896 1667/1/1897
f 1327/1/1898 1473/1/1899 1474/1/1900
f 1363/1/1901 1400/1/1901 1364/1/1901
f 1275/1/1902 1674/1/1902 1676/1/1903
f 1381/1/1904 1400/1/1901 1392/1/1905
f 1392/1/1905 1398/1/1901 1393/1/1901
f 1427/1/1906 1460/1/1907 1459/1/1908
f 1407/1/1909 1349/1/1910 1351/1/164
f 1441/1/1911 1268/1/1912 1267/1/1913
f 1373/1/1914 1453/1/1915 1378/1/1916
f 1257/1/1917 1266/1/1918 1259/1/1919
f 1477/1/1920 1341/1/1921 1340/1/1922
f 1334/1/1901 1332/1/1923 1330/1/1924
f 1338/1/1925 1337/1/1926 1342/1/1927
f 1342/1/1927 1340/1/1922 1341/1/1921
f 1376/1/1928 1333/1/1929 1439/1/1930
f 1272/1/1931 1441/1/1911 1267/1/1913
f 1439/1/1932 1338/1/1925 1344/1/1933
f 1438/1/1934 1372/1/1935 1371/1/1936
f 1343/1/1937 1342/1/1927 1341/1/1921
f 1454/1/1938 1271/1/1939 1270/1/1940
f 1328/1/1941 1326/1/1942 1327/1/1943
f 1253/1/1944 1274/1/1945 1476/1/1944
f 1475/1/1946 1336/1/1947 1335/1/1948
f 1436/1/1949 1435/1/1950 1678/1/1950
f 1648/1/1951 1615/1/1952 1616/1/1953
f 1304/2/1954 1301/2/1955 1302/2/1956
f 1302/2/1956 1299/2/1957 1300/2/1958
f 1300/2/1958 1297/2/1959 1298/2/1960
f 1298/2/1960 1295/2/1961 1296/2/1962
f 1346/1/1901 1398/1/1901 1363/1/1901
f 1296/2/1962 1293/2/1963 1294/2/1964
f 1360/1/1965 1355/1/1901 1354/1/1966
f 1286/2/1967 1283/2/1968 1284/2/1969
f 1404/1/1970 1346/1/1970 1347/1/1970
f 1280/2/1971 1277/2/1972 1278/2/1973
f 1278/2/1973 1323/2/1974 1276/2/1975
f 1306/2/1976 1303/2/1977 1304/2/1954
f 1308/2/1978 1305/2/1979 1306/2/1976
f 1312/2/1980 1309/2/1981 1310/2/1982
f 1320/2/1983 1317/2/1984 1318/2/1985
f 1314/2/1986 1311/2/1987 1312/2/1980
f 1316/2/1988 1313/2/1989 1314/2/1986
f 1318/2/1985 1315/2/1990 1316/2/1988
f 1322/2/1991 1319/2/1992 1320/2/1983
f 1288/2/1993 1285/2/1994 1286/2/1967
f 1276/2/1995 1321/2/1996 1322/2/1991
f 1682/1/164 1402/1/164 1324/1/164
f 1405/1/1970 1401/1/1970 1404/1/1970
f 1339/1/1997 1337/1/1926 1251/1/1998
f 1373/1/1914 1367/1/164 1325/1/164
f 1329/1/1999 1330/1/1924 1331/1/2000
f 1266/1/1918 1267/1/1913 1259/1/1919
f 1332/1/1923 1439/1/1932 1333/1/2001
f 1375/1/2002 1369/1/164 1374/1/2003
f 1259/1/1919 1260/1/2004 1258/1/2005
f 1258/1/2005 1274/1/2006 1474/1/2007
f 1257/1/1917 1258/1/2005 1673/1/2008
f 1261/1/164 1262/1/2009 1260/1/2004
f 1371/1/1936 1370/1/164 1369/1/164
f 1387/1/2010 1386/1/2011 1385/1/2012
f 1464/1/2013 1413/1/2014 1463/1/2015
f 1484/1/2016 1340/1/1922 1339/1/1997
f 1264/1/2017 1684/1/2018 1250/1/2019
f 1270/1/1940 1265/1/2020 1264/1/2017
f 1375/1/2002 1378/1/1916 1377/1/2021
f 1686/1/2022 1343/1/1937 1341/1/1921
f 1370/1/164 1404/1/164 1403/1/164
f 1440/1/2023 1269/1/2024 1268/1/1912
f 1489/1/2025 1271/1/2026 1485/1/2027
f 1333/1/2001 1345/1/2028 1331/1/2000
f 1256/1/2029 1468/1/2030 1677/1/2031
f 1470/1/2032 1673/1/2008 1256/1/2033
f 1294/2/1964 1291/2/2034 1292/2/2035
f 1434/1/917 1380/1/917 1683/1/917
f 1493/1/2036 1491/1/2037 1361/1/2037
f 1358/1/2038 1492/1/2039 1495/1/2040
f 1284/2/1969 1281/2/2041 1282/2/2042
f 1310/2/1982 1307/2/2043 1308/2/1978
f 1350/1/319 1358/1/319 1498/1/319
f 1437/1/2044 1343/1/2045 1408/1/2046
f 1432/1/2047 1430/1/2048 1467/1/2049
f 1353/1/917 1355/1/917 1356/1/917
f 1498/1/2050 1352/1/2051 1350/1/2052
f 1252/1/2053 1339/1/2054 1251/1/2055
f 1292/2/2035 1289/2/2056 1290/2/2057
f 1290/2/2057 1287/2/2058 1288/2/1993
f 1361/1/2059 1360/1/1965 1354/1/1966
f 1363/1/917 1347/1/917 1346/1/917
f 1364/1/917 1362/1/917 1363/1/917
f 1494/1/2060 1492/1/2039 1493/1/2036
f 1344/1/1933 1342/1/1927 1442/1/2061
f 1334/1/1901 1336/1/1947 1337/1/1926
f 1394/1/1901 1387/1/2010 1393/1/1901
f 1389/1/2062 1388/1/2063 1387/1/2010
f 1325/1/164 1379/1/2064 1373/1/1914
f 1393/1/1901 1385/1/2012 1392/1/1905
f 1263/1/2065 1250/1/2019 1262/1/2009
f 1376/1/2066 1375/1/2002 1377/1/2021
f 1383/1/2067 1385/1/2012 1384/1/2068
f 1377/1/2021 1378/1/1916 1453/1/1915
f 1345/1/2028 1329/1/1999 1331/1/2000
f 1262/1/2009 1274/1/2006 1260/1/2004
f 1373/1/1914 1378/1/1916 1374/1/2003
f 1475/1/1945 1474/1/1900 1274/1/1945
f 1452/1/2069 1257/1/1917 1470/1/2032
f 1382/1/2070 1383/1/2067 1384/1/2068
f 1332/1/1923 1331/1/2000 1330/1/1924
f 1384/1/2068 1385/1/2012 1386/1/2011
f 1376/1/2066 1371/1/1936 1375/1/2002
f 1268/1/1912 1263/1/2065 1261/1/164
f 1372/1/1935 1408/1/2071 1407/1/1909
f 1452/1/2072 1469/1/2073 1345/1/2072
f 1476/1/2074 1251/1/2055 1253/1/2074
f 1370/1/164 1406/1/164 1405/1/164
f 1389/1/2062 1395/1/1901 1396/1/2075
f 1406/1/164 1351/1/164 1356/1/164
f 1408/1/2046 1686/1/2076 1349/1/2077
f 1374/1/2003 1368/1/164 1367/1/164
f 1403/1/164 1369/1/164 1370/1/164
f 1452/1/2078 1453/1/2078 1382/1/2078
f 1348/1/1901 1355/1/1901 1395/1/1901
f 1681/1/1901 1443/1/2079 1678/1/1901
f 1328/1/1941 1329/1/1999 1675/1/2080
f 1362/1/164 1367/1/164 1368/1/164
f 1347/1/164 1368/1/164 1403/1/164
f 1346/1/1901 1401/1/1901 1399/1/1901
f 1601/1/2081 1568/1/2082 1569/1/2083
f 1682/1/1950 1443/1/2084 1379/1/2085
f 1403/1/164 1404/1/164 1347/1/164
f 1401/1/1901 1394/1/1901 1399/1/1901
f 1269/1/2024 1264/1/2017 1263/1/2065
f 1405/1/164 1406/1/164 1356/1/164
f 1394/1/1901 1395/1/1901 1389/1/2062
f 1372/1/1935 1407/1/1909 1406/1/164
f 1685/1/2086 1396/1/2075 1397/1/1901
f 1454/1/1938 1269/1/2024 1273/1/2087
f 1667/1/1897 1422/1/2088 1423/1/2089
f 1417/1/2090 1461/1/2091 1668/1/2092
f 1399/1/1901 1393/1/1901 1398/1/1901
f 1415/1/2093 1463/1/2094 1451/1/2095
f 1415/1/2093 1461/1/2091 1464/1/2096
f 1669/1/2097 1414/1/2098 1413/1/2099
f 1429/1/2100 1457/1/2101 1458/1/2102
f 1450/1/2103 1465/1/2104 1411/1/2105
f 1421/1/2106 1422/1/2088 1462/1/2107
f 1446/1/2108 1432/1/2109 1409/1/2110
f 1447/1/2111 1432/1/2112 1670/1/2113
f 1447/1/2111 1467/1/2114 1448/1/2115
f 1448/1/2115 1466/1/2116 1431/1/2117
f 1455/1/2118 1466/1/2116 1430/1/2119
f 1456/1/2120 1430/1/2119 1457/1/2101
f 1451/1/2095 1414/1/2098 1449/1/2121
f 1429/1/2100 1460/1/1907 1428/1/2122
f 1486/1/2123 1663/1/2124 1661/1/2125
f 1427/1/1906 1425/1/2126 1426/1/1895
f 1450/1/2103 1413/1/2099 1412/1/2127
f 1339/1/2054 1684/1/2128 1484/1/2128
f 1417/1/2090 1418/1/2129 1416/1/2130
f 1446/1/2108 1465/1/2104 1410/1/2131
f 1420/1/2132 1462/1/2107 1419/1/2132
f 1453/1/2133 1333/1/1929 1377/1/2134
f 1365/1/2135 1433/1/2135 1434/1/2135
f 1273/1/2136 1388/1/2137 1390/1/2136
f 1381/1/1904 1382/1/2070 1443/1/2079
f 1272/1/2138 1386/1/2139 1441/1/2140
f 1272/1/2138 1382/1/2141 1384/1/2142
f 1359/1/319 1496/1/319 1358/1/319
f 1324/1/2143 1434/1/2143 1683/1/2143
f 1438/1/2144 1439/1/1930 1344/1/2145
f 1441/1/2140 1388/1/2137 1440/1/2146
f 1644/1/2147 1659/1/2148 1643/1/2149
f 1271/1/2150 1391/1/2151 1685/1/2152
f 1454/1/2153 1390/1/2154 1391/1/2151
f 1438/1/2144 1442/1/2155 1437/1/2155
f 1444/1/1950 1678/1/1950 1682/1/1950
f 1469/1/2073 1256/1/2029 1677/1/2031
f 1445/1/2156 1417/1/2157 1420/1/2158
f 1415/1/2159 1449/1/2160 1417/1/2157
f 1258/1/2005 1473/1/2161 1673/1/2008
f 1449/1/2160 1446/1/2162 1417/1/2157
f 1431/1/2163 1447/1/2164 1448/1/2165
f 1483/1/2166 1480/1/2167 1481/1/2168
f 1446/1/2162 1450/1/2169 1411/1/2170
f 1465/1/2171 1413/1/2014 1432/1/2047
f 1683/1/1950 1436/1/1949 1444/1/1950
f 1389/1/2062 1391/1/2172 1390/1/2173
f 1684/1/2174 1483/1/2166 1484/1/2175
f 1422/1/2176 1459/1/2177 1462/1/2178
f 1458/1/2179 1459/1/2177 1460/1/2180
f 1461/1/2047 1462/1/2178 1459/1/2177
f 1446/1/2162 1423/1/2181 1417/1/2157
f 1446/1/2162 1431/1/2163 1428/1/2182
f 1462/1/2178 1418/1/2183 1419/1/2184
f 1428/1/2182 1455/1/2185 1456/1/2186
f 1459/1/2177 1457/1/2187 1430/1/2048
f 1466/1/2188 1467/1/2049 1430/1/2048
f 1425/1/2189 1459/1/2177 1424/1/2190
f 1262/1/2009 1252/1/2191 1476/1/2192
f 1427/1/2193 1426/1/2194 1428/1/2182
f 1423/1/2181 1420/1/2158 1417/1/2157
f 1349/1/319 1359/1/319 1358/1/319
f 1674/1/319 1254/1/319 1471/1/319
f 1574/1/2195 1500/1/2196 1562/1/2197
f 1626/1/2198 1657/1/2199 1625/1/2200
f 1267/1/1913 1261/1/164 1259/1/1919
f 1356/1/1970 1348/1/1970 1405/1/1970
f 1357/1/2201 1495/1/2040 1494/1/2060
f 1481/1/2202 1479/1/2203 1483/1/2204
f 1508/1/2205 1505/1/2206 1506/1/2207
f 1325/1/164 1366/1/164 1365/1/164
f 1486/1/2208 1485/1/2209 1664/1/2210
f 1485/1/2209 1686/1/2211 1664/1/2210
f 1664/1/2210 1478/1/2212 1665/1/2213
f 1251/1/1998 1336/1/1947 1253/1/2214
f 1432/1/2047 1461/1/2047 1459/1/2177
f 1493/1/917 1354/1/917 1355/1/917
f 1489/1/2025 1660/1/2215 1487/1/2216
f 1479/1/2203 1686/1/2022 1477/1/1920
f 1479/1/2203 1484/1/2217 1483/1/2204
f 1282/2/2042 1279/2/2218 1280/2/1971
f 1352/1/2051 1349/1/164 1350/1/2052
f 1475/1/1946 1328/1/1941 1327/1/1943
f 1353/1/2219 1351/1/164 1352/1/2051
f 1420/1/2132 1418/1/2129 1445/1/2220
f 1680/1/917 1366/1/917 1364/1/917
f 1534/1/2221 1531/1/2222 1532/1/2223
f 1552/1/2224 1553/1/2225 1551/1/2226
f 1502/1/2227 1503/1/2228 1501/1/2229
f 1500/1/2196 1501/1/2229 1499/1/2230
f 1554/1/2231 1555/1/2232 1553/1/2225
f 1520/1/2233 1517/1/2234 1518/1/2235
f 1562/1/2197 1559/1/2236 1560/1/2237
f 1558/1/2238 1555/1/2232 1556/1/2239
f 1544/1/2240 1545/1/2241 1543/1/2242
f 1520/1/2233 1521/1/2243 1519/1/2244
f 1684/1/2018 1489/1/2025 1487/1/2216
f 1516/1/2245 1517/1/2234 1515/1/2246
f 1548/1/2247 1545/1/2241 1546/1/2248
f 1560/1/2237 1557/1/2249 1558/1/2238
f 1512/1/2250 1509/1/2251 1510/1/2252
f 1508/1/2205 1509/1/2251 1507/1/2253
f 1538/1/2254 1539/1/2255 1537/1/2256
f 1538/1/2254 1535/1/2257 1536/1/2258
f 1514/1/2259 1515/1/2246 1513/1/2260
f 1514/1/2259 1511/1/2261 1512/1/2250
f 1500/1/2196 1561/1/2262 1562/1/2197
f 1540/1/2263 1541/1/2264 1539/1/2255
f 1534/1/2221 1535/1/2257 1533/1/2265
f 1526/1/2266 1527/1/2267 1525/1/2268
f 1524/1/2269 1525/1/2268 1523/1/2270
f 1528/1/2271 1529/1/2272 1527/1/2267
f 1552/1/2224 1549/1/2273 1550/1/2274
f 1550/1/2274 1547/1/2275 1548/1/2247
f 1506/1/2207 1503/1/2228 1504/1/2276
f 1524/1/2269 1521/1/2243 1522/1/2277
f 1542/1/2278 1543/1/2242 1541/1/2264
f 1532/1/2223 1529/1/2272 1530/1/2279
f 1530/1/2279 1589/1/2280 1532/1/2223
f 1577/1/2281 1558/1/2238 1556/1/2239
f 1554/1/2231 1577/1/2281 1556/1/2239
f 1594/1/2282 1520/1/2233 1563/1/2283
f 1592/1/2284 1528/1/2271 1526/1/2266
f 1550/1/2274 1579/1/2285 1552/1/2224
f 1542/1/2278 1583/1/2286 1544/1/2240
f 1544/1/2240 1582/1/2287 1546/1/2248
f 1534/1/2221 1587/1/2288 1536/1/2258
f 1540/1/2263 1584/1/2289 1542/1/2278
f 1569/1/2083 1510/1/2252 1508/1/2205
f 1571/1/2290 1506/1/2207 1504/1/2276
f 1532/1/2223 1588/1/2291 1534/1/2221
f 1560/1/2237 1574/1/2195 1562/1/2197
f 1546/1/2248 1581/1/2292 1548/1/2247
f 1570/1/2293 1508/1/2205 1506/1/2207
f 1591/1/2294 1530/1/2279 1528/1/2271
f 1538/1/2254 1585/1/2295 1540/1/2263
f 1516/1/2245 1564/1/2296 1518/1/2235
f 1453/1/2297 1443/1/2084 1382/1/2297
f 1576/1/2298 1560/1/2237 1558/1/2238
f 1594/1/2282 1524/1/2269 1522/1/2277
f 1568/1/2082 1512/1/2250 1510/1/2252
f 1579/1/2285 1554/1/2231 1552/1/2224
f 1572/1/2299 1504/1/2276 1502/1/2227
f 1573/1/2300 1502/1/2227 1500/1/2196
f 1536/1/2258 1586/1/2301 1538/1/2254
f 1564/1/2296 1520/1/2233 1518/1/2235
f 1512/1/2250 1566/1/2302 1514/1/2259
f 1524/1/2269 1592/1/2284 1526/1/2266
f 1566/1/2302 1516/1/2245 1514/1/2259
f 1581/1/2292 1550/1/2274 1548/1/2247
f 1564/1/2296 1595/1/2303 1563/1/2283
f 1581/1/2292 1612/1/2304 1580/1/2305
f 1435/1/2306 1433/1/2306 1679/1/2306
f 1620/1/2307 1587/1/2288 1588/1/2291
f 1608/1/2308 1575/1/2309 1576/1/2298
f 1605/1/2310 1572/1/2299 1573/1/2300
f 1486/1/2123 1488/1/2311 1662/1/2312
f 1593/1/2313 1624/1/2314 1592/1/2284
f 1604/1/2315 1571/1/2290 1572/1/2299
f 1587/1/2288 1618/1/2316 1586/1/2301
f 1598/1/2317 1565/1/2318 1566/1/2302
f 1610/1/2319 1577/1/2281 1578/1/2320
f 1590/1/2321 1621/1/2322 1589/1/2280
f 1624/1/2314 1591/1/2294 1592/1/2284
f 1582/1/2287 1613/1/2323 1581/1/2292
f 1612/1/2304 1579/1/2285 1580/1/2305
f 1594/1/2282 1625/1/2200 1593/1/2313
f 1597/1/2324 1564/1/2296 1565/1/2318
f 1579/1/2285 1610/1/2319 1578/1/2320
f 1575/1/2309 1606/1/2325 1574/1/2195
f 1488/1/2311 1482/1/2326 1660/1/2327
f 1589/1/2280 1620/1/2307 1588/1/2291
f 1574/1/2195 1605/1/2310 1573/1/2300
f 1623/1/2328 1590/1/2321 1591/1/2294
f 1571/1/2290 1602/1/2329 1570/1/2293
f 1618/1/2316 1585/1/2295 1586/1/2301
f 1568/1/2082 1599/1/2330 1567/1/2331
f 1666/1/2332 1664/1/2333 1665/1/2334
f 1583/1/2286 1614/1/2335 1582/1/2287
f 1567/1/2331 1598/1/2317 1566/1/2302
f 1595/1/2303 1594/1/2282 1563/1/2283
f 1471/1/2336 1472/1/2337 1672/1/2338
f 1629/1/2339 1596/1/2340 1597/1/2324
f 1627/1/2341 1626/1/2198 1595/1/2303
f 1637/1/2342 1604/1/2315 1605/1/2310
f 1647/1/2343 1614/1/2335 1615/1/1952
f 1621/1/2322 1652/1/2344 1620/1/2307
f 1622/1/2345 1653/1/2346 1621/1/2322
f 1617/1/2347 1648/1/1951 1616/1/1953
f 1596/1/2340 1627/1/2341 1595/1/2303
f 1603/1/2348 1634/1/2349 1602/1/2329
f 1644/1/2147 1611/1/2350 1612/1/2304
f 1651/1/2351 1618/1/2316 1619/1/2352
f 1634/1/2349 1601/1/2081 1602/1/2329
f 1607/1/2353 1638/1/2354 1606/1/2325
f 1642/1/2355 1609/1/2356 1610/1/2319
f 1611/1/2350 1642/1/2355 1610/1/2319
f 1598/1/2317 1629/1/2339 1597/1/2324
f 1646/1/2357 1613/1/2323 1614/1/2335
f 1395/1/1901 1397/1/1901 1396/1/2075
f 1613/1/2323 1644/1/2147 1612/1/2304
f 1608/1/2308 1639/1/2358 1607/1/2353
f 1633/1/2359 1600/1/2360 1601/1/2081
f 1638/1/2354 1605/1/2310 1606/1/2325
f 1657/1/2199 1624/1/2314 1625/1/2200
f 1620/1/2307 1651/1/2351 1619/1/2352
f 1600/1/2360 1631/1/2361 1599/1/2330
f 1650/1/2362 1617/1/2347 1618/1/2316
f 1636/1/2363 1603/1/2348 1604/1/2315
f 1609/1/2356 1640/1/2364 1608/1/2308
f 1599/1/2330 1630/1/2365 1598/1/2317
f 1655/1/2366 1622/1/2345 1623/1/2328
f 1656/1/2367 1623/1/2328 1624/1/2314
f 1657/1/2199 1659/1/2148 1656/1/2367
f 1627/1/2341 1659/1/2148 1658/1/2368
f 1349/1/2135 1271/1/2135 1685/1/2135
f 1632/1/2369 1633/1/2359 1659/1/2148
f 1636/1/2363 1659/1/2148 1635/1/2370
f 1655/1/2366 1659/1/2148 1654/1/2371
f 1640/1/2364 1659/1/2148 1639/1/2358
f 1653/1/2346 1659/1/2148 1652/1/2344
f 1629/1/2339 1659/1/2148 1628/1/2372
f 1642/1/2355 1659/1/2148 1641/1/2373
f 1651/1/2351 1659/1/2148 1650/1/2362
f 1638/1/2354 1659/1/2148 1637/1/2342
f 1659/1/2148 1649/1/2374 1650/1/2362
f 1648/1/1951 1659/1/2148 1647/1/2343
f 1634/1/2349 1659/1/2148 1633/1/2359
f 1631/1/2361 1659/1/2148 1630/1/2365
f 1646/1/2357 1659/1/2148 1645/1/2375
f 1570/1/2293 1601/1/2081 1569/1/2083
f 1616/1/1953 1583/1/2286 1584/1/2289
f 1335/1/1948 1330/1/1924 1328/1/1941
f 1585/1/2295 1616/1/1953 1584/1/2289
f 1609/1/2356 1576/1/2298 1577/1/2281
f 1359/1/2376 1397/1/1901 1360/1/1965
f 1490/1/2059 1360/1/1965 1491/1/2059
f 1357/1/2050 1352/1/2051 1497/1/2050
f 1496/1/2036 1491/1/2037 1492/1/2039
f 1358/1/2038 1497/1/2377 1498/1/2377
f 1494/1/917 1353/1/917 1357/1/917
f 1487/1/2378 1482/1/2379 1684/1/2174
f 1681/1/1901 1364/1/1901 1400/1/1901
f 1469/1/2380 1675/1/2080 1329/1/1999
f 1667/1/2381 1428/1/2182 1426/1/2194
f 1662/1/2382 1489/1/2025 1485/1/2027
f 1665/1/2383 1479/1/2203 1666/1/2384
f 1666/1/2332 1480/1/2385 1663/1/2124
f 1482/1/2326 1663/1/2124 1480/1/2385
f 1417/1/2157 1668/1/2386 1415/1/2159
f 1449/1/2160 1669/1/2387 1450/1/2169
f 1446/1/2162 1409/1/2388 1447/1/2164
f 1456/1/2186 1429/1/2389 1428/1/2182
f 1467/1/2049 1670/1/2390 1432/1/2047
f 1432/1/2047 1410/1/2391 1465/1/2171
f 1413/1/2014 1414/1/2392 1463/1/2015
f 1461/1/2047 1416/1/2393 1418/1/2183
f 1452/1/2069 1272/1/1931 1266/1/1918
f 1472/1/2394 1254/1/2394 1671/1/2394
f 1671/1/2395 1256/1/2395 1472/1/2395
f 1672/1/2396 1472/1/2396 1256/1/2396
f 1256/1/2397 1673/1/2397 1672/1/2397
f 1473/1/2398 1471/1/2398 1672/1/2398
f 1672/1/2399 1673/1/2399 1473/1/2399
f 1674/1/2400 1471/1/2400 1473/1/2400
f 1473/1/2400 1326/1/2400 1674/1/2400
f 1676/1/2401 1674/1/2401 1326/1/2401
f 1326/1/2402 1675/1/2402 1676/1/2402
f 1275/1/2403 1676/1/2403 1675/1/2403
f 1675/1/2404 1677/1/2404 1275/1/2404
f 1275/1/2405 1677/1/2405 1468/1/2405
f 1468/1/2406 1255/1/2406 1275/1/2406
f 1254/1/2407 1255/1/2407 1468/1/2407
f 1468/1/2407 1671/1/2407 1254/1/2407
f 1383/1/2067 1381/1/1904 1392/1/1905
f 1678/1/1901 1435/1/1901 1679/1/1901
f 1679/1/1901 1681/1/1901 1678/1/1901
f 1679/1/2408 1433/1/2408 1680/1/2408
f 1680/1/164 1681/1/164 1679/1/164
f 1365/1/2409 1434/1/2409 1402/1/2409
f 1402/1/1901 1325/1/1901 1365/1/1901
f 1444/1/2410 1682/1/2410 1324/1/2410
f 1324/1/1950 1683/1/1950 1444/1/1950
f 1713/2/2411 1714/2/2412 1966/2/2413
f 1721/2/2414 1976/2/2415 1720/2/2416
f 1695/2/2417 1696/2/2418 1918/2/2419
f 2036/2/2420 2030/2/2421 1691/2/2422
f 1908/2/2423 1716/2/2424 1971/2/2425
f 1728/2/2426 2034/2/2427 1727/2/2428
f 1892/2/2429 1711/2/2430 1966/2/2413
f 1720/2/2416 1718/2/2431 1719/2/2432
f 1689/2/2433 2026/2/2434 1688/2/2435
f 1723/2/2436 1974/2/2437 1721/2/2414
f 1730/2/2438 2035/2/2439 1728/2/2426
f 1756/2/2440 1772/2/2441 1773/2/2442
f 1993/2/2443 1958/2/2444 1923/2/2445
f 1703/2/2446 1937/2/2447 1939/2/2448
f 1712/2/2449 1966/2/2413 1711/2/2430
f 1991/2/2450 1893/2/2451 1996/2/2451
f 1697/2/2452 1698/2/2453 1696/2/2418
f 1715/2/2454 1716/2/2424 1714/2/2412
f 1719/2/2432 1716/2/2424 1717/2/2455
f 1701/2/2456 1932/2/2457 1700/2/2458
f 1694/2/2459 1910/2/2460 1693/2/2461
f 1693/2/2461 1691/2/2422 1692/2/2462
f 1725/2/2463 1987/2/2464 1724/2/2465
f 1710/2/2466 1711/2/2430 1956/2/2467
f 1709/2/2468 1956/2/2467 1993/2/2443
f 1708/2/2469 1993/2/2443 1903/2/2470
f 1707/2/2471 1903/2/2470 1706/2/2472
f 1939/2/2448 1930/2/2473 1932/2/2457
f 1905/2/2474 1722/2/2475 1904/2/2474
f 1725/2/2463 1991/2/2450 1989/2/2476
f 1695/2/2417 1921/2/2477 1694/2/2459
f 1724/2/2465 1722/2/2475 1723/2/2436
f 1699/2/2478 1700/2/2458 1698/2/2453
f 2288/2/2479 1707/2/2471 1735/2/2480
f 1721/2/2414 1739/2/2481 2297/2/2482
f 2292/2/2483 1710/2/2466 2290/2/2484
f 1737/2/2485 1713/2/2411 2294/2/2486
f 1733/2/2487 1694/2/2459 2278/2/2488
f 1693/2/2461 2308/2/2489 2276/2/2490
f 1692/2/2462 2306/2/2491 2308/2/2489
f 2306/2/2491 1689/2/2433 1732/2/2492
f 2290/2/2484 1709/2/2468 1736/2/2493
f 2304/2/2494 1688/2/2435 1730/2/2438
f 1723/2/2436 2297/2/2482 1740/2/2495
f 1730/2/2438 1743/2/2496 2304/2/2494
f 1727/2/2428 1742/2/2497 2302/2/2498
f 2286/2/2499 1703/2/2446 2284/2/2500
f 1741/2/2501 1724/2/2465 2298/2/2502
f 1724/2/2465 1740/2/2495 2298/2/2502
f 1705/2/2503 2286/2/2499 2287/2/2504
f 1732/2/2492 1688/2/2435 1731/2/2505
f 1720/2/2416 1738/2/2506 1739/2/2481
f 2282/2/2507 1699/2/2478 2280/2/2508
f 1717/2/2455 1737/2/2485 2296/2/2509
f 1719/2/2432 2296/2/2509 1738/2/2506
f 2294/2/2486 1712/2/2449 2292/2/2483
f 1707/2/2471 2287/2/2504 1735/2/2480
f 2278/2/2488 1693/2/2461 2276/2/2490
f 1736/2/2493 1708/2/2469 2288/2/2479
f 1995/2/2510 2500/2/2510 1890/2/2510
f 1728/2/2426 2302/2/2498 1743/2/2496
f 1697/2/2452 1733/2/2487 1734/2/2511
f 1742/2/2497 1725/2/2463 1741/2/2501
f 2284/2/2500 1702/2/2512 2283/2/2513
f 1699/2/2478 1734/2/2511 2280/2/2508
f 2054/2/2514 2072/2/2514 2041/2/2515
f 2491/2/2135 1776/2/2135 2487/2/2135
f 2486/2/2135 1776/2/2135 1778/2/2135
f 2171/2/2516 2446/2/2517 1788/2/2518
f 1760/2/2519 1758/2/2519 1759/2/2520
f 1746/2/2521 2053/2/2522 1744/2/2523
f 1768/2/2524 2047/2/2525 1767/2/2526
f 2079/2/2527 2080/2/2527 2050/2/2528
f 2066/2/164 2042/2/164 2072/2/164
f 2392/2/2529 2399/2/2530 1825/2/2531
f 1902/2/2532 1903/2/2470 1901/2/2532
f 2099/2/2533 1752/2/2534 2100/2/2535
f 2056/2/2536 2074/2/2537 2073/2/2538
f 1885/2/2539 2050/2/2539 1754/2/2539
f 2501/2/2540 1884/2/2541 1878/2/2542
f 2082/2/2543 2009/2/2544 1755/2/2545
f 2050/2/2546 1774/2/2547 1756/2/2548
f 1868/2/2549 1754/2/2550 2057/2/2551
f 2414/2/2552 1916/2/2553 1915/2/2552
f 1788/2/2518 2445/2/2554 1790/2/2555
f 2191/2/2556 2465/2/2557 2190/2/2558
f 1815/2/2559 2182/2/2560 2183/2/2561
f 2181/2/2562 2179/2/2563 2180/2/2564
f 1705/2/2503 1706/2/2472 1948/2/2565
f 2055/2/2566 2087/2/2566 2085/2/2567
f 2387/2/2568 2383/2/2569 1784/2/2570
f 2178/2/2571 2176/2/2572 2177/2/2573
f 2177/2/2573 2450/2/2574 2175/2/2575
f 1753/2/2576 2043/2/2576 2353/2/2576
f 1773/2/2442 2012/2/2577 1771/2/2578
f 1752/2/2579 2054/2/2580 2055/2/2581
f 1692/2/2462 2030/2/2421 1690/2/2582
f 2477/2/2583 2474/2/2135 2475/2/2584
f 1882/2/2585 1880/2/2586 1994/2/2587
f 1884/2/2588 1981/2/2588 1961/2/2589
f 2496/2/2590 2491/2/2135 2494/2/2591
f 2491/2/2135 1777/2/2135 2492/2/2135
f 2497/2/2135 2474/2/2135 1776/2/2135
f 2487/2/2135 2486/2/2135 2485/2/2590
f 1868/2/2592 1869/2/2593 1885/2/2594
f 1779/2/2590 1780/2/2583 1778/2/2135
f 2473/2/2135 2474/2/2135 1781/2/2135
f 1781/2/2135 2497/2/2135 2471/2/2135
f 2440/2/2595 2384/2/2596 2442/2/2597
f 2409/2/2598 1832/2/2598 2407/2/2599
f 2425/2/2600 1799/2/2601 1801/2/2602
f 1849/2/2603 1929/2/2604 1928/2/2604
f 1788/2/2605 1789/2/2606 1785/2/2607
f 2187/2/2608 1806/2/2609 1804/2/2610
f 1815/2/2611 1811/2/2612 1812/2/2613
f 1794/2/2614 2442/2/2597 1792/2/2615
f 2190/2/2616 1798/2/2617 1796/2/2618
f 1791/2/2619 2383/2/2569 1789/2/2606
f 1887/2/2620 1888/2/2620 2394/2/2621
f 1788/2/2605 1786/2/2622 2171/2/2623
f 1808/2/2624 2423/2/2625 1806/2/2609
f 1787/2/2626 1826/2/2627 2174/2/2628
f 1808/2/2624 2417/2/2629 2419/2/2630
f 2390/2/2631 1828/2/2632 1887/2/2633
f 1807/2/2634 1808/2/2624 1806/2/2609
f 1813/2/2635 2412/2/2636 1915/2/2637
f 2191/2/2638 1794/2/2614 2192/2/2639
f 1836/2/2640 1835/2/2641 2212/2/2642
f 1863/2/2643 2023/2/2644 1862/2/2643
f 2177/2/2645 1820/2/2646 2178/2/2647
f 1826/2/2627 2399/2/2530 1824/2/2648
f 2188/2/2649 1800/2/2650 1802/2/2651
f 2399/2/2652 1749/2/2652 1748/2/2653
f 1824/2/2648 1748/2/2654 1823/2/2655
f 2188/2/2649 1804/2/2610 1803/2/2656
f 1748/2/2654 1821/2/2657 2400/2/2658
f 2180/2/2659 1820/2/2646 1819/2/2660
f 1795/2/2661 1865/2/2662 2437/2/2663
f 2434/2/2664 2437/2/2664 1865/2/2665
f 2189/2/2666 1800/2/2650 1798/2/2617
f 1794/2/2614 2437/2/2663 2441/2/2667
f 1827/2/2668 2171/2/2623 1786/2/2622
f 1826/2/2627 1887/2/2633 1825/2/2531
f 1986/2/2669 1978/2/2670 1988/2/2670
f 2183/2/2671 1813/2/2635 1815/2/2611
f 2425/2/2672 2426/2/2673 2051/2/2674
f 2181/2/2675 1816/2/2676 2183/2/2671
f 2389/2/2677 2386/2/2677 2387/2/2678
f 2437/2/2663 2377/2/2679 2441/2/2667
f 2084/2/1901 2082/2/2680 2045/2/2681
f 2404/2/2682 1833/2/2682 2405/2/2683
f 2175/2/2684 1823/2/2655 2177/2/2645
f 2440/2/2685 1895/2/2685 1894/2/2686
f 1852/2/2687 1946/2/2688 1931/2/2689
f 2193/2/2690 1792/2/2615 1791/2/2619
f 2423/2/2625 2424/2/2691 2426/2/2692
f 1790/2/2693 1791/2/2619 1789/2/2606
f 1845/2/2694 1897/2/2695 1843/2/2696
f 1796/2/2618 1797/2/2697 1865/2/2662
f 1793/2/2698 1794/2/2614 1792/2/2615
f 1866/2/2699 1867/2/2699 2429/2/2700
f 2175/2/2684 1826/2/2627 1824/2/2648
f 1813/2/2635 2417/2/2629 1811/2/2612
f 1817/2/2701 2412/2/2636 1816/2/2676
f 2190/2/2616 1795/2/2661 2191/2/2638
f 2423/2/2702 1864/2/2702 2421/2/2703
f 1812/2/2613 1808/2/2624 1810/2/2704
f 1820/2/2646 2406/2/2705 1819/2/2660
f 2386/2/2706 1786/2/2622 1785/2/2607
f 1798/2/2617 1799/2/2601 1797/2/2697
f 1783/2/2707 1782/2/2707 2384/2/2708
f 1789/2/2606 2386/2/2706 1785/2/2607
f 1827/2/2668 2390/2/2631 1887/2/2633
f 1922/2/2709 1954/2/2710 1853/2/2711
f 1804/2/2610 1801/2/2602 1803/2/2656
f 2200/2/2712 1914/2/2713 1856/2/2714
f 2225/2/2715 1845/2/2694 1844/2/2716
f 2023/2/2644 2206/2/2717 2208/2/2718
f 1854/2/2719 1853/2/2711 2195/2/2720
f 1855/2/2721 1922/2/2709 1854/2/2719
f 2033/2/2722 2202/2/2723 1858/2/2724
f 1959/2/2725 2229/2/2726 1846/2/2727
f 2235/2/2728 1949/2/2729 1848/2/2730
f 2227/2/2731 1992/2/2732 2225/2/2715
f 1933/2/2733 1850/2/2734 2240/2/2735
f 1943/2/2736 2237/2/2737 1850/2/2734
f 1860/2/2738 1858/2/2724 1859/2/2739
f 1844/2/2716 1843/2/2696 2222/2/2740
f 1886/2/2741 1885/2/2741 2098/2/2741
f 1851/2/2742 1931/2/2689 2242/2/2743
f 2242/2/2743 1933/2/2733 2240/2/2735
f 1837/2/2744 1836/2/2640 2215/2/2745
f 2222/2/2740 1842/2/2746 1841/2/2747
f 1848/2/2730 1847/2/2748 2232/2/2749
f 2237/2/2737 1849/2/2603 2235/2/2728
f 1856/2/2714 1917/2/2750 1855/2/2721
f 1986/2/2669 2215/2/2745 2217/2/2751
f 1841/2/2747 1840/2/2752 1839/2/2753
f 1857/2/2754 2200/2/2712 2202/2/2723
f 2022/2/2755 2208/2/2718 2210/2/2756
f 1839/2/2753 1979/2/2757 1838/2/2758
f 1891/2/2759 2227/2/2731 2229/2/2726
f 1861/2/2760 1859/2/2739 2206/2/2717
f 2232/2/2749 1959/2/2725 1846/2/2727
f 1853/2/2711 1851/2/2742 2195/2/2720
f 1979/2/2757 2217/2/2751 1838/2/2758
f 2406/2/2705 1818/2/2761 2408/2/2762
f 2412/2/2636 2413/2/2763 1915/2/2637
f 1804/2/2610 2423/2/2625 2426/2/2692
f 1837/2/2744 1940/2/2764 1997/2/2765
f 1800/2/2650 1801/2/2602 1799/2/2601
f 1999/2/2766 1774/2/2767 1757/2/2768
f 1879/2/2769 1759/2/1901 1969/2/1901
f 1871/2/2770 1872/2/2771 2016/2/2772
f 2021/2/2773 2000/2/2774 2020/2/2775
f 1873/2/2776 1874/2/2777 2015/2/2778
f 2058/2/2779 2068/2/164 2059/2/164
f 1994/2/2780 1995/2/2780 1882/2/2781
f 2006/2/2782 1983/2/2783 1982/2/2784
f 2048/2/164 2066/2/164 2072/2/164
f 2093/2/1901 1747/2/1901 1746/2/1901
f 1754/2/2785 2058/2/2779 2057/2/2786
f 2032/2/2787 2020/2/2788 2018/2/2789
f 2000/2/2774 2012/2/164 1772/2/164
f 2061/2/164 1764/2/164 2060/2/164
f 2011/2/164 2004/2/2790 1770/2/164
f 2004/2/2790 2010/2/164 1770/2/164
f 2065/2/164 1758/2/164 2064/2/164
f 2003/2/2791 2002/2/2792 2021/2/2773
f 2502/2/2793 1982/2/2793 1983/2/2794
f 1759/2/2520 1768/2/2795 1969/2/2796
f 1792/2/2615 2384/2/2596 1791/2/2619
f 2019/2/2797 2031/2/2798 2032/2/2797
f 1913/2/2799 1911/2/2799 1912/2/2799
f 1727/2/2428 1991/2/2450 1726/2/2800
f 1891/2/2759 1957/2/2801 1920/2/2801
f 2022/2/2755 2013/2/2802 1834/2/2802
f 1906/2/2803 1974/2/2803 1975/2/2803
f 1967/2/2804 2041/2/2804 2503/2/2804
f 1718/2/2431 1973/2/2805 1972/2/2805
f 2077/2/2806 1687/2/2806 2030/2/2806
f 1702/2/2512 1939/2/2448 1932/2/2457
f 2028/2/2807 1861/2/2807 2027/2/2807
f 1750/2/2808 2022/2/2808 1751/2/2808
f 1977/2/2809 1889/2/2810 2040/2/2811
f 2432/2/2812 1865/2/2662 1797/2/2697
f 2049/2/2813 2050/2/2813 2080/2/2813
f 1690/2/2582 1687/2/2814 1689/2/2433
f 1847/2/2748 1925/2/2815 1924/2/2816
f 1963/2/2817 1920/2/2818 1711/2/2819
f 1990/2/2820 1987/2/2464 1989/2/2476
f 1896/2/2821 1917/2/2750 1914/2/2713
f 2053/2/2822 2025/2/2823 2024/2/2822
f 1907/2/2824 2168/2/2825 2107/2/2825
f 1936/2/2826 1948/2/2565 1942/2/2826
f 1750/2/2827 2035/2/2439 1729/2/2828
f 1933/2/2733 1938/2/2829 1943/2/2736
f 1957/2/2830 1958/2/2830 1956/2/2831
f 1996/2/2832 1835/2/2832 1997/2/2832
f 1883/2/2833 2057/2/2834 1766/2/2442
f 1972/2/2835 1897/2/2836 1718/2/2837
f 2421/2/2838 2370/2/2838 1805/2/2838
f 2283/2/2513 1701/2/2456 2282/2/2507
f 1924/2/2839 1923/2/2840 1847/2/2841
f 1992/2/2732 1965/2/2842 2038/2/2842
f 1993/2/2843 1925/2/2844 1903/2/2845
f 1990/2/2846 1986/2/2847 1985/2/2847
f 1896/2/2848 1913/2/2849 1921/2/2850
f 1995/2/2851 1889/2/2851 2039/2/2851
f 2026/2/2434 2028/2/2852 2027/2/2853
f 1953/2/2854 1911/2/2855 1857/2/2754
f 1927/2/2856 1947/2/2856 1852/2/2857
f 1933/2/2858 1930/2/2858 1934/2/2858
f 1978/2/2859 1904/2/2859 1722/2/2860
f 1688/2/2435 1729/2/2828 1730/2/2438
f 1978/2/2861 1987/2/2861 1988/2/2861
f 1817/2/2701 2406/2/2705 2408/2/2762
f 1955/2/2862 1899/2/2862 1696/2/2863
f 2033/2/2864 2036/2/2864 1857/2/2864
f 1996/2/2865 1940/2/2866 1991/2/2867
f 1913/2/2868 1910/2/2460 1921/2/2477
f 1957/2/2869 1711/2/2869 1920/2/2869
f 1705/2/2503 1937/2/2447 1704/2/2870
f 1820/2/2646 1748/2/2654 2400/2/2658
f 1834/2/2871 1751/2/2872 2022/2/2873
f 1958/2/2874 1847/2/2874 1923/2/2874
f 2502/2/2875 2003/2/2876 2031/2/2877
f 2077/2/2878 1860/2/2738 2078/2/2879
f 2034/2/2880 1834/2/2880 2013/2/2880
f 1971/2/2881 1898/2/2881 1845/2/2882
f 1755/2/2883 1945/2/2884 2008/2/2885
f 2212/2/2642 2022/2/2755 2210/2/2756
f 1900/2/2886 1696/2/2418 1899/2/2887
f 1840/2/2752 1906/2/2888 1975/2/2888
f 1925/2/2889 1901/2/2890 1903/2/2891
f 2101/2/2892 1967/2/2892 2037/2/2893
f 1869/2/2894 2098/2/2894 1885/2/2895
f 2028/2/2896 2078/2/2896 1860/2/2897
f 1929/2/2898 1942/2/2899 1948/2/2900
f 1906/2/2901 1973/2/2901 1976/2/2902
f 2072/2/2903 2503/2/2904 2041/2/2905
f 1776/2/2135 2477/2/2583 1775/2/2135
f 1982/2/2906 1952/2/2907 1951/2/2908
f 2032/2/2909 2003/2/2909 2021/2/2910
f 1706/2/2911 1929/2/2912 1948/2/2912
f 1953/2/2913 1910/2/2914 1909/2/2914
f 1934/2/2915 1935/2/2916 1933/2/2917
f 1953/2/2918 2036/2/2918 1691/2/2919
f 1919/2/2920 1900/2/2921 1917/2/2922
f 1936/2/2923 1944/2/2923 1943/2/2923
f 1954/2/2924 1926/2/2925 1853/2/2926
f 1955/2/2927 1698/2/2927 1954/2/2927
f 1988/2/2928 1985/2/2929 1986/2/2930
f 1965/2/2931 1714/2/2931 2038/2/2931
f 2032/2/2787 2017/2/2932 2019/2/2933
f 1947/2/2934 1932/2/2934 1946/2/2934
f 1892/2/2935 1965/2/2935 1964/2/2936
f 1977/2/2809 1952/2/2937 2501/2/2938
f 1849/2/2939 1901/2/2939 1949/2/2939
f 1940/2/2940 1989/2/2940 1991/2/2940
f 1999/2/2941 1886/2/2941 1962/2/2942
f 1946/2/2943 1930/2/2944 1931/2/2945
f 1928/2/2946 1902/2/2947 1849/2/2948
f 2063/2/164 1762/2/164 2061/2/164
f 1938/2/2949 1939/2/2950 1937/2/2949
f 1917/2/2951 1899/2/2952 1922/2/2952
f 1908/2/2953 2038/2/2954 1714/2/2955
f 1890/2/2956 2008/2/2957 1945/2/2958
f 1936/2/2959 1938/2/2960 1937/2/2961
f 1972/2/2962 1842/2/2962 1843/2/2962
f 1870/2/2963 1871/2/2770 1869/2/2593
f 1962/2/2964 2020/2/2775 2000/2/2774
f 2073/2/164 2067/2/164 2048/2/164
f 2001/2/2965 2021/2/2773 2002/2/2792
f 1874/2/2777 1960/2/2966 2015/2/2778
f 1875/2/2967 1961/2/2968 1960/2/2966
f 1967/2/2969 2087/2/2969 2052/2/2970
f 1877/2/2971 1878/2/2972 1884/2/2973
f 1951/2/2974 2006/2/2782 1982/2/2784
f 2160/2/2975 1735/2/2976 2162/2/2977
f 2067/2/164 1758/2/164 2066/2/164
f 1853/2/2978 1927/2/2979 1852/2/2979
f 2166/2/319 2343/2/319 2341/2/319
f 1952/2/2980 1950/2/2980 1951/2/2981
f 1969/2/2982 1767/2/2982 1968/2/2983
f 1862/2/2984 1750/2/2984 1729/2/2985
f 2008/2/2885 2500/2/2986 1755/2/2883
f 2077/2/2987 2029/2/2988 2033/2/2989
f 1951/2/2974 1950/2/2990 2014/2/2991
f 2027/2/2992 1863/2/2993 2026/2/2994
f 2059/2/164 1764/2/164 1766/2/164
f 2018/2/2789 1962/2/2995 1886/2/2996
f 2412/2/2997 2408/2/2997 1832/2/2997
f 1874/2/2777 1765/2/1901 1763/2/1901
f 1863/2/2998 1729/2/2998 2026/2/2998
f 2016/2/2999 2019/2/2933 2017/2/2932
f 2075/2/3000 2049/2/3000 2068/2/3001
f 1908/2/3002 1845/2/3003 1992/2/3002
f 2017/2/2932 1886/2/2996 2098/2/3004
f 2014/2/2991 2007/2/3005 1951/2/2974
f 2037/2/3006 1747/2/3006 2101/2/3007
f 1893/2/3008 2013/2/3009 1835/2/3010
f 1905/2/3011 1979/2/3011 1840/2/3011
f 1905/2/3012 1975/2/3013 1974/2/3014
f 2501/2/3015 1880/2/3015 1977/2/3016
f 1960/2/3017 2019/2/3017 2015/2/3018
f 1981/2/3019 1960/2/3020 1961/2/3021
f 1963/2/3022 1964/2/3023 1891/2/3022
f 2502/2/3024 1980/2/3025 1984/2/3026
f 1912/2/3027 1909/2/3028 1910/2/3029
f 2501/2/2938 1984/2/3030 1980/2/3030
f 2071/2/3031 2503/2/3031 2042/2/3032
f 1941/2/3033 1990/2/3033 1989/2/3034
f 1921/2/3035 1919/2/3035 1896/2/3036
f 1995/2/3037 1881/2/3038 1882/2/3039
f 2014/2/3040 2040/2/3041 1889/2/3042
f 1890/2/3043 2014/2/3044 1889/2/3045
f 1877/2/2971 1961/2/2968 1876/2/2778
f 1744/2/2523 2081/2/3046 1746/2/3047
f 2025/2/3048 2070/2/3048 2024/2/3049
f 2500/2/3050 1767/2/3051 2044/2/3050
f 1898/2/3052 1718/2/3052 1897/2/3052
f 1755/2/3053 2044/2/3054 2082/2/3055
f 2058/2/2779 1766/2/164 2057/2/164
f 2045/2/3056 2076/2/3057 2084/2/3058
f 1752/2/3059 2085/2/3059 2100/2/3060
f 2076/2/3061 1767/2/3061 2043/2/3061
f 1926/2/3062 1700/2/2458 1927/2/3062
f 2076/2/3063 2099/2/3064 2084/2/3063
f 2414/2/3065 1831/2/3065 2417/2/3066
f 2329/2/3067 2153/2/3067 2133/2/3067
f 2319/2/3068 2118/2/3068 2314/2/3068
f 2348/2/3069 2349/2/3069 2110/2/3069
f 2037/2/3070 2503/2/3071 2025/2/2823
f 2055/2/2581 2041/2/3072 2052/2/3072
f 1773/2/1901 2094/2/3073 1756/2/1901
f 1771/2/1901 2093/2/1901 1773/2/1901
f 1771/2/1901 2091/2/1901 2092/2/1901
f 2095/2/1901 2090/2/1901 2091/2/1901
f 1760/2/1901 1875/2/2967 1761/2/1901
f 2097/2/1901 2088/2/1901 1769/2/1901
f 2097/2/1901 2083/2/1901 2086/2/1901
f 2081/2/1901 2094/2/3073 2093/2/1901
f 2068/2/164 2069/2/164 2059/2/164
f 2015/2/2778 1872/2/2771 1873/2/2776
f 2043/2/3074 2074/2/3075 2353/2/3075
f 2061/2/164 2071/2/164 2063/2/164
f 2089/2/1901 2090/2/1901 2088/2/1901
f 2089/2/1901 2086/2/1901 2087/2/1901
f 2085/2/1901 2086/2/1901 2083/2/1901
f 2017/2/2932 1871/2/3076 2016/2/3077
f 1969/2/3078 1994/2/2587 1879/2/2769
f 1745/2/3079 2068/2/3080 2049/2/3081
f 1771/2/2578 2011/2/3082 2095/2/3083
f 2031/2/2798 1981/2/3084 2502/2/3084
f 1879/2/2769 1880/2/2586 1878/2/2972
f 2044/2/3085 2045/2/2681 2082/2/2680
f 1759/2/1901 1876/2/2778 1760/2/1901
f 2043/2/3086 2047/2/3087 2046/2/3088
f 2099/2/1901 2083/2/1901 2084/2/1901
f 1881/2/3089 1977/2/3089 1880/2/3090
f 1983/2/2783 2004/2/2790 2003/2/2791
f 2090/2/1901 2101/2/1901 2091/2/1901
f 2070/2/164 2061/2/164 2060/2/164
f 2070/2/164 2059/2/164 2069/2/164
f 1746/2/1901 2081/2/1901 2093/2/1901
f 1747/2/1901 2091/2/1901 2101/2/1901
f 2046/2/164 2073/2/164 2074/2/164
f 1998/2/3091 1772/2/164 1774/2/164
f 1765/2/1901 1872/2/2771 1883/2/1901
f 2012/2/164 2002/2/2792 2011/2/164
f 1875/2/2967 1763/2/1901 1761/2/1901
f 2063/2/164 2064/2/164 2062/2/164
f 2005/2/3092 2009/2/164 2010/2/164
f 1962/2/2964 1998/2/3091 1999/2/2766
f 2042/2/164 2063/2/164 2071/2/164
f 2099/2/1901 2100/2/1901 2085/2/1901
f 2417/2/2629 2370/2/3093 2419/2/2630
f 2048/2/3094 2056/2/3094 2073/2/3095
f 2166/2/319 2165/2/319 2285/2/319
f 2181/2/2675 1819/2/2660 1817/2/2701
f 2221/2/917 1839/2/917 2220/2/917
f 2293/2/319 2336/2/319 2332/2/319
f 2169/2/319 2347/2/319 2168/2/319
f 2279/2/319 2349/2/319 2347/2/319
f 2170/2/319 2351/2/319 2349/2/319
f 2352/2/917 2113/2/917 2112/2/917
f 2226/2/917 1844/2/917 2224/2/917
f 2203/2/917 1858/2/917 2202/2/917
f 2152/2/319 2150/2/319 2151/2/319
f 2147/2/3096 1743/2/3097 2303/2/3098
f 1741/2/3099 2148/2/3100 2299/2/3101
f 2303/2/319 2319/2/319 2147/2/319
f 2301/2/319 2317/2/319 2303/2/319
f 2326/2/917 2129/2/917 2128/2/917
f 2300/2/319 2322/2/319 2321/2/319
f 2299/2/319 2327/2/319 2322/2/319
f 2149/2/319 2327/2/319 2148/2/319
f 2151/2/319 2325/2/319 2149/2/319
f 2199/2/917 2200/2/917 1856/2/917
f 2231/2/917 2229/2/917 2230/2/917
f 2156/2/319 2153/2/319 2154/2/319
f 2156/2/319 2157/2/319 2155/2/319
f 2307/2/319 2310/2/319 2309/2/319
f 2133/2/917 2134/2/917 2132/2/917
f 2239/2/917 2237/2/917 2238/2/917
f 2211/2/917 2208/2/917 2209/2/917
f 2158/2/319 2159/2/319 2337/2/319
f 2162/2/319 2159/2/319 2160/2/319
f 2301/2/3102 1742/2/3103 2300/2/3104
f 2285/2/319 2163/2/319 2164/2/319
f 2115/2/917 2116/2/917 2114/2/917
f 2231/2/917 2232/2/917 1846/2/917
f 2118/2/917 2119/2/917 2117/2/917
f 2219/2/917 2217/2/917 2218/2/917
f 2218/2/917 2215/2/917 2216/2/917
f 2323/2/917 2122/2/917 2123/2/917
f 2205/2/917 1858/2/917 2204/2/917
f 2211/2/917 2212/2/917 2210/2/917
f 2243/2/917 1851/2/917 2242/2/917
f 2194/2/917 2195/2/917 1851/2/917
f 2130/2/917 2131/2/917 2129/2/917
f 2329/2/917 2132/2/917 2131/2/917
f 2223/2/917 1844/2/917 2222/2/917
f 2334/2/917 2135/2/917 2331/2/917
f 2331/2/917 2134/2/917 2330/2/917
f 2333/2/917 2136/2/917 2334/2/917
f 2333/2/917 2138/2/917 2137/2/917
f 2140/2/917 2138/2/917 2335/2/917
f 2199/2/917 1855/2/917 2198/2/917
f 2213/2/917 1836/2/917 2212/2/917
f 2340/2/917 2143/2/917 2142/2/917
f 2241/2/917 1850/2/917 2239/2/917
f 2283/2/3105 2281/2/3106 2167/2/3107
f 2344/2/917 2103/2/917 2345/2/917
f 1907/2/917 2104/2/917 2344/2/917
f 2107/2/917 2105/2/917 1907/2/917
f 2230/2/917 2227/2/917 2228/2/917
f 2247/2/917 2196/2/917 2246/2/917
f 2145/2/319 2311/2/319 2307/2/319
f 2352/2/917 2111/2/917 2350/2/917
f 2277/2/319 2310/2/319 2351/2/319
f 2312/2/917 2114/2/917 2113/2/917
f 2095/2/3083 1770/2/3108 2096/2/3108
f 1787/2/3109 2449/2/3110 2171/2/2516
f 2174/2/3111 2172/2/3112 1787/2/3109
f 2175/2/2575 2173/2/3113 2174/2/3111
f 2096/2/3108 2010/2/2519 1769/2/2519
f 1769/2/2519 2009/2/2544 2097/2/2519
f 2180/2/2564 2453/2/3114 2178/2/2571
f 1883/2/2833 1764/2/2577 1765/2/2578
f 2183/2/2561 2454/2/3115 2181/2/2562
f 1765/2/2578 1762/2/3082 1763/2/3116
f 1812/2/3117 2457/2/3118 1815/2/2559
f 1810/2/3119 2184/2/3120 1812/2/3117
f 1807/2/3121 2458/2/3122 1810/2/3119
f 2187/2/3123 2185/2/3124 1807/2/3121
f 2188/2/3125 2186/2/3126 2187/2/3123
f 1802/2/3127 2462/2/3128 2188/2/3125
f 2189/2/3129 2463/2/3130 1802/2/3127
f 2190/2/2558 2464/2/3131 2189/2/3129
f 1763/2/3116 2062/2/3108 1761/2/3108
f 2192/2/3132 2467/2/3133 2191/2/2556
f 1793/2/3134 2468/2/3135 2192/2/3132
f 2193/2/1989 2469/2/3136 1793/2/3134
f 1790/2/2555 2444/2/3137 2193/2/1989
f 1761/2/3108 2064/2/2519 1760/2/2519
f 2196/2/917 1854/2/917 2195/2/917
f 2167/2/319 2346/2/319 2343/2/319
f 2318/2/917 2122/2/917 2121/2/917
f 2146/2/319 2316/2/319 2305/2/319
f 2228/2/917 2225/2/917 2226/2/917
f 2293/2/319 2157/2/319 2295/2/319
f 2348/2/917 2106/2/917 2107/2/917
f 2197/2/917 1855/2/917 1854/2/917
f 2271/2/917 2233/2/917 2270/2/917
f 2339/2/917 2139/2/917 2140/2/917
f 2324/2/917 2128/2/917 2127/2/917
f 2156/2/3138 1737/2/3139 2295/2/3140
f 2126/2/917 2124/2/917 2323/2/917
f 2301/2/319 2321/2/319 2320/2/319
f 2236/2/917 2237/2/917 2235/2/917
f 2234/2/917 2235/2/917 1848/2/917
f 2262/2/917 2221/2/917 2220/2/917
f 2350/2/917 2109/2/917 2110/2/917
f 2154/2/319 2328/2/319 2152/2/319
f 2305/2/319 2313/2/319 2145/2/319
f 2264/2/917 2224/2/917 2223/2/917
f 2162/2/2977 2287/2/3141 2164/2/3142
f 2221/2/917 2222/2/917 1841/2/917
f 2149/2/3143 2297/2/3144 2151/2/3145
f 2315/2/917 2117/2/917 2116/2/917
f 2147/2/319 2314/2/319 2146/2/319
f 2214/2/917 2215/2/917 1836/2/917
f 1769/2/1901 2090/2/1901 2096/2/1901
f 2342/2/917 2103/2/917 2102/2/917
f 2339/2/917 2142/2/917 2141/2/917
f 2286/2/3146 2166/2/3147 2285/2/3148
f 2144/2/917 2102/2/917 2143/2/917
f 1736/2/3149 2160/2/2975 2158/2/3150
f 2248/2/917 2199/2/917 2198/2/917
f 2273/2/917 2236/2/917 2272/2/917
f 2253/2/917 2204/2/917 2252/2/917
f 2270/2/917 2231/2/917 2269/2/917
f 2268/2/917 2228/2/917 2267/2/917
f 2266/2/917 2224/2/917 2265/2/917
f 2244/2/917 2194/2/917 2243/2/917
f 2207/2/917 1859/2/917 2205/2/917
f 2251/2/917 2204/2/917 2203/2/917
f 2246/2/917 2194/2/917 2245/2/917
f 2260/2/917 2219/2/917 2218/2/917
f 2264/2/917 2221/2/917 2263/2/917
f 2268/2/917 2231/2/917 2230/2/917
f 2258/2/917 2213/2/917 2257/2/917
f 2257/2/917 2211/2/917 2256/2/917
f 2253/2/917 2207/2/917 2205/2/917
f 2275/2/917 2243/2/917 2241/2/917
f 2281/2/319 2168/2/319 2346/2/319
f 2274/2/917 2238/2/917 2273/2/917
f 2110/2/917 2108/2/917 2348/2/917
f 2249/2/917 2201/2/917 2199/2/917
f 2251/2/917 2201/2/917 2250/2/917
f 2272/2/917 2234/2/917 2271/2/917
f 2259/2/917 2218/2/917 2216/2/917
f 2220/2/917 1838/2/917 2219/2/917
f 2261/2/917 2220/2/917 2219/2/917
f 2256/2/917 2209/2/917 2255/2/917
f 2259/2/917 2214/2/917 2258/2/917
f 2274/2/917 2241/2/917 2239/2/917
f 2266/2/917 2228/2/917 2226/2/917
f 2203/2/917 2200/2/917 2201/2/917
f 2279/2/3151 1733/2/3152 2170/2/3153
f 2209/2/917 2206/2/917 2207/2/917
f 2324/2/917 2125/2/917 2126/2/917
f 2306/2/3154 2305/2/3155 2145/2/3156
f 2303/2/3098 2302/2/3157 2301/2/3102
f 2120/2/917 2121/2/917 2119/2/917
f 2146/2/3158 2304/2/3159 2147/2/3096
f 2164/2/319 2161/2/319 2162/2/319
f 2300/2/3104 1741/2/3099 2299/2/3101
f 2233/2/917 1848/2/917 2232/2/917
f 2298/2/3160 2149/2/3143 2148/2/3100
f 2254/2/917 2209/2/917 2207/2/917
f 1739/2/3161 2154/2/3162 2152/2/3163
f 2294/2/3164 2291/2/3165 2293/2/3166
f 2154/2/3162 2296/2/3167 2156/2/3138
f 2243/2/917 2240/2/917 2241/2/917
f 1737/2/3139 2293/2/3166 2295/2/3140
f 1732/2/3168 2146/2/3158 2305/2/3155
f 2169/2/3169 1734/2/3170 2279/2/3151
f 2291/2/3165 2290/2/3171 2289/2/3172
f 2247/2/917 2198/2/917 2197/2/917
f 2284/2/3173 2167/2/3107 2166/2/3147
f 2289/2/319 2337/2/319 2338/2/319
f 2289/2/3172 1736/2/3149 2158/2/3150
f 2308/2/3174 2145/2/3156 2307/2/3175
f 2287/2/3141 2285/2/3148 2164/2/3142
f 2289/2/319 2336/2/319 2291/2/319
f 2282/2/3176 2169/2/3169 2281/2/3106
f 2309/2/3177 2308/2/3174 2307/2/3175
f 2297/2/3144 2152/2/3163 2151/2/3145
f 2170/2/3153 2278/2/3178 2277/2/3179
f 2309/2/3177 2278/2/3178 2276/2/3180
f 2053/2/2522 1745/2/3079 1744/2/2523
f 2069/2/3181 2024/2/3182 2070/2/3183
f 2353/2/3184 1752/2/2579 1753/2/3184
f 2487/2/2135 1777/2/2135 2491/2/2135
f 1776/2/2135 1779/2/2590 1778/2/2135
f 2007/2/3005 2009/2/164 2006/2/2782
f 1870/2/2963 1883/2/1901 1872/2/2771
f 1745/2/3079 2080/2/3185 1744/2/2523
f 2050/2/3186 2094/2/3073 2079/2/3187
f 2310/2/3188 2311/2/3188 2312/2/3188
f 2312/2/3188 2352/2/3188 2310/2/3188
f 2311/2/3189 2313/2/3189 2115/2/3189
f 2115/2/3189 2312/2/3189 2311/2/3189
f 2313/2/3190 2316/2/3191 2315/2/3192
f 2315/2/3192 2115/2/3190 2313/2/3190
f 2316/2/3193 2314/2/3193 2118/2/3193
f 2118/2/3193 2315/2/3193 2316/2/3193
f 2319/2/3194 2317/2/3194 2318/2/3194
f 2318/2/3194 2120/2/3194 2319/2/3194
f 2317/2/3195 2320/2/3195 2123/2/3195
f 2123/2/3195 2318/2/3195 2317/2/3195
f 2320/2/3196 2321/2/3196 2323/2/3196
f 2323/2/3196 2123/2/3196 2320/2/3196
f 2321/2/3197 2322/2/3197 2126/2/3197
f 2126/2/3197 2323/2/3197 2321/2/3197
f 2322/2/3198 2327/2/3198 2324/2/3198
f 2324/2/3198 2126/2/3198 2322/2/3198
f 2327/2/3199 2325/2/3199 2326/2/3199
f 2326/2/3199 2324/2/3199 2327/2/3199
f 2325/2/3200 2150/2/3200 2130/2/3200
f 2130/2/3200 2326/2/3200 2325/2/3200
f 2150/2/3201 2328/2/3201 2329/2/3201
f 2329/2/3201 2130/2/3201 2150/2/3201
f 2153/2/3202 2155/2/3202 2330/2/3202
f 2330/2/3202 2133/2/3202 2153/2/3202
f 2155/2/3203 2157/2/3203 2331/2/3203
f 2331/2/3203 2330/2/3203 2155/2/3203
f 2157/2/3204 2332/2/3204 2334/2/3204
f 2334/2/3204 2331/2/3204 2157/2/3204
f 2332/2/3205 2336/2/3205 2333/2/3205
f 2333/2/3205 2334/2/3205 2332/2/3205
f 2336/2/3206 2338/2/3206 2335/2/3206
f 2335/2/3206 2333/2/3206 2336/2/3206
f 2338/2/3207 2337/2/3207 2140/2/3207
f 2140/2/3207 2335/2/3207 2338/2/3207
f 2337/2/3208 2159/2/3208 2339/2/3208
f 2339/2/3208 2140/2/3208 2337/2/3208
f 2159/2/3209 2161/2/3209 2340/2/3209
f 2340/2/3209 2339/2/3209 2159/2/3209
f 2161/2/3210 2163/2/3210 2144/2/3210
f 2144/2/3210 2340/2/3210 2161/2/3210
f 2163/2/3211 2165/2/3211 2342/2/3211
f 2342/2/3211 2144/2/3211 2163/2/3211
f 2165/2/3212 2341/2/3213 2345/2/3212
f 2345/2/3212 2342/2/3212 2165/2/3212
f 2341/2/3214 2343/2/3214 2344/2/3214
f 2344/2/3214 2345/2/3214 2341/2/3214
f 2343/2/3215 2346/2/3215 1907/2/3215
f 1907/2/3215 2344/2/3215 2343/2/3215
f 2168/2/3216 2347/2/3217 2348/2/3217
f 2348/2/3217 2107/2/3216 2168/2/3216
f 2349/2/3218 2351/2/3218 2350/2/3218
f 2350/2/3218 2110/2/3218 2349/2/3218
f 2351/2/3219 2310/2/3219 2352/2/3219
f 2352/2/3219 2350/2/3219 2351/2/3219
f 1778/2/2135 2483/2/2135 2486/2/2135
f 2496/2/2590 2498/2/2583 2497/2/2135
f 2354/2/3220 2356/2/3221 1784/2/3222
f 1784/2/3222 2381/2/3223 2354/2/3220
f 2356/2/3224 2355/2/3225 2387/2/3226
f 2387/2/3226 1784/2/3227 2356/2/3224
f 2355/2/3228 2357/2/3229 1829/2/3228
f 1829/2/3228 2387/2/3230 2355/2/3228
f 2357/2/3231 2358/2/3232 2391/2/3233
f 2391/2/3233 1829/2/3234 2357/2/3231
f 2358/2/3235 2359/2/3236 2392/2/3237
f 2392/2/3237 2391/2/3238 2358/2/3235
f 2359/2/3239 2360/2/3240 2397/2/3241
f 2397/2/3241 2392/2/3242 2359/2/3239
f 2360/2/3243 2361/2/3244 1822/2/3245
f 1822/2/3245 2397/2/3246 2360/2/3243
f 2361/2/3247 2362/2/3248 2403/2/3249
f 2403/2/3249 1822/2/3250 2361/2/3247
f 2362/2/3251 2363/2/3252 2401/2/3253
f 2401/2/3253 2403/2/3254 2362/2/3251
f 2363/2/3255 2364/2/3256 2407/2/3257
f 2407/2/3257 2401/2/3258 2363/2/3255
f 2364/2/3259 2366/2/3260 2410/2/3261
f 2410/2/3261 2407/2/3262 2364/2/3259
f 2366/2/3263 2365/2/3264 2416/2/3265
f 2416/2/3265 2410/2/3266 2366/2/3263
f 2365/2/3267 2367/2/3268 2415/2/3267
f 2415/2/3267 2416/2/3269 2365/2/3267
f 2367/2/3270 2368/2/3271 2370/2/3272
f 2370/2/3272 2415/2/3273 2367/2/3270
f 2368/2/3274 2369/2/3275 2421/2/3274
f 2421/2/3274 2370/2/3276 2368/2/3274
f 2369/2/3277 2371/2/3278 2424/2/3279
f 2424/2/3279 2421/2/3280 2369/2/3277
f 2371/2/3281 2372/2/3282 2425/2/3281
f 2425/2/3281 2424/2/3283 2371/2/3281
f 2372/2/3284 2373/2/3285 2429/2/3284
f 2429/2/3284 2425/2/3286 2372/2/3284
f 2373/2/3287 2374/2/3288 2432/2/3289
f 2432/2/3289 2429/2/3290 2373/2/3287
f 2374/2/3291 2375/2/3292 2433/2/3293
f 2433/2/3293 2432/2/3294 2374/2/3291
f 2375/2/3295 2378/2/3295 2376/2/3295
f 2376/2/3295 2433/2/3295 2375/2/3295
f 2378/2/3296 2379/2/3297 2377/2/3296
f 2377/2/3296 2376/2/3298 2378/2/3296
f 2379/2/3299 2380/2/3300 2440/2/3299
f 2440/2/3299 2377/2/3301 2379/2/3299
f 2380/2/3302 2354/2/3303 2381/2/3304
f 2381/2/3304 2440/2/3305 2380/2/3302
f 2381/2/3306 1784/2/3306 2382/2/3306
f 2387/2/3307 1829/2/3307 2389/2/3307
f 2390/2/3308 2389/2/3308 1829/2/3308
f 2386/2/3309 1830/2/3309 2390/2/3309
f 2391/2/3310 2392/2/3310 2393/2/3310
f 2394/2/3311 1888/2/3311 2392/2/3311
f 2399/2/3312 2397/2/3312 2395/2/3312
f 2397/2/3313 1822/2/3313 1749/2/3313
f 1749/2/3314 2396/2/3314 2397/2/3314
f 1748/2/3315 1749/2/3315 1822/2/3315
f 2400/2/3316 1821/2/3316 2403/2/3316
f 2403/2/3317 2404/2/3317 2400/2/3317
f 2403/2/3318 2401/2/3318 1833/2/3318
f 2402/2/3319 2403/2/3319 1821/2/3319
f 2401/2/3320 2406/2/3320 2405/2/3320
f 2405/2/3320 1833/2/3321 2401/2/3320
f 2406/2/3322 2400/2/3323 2404/2/3323
f 2404/2/3323 2405/2/3322 2406/2/3322
f 2408/2/3324 1818/2/3325 2407/2/3324
f 2407/2/3324 1832/2/3326 2408/2/3324
f 1818/2/3327 2410/2/3328 2409/2/3329
f 2409/2/3329 2407/2/3330 1818/2/3327
f 2410/2/3331 2411/2/3332 2412/2/3331
f 2412/2/3331 2409/2/3333 2410/2/3331
f 1915/2/3334 2413/2/3335 2416/2/3336
f 2416/2/3336 2414/2/3337 1915/2/3334
f 2413/2/3338 2415/2/3339 1831/2/3340
f 1831/2/3340 2416/2/3341 2413/2/3338
f 2415/2/3342 1916/2/3343 2417/2/3344
f 2417/2/3344 1831/2/3345 2415/2/3342
f 2419/2/3346 2370/2/3346 1864/2/3346
f 1864/2/3347 2418/2/3347 2419/2/3347
f 2423/2/3348 2421/2/3348 1805/2/3348
f 2423/2/3349 2419/2/3349 2422/2/3349
f 2424/2/3350 2427/2/3350 2426/2/3350
f 2425/2/3351 1801/2/3351 2428/2/3351
f 1801/2/3352 2426/2/3353 2427/2/3354
f 2427/2/3354 2428/2/3355 1801/2/3352
f 1799/2/3356 2429/2/3357 2430/2/3356
f 2430/2/3356 1867/2/3358 1799/2/3356
f 2430/2/3359 2432/2/3359 1866/2/3359
f 2432/2/3360 2430/2/3360 2429/2/3360
f 2432/2/3361 1797/2/3362 2431/2/3363
f 2431/2/3363 1866/2/3364 2432/2/3361
f 1797/2/3365 1799/2/3366 1867/2/3366
f 1867/2/3366 2431/2/3365 1797/2/3365
f 1865/2/3367 2433/2/3367 2434/2/3367
f 2433/2/3368 2376/2/3369 2435/2/3369
f 2435/2/3369 2434/2/3368 2433/2/3368
f 2437/2/3370 2435/2/3370 2376/2/3370
f 2441/2/3371 2377/2/3371 1894/2/3371
f 1894/2/3372 1895/2/3372 2441/2/3372
f 2440/2/3373 1894/2/3373 2377/2/3373
f 2440/2/3374 2442/2/3374 2439/2/3374
f 2442/2/3375 2441/2/3376 1895/2/3377
f 1895/2/3377 2439/2/3378 2442/2/3375
f 2444/2/2135 2445/2/2135 2443/2/2583
f 2443/2/2583 2472/2/2135 2444/2/2135
f 2445/2/2135 2446/2/2135 2447/2/2135
f 2447/2/2135 2443/2/2583 2445/2/2135
f 2446/2/2135 2449/2/2135 2448/2/2135
f 2448/2/2135 2447/2/2135 2446/2/2135
f 2449/2/2135 2172/2/2135 2476/2/2135
f 2476/2/2135 2448/2/2135 2449/2/2135
f 2172/2/2135 2173/2/2135 2478/2/2135
f 2478/2/2135 2476/2/2135 2172/2/2135
f 2173/2/2135 2450/2/2135 2452/2/2135
f 2452/2/2135 2478/2/2135 2173/2/2135
f 2450/2/2135 2176/2/2135 2451/2/2135
f 2451/2/2135 2452/2/2135 2450/2/2135
f 2176/2/2135 2453/2/2135 2480/2/2135
f 2480/2/2135 2451/2/2135 2176/2/2135
f 2453/2/2135 2179/2/2135 2482/2/2135
f 2482/2/2135 2480/2/2135 2453/2/2135
f 2179/2/2135 2454/2/2135 2481/2/2135
f 2481/2/2135 2482/2/2135 2179/2/2135
f 2454/2/2135 2182/2/2135 2484/2/2135
f 2484/2/2135 2481/2/2135 2454/2/2135
f 2182/2/2135 2457/2/2135 2455/2/2135
f 2455/2/2135 2484/2/2135 2182/2/2135
f 2457/2/2135 2184/2/2135 2456/2/2135
f 2456/2/2135 2455/2/2135 2457/2/2135
f 2184/2/2135 2458/2/2135 2459/2/2135
f 2459/2/2135 2456/2/2135 2184/2/2135
f 2458/2/2135 2185/2/2135 2460/2/2135
f 2460/2/2135 2459/2/2135 2458/2/2135
f 2185/2/2135 2186/2/2135 2461/2/2135
f 2461/2/2135 2460/2/2135 2185/2/2135
f 2186/2/2135 2462/2/2135 2489/2/2135
f 2489/2/2135 2461/2/2135 2186/2/2135
f 2462/2/2135 2463/2/2135 2490/2/2135
f 2490/2/2135 2489/2/2135 2462/2/2135
f 2463/2/2135 2464/2/2135 2493/2/2135
f 2493/2/2135 2490/2/2135 2463/2/2135
f 2464/2/2135 2465/2/2135 2466/2/2135
f 2466/2/2135 2493/2/2135 2464/2/2135
f 2465/2/2135 2467/2/2135 2495/2/2135
f 2495/2/2135 2466/2/2135 2465/2/2135
f 2467/2/2135 2468/2/2135 2499/2/2135
f 2499/2/2135 2495/2/2135 2467/2/2135
f 2468/2/2135 2469/2/2135 2470/2/2135
f 2470/2/2135 2499/2/2135 2468/2/2135
f 2469/2/2135 2444/2/2135 2472/2/2135
f 2472/2/2135 2470/2/2135 2469/2/2135
f 2472/2/3379 2443/2/3379 1781/2/3379
f 1781/2/3379 2471/2/3380 2472/2/3379
f 2443/2/3381 2447/2/3382 2473/2/3381
f 2473/2/3381 1781/2/3383 2443/2/3381
f 2447/2/3384 2448/2/3385 2474/2/3386
f 2474/2/3386 2473/2/3387 2447/2/3384
f 2448/2/3388 2476/2/3389 2475/2/3388
f 2475/2/3388 2474/2/3388 2448/2/3388
f 2476/2/3390 2478/2/3391 2477/2/3390
f 2477/2/3390 2475/2/3392 2476/2/3390
f 2478/2/3393 2452/2/3393 1775/2/3393
f 1775/2/3393 2477/2/3393 2478/2/3393
f 2452/2/3394 2451/2/3394 1776/2/3394
f 1776/2/3394 1775/2/3394 2452/2/3394
f 2451/2/3395 2480/2/3396 2479/2/3397
f 2479/2/3397 1776/2/3398 2451/2/3395
f 2480/2/3399 2482/2/3399 1779/2/3399
f 1779/2/3399 2479/2/3399 2480/2/3399
f 2482/2/3400 2481/2/3401 1780/2/3400
f 1780/2/3400 1779/2/3402 2482/2/3400
f 2481/2/3403 2484/2/3404 1778/2/3403
f 1778/2/3403 1780/2/3403 2481/2/3403
f 2484/2/3405 2455/2/3406 2483/2/3407
f 2483/2/3407 1778/2/3408 2484/2/3405
f 2455/2/3409 2456/2/3410 2486/2/3411
f 2486/2/3411 2483/2/3412 2455/2/3409
f 2456/2/3413 2459/2/3414 2485/2/3415
f 2485/2/3415 2486/2/3416 2456/2/3413
f 2459/2/3417 2460/2/3417 2487/2/3417
f 2487/2/3418 2485/2/3418 2459/2/3418
f 2460/2/3419 2461/2/3420 2488/2/3419
f 2488/2/3419 2487/2/3421 2460/2/3419
f 2461/2/3422 2489/2/3423 1777/2/3422
f 1777/2/3422 2488/2/3424 2461/2/3422
f 2489/2/3425 2490/2/3425 2492/2/3425
f 2492/2/3426 1777/2/3426 2489/2/3426
f 2490/2/3427 2493/2/3427 2491/2/3427
f 2491/2/3428 2492/2/3428 2490/2/3428
f 2493/2/3429 2466/2/3430 2494/2/3431
f 2494/2/3431 2491/2/3432 2493/2/3429
f 2466/2/3433 2495/2/3434 2496/2/3435
f 2496/2/3435 2494/2/3436 2466/2/3433
f 2495/2/3437 2499/2/3437 2498/2/3437
f 2498/2/3437 2496/2/3437 2495/2/3437
f 2499/2/3438 2470/2/3439 2497/2/3438
f 2497/2/3438 2498/2/3438 2499/2/3438
f 2470/2/3440 2472/2/3440 2471/2/3440
f 2471/2/3440 2497/2/3440 2470/2/3440
f 145/1/1 1228/1/102 146/1/2
f 1200/1/4 41/1/150 200/1/5
f 5/1/7 11/1/68 9/1/8
f 10/1/9 9/1/8 1232/1/10
f 805/1/12 806/1/1389 758/1/13
f 6/1/15 4/1/292 217/1/16
f 1237/1/18 206/1/95 13/1/19
f 42/1/21 1245/1/74 1244/1/22
f 176/1/24 1243/1/261 1048/1/25
f 123/1/27 177/1/26 1048/1/25
f 1067/1/29 1069/1/120 5/1/7
f 585/1/30 821/1/207 799/1/31
f 218/1/33 219/1/90 7/1/17
f 1043/1/34 35/1/38 37/1/35
f 32/1/37 33/1/123 35/1/38
f 54/1/39 27/1/89 55/1/40
f 49/1/42 51/1/1893 87/1/43
f 16/1/45 191/1/213 193/1/46
f 207/1/48 206/1/95 1237/1/18
f 43/1/50 45/1/73 47/1/51
f 211/1/53 214/1/3441 516/1/54
f 1234/1/56 68/1/113 70/1/57
f 162/1/59 163/1/71 22/1/60
f 184/1/62 183/1/87 182/1/63
f 58/1/65 1247/1/88 1246/1/66
f 1248/1/41 55/1/40 11/1/68
f 1052/1/70 1240/1/106 163/1/71
f 45/1/73 43/1/50 1245/1/74
f 52/1/67 1246/1/66 1036/1/75
f 40/1/23 37/1/35 109/1/77
f 815/1/79 775/1/1328 774/1/80
f 1205/1/82 188/1/86 208/1/83
f 185/1/85 13/1/19 188/1/86
f 1247/1/88 58/1/65 27/1/89
f 7/1/17 1235/1/119 1067/1/29
f 219/1/90 207/1/48 1236/1/49
f 127/1/92 190/1/93 130/1/93
f 182/1/63 183/1/87 188/1/86
f 210/1/94 208/1/83 206/1/95
f 185/1/85 18/1/111 1238/1/96
f 350/1/98 351/1/613 1188/1/99
f 63/1/101 1231/1/267 1228/1/102
f 1221/1/103 1222/1/1894 96/1/104
f 1240/1/106 1239/1/121 22/1/60
f 26/1/72 24/1/240 1241/1/107
f 20/1/108 1057/1/3442 19/1/109
f 47/1/51 46/1/76 1036/1/75
f 19/1/109 1057/1/3442 1238/1/96
f 1/1/112 66/1/348 68/1/113
f 36/1/36 37/1/35 40/1/23
f 96/1/104 1222/1/1894 1218/1/114
f 188/1/86 13/1/19 206/1/95
f 124/1/116 143/1/205 159/1/117
f 219/1/90 8/1/91 1235/1/119
f 11/1/68 5/1/7 1069/1/120
f 1239/1/121 20/1/108 21/1/110
f 1242/1/122 34/1/3443 33/1/123
f 1225/1/124 119/1/1378 56/1/125
f 45/1/73 118/1/126 56/1/125
f 13/1/19 185/1/85 1060/1/97
f 1211/1/127 1208/1/337 108/1/128
f 1203/1/130 1202/1/6 200/1/5
f 971/1/132 588/1/137 590/1/133
f 89/1/134 50/1/44 87/1/43
f 973/1/136 586/1/168 588/1/137
f 88/1/135 87/1/43 85/1/138
f 704/1/140 513/1/590 515/1/141
f 961/1/143 306/1/148 304/1/144
f 703/1/142 515/1/141 701/1/137
f 963/1/147 307/1/685 306/1/148
f 73/1/149 200/1/5 41/1/150
f 684/1/152 502/1/156 683/1/153
f 685/1/155 524/1/159 502/1/156
f 86/1/139 85/1/138 104/1/129
f 686/1/158 523/1/161 524/1/159
f 687/1/160 522/1/606 523/1/161
f 982/1/162 313/1/1224 311/1/163
f 979/1/164 312/1/163 311/1/163
f 979/1/164 310/1/164 583/1/165
f 977/1/166 583/1/165 584/1/167
f 975/1/140 584/1/167 586/1/168
f 78/1/169 180/1/374 76/1/170
f 691/1/172 1156/1/173 692/1/173
f 694/1/174 693/1/1233 692/1/173
f 297/1/156 999/1/175 602/1/175
f 383/1/177 345/1/610 343/1/178
f 713/1/180 712/1/678 507/1/181
f 286/1/183 288/1/184 287/1/184
f 377/1/186 336/1/596 335/1/187
f 385/1/189 347/1/639 346/1/190
f 366/1/192 322/1/624 320/1/193
f 390/1/195 355/1/615 353/1/196
f 69/1/198 71/1/609 70/1/57
f 67/1/199 66/1/348 2/1/200
f 88/1/135 86/1/139 152/1/202
f 160/1/204 159/1/117 143/1/205
f 184/1/62 18/1/111 185/1/85
f 105/1/206 1211/1/127 104/1/129
f 821/1/207 822/1/1370 800/1/208
f 395/1/209 362/1/682 361/1/210
f 192/1/212 1217/1/312 193/1/46
f 951/1/214 251/1/452 526/1/215
f 58/1/65 52/1/67 53/1/217
f 158/1/219 1206/1/410 157/1/220
f 1207/1/222 158/1/219 133/1/221
f 27/1/89 58/1/65 30/1/218
f 209/1/225 195/1/84 208/1/83
f 87/1/43 51/1/1893 105/1/206
f 610/1/226 761/1/1353 759/1/227
f 178/1/229 177/1/26 123/1/27
f 15/1/231 1227/1/581 1224/1/232
f 589/1/234 794/1/1335 792/1/235
f 33/1/123 34/1/3443 117/1/237
f 178/1/229 116/1/342 176/1/24
f 122/1/230 124/1/116 1212/1/118
f 122/1/230 123/1/27 24/1/240
f 31/1/224 30/1/218 39/1/241
f 181/1/243 1203/1/130 74/1/131
f 59/1/244 103/1/293 1221/1/103
f 173/1/245 184/1/62 179/1/64
f 163/1/71 162/1/59 143/1/205
f 1216/1/247 17/1/372 16/1/45
f 168/1/248 170/1/248 169/1/248
f 591/1/236 792/1/235 790/1/250
f 21/1/110 19/1/109 173/1/245
f 1191/1/253 1162/1/1858 1160/1/254
f 164/1/256 215/1/256 212/1/257
f 1155/1/258 1154/1/923 351/1/259
f 176/1/24 34/1/3443 1242/1/122
f 197/1/262 503/1/3444 138/1/263
f 156/1/264 205/1/264 171/1/265
f 202/1/266 151/1/266 150/1/266
f 2/1/200 1229/1/347 1231/1/267
f 1170/1/268 1168/1/920 1193/1/269
f 344/1/271 1147/1/1857 1146/1/272
f 1187/1/274 1149/1/1856 1148/1/275
f 1198/1/277 1178/1/1779 1177/1/278
f 1158/1/280 1157/1/922 354/1/281
f 186/1/283 189/1/283 125/1/284
f 169/1/286 187/1/286 518/1/286
f 147/1/287 201/1/3445 506/1/288
f 110/1/290 1220/1/1384 1219/1/291
f 6/1/15 5/1/7 10/1/9
f 103/1/293 59/1/244 14/1/233
f 134/1/294 136/1/294 137/1/295
f 131/1/297 194/1/3446 135/1/298
f 165/1/299 212/1/299 213/1/299
f 1164/1/300 1163/1/919 316/1/301
f 1192/1/303 1165/1/1855 1164/1/300
f 1175/1/304 1173/1/1853 1195/1/305
f 149/1/307 203/1/3447 152/1/308
f 135/1/310 194/1/310 136/1/311
f 172/1/115 1218/1/114 1217/1/312
f 57/1/313 53/1/217 52/1/67
f 106/1/314 107/1/78 109/1/77
f 155/1/315 205/1/316 156/1/316
f 1223/1/317 101/1/318 107/1/78
f 42/1/21 40/1/23 107/1/78
f 126/1/319 130/1/319 521/1/319
f 132/1/320 128/1/3448 127/1/321
f 198/1/323 505/1/3449 141/1/324
f 333/1/325 1180/1/1787 1179/1/326
f 140/1/328 504/1/3450 196/1/329
f 1138/1/331 1137/1/1786 1181/1/332
f 201/1/334 202/1/3451 148/1/335
f 50/1/44 23/1/371 48/1/336
f 1208/1/337 121/1/433 114/1/338
f 816/1/339 598/1/355 780/1/340
f 173/1/245 19/1/109 18/1/111
f 45/1/73 42/1/21 101/1/318
f 1225/1/124 118/1/126 101/1/318
f 117/1/237 34/1/3443 176/1/24
f 597/1/343 596/1/1385 783/1/344
f 175/1/346 174/1/252 173/1/245
f 210/1/94 207/1/48 219/1/90
f 1229/1/347 2/1/200 66/1/348
f 57/1/313 1226/1/1377 38/1/349
f 124/1/116 24/1/240 26/1/72
f 60/1/350 100/1/363 136/1/351
f 202/1/353 90/1/427 89/1/134
f 597/1/343 782/1/345 780/1/340
f 27/1/89 31/1/224 28/1/356
f 170/1/357 213/1/357 75/1/358
f 73/1/149 72/1/151 169/1/359
f 162/1/59 161/1/61 1210/1/361
f 137/1/362 136/1/3452 100/1/363
f 197/1/365 98/1/405 97/1/366
f 147/1/368 92/1/673 91/1/369
f 1216/1/247 48/1/336 23/1/371
f 1204/1/373 181/1/243 76/1/170
f 155/1/375 83/1/416 82/1/376
f 178/1/229 122/1/230 1213/1/239
f 46/1/76 47/1/51 56/1/125
f 94/1/379 93/1/394 198/1/380
f 89/1/134 88/1/135 203/1/382
f 81/1/384 80/1/1225 211/1/385
f 69/1/198 67/1/199 189/1/387
f 78/1/169 215/1/3453 214/1/389
f 190/1/391 62/1/421 61/1/392
f 1199/1/58 70/1/57 41/1/150
f 93/1/394 92/1/673 147/1/395
f 152/1/397 86/1/139 84/1/157
f 212/1/399 77/1/171 75/1/358
f 31/1/224 1230/1/242 29/1/401
f 199/1/402 139/1/3454 95/1/403
f 197/1/404 137/1/3455 99/1/364
f 187/1/406 71/1/609 69/1/198
f 82/1/376 81/1/384 171/1/408
f 1206/1/410 1204/1/373 180/1/374
f 113/1/238 110/1/290 35/1/38
f 196/1/411 97/1/366 95/1/403
f 131/1/413 61/1/392 60/1/350
f 204/1/415 84/1/157 83/1/416
f 4/1/292 10/1/9 1233/1/11
f 28/1/356 9/1/8 11/1/68
f 190/1/419 127/1/3456 64/1/420
f 67/1/199 65/1/201 128/1/422
f 215/1/424 78/1/169 77/1/171
f 201/1/426 91/1/369 90/1/427
f 72/1/151 71/1/609 187/1/429
f 65/1/201 64/1/420 127/1/431
f 3/1/418 216/1/1372 217/1/16
f 35/1/38 110/1/290 109/1/77
f 121/1/433 1207/1/222 120/1/223
f 552/1/434 551/1/959 227/1/435
f 239/1/437 535/1/957 536/1/438
f 946/1/440 225/1/472 224/1/441
f 538/1/443 539/1/970 235/1/444
f 929/1/446 928/1/501 236/1/447
f 791/1/449 220/1/495 221/1/450
f 251/1/452 950/1/940 220/1/453
f 932/1/454 931/1/490 233/1/455
f 932/1/454 540/1/454 542/1/456
f 232/1/458 934/1/457 542/1/456
f 949/1/460 223/1/968 221/1/461
f 230/1/463 229/1/498 545/1/464
f 802/1/466 244/1/973 530/1/467
f 922/1/469 954/1/505 244/1/470
f 946/1/440 226/1/976 551/1/471
f 252/1/473 416/1/525 284/1/474
f 531/1/468 530/1/467 245/1/476
f 246/1/477 247/1/496 528/1/478
f 927/1/479 238/1/439 536/1/438
f 796/1/481 248/1/943 250/1/482
f 533/1/484 241/1/977 243/1/485
f 228/1/465 545/1/464 546/1/487
f 930/1/489 234/1/972 233/1/455
f 939/1/491 547/1/502 549/1/492
f 793/1/494 526/1/971 220/1/495
f 247/1/496 249/1/978 248/1/497
f 230/1/463 232/1/458 231/1/459
f 246/1/477 245/1/477 530/1/499
f 927/1/479 237/1/480 236/1/447
f 938/1/488 546/1/487 547/1/502
f 922/1/469 243/1/469 241/1/503
f 953/1/500 530/1/499 244/1/470
f 937/1/506 274/1/566 428/1/507
f 924/1/509 925/1/554 266/1/510
f 254/1/511 952/1/559 413/1/512
f 933/1/514 935/1/544 433/1/515
f 450/1/517 452/1/787 451/1/518
f 273/1/520 933/1/514 434/1/516
f 262/1/522 261/1/538 259/1/523
f 254/1/511 253/1/513 416/1/525
f 279/1/526 422/1/526 278/1/527
f 271/1/528 273/1/520 272/1/521
f 282/1/530 281/1/553 420/1/531
f 258/1/533 257/1/551 255/1/534
f 924/1/509 265/1/509 263/1/536
f 264/1/537 263/1/536 261/1/538
f 268/1/539 269/1/542 407/1/540
f 269/1/542 270/1/552 438/1/543
f 935/1/544 936/1/546 431/1/545
f 937/1/506 429/1/508 431/1/545
f 280/1/532 420/1/531 421/1/547
f 285/1/475 284/1/474 418/1/549
f 279/1/526 948/1/548 421/1/547
f 260/1/524 259/1/523 257/1/551
f 270/1/552 271/1/528 436/1/529
f 283/1/550 418/1/549 281/1/553
f 925/1/554 926/1/556 409/1/555
f 926/1/556 268/1/539 267/1/541
f 944/1/557 945/1/527 278/1/527
f 256/1/535 255/1/534 413/1/512
f 942/1/560 944/1/557 277/1/558
f 940/1/562 942/1/560 425/1/561
f 275/1/564 940/1/562 276/1/563
f 274/1/566 275/1/564 427/1/565
f 289/1/567 609/1/678 287/1/184
f 1142/1/568 682/1/591 719/1/569
f 720/1/570 719/1/569 718/1/571
f 1139/1/572 718/1/571 716/1/573
f 717/1/574 716/1/573 714/1/575
f 381/1/577 342/1/652 341/1/578
f 91/1/369 92/1/673 16/1/45
f 296/1/580 297/1/156 604/1/176
f 1227/1/581 15/1/231 144/1/3
f 1176/1/582 508/1/1234 708/1/583
f 1174/1/584 708/1/583 509/1/585
f 707/1/162 509/1/585 706/1/586
f 1171/1/587 706/1/586 705/1/588
f 1169/1/589 705/1/588 511/1/165
f 1167/1/166 511/1/165 513/1/590
f 60/1/350 15/1/231 14/1/233
f 69/1/198 68/1/113 66/1/348
f 1144/1/154 683/1/153 682/1/591
f 374/1/592 332/1/630 330/1/593
f 94/1/379 192/1/212 191/1/213
f 378/1/595 337/1/632 336/1/596
f 711/1/182 507/1/181 709/1/597
f 60/1/350 61/1/392 144/1/3
f 64/1/420 63/1/101 145/1/1
f 702/1/146 701/1/137 517/1/599
f 691/1/172 520/1/172 690/1/600
f 1153/1/601 690/1/600 689/1/602
f 1151/1/603 689/1/602 521/1/604
f 688/1/605 521/1/604 522/1/606
f 79/1/390 157/1/220 180/1/374
f 296/1/580 295/1/580 293/1/607
f 71/1/609 72/1/151 41/1/150
f 345/1/610 1186/1/3457 344/1/611
f 352/1/612 1189/1/3458 351/1/613
f 1190/1/614 354/1/616 353/1/196
f 354/1/616 1189/1/3458 352/1/612
f 1196/1/617 1195/1/658 326/1/618
f 357/1/620 1190/1/614 355/1/615
f 323/1/622 324/1/3459 1193/1/623
f 322/1/624 1193/1/623 321/1/625
f 320/1/193 321/1/625 1192/1/626
f 334/1/628 1181/1/647 333/1/629
f 340/1/631 338/1/3460 337/1/632
f 318/1/634 316/1/3461 315/1/635
f 359/1/637 357/1/620 356/1/621
f 1188/1/99 348/1/648 347/1/639
f 329/1/640 1198/1/3462 1197/1/641
f 337/1/632 338/1/3460 1183/1/643
f 331/1/644 1198/1/3462 329/1/640
f 1191/1/645 359/1/637 358/1/638
f 335/1/187 1182/1/657 1181/1/647
f 332/1/630 333/1/629 331/1/644
f 348/1/648 1187/1/649 346/1/190
f 1187/1/649 1186/1/3457 345/1/610
f 1194/1/650 324/1/3459 323/1/622
f 341/1/578 1184/1/653 340/1/631
f 342/1/652 1185/1/654 1184/1/653
f 343/1/178 344/1/611 1185/1/654
f 779/1/341 778/1/1488 776/1/655
f 315/1/635 316/1/3461 1191/1/645
f 1197/1/641 1196/1/617 327/1/619
f 1192/1/626 318/1/634 317/1/636
f 336/1/596 1183/1/643 1182/1/657
f 1195/1/658 1194/1/650 325/1/651
f 384/1/191 346/1/190 345/1/610
f 95/1/403 172/1/115 192/1/212
f 387/1/659 350/1/98 349/1/100
f 364/1/661 319/1/627 317/1/636
f 365/1/194 320/1/193 319/1/627
f 361/1/210 362/1/682 315/1/635
f 97/1/366 96/1/104 172/1/115
f 388/1/663 352/1/612 350/1/98
f 369/1/664 326/1/618 325/1/651
f 370/1/666 327/1/619 326/1/618
f 371/1/667 328/1/642 327/1/619
f 372/1/668 329/1/640 328/1/642
f 373/1/594 330/1/593 329/1/640
f 98/1/405 102/1/105 96/1/104
f 375/1/669 334/1/628 332/1/630
f 968/1/670 592/1/670 593/1/671
f 93/1/394 191/1/213 16/1/45
f 290/1/674 607/1/674 608/1/675
f 290/1/674 993/1/677 606/1/677
f 715/1/576 714/1/575 712/1/678
f 91/1/369 17/1/372 23/1/371
f 90/1/427 23/1/371 50/1/44
f 314/1/679 612/1/679 613/1/680
f 1161/1/681 700/1/599 517/1/599
f 363/1/662 317/1/636 315/1/635
f 386/1/660 349/1/100 347/1/639
f 368/1/665 325/1/651 323/1/622
f 367/1/683 323/1/622 322/1/624
f 965/1/684 594/1/1226 307/1/685
f 388/1/663 389/1/197 353/1/196
f 361/1/210 360/1/646 358/1/638
f 376/1/188 335/1/187 334/1/628
f 806/1/687 805/1/1077 613/1/688
f 403/1/690 864/1/691 381/1/577
f 864/1/691 862/1/714 382/1/179
f 878/1/692 876/1/721 371/1/667
f 857/1/693 890/1/718 386/1/660
f 882/1/694 364/1/661 363/1/662
f 870/1/696 375/1/669 374/1/592
f 396/1/698 879/1/716 367/1/683
f 881/1/699 396/1/698 366/1/192
f 402/1/700 379/1/717 378/1/595
f 889/1/702 405/1/705 389/1/197
f 889/1/702 388/1/663 387/1/659
f 887/1/704 390/1/195 389/1/197
f 874/1/706 373/1/594 372/1/668
f 870/1/696 400/1/712 376/1/188
f 398/1/708 369/1/664 368/1/665
f 395/1/209 884/1/695 363/1/662
f 874/1/706 872/1/697 374/1/592
f 860/1/710 859/1/713 384/1/191
f 401/1/711 377/1/186 376/1/188
f 878/1/692 370/1/666 369/1/664
f 857/1/693 385/1/189 384/1/191
f 881/1/699 365/1/194 364/1/661
f 860/1/710 383/1/177 382/1/179
f 887/1/704 406/1/720 391/1/715
f 397/1/709 368/1/665 367/1/683
f 403/1/690 380/1/579 379/1/717
f 401/1/711 868/1/701 378/1/595
f 890/1/718 404/1/703 387/1/659
f 393/1/719 394/1/211 361/1/210
f 393/1/719 392/1/686 391/1/715
f 399/1/707 372/1/668 371/1/667
f 440/1/722 407/1/731 438/1/723
f 435/1/725 472/1/1559 272/1/726
f 408/1/728 410/1/729 409/1/729
f 408/1/728 267/1/730 407/1/731
f 442/1/732 266/1/744 409/1/729
f 466/1/733 426/1/752 276/1/734
f 414/1/736 415/1/754 253/1/737
f 459/1/738 461/1/765 421/1/739
f 470/1/741 435/1/725 434/1/727
f 442/1/732 444/1/768 265/1/743
f 414/1/736 413/1/736 255/1/745
f 468/1/747 430/1/766 429/1/748
f 467/1/750 468/1/747 428/1/749
f 426/1/752 467/1/750 427/1/751
f 455/1/753 416/1/1602 253/1/737
f 449/1/755 259/1/771 261/1/756
f 424/1/758 277/1/786 278/1/759
f 724/1/761 726/1/1290 725/1/762
f 463/1/764 422/1/772 421/1/739
f 430/1/766 432/1/777 431/1/767
f 444/1/768 446/1/785 263/1/769
f 451/1/770 257/1/776 259/1/771
f 463/1/764 423/1/760 278/1/759
f 931/1/773 271/1/1558 270/1/774
f 412/1/746 255/1/745 257/1/776
f 470/1/741 433/1/742 431/1/767
f 456/1/778 419/1/784 281/1/779
f 456/1/778 418/1/780 284/1/781
f 439/1/724 438/1/723 436/1/783
f 419/1/784 459/1/738 420/1/740
f 446/1/785 411/1/757 261/1/756
f 424/1/758 466/1/733 425/1/735
f 452/1/787 453/1/821 412/1/788
f 756/1/789 466/1/847 424/1/790
f 454/1/792 415/1/844 414/1/793
f 443/1/795 442/1/837 410/1/796
f 1133/1/798 496/1/902 753/1/799
f 457/1/801 458/1/824 419/1/802
f 737/1/804 408/1/848 440/1/805
f 741/1/807 439/1/838 437/1/808
f 754/1/810 467/1/830 426/1/811
f 745/1/813 472/1/842 435/1/814
f 471/1/815 435/1/814 470/1/816
f 751/1/818 469/1/846 432/1/819
f 453/1/821 729/1/794 414/1/793
f 751/1/818 430/1/820 468/1/822
f 458/1/824 460/1/850 459/1/825
f 450/1/517 449/1/519 411/1/826
f 447/1/828 448/1/827 411/1/826
f 752/1/823 468/1/822 467/1/830
f 464/1/831 463/1/835 461/1/832
f 464/1/831 721/1/841 423/1/834
f 443/1/795 445/1/845 444/1/836
f 739/1/806 440/1/805 439/1/838
f 724/1/839 457/1/801 456/1/803
f 465/1/791 424/1/790 423/1/834
f 745/1/813 743/1/809 437/1/808
f 454/1/792 726/1/849 455/1/843
f 445/1/845 447/1/828 446/1/829
f 748/1/817 470/1/816 432/1/819
f 755/1/812 426/1/811 466/1/847
f 737/1/804 441/1/797 410/1/796
f 726/1/849 724/1/839 417/1/840
f 460/1/850 462/1/833 461/1/832
f 477/1/851 1119/1/857 731/1/852
f 491/1/854 490/1/876 489/1/855
f 1119/1/857 478/1/907 730/1/858
f 1132/1/800 753/1/799 494/1/859
f 1136/1/861 500/1/911 742/1/862
f 1129/1/856 489/1/855 488/1/864
f 1123/1/866 725/1/900 727/1/867
f 499/1/869 747/1/901 749/1/870
f 497/1/871 498/1/870 749/1/870
f 477/1/851 732/1/853 733/1/873
f 493/1/875 492/1/883 490/1/876
f 1022/1/877 1134/1/1683 852/1/878
f 1112/1/880 736/1/885 501/1/881
f 493/1/875 495/1/860 494/1/859
f 1112/1/880 473/1/906 735/1/884
f 1136/1/861 744/1/863 746/1/886
f 487/1/888 1127/1/865 488/1/864
f 1110/1/890 1111/1/882 501/1/881
f 484/1/892 486/1/912 485/1/893
f 1108/1/895 1110/1/890 738/1/891
f 1124/1/897 482/1/904 723/1/898
f 1123/1/866 1124/1/897 481/1/899
f 1135/1/887 746/1/886 747/1/901
f 1133/1/798 497/1/871 750/1/872
f 480/1/868 727/1/867 728/1/903
f 484/1/892 483/1/894 723/1/898
f 475/1/905 474/1/910 735/1/884
f 478/1/907 479/1/903 728/1/903
f 476/1/874 733/1/873 734/1/908
f 475/1/905 1115/1/909 734/1/908
f 500/1/911 1108/1/895 740/1/896
f 486/1/912 487/1/888 722/1/889
f 510/1/319 509/1/319 708/1/319
f 153/1/319 708/1/319 508/1/319
f 149/1/319 508/1/319 709/1/319
f 1054/1/913 1053/1/1741 1089/1/914
f 519/1/319 692/1/319 693/1/319
f 1152/1/916 1151/1/917 688/1/917
f 168/1/319 167/1/319 695/1/319
f 1163/1/919 1164/1/300 702/1/917
f 140/1/319 141/1/319 718/1/319
f 164/1/319 165/1/319 517/1/319
f 1168/1/920 1167/1/917 704/1/917
f 1158/1/280 694/1/917 1156/1/917
f 134/1/319 138/1/319 502/1/319
f 135/1/319 134/1/319 524/1/319
f 135/1/319 523/1/319 522/1/319
f 129/1/319 522/1/319 521/1/319
f 503/1/319 504/1/319 682/1/319
f 1155/1/258 691/1/917 1153/1/917
f 132/1/319 690/1/319 520/1/319
f 125/1/319 520/1/319 692/1/319
f 148/1/319 507/1/319 712/1/319
f 518/1/319 693/1/319 695/1/319
f 505/1/319 142/1/319 714/1/319
f 166/1/319 168/1/319 697/1/319
f 150/1/319 709/1/319 507/1/319
f 156/1/319 512/1/319 511/1/319
f 164/1/319 701/1/319 515/1/319
f 516/1/319 515/1/319 513/1/319
f 1101/1/924 1068/1/1748 1066/1/925
f 156/1/319 705/1/319 706/1/319
f 1146/1/272 684/1/917 1144/1/917
f 512/1/319 514/1/319 513/1/319
f 788/1/928 223/1/952 224/1/929
f 537/1/931 538/1/443 236/1/445
f 781/1/933 550/1/436 227/1/435
f 778/1/935 548/1/951 547/1/936
f 762/1/938 537/1/931 237/1/932
f 222/1/462 221/1/461 220/1/453
f 798/1/941 529/1/476 245/1/476
f 796/1/481 798/1/941 528/1/942
f 541/1/944 543/1/969 542/1/945
f 769/1/947 541/1/944 540/1/946
f 767/1/949 769/1/947 233/1/948
f 548/1/951 781/1/933 549/1/934
f 525/1/451 221/1/450 223/1/952
f 773/1/953 544/1/967 229/1/954
f 239/1/437 923/1/961 240/1/956
f 553/1/958 225/1/964 551/1/959
f 760/1/960 762/1/938 536/1/939
f 923/1/961 242/1/504 241/1/503
f 778/1/935 546/1/937 545/1/962
f 553/1/958 786/1/930 224/1/929
f 941/1/493 549/1/492 227/1/965
f 776/1/963 545/1/962 229/1/954
f 949/1/460 947/1/442 224/1/441
f 543/1/969 773/1/953 231/1/955
f 539/1/970 767/1/949 234/1/950
f 527/1/483 250/1/482 526/1/971
f 929/1/446 235/1/448 234/1/972
f 532/1/486 243/1/485 244/1/973
f 760/1/960 535/1/960 240/1/974
f 226/1/976 943/1/966 227/1/965
f 533/1/484 534/1/975 240/1/974
f 249/1/978 951/1/214 250/1/216
f 624/1/979 567/1/1011 850/1/980
f 560/1/982 562/1/1020 561/1/983
f 564/1/985 619/1/1038 848/1/986
f 578/1/988 832/1/1021 831/1/989
f 648/1/991 555/1/1036 840/1/992
f 560/1/982 559/1/984 844/1/994
f 615/1/996 616/1/995 844/1/994
f 629/1/998 630/1/1002 569/1/999
f 632/1/1001 570/1/1035 569/1/999
f 581/1/1003 582/1/1004 837/1/1004
f 615/1/996 558/1/997 557/1/1006
f 651/1/1008 653/1/1007 557/1/1006
f 626/1/1010 853/1/1040 567/1/1011
f 642/1/1012 581/1/1003 836/1/1005
f 580/1/1014 642/1/1012 834/1/1013
f 649/1/1016 651/1/1008 556/1/1009
f 566/1/981 850/1/980 565/1/1018
f 562/1/1020 564/1/985 563/1/987
f 580/1/1014 579/1/1015 832/1/1021
f 645/1/1022 646/1/993 840/1/992
f 638/1/990 831/1/989 576/1/1024
f 575/1/1026 577/1/1025 576/1/1024
f 568/1/1027 824/1/1037 855/1/1028
f 572/1/1030 574/1/1031 573/1/1031
f 575/1/1026 829/1/1026 573/1/1031
f 640/1/1032 918/1/1185 916/1/1033
f 572/1/1030 571/1/1030 570/1/1035
f 649/1/1016 842/1/1017 555/1/1036
f 568/1/1027 629/1/998 825/1/1000
f 621/1/1019 565/1/1018 848/1/986
f 643/1/1039 838/1/1690 837/1/1004
f 627/1/1029 855/1/1028 853/1/1040
f 614/1/1041 822/1/1074 310/1/1042
f 600/1/1043 298/1/1096 599/1/1044
f 816/1/1045 599/1/1044 300/1/1046
f 598/1/1047 300/1/1046 302/1/1048
f 596/1/1049 597/1/1048 302/1/1048
f 587/1/1051 589/1/1052 588/1/1052
f 817/1/1054 306/1/1087 307/1/1055
f 818/1/1056 307/1/1055 594/1/1057
f 820/1/1059 819/1/1072 593/1/1060
f 809/1/1062 608/1/1086 607/1/1063
f 591/1/1065 820/1/1059 592/1/1061
f 605/1/1067 812/1/1094 291/1/1068
f 813/1/1070 295/1/1093 604/1/1071
f 819/1/1072 595/1/1058 594/1/1057
f 603/1/1073 814/1/1071 604/1/1071
f 822/1/1074 821/1/1078 583/1/1075
f 591/1/1065 590/1/1066 588/1/1052
f 614/1/1041 311/1/1041 313/1/1076
f 805/1/1077 804/1/1076 313/1/1076
f 821/1/1078 585/1/1084 584/1/1079
f 806/1/687 612/1/689 611/1/1080
f 807/1/1081 611/1/1080 287/1/1082
f 585/1/1084 587/1/1051 586/1/1053
f 809/1/1062 808/1/1092 609/1/1085
f 596/1/1049 304/1/1050 306/1/1087
f 811/1/1088 810/1/1064 607/1/1063
f 25/1/28 1048/1/25 1047/1/1090
f 610/1/1083 287/1/1082 609/1/1085
f 605/1/1067 293/1/1069 295/1/1093
f 812/1/1094 811/1/1088 606/1/1089
f 815/1/1095 601/1/1097 298/1/1096
f 603/1/1073 602/1/1073 601/1/1097
f 662/1/1098 647/1/1152 646/1/1099
f 620/1/1101 622/1/1123 621/1/1102
f 659/1/1103 658/1/1104 615/1/1104
f 652/1/1106 651/1/1140 649/1/1107
f 640/1/1109 641/1/1125 580/1/1110
f 639/1/1112 640/1/1109 578/1/1111
f 617/1/1114 562/1/1148 560/1/1115
f 644/1/1117 643/1/1536 582/1/1118
f 631/1/1120 633/1/1134 632/1/1121
f 622/1/1123 623/1/1449 566/1/1124
f 641/1/1125 668/1/1157 642/1/1126
f 628/1/1127 568/1/1145 627/1/1128
f 667/1/1130 915/1/1537 913/1/1131
f 634/1/1133 572/1/1142 632/1/1121
f 636/1/1135 637/1/1141 577/1/1136
f 635/1/1138 636/1/1135 575/1/1137
f 659/1/1103 653/1/1105 651/1/1140
f 637/1/1141 639/1/1112 638/1/1113
f 635/1/1138 574/1/1139 572/1/1142
f 631/1/1120 630/1/1122 629/1/1143
f 676/1/1144 629/1/1143 568/1/1145
f 650/1/1108 649/1/1107 648/1/1146
f 618/1/1147 564/1/1158 562/1/1148
f 625/1/1149 678/1/1159 626/1/1150
f 647/1/1152 660/1/1146 648/1/1146
f 918/1/1153 917/1/1153 877/1/1154
f 666/1/1156 581/1/1160 642/1/1126
f 620/1/1101 619/1/1101 564/1/1158
f 678/1/1159 677/1/1129 627/1/1128
f 665/1/1119 582/1/1118 581/1/1160
f 657/1/1161 656/1/1116 560/1/1115
f 657/1/1161 616/1/1162 615/1/1104
f 625/1/1163 895/1/1195 893/1/1164
f 641/1/1034 916/1/1033 667/1/1166
f 658/1/1168 659/1/1169 904/1/1169
f 637/1/1171 636/1/1182 670/1/1172
f 678/1/1165 893/1/1164 892/1/1174
f 634/1/1175 633/1/1189 673/1/1176
f 617/1/1178 654/1/1209 681/1/1179
f 657/1/1181 658/1/1168 902/1/1170
f 636/1/1182 635/1/1203 671/1/1183
f 639/1/1184 669/1/1221 918/1/1185
f 628/1/1186 677/1/1174 892/1/1174
f 631/1/1188 674/1/1197 673/1/1176
f 652/1/1190 906/1/1199 904/1/1169
f 647/1/1191 662/1/1206 910/1/1192
f 623/1/1194 679/1/1217 895/1/1195
f 631/1/1188 676/1/1220 675/1/1196
f 652/1/1190 650/1/1213 907/1/1198
f 665/1/1200 666/1/1215 914/1/1201
f 634/1/1175 672/1/1177 671/1/1183
f 620/1/1204 618/1/1180 681/1/1179
f 662/1/1206 644/1/1219 663/1/1207
f 656/1/1208 655/1/1223 654/1/1209
f 929/1/1210 269/1/1598 268/1/1211
f 650/1/1213 660/1/1222 908/1/1214
f 666/1/1215 668/1/1167 667/1/1166
f 622/1/1216 680/1/1218 679/1/1217
f 620/1/1204 897/1/1205 680/1/1218
f 644/1/1219 665/1/1200 664/1/1202
f 676/1/1220 628/1/1186 891/1/1187
f 639/1/1184 637/1/1171 919/1/1173
f 660/1/1222 647/1/1191 661/1/1193
f 657/1/1181 900/1/1181 655/1/1223
f 314/1/679 286/1/183 611/1/185
f 75/1/358 74/1/131 200/1/5
f 75/1/358 77/1/171 76/1/170
f 984/1/584 613/1/680 313/1/1224
f 80/1/1225 133/1/221 157/1/220
f 81/1/384 120/1/223 133/1/221
f 82/1/376 114/1/338 120/1/223
f 83/1/416 108/1/128 114/1/338
f 84/1/157 104/1/129 108/1/128
f 64/1/420 65/1/201 2/1/200
f 62/1/421 145/1/1 144/1/3
f 382/1/179 343/1/178 342/1/652
f 379/1/717 339/1/633 337/1/632
f 308/1/672 593/1/671 594/1/1226
f 1161/1/681 699/1/681 697/1/1227
f 391/1/715 356/1/621 355/1/615
f 99/1/364 59/1/244 102/1/105
f 100/1/363 14/1/233 59/1/244
f 305/1/145 304/1/144 302/1/600
f 303/1/601 302/1/600 300/1/1229
f 301/1/1230 300/1/1229 599/1/604
f 956/1/1231 599/1/604 298/1/606
f 299/1/160 298/1/606 601/1/161
f 1001/1/158 601/1/161 602/1/175
f 696/1/1232 695/1/1237 693/1/1233
f 710/1/598 709/1/597 508/1/1234
f 968/1/670 309/1/133 590/1/133
f 294/1/608 293/1/607 291/1/1235
f 292/1/1236 291/1/1235 606/1/677
f 380/1/579 341/1/578 339/1/633
f 698/1/1228 697/1/1227 695/1/1237
f 990/1/676 608/1/675 609/1/678
f 743/1/1238 742/1/1247 740/1/1239
f 464/1/1241 488/1/1257 489/1/1242
f 465/1/1244 721/1/1243 489/1/1242
f 745/1/1246 744/1/1294 742/1/1247
f 452/1/1248 731/1/1255 730/1/1249
f 443/1/1251 735/1/1282 474/1/1252
f 450/1/1254 732/1/1298 731/1/1255
f 464/1/1241 462/1/1287 722/1/1256
f 748/1/1258 469/1/1259 749/1/1259
f 454/1/1261 729/1/1262 728/1/1262
f 752/1/1264 496/1/1297 750/1/1265
f 458/1/1267 483/1/1271 485/1/1268
f 458/1/1267 457/1/1283 723/1/1270
f 755/1/1272 494/1/1289 753/1/1273
f 739/1/1275 741/1/1240 740/1/1239
f 448/1/1277 447/1/1280 734/1/1278
f 445/1/1253 474/1/1252 734/1/1278
f 443/1/1251 441/1/1296 736/1/1281
f 457/1/1283 724/1/761 481/1/763
f 1120/1/1284 1121/1/1285 478/1/1285
f 460/1/1269 485/1/1268 722/1/1256
f 756/1/1288 492/1/1291 494/1/1289
f 453/1/1250 730/1/1249 728/1/1262
f 726/1/1290 454/1/1261 727/1/1263
f 751/1/1266 750/1/1265 749/1/1259
f 756/1/1288 465/1/1244 490/1/1245
f 471/1/1292 748/1/1258 747/1/1260
f 745/1/1246 471/1/1292 746/1/1293
f 737/1/1295 501/1/1299 736/1/1281
f 754/1/1274 753/1/1273 496/1/1297
f 450/1/1254 448/1/1277 733/1/1279
f 737/1/1295 739/1/1275 738/1/1276
f 399/1/1300 875/1/1482 873/1/1301
f 401/1/1303 400/1/1476 869/1/1304
f 784/1/1306 552/1/1345 550/1/1307
f 395/1/1308 394/1/1355 905/1/1309
f 787/1/1310 789/1/1361 788/1/1311
f 787/1/1310 786/1/1312 553/1/1313
f 801/1/1315 803/1/1394 802/1/1316
f 759/1/227 761/1/1353 760/1/1318
f 759/1/227 534/1/1319 533/1/1320
f 758/1/13 533/1/1320 532/1/1321
f 797/1/32 799/1/31 798/1/1322
f 782/1/345 781/1/1351 548/1/1324
f 770/1/1325 769/1/1492 767/1/1326
f 775/1/1328 544/1/1491 773/1/1329
f 860/1/1330 894/1/1471 858/1/1331
f 795/1/1333 797/1/32 796/1/1323
f 794/1/1335 795/1/1333 527/1/1334
f 864/1/1337 863/1/1487 861/1/1338
f 790/1/250 792/1/235 791/1/1340
f 889/1/1342 404/1/1480 898/1/1343
f 792/1/235 794/1/1335 793/1/1336
f 785/1/1314 553/1/1313 552/1/1345
f 405/1/1346 889/1/1342 899/1/1344
f 398/1/1348 915/1/1357 877/1/1349
f 783/1/344 550/1/1307 781/1/1351
f 763/1/1352 762/1/1486 760/1/1318
f 393/1/1354 903/1/1496 905/1/1309
f 398/1/1348 397/1/1464 913/1/1356
f 800/1/208 801/1/1315 531/1/1317
f 859/1/1332 858/1/1331 856/1/1359
f 789/1/1361 790/1/250 525/1/1341
f 772/1/1362 543/1/1490 541/1/1363
f 813/1/1365 814/1/1381 772/1/1362
f 813/1/1365 771/1/1364 770/1/1325
f 810/1/1367 765/1/1391 764/1/1368
f 822/1/1370 614/1/1380 801/1/1315
f 1201/1/1371 218/1/33 217/1/16
f 819/1/1373 789/1/1361 787/1/1310
f 818/1/1375 595/1/1374 787/1/1310
f 808/1/1376 763/1/1352 761/1/1353
f 1226/1/1377 57/1/313 56/1/125
f 29/1/401 1232/1/10 9/1/8
f 30/1/218 53/1/217 38/1/349
f 1214/1/378 115/1/1392 116/1/342
f 804/1/1379 803/1/1394 801/1/1315
f 820/1/251 790/1/250 789/1/1361
f 814/1/1381 603/1/81 774/1/80
f 175/1/346 1210/1/361 161/1/61
f 585/1/30 797/1/32 795/1/1333
f 589/1/234 587/1/1382 795/1/1333
f 605/1/1366 770/1/1325 768/1/1327
f 113/1/238 112/1/1386 1220/1/1384
f 596/1/1385 817/1/1388 784/1/1306
f 808/1/1376 809/1/1369 764/1/1368
f 112/1/1386 113/1/238 117/1/237
f 817/1/1388 818/1/1375 785/1/1314
f 210/1/94 218/1/33 1201/1/1371
f 806/1/1389 807/1/228 759/1/227
f 810/1/1367 811/1/1395 766/1/1390
f 111/1/1387 117/1/237 116/1/342
f 816/1/339 779/1/341 777/1/656
f 600/1/1393 777/1/656 775/1/1328
f 805/1/12 757/1/14 803/1/1394
f 811/1/1395 812/1/1383 768/1/1327
f 579/1/1396 1011/1/1413 1012/1/1397
f 565/1/1399 850/1/1813 1024/1/1400
f 555/1/1402 842/1/1430 1003/1/1403
f 573/1/1405 829/1/1454 828/1/1406
f 831/1/1408 832/1/1398 1012/1/1397
f 573/1/1405 1014/1/1407 1016/1/1410
f 834/1/1412 833/1/1432 1011/1/1413
f 563/1/1414 846/1/1434 845/1/1415
f 569/1/1417 826/1/1417 1019/1/1418
f 556/1/1420 557/1/1421 1032/1/1421
f 571/1/1411 1016/1/1410 827/1/1423
f 831/1/1408 1013/1/1409 830/1/1425
f 837/1/1427 838/1/1441 1008/1/1428
f 842/1/1430 556/1/1420 1034/1/1422
f 836/1/1431 835/1/1444 833/1/1432
f 569/1/1417 570/1/1424 827/1/1423
f 848/1/1433 847/1/1440 846/1/1434
f 561/1/1416 845/1/1415 1029/1/1435
f 855/1/1437 824/1/1455 823/1/1438
f 848/1/1433 565/1/1399 849/1/1401
f 838/1/1441 554/1/1453 1006/1/1442
f 558/1/1443 1031/1/1450 1032/1/1421
f 837/1/1427 1010/1/1429 835/1/1444
f 853/1/1445 855/1/1437 854/1/1439
f 559/1/1436 1029/1/1435 843/1/1447
f 623/1/1449 625/1/1149 624/1/1151
f 844/1/1448 843/1/1447 1031/1/1450
f 840/1/1451 555/1/1402 841/1/1404
f 554/1/1453 840/1/1451 839/1/1452
f 576/1/1426 830/1/1425 828/1/1406
f 824/1/1455 825/1/1419 1019/1/1418
f 567/1/1456 853/1/1445 852/1/1446
f 403/1/1458 402/1/1467 866/1/1459
f 879/1/1461 396/1/1500 911/1/1462
f 397/1/1464 879/1/1461 912/1/1463
f 765/1/1391 766/1/1390 539/1/1465
f 402/1/1467 868/1/1498 867/1/1468
f 874/1/1302 873/1/1301 871/1/1469
f 803/1/1394 757/1/14 532/1/1321
f 862/1/1339 861/1/1338 894/1/1471
f 887/1/1472 405/1/1346 888/1/1347
f 764/1/1368 765/1/1391 538/1/1466
f 870/1/1475 920/1/1479 869/1/1304
f 890/1/1477 857/1/1360 856/1/1359
f 768/1/1327 767/1/1326 539/1/1465
f 870/1/1475 872/1/1470 871/1/1469
f 404/1/1480 890/1/1477 896/1/1478
f 876/1/1481 917/1/1489 875/1/1482
f 884/1/1483 883/1/1499 909/1/1484
f 764/1/1368 537/1/1474 762/1/1486
f 864/1/1337 403/1/1458 865/1/1460
f 780/1/340 548/1/1324 778/1/1488
f 878/1/1350 877/1/1349 917/1/1489
f 774/1/80 773/1/1329 543/1/1490
f 775/1/1328 777/1/656 776/1/655
f 770/1/1325 771/1/1364 541/1/1363
f 79/1/390 214/1/3463 211/1/1493
f 882/1/1485 909/1/1484 880/1/1494
f 406/1/1495 901/1/1497 903/1/1496
f 406/1/1495 887/1/1472 886/1/1473
f 868/1/1498 401/1/1303 921/1/1305
f 395/1/1308 885/1/1308 883/1/1499
f 800/1/208 529/1/1358 798/1/1322
f 396/1/1500 881/1/1494 880/1/1494
f 897/1/1501 896/1/1549 856/1/1502
f 908/1/1504 883/1/1544 885/1/1505
f 914/1/1132 913/1/1131 912/1/1507
f 664/1/1508 912/1/1507 911/1/1509
f 675/1/1511 891/1/1556 865/1/1512
f 663/1/1510 911/1/1509 880/1/1514
f 679/1/1516 680/1/1503 856/1/1502
f 918/1/1153 669/1/1532 875/1/1518
f 674/1/1519 867/1/1546 921/1/1520
f 672/1/1522 673/1/1521 921/1/1520
f 902/1/1524 904/1/1552 903/1/1525
f 900/1/1527 886/1/1551 888/1/1528
f 670/1/1530 871/1/1548 873/1/1531
f 669/1/1532 919/1/1531 873/1/1531
f 654/1/1533 899/1/1555 898/1/1534
f 644/1/1117 662/1/1098 645/1/1100
f 916/1/1155 877/1/1154 915/1/1537
f 893/1/1538 895/1/1545 894/1/1539
f 892/1/1541 893/1/1538 861/1/1540
f 661/1/1543 910/1/1515 880/1/1514
f 661/1/1543 909/1/1543 883/1/1544
f 21/1/110 174/1/252 161/1/61
f 895/1/1545 679/1/1516 858/1/1517
f 675/1/1511 866/1/1513 867/1/1546
f 671/1/1547 920/1/1550 871/1/1548
f 897/1/1501 681/1/1535 898/1/1534
f 671/1/1547 672/1/1522 869/1/1523
f 902/1/1524 901/1/1526 886/1/1551
f 904/1/1552 906/1/1554 905/1/1553
f 907/1/1506 885/1/1505 905/1/1553
f 654/1/1533 655/1/1529 888/1/1528
f 891/1/1556 892/1/1541 863/1/1542
f 932/1/1557 273/1/1613 271/1/1558
f 472/1/1559 437/1/783 436/1/783
f 928/1/1212 268/1/1211 926/1/1560
f 950/1/1562 282/1/1597 280/1/1563
f 230/1/1565 228/1/1585 937/1/1566
f 949/1/1568 948/1/1600 279/1/1569
f 246/1/1571 953/1/1609 256/1/1572
f 951/1/1573 249/1/1605 252/1/1574
f 242/1/1576 923/1/1603 264/1/1577
f 239/1/1579 238/1/1580 925/1/1580
f 954/1/1582 922/1/1587 260/1/1583
f 228/1/1585 938/1/1608 274/1/1586
f 922/1/1587 242/1/1576 262/1/1578
f 230/1/1565 936/1/1567 935/1/1588
f 943/1/1590 942/1/1601 940/1/1591
f 946/1/1593 945/1/1599 944/1/1594
f 927/1/1561 926/1/1560 925/1/1580
f 950/1/1562 251/1/1614 283/1/1596
f 929/1/1210 930/1/775 270/1/774
f 946/1/1593 947/1/1570 279/1/1569
f 949/1/1568 222/1/1564 280/1/1563
f 943/1/1590 226/1/1595 944/1/1594
f 417/1/782 284/1/781 416/1/1602
f 239/1/1579 924/1/1581 264/1/1577
f 247/1/1604 254/1/1612 252/1/1574
f 941/1/1592 940/1/1591 275/1/1606
f 939/1/1607 275/1/1606 274/1/1586
f 953/1/1609 954/1/1582 258/1/1584
f 232/1/1589 935/1/1588 933/1/1610
f 246/1/1571 952/1/1571 254/1/1612
f 934/1/1611 933/1/1610 273/1/1613
f 251/1/1614 951/1/1573 285/1/1575
f 967/1/1615 308/1/1622 965/1/1616
f 151/1/1618 203/1/3464 149/1/1619
f 967/1/1615 969/1/1652 968/1/1621
f 957/1/1623 956/1/1660 299/1/1624
f 972/1/1626 974/1/1669 973/1/1627
f 988/1/1629 989/1/1643 289/1/1630
f 960/1/1631 962/1/1637 961/1/1632
f 988/1/1629 288/1/1629 286/1/1634
f 964/1/1636 963/1/1636 961/1/1632
f 964/1/1636 966/1/1617 965/1/1616
f 980/1/1638 981/1/1670 312/1/1639
f 959/1/1640 303/1/1663 301/1/1641
f 991/1/1642 990/1/1657 289/1/1630
f 970/1/1644 972/1/1626 971/1/1628
f 997/1/1646 296/1/1646 294/1/1647
f 1002/1/1649 1001/1/1649 999/1/1650
f 970/1/1644 309/1/1645 968/1/1621
f 997/1/1646 998/1/1653 297/1/1653
f 1000/1/1651 999/1/1650 297/1/1653
f 190/1/1654 131/1/1655 129/1/1655
f 991/1/1642 992/1/1659 290/1/1656
f 994/1/1658 993/1/1662 290/1/1656
f 957/1/1623 958/1/1641 301/1/1641
f 994/1/1658 995/1/1883 292/1/1661
f 960/1/1631 305/1/1633 303/1/1663
f 985/1/1664 984/1/1664 982/1/1665
f 986/1/1666 987/1/1635 286/1/1634
f 985/1/1664 986/1/1666 314/1/1667
f 976/1/1668 975/1/1869 973/1/1627
f 981/1/1670 983/1/1665 982/1/1665
f 1002/1/1649 955/1/1625 299/1/1624
f 980/1/1638 979/1/1638 977/1/1671
f 1120/1/1672 833/1/1695 835/1/1673
f 1028/1/1675 846/1/1730 847/1/1676
f 1109/1/1677 826/1/1702 827/1/1678
f 1017/1/1680 1018/1/1679 827/1/1678
f 1023/1/1682 851/1/1682 852/1/878
f 1122/1/1684 1010/1/1684 1008/1/1685
f 1030/1/1687 843/1/1729 1029/1/1688
f 645/1/1022 554/1/1023 838/1/1690
f 1021/1/1691 823/1/1699 1019/1/1692
f 1118/1/1694 1011/1/1728 833/1/1695
f 1025/1/1696 1026/1/1706 849/1/1697
f 1021/1/1691 1022/1/877 854/1/879
f 1009/1/1686 1008/1/1685 1006/1/1700
f 1020/1/1693 1019/1/1692 826/1/1702
f 1114/1/1703 1113/1/1725 828/1/1704
f 1026/1/1706 1027/1/1676 847/1/1676
f 1117/1/1707 1116/1/1726 1013/1/1708
f 1125/1/1710 1004/1/1721 841/1/1711
f 1015/1/1713 1017/1/1680 1016/1/1681
f 1007/1/1701 1006/1/1700 839/1/1715
f 1023/1/1682 1025/1/1696 1024/1/1698
f 1130/1/1689 1029/1/1688 845/1/1717
f 1126/1/1719 1125/1/1710 1003/1/1712
f 1004/1/1721 1005/1/1716 839/1/1715
f 1033/1/1722 1032/1/1727 1031/1/1723
f 1113/1/1725 1015/1/1713 1014/1/1714
f 1116/1/1726 1114/1/1703 830/1/1705
f 1126/1/1719 1034/1/1720 1032/1/1727
f 1122/1/1684 1121/1/1674 835/1/1673
f 1118/1/1694 1117/1/1707 1012/1/1709
f 1128/1/1724 1031/1/1723 843/1/1729
f 1131/1/1718 845/1/1717 846/1/1730
f 1047/1/1090 1048/1/25 1243/1/261
f 1051/1/1732 1052/1/70 1241/1/107
f 1238/1/96 1057/1/3442 1056/1/1734
f 1235/1/119 8/1/91 1064/1/1736
f 1064/1/1736 8/1/91 1236/1/49
f 1246/1/66 1247/1/88 1073/1/1739
f 1053/1/1741 1240/1/106 1052/1/70
f 1059/1/1742 1060/1/97 1238/1/96
f 1046/1/1731 1243/1/261 1242/1/122
f 32/1/37 1043/1/34 1042/1/1744
f 1067/1/29 1235/1/119 1065/1/1737
f 1055/1/1746 20/1/108 1239/1/121
f 1070/1/1747 1249/1/69 1069/1/120
f 1043/1/34 36/1/36 1041/1/1749
f 36/1/36 1244/1/22 1040/1/1750
f 1244/1/22 1245/1/74 1039/1/1751
f 1245/1/74 43/1/50 1038/1/1752
f 1037/1/1753 44/1/52 1036/1/75
f 1056/1/1734 1057/1/3442 20/1/108
f 1074/1/1740 1035/1/1754 1036/1/75
f 1054/1/913 1239/1/121 1240/1/106
f 1247/1/88 54/1/39 1072/1/1755
f 54/1/39 1248/1/41 1071/1/1756
f 1045/1/1743 1242/1/122 32/1/37
f 1071/1/1756 1248/1/41 1249/1/69
f 1050/1/1733 1241/1/107 25/1/28
f 1062/1/1757 1237/1/18 12/1/20
f 214/1/1759 215/1/3465 164/1/1760
f 1063/1/1738 1236/1/49 1237/1/18
f 1069/1/120 1067/1/29 1066/1/925
f 43/1/50 44/1/52 1037/1/1753
f 1061/1/1758 12/1/20 1060/1/97
f 1059/1/1742 1058/1/1735 1093/1/1762
f 1141/1/1764 720/1/917 1139/1/917
f 1092/1/1766 1056/1/1734 1055/1/1746
f 1143/1/1768 1142/1/917 720/1/917
f 1155/1/258 1157/1/922 1156/1/917
f 504/1/319 140/1/319 719/1/319
f 1051/1/1732 1050/1/1733 1087/1/1769
f 1038/1/1752 1037/1/1753 1076/1/1771
f 1086/1/1773 1049/1/1091 1047/1/1090
f 1099/1/1775 1065/1/1737 1064/1/1736
f 1084/1/1777 1046/1/1731 1045/1/1743
f 1178/1/1779 1179/1/326 711/1/917
f 1044/1/1745 1042/1/1744 1081/1/1780
f 1145/1/927 1144/1/917 1142/1/917
f 1041/1/1749 1040/1/1750 1079/1/1782
f 1079/1/1782 1040/1/1750 1039/1/1751
f 1078/1/1784 1039/1/1751 1038/1/1752
f 1058/1/1735 1056/1/1734 1092/1/1766
f 1076/1/1771 1037/1/1753 1035/1/1754
f 1177/1/278 1178/1/1779 710/1/917
f 1137/1/1786 715/1/917 713/1/917
f 1105/1/1788 1073/1/1739 1072/1/1755
f 154/1/319 706/1/319 509/1/319
f 1071/1/1756 1070/1/1747 1102/1/1790
f 1160/1/254 698/1/917 696/1/917
f 1047/1/1090 1046/1/1731 1084/1/1777
f 1062/1/1757 1061/1/1758 1095/1/1793
f 1175/1/304 1177/1/278 1176/1/917
f 1045/1/1743 1044/1/1745 1082/1/1781
f 1063/1/1738 1062/1/1757 1096/1/1794
f 1106/1/1796 1074/1/1740 1073/1/1739
f 1061/1/1758 1059/1/1742 1094/1/1763
f 1097/1/1795 1096/1/1794 1107/1/917
f 1076/1/1771 1075/1/1785 1107/1/917
f 1099/1/1775 1098/1/1776 1107/1/917
f 1079/1/1782 1078/1/1784 1107/1/917
f 1104/1/1789 1103/1/1791 1107/1/917
f 1106/1/1796 1105/1/1788 1107/1/917
f 1094/1/1763 1093/1/1762 1107/1/917
f 1081/1/1780 1080/1/1783 1107/1/917
f 1087/1/1769 1086/1/1773 1107/1/917
f 1101/1/924 1100/1/926 1107/1/917
f 1089/1/914 1088/1/1770 1107/1/917
f 1092/1/1766 1091/1/1767 1107/1/917
f 1007/1/1797 1123/1/1816 480/1/1798
f 1114/1/1799 475/1/1844 473/1/1800
f 1020/1/1802 1109/1/1817 1108/1/1803
f 1030/1/1805 1130/1/1811 491/1/1806
f 1015/1/1808 1112/1/1832 1111/1/1809
f 1130/1/1811 1131/1/1833 493/1/1812
f 850/1/1813 567/1/1456 851/1/1457
f 1122/1/1814 479/1/1814 478/1/1285
f 1005/1/1815 1124/1/1835 1123/1/1816
f 1109/1/1817 1018/1/1836 1110/1/1818
f 1023/1/1819 1134/1/1845 499/1/1820
f 1033/1/1821 1128/1/1831 1127/1/1822
f 1025/1/1824 497/1/1846 1133/1/1825
f 1021/1/1826 1136/1/1839 1135/1/1827
f 1028/1/1828 1027/1/1849 1132/1/1829
f 1128/1/1831 1030/1/1805 1129/1/1807
f 1015/1/1808 1113/1/1801 473/1/1800
f 1131/1/1833 1028/1/1828 495/1/1830
f 1004/1/1834 482/1/1841 1124/1/1835
f 1017/1/1810 1111/1/1809 1110/1/1818
f 1126/1/1837 1033/1/1821 487/1/1823
f 1020/1/1802 500/1/1804 1136/1/1839
f 1125/1/1840 484/1/1842 482/1/1841
f 1126/1/1837 486/1/1838 484/1/1842
f 1116/1/1843 1115/1/1852 475/1/1844
f 1134/1/1845 1022/1/1827 1135/1/1827
f 1122/1/1814 1009/1/1798 480/1/1798
f 1023/1/1819 498/1/1819 497/1/1846
f 1118/1/1847 1120/1/1284 1119/1/1286
f 1027/1/1849 1026/1/1825 1133/1/1825
f 1117/1/1850 1118/1/1847 477/1/1848
f 1117/1/1850 476/1/1851 1115/1/1852
f 1098/1/1776 1064/1/1736 1063/1/1738
f 1179/1/326 1180/1/1787 713/1/917
f 1066/1/925 1065/1/1737 1099/1/1775
f 1173/1/1853 707/1/917 1171/1/917
f 1075/1/1785 1035/1/1754 1074/1/1740
f 1173/1/1853 1175/1/304 1174/1/917
f 138/1/319 503/1/319 683/1/319
f 1172/1/1854 1171/1/917 1169/1/917
f 1170/1/268 1169/1/917 1167/1/917
f 165/1/319 166/1/319 699/1/319
f 1140/1/1765 1139/1/917 717/1/917
f 1164/1/300 1165/1/1855 703/1/917
f 1084/1/1777 1083/1/1778 1107/1/917
f 1081/1/1780 1042/1/1744 1041/1/1749
f 1160/1/254 1162/1/1858 1161/1/917
f 1165/1/1855 1166/1/921 704/1/917
f 1158/1/280 1159/1/1792 696/1/917
f 141/1/319 505/1/319 716/1/319
f 1102/1/1790 1070/1/1747 1068/1/1748
f 1089/1/914 1053/1/1741 1051/1/1732
f 506/1/319 712/1/319 714/1/319
f 1104/1/1789 1072/1/1755 1071/1/1756
f 1149/1/1856 1150/1/918 688/1/917
f 132/1/319 126/1/319 689/1/319
f 1087/1/1769 1050/1/1733 1049/1/1091
f 1146/1/272 1147/1/1857 685/1/917
f 1148/1/275 1149/1/1856 687/1/917
f 1147/1/1857 1148/1/275 686/1/917
f 1154/1/923 1153/1/917 1151/1/917
f 1055/1/1746 1054/1/913 1090/1/915
f 1162/1/1858 1163/1/919 700/1/917
f 1137/1/1786 1138/1/331 717/1/917
f 331/1/327 1179/1/326 1178/1/1779
f 357/1/1859 1159/1/1792 1158/1/280
f 519/1/1860 518/1/3466 187/1/1861
f 166/1/1862 213/1/1862 170/1/1863
f 505/1/1865 198/1/3467 147/1/1866
f 1140/1/1765 1138/1/331 1182/1/333
f 976/1/1668 978/1/1671 977/1/1671
f 1173/1/1853 1172/1/1854 1194/1/1870
f 153/1/1871 152/1/3468 204/1/1872
f 1148/1/275 1147/1/1857 344/1/271
f 1193/1/269 1168/1/920 1166/1/921
f 1185/1/273 1146/1/272 1145/1/927
f 24/1/240 123/1/27 25/1/28
f 321/1/1874 1166/1/921 1165/1/1855
f 1154/1/923 1152/1/916 1188/1/1876
f 140/1/1877 139/1/1878 199/1/1878
f 1145/1/927 1143/1/1768 340/1/1879
f 333/1/325 1181/1/332 1137/1/1786
f 132/1/1880 125/1/3469 189/1/1881
f 354/1/281 1157/1/922 1155/1/258
f 996/1/1648 294/1/1647 292/1/1661
f 197/1/1884 196/1/1885 504/1/1885
f 1152/1/916 1150/1/918 348/1/1887
f 204/1/1888 155/1/1889 154/1/1889
f 1194/1/1870 1172/1/1854 1170/1/268
f 1197/1/279 1177/1/278 1175/1/304
f 1150/1/918 1149/1/1856 1187/1/274
f 512/1/1890 171/1/1890 211/1/1891
f 359/1/255 1160/1/254 1159/1/1792
f 1163/1/919 1162/1/1858 1191/1/253
f 1141/1/1764 1140/1/1765 1183/1/1868
f 340/1/1879 1143/1/1768 1141/1/1764
f 392/1/686 358/1/638 356/1/621
f 1426/1/1895 1425/1/2126 1424/1/1896
f 1327/1/1898 1326/1/1899 1473/1/1899
f 1363/1/1901 1398/1/1901 1400/1/1901
f 1275/1/1902 1255/1/3470 1674/1/1902
f 1381/1/1904 1681/1/1901 1400/1/1901
f 1392/1/1905 1400/1/1901 1398/1/1901
f 1427/1/1906 1428/1/2122 1460/1/1907
f 1407/1/1909 1408/1/2071 1349/1/1910
f 1441/1/1911 1440/1/2023 1268/1/1912
f 1373/1/1914 1379/1/2064 1453/1/1915
f 1477/1/1920 1686/1/2022 1341/1/1921
f 1334/1/1901 1338/1/1925 1332/1/1923
f 1338/1/1925 1334/1/1901 1337/1/1926
f 1342/1/1927 1337/1/1926 1340/1/1922
f 1376/1/1928 1377/1/2134 1333/1/1929
f 1439/1/1932 1332/1/1923 1338/1/1925
f 1438/1/1934 1437/1/3471 1372/1/1935
f 1343/1/1937 1442/1/2061 1342/1/1927
f 1328/1/1941 1675/1/2080 1326/1/1942
f 1253/1/1944 1475/1/1945 1274/1/1945
f 1475/1/1946 1253/1/2214 1336/1/1947
f 1436/1/1949 1380/1/1950 1435/1/1950
f 1648/1/1951 1647/1/2343 1615/1/1952
f 1304/2/1954 1303/2/1977 1301/2/1955
f 1302/2/1956 1301/2/1955 1299/2/1957
f 1300/2/1958 1299/2/1957 1297/2/1959
f 1298/2/1960 1297/2/1959 1295/2/1961
f 1346/1/1901 1399/1/1901 1398/1/1901
f 1296/2/1962 1295/2/1961 1293/2/1963
f 1360/1/1965 1397/1/1901 1355/1/1901
f 1286/2/1967 1285/2/1994 1283/2/1968
f 1404/1/1970 1401/1/1970 1346/1/1970
f 1280/2/1971 1279/2/2218 1277/2/1972
f 1278/2/1973 1277/2/1972 1323/2/1974
f 1306/2/1976 1305/2/1979 1303/2/1977
f 1308/2/1978 1307/2/2043 1305/2/1979
f 1312/2/1980 1311/2/1987 1309/2/1981
f 1320/2/1983 1319/2/1992 1317/2/1984
f 1314/2/1986 1313/2/1989 1311/2/1987
f 1316/2/1988 1315/2/1990 1313/2/1989
f 1318/2/1985 1317/2/1984 1315/2/1990
f 1322/2/1991 1321/2/1996 1319/2/1992
f 1288/2/1993 1287/2/2058 1285/2/1994
f 1276/2/1995 1323/2/1995 1321/2/1996
f 1682/1/164 1325/1/164 1402/1/164
f 1405/1/1970 1348/1/1970 1401/1/1970
f 1339/1/1997 1340/1/1922 1337/1/1926
f 1373/1/1914 1374/1/2003 1367/1/164
f 1266/1/1918 1272/1/1931 1267/1/1913
f 1375/1/2002 1371/1/1936 1369/1/164
f 1259/1/1919 1261/1/164 1260/1/2004
f 1258/1/2005 1260/1/2004 1274/1/2006
f 1257/1/1917 1259/1/1919 1258/1/2005
f 1261/1/164 1263/1/2065 1262/1/2009
f 1371/1/1936 1372/1/1935 1370/1/164
f 1387/1/2010 1388/1/2063 1386/1/2011
f 1464/1/2013 1461/1/2047 1413/1/2014
f 1484/1/2016 1477/1/1920 1340/1/1922
f 1264/1/2017 1265/1/2020 1684/1/2018
f 1270/1/1940 1271/1/1939 1265/1/2020
f 1375/1/2002 1374/1/2003 1378/1/1916
f 1370/1/164 1405/1/164 1404/1/164
f 1440/1/2023 1273/1/2087 1269/1/2024
f 1489/1/2025 1265/1/2020 1271/1/2026
f 1256/1/2029 1671/1/3472 1468/1/2030
f 1470/1/2032 1257/1/1917 1673/1/2008
f 1294/2/1964 1293/2/1963 1291/2/2034
f 1434/1/917 1433/1/917 1380/1/917
f 1493/1/2036 1492/1/2039 1491/1/2037
f 1358/1/2038 1496/1/2036 1492/1/2039
f 1284/2/1969 1283/2/1968 1281/2/2041
f 1310/2/1982 1309/2/1981 1307/2/2043
f 1350/1/319 1349/1/319 1358/1/319
f 1437/1/2044 1442/1/3473 1343/1/2045
f 1432/1/2047 1459/1/2177 1430/1/2048
f 1353/1/917 1493/1/917 1355/1/917
f 1498/1/2050 1497/1/2050 1352/1/2051
f 1252/1/2053 1250/1/3474 1339/1/2054
f 1292/2/2035 1291/2/2034 1289/2/2056
f 1290/2/2057 1289/2/2056 1287/2/2058
f 1361/1/2059 1491/1/2059 1360/1/1965
f 1363/1/917 1362/1/917 1347/1/917
f 1364/1/917 1366/1/917 1362/1/917
f 1494/1/2060 1495/1/2040 1492/1/2039
f 1344/1/1933 1338/1/1925 1342/1/1927
f 1334/1/1901 1335/1/1948 1336/1/1947
f 1394/1/1901 1389/1/2062 1387/1/2010
f 1389/1/2062 1390/1/2173 1388/1/2063
f 1325/1/164 1682/1/164 1379/1/2064
f 1393/1/1901 1387/1/2010 1385/1/2012
f 1263/1/2065 1264/1/2017 1250/1/2019
f 1383/1/2067 1392/1/1905 1385/1/2012
f 1345/1/2028 1469/1/2380 1329/1/1999
f 1262/1/2009 1476/1/2192 1274/1/2006
f 1475/1/1945 1327/1/1898 1474/1/1900
f 1452/1/2069 1266/1/1918 1257/1/1917
f 1332/1/1923 1333/1/2001 1331/1/2000
f 1376/1/2066 1438/1/1934 1371/1/1936
f 1268/1/1912 1269/1/2024 1263/1/2065
f 1372/1/1935 1437/1/3471 1408/1/2071
f 1452/1/2072 1470/1/3475 1469/1/2073
f 1476/1/2074 1252/1/2053 1251/1/2055
f 1370/1/164 1372/1/1935 1406/1/164
f 1406/1/164 1407/1/1909 1351/1/164
f 1408/1/2046 1343/1/2045 1686/1/2076
f 1374/1/2003 1369/1/164 1368/1/164
f 1403/1/164 1368/1/164 1369/1/164
f 1452/1/2078 1345/1/2078 1453/1/2078
f 1681/1/1901 1381/1/1904 1443/1/2079
f 1328/1/1941 1330/1/1924 1329/1/1999
f 1362/1/164 1366/1/164 1367/1/164
f 1347/1/164 1362/1/164 1368/1/164
f 1601/1/2081 1600/1/2360 1568/1/2082
f 1682/1/1950 1678/1/1950 1443/1/2084
f 1401/1/1901 1348/1/1901 1394/1/1901
f 1269/1/2024 1270/1/1940 1264/1/2017
f 1394/1/1901 1348/1/1901 1395/1/1901
f 1685/1/2086 1391/1/2172 1396/1/2075
f 1454/1/1938 1270/1/1940 1269/1/2024
f 1667/1/1897 1424/1/1896 1422/1/2088
f 1417/1/2090 1416/1/2130 1461/1/2091
f 1399/1/1901 1394/1/1901 1393/1/1901
f 1415/1/2093 1464/1/2096 1463/1/2094
f 1415/1/2093 1668/1/2092 1461/1/2091
f 1669/1/2097 1449/1/2121 1414/1/2098
f 1429/1/2100 1456/1/2120 1457/1/2101
f 1450/1/2103 1412/1/2127 1465/1/2104
f 1421/1/2106 1423/1/2089 1422/1/2088
f 1446/1/2108 1410/1/2131 1432/1/2109
f 1447/1/2111 1409/1/2112 1432/1/2112
f 1447/1/2111 1670/1/2113 1467/1/2114
f 1448/1/2115 1467/1/2114 1466/1/2116
f 1455/1/2118 1431/1/2117 1466/1/2116
f 1456/1/2120 1455/1/2118 1430/1/2119
f 1451/1/2095 1463/1/2094 1414/1/2098
f 1429/1/2100 1458/1/2102 1460/1/1907
f 1486/1/2123 1664/1/2333 1663/1/2124
f 1427/1/1906 1459/1/1908 1425/1/2126
f 1450/1/2103 1669/1/2097 1413/1/2099
f 1339/1/2054 1250/1/3474 1684/1/2128
f 1417/1/2090 1445/1/2220 1418/1/2129
f 1446/1/2108 1411/1/2105 1465/1/2104
f 1420/1/2132 1421/1/2106 1462/1/2107
f 1453/1/2133 1345/1/3476 1333/1/1929
f 1365/1/2135 1680/1/2135 1433/1/2135
f 1273/1/2136 1440/1/2146 1388/1/2137
f 1381/1/1904 1383/1/2067 1382/1/2070
f 1272/1/2138 1384/1/2142 1386/1/2139
f 1272/1/2138 1452/1/3477 1382/1/2141
f 1359/1/319 1490/1/319 1496/1/319
f 1324/1/2143 1402/1/2143 1434/1/2143
f 1438/1/2144 1376/1/1928 1439/1/1930
f 1441/1/2140 1386/1/2139 1388/1/2137
f 1644/1/2147 1645/1/2375 1659/1/2148
f 1271/1/2150 1454/1/2153 1391/1/2151
f 1454/1/2153 1273/1/3478 1390/1/2154
f 1438/1/2144 1344/1/2145 1442/1/2155
f 1444/1/1950 1436/1/1949 1678/1/1950
f 1469/1/2073 1470/1/3475 1256/1/2029
f 1415/1/2159 1451/1/3479 1449/1/2160
f 1258/1/2005 1474/1/2007 1473/1/2161
f 1449/1/2160 1450/1/2169 1446/1/2162
f 1483/1/2166 1482/1/2379 1480/1/2167
f 1465/1/2171 1412/1/3480 1413/1/2014
f 1683/1/1950 1380/1/1950 1436/1/1949
f 1389/1/2062 1396/1/2075 1391/1/2172
f 1684/1/2174 1482/1/2379 1483/1/2166
f 1422/1/2176 1424/1/2190 1459/1/2177
f 1461/1/2047 1418/1/2183 1462/1/2178
f 1446/1/2162 1428/1/2182 1423/1/2181
f 1446/1/2162 1447/1/2164 1431/1/2163
f 1428/1/2182 1431/1/2163 1455/1/2185
f 1459/1/2177 1458/1/2179 1457/1/2187
f 1262/1/2009 1250/1/2019 1252/1/2191
f 1423/1/2181 1421/1/3481 1420/1/2158
f 1349/1/319 1685/1/319 1359/1/319
f 1674/1/319 1255/1/319 1254/1/319
f 1574/1/2195 1573/1/2300 1500/1/2196
f 1626/1/2198 1658/1/2368 1657/1/2199
f 1267/1/1913 1268/1/1912 1261/1/164
f 1356/1/1970 1355/1/1970 1348/1/1970
f 1357/1/2201 1497/1/2377 1495/1/2040
f 1481/1/2202 1666/1/2384 1479/1/2203
f 1508/1/2205 1507/1/2253 1505/1/2206
f 1325/1/164 1367/1/164 1366/1/164
f 1486/1/2208 1662/1/3482 1485/1/2209
f 1485/1/2209 1271/1/3483 1686/1/2211
f 1664/1/2210 1686/1/2211 1478/1/2212
f 1251/1/1998 1337/1/1926 1336/1/1947
f 1432/1/2047 1413/1/2014 1461/1/2047
f 1493/1/917 1361/1/917 1354/1/917
f 1489/1/2025 1488/1/3484 1660/1/2215
f 1479/1/2203 1478/1/3485 1686/1/2022
f 1479/1/2203 1477/1/1920 1484/1/2217
f 1282/2/2042 1281/2/2041 1279/2/2218
f 1352/1/2051 1351/1/164 1349/1/164
f 1475/1/1946 1335/1/1948 1328/1/1941
f 1353/1/2219 1356/1/164 1351/1/164
f 1420/1/2132 1419/1/2132 1418/1/2129
f 1680/1/917 1365/1/917 1366/1/917
f 1534/1/2221 1533/1/2265 1531/1/2222
f 1552/1/2224 1554/1/2231 1553/1/2225
f 1502/1/2227 1504/1/2276 1503/1/2228
f 1500/1/2196 1502/1/2227 1501/1/2229
f 1554/1/2231 1556/1/2239 1555/1/2232
f 1520/1/2233 1519/1/2244 1517/1/2234
f 1562/1/2197 1561/1/2262 1559/1/2236
f 1558/1/2238 1557/1/2249 1555/1/2232
f 1544/1/2240 1546/1/2248 1545/1/2241
f 1520/1/2233 1522/1/2277 1521/1/2243
f 1684/1/2018 1265/1/2020 1489/1/2025
f 1516/1/2245 1518/1/2235 1517/1/2234
f 1548/1/2247 1547/1/2275 1545/1/2241
f 1560/1/2237 1559/1/2236 1557/1/2249
f 1512/1/2250 1511/1/2261 1509/1/2251
f 1508/1/2205 1510/1/2252 1509/1/2251
f 1538/1/2254 1540/1/2263 1539/1/2255
f 1538/1/2254 1537/1/2256 1535/1/2257
f 1514/1/2259 1516/1/2245 1515/1/2246
f 1514/1/2259 1513/1/2260 1511/1/2261
f 1500/1/2196 1499/1/2230 1561/1/2262
f 1540/1/2263 1542/1/2278 1541/1/2264
f 1534/1/2221 1536/1/2258 1535/1/2257
f 1526/1/2266 1528/1/2271 1527/1/2267
f 1524/1/2269 1526/1/2266 1525/1/2268
f 1528/1/2271 1530/1/2279 1529/1/2272
f 1552/1/2224 1551/1/2226 1549/1/2273
f 1550/1/2274 1549/1/2273 1547/1/2275
f 1506/1/2207 1505/1/2206 1503/1/2228
f 1524/1/2269 1523/1/2270 1521/1/2243
f 1542/1/2278 1544/1/2240 1543/1/2242
f 1532/1/2223 1531/1/2222 1529/1/2272
f 1530/1/2279 1590/1/2321 1589/1/2280
f 1577/1/2281 1576/1/2298 1558/1/2238
f 1554/1/2231 1578/1/2320 1577/1/2281
f 1594/1/2282 1522/1/2277 1520/1/2233
f 1592/1/2284 1591/1/2294 1528/1/2271
f 1550/1/2274 1580/1/2305 1579/1/2285
f 1542/1/2278 1584/1/2289 1583/1/2286
f 1544/1/2240 1583/1/2286 1582/1/2287
f 1534/1/2221 1588/1/2291 1587/1/2288
f 1540/1/2263 1585/1/2295 1584/1/2289
f 1569/1/2083 1568/1/2082 1510/1/2252
f 1571/1/2290 1570/1/2293 1506/1/2207
f 1532/1/2223 1589/1/2280 1588/1/2291
f 1560/1/2237 1575/1/2309 1574/1/2195
f 1546/1/2248 1582/1/2287 1581/1/2292
f 1570/1/2293 1569/1/2083 1508/1/2205
f 1591/1/2294 1590/1/2321 1530/1/2279
f 1538/1/2254 1586/1/2301 1585/1/2295
f 1516/1/2245 1565/1/2318 1564/1/2296
f 1453/1/2297 1379/1/2085 1443/1/2084
f 1576/1/2298 1575/1/2309 1560/1/2237
f 1594/1/2282 1593/1/2313 1524/1/2269
f 1568/1/2082 1567/1/2331 1512/1/2250
f 1579/1/2285 1578/1/2320 1554/1/2231
f 1572/1/2299 1571/1/2290 1504/1/2276
f 1573/1/2300 1572/1/2299 1502/1/2227
f 1536/1/2258 1587/1/2288 1586/1/2301
f 1564/1/2296 1563/1/2283 1520/1/2233
f 1512/1/2250 1567/1/2331 1566/1/2302
f 1524/1/2269 1593/1/2313 1592/1/2284
f 1566/1/2302 1565/1/2318 1516/1/2245
f 1581/1/2292 1580/1/2305 1550/1/2274
f 1564/1/2296 1596/1/2340 1595/1/2303
f 1581/1/2292 1613/1/2323 1612/1/2304
f 1435/1/2306 1380/1/3486 1433/1/2306
f 1620/1/2307 1619/1/2352 1587/1/2288
f 1608/1/2308 1607/1/2353 1575/1/2309
f 1605/1/2310 1604/1/2315 1572/1/2299
f 1486/1/2123 1661/1/2125 1488/1/2311
f 1593/1/2313 1625/1/2200 1624/1/2314
f 1604/1/2315 1603/1/2348 1571/1/2290
f 1587/1/2288 1619/1/2352 1618/1/2316
f 1598/1/2317 1597/1/2324 1565/1/2318
f 1610/1/2319 1609/1/2356 1577/1/2281
f 1590/1/2321 1622/1/2345 1621/1/2322
f 1624/1/2314 1623/1/2328 1591/1/2294
f 1582/1/2287 1614/1/2335 1613/1/2323
f 1612/1/2304 1611/1/2350 1579/1/2285
f 1594/1/2282 1626/1/2198 1625/1/2200
f 1597/1/2324 1596/1/2340 1564/1/2296
f 1579/1/2285 1611/1/2350 1610/1/2319
f 1575/1/2309 1607/1/2353 1606/1/2325
f 1488/1/2311 1661/1/2125 1482/1/2326
f 1589/1/2280 1621/1/2322 1620/1/2307
f 1574/1/2195 1606/1/2325 1605/1/2310
f 1623/1/2328 1622/1/2345 1590/1/2321
f 1571/1/2290 1603/1/2348 1602/1/2329
f 1618/1/2316 1617/1/2347 1585/1/2295
f 1568/1/2082 1600/1/2360 1599/1/2330
f 1666/1/2332 1663/1/2124 1664/1/2333
f 1583/1/2286 1615/1/1952 1614/1/2335
f 1567/1/2331 1599/1/2330 1598/1/2317
f 1595/1/2303 1626/1/2198 1594/1/2282
f 1471/1/2336 1254/1/3487 1472/1/2337
f 1629/1/2339 1628/1/2372 1596/1/2340
f 1627/1/2341 1658/1/2368 1626/1/2198
f 1637/1/2342 1636/1/2363 1604/1/2315
f 1647/1/2343 1646/1/2357 1614/1/2335
f 1621/1/2322 1653/1/2346 1652/1/2344
f 1622/1/2345 1654/1/2371 1653/1/2346
f 1617/1/2347 1649/1/2374 1648/1/1951
f 1596/1/2340 1628/1/2372 1627/1/2341
f 1603/1/2348 1635/1/2370 1634/1/2349
f 1644/1/2147 1643/1/2149 1611/1/2350
f 1651/1/2351 1650/1/2362 1618/1/2316
f 1634/1/2349 1633/1/2359 1601/1/2081
f 1607/1/2353 1639/1/2358 1638/1/2354
f 1642/1/2355 1641/1/2373 1609/1/2356
f 1611/1/2350 1643/1/2149 1642/1/2355
f 1598/1/2317 1630/1/2365 1629/1/2339
f 1646/1/2357 1645/1/2375 1613/1/2323
f 1395/1/1901 1355/1/1901 1397/1/1901
f 1613/1/2323 1645/1/2375 1644/1/2147
f 1608/1/2308 1640/1/2364 1639/1/2358
f 1633/1/2359 1632/1/2369 1600/1/2360
f 1638/1/2354 1637/1/2342 1605/1/2310
f 1657/1/2199 1656/1/2367 1624/1/2314
f 1620/1/2307 1652/1/2344 1651/1/2351
f 1600/1/2360 1632/1/2369 1631/1/2361
f 1650/1/2362 1649/1/2374 1617/1/2347
f 1636/1/2363 1635/1/2370 1603/1/2348
f 1609/1/2356 1641/1/2373 1640/1/2364
f 1599/1/2330 1631/1/2361 1630/1/2365
f 1655/1/2366 1654/1/2371 1622/1/2345
f 1656/1/2367 1655/1/2366 1623/1/2328
f 1657/1/2199 1658/1/2368 1659/1/2148
f 1627/1/2341 1628/1/2372 1659/1/2148
f 1349/1/2135 1686/1/2135 1271/1/2135
f 1636/1/2363 1637/1/2342 1659/1/2148
f 1655/1/2366 1656/1/2367 1659/1/2148
f 1640/1/2364 1641/1/2373 1659/1/2148
f 1653/1/2346 1654/1/2371 1659/1/2148
f 1629/1/2339 1630/1/2365 1659/1/2148
f 1642/1/2355 1643/1/2149 1659/1/2148
f 1651/1/2351 1652/1/2344 1659/1/2148
f 1638/1/2354 1639/1/2358 1659/1/2148
f 1648/1/1951 1649/1/2374 1659/1/2148
f 1634/1/2349 1635/1/2370 1659/1/2148
f 1631/1/2361 1632/1/2369 1659/1/2148
f 1646/1/2357 1647/1/2343 1659/1/2148
f 1570/1/2293 1602/1/2329 1601/1/2081
f 1616/1/1953 1615/1/1952 1583/1/2286
f 1335/1/1948 1334/1/1901 1330/1/1924
f 1585/1/2295 1617/1/2347 1616/1/1953
f 1609/1/2356 1608/1/2308 1576/1/2298
f 1359/1/2376 1685/1/1901 1397/1/1901
f 1490/1/2059 1359/1/2376 1360/1/1965
f 1357/1/2050 1353/1/2219 1352/1/2051
f 1496/1/2036 1490/1/2037 1491/1/2037
f 1358/1/2038 1495/1/2040 1497/1/2377
f 1494/1/917 1493/1/917 1353/1/917
f 1487/1/2378 1660/1/3488 1482/1/2379
f 1681/1/1901 1680/1/1901 1364/1/1901
f 1469/1/2380 1677/1/3489 1675/1/2080
f 1667/1/2381 1423/1/2181 1428/1/2182
f 1662/1/2382 1488/1/3484 1489/1/2025
f 1665/1/2383 1478/1/3485 1479/1/2203
f 1666/1/2332 1481/1/3490 1480/1/2385
f 1482/1/2326 1661/1/2125 1663/1/2124
f 1713/2/2411 1715/2/2454 1714/2/2412
f 1721/2/2414 1974/2/2437 1976/2/2415
f 1695/2/2417 1697/2/2452 1696/2/2418
f 2036/2/2420 2029/2/3491 2030/2/2421
f 1908/2/2423 1714/2/2412 1716/2/2424
f 1728/2/2426 2035/2/2439 2034/2/2427
f 1892/2/2429 1963/2/3492 1711/2/2430
f 1720/2/2416 1976/2/2415 1718/2/2431
f 1689/2/2433 1687/2/2814 2026/2/2434
f 1723/2/2436 1722/2/2475 1974/2/2437
f 1730/2/2438 1729/2/2828 2035/2/2439
f 1756/2/2440 1774/2/3493 1772/2/2441
f 1993/2/2443 1956/2/2467 1958/2/2444
f 1703/2/2446 1704/2/2870 1937/2/2447
f 1712/2/2449 1713/2/2411 1966/2/2413
f 1991/2/2450 2034/2/2427 1893/2/2451
f 1697/2/2452 1699/2/2478 1698/2/2453
f 1715/2/2454 1717/2/2455 1716/2/2424
f 1719/2/2432 1718/2/2431 1716/2/2424
f 1701/2/2456 1702/2/2512 1932/2/2457
f 1694/2/2459 1921/2/2477 1910/2/2460
f 1693/2/2461 1910/2/2460 1691/2/2422
f 1725/2/2463 1989/2/2476 1987/2/2464
f 1710/2/2466 1712/2/2449 1711/2/2430
f 1709/2/2468 1710/2/2466 1956/2/2467
f 1708/2/2469 1709/2/2468 1993/2/2443
f 1707/2/2471 1708/2/2469 1903/2/2470
f 1939/2/2448 1934/2/2473 1930/2/2473
f 1905/2/2474 1974/2/2437 1722/2/2475
f 1725/2/2463 1726/2/2800 1991/2/2450
f 1695/2/2417 1918/2/2419 1921/2/2477
f 1724/2/2465 1987/2/2464 1722/2/2475
f 1699/2/2478 1701/2/2456 1700/2/2458
f 2288/2/2479 1708/2/2469 1707/2/2471
f 1721/2/2414 1720/2/2416 1739/2/2481
f 2292/2/2483 1712/2/2449 1710/2/2466
f 1737/2/2485 1715/2/2454 1713/2/2411
f 1733/2/2487 1695/2/2417 1694/2/2459
f 1693/2/2461 1692/2/2462 2308/2/2489
f 1692/2/2462 1690/2/2582 2306/2/2491
f 2306/2/2491 1690/2/2582 1689/2/2433
f 2290/2/2484 1710/2/2466 1709/2/2468
f 2304/2/2494 1731/2/2505 1688/2/2435
f 1723/2/2436 1721/2/2414 2297/2/2482
f 1730/2/2438 1728/2/2426 1743/2/2496
f 1727/2/2428 1726/2/2800 1742/2/2497
f 2286/2/2499 1704/2/2870 1703/2/2446
f 1741/2/2501 1725/2/2463 1724/2/2465
f 1724/2/2465 1723/2/2436 1740/2/2495
f 1705/2/2503 1704/2/2870 2286/2/2499
f 1732/2/2492 1689/2/2433 1688/2/2435
f 1720/2/2416 1719/2/2432 1738/2/2506
f 2282/2/2507 1701/2/2456 1699/2/2478
f 1717/2/2455 1715/2/2454 1737/2/2485
f 1719/2/2432 1717/2/2455 2296/2/2509
f 2294/2/2486 1713/2/2411 1712/2/2449
f 1707/2/2471 1705/2/2503 2287/2/2504
f 2278/2/2488 1694/2/2459 1693/2/2461
f 1736/2/2493 1709/2/2468 1708/2/2469
f 1995/2/2510 1968/2/2510 2500/2/2510
f 1728/2/2426 1727/2/2428 2302/2/2498
f 1697/2/2452 1695/2/2417 1733/2/2487
f 1742/2/2497 1726/2/2800 1725/2/2463
f 2284/2/2500 1703/2/2446 1702/2/2512
f 1699/2/2478 1697/2/2452 1734/2/2511
f 2054/2/2514 2048/2/3494 2072/2/2514
f 2491/2/2135 2497/2/2135 1776/2/2135
f 2486/2/2135 2487/2/2135 1776/2/2135
f 2171/2/2516 2449/2/3110 2446/2/2517
f 1760/2/2519 2064/2/2519 1758/2/2519
f 1746/2/2521 1747/2/3495 2053/2/2522
f 1768/2/2524 2067/2/164 2047/2/2525
f 2079/2/2527 2081/2/3496 2080/2/2527
f 2066/2/164 2065/2/164 2042/2/164
f 2392/2/2529 2397/2/3497 2399/2/2530
f 1902/2/2532 1706/2/2472 1903/2/2470
f 2099/2/2533 1753/2/3498 1752/2/2534
f 2056/2/2536 2353/2/3499 2074/2/2537
f 1885/2/2539 1757/2/2539 2050/2/2539
f 2501/2/2540 1980/2/3500 1884/2/2541
f 2082/2/2543 2097/2/2519 2009/2/2544
f 2050/2/2546 1757/2/3501 1774/2/2547
f 1868/2/2549 1885/2/3502 1754/2/2550
f 2414/2/2552 2417/2/3503 1916/2/2553
f 1788/2/2518 2446/2/2517 2445/2/2554
f 2191/2/2556 2467/2/3133 2465/2/2557
f 1815/2/2559 2457/2/3118 2182/2/2560
f 2181/2/2562 2454/2/3115 2179/2/2563
f 1705/2/2503 1707/2/2471 1706/2/2472
f 2055/2/2566 2052/2/3504 2087/2/2566
f 2387/2/2568 2386/2/2706 2383/2/2569
f 2178/2/2571 2453/2/3114 2176/2/2572
f 2177/2/2573 2176/2/2572 2450/2/2574
f 1753/2/2576 2076/2/2576 2043/2/2576
f 1773/2/2442 1772/2/2441 2012/2/2577
f 1752/2/2579 2056/2/2579 2054/2/2580
f 1692/2/2462 1691/2/2422 2030/2/2421
f 1882/2/2585 1881/2/3505 1880/2/2586
f 1884/2/2588 1980/2/3506 1981/2/2588
f 2496/2/2590 2497/2/2135 2491/2/2135
f 2497/2/2135 1781/2/2135 2474/2/2135
f 1868/2/2592 1870/2/2963 1869/2/2593
f 2440/2/2595 2381/2/3507 2384/2/2596
f 2409/2/2598 2412/2/3508 1832/2/2598
f 2425/2/2600 2429/2/3509 1799/2/2601
f 1849/2/2603 1944/2/3510 1929/2/2604
f 1788/2/2605 1790/2/2693 1789/2/2606
f 2187/2/2608 1807/2/2634 1806/2/2609
f 1815/2/2611 1813/2/2635 1811/2/2612
f 1794/2/2614 2441/2/2667 2442/2/2597
f 2190/2/2616 2189/2/2666 1798/2/2617
f 1791/2/2619 2384/2/2596 2383/2/2569
f 1887/2/2620 2391/2/3511 1888/2/2620
f 1788/2/2605 1785/2/2607 1786/2/2622
f 1808/2/2624 2419/2/2630 2423/2/2625
f 1787/2/2626 1827/2/2668 1826/2/2627
f 1808/2/2624 1811/2/2612 2417/2/2629
f 2390/2/2631 1829/2/3512 1828/2/2632
f 1807/2/2634 1810/2/2704 1808/2/2624
f 1813/2/2635 1816/2/2676 2412/2/2636
f 2191/2/2638 1795/2/2661 1794/2/2614
f 1836/2/2640 1997/2/2765 1835/2/2641
f 1863/2/2643 1861/2/2760 2023/2/2644
f 2177/2/2645 1823/2/2655 1820/2/2646
f 1826/2/2627 1825/2/2531 2399/2/2530
f 2188/2/2649 1803/2/2656 1800/2/2650
f 2399/2/2652 2396/2/3513 1749/2/2652
f 1824/2/2648 2399/2/2530 1748/2/2654
f 2188/2/2649 2187/2/2608 1804/2/2610
f 1748/2/2654 1822/2/3514 1821/2/2657
f 2180/2/2659 2178/2/2647 1820/2/2646
f 1795/2/2661 1796/2/2618 1865/2/2662
f 2434/2/2664 2435/2/3515 2437/2/2664
f 2189/2/2666 1802/2/2651 1800/2/2650
f 1794/2/2614 1795/2/2661 2437/2/2663
f 1827/2/2668 1787/2/2626 2171/2/2623
f 1826/2/2627 1827/2/2668 1887/2/2633
f 1986/2/2669 1979/2/2757 1978/2/2670
f 2183/2/2671 1816/2/2676 1813/2/2635
f 2425/2/2672 2428/2/3516 2426/2/2673
f 2181/2/2675 1817/2/2701 1816/2/2676
f 2389/2/2677 1830/2/3517 2386/2/2677
f 2437/2/2663 2376/2/3518 2377/2/2679
f 2084/2/1901 2083/2/1901 2082/2/2680
f 2404/2/2682 2403/2/3519 1833/2/2682
f 2175/2/2684 1824/2/2648 1823/2/2655
f 2440/2/2685 2439/2/3520 1895/2/2685
f 1852/2/2687 1947/2/3521 1946/2/2688
f 2193/2/2690 1793/2/2698 1792/2/2615
f 2423/2/2625 1805/2/3522 2424/2/2691
f 1790/2/2693 2193/2/2690 1791/2/2619
f 1845/2/2694 1898/2/3523 1897/2/2695
f 1796/2/2618 1798/2/2617 1797/2/2697
f 1793/2/2698 2192/2/2639 1794/2/2614
f 1866/2/2699 2431/2/3524 1867/2/2699
f 2175/2/2684 2174/2/2628 1826/2/2627
f 1813/2/2635 1915/2/2637 2417/2/2629
f 1817/2/2701 2408/2/2762 2412/2/2636
f 2190/2/2616 1796/2/2618 1795/2/2661
f 2423/2/2702 2418/2/3525 1864/2/2702
f 1812/2/2613 1811/2/2612 1808/2/2624
f 1820/2/2646 2400/2/2658 2406/2/2705
f 2386/2/2706 2390/2/2631 1786/2/2622
f 1798/2/2617 1800/2/2650 1799/2/2601
f 1783/2/2707 1784/2/3526 1782/2/2707
f 1789/2/2606 2383/2/2569 2386/2/2706
f 1827/2/2668 1786/2/2622 2390/2/2631
f 1922/2/2709 1955/2/2710 1954/2/2710
f 1804/2/2610 2426/2/2692 1801/2/2602
f 2200/2/2712 1911/2/2855 1914/2/2713
f 2225/2/2715 1992/2/2732 1845/2/2694
f 2023/2/2644 1861/2/2760 2206/2/2717
f 1854/2/2719 1922/2/2709 1853/2/2711
f 1855/2/2721 1917/2/2750 1922/2/2709
f 2033/2/2722 1857/2/2754 2202/2/2723
f 1959/2/2725 1891/2/2759 2229/2/2726
f 2235/2/2728 1849/2/2603 1949/2/2729
f 2227/2/2731 1964/2/3527 1992/2/2732
f 1933/2/2733 1943/2/2736 1850/2/2734
f 1943/2/2736 1944/2/3510 2237/2/2737
f 1860/2/2738 2033/2/2722 1858/2/2724
f 1844/2/2716 1845/2/2694 1843/2/2696
f 1886/2/2741 1757/2/2741 1885/2/2741
f 1851/2/2742 1852/2/2687 1931/2/2689
f 2242/2/2743 1931/2/2689 1933/2/2733
f 1837/2/2744 1997/2/2765 1836/2/2640
f 2222/2/2740 1843/2/2696 1842/2/2746
f 1848/2/2730 1949/2/2729 1847/2/2748
f 2237/2/2737 1944/2/3510 1849/2/2603
f 1856/2/2714 1914/2/2713 1917/2/2750
f 1986/2/2669 1837/2/2744 2215/2/2745
f 1841/2/2747 1842/2/2746 1840/2/2752
f 1857/2/2754 1911/2/2855 2200/2/2712
f 2022/2/2755 2023/2/2644 2208/2/2718
f 1839/2/2753 1840/2/2752 1979/2/2757
f 1891/2/2759 1964/2/3527 2227/2/2731
f 1861/2/2760 1860/2/2738 1859/2/2739
f 2232/2/2749 1847/2/2748 1959/2/2725
f 1853/2/2711 1852/2/2687 1851/2/2742
f 1979/2/2757 1986/2/2669 2217/2/2751
f 2406/2/2705 2401/2/3528 1818/2/2761
f 2412/2/2636 1814/2/3529 2413/2/2763
f 1804/2/2610 1806/2/2609 2423/2/2625
f 1837/2/2744 1941/2/2764 1940/2/2764
f 1800/2/2650 1803/2/2656 1801/2/2602
f 1999/2/2766 1998/2/3091 1774/2/2767
f 1879/2/2769 1877/2/2971 1759/2/1901
f 2021/2/2773 2001/2/2965 2000/2/2774
f 2058/2/2779 2075/2/3530 2068/2/164
f 1994/2/2780 1968/2/3531 1995/2/2780
f 2006/2/2782 2005/2/3092 1983/2/2783
f 2048/2/164 2067/2/164 2066/2/164
f 2093/2/1901 2092/2/1901 1747/2/1901
f 1754/2/2785 2075/2/3530 2058/2/2779
f 2032/2/2787 2021/2/3532 2020/2/2788
f 2000/2/2774 2001/2/2965 2012/2/164
f 2061/2/164 1762/2/164 1764/2/164
f 2011/2/164 2002/2/2792 2004/2/2790
f 2004/2/2790 2005/2/3092 2010/2/164
f 2065/2/164 2066/2/164 1758/2/164
f 2003/2/2791 2004/2/2790 2002/2/2792
f 2502/2/2793 1984/2/3533 1982/2/2793
f 1759/2/2520 1758/2/2519 1768/2/2795
f 1792/2/2615 2442/2/2597 2384/2/2596
f 2019/2/2797 1970/2/3534 2031/2/2798
f 1913/2/2799 1914/2/2799 1911/2/2799
f 1727/2/2428 2034/2/2427 1991/2/2450
f 1891/2/2759 1959/2/2725 1957/2/2801
f 2022/2/2755 1835/2/2641 2013/2/2802
f 1906/2/2803 1976/2/2803 1974/2/2803
f 1967/2/2804 2052/2/2804 2041/2/2804
f 1718/2/2431 1976/2/2415 1973/2/2805
f 2077/2/2806 2078/2/2806 1687/2/2806
f 1702/2/2512 1703/2/2446 1939/2/2448
f 2028/2/2807 1860/2/2807 1861/2/2807
f 1750/2/2808 2023/2/2808 2022/2/2808
f 1977/2/2809 2039/2/3535 1889/2/2810
f 2432/2/2812 2433/2/3536 1865/2/2662
f 2049/2/2813 1754/2/2813 2050/2/2813
f 1690/2/2582 2030/2/2421 1687/2/2814
f 1847/2/2748 1949/2/2729 1925/2/2815
f 1963/2/2817 1891/2/3537 1920/2/2818
f 1990/2/2820 1985/2/3538 1987/2/2464
f 1896/2/2821 1919/2/2821 1917/2/2750
f 2053/2/2822 2037/2/3070 2025/2/2823
f 1907/2/2824 2346/2/2824 2168/2/2825
f 1936/2/2826 1937/2/2447 1948/2/2565
f 1750/2/2827 1751/2/3539 2035/2/2439
f 1933/2/2733 1935/2/2829 1938/2/2829
f 1957/2/2830 1959/2/3540 1958/2/2830
f 1996/2/2832 1893/2/2832 1835/2/2832
f 1883/2/2833 1868/2/3541 2057/2/2834
f 1972/2/2835 1843/2/3542 1897/2/2836
f 2421/2/3543 1864/2/3543 2370/2/3543
f 2283/2/2513 1702/2/2512 1701/2/2456
f 1924/2/2839 1993/2/3544 1923/2/2840
f 1992/2/2732 1964/2/3527 1965/2/2842
f 1993/2/2843 1924/2/2843 1925/2/2844
f 1990/2/2846 1837/2/2846 1986/2/2847
f 1896/2/2848 1914/2/3545 1913/2/2849
f 1995/2/2851 1890/2/2851 1889/2/2851
f 2026/2/2434 1687/2/2814 2028/2/2852
f 1953/2/2854 1909/2/3546 1911/2/2855
f 1927/2/2856 1700/2/3547 1947/2/2856
f 1933/2/2858 1931/2/2858 1930/2/2858
f 1978/2/2859 1979/2/3548 1904/2/2859
f 1688/2/2435 2026/2/2434 1729/2/2828
f 1978/2/2861 1722/2/2861 1987/2/2861
f 1817/2/2701 1819/2/2660 2406/2/2705
f 1955/2/2862 1922/2/3549 1899/2/2862
f 2033/2/2864 2029/2/2864 2036/2/2864
f 1996/2/2865 1997/2/3550 1940/2/2866
f 1913/2/2868 1912/2/3551 1910/2/2460
f 1957/2/2869 1956/2/3552 1711/2/2869
f 1705/2/2503 1948/2/2565 1937/2/2447
f 1820/2/2646 1823/2/2655 1748/2/2654
f 1834/2/2871 2035/2/3553 1751/2/2872
f 1958/2/2874 1959/2/2874 1847/2/2874
f 2502/2/2875 1983/2/3554 2003/2/2876
f 2077/2/2878 2033/2/2722 1860/2/2738
f 2034/2/2880 2035/2/2880 1834/2/2880
f 1971/2/2881 1716/2/3555 1898/2/2881
f 1755/2/2883 2007/2/3005 1945/2/2884
f 2212/2/2642 1835/2/2641 2022/2/2755
f 1900/2/2886 1918/2/2419 1696/2/2418
f 1840/2/2752 1842/2/2746 1906/2/2888
f 1925/2/2889 1949/2/3556 1901/2/2890
f 2101/2/2892 2089/2/3557 1967/2/2892
f 1869/2/2894 1871/2/3558 2098/2/2894
f 2028/2/2896 1687/2/3559 2078/2/2896
f 1929/2/2898 1944/2/3560 1942/2/2899
f 1906/2/2901 1842/2/3561 1973/2/2901
f 2072/2/2903 2042/2/3562 2503/2/2904
f 1776/2/2135 2474/2/2135 2477/2/2583
f 1982/2/2906 1984/2/3563 1952/2/2907
f 2032/2/2909 2031/2/3564 2003/2/2909
f 1706/2/2911 1928/2/2911 1929/2/2912
f 1953/2/2913 1691/2/2913 1910/2/2914
f 1934/2/2915 1939/2/3565 1935/2/2916
f 1953/2/2918 1857/2/3566 2036/2/2918
f 1919/2/2920 1918/2/3567 1900/2/2921
f 1936/2/2923 1942/2/2923 1944/2/2923
f 1954/2/2924 1698/2/3568 1926/2/2925
f 1955/2/2927 1696/2/2927 1698/2/2927
f 1988/2/2928 1987/2/3569 1985/2/2929
f 1965/2/2931 1966/2/2931 1714/2/2931
f 2032/2/2787 2018/2/2789 2017/2/2932
f 1947/2/2934 1700/2/2934 1932/2/2934
f 1892/2/2935 1966/2/3570 1965/2/2935
f 1977/2/2809 2040/2/2811 1952/2/2937
f 1849/2/2939 1902/2/2939 1901/2/2939
f 1940/2/2940 1941/2/2940 1989/2/2940
f 1999/2/2941 1757/2/3571 1886/2/2941
f 1946/2/2943 1932/2/3572 1930/2/2944
f 1928/2/2946 1706/2/3573 1902/2/2947
f 2063/2/164 2062/2/164 1762/2/164
f 1938/2/2949 1935/2/2950 1939/2/2950
f 1917/2/2951 1900/2/2951 1899/2/2952
f 1908/2/2953 1992/2/3574 2038/2/2954
f 1890/2/2956 2500/2/3575 2008/2/2957
f 1936/2/2959 1943/2/3576 1938/2/2960
f 1972/2/2962 1973/2/2962 1842/2/2962
f 1870/2/2963 1872/2/2771 1871/2/2770
f 2073/2/164 2047/2/2525 2067/2/164
f 1874/2/2777 1875/2/2967 1960/2/2966
f 1875/2/2967 1876/2/2778 1961/2/2968
f 1967/2/2969 2089/2/3577 2087/2/2969
f 1877/2/2971 1879/2/2769 1878/2/2972
f 1951/2/2974 2007/2/3005 2006/2/2782
f 2160/2/2975 2288/2/3578 1735/2/2976
f 2067/2/164 1768/2/164 1758/2/164
f 1853/2/2978 1926/2/2978 1927/2/2979
f 2166/2/319 2167/2/319 2343/2/319
f 1952/2/2980 2040/2/3579 1950/2/2980
f 1969/2/2982 1768/2/3580 1767/2/2982
f 1862/2/2984 2023/2/3581 1750/2/2984
f 2077/2/2987 2030/2/3582 2029/2/2988
f 2027/2/2992 1861/2/3583 1863/2/2993
f 2059/2/164 2060/2/164 1764/2/164
f 2018/2/2789 2020/2/3584 1962/2/2995
f 2412/2/3585 2411/2/3585 2408/2/3585
f 1874/2/2777 1873/2/2776 1765/2/1901
f 1863/2/2998 1862/2/2998 1729/2/2998
f 2016/2/2999 2015/2/3586 2019/2/2933
f 2075/2/3000 1754/2/3587 2049/2/3000
f 1908/2/3002 1971/2/3003 1845/2/3003
f 2017/2/2932 2018/2/2789 1886/2/2996
f 2014/2/2991 1945/2/2884 2007/2/3005
f 2037/2/3006 2053/2/3588 1747/2/3006
f 1893/2/3008 2034/2/3589 2013/2/3009
f 1905/2/3011 1904/2/3011 1979/2/3011
f 1905/2/3012 1840/2/3590 1975/2/3013
f 2501/2/3015 1878/2/3591 1880/2/3015
f 1960/2/3017 1970/2/3592 2019/2/3017
f 1981/2/3019 1970/2/3593 1960/2/3020
f 1963/2/3022 1892/2/3023 1964/2/3023
f 2502/2/3024 1981/2/3594 1980/2/3025
f 1912/2/3027 1911/2/3595 1909/2/3028
f 2501/2/2938 1952/2/2937 1984/2/3030
f 2071/2/3031 2025/2/3596 2503/2/3031
f 1941/2/3033 1837/2/3597 1990/2/3033
f 1921/2/3035 1918/2/3598 1919/2/3035
f 1995/2/3037 2039/2/3599 1881/2/3038
f 2014/2/3040 1950/2/3600 2040/2/3041
f 1890/2/3043 1945/2/3601 2014/2/3044
f 1877/2/2971 1884/2/2973 1961/2/2968
f 1744/2/2523 2080/2/3185 2081/2/3046
f 2025/2/3048 2071/2/3602 2070/2/3048
f 2500/2/3050 1968/2/3051 1767/2/3051
f 1898/2/3052 1716/2/3052 1718/2/3052
f 1755/2/3053 2500/2/3603 2044/2/3054
f 2058/2/2779 2059/2/164 1766/2/164
f 2045/2/3056 2044/2/3604 2076/2/3057
f 1752/2/3059 2055/2/3605 2085/2/3059
f 2076/2/3061 2044/2/3061 1767/2/3061
f 1926/2/3062 1698/2/2453 1700/2/2458
f 2076/2/3063 1753/2/3064 2099/2/3064
f 2414/2/3065 2416/2/3606 1831/2/3065
f 2329/2/3067 2328/2/3067 2153/2/3067
f 2319/2/3068 2120/2/3068 2118/2/3068
f 2348/2/3069 2347/2/3069 2349/2/3069
f 2037/2/3070 1967/2/3071 2503/2/3071
f 2055/2/2581 2054/2/2580 2041/2/3072
f 1773/2/1901 2093/2/1901 2094/2/3073
f 1771/2/1901 2092/2/1901 2093/2/1901
f 1771/2/1901 2095/2/1901 2091/2/1901
f 2095/2/1901 2096/2/1901 2090/2/1901
f 1760/2/1901 1876/2/2778 1875/2/2967
f 2097/2/1901 2086/2/1901 2088/2/1901
f 2097/2/1901 2082/2/1901 2083/2/1901
f 2081/2/1901 2079/2/3187 2094/2/3073
f 2015/2/2778 2016/2/2772 1872/2/2771
f 2043/2/3074 2046/2/3074 2074/2/3075
f 2089/2/1901 2101/2/1901 2090/2/1901
f 2089/2/1901 2088/2/1901 2086/2/1901
f 2085/2/1901 2087/2/1901 2086/2/1901
f 2017/2/2932 2098/2/3004 1871/2/3076
f 1969/2/3078 1968/2/3607 1994/2/2587
f 1745/2/3079 2069/2/3608 2068/2/3080
f 1771/2/2578 2012/2/2577 2011/2/3082
f 2031/2/2798 1970/2/3534 1981/2/3084
f 1879/2/2769 1994/2/2587 1880/2/2586
f 1759/2/1901 1877/2/2971 1876/2/2778
f 2043/2/3086 1767/2/3609 2047/2/3087
f 2099/2/1901 2085/2/1901 2083/2/1901
f 1881/2/3089 2039/2/3610 1977/2/3089
f 1983/2/2783 2005/2/3092 2004/2/2790
f 2070/2/164 2071/2/164 2061/2/164
f 2070/2/164 2060/2/164 2059/2/164
f 1747/2/1901 2092/2/1901 2091/2/1901
f 2046/2/164 2047/2/2525 2073/2/164
f 1998/2/3091 2000/2/2774 1772/2/164
f 1765/2/1901 1873/2/2776 1872/2/2771
f 2012/2/164 2001/2/2965 2002/2/2792
f 1875/2/2967 1874/2/2777 1763/2/1901
f 2063/2/164 2065/2/164 2064/2/164
f 2005/2/3092 2006/2/2782 2009/2/164
f 1962/2/2964 2000/2/2774 1998/2/3091
f 2042/2/164 2065/2/164 2063/2/164
f 2417/2/2629 1809/2/3611 2370/2/3093
f 2048/2/3094 2054/2/3612 2056/2/3094
f 2166/2/319 2341/2/319 2165/2/319
f 2181/2/2675 2180/2/2659 1819/2/2660
f 2221/2/917 1841/2/917 1839/2/917
f 2293/2/319 2291/2/319 2336/2/319
f 2169/2/319 2279/2/319 2347/2/319
f 2279/2/319 2170/2/319 2349/2/319
f 2170/2/319 2277/2/319 2351/2/319
f 2352/2/917 2312/2/917 2113/2/917
f 2226/2/917 2225/2/917 1844/2/917
f 2203/2/917 2204/2/917 1858/2/917
f 2152/2/319 2328/2/319 2150/2/319
f 2147/2/3096 2304/2/3159 1743/2/3097
f 1741/2/3099 2298/2/3160 2148/2/3100
f 2303/2/319 2317/2/319 2319/2/319
f 2301/2/319 2320/2/319 2317/2/319
f 2326/2/917 2130/2/917 2129/2/917
f 2300/2/319 2299/2/319 2322/2/319
f 2299/2/319 2148/2/319 2327/2/319
f 2149/2/319 2325/2/319 2327/2/319
f 2151/2/319 2150/2/319 2325/2/319
f 2199/2/917 2201/2/917 2200/2/917
f 2231/2/917 1846/2/917 2229/2/917
f 2156/2/319 2155/2/319 2153/2/319
f 2156/2/319 2295/2/319 2157/2/319
f 2307/2/319 2311/2/319 2310/2/319
f 2133/2/917 2330/2/917 2134/2/917
f 2239/2/917 1850/2/917 2237/2/917
f 2211/2/917 2210/2/917 2208/2/917
f 2158/2/319 2160/2/319 2159/2/319
f 2162/2/319 2161/2/319 2159/2/319
f 2301/2/3102 2302/2/3157 1742/2/3103
f 2285/2/319 2165/2/319 2163/2/319
f 2115/2/917 2315/2/917 2116/2/917
f 2231/2/917 2233/2/917 2232/2/917
f 2118/2/917 2120/2/917 2119/2/917
f 2219/2/917 1838/2/917 2217/2/917
f 2218/2/917 2217/2/917 2215/2/917
f 2323/2/917 2124/2/917 2122/2/917
f 2205/2/917 1859/2/917 1858/2/917
f 2211/2/917 2213/2/917 2212/2/917
f 2243/2/917 2194/2/917 1851/2/917
f 2194/2/917 2196/2/917 2195/2/917
f 2130/2/917 2329/2/917 2131/2/917
f 2329/2/917 2133/2/917 2132/2/917
f 2223/2/917 2224/2/917 1844/2/917
f 2334/2/917 2136/2/917 2135/2/917
f 2331/2/917 2135/2/917 2134/2/917
f 2333/2/917 2137/2/917 2136/2/917
f 2333/2/917 2335/2/917 2138/2/917
f 2140/2/917 2139/2/917 2138/2/917
f 2199/2/917 1856/2/917 1855/2/917
f 2213/2/917 2214/2/917 1836/2/917
f 2340/2/917 2144/2/917 2143/2/917
f 2241/2/917 2240/2/917 1850/2/917
f 2283/2/3105 2282/2/3176 2281/2/3106
f 2344/2/917 2104/2/917 2103/2/917
f 1907/2/917 2105/2/917 2104/2/917
f 2107/2/917 2106/2/917 2105/2/917
f 2230/2/917 2229/2/917 2227/2/917
f 2247/2/917 2197/2/917 2196/2/917
f 2145/2/319 2313/2/319 2311/2/319
f 2352/2/917 2112/2/917 2111/2/917
f 2277/2/319 2309/2/319 2310/2/319
f 2312/2/917 2115/2/917 2114/2/917
f 2095/2/3083 2011/2/3082 1770/2/3108
f 1787/2/3109 2172/2/3112 2449/2/3110
f 2174/2/3111 2173/2/3113 2172/2/3112
f 2175/2/2575 2450/2/2574 2173/2/3113
f 2096/2/3108 1770/2/3108 2010/2/2519
f 1769/2/2519 2010/2/2519 2009/2/2544
f 2180/2/2564 2179/2/2563 2453/2/3114
f 1883/2/2833 1766/2/2442 1764/2/2577
f 2183/2/2561 2182/2/2560 2454/2/3115
f 1765/2/2578 1764/2/2577 1762/2/3082
f 1812/2/3117 2184/2/3120 2457/2/3118
f 1810/2/3119 2458/2/3122 2184/2/3120
f 1807/2/3121 2185/2/3124 2458/2/3122
f 2187/2/3123 2186/2/3126 2185/2/3124
f 2188/2/3125 2462/2/3128 2186/2/3126
f 1802/2/3127 2463/2/3130 2462/2/3128
f 2189/2/3129 2464/2/3131 2463/2/3130
f 2190/2/2558 2465/2/2557 2464/2/3131
f 1763/2/3116 1762/2/3082 2062/2/3108
f 2192/2/3132 2468/2/3135 2467/2/3133
f 1793/2/3134 2469/2/3136 2468/2/3135
f 2193/2/1989 2444/2/3137 2469/2/3136
f 1790/2/2555 2445/2/2554 2444/2/3137
f 1761/2/3108 2062/2/3108 2064/2/2519
f 2196/2/917 2197/2/917 1854/2/917
f 2167/2/319 2281/2/319 2346/2/319
f 2318/2/917 2123/2/917 2122/2/917
f 2146/2/319 2314/2/319 2316/2/319
f 2228/2/917 2227/2/917 2225/2/917
f 2293/2/319 2332/2/319 2157/2/319
f 2348/2/917 2108/2/917 2106/2/917
f 2197/2/917 2198/2/917 1855/2/917
f 2271/2/917 2234/2/917 2233/2/917
f 2339/2/917 2141/2/917 2139/2/917
f 2324/2/917 2326/2/917 2128/2/917
f 2156/2/3138 2296/2/3167 1737/2/3139
f 2126/2/917 2125/2/917 2124/2/917
f 2301/2/319 2300/2/319 2321/2/319
f 2236/2/917 2238/2/917 2237/2/917
f 2234/2/917 2236/2/917 2235/2/917
f 2262/2/917 2263/2/917 2221/2/917
f 2350/2/917 2111/2/917 2109/2/917
f 2154/2/319 2153/2/319 2328/2/319
f 2305/2/319 2316/2/319 2313/2/319
f 2264/2/917 2265/2/917 2224/2/917
f 2162/2/2977 1735/2/2976 2287/2/3141
f 2221/2/917 2223/2/917 2222/2/917
f 2149/2/3143 1740/2/3613 2297/2/3144
f 2315/2/917 2118/2/917 2117/2/917
f 2147/2/319 2319/2/319 2314/2/319
f 2214/2/917 2216/2/917 2215/2/917
f 1769/2/1901 2088/2/1901 2090/2/1901
f 2342/2/917 2345/2/917 2103/2/917
f 2339/2/917 2340/2/917 2142/2/917
f 2286/2/3146 2284/2/3173 2166/2/3147
f 2144/2/917 2342/2/917 2102/2/917
f 1736/2/3149 2288/2/3578 2160/2/2975
f 2248/2/917 2249/2/917 2199/2/917
f 2273/2/917 2238/2/917 2236/2/917
f 2253/2/917 2205/2/917 2204/2/917
f 2270/2/917 2233/2/917 2231/2/917
f 2268/2/917 2230/2/917 2228/2/917
f 2266/2/917 2226/2/917 2224/2/917
f 2244/2/917 2245/2/917 2194/2/917
f 2207/2/917 2206/2/917 1859/2/917
f 2251/2/917 2252/2/917 2204/2/917
f 2246/2/917 2196/2/917 2194/2/917
f 2260/2/917 2261/2/917 2219/2/917
f 2264/2/917 2223/2/917 2221/2/917
f 2268/2/917 2269/2/917 2231/2/917
f 2258/2/917 2214/2/917 2213/2/917
f 2257/2/917 2213/2/917 2211/2/917
f 2253/2/917 2254/2/917 2207/2/917
f 2275/2/917 2244/2/917 2243/2/917
f 2281/2/319 2169/2/319 2168/2/319
f 2274/2/917 2239/2/917 2238/2/917
f 2110/2/917 2109/2/917 2108/2/917
f 2249/2/917 2250/2/917 2201/2/917
f 2251/2/917 2203/2/917 2201/2/917
f 2272/2/917 2236/2/917 2234/2/917
f 2259/2/917 2260/2/917 2218/2/917
f 2220/2/917 1839/2/917 1838/2/917
f 2261/2/917 2262/2/917 2220/2/917
f 2256/2/917 2211/2/917 2209/2/917
f 2259/2/917 2216/2/917 2214/2/917
f 2274/2/917 2275/2/917 2241/2/917
f 2266/2/917 2267/2/917 2228/2/917
f 2203/2/917 2202/2/917 2200/2/917
f 2279/2/3151 1734/2/3170 1733/2/3152
f 2209/2/917 2208/2/917 2206/2/917
f 2324/2/917 2127/2/917 2125/2/917
f 2306/2/3154 1732/2/3168 2305/2/3155
f 2303/2/3098 1743/2/3097 2302/2/3157
f 2120/2/917 2318/2/917 2121/2/917
f 2146/2/3158 1731/2/3614 2304/2/3159
f 2164/2/319 2163/2/319 2161/2/319
f 2300/2/3104 1742/2/3103 1741/2/3099
f 2233/2/917 2234/2/917 1848/2/917
f 2298/2/3160 1740/2/3613 2149/2/3143
f 2254/2/917 2255/2/917 2209/2/917
f 1739/2/3161 1738/2/3615 2154/2/3162
f 2294/2/3164 2292/2/3616 2291/2/3165
f 2154/2/3162 1738/2/3615 2296/2/3167
f 2243/2/917 2242/2/917 2240/2/917
f 1737/2/3139 2294/2/3164 2293/2/3166
f 1732/2/3168 1731/2/3614 2146/2/3158
f 2169/2/3169 2280/2/3617 1734/2/3170
f 2291/2/3165 2292/2/3616 2290/2/3171
f 2247/2/917 2248/2/917 2198/2/917
f 2284/2/3173 2283/2/3105 2167/2/3107
f 2289/2/319 2158/2/319 2337/2/319
f 2289/2/3172 2290/2/3171 1736/2/3149
f 2308/2/3174 2306/2/3154 2145/2/3156
f 2287/2/3141 2286/2/3146 2285/2/3148
f 2289/2/319 2338/2/319 2336/2/319
f 2282/2/3176 2280/2/3617 2169/2/3169
f 2309/2/3177 2276/2/3180 2308/2/3174
f 2297/2/3144 1739/2/3161 2152/2/3163
f 2170/2/3153 1733/2/3152 2278/2/3178
f 2309/2/3177 2277/2/3179 2278/2/3178
f 2053/2/2522 2024/2/3182 1745/2/3079
f 2069/2/3181 1745/2/3079 2024/2/3182
f 2353/2/3184 2056/2/2579 1752/2/2579
f 2487/2/2135 2488/2/2591 1777/2/2135
f 1776/2/2135 2479/2/2135 1779/2/2590
f 2007/2/3005 1755/2/164 2009/2/164
f 1870/2/2963 1868/2/1901 1883/2/1901
f 1745/2/3079 2049/2/3081 2080/2/3185
f 2050/2/3186 1756/2/3618 2094/2/3073
