# https://github.com/mikedh/trimesh
v -0.00499808 -0.14307065 -0.46494859
v 0.00499808 -0.14307065 -0.46494859
v -0.00119399 -0.14015770 0.08497183
v -0.00177710 -0.14026974 0.05489919
v -0.00499808 -0.14197829 -0.29491967
v -0.00927422 -0.13984960 -0.07500894
v -0.01499425 -0.14102599 -0.41492319
v -0.01499425 -0.14127807 -0.45490044
v -0.01499425 -0.14133409 -0.46494859
v -0.02099194 -0.14012970 -0.47155166
v -0.00499808 -0.14253849 -0.47492498
v 0.00499808 -0.14253849 -0.47492498
v 0.02099194 -0.14012970 -0.47155166
v 0.01499425 -0.14133409 -0.46494859
v 0.01499425 -0.14127807 -0.45490044
v 0.01499425 -0.14102599 -0.41492319
v 0.01055151 -0.14007367 -0.14498706
v 0.00813577 -0.13965353 -0.01507895
v 0.00499808 -0.14197829 -0.29491967
v 0.00177710 -0.14026974 0.05489919
v 0.00119399 -0.14015770 0.08497183
v -0.00083301 -0.14010169 0.09487642
v -0.00619207 -0.13931742 0.08497183
v -0.00677518 -0.13942946 0.05489919
v -0.00813577 -0.13965353 -0.01507895
v -0.01499425 -0.13794498 0.06494732
v -0.01499425 -0.13903734 -0.10508159
v -0.02549022 -0.13917738 -0.41492319
v -0.02121408 -0.14018571 -0.45490044
v -0.02138068 -0.14021373 -0.46494859
v -0.03495881 -0.13780494 -0.46494859
v -0.03495881 -0.13730077 -0.47492498
v -0.02457390 -0.13914938 -0.47492498
v -0.01535522 -0.14077391 -0.47492498
v -0.01893718 -0.13976558 -0.47822648
v -0.01227307 -0.14035377 -0.48124093
v -0.00499808 -0.14099798 -0.48325056
v 0.01535522 -0.14077391 -0.47492498
v 0.00499808 -0.14099798 -0.48325056
v 0.01227307 -0.14035377 -0.48124093
v 0.01893718 -0.13976558 -0.47822648
v 0.03495881 -0.13780494 -0.46494859
v 0.02138068 -0.14021373 -0.46494859
v 0.02457390 -0.13914938 -0.47492498
v 0.03495881 -0.13730077 -0.47492498
v 0.02121408 -0.14018571 -0.45490044
v 0.02549022 -0.13917738 -0.41492319
v 0.01499425 -0.13903734 -0.10508159
v 0.01499425 -0.13794498 0.06494732
v 0.00677518 -0.13942946 0.05489919
v 0.00619207 -0.13931742 0.08497183
v 0.00083301 -0.14010169 0.09487642
v -0.00038874 -0.14001766 0.10119240
v -0.00583110 -0.13926141 0.09487642
v -0.01499425 -0.13769290 0.09487642
v -0.01499425 -0.13780494 0.08497183
v -0.03495881 -0.13441584 0.06494732
v -0.03495881 -0.13461189 0.03487466
v -0.03495881 -0.13679661 -0.30489606
v -0.03495881 -0.13769290 -0.44492412
v -0.04498274 -0.13581629 -0.46494859
v -0.04498274 -0.13528411 -0.47492498
v -0.03495881 -0.13508806 -0.48497313
v -0.00499808 -0.13937345 -0.48827463
v 0.00499808 -0.13937345 -0.48827463
v 0.03495881 -0.13508806 -0.48497313
v 0.04498274 -0.13581629 -0.46494859
v 0.03495881 -0.13769290 -0.44492412
v 0.04498274 -0.13528411 -0.47492498
v 0.03495881 -0.13679661 -0.30489606
v 0.03495881 -0.13461189 0.03487466
v 0.03495881 -0.13441584 0.06494732
v 0.01499425 -0.13780494 0.08497183
v 0.01499425 -0.13769290 0.09487642
v 0.00583110 -0.13926141 0.09487642
v 0.00038874 -0.14001766 0.10119240
v -0.00499808 -0.13788897 0.11490093
v -0.00419284 -0.13920540 0.10470925
v -0.01499425 -0.13732879 0.10492457
v -0.03495881 -0.13416375 0.09487642
v -0.03495881 -0.13427578 0.08497183
v -0.04498274 -0.13231514 0.05489919
v -0.04498274 -0.13548018 -0.41492319
v -0.05073053 -0.13038252 0.08497183
v -0.05089713 -0.13046655 0.06494732
v -0.05411812 -0.13225913 -0.44492412
v -0.05420142 -0.13231514 -0.46494859
v -0.05372938 -0.13203506 -0.47492498
v -0.05167461 -0.13088667 -0.48497313
v -0.04498274 -0.13304338 -0.48497313
v -0.05009189 -0.13001840 -0.48999721
v -0.04498274 -0.13066261 -0.49093020
v -0.03495881 -0.13169895 -0.49236566
v -0.01499425 -0.13343552 -0.49416000
v -0.00488701 -0.13363157 -0.49581075
v 0.00488701 -0.13363157 -0.49581075
v 0.01499425 -0.13343552 -0.49416000
v 0.03495881 -0.13169895 -0.49236566
v 0.04498274 -0.13066261 -0.49093020
v 0.05009189 -0.13001840 -0.48999721
v 0.04498274 -0.13304338 -0.48497313
v 0.05420142 -0.13231514 -0.46494859
v 0.05411812 -0.13225913 -0.44492412
v 0.05089713 -0.13046655 0.06494732
v 0.05073053 -0.13038252 0.08497183
v 0.04498274 -0.13548018 -0.41492319
v 0.05372938 -0.13203506 -0.47492498
v 0.05167461 -0.13088667 -0.48497313
v 0.04498274 -0.13231514 0.05489919
v 0.03495881 -0.13427578 0.08497183
v 0.03495881 -0.13416375 0.09487642
v 0.01499425 -0.13732879 0.10492457
v 0.00419284 -0.13920540 0.10470925
v 0.00499808 -0.13788897 0.11490093
v -0.00499808 -0.13545217 0.12494908
v -0.04112311 -0.13027048 0.12100159
v -0.01499425 -0.13618040 0.11490093
v -0.03495881 -0.13379963 0.10492457
v -0.04498274 -0.13197903 0.09487642
v -0.04498274 -0.13209108 0.08497183
v -0.04498274 -0.13217510 0.07492369
v -0.05575638 -0.12752558 0.08497183
v -0.05064723 -0.13032649 0.09487642
v -0.05633949 -0.12786169 -0.00510257
v -0.05906067 -0.12943020 -0.43494773
v -0.05922727 -0.12954225 -0.46494859
v -0.05872746 -0.12923414 -0.47492498
v -0.07125043 -0.12069136 -0.48203045
v -0.08493962 -0.11189649 -0.48425537
v -0.06908460 -0.11945895 -0.48863351
v -0.08155204 -0.11086015 -0.49107379
v -0.07497123 -0.11276477 -0.49301165
v -0.05403482 -0.12478069 -0.49301165
v -0.04992528 -0.11993511 -0.49990177
v -0.04595459 -0.12466865 -0.49674380
v -0.03495881 -0.12707745 -0.49738973
v -0.01499425 -0.12884201 -0.49918407
v -0.00155496 -0.13021447 -0.50011712
v 0.00155496 -0.13021447 -0.50011712
v 0.01499425 -0.12884201 -0.49918407
v 0.03495881 -0.12707745 -0.49738973
v 0.04595459 -0.12466865 -0.49674380
v 0.06908460 -0.11945895 -0.48863351
v 0.08493962 -0.11189649 -0.48425537
v 0.07125043 -0.12069136 -0.48203045
v 0.04992528 -0.11993511 -0.49990177
v 0.05403482 -0.12478069 -0.49301165
v 0.07497123 -0.11276477 -0.49301165
v 0.08155204 -0.11086015 -0.49107379
v 0.05922727 -0.12954225 -0.46494859
v 0.05906067 -0.12943020 -0.43494773
v 0.05633949 -0.12786169 -0.00510257
v 0.05575638 -0.12752558 0.08497183
v 0.04498274 -0.13217510 0.07492369
v 0.05064723 -0.13032649 0.09487642
v 0.05872746 -0.12923414 -0.47492498
v 0.04498274 -0.13209108 0.08497183
v 0.04498274 -0.13197903 0.09487642
v 0.03495881 -0.13379963 0.10492457
v 0.01499425 -0.13618040 0.11490093
v 0.04112311 -0.13027048 0.12100159
v 0.00499808 -0.13545217 0.12494908
v -0.00177710 -0.13024247 0.14045192
v -0.00505362 -0.13172695 0.13557141
v -0.01499425 -0.13108274 0.13284405
v -0.02257467 -0.13041052 0.13112150
v -0.02923878 -0.12982233 0.12954251
v -0.01499425 -0.13374361 0.12494908
v -0.03495881 -0.13085867 0.12286769
v -0.04778722 -0.12929016 0.11669524
v -0.04467730 -0.13069062 0.11396791
v -0.03495881 -0.13265125 0.11490093
v -0.03495881 -0.12931816 0.12789176
v -0.04467730 -0.12802975 0.12451844
v -0.05000858 -0.12999038 0.11009219
v -0.04498274 -0.13161492 0.10492457
v -0.05028626 -0.13013044 0.10492457
v -0.06430865 -0.12245593 0.09487642
v -0.08307923 -0.11175644 0.08497183
v -0.08346797 -0.11198051 0.02497007
v -0.07658172 -0.11800248 -0.25494245
v -0.08499516 -0.11343699 -0.29491967
v -0.08499516 -0.11452935 -0.44492412
v -0.08499516 -0.11466939 -0.46494859
v -0.06497506 -0.12564898 -0.47492498
v -0.09021538 -0.11018793 -0.48059499
v -0.08824391 -0.10867544 -0.48719805
v -0.09185363 -0.10200927 -0.49186325
v -0.08468972 -0.10475416 -0.49480593
v -0.07497123 -0.10761109 -0.49796391
v -0.05497890 -0.11842262 -0.49868166
v -0.06897353 -0.10929164 -0.49947113
v -0.08110776 -0.10083288 -0.50047594
v -0.06230942 -0.11125228 -0.50069129
v -0.05497890 -0.11340898 -0.50148076
v -0.04595459 -0.11595781 -0.50219852
v -0.04326117 -0.12113950 -0.50069129
v -0.03495881 -0.12209181 -0.50119370
v -0.01499425 -0.12382838 -0.50191140
v -0.00488701 -0.12570499 -0.50176787
v 0.00488701 -0.12570499 -0.50176787
v 0.01499425 -0.12382838 -0.50191140
v 0.03495881 -0.12209181 -0.50119370
v 0.04326117 -0.12113950 -0.50069129
v 0.08824391 -0.10867544 -0.48719805
v 0.09021538 -0.11018793 -0.48059499
v 0.04595459 -0.11595781 -0.50219852
v 0.05497890 -0.11340898 -0.50148076
v 0.06230942 -0.11125228 -0.50069129
v 0.08110776 -0.10083288 -0.50047594
v 0.06897353 -0.10929164 -0.49947113
v 0.07497123 -0.10761109 -0.49796391
v 0.05497890 -0.11842262 -0.49868166
v 0.09185363 -0.10200927 -0.49186325
v 0.08468972 -0.10475416 -0.49480593
v 0.08499516 -0.11466939 -0.46494859
v 0.06497506 -0.12564898 -0.47492498
v 0.08499516 -0.11452935 -0.44492412
v 0.08499516 -0.11343699 -0.29491967
v 0.07658172 -0.11800248 -0.25494245
v 0.08346797 -0.11198051 0.02497007
v 0.08307923 -0.11175644 0.08497183
v 0.06430865 -0.12245593 0.09487642
v 0.05028626 -0.13013044 0.10492457
v 0.04498274 -0.13161492 0.10492457
v 0.05000858 -0.12999038 0.11009219
v 0.04467730 -0.13069062 0.11396791
v 0.03495881 -0.13265125 0.11490093
v 0.04778722 -0.12929016 0.11669524
v 0.04467730 -0.12802975 0.12451844
v 0.03495881 -0.12931816 0.12789176
v 0.03495881 -0.13085867 0.12286769
v 0.01499425 -0.13374361 0.12494908
v 0.02923878 -0.12982233 0.12954251
v 0.02257467 -0.13041052 0.13112150
v 0.01499425 -0.13108274 0.13284405
v 0.00505362 -0.13172695 0.13557141
v 0.00177710 -0.13024247 0.14045192
v -0.00841344 -0.12971030 0.13930358
v -0.00474818 -0.08203875 0.22772722
v -0.01474434 -0.08033019 0.22772722
v -0.01499425 -0.12912211 0.13786812
v -0.03495881 -0.12665731 0.13492544
v -0.05556201 -0.12290408 0.12523617
v -0.05400705 -0.12688138 0.11396791
v -0.04498274 -0.12402444 0.13492544
v -0.05195228 -0.12111149 0.13492544
v -0.08146873 -0.11083214 0.11490093
v -0.08260719 -0.11147635 0.10492457
v -0.07497123 -0.11590180 0.10492457
v -0.07497123 -0.11629392 0.09487642
v -0.08294039 -0.11167242 0.09487642
v -0.08796624 -0.10853539 0.09487642
v -0.08807731 -0.10861942 0.08497183
v -0.08821614 -0.10870345 0.06494732
v -0.08891032 -0.10920762 -0.04507983
v -0.08985440 -0.10987983 -0.19494069
v -0.08996547 -0.10993585 -0.21216607
v -0.09002101 -0.10999187 -0.22494155
v -0.09038198 -0.11029997 -0.30489606
v -0.09057635 -0.11044002 -0.34494507
v -0.09102062 -0.11080413 -0.44492412
v -0.09110393 -0.11086015 -0.46494859
v -0.09074295 -0.11058006 -0.47492498
v -0.08499516 -0.11408120 -0.47492498
v -0.07738697 -0.11847863 -0.47492498
v -0.09657405 -0.10427801 -0.47578627
v -0.09993387 -0.09993659 -0.47966194
v -0.09324199 -0.10520230 -0.48425537
v -0.09885095 -0.09864817 -0.48497313
v -0.10132223 -0.09158987 -0.49143261
v -0.09471365 -0.09464286 -0.49494946
v -0.08779964 -0.09769586 -0.49853808
v -0.08466195 -0.09461486 -0.50140899
v -0.07497123 -0.09497897 -0.50363392
v -0.07497123 -0.10259745 -0.50119370
v -0.09088179 -0.09102968 -0.50040418
v -0.05497890 -0.10497823 -0.50399280
v -0.03495881 -0.11494949 -0.50377750
v -0.02496264 -0.11494949 -0.50420815
v -0.01499425 -0.11494949 -0.50456697
v -0.00499808 -0.11494949 -0.50485408
v 0.00499808 -0.11494949 -0.50485408
v 0.01499425 -0.11494949 -0.50456697
v 0.02496264 -0.11494949 -0.50420815
v 0.03495881 -0.11494949 -0.50377750
v 0.09324199 -0.10520230 -0.48425537
v 0.09993387 -0.09993659 -0.47966194
v 0.09657405 -0.10427801 -0.47578627
v 0.09074295 -0.11058006 -0.47492498
v 0.08499516 -0.11408120 -0.47492498
v 0.07738697 -0.11847863 -0.47492498
v 0.05497890 -0.10497823 -0.50399280
v 0.07497123 -0.10259745 -0.50119370
v 0.07497123 -0.09497897 -0.50363392
v 0.09088179 -0.09102968 -0.50040418
v 0.08779964 -0.09769586 -0.49853808
v 0.08466195 -0.09461486 -0.50140899
v 0.10132223 -0.09158987 -0.49143261
v 0.09885095 -0.09864817 -0.48497313
v 0.09471365 -0.09464286 -0.49494946
v 0.09110393 -0.11086015 -0.46494859
v 0.09102062 -0.11080413 -0.44492412
v 0.09057635 -0.11044002 -0.34494507
v 0.09038198 -0.11029997 -0.30489606
v 0.09002101 -0.10999187 -0.22494155
v 0.08996547 -0.10993585 -0.21216607
v 0.08985440 -0.10987983 -0.19494069
v 0.08821614 -0.10870345 0.06494732
v 0.08807731 -0.10861942 0.08497183
v 0.08796624 -0.10853539 0.09487642
v 0.08294039 -0.11167242 0.09487642
v 0.07497123 -0.11629392 0.09487642
v 0.08891032 -0.10920762 -0.04507983
v 0.07497123 -0.11590180 0.10492457
v 0.08260719 -0.11147635 0.10492457
v 0.08146873 -0.11083214 0.11490093
v 0.05400705 -0.12688138 0.11396791
v 0.05556201 -0.12290408 0.12523617
v 0.05195228 -0.12111149 0.13492544
v 0.04498274 -0.12402444 0.13492544
v 0.03495881 -0.12665731 0.13492544
v 0.01499425 -0.12912211 0.13786812
v 0.00841344 -0.12971030 0.13930358
v 0.01318938 -0.08058228 0.22772722
v 0.00474818 -0.08203875 0.22772722
v -0.01829853 -0.07968599 0.22772722
v -0.03495881 -0.12228788 0.14404054
v -0.04498274 -0.12091543 0.14160030
v -0.05925503 -0.11954298 0.12875302
v -0.06128203 -0.12071937 0.12214996
v -0.08035805 -0.11018793 0.12064274
v -0.05003635 -0.11999113 0.13994952
v -0.07166694 -0.11094417 0.13219811
v -0.06914013 -0.10945969 0.13887294
v -0.08646681 -0.10747105 0.11490093
v -0.08760527 -0.10828331 0.10492457
v -0.09301985 -0.10326967 0.10492457
v -0.09326976 -0.10352176 0.09487642
v -0.09332529 -0.10360578 0.08497183
v -0.09610201 -0.10570647 -0.46494859
v -0.09029868 -0.11021594 -0.28487155
v -0.10040591 -0.10046876 -0.47305888
v -0.11867667 -0.07839756 -0.47492498
v -0.11728832 -0.07680105 -0.48497313
v -0.10307156 -0.09366255 -0.48497313
v -0.12025940 -0.07038695 -0.49028426
v -0.11084635 -0.08097441 -0.49093020
v -0.11448384 -0.07422420 -0.49272454
v -0.09751813 -0.08708040 -0.49803567
v -0.10035037 -0.08041422 -0.50011712
v -0.09451928 -0.08422346 -0.50112194
v -0.08499516 -0.08497971 -0.50377750
v -0.07497123 -0.08497971 -0.50506938
v -0.06497506 -0.09497897 -0.50471056
v -0.10259951 -0.07498045 -0.50097835
v -0.04498274 -0.10497823 -0.50492585
v -0.03495881 -0.10497823 -0.50521296
v -0.02496264 -0.10497823 -0.50535649
v -0.00499808 -0.10497823 -0.50550002
v 0.00499808 -0.10497823 -0.50550002
v 0.02496264 -0.10497823 -0.50535649
v 0.03495881 -0.10497823 -0.50521296
v 0.04498274 -0.10497823 -0.50492585
v 0.10307156 -0.09366255 -0.48497313
v 0.11728832 -0.07680105 -0.48497313
v 0.11867667 -0.07839756 -0.47492498
v 0.10040591 -0.10046876 -0.47305888
v 0.09610201 -0.10570647 -0.46494859
v 0.06497506 -0.09497897 -0.50471056
v 0.07497123 -0.08497971 -0.50506938
v 0.08499516 -0.08497971 -0.50377750
v 0.10035037 -0.08041422 -0.50011712
v 0.09451928 -0.08422346 -0.50112194
v 0.10259951 -0.07498045 -0.50097835
v 0.09751813 -0.08708040 -0.49803567
v 0.11448384 -0.07422420 -0.49272454
v 0.11084635 -0.08097441 -0.49093020
v 0.12025940 -0.07038695 -0.49028426
v 0.09029868 -0.11021594 -0.28487155
v 0.09332529 -0.10360578 0.08497183
v 0.09326976 -0.10352176 0.09487642
v 0.09301985 -0.10326967 0.10492457
v 0.08760527 -0.10828331 0.10492457
v 0.08646681 -0.10747105 0.11490093
v 0.08035805 -0.11018793 0.12064274
v 0.06128203 -0.12071937 0.12214996
v 0.05925503 -0.11954298 0.12875302
v 0.07166694 -0.11094417 0.13219811
v 0.06914013 -0.10945969 0.13887294
v 0.05003635 -0.11999113 0.13994952
v 0.04498274 -0.12091543 0.14160030
v 0.03495881 -0.12228788 0.14404054
v 0.01732668 -0.07985404 0.22772722
v -0.02504594 -0.07820150 0.22772722
v -0.07838658 -0.10903956 0.12724580
v -0.08505069 -0.10511827 0.12509264
v -0.03223763 -0.07523254 0.22772722
v -0.03506987 -0.07405615 0.22772722
v -0.03984582 -0.07131125 0.22772722
v -0.07502676 -0.10763910 0.13528432
v -0.07463802 -0.10256945 0.14475827
v -0.08113553 -0.10083288 0.14131321
v -0.09110393 -0.10122501 0.12286769
v -0.09229791 -0.10245741 0.11490093
v -0.09801794 -0.09763984 0.10492457
v -0.09826784 -0.09791993 0.09487642
v -0.09832337 -0.09800396 0.08497183
v -0.09837891 -0.09805997 0.07492369
v -0.09971173 -0.09962849 -0.24489430
v -0.10057251 -0.10066482 -0.45490044
v -0.10060028 -0.10069284 -0.46494859
v -0.10543176 -0.09497897 -0.46494859
v -0.11401179 -0.08475564 -0.46494859
v -0.11900988 -0.07878970 -0.46494859
v -0.12239747 -0.07341194 -0.47492498
v -0.12125902 -0.07178741 -0.48497313
v -0.13061653 -0.04176162 -0.49085844
v -0.12131455 -0.06498119 -0.49164796
v -0.11495588 -0.06579345 -0.49724621
v -0.10976343 -0.06968673 -0.49983001
v -0.12436894 -0.06498119 -0.48497313
v -0.12933925 -0.04842779 -0.48834640
v -0.10756983 -0.07498045 -0.49803567
v -0.09499132 -0.07498045 -0.50327510
v -0.09499132 -0.06498119 -0.50471056
v -0.08499516 -0.07498045 -0.50492585
v -0.09499132 -0.05498193 -0.50535649
v -0.07497123 -0.07498045 -0.50542825
v -0.06497506 -0.08497971 -0.50542825
v -0.05497890 -0.09497897 -0.50528473
v -0.10582050 -0.06579345 -0.50219852
v -0.04498274 -0.09497897 -0.50542825
v -0.03495881 -0.09497897 -0.50550002
v 0.03495881 -0.09497897 -0.50550002
v 0.04498274 -0.09497897 -0.50542825
v 0.05497890 -0.09497897 -0.50528473
v 0.12125902 -0.07178741 -0.48497313
v 0.12239747 -0.07341194 -0.47492498
v 0.11900988 -0.07878970 -0.46494859
v 0.11401179 -0.08475564 -0.46494859
v 0.10543176 -0.09497897 -0.46494859
v 0.10060028 -0.10069284 -0.46494859
v 0.10057251 -0.10066482 -0.45490044
v 0.06497506 -0.08497971 -0.50542825
v 0.07497123 -0.07498045 -0.50542825
v 0.09499132 -0.05498193 -0.50535649
v 0.08499516 -0.07498045 -0.50492585
v 0.09499132 -0.06498119 -0.50471056
v 0.09499132 -0.07498045 -0.50327510
v 0.10976343 -0.06968673 -0.49983001
v 0.10582050 -0.06579345 -0.50219852
v 0.10756983 -0.07498045 -0.49803567
v 0.11495588 -0.06579345 -0.49724621
v 0.12131455 -0.06498119 -0.49164796
v 0.13061653 -0.04176162 -0.49085844
v 0.12933925 -0.04842779 -0.48834640
v 0.12436894 -0.06498119 -0.48497313
v 0.09971173 -0.09962849 -0.24489430
v 0.09837891 -0.09805997 0.07492369
v 0.09832337 -0.09800396 0.08497183
v 0.09826784 -0.09791993 0.09487642
v 0.09801794 -0.09763984 0.10492457
v 0.09229791 -0.10245741 0.11490093
v 0.09110393 -0.10122501 0.12286769
v 0.08505069 -0.10511827 0.12509264
v 0.07838658 -0.10903956 0.12724580
v 0.07502676 -0.10763910 0.13528432
v 0.08113553 -0.10083288 0.14131321
v 0.07463802 -0.10256945 0.14475827
v 0.04103981 -0.07061102 0.22772722
v 0.03506987 -0.07405615 0.22772722
v 0.02504594 -0.07820150 0.22772722
v 0.01929815 -0.07946191 0.22772722
v -0.08321806 -0.10242940 0.13492544
v -0.08979887 -0.09976853 0.12954251
v -0.04237263 -0.06982677 0.22772722
v -0.04595459 -0.06769808 0.22772722
v -0.09090956 -0.09105770 0.14116965
v -0.08821614 -0.09814400 0.13492544
v -0.05306297 -0.06265643 0.22772722
v -0.05806105 -0.05778284 0.22772722
v -0.08480079 -0.09475490 0.14454295
v -0.09521346 -0.09523106 0.12552325
v -0.10060028 -0.09069357 0.12150399
v -0.09729599 -0.09674355 0.11490093
v -0.12023164 -0.07033093 0.11131231
v -0.10221077 -0.09265421 0.10492457
v -0.11642753 -0.07573669 0.10492457
v -0.11165159 -0.08195473 0.09487642
v -0.10754206 -0.08705239 0.08497183
v -0.10254398 -0.09299032 0.08497183
v -0.10262728 -0.09310236 0.06494732
v -0.10787527 -0.08744451 0.00494556
v -0.11756599 -0.07708114 -0.11505796
v -0.11892658 -0.07870567 -0.44492412
v -0.12267514 -0.07380407 -0.46494859
v -0.12081474 -0.07114320 0.07492369
v -0.12181436 -0.07257167 -0.21496519
v -0.12720118 -0.06498119 -0.46494859
v -0.12667361 -0.06498119 -0.47492498
v -0.13178276 -0.03498341 -0.49229389
v -0.12314718 -0.05498193 -0.49365759
v -0.13536471 -0.03498341 -0.48497313
v -0.11834347 -0.05498193 -0.49868166
v -0.11154053 -0.06302055 -0.50083482
v -0.13053323 -0.05148079 -0.48167157
v -0.13175499 -0.04506670 -0.48497313
v -0.10495972 -0.05498193 -0.50420815
v -0.10495972 -0.04498267 -0.50485408
v -0.10495972 -0.03498341 -0.50514114
v -0.10495972 -0.02498415 -0.50535649
v -0.09499132 -0.04498267 -0.50550002
v -0.05497890 -0.08497971 -0.50550002
v -0.11328986 -0.05498193 -0.50162435
v 0.05497890 -0.08497971 -0.50550002
v 0.12667361 -0.06498119 -0.47492498
v 0.12720118 -0.06498119 -0.46494859
v 0.12267514 -0.07380407 -0.46494859
v 0.12181436 -0.07257167 -0.21496519
v 0.12081474 -0.07114320 0.07492369
v 0.11892658 -0.07870567 -0.44492412
v 0.09499132 -0.04498267 -0.50550002
v 0.10495972 -0.02498415 -0.50535649
v 0.10495972 -0.03498341 -0.50514114
v 0.10495972 -0.04498267 -0.50485408
v 0.10495972 -0.05498193 -0.50420815
v 0.11834347 -0.05498193 -0.49868166
v 0.11154053 -0.06302055 -0.50083482
v 0.11328986 -0.05498193 -0.50162435
v 0.12314718 -0.05498193 -0.49365759
v 0.13178276 -0.03498341 -0.49229389
v 0.13536471 -0.03498341 -0.48497313
v 0.13175499 -0.04506670 -0.48497313
v 0.13053323 -0.05148079 -0.48167157
v 0.11756599 -0.07708114 -0.11505796
v 0.10787527 -0.08744451 0.00494556
v 0.10262728 -0.09310236 0.06494732
v 0.10754206 -0.08705239 0.08497183
v 0.10254398 -0.09299032 0.08497183
v 0.11165159 -0.08195473 0.09487642
v 0.11642753 -0.07573669 0.10492457
v 0.10221077 -0.09265421 0.10492457
v 0.12023164 -0.07033093 0.11131231
v 0.09729599 -0.09674355 0.11490093
v 0.10060028 -0.09069357 0.12150399
v 0.09521346 -0.09523106 0.12552325
v 0.08979887 -0.09976853 0.12954251
v 0.08321806 -0.10242940 0.13492544
v 0.08821614 -0.09814400 0.13492544
v 0.09090956 -0.09105770 0.14116965
v 0.08480079 -0.09475490 0.14454295
v 0.05670046 -0.05921131 0.22772722
v 0.05306297 -0.06265643 0.22772722
v 0.04812042 -0.06626961 0.22772722
v 0.04595459 -0.06769808 0.22772722
v -0.10873605 -0.07850960 0.12681516
v -0.09265888 -0.09315838 0.13492544
v -0.11154053 -0.07184343 0.13305937
v -0.10037814 -0.08044223 0.14052369
v -0.06117097 -0.05411365 0.22772722
v -0.11267897 -0.07509249 0.12408783
v -0.11006887 -0.08005010 0.12014033
v -0.10148883 -0.09175792 0.11490093
v -0.12670137 -0.05498193 0.10492457
v -0.12298058 -0.06498119 0.10492457
v -0.12050930 -0.07072306 0.10492457
v -0.11626093 -0.07419620 0.11475740
v -0.11950969 -0.06898650 0.11798714
v -0.12161999 -0.06537332 0.11475740
v -0.12547962 -0.05498193 0.11490093
v -0.11664967 -0.07598878 0.09487642
v -0.11673298 -0.07607280 0.08497183
v -0.11689958 -0.07629688 0.04492281
v -0.11739939 -0.07688507 -0.07500894
v -0.12714565 -0.06498119 -0.45490044
v -0.12075920 -0.07108718 0.08497183
v -0.12353592 -0.06498119 0.07492369
v -0.12395243 -0.06498119 0.01492193
v -0.12409126 -0.06498119 -0.00510257
v -0.12559068 -0.06498119 -0.22494155
v -0.12695128 -0.06498119 -0.42497134
v -0.12095357 -0.07133926 0.03487466
v -0.12953362 -0.05873515 -0.46494859
v -0.14000182 -0.03002579 -0.47004443
v -0.12928371 -0.05800692 -0.47492498
v -0.13317111 -0.02498415 -0.49387288
v -0.12703457 -0.03498341 -0.49731797
v -0.13833579 -0.02487211 -0.48447073
v -0.13964085 -0.02812117 -0.47671926
v -0.11950969 -0.04898797 -0.49961472
v -0.12084251 -0.04232180 -0.50047594
v -0.13400413 -0.04498267 -0.47492498
v -0.13811366 -0.03400309 -0.47406369
v -0.11498365 -0.03498341 -0.50363392
v -0.11498365 -0.02498415 -0.50442344
v -0.11498365 -0.01498489 -0.50471056
v -0.10495972 -0.01498489 -0.50550002
v -0.12203649 -0.03498341 -0.50105011
v 0.12928371 -0.05800692 -0.47492498
v 0.14000182 -0.03002579 -0.47004443
v 0.12953362 -0.05873515 -0.46494859
v 0.12714565 -0.06498119 -0.45490044
v 0.12095357 -0.07133926 0.03487466
v 0.12353592 -0.06498119 0.07492369
v 0.12075920 -0.07108718 0.08497183
v 0.11673298 -0.07607280 0.08497183
v 0.11689958 -0.07629688 0.04492281
v 0.11739939 -0.07688507 -0.07500894
v 0.12695128 -0.06498119 -0.42497134
v 0.12559068 -0.06498119 -0.22494155
v 0.12409126 -0.06498119 -0.00510257
v 0.12395243 -0.06498119 0.01492193
v 0.10495972 -0.01498489 -0.50550002
v 0.11498365 -0.01498489 -0.50471056
v 0.11498365 -0.02498415 -0.50442344
v 0.11498365 -0.03498341 -0.50363392
v 0.11950969 -0.04898797 -0.49961472
v 0.12703457 -0.03498341 -0.49731797
v 0.12084251 -0.04232180 -0.50047594
v 0.12203649 -0.03498341 -0.50105011
v 0.13317111 -0.02498415 -0.49387288
v 0.13833579 -0.02487211 -0.48447073
v 0.13964085 -0.02812117 -0.47671926
v 0.13811366 -0.03400309 -0.47406369
v 0.13400413 -0.04498267 -0.47492498
v 0.11664967 -0.07598878 0.09487642
v 0.12050930 -0.07072306 0.10492457
v 0.12298058 -0.06498119 0.10492457
v 0.12670137 -0.05498193 0.10492457
v 0.12547962 -0.05498193 0.11490093
v 0.12161999 -0.06537332 0.11475740
v 0.11950969 -0.06898650 0.11798714
v 0.11626093 -0.07419620 0.11475740
v 0.10148883 -0.09175792 0.11490093
v 0.11006887 -0.08005010 0.12014033
v 0.10873605 -0.07850960 0.12681516
v 0.11267897 -0.07509249 0.12408783
v 0.11154053 -0.07184343 0.13305937
v 0.09265888 -0.09315838 0.13492544
v 0.10037814 -0.08044223 0.14052369
v 0.05922727 -0.05641039 0.22772722
v 0.05806105 -0.05778284 0.22772722
v -0.10984673 -0.06979876 0.13966243
v -0.11387296 -0.06587748 0.13578673
v -0.11853784 -0.06537332 0.12566681
v -0.06230942 -0.05276921 0.22772722
v -0.06380884 -0.05097662 0.22772722
v -0.11067975 -0.08080635 0.11490093
v -0.13047770 -0.04131347 0.11490093
v -0.13400413 -0.03498341 0.10492457
v -0.12709011 -0.05498193 0.09487642
v -0.12334155 -0.06498119 0.09487642
v -0.12070367 -0.07100315 0.09487642
v -0.12089805 -0.06232032 0.12279589
v -0.13000566 -0.03999704 0.11992501
v -0.12950586 -0.05865113 -0.45490044
v -0.12345262 -0.06498119 0.08497183
v -0.12720118 -0.05498193 0.08497183
v -0.12761769 -0.05498193 0.02497007
v -0.12931149 -0.05809094 -0.39489871
v -0.13136625 -0.05374953 -0.46494859
v -0.14000182 -0.03002579 -0.46738887
v -0.14072376 -0.02596447 -0.46437442
v -0.14052939 -0.02487211 -0.47406369
v -0.13369869 -0.01498489 -0.49444705
v -0.12922817 -0.01498489 -0.49939936
v -0.12847847 -0.02498415 -0.49882519
v -0.13872454 -0.01498489 -0.48626500
v -0.14025173 -0.02145500 -0.48081028
v -0.12350816 -0.02498415 -0.50176787
v -0.12423009 -0.01498489 -0.50198317
v -0.11498365 0.01498489 -0.50471056
v -0.10495972 0.01498489 -0.50550002
v 0.14000182 -0.03002579 -0.46738887
v 0.13136625 -0.05374953 -0.46494859
v 0.14052939 -0.02487211 -0.47406369
v 0.14072376 -0.02596447 -0.46437442
v 0.12950586 -0.05865113 -0.45490044
v 0.12720118 -0.05498193 0.08497183
v 0.12345262 -0.06498119 0.08497183
v 0.12070367 -0.07100315 0.09487642
v 0.12931149 -0.05809094 -0.39489871
v 0.12761769 -0.05498193 0.02497007
v 0.10495972 0.01498489 -0.50550002
v 0.11498365 0.01498489 -0.50471056
v 0.12423009 -0.01498489 -0.50198317
v 0.12350816 -0.02498415 -0.50176787
v 0.12847847 -0.02498415 -0.49882519
v 0.12922817 -0.01498489 -0.49939936
v 0.13369869 -0.01498489 -0.49444705
v 0.13872454 -0.01498489 -0.48626500
v 0.14025173 -0.02145500 -0.48081028
v 0.12334155 -0.06498119 0.09487642
v 0.12709011 -0.05498193 0.09487642
v 0.13400413 -0.03498341 0.10492457
v 0.13047770 -0.04131347 0.11490093
v 0.13000566 -0.03999704 0.11992501
v 0.12089805 -0.06232032 0.12279589
v 0.11853784 -0.06537332 0.12566681
v 0.11067975 -0.08080635 0.11490093
v 0.11387296 -0.06587748 0.13578673
v 0.10984673 -0.06979876 0.13966243
v 0.06230942 -0.05276921 0.22772722
v -0.06750187 -0.04652317 0.22772722
v -0.07116713 -0.04173361 0.22772722
v -0.10973566 -0.05932334 0.14956702
v -0.11173490 -0.06313258 0.14282043
v -0.11875997 -0.05571017 0.13549964
v -0.11984289 -0.05954742 0.12947075
v -0.13278237 -0.03498341 0.11490093
v -0.13680860 -0.02498415 0.10492457
v -0.13719735 -0.02498415 0.09487642
v -0.13436510 -0.03498341 0.09487642
v -0.13567016 -0.02498415 0.11490093
v -0.12950586 -0.04865187 0.08497183
v -0.12245300 -0.05571017 0.12566681
v -0.13081090 -0.03422716 0.12394427
v -0.13455947 -0.03498341 0.07492369
v -0.13136625 -0.04375027 0.07492369
v -0.12961692 -0.04893196 0.05489919
v -0.13167168 -0.04459054 -0.01507895
v -0.12808973 -0.05498193 -0.04507983
v -0.12836739 -0.05551410 -0.11505796
v -0.13772492 -0.03498341 -0.39489871
v -0.13805813 -0.03498341 -0.44492412
v -0.13997406 -0.02985774 -0.45490044
v -0.14183445 -0.01498489 -0.46494859
v -0.14075154 -0.02417188 -0.41492319
v -0.14086260 -0.02484410 -0.45490044
v -0.14130688 -0.01498489 -0.47492498
v -0.13369869 0.01498489 -0.49444705
v -0.12922817 0.01498489 -0.49939936
v -0.13872454 0.01498489 -0.48626500
v -0.14039056 -0.01498489 -0.48131269
v -0.12423009 0.01498489 -0.50198317
v -0.11498365 0.02498415 -0.50442344
v -0.10495972 0.03498341 -0.50514114
v -0.10495972 0.02498415 -0.50535649
v -0.09499132 0.04498267 -0.50550002
v 0.13997406 -0.02985774 -0.45490044
v 0.13455947 -0.03498341 0.07492369
v 0.13772492 -0.03498341 -0.39489871
v 0.13805813 -0.03498341 -0.44492412
v 0.13167168 -0.04459054 -0.01507895
v 0.12836739 -0.05551410 -0.11505796
v 0.14183445 -0.01498489 -0.46494859
v 0.14130688 -0.01498489 -0.47492498
v 0.14086260 -0.02484410 -0.45490044
v 0.14075154 -0.02417188 -0.41492319
v 0.12950586 -0.04865187 0.08497183
v 0.12961692 -0.04893196 0.05489919
v 0.13136625 -0.04375027 0.07492369
v 0.12808973 -0.05498193 -0.04507983
v 0.09499132 0.04498267 -0.50550002
v 0.10495972 0.02498415 -0.50535649
v 0.11498365 0.02498415 -0.50442344
v 0.12423009 0.01498489 -0.50198317
v 0.10495972 0.03498341 -0.50514114
v 0.12922817 0.01498489 -0.49939936
v 0.13369869 0.01498489 -0.49444705
v 0.13872454 0.01498489 -0.48626500
v 0.14039056 -0.01498489 -0.48131269
v 0.13436510 -0.03498341 0.09487642
v 0.13719735 -0.02498415 0.09487642
v 0.13680860 -0.02498415 0.10492457
v 0.13567016 -0.02498415 0.11490093
v 0.13278237 -0.03498341 0.11490093
v 0.13081090 -0.03422716 0.12394427
v 0.11984289 -0.05954742 0.12947075
v 0.12245300 -0.05571017 0.12566681
v 0.11875997 -0.05571017 0.13549964
v 0.11173490 -0.06313258 0.14282043
v 0.10973566 -0.05932334 0.14956702
v 0.07116713 -0.04173361 0.22772722
v 0.06875139 -0.04492665 0.22772722
v 0.06750187 -0.04652317 0.22772722
v 0.06594691 -0.04839978 0.22772722
v -0.07411045 -0.03515146 0.22772722
v -0.11345646 -0.05559813 0.14576308
v -0.11967629 -0.04912802 0.13923179
v -0.13014449 -0.03038991 0.13033201
v -0.12103688 -0.05288124 0.13255696
v -0.13786376 -0.01498489 0.10492457
v -0.13819696 -0.01498489 0.09487642
v -0.13833579 -0.01498489 0.08497183
v -0.13730842 -0.02498415 0.08497183
v -0.13447617 -0.03498341 0.08497183
v -0.13317111 -0.02498415 0.12494908
v -0.13433734 -0.01498489 0.12494908
v -0.13672531 -0.01498489 0.11490093
v -0.13739172 -0.02498415 0.07492369
v -0.13753055 -0.02498415 0.05489919
v -0.14002959 -0.02016658 -0.18489254
v -0.14183445 0.01498489 -0.46494859
v -0.14072376 -0.02397582 -0.40494686
v -0.14000182 -0.02002653 -0.17828947
v -0.13911328 -0.01498489 -0.03503168
v -0.14130688 0.01498489 -0.47492498
v -0.13317111 0.02498415 -0.49387288
v -0.12847847 0.02498415 -0.49882519
v -0.12350816 0.02498415 -0.50176787
v -0.14039056 0.01498489 -0.48131269
v -0.14025173 0.02145500 -0.48081028
v -0.13833579 0.02487211 -0.48447073
v -0.10495972 0.04498267 -0.50485408
v -0.11498365 0.03498341 -0.50363392
v -0.10495972 0.05498193 -0.50420815
v -0.09499132 0.05498193 -0.50535649
v -0.07497123 0.07498045 -0.50542825
v -0.06497506 0.08497971 -0.50542825
v -0.05497890 0.08497971 -0.50550002
v 0.14002959 -0.02016658 -0.18489254
v 0.13753055 -0.02498415 0.05489919
v 0.13739172 -0.02498415 0.07492369
v 0.13447617 -0.03498341 0.08497183
v 0.14072376 -0.02397582 -0.40494686
v 0.14183445 0.01498489 -0.46494859
v 0.13911328 -0.01498489 -0.03503168
v 0.14000182 -0.02002653 -0.17828947
v 0.14130688 0.01498489 -0.47492498
v 0.05497890 0.08497971 -0.50550002
v 0.06497506 0.08497971 -0.50542825
v 0.07497123 0.07498045 -0.50542825
v 0.09499132 0.05498193 -0.50535649
v 0.10495972 0.04498267 -0.50485408
v 0.10495972 0.05498193 -0.50420815
v 0.11498365 0.03498341 -0.50363392
v 0.12350816 0.02498415 -0.50176787
v 0.12847847 0.02498415 -0.49882519
v 0.13317111 0.02498415 -0.49387288
v 0.13833579 0.02487211 -0.48447073
v 0.14025173 0.02145500 -0.48081028
v 0.14039056 0.01498489 -0.48131269
v 0.13819696 -0.01498489 0.09487642
v 0.13786376 -0.01498489 0.10492457
v 0.13730842 -0.02498415 0.08497183
v 0.13833579 -0.01498489 0.08497183
v 0.13672531 -0.01498489 0.11490093
v 0.13433734 -0.01498489 0.12494908
v 0.13317111 -0.02498415 0.12494908
v 0.13014449 -0.03038991 0.13033201
v 0.12103688 -0.05288124 0.13255696
v 0.11967629 -0.04912802 0.13923179
v 0.11345646 -0.05559813 0.14576308
v 0.07411045 -0.03515146 0.22772722
v 0.07330520 -0.03708409 0.22772722
v -0.07785901 -0.02481609 0.22772722
v -0.12084251 -0.04246185 0.14138497
v -0.12878391 -0.02498415 0.13707863
v -0.12709011 -0.03422716 0.13413595
v -0.13081090 -0.02498415 0.13205455
v -0.13786376 0.01498489 0.10492457
v -0.13819696 0.01498489 0.09487642
v -0.13833579 0.01498489 0.08497183
v -0.13847463 -0.01498489 0.06494732
v -0.13139401 -0.01498489 0.13363354
v -0.13433734 0.01498489 0.12494908
v -0.13672531 0.01498489 0.11490093
v -0.14072376 0.02397582 -0.40494686
v -0.14075154 0.02417188 -0.41492319
v -0.14086260 0.02484410 -0.45490044
v -0.14072376 0.02596447 -0.46437442
v -0.14052939 0.02487211 -0.47406369
v -0.13911328 0.01498489 -0.03503168
v -0.14000182 0.02002653 -0.17828947
v -0.14002959 0.02016658 -0.18489254
v -0.13866900 -0.01498489 0.03487466
v -0.12703457 0.03498341 -0.49731797
v -0.13178276 0.03498341 -0.49229389
v -0.12084251 0.04232180 -0.50047594
v -0.12203649 0.03498341 -0.50105011
v -0.13964085 0.02812117 -0.47671926
v -0.13536471 0.03498341 -0.48497313
v -0.11328986 0.05498193 -0.50162435
v -0.10582050 0.06579345 -0.50219852
v -0.09499132 0.07498045 -0.50327510
v -0.09499132 0.06498119 -0.50471056
v -0.08499516 0.07498045 -0.50492585
v -0.07497123 0.08497971 -0.50506938
v -0.05497890 0.09497897 -0.50528473
v -0.04498274 0.09497897 -0.50542825
v -0.03495881 0.09497897 -0.50550002
v 0.14052939 0.02487211 -0.47406369
v 0.14072376 0.02596447 -0.46437442
v 0.14086260 0.02484410 -0.45490044
v 0.14075154 0.02417188 -0.41492319
v 0.14072376 0.02397582 -0.40494686
v 0.14002959 0.02016658 -0.18489254
v 0.14000182 0.02002653 -0.17828947
v 0.13911328 0.01498489 -0.03503168
v 0.13866900 -0.01498489 0.03487466
v 0.13847463 -0.01498489 0.06494732
v 0.03495881 0.09497897 -0.50550002
v 0.04498274 0.09497897 -0.50542825
v 0.05497890 0.09497897 -0.50528473
v 0.07497123 0.08497971 -0.50506938
v 0.08499516 0.07498045 -0.50492585
v 0.09499132 0.06498119 -0.50471056
v 0.09499132 0.07498045 -0.50327510
v 0.10582050 0.06579345 -0.50219852
v 0.11328986 0.05498193 -0.50162435
v 0.12203649 0.03498341 -0.50105011
v 0.12084251 0.04232180 -0.50047594
v 0.12703457 0.03498341 -0.49731797
v 0.13178276 0.03498341 -0.49229389
v 0.13536471 0.03498341 -0.48497313
v 0.13964085 0.02812117 -0.47671926
v 0.13819696 0.01498489 0.09487642
v 0.13786376 0.01498489 0.10492457
v 0.13833579 0.01498489 0.08497183
v 0.13672531 0.01498489 0.11490093
v 0.13433734 0.01498489 0.12494908
v 0.13139401 -0.01498489 0.13363354
v 0.13081090 -0.02498415 0.13205455
v 0.12878391 -0.02498415 0.13707863
v 0.12709011 -0.03422716 0.13413595
v 0.12084251 -0.04246185 0.14138497
v 0.07785901 -0.02481609 0.22772722
v -0.07980271 -0.01901820 0.22772722
v -0.12178659 -0.03408711 0.14483003
v -0.12464660 -0.02498415 0.14490183
v -0.12947808 -0.01498489 0.13865761
v -0.13680860 0.02498415 0.10492457
v -0.13719735 0.02498415 0.09487642
v -0.13847463 0.01498489 0.06494732
v -0.13730842 0.02498415 0.08497183
v -0.13139401 0.01498489 0.13363354
v -0.13081090 0.02498415 0.13205455
v -0.13317111 0.02498415 0.12494908
v -0.13567016 0.02498415 0.11490093
v -0.13997406 0.02985774 -0.45490044
v -0.14000182 0.03002579 -0.46738887
v -0.14000182 0.03002579 -0.47004443
v -0.13866900 0.01498489 0.03487466
v -0.13739172 0.02498415 0.07492369
v -0.13753055 0.02498415 0.05489919
v -0.12314718 0.05498193 -0.49365759
v -0.11834347 0.05498193 -0.49868166
v -0.11950969 0.04898797 -0.49961472
v -0.13061653 0.04176162 -0.49085844
v -0.11154053 0.06302055 -0.50083482
v -0.13053323 0.05148079 -0.48167157
v -0.13811366 0.03400309 -0.47406369
v -0.13175499 0.04506670 -0.48497313
v -0.12933925 0.04842779 -0.48834640
v -0.10976343 0.06968673 -0.49983001
v -0.10259951 0.07498045 -0.50097835
v -0.08499516 0.08497971 -0.50377750
v -0.09451928 0.08422346 -0.50112194
v -0.07497123 0.09497897 -0.50363392
v -0.06497506 0.09497897 -0.50471056
v -0.04498274 0.10497823 -0.50492585
v -0.03495881 0.10497823 -0.50521296
v -0.02496264 0.10497823 -0.50535649
v -0.00499808 0.10497823 -0.50550002
v 0.14000182 0.03002579 -0.47004443
v 0.14000182 0.03002579 -0.46738887
v 0.13997406 0.02985774 -0.45490044
v 0.13753055 0.02498415 0.05489919
v 0.13739172 0.02498415 0.07492369
v 0.13730842 0.02498415 0.08497183
v 0.13847463 0.01498489 0.06494732
v 0.13866900 0.01498489 0.03487466
v 0.00499808 0.10497823 -0.50550002
v 0.02496264 0.10497823 -0.50535649
v 0.03495881 0.10497823 -0.50521296
v 0.04498274 0.10497823 -0.50492585
v 0.06497506 0.09497897 -0.50471056
v 0.07497123 0.09497897 -0.50363392
v 0.08499516 0.08497971 -0.50377750
v 0.09451928 0.08422346 -0.50112194
v 0.10259951 0.07498045 -0.50097835
v 0.10976343 0.06968673 -0.49983001
v 0.11154053 0.06302055 -0.50083482
v 0.11950969 0.04898797 -0.49961472
v 0.12314718 0.05498193 -0.49365759
v 0.11834347 0.05498193 -0.49868166
v 0.13061653 0.04176162 -0.49085844
v 0.13175499 0.04506670 -0.48497313
v 0.13053323 0.05148079 -0.48167157
v 0.12933925 0.04842779 -0.48834640
v 0.13811366 0.03400309 -0.47406369
v 0.13719735 0.02498415 0.09487642
v 0.13680860 0.02498415 0.10492457
v 0.13567016 0.02498415 0.11490093
v 0.13317111 0.02498415 0.12494908
v 0.13081090 0.02498415 0.13205455
v 0.13139401 0.01498489 0.13363354
v 0.12947808 -0.01498489 0.13865761
v 0.12464660 -0.02498415 0.14490183
v 0.12178659 -0.03408711 0.14483003
v 0.07933066 -0.02039065 0.22772722
v -0.08013591 -0.01761775 0.22772722
v -0.12609050 -0.01498489 0.14490183
v -0.08088562 -0.01394855 0.22772722
v -0.12947808 0.01498489 0.13865761
v -0.08166310 -0.00498563 0.22772722
v -0.13400413 0.03498341 0.10492457
v -0.13436510 0.03498341 0.09487642
v -0.13447617 0.03498341 0.08497183
v -0.12878391 0.02498415 0.13707863
v -0.13014449 0.03038991 0.13033201
v -0.13081090 0.03422716 0.12394427
v -0.13278237 0.03498341 0.11490093
v -0.13455947 0.03498341 0.07492369
v -0.13772492 0.03498341 -0.39489871
v -0.13805813 0.03498341 -0.44492412
v -0.13136625 0.05374953 -0.46494859
v -0.12953362 0.05873515 -0.46494859
v -0.12720118 0.06498119 -0.46494859
v -0.12928371 0.05800692 -0.47492498
v -0.12131455 0.06498119 -0.49164796
v -0.11495588 0.06579345 -0.49724621
v -0.12025940 0.07038695 -0.49028426
v -0.12436894 0.06498119 -0.48497313
v -0.13400413 0.04498267 -0.47492498
v -0.12667361 0.06498119 -0.47492498
v -0.10035037 0.08041422 -0.50011712
v -0.11448384 0.07422420 -0.49272454
v -0.10756983 0.07498045 -0.49803567
v -0.09751813 0.08708040 -0.49803567
v -0.09088179 0.09102968 -0.50040418
v -0.08466195 0.09461486 -0.50140899
v -0.05497890 0.10497823 -0.50399280
v -0.08110776 0.10083288 -0.50047594
v -0.07497123 0.10259745 -0.50119370
v -0.05497890 0.11340898 -0.50148076
v -0.03495881 0.11494949 -0.50377750
v -0.02496264 0.11494949 -0.50420815
v -0.01499425 0.11494949 -0.50456697
v -0.00499808 0.11494949 -0.50485408
v 0.12928371 0.05800692 -0.47492498
v 0.12720118 0.06498119 -0.46494859
v 0.12953362 0.05873515 -0.46494859
v 0.13136625 0.05374953 -0.46494859
v 0.13805813 0.03498341 -0.44492412
v 0.13772492 0.03498341 -0.39489871
v 0.13455947 0.03498341 0.07492369
v 0.13447617 0.03498341 0.08497183
v 0.00499808 0.11494949 -0.50485408
v 0.01499425 0.11494949 -0.50456697
v 0.02496264 0.11494949 -0.50420815
v 0.03495881 0.11494949 -0.50377750
v 0.05497890 0.10497823 -0.50399280
v 0.05497890 0.11340898 -0.50148076
v 0.07497123 0.10259745 -0.50119370
v 0.08110776 0.10083288 -0.50047594
v 0.08466195 0.09461486 -0.50140899
v 0.09088179 0.09102968 -0.50040418
v 0.10035037 0.08041422 -0.50011712
v 0.09751813 0.08708040 -0.49803567
v 0.10756983 0.07498045 -0.49803567
v 0.11448384 0.07422420 -0.49272454
v 0.12025940 0.07038695 -0.49028426
v 0.11495588 0.06579345 -0.49724621
v 0.12131455 0.06498119 -0.49164796
v 0.12436894 0.06498119 -0.48497313
v 0.12667361 0.06498119 -0.47492498
v 0.13400413 0.04498267 -0.47492498
v 0.13436510 0.03498341 0.09487642
v 0.13400413 0.03498341 0.10492457
v 0.13278237 0.03498341 0.11490093
v 0.13081090 0.03422716 0.12394427
v 0.13014449 0.03038991 0.13033201
v 0.12878391 0.02498415 0.13707863
v 0.12947808 0.01498489 0.13865761
v 0.08166310 -0.00498563 0.22772722
v 0.08152427 -0.00778654 0.22772722
v 0.12609050 -0.01498489 0.14490183
v 0.08088562 -0.01394855 0.22772722
v 0.08013591 -0.01761775 0.22772722
v -0.08166310 0.00498563 0.22772722
v -0.08152427 0.00778654 0.22772722
v -0.12609050 0.01498489 0.14490183
v -0.12464660 0.02498415 0.14490183
v -0.12670137 0.05498193 0.10492457
v -0.12709011 0.05498193 0.09487642
v -0.13047770 0.04131347 0.11490093
v -0.12950586 0.04865187 0.08497183
v -0.12178659 0.03408711 0.14483003
v -0.12084251 0.04246185 0.14138497
v -0.11967629 0.04912802 0.13923179
v -0.12709011 0.03422716 0.13413595
v -0.11984289 0.05954742 0.12947075
v -0.12103688 0.05288124 0.13255696
v -0.13000566 0.03999704 0.11992501
v -0.12720118 0.05498193 0.08497183
v -0.13136625 0.04375027 0.07492369
v -0.12961692 0.04893196 0.05489919
v -0.12761769 0.05498193 0.02497007
v -0.13167168 0.04459054 -0.01507895
v -0.12836739 0.05551410 -0.11505796
v -0.12931149 0.05809094 -0.39489871
v -0.12950586 0.05865113 -0.45490044
v -0.12714565 0.06498119 -0.45490044
v -0.12267514 0.07380407 -0.46494859
v -0.12239747 0.07341194 -0.47492498
v -0.11084635 0.08097441 -0.49093020
v -0.12125902 0.07178741 -0.48497313
v -0.11728832 0.07680105 -0.48497313
v -0.10307156 0.09366255 -0.48497313
v -0.09885095 0.09864817 -0.48497313
v -0.08779964 0.09769586 -0.49853808
v -0.10132223 0.09158987 -0.49143261
v -0.09471365 0.09464286 -0.49494946
v -0.04595459 0.11595781 -0.50219852
v -0.08468972 0.10475416 -0.49480593
v -0.07497123 0.10761109 -0.49796391
v -0.06897353 0.10929164 -0.49947113
v -0.04992528 0.11993511 -0.49990177
v -0.06230942 0.11125228 -0.50069129
v -0.04326117 0.12113950 -0.50069129
v -0.03495881 0.12209181 -0.50119370
v -0.01499425 0.12382838 -0.50191140
v -0.00488701 0.12570499 -0.50176787
v 0.12267514 0.07380407 -0.46494859
v 0.12714565 0.06498119 -0.45490044
v 0.12239747 0.07341194 -0.47492498
v 0.12950586 0.05865113 -0.45490044
v 0.12931149 0.05809094 -0.39489871
v 0.12836739 0.05551410 -0.11505796
v 0.13167168 0.04459054 -0.01507895
v 0.12761769 0.05498193 0.02497007
v 0.12961692 0.04893196 0.05489919
v 0.13136625 0.04375027 0.07492369
v 0.12720118 0.05498193 0.08497183
v 0.12950586 0.04865187 0.08497183
v 0.00488701 0.12570499 -0.50176787
v 0.01499425 0.12382838 -0.50191140
v 0.03495881 0.12209181 -0.50119370
v 0.04326117 0.12113950 -0.50069129
v 0.04595459 0.11595781 -0.50219852
v 0.06230942 0.11125228 -0.50069129
v 0.04992528 0.11993511 -0.49990177
v 0.06897353 0.10929164 -0.49947113
v 0.07497123 0.10761109 -0.49796391
v 0.08468972 0.10475416 -0.49480593
v 0.08779964 0.09769586 -0.49853808
v 0.09471365 0.09464286 -0.49494946
v 0.10132223 0.09158987 -0.49143261
v 0.11084635 0.08097441 -0.49093020
v 0.09885095 0.09864817 -0.48497313
v 0.10307156 0.09366255 -0.48497313
v 0.11728832 0.07680105 -0.48497313
v 0.12125902 0.07178741 -0.48497313
v 0.12709011 0.05498193 0.09487642
v 0.12670137 0.05498193 0.10492457
v 0.13047770 0.04131347 0.11490093
v 0.13000566 0.03999704 0.11992501
v 0.11984289 0.05954742 0.12947075
v 0.12103688 0.05288124 0.13255696
v 0.11967629 0.04912802 0.13923179
v 0.12709011 0.03422716 0.13413595
v 0.12084251 0.04246185 0.14138497
v 0.12178659 0.03408711 0.14483003
v 0.12464660 0.02498415 0.14490183
v 0.12609050 0.01498489 0.14490183
v 0.08166310 0.00498563 0.22772722
v -0.08088562 0.01394855 0.22772722
v -0.08013591 0.01761775 0.22772722
v -0.07933066 0.02039065 0.22772722
v -0.12547962 0.05498193 0.11490093
v -0.12023164 0.07033093 0.11131231
v -0.12298058 0.06498119 0.10492457
v -0.12334155 0.06498119 0.09487642
v -0.07785901 0.02481609 0.22772722
v -0.07411045 0.03515146 0.22772722
v -0.11345646 0.05559813 0.14576308
v -0.11173490 0.06313258 0.14282043
v -0.11875997 0.05571017 0.13549964
v -0.11853784 0.06537332 0.12566681
v -0.12089805 0.06232032 0.12279589
v -0.12245300 0.05571017 0.12566681
v -0.11387296 0.06587748 0.13578673
v -0.11950969 0.06898650 0.11798714
v -0.12161999 0.06537332 0.11475740
v -0.12345262 0.06498119 0.08497183
v -0.12353592 0.06498119 0.07492369
v -0.12395243 0.06498119 0.01492193
v -0.12409126 0.06498119 -0.00510257
v -0.12559068 0.06498119 -0.22494155
v -0.12695128 0.06498119 -0.42497134
v -0.12808973 0.05498193 -0.04507983
v -0.12081474 0.07114320 0.07492369
v -0.12095357 0.07133926 0.03487466
v -0.12181436 0.07257167 -0.21496519
v -0.11900988 0.07878970 -0.46494859
v -0.11867667 0.07839756 -0.47492498
v -0.09993387 0.09993659 -0.47966194
v -0.09324199 0.10520230 -0.48425537
v -0.09185363 0.10200927 -0.49186325
v -0.08155204 0.11086015 -0.49107379
v -0.07497123 0.11276477 -0.49301165
v -0.05497890 0.11842262 -0.49868166
v -0.05403482 0.12478069 -0.49301165
v -0.05009189 0.13001840 -0.48999721
v -0.04595459 0.12466865 -0.49674380
v -0.03495881 0.12707745 -0.49738973
v -0.01499425 0.12884201 -0.49918407
v -0.00155496 0.13021447 -0.50011712
v 0.11900988 0.07878970 -0.46494859
v 0.12181436 0.07257167 -0.21496519
v 0.12695128 0.06498119 -0.42497134
v 0.12095357 0.07133926 0.03487466
v 0.12081474 0.07114320 0.07492369
v 0.11867667 0.07839756 -0.47492498
v 0.12808973 0.05498193 -0.04507983
v 0.12559068 0.06498119 -0.22494155
v 0.12409126 0.06498119 -0.00510257
v 0.12395243 0.06498119 0.01492193
v 0.12353592 0.06498119 0.07492369
v 0.12345262 0.06498119 0.08497183
v 0.00155496 0.13021447 -0.50011712
v 0.01499425 0.12884201 -0.49918407
v 0.03495881 0.12707745 -0.49738973
v 0.04595459 0.12466865 -0.49674380
v 0.05497890 0.11842262 -0.49868166
v 0.05009189 0.13001840 -0.48999721
v 0.05403482 0.12478069 -0.49301165
v 0.07497123 0.11276477 -0.49301165
v 0.08155204 0.11086015 -0.49107379
v 0.09185363 0.10200927 -0.49186325
v 0.09324199 0.10520230 -0.48425537
v 0.09993387 0.09993659 -0.47966194
v 0.12334155 0.06498119 0.09487642
v 0.12298058 0.06498119 0.10492457
v 0.12023164 0.07033093 0.11131231
v 0.12547962 0.05498193 0.11490093
v 0.11950969 0.06898650 0.11798714
v 0.12089805 0.06232032 0.12279589
v 0.12245300 0.05571017 0.12566681
v 0.12161999 0.06537332 0.11475740
v 0.11853784 0.06537332 0.12566681
v 0.11387296 0.06587748 0.13578673
v 0.11875997 0.05571017 0.13549964
v 0.11173490 0.06313258 0.14282043
v 0.11345646 0.05559813 0.14576308
v 0.07411045 0.03515146 0.22772722
v 0.07785901 0.02481609 0.22772722
v 0.07980271 0.01901820 0.22772722
v 0.08013591 0.01761775 0.22772722
v 0.08088562 0.01394855 0.22772722
v -0.09801794 0.09763984 0.10492457
v -0.10221077 0.09265421 0.10492457
v -0.11642753 0.07573669 0.10492457
v -0.12050930 0.07072306 0.10492457
v -0.11626093 0.07419620 0.11475740
v -0.10148883 0.09175792 0.11490093
v -0.09729599 0.09674355 0.11490093
v -0.12070367 0.07100315 0.09487642
v -0.07330520 0.03708409 0.22772722
v -0.10973566 0.05932334 0.14956702
v -0.10984673 0.06979876 0.13966243
v -0.11154053 0.07184343 0.13305937
v -0.11267897 0.07509249 0.12408783
v -0.11006887 0.08005010 0.12014033
v -0.12075920 0.07108718 0.08497183
v -0.11689958 0.07629688 0.04492281
v -0.11739939 0.07688507 -0.07500894
v -0.11756599 0.07708114 -0.11505796
v -0.11892658 0.07870567 -0.44492412
v -0.11673298 0.07607280 0.08497183
v -0.11401179 0.08475564 -0.46494859
v -0.10040591 0.10046876 -0.47305888
v -0.09657405 0.10427801 -0.47578627
v -0.09021538 0.11018793 -0.48059499
v -0.08824391 0.10867544 -0.48719805
v -0.06908460 0.11945895 -0.48863351
v -0.04498274 0.13066261 -0.49093020
v -0.08493962 0.11189649 -0.48425537
v -0.07125043 0.12069136 -0.48203045
v -0.05167461 0.13088667 -0.48497313
v -0.04498274 0.13304338 -0.48497313
v -0.03495881 0.13508806 -0.48497313
v -0.03495881 0.13169895 -0.49236566
v -0.01499425 0.13343552 -0.49416000
v -0.00488701 0.13363157 -0.49581075
v 0.10040591 0.10046876 -0.47305888
v 0.11401179 0.08475564 -0.46494859
v 0.11892658 0.07870567 -0.44492412
v 0.11756599 0.07708114 -0.11505796
v 0.11739939 0.07688507 -0.07500894
v 0.11689958 0.07629688 0.04492281
v 0.11673298 0.07607280 0.08497183
v 0.12075920 0.07108718 0.08497183
v 0.12070367 0.07100315 0.09487642
v 0.00488701 0.13363157 -0.49581075
v 0.01499425 0.13343552 -0.49416000
v 0.03495881 0.13169895 -0.49236566
v 0.04498274 0.13066261 -0.49093020
v 0.06908460 0.11945895 -0.48863351
v 0.03495881 0.13508806 -0.48497313
v 0.04498274 0.13304338 -0.48497313
v 0.05167461 0.13088667 -0.48497313
v 0.07125043 0.12069136 -0.48203045
v 0.08493962 0.11189649 -0.48425537
v 0.08824391 0.10867544 -0.48719805
v 0.09021538 0.11018793 -0.48059499
v 0.09657405 0.10427801 -0.47578627
v 0.12050930 0.07072306 0.10492457
v 0.09729599 0.09674355 0.11490093
v 0.10148883 0.09175792 0.11490093
v 0.11626093 0.07419620 0.11475740
v 0.11642753 0.07573669 0.10492457
v 0.10221077 0.09265421 0.10492457
v 0.09801794 0.09763984 0.10492457
v 0.11006887 0.08005010 0.12014033
v 0.11267897 0.07509249 0.12408783
v 0.11154053 0.07184343 0.13305937
v 0.10984673 0.06979876 0.13966243
v 0.10973566 0.05932334 0.14956702
v 0.07116713 0.04173361 0.22772722
v -0.09229791 0.10245741 0.11490093
v -0.09301985 0.10326967 0.10492457
v -0.09826784 0.09791993 0.09487642
v -0.11165159 0.08195473 0.09487642
v -0.11664967 0.07598878 0.09487642
v -0.11067975 0.08080635 0.11490093
v -0.10060028 0.09069357 0.12150399
v -0.09110393 0.10122501 0.12286769
v -0.07116713 0.04173361 0.22772722
v -0.06875139 0.04492665 0.22772722
v -0.06750187 0.04652317 0.22772722
v -0.06594691 0.04839978 0.22772722
v -0.06230942 0.05276921 0.22772722
v -0.10037814 0.08044223 0.14052369
v -0.09265888 0.09315838 0.13492544
v -0.08979887 0.09976853 0.12954251
v -0.10873605 0.07850960 0.12681516
v -0.09521346 0.09523106 0.12552325
v -0.10754206 0.08705239 0.08497183
v -0.10787527 0.08744451 0.00494556
v -0.09971173 0.09962849 -0.24489430
v -0.10543176 0.09497897 -0.46494859
v -0.10060028 0.10069284 -0.46494859
v -0.09610201 0.10570647 -0.46494859
v -0.09074295 0.11058006 -0.47492498
v -0.08499516 0.11408120 -0.47492498
v -0.07738697 0.11847863 -0.47492498
v -0.06497506 0.12564898 -0.47492498
v -0.05872746 0.12923414 -0.47492498
v -0.00499808 0.13937345 -0.48827463
v -0.05372938 0.13203506 -0.47492498
v -0.04498274 0.13528411 -0.47492498
v -0.03495881 0.13730077 -0.47492498
v -0.01893718 0.13976558 -0.47822648
v -0.01227307 0.14035377 -0.48124093
v 0.09074295 0.11058006 -0.47492498
v 0.09610201 0.10570647 -0.46494859
v 0.10060028 0.10069284 -0.46494859
v 0.10543176 0.09497897 -0.46494859
v 0.09971173 0.09962849 -0.24489430
v 0.10787527 0.08744451 0.00494556
v 0.10754206 0.08705239 0.08497183
v 0.11664967 0.07598878 0.09487642
v 0.00499808 0.13937345 -0.48827463
v 0.01227307 0.14035377 -0.48124093
v 0.01893718 0.13976558 -0.47822648
v 0.03495881 0.13730077 -0.47492498
v 0.04498274 0.13528411 -0.47492498
v 0.05372938 0.13203506 -0.47492498
v 0.05872746 0.12923414 -0.47492498
v 0.06497506 0.12564898 -0.47492498
v 0.07738697 0.11847863 -0.47492498
v 0.08499516 0.11408120 -0.47492498
v 0.09229791 0.10245741 0.11490093
v 0.09110393 0.10122501 0.12286769
v 0.10060028 0.09069357 0.12150399
v 0.11067975 0.08080635 0.11490093
v 0.11165159 0.08195473 0.09487642
v 0.09826784 0.09791993 0.09487642
v 0.09301985 0.10326967 0.10492457
v 0.09521346 0.09523106 0.12552325
v 0.10873605 0.07850960 0.12681516
v 0.09265888 0.09315838 0.13492544
v 0.08979887 0.09976853 0.12954251
v 0.10037814 0.08044223 0.14052369
v 0.06380884 0.05097662 0.22772722
v 0.06750187 0.04652317 0.22772722
v -0.08646681 0.10747105 0.11490093
v -0.08760527 0.10828331 0.10492457
v -0.08796624 0.10853539 0.09487642
v -0.09326976 0.10352176 0.09487642
v -0.09832337 0.09800396 0.08497183
v -0.10254398 0.09299032 0.08497183
v -0.08505069 0.10511827 0.12509264
v -0.05922727 0.05641039 0.22772722
v -0.09090956 0.09105770 0.14116965
v -0.08821614 0.09814400 0.13492544
v -0.08113553 0.10083288 0.14131321
v -0.08321806 0.10242940 0.13492544
v -0.09837891 0.09805997 0.07492369
v -0.10262728 0.09310236 0.06494732
v -0.10057251 0.10066482 -0.45490044
v -0.09332529 0.10360578 0.08497183
v -0.08996547 0.10993585 -0.21216607
v -0.09002101 0.10999187 -0.22494155
v -0.09029868 0.11021594 -0.28487155
v -0.09057635 0.11044002 -0.34494507
v -0.09102062 0.11080413 -0.44492412
v -0.09110393 0.11086015 -0.46494859
v -0.08499516 0.11466939 -0.46494859
v -0.05922727 0.12954225 -0.46494859
v -0.00499808 0.14099798 -0.48325056
v -0.05420142 0.13231514 -0.46494859
v -0.04498274 0.13581629 -0.46494859
v -0.02457390 0.13914938 -0.47492498
v -0.03495881 0.13780494 -0.46494859
v -0.02099194 0.14012970 -0.47155166
v -0.01535522 0.14077391 -0.47492498
v -0.00499808 0.14253849 -0.47492498
v 0.08499516 0.11466939 -0.46494859
v 0.09110393 0.11086015 -0.46494859
v 0.10057251 0.10066482 -0.45490044
v 0.09102062 0.11080413 -0.44492412
v 0.09057635 0.11044002 -0.34494507
v 0.09029868 0.11021594 -0.28487155
v 0.09002101 0.10999187 -0.22494155
v 0.08996547 0.10993585 -0.21216607
v 0.09332529 0.10360578 0.08497183
v 0.09837891 0.09805997 0.07492369
v 0.10262728 0.09310236 0.06494732
v 0.10254398 0.09299032 0.08497183
v 0.00499808 0.14099798 -0.48325056
v 0.00499808 0.14253849 -0.47492498
v 0.01535522 0.14077391 -0.47492498
v 0.02457390 0.13914938 -0.47492498
v 0.02099194 0.14012970 -0.47155166
v 0.03495881 0.13780494 -0.46494859
v 0.04498274 0.13581629 -0.46494859
v 0.05420142 0.13231514 -0.46494859
v 0.05922727 0.12954225 -0.46494859
v 0.08646681 0.10747105 0.11490093
v 0.08760527 0.10828331 0.10492457
v 0.08505069 0.10511827 0.12509264
v 0.09832337 0.09800396 0.08497183
v 0.09326976 0.10352176 0.09487642
v 0.08796624 0.10853539 0.09487642
v 0.08821614 0.09814400 0.13492544
v 0.09090956 0.09105770 0.14116965
v 0.08321806 0.10242940 0.13492544
v 0.08113553 0.10083288 0.14131321
v 0.05806105 0.05778284 0.22772722
v 0.06117097 0.05411365 0.22772722
v 0.06230942 0.05276921 0.22772722
v -0.08035805 0.11018793 0.12064274
v -0.08146873 0.11083214 0.11490093
v -0.08260719 0.11147635 0.10492457
v -0.08294039 0.11167242 0.09487642
v -0.08307923 0.11175644 0.08497183
v -0.08807731 0.10861942 0.08497183
v -0.07838658 0.10903956 0.12724580
v -0.05806105 0.05778284 0.22772722
v -0.05670046 0.05921131 0.22772722
v -0.08480079 0.09475490 0.14454295
v -0.06914013 0.10945969 0.13887294
v -0.07502676 0.10763910 0.13528432
v -0.05306297 0.06265643 0.22772722
v -0.04812042 0.06626961 0.22772722
v -0.04595459 0.06769808 0.22772722
v -0.07463802 0.10256945 0.14475827
v -0.08821614 0.10870345 0.06494732
v -0.08891032 0.10920762 -0.04507983
v -0.08985440 0.10987983 -0.19494069
v -0.08499516 0.11452935 -0.44492412
v -0.09038198 0.11029997 -0.30489606
v -0.05906067 0.12943020 -0.43494773
v -0.05411812 0.13225913 -0.44492412
v -0.04498274 0.13548018 -0.41492319
v -0.03495881 0.13441584 0.06494732
v -0.03495881 0.13461189 0.03487466
v -0.03495881 0.13679661 -0.30489606
v -0.03495881 0.13769290 -0.44492412
v -0.05089713 0.13046655 0.06494732
v -0.05073053 0.13038252 0.08497183
v -0.02138068 0.14021373 -0.46494859
v -0.01499425 0.14133409 -0.46494859
v -0.00499808 0.14307065 -0.46494859
v 0.05906067 0.12943020 -0.43494773
v 0.08499516 0.11452935 -0.44492412
v 0.09038198 0.11029997 -0.30489606
v 0.08985440 0.10987983 -0.19494069
v 0.08891032 0.10920762 -0.04507983
v 0.08821614 0.10870345 0.06494732
v 0.08807731 0.10861942 0.08497183
v 0.00499808 0.14307065 -0.46494859
v 0.01499425 0.14133409 -0.46494859
v 0.02138068 0.14021373 -0.46494859
v 0.03495881 0.13769290 -0.44492412
v 0.05411812 0.13225913 -0.44492412
v 0.03495881 0.13679661 -0.30489606
v 0.03495881 0.13461189 0.03487466
v 0.03495881 0.13441584 0.06494732
v 0.04498274 0.13548018 -0.41492319
v 0.05073053 0.13038252 0.08497183
v 0.05089713 0.13046655 0.06494732
v 0.08146873 0.11083214 0.11490093
v 0.08035805 0.11018793 0.12064274
v 0.08260719 0.11147635 0.10492457
v 0.07838658 0.10903956 0.12724580
v 0.08307923 0.11175644 0.08497183
v 0.08294039 0.11167242 0.09487642
v 0.08480079 0.09475490 0.14454295
v 0.07502676 0.10763910 0.13528432
v 0.06914013 0.10945969 0.13887294
v 0.07463802 0.10256945 0.14475827
v 0.04595459 0.06769808 0.22772722
v 0.05306297 0.06265643 0.22772722
v -0.06128203 0.12071937 0.12214996
v -0.05400705 0.12688138 0.11396791
v -0.05000858 0.12999038 0.11009219
v -0.07497123 0.11590180 0.10492457
v -0.07497123 0.11629392 0.09487642
v -0.05575638 0.12752558 0.08497183
v -0.08346797 0.11198051 0.02497007
v -0.06430865 0.12245593 0.09487642
v -0.05925503 0.11954298 0.12875302
v -0.07166694 0.11094417 0.13219811
v -0.04103981 0.07061102 0.22772722
v -0.05003635 0.11999113 0.13994952
v -0.05195228 0.12111149 0.13492544
v -0.08499516 0.11343699 -0.29491967
v -0.07658172 0.11800248 -0.25494245
v -0.05633949 0.12786169 -0.00510257
v -0.04498274 0.13231514 0.05489919
v -0.01499425 0.13794498 0.06494732
v -0.03495881 0.13427578 0.08497183
v -0.02549022 0.13917738 -0.41492319
v -0.02121408 0.14018571 -0.45490044
v -0.05064723 0.13032649 0.09487642
v -0.04498274 0.13217510 0.07492369
v -0.01499425 0.14127807 -0.45490044
v -0.01499425 0.14102599 -0.41492319
v -0.01055151 0.14007367 -0.14498706
v -0.00813577 0.13965353 -0.01507895
v -0.00499808 0.14197829 -0.29491967
v -0.00177710 0.14026974 0.05489919
v -0.00119399 0.14015770 0.08497183
v 0.08499516 0.11343699 -0.29491967
v 0.05633949 0.12786169 -0.00510257
v 0.07658172 0.11800248 -0.25494245
v 0.08346797 0.11198051 0.02497007
v 0.00119399 0.14015770 0.08497183
v 0.00177710 0.14026974 0.05489919
v 0.00499808 0.14197829 -0.29491967
v 0.00927422 0.13984960 -0.07500894
v 0.01499425 0.14102599 -0.41492319
v 0.01499425 0.14127807 -0.45490044
v 0.02121408 0.14018571 -0.45490044
v 0.02549022 0.13917738 -0.41492319
v 0.01499425 0.13794498 0.06494732
v 0.04498274 0.13231514 0.05489919
v 0.03495881 0.13427578 0.08497183
v 0.05064723 0.13032649 0.09487642
v 0.05575638 0.12752558 0.08497183
v 0.04498274 0.13217510 0.07492369
v 0.05000858 0.12999038 0.11009219
v 0.05400705 0.12688138 0.11396791
v 0.06128203 0.12071937 0.12214996
v 0.07497123 0.11629392 0.09487642
v 0.07497123 0.11590180 0.10492457
v 0.05925503 0.11954298 0.12875302
v 0.07166694 0.11094417 0.13219811
v 0.06430865 0.12245593 0.09487642
v 0.05003635 0.11999113 0.13994952
v 0.03984582 0.07131125 0.22772722
v 0.05195228 0.12111149 0.13492544
v 0.04237263 0.06982677 0.22772722
v -0.05556201 0.12290408 0.12523617
v -0.04778722 0.12929016 0.11669524
v -0.03495881 0.13379963 0.10492457
v -0.04498274 0.13161492 0.10492457
v -0.05028626 0.13013044 0.10492457
v -0.04467730 0.13069062 0.11396791
v -0.03506987 0.07405615 0.22772722
v -0.04498274 0.12091543 0.14160030
v -0.04498274 0.12402444 0.13492544
v -0.02504594 0.07820150 0.22772722
v -0.04467730 0.12802975 0.12451844
v -0.00677518 0.13942946 0.05489919
v -0.01499425 0.13903734 -0.10508159
v -0.01499425 0.13780494 0.08497183
v -0.04498274 0.13209108 0.08497183
v -0.03495881 0.13416375 0.09487642
v -0.04498274 0.13197903 0.09487642
v -0.00619207 0.13931742 0.08497183
v -0.00083301 0.14010169 0.09487642
v 0.00619207 0.13931742 0.08497183
v 0.00083301 0.14010169 0.09487642
v 0.00677518 0.13942946 0.05489919
v 0.00813577 0.13965353 -0.01507895
v 0.01499425 0.13903734 -0.10508159
v 0.01499425 0.13780494 0.08497183
v 0.04498274 0.13209108 0.08497183
v 0.03495881 0.13416375 0.09487642
v 0.04498274 0.13197903 0.09487642
v 0.05028626 0.13013044 0.10492457
v 0.04498274 0.13161492 0.10492457
v 0.03495881 0.13379963 0.10492457
v 0.04467730 0.13069062 0.11396791
v 0.04778722 0.12929016 0.11669524
v 0.05556201 0.12290408 0.12523617
v 0.04498274 0.12402444 0.13492544
v 0.04498274 0.12091543 0.14160030
v 0.02504594 0.07820150 0.22772722
v 0.03223763 0.07523254 0.22772722
v 0.03506987 0.07405615 0.22772722
v 0.04467730 0.12802975 0.12451844
v -0.04112311 0.13027048 0.12100159
v -0.03495881 0.13265125 0.11490093
v -0.01499425 0.13732879 0.10492457
v -0.03495881 0.12228788 0.14404054
v -0.03495881 0.12665731 0.13492544
v -0.03495881 0.12931816 0.12789176
v -0.01929815 0.07946191 0.22772722
v -0.01499425 0.13769290 0.09487642
v -0.00583110 0.13926141 0.09487642
v -0.00038874 0.14001766 0.10119240
v 0.00583110 0.13926141 0.09487642
v 0.01499425 0.13769290 0.09487642
v 0.00038874 0.14001766 0.10119240
v 0.01499425 0.13732879 0.10492457
v 0.03495881 0.13265125 0.11490093
v 0.04112311 0.13027048 0.12100159
v 0.03495881 0.12665731 0.13492544
v 0.03495881 0.12931816 0.12789176
v 0.03495881 0.12228788 0.14404054
v 0.01829853 0.07968599 0.22772722
v -0.00499808 0.13788897 0.11490093
v -0.01499425 0.13618040 0.11490093
v -0.03495881 0.13085867 0.12286769
v -0.00499808 0.13545217 0.12494908
v -0.00419284 0.13920540 0.10470925
v -0.00841344 0.12971030 0.13930358
v -0.01499425 0.12912211 0.13786812
v -0.01732668 0.07985404 0.22772722
v -0.02257467 0.13041052 0.13112150
v -0.02923878 0.12982233 0.12954251
v 0.00499808 0.13788897 0.11490093
v 0.00419284 0.13920540 0.10470925
v 0.01499425 0.13618040 0.11490093
v 0.00499808 0.13545217 0.12494908
v 0.03495881 0.13085867 0.12286769
v 0.02923878 0.12982233 0.12954251
v 0.02257467 0.13041052 0.13112150
v 0.01499425 0.12912211 0.13786812
v 0.00841344 0.12971030 0.13930358
v 0.01474434 0.08033019 0.22772722
v -0.01499425 0.13374361 0.12494908
v -0.01499425 0.13108274 0.13284405
v -0.00505362 0.13172695 0.13557141
v -0.00177710 0.13024247 0.14045192
v -0.01318938 0.08058228 0.22772722
v 0.01499425 0.13374361 0.12494908
v 0.00177710 0.13024247 0.14045192
v 0.00505362 0.13172695 0.13557141
v 0.01499425 0.13108274 0.13284405
v 0.00474818 0.08203875 0.22772722
v -0.00474818 0.08203875 0.22772722
f 1 2 21
f 1 21 3
f 1 3 4
f 1 4 5
f 1 5 6
f 1 6 7
f 1 7 8
f 1 8 9
f 1 9 10
f 1 10 11
f 1 11 12
f 1 12 2
f 2 12 13
f 2 13 14
f 2 14 15
f 2 15 16
f 2 16 17
f 2 17 18
f 2 18 19
f 2 19 20
f 2 20 21
f 3 21 52
f 3 52 22
f 3 22 54
f 3 54 23
f 3 23 24
f 3 24 4
f 4 24 25
f 4 25 6
f 4 6 5
f 6 25 26
f 6 26 27
f 6 27 7
f 7 28 29
f 7 29 8
f 7 27 28
f 8 29 30
f 8 30 9
f 9 30 10
f 10 30 31
f 10 31 32
f 10 32 33
f 10 33 34
f 10 34 11
f 11 34 35
f 11 35 36
f 11 36 37
f 11 37 39
f 11 39 12
f 12 38 13
f 12 39 40
f 12 40 41
f 12 41 38
f 13 42 43
f 13 43 14
f 13 38 44
f 13 44 45
f 13 45 42
f 14 43 15
f 15 43 46
f 15 46 16
f 16 46 47
f 16 47 48
f 16 48 17
f 17 48 49
f 17 49 18
f 18 49 50
f 18 50 20
f 18 20 19
f 20 50 51
f 20 51 21
f 21 51 75
f 21 75 52
f 22 52 76
f 22 76 53
f 22 53 54
f 23 54 55
f 23 55 56
f 23 56 24
f 24 56 26
f 24 26 25
f 26 57 58
f 26 58 28
f 26 28 27
f 26 56 81
f 26 81 57
f 28 58 59
f 28 59 60
f 28 60 29
f 29 60 30
f 30 60 31
f 31 61 32
f 31 60 61
f 32 61 62
f 32 62 63
f 32 63 35
f 32 35 33
f 33 35 34
f 35 63 36
f 36 63 64
f 36 64 37
f 37 64 65
f 37 65 39
f 38 41 44
f 39 65 40
f 40 65 66
f 40 66 41
f 41 45 44
f 41 66 45
f 42 45 67
f 42 67 68
f 42 68 43
f 43 68 46
f 45 69 67
f 45 66 69
f 46 68 47
f 47 70 71
f 47 71 49
f 47 49 48
f 47 68 70
f 49 71 72
f 49 72 110
f 49 110 73
f 49 73 50
f 50 73 51
f 51 73 74
f 51 74 75
f 52 75 76
f 53 76 114
f 53 114 77
f 53 77 78
f 53 78 79
f 53 79 55
f 53 55 54
f 55 79 118
f 55 118 80
f 55 80 81
f 55 81 56
f 57 81 121
f 57 121 82
f 57 82 83
f 57 83 61
f 57 61 58
f 58 61 59
f 59 61 60
f 61 83 84
f 61 84 85
f 61 85 86
f 61 86 87
f 61 87 88
f 61 88 62
f 62 88 89
f 62 89 90
f 62 90 63
f 63 90 91
f 63 91 92
f 63 92 64
f 64 92 93
f 64 93 94
f 64 94 95
f 64 95 96
f 64 96 65
f 65 96 97
f 65 97 98
f 65 98 99
f 65 99 66
f 66 99 100
f 66 100 101
f 66 101 69
f 67 102 103
f 67 103 104
f 67 104 105
f 67 105 106
f 67 106 72
f 67 72 71
f 67 71 70
f 67 70 68
f 67 69 107
f 67 107 102
f 69 101 108
f 69 108 107
f 72 109 154
f 72 154 110
f 72 106 109
f 73 110 111
f 73 111 74
f 74 111 159
f 74 159 112
f 74 112 76
f 74 76 75
f 76 112 113
f 76 113 114
f 77 114 162
f 77 162 115
f 77 115 116
f 77 116 117
f 77 117 78
f 78 117 79
f 79 117 172
f 79 172 118
f 80 118 176
f 80 176 119
f 80 119 120
f 80 120 81
f 81 120 121
f 82 121 84
f 82 84 83
f 84 122 85
f 84 121 123
f 84 123 122
f 85 122 124
f 85 124 125
f 85 125 86
f 86 125 126
f 86 126 87
f 87 126 88
f 88 126 127
f 88 127 128
f 88 128 89
f 89 91 90
f 89 128 91
f 91 128 129
f 91 129 130
f 91 130 131
f 91 131 132
f 91 132 133
f 91 133 134
f 91 134 135
f 91 135 92
f 92 135 136
f 92 136 93
f 93 136 137
f 93 137 94
f 94 137 95
f 95 137 138
f 95 138 139
f 95 139 96
f 96 139 140
f 96 140 97
f 97 140 98
f 98 140 141
f 98 141 99
f 99 141 142
f 99 142 100
f 100 143 144
f 100 144 145
f 100 145 108
f 100 108 101
f 100 142 146
f 100 146 147
f 100 147 148
f 100 148 149
f 100 149 143
f 102 150 103
f 102 107 150
f 103 150 151
f 103 151 104
f 104 152 153
f 104 153 105
f 104 151 152
f 105 154 109
f 105 109 106
f 105 153 155
f 105 155 154
f 107 156 150
f 107 108 145
f 107 145 156
f 110 157 158
f 110 158 111
f 110 154 157
f 111 158 225
f 111 225 159
f 112 159 228
f 112 228 160
f 112 160 113
f 113 160 114
f 114 160 161
f 114 161 162
f 115 162 238
f 115 238 163
f 115 163 164
f 115 164 165
f 115 165 166
f 115 166 167
f 115 167 168
f 115 168 169
f 115 169 116
f 116 170 171
f 116 171 172
f 116 172 117
f 116 169 173
f 116 173 174
f 116 174 170
f 118 172 171
f 118 171 175
f 118 175 176
f 119 176 177
f 119 177 123
f 119 123 120
f 120 123 121
f 122 123 178
f 122 178 179
f 122 179 180
f 122 180 124
f 123 177 178
f 124 180 181
f 124 181 125
f 125 182 183
f 125 183 184
f 125 184 126
f 125 181 182
f 126 184 185
f 126 185 127
f 127 185 186
f 127 186 128
f 128 186 129
f 129 186 187
f 129 187 130
f 130 187 131
f 131 187 188
f 131 188 189
f 131 189 190
f 131 190 132
f 132 190 191
f 132 191 133
f 133 191 134
f 134 191 190
f 134 190 192
f 134 192 193
f 134 193 194
f 134 194 195
f 134 195 196
f 134 196 197
f 134 197 135
f 135 197 136
f 136 197 137
f 137 197 198
f 137 198 138
f 138 198 199
f 138 199 200
f 138 200 201
f 138 201 139
f 139 201 202
f 139 202 203
f 139 203 140
f 140 203 204
f 140 204 141
f 141 204 142
f 142 204 146
f 143 149 205
f 143 205 144
f 144 206 145
f 144 205 206
f 145 206 156
f 146 204 207
f 146 207 208
f 146 208 209
f 146 209 210
f 146 210 211
f 146 211 212
f 146 212 213
f 146 213 147
f 147 213 148
f 148 213 212
f 148 212 149
f 149 214 205
f 149 212 215
f 149 215 214
f 150 216 151
f 150 156 217
f 150 217 216
f 151 216 218
f 151 218 219
f 151 219 220
f 151 220 152
f 152 220 221
f 152 221 153
f 153 222 223
f 153 223 155
f 153 221 222
f 154 155 157
f 155 223 224
f 155 224 158
f 155 158 157
f 156 206 217
f 158 224 225
f 159 225 226
f 159 226 227
f 159 227 228
f 160 228 161
f 161 229 230
f 161 230 231
f 161 231 232
f 161 232 162
f 161 228 227
f 161 227 229
f 162 232 233
f 162 233 234
f 162 234 235
f 162 235 236
f 162 236 237
f 162 237 238
f 163 239 164
f 163 238 326
f 163 326 240
f 163 240 241
f 163 241 239
f 164 239 165
f 165 239 242
f 165 242 166
f 166 242 243
f 166 243 167
f 167 173 169
f 167 169 168
f 167 243 173
f 170 174 244
f 170 244 245
f 170 245 175
f 170 175 171
f 173 243 246
f 173 246 174
f 174 246 247
f 174 247 244
f 175 245 248
f 175 248 249
f 175 249 250
f 175 250 177
f 175 177 176
f 177 250 178
f 178 250 251
f 178 251 179
f 179 251 252
f 179 252 253
f 179 253 254
f 179 254 255
f 179 255 256
f 179 256 257
f 179 257 180
f 180 257 182
f 180 182 181
f 182 257 183
f 183 257 258
f 183 258 184
f 184 258 259
f 184 259 260
f 184 260 261
f 184 261 262
f 184 262 263
f 184 263 264
f 184 264 265
f 184 265 266
f 184 266 185
f 185 266 186
f 186 266 265
f 186 265 264
f 186 264 267
f 186 267 268
f 186 268 269
f 186 269 187
f 187 269 188
f 188 269 270
f 188 270 271
f 188 271 272
f 188 272 273
f 188 273 189
f 189 273 193
f 189 193 190
f 190 193 192
f 193 274 275
f 193 275 276
f 193 276 194
f 193 273 277
f 193 277 274
f 194 276 195
f 195 276 275
f 195 275 278
f 195 278 196
f 196 278 279
f 196 279 197
f 197 279 198
f 198 279 199
f 199 279 280
f 199 280 200
f 200 280 281
f 200 281 282
f 200 282 283
f 200 283 201
f 201 283 284
f 201 284 285
f 201 285 202
f 202 285 286
f 202 286 203
f 203 286 204
f 204 286 207
f 205 214 287
f 205 287 206
f 206 288 289
f 206 289 290
f 206 290 291
f 206 291 292
f 206 292 217
f 206 287 288
f 207 286 293
f 207 293 208
f 208 294 209
f 208 293 295
f 208 295 294
f 209 294 210
f 210 296 297
f 210 297 215
f 210 215 212
f 210 212 211
f 210 294 295
f 210 295 298
f 210 298 296
f 214 299 300
f 214 300 287
f 214 215 297
f 214 297 301
f 214 301 299
f 216 302 303
f 216 303 304
f 216 304 305
f 216 305 306
f 216 306 307
f 216 307 218
f 216 217 292
f 216 292 291
f 216 291 290
f 216 290 302
f 218 307 308
f 218 308 219
f 219 308 221
f 219 221 220
f 221 308 222
f 222 309 310
f 222 310 311
f 222 311 312
f 222 312 313
f 222 313 223
f 222 308 314
f 222 314 309
f 223 313 315
f 223 315 224
f 224 315 226
f 224 226 225
f 226 315 316
f 226 316 317
f 226 317 318
f 226 318 229
f 226 229 227
f 229 319 230
f 229 318 319
f 230 319 320
f 230 320 321
f 230 321 231
f 231 234 232
f 231 321 322
f 231 322 234
f 232 234 233
f 234 322 235
f 235 322 323
f 235 323 236
f 236 323 324
f 236 324 237
f 237 324 238
f 238 324 325
f 238 325 326
f 239 241 327
f 239 327 328
f 239 328 242
f 240 326 325
f 240 325 394
f 240 394 474
f 240 474 473
f 240 473 472
f 240 472 471
f 240 471 556
f 240 556 555
f 240 555 554
f 240 554 553
f 240 553 643
f 240 643 642
f 240 642 704
f 240 704 778
f 240 778 777
f 240 777 776
f 240 776 775
f 240 775 847
f 240 847 846
f 240 846 919
f 240 919 993
f 240 993 1072
f 240 1072 1071
f 240 1071 1069
f 240 1069 1068
f 240 1068 1159
f 240 1159 1243
f 240 1243 1242
f 240 1242 1241
f 240 1241 1240
f 240 1240 1239
f 240 1239 1313
f 240 1313 1380
f 240 1380 1379
f 240 1379 1446
f 240 1446 1445
f 240 1445 1444
f 240 1444 1509
f 240 1509 1508
f 240 1508 1569
f 240 1569 1567
f 240 1567 1608
f 240 1608 1607
f 240 1607 1606
f 240 1606 1629
f 240 1629 1649
f 240 1649 1659
f 240 1659 1660
f 240 1660 1654
f 240 1654 1637
f 240 1637 1616
f 240 1616 1579
f 240 1579 1576
f 240 1576 1520
f 240 1520 1461
f 240 1461 1460
f 240 1460 1459
f 240 1459 1455
f 240 1455 1454
f 240 1454 1388
f 240 1388 1326
f 240 1326 1325
f 240 1325 1324
f 240 1324 1323
f 240 1323 1322
f 240 1322 1252
f 240 1252 1168
f 240 1168 1167
f 240 1167 1162
f 240 1162 1161
f 240 1161 1160
f 240 1160 1074
f 240 1074 1073
f 240 1073 998
f 240 998 996
f 240 996 994
f 240 994 920
f 240 920 848
f 240 848 779
f 240 779 706
f 240 706 705
f 240 705 648
f 240 648 647
f 240 647 561
f 240 561 482
f 240 482 481
f 240 481 478
f 240 478 477
f 240 477 400
f 240 400 399
f 240 399 398
f 240 398 395
f 240 395 327
f 240 327 241
f 242 328 243
f 243 328 329
f 243 329 246
f 244 330 331
f 244 331 245
f 244 247 330
f 245 331 332
f 245 332 248
f 246 329 333
f 246 333 247
f 247 334 330
f 247 333 335
f 247 335 334
f 248 336 337
f 248 337 249
f 248 332 336
f 249 337 253
f 249 253 252
f 249 252 251
f 249 251 250
f 253 337 338
f 253 338 339
f 253 339 254
f 254 339 340
f 254 340 255
f 255 340 256
f 256 340 257
f 257 340 258
f 258 340 341
f 258 341 259
f 259 341 342
f 259 342 260
f 260 342 261
f 261 342 341
f 261 341 262
f 262 341 263
f 263 341 264
f 264 341 343
f 264 343 267
f 267 343 268
f 268 344 345
f 268 345 346
f 268 346 270
f 268 270 269
f 268 343 344
f 270 347 348
f 270 348 271
f 270 346 347
f 271 348 349
f 271 349 272
f 272 349 350
f 272 350 273
f 273 350 351
f 273 351 277
f 274 277 352
f 274 352 353
f 274 353 275
f 275 353 354
f 275 354 355
f 275 355 278
f 277 351 356
f 277 356 352
f 278 355 357
f 278 357 279
f 279 357 280
f 280 357 281
f 281 357 282
f 282 357 358
f 282 358 359
f 282 359 360
f 282 360 361
f 282 361 283
f 283 361 362
f 283 362 363
f 283 363 364
f 283 364 284
f 284 364 285
f 285 364 286
f 286 364 293
f 287 300 288
f 288 300 365
f 288 365 366
f 288 366 367
f 288 367 368
f 288 368 289
f 289 368 290
f 290 368 369
f 290 369 302
f 293 364 370
f 293 370 295
f 295 370 371
f 295 371 372
f 295 372 298
f 296 373 297
f 296 298 374
f 296 374 375
f 296 375 373
f 297 373 376
f 297 376 301
f 298 372 374
f 299 301 377
f 299 377 378
f 299 378 300
f 300 378 379
f 300 379 365
f 301 376 377
f 302 369 303
f 303 369 304
f 304 380 305
f 304 369 380
f 305 380 306
f 306 380 369
f 306 369 307
f 307 369 381
f 307 381 308
f 308 381 314
f 309 381 310
f 309 314 381
f 310 381 382
f 310 382 311
f 311 382 383
f 311 383 384
f 311 384 316
f 311 316 312
f 312 316 313
f 313 316 315
f 316 384 317
f 317 384 385
f 317 385 386
f 317 386 318
f 318 386 387
f 318 387 319
f 319 388 320
f 319 387 388
f 320 388 389
f 320 389 390
f 320 390 391
f 320 391 321
f 321 391 392
f 321 392 322
f 322 392 393
f 322 393 323
f 323 393 324
f 324 393 394
f 324 394 325
f 327 395 328
f 328 395 329
f 329 395 333
f 330 396 331
f 330 334 396
f 331 396 332
f 332 396 397
f 332 397 336
f 333 395 398
f 333 398 399
f 333 399 400
f 333 400 335
f 334 335 401
f 334 401 396
f 335 400 402
f 335 402 403
f 335 403 401
f 336 397 404
f 336 404 405
f 336 405 337
f 337 405 338
f 338 406 407
f 338 407 339
f 338 405 406
f 339 407 408
f 339 408 340
f 340 408 409
f 340 409 410
f 340 410 411
f 340 411 341
f 341 412 343
f 341 411 412
f 343 412 413
f 343 413 414
f 343 414 415
f 343 415 344
f 344 416 417
f 344 417 345
f 344 415 416
f 345 417 347
f 345 347 346
f 347 418 419
f 347 419 420
f 347 420 421
f 347 421 349
f 347 349 348
f 347 417 422
f 347 422 423
f 347 423 418
f 349 421 424
f 349 424 350
f 350 424 421
f 350 421 351
f 351 421 356
f 352 356 425
f 352 425 353
f 353 425 426
f 353 426 427
f 353 427 354
f 354 427 428
f 354 428 429
f 354 429 430
f 354 430 431
f 354 431 357
f 354 357 355
f 356 432 425
f 356 421 432
f 357 431 358
f 358 431 433
f 358 433 359
f 359 433 360
f 360 433 434
f 360 434 514
f 360 514 513
f 360 513 598
f 360 598 674
f 360 674 740
f 360 740 812
f 360 812 883
f 360 883 956
f 360 956 965
f 360 965 894
f 360 894 822
f 360 822 755
f 360 755 685
f 360 685 614
f 360 614 523
f 360 523 516
f 360 516 435
f 360 435 361
f 361 435 436
f 361 436 362
f 362 436 437
f 362 437 363
f 363 437 364
f 364 437 371
f 364 371 370
f 365 379 366
f 366 379 438
f 366 438 367
f 367 438 439
f 367 439 440
f 367 440 368
f 368 440 441
f 368 441 442
f 368 442 443
f 368 443 369
f 369 443 444
f 369 444 381
f 371 437 445
f 371 445 446
f 371 446 447
f 371 447 448
f 371 448 372
f 372 448 449
f 372 449 450
f 372 450 374
f 373 451 376
f 373 375 451
f 374 450 375
f 375 450 452
f 375 452 451
f 376 451 453
f 376 453 377
f 377 379 378
f 377 453 451
f 377 451 379
f 379 451 454
f 379 454 455
f 379 455 456
f 379 456 457
f 379 457 458
f 379 458 438
f 381 459 460
f 381 460 461
f 381 461 462
f 381 462 382
f 381 444 459
f 382 462 383
f 383 462 463
f 383 463 464
f 383 464 384
f 384 464 385
f 385 464 465
f 385 465 466
f 385 466 386
f 386 466 467
f 386 467 387
f 387 467 388
f 388 467 389
f 389 468 390
f 389 467 468
f 390 469 470
f 390 470 471
f 390 471 391
f 390 468 469
f 391 471 472
f 391 472 473
f 391 473 392
f 392 473 393
f 393 473 474
f 393 474 394
f 396 401 475
f 396 475 397
f 397 475 476
f 397 476 404
f 400 477 402
f 401 403 475
f 402 477 478
f 402 478 403
f 403 479 480
f 403 480 476
f 403 476 475
f 403 478 481
f 403 481 482
f 403 482 483
f 403 483 479
f 404 476 484
f 404 484 485
f 404 485 486
f 404 486 405
f 405 486 406
f 406 486 487
f 406 487 488
f 406 488 407
f 407 488 489
f 407 489 490
f 407 490 491
f 407 491 492
f 407 492 408
f 408 492 409
f 409 492 491
f 409 491 493
f 409 493 410
f 410 493 494
f 410 494 495
f 410 495 496
f 410 496 413
f 410 413 411
f 411 413 412
f 413 496 414
f 414 496 415
f 415 497 416
f 415 496 498
f 415 498 499
f 415 499 497
f 416 497 500
f 416 500 501
f 416 501 417
f 417 501 422
f 418 502 503
f 418 503 419
f 418 423 504
f 418 504 502
f 419 503 505
f 419 505 420
f 420 505 421
f 421 505 506
f 421 506 432
f 422 501 507
f 422 507 423
f 423 507 508
f 423 508 504
f 425 509 426
f 425 432 509
f 426 509 510
f 426 510 428
f 426 428 427
f 428 510 511
f 428 511 512
f 428 512 598
f 428 598 513
f 428 513 429
f 429 513 430
f 430 433 431
f 430 513 514
f 430 514 433
f 432 506 515
f 432 515 509
f 433 514 434
f 435 516 436
f 436 516 445
f 436 445 437
f 438 458 517
f 438 517 439
f 439 517 518
f 439 518 519
f 439 519 440
f 440 519 520
f 440 520 521
f 440 521 522
f 440 522 441
f 441 522 442
f 442 444 443
f 442 522 459
f 442 459 444
f 445 516 523
f 445 523 446
f 446 523 447
f 447 524 525
f 447 525 526
f 447 526 527
f 447 527 449
f 447 449 448
f 447 523 614
f 447 614 524
f 449 527 450
f 450 527 452
f 451 528 454
f 451 452 529
f 451 529 528
f 452 530 529
f 452 527 530
f 454 528 455
f 455 528 531
f 455 531 456
f 456 531 532
f 456 532 533
f 456 533 457
f 457 533 534
f 457 534 535
f 457 535 458
f 458 535 517
f 459 536 537
f 459 537 538
f 459 538 460
f 459 522 536
f 460 538 539
f 460 539 540
f 460 540 461
f 461 540 462
f 462 541 542
f 462 542 543
f 462 543 463
f 462 540 539
f 462 539 541
f 463 543 544
f 463 544 545
f 463 545 464
f 464 545 465
f 465 546 547
f 465 547 548
f 465 548 466
f 465 545 546
f 466 548 549
f 466 549 467
f 467 549 468
f 468 549 469
f 469 549 548
f 469 548 550
f 469 550 551
f 469 551 552
f 469 552 553
f 469 553 554
f 469 554 555
f 469 555 556
f 469 556 470
f 470 556 471
f 476 557 484
f 476 480 558
f 476 558 559
f 476 559 557
f 479 560 558
f 479 558 480
f 479 483 482
f 479 482 560
f 482 561 560
f 484 557 562
f 484 562 563
f 484 563 485
f 485 563 486
f 486 563 564
f 486 564 487
f 487 565 566
f 487 566 567
f 487 567 489
f 487 489 488
f 487 564 568
f 487 568 569
f 487 569 570
f 487 570 571
f 487 571 565
f 489 567 572
f 489 572 490
f 490 572 491
f 491 572 573
f 491 573 574
f 491 574 575
f 491 575 494
f 491 494 493
f 494 575 495
f 495 575 498
f 495 498 496
f 497 499 576
f 497 576 500
f 498 574 573
f 498 573 577
f 498 577 578
f 498 578 579
f 498 579 580
f 498 580 581
f 498 581 582
f 498 582 576
f 498 576 583
f 498 583 499
f 498 575 574
f 499 583 576
f 500 576 584
f 500 584 585
f 500 585 586
f 500 586 501
f 501 586 507
f 502 587 588
f 502 588 503
f 502 504 589
f 502 589 587
f 503 588 505
f 504 508 507
f 504 507 590
f 504 590 589
f 505 591 506
f 505 588 591
f 506 591 592
f 506 592 515
f 507 586 593
f 507 593 594
f 507 594 590
f 509 515 595
f 509 595 596
f 509 596 510
f 510 596 597
f 510 597 511
f 511 597 512
f 512 597 598
f 515 592 599
f 515 599 595
f 517 600 518
f 517 535 600
f 518 601 602
f 518 602 603
f 518 603 519
f 518 600 601
f 519 603 520
f 520 604 521
f 520 603 604
f 521 605 606
f 521 606 607
f 521 607 608
f 521 608 609
f 521 609 536
f 521 536 522
f 521 604 603
f 521 603 610
f 521 610 611
f 521 611 612
f 521 612 613
f 521 613 605
f 524 614 615
f 524 615 525
f 525 615 616
f 525 616 526
f 526 616 527
f 527 617 530
f 527 616 617
f 528 529 618
f 528 618 619
f 528 619 531
f 529 530 620
f 529 620 618
f 530 621 620
f 530 617 621
f 531 619 532
f 532 619 622
f 532 622 623
f 532 623 533
f 533 623 624
f 533 624 535
f 533 535 534
f 535 624 625
f 535 625 626
f 535 626 600
f 536 609 537
f 537 609 539
f 537 539 538
f 539 607 627
f 539 627 541
f 539 609 608
f 539 608 607
f 541 627 542
f 542 628 544
f 542 544 543
f 542 627 628
f 544 628 629
f 544 629 630
f 544 630 631
f 544 631 632
f 544 632 633
f 544 633 634
f 544 634 635
f 544 635 545
f 545 635 636
f 545 636 546
f 546 636 547
f 547 637 548
f 547 636 638
f 547 638 637
f 548 637 639
f 548 639 640
f 548 640 550
f 550 640 551
f 551 640 641
f 551 641 642
f 551 642 643
f 551 643 553
f 551 553 552
f 557 559 562
f 558 560 644
f 558 644 559
f 559 644 645
f 559 645 646
f 559 646 569
f 559 569 562
f 560 561 647
f 560 647 648
f 560 648 644
f 562 569 563
f 563 569 568
f 563 568 649
f 563 649 564
f 564 649 568
f 565 571 650
f 565 650 651
f 565 651 652
f 565 652 566
f 566 652 653
f 566 653 567
f 567 653 654
f 567 654 572
f 569 646 655
f 569 655 656
f 569 656 570
f 570 656 571
f 571 656 650
f 572 654 573
f 573 654 577
f 576 582 657
f 576 657 584
f 577 654 658
f 577 658 578
f 578 658 659
f 578 659 660
f 578 660 579
f 579 660 580
f 580 660 581
f 581 660 582
f 582 661 657
f 582 660 661
f 584 662 585
f 584 657 662
f 585 663 664
f 585 664 665
f 585 665 590
f 585 590 594
f 585 594 586
f 585 662 663
f 586 594 593
f 587 666 667
f 587 667 668
f 587 668 588
f 587 589 669
f 587 669 666
f 588 668 592
f 588 592 591
f 589 590 670
f 589 670 669
f 590 665 670
f 592 668 599
f 595 599 671
f 595 671 596
f 596 671 672
f 596 672 597
f 597 672 736
f 597 736 673
f 597 673 674
f 597 674 598
f 599 668 671
f 600 626 625
f 600 625 601
f 601 675 676
f 601 676 602
f 601 625 624
f 601 624 677
f 601 677 678
f 601 678 675
f 602 676 679
f 602 679 603
f 603 679 610
f 605 680 681
f 605 681 606
f 605 613 684
f 605 684 680
f 606 681 682
f 606 682 607
f 607 682 627
f 610 679 683
f 610 683 684
f 610 684 611
f 611 684 612
f 612 684 613
f 614 685 686
f 614 686 615
f 615 686 758
f 615 758 687
f 615 687 616
f 616 687 688
f 616 688 617
f 617 688 621
f 618 620 619
f 619 620 689
f 619 689 622
f 620 621 689
f 621 688 689
f 622 689 690
f 622 690 691
f 622 691 692
f 622 692 623
f 623 693 624
f 623 692 693
f 624 693 677
f 627 682 628
f 628 682 694
f 628 694 629
f 629 694 695
f 629 695 630
f 630 695 696
f 630 696 697
f 630 697 631
f 631 697 698
f 631 698 632
f 632 698 633
f 633 698 699
f 633 699 700
f 633 700 639
f 633 639 638
f 633 638 636
f 633 636 634
f 634 701 635
f 634 636 701
f 635 701 636
f 637 638 639
f 639 702 703
f 639 703 640
f 639 700 702
f 640 703 641
f 641 703 704
f 641 704 642
f 644 648 705
f 644 705 706
f 644 706 707
f 644 707 708
f 644 708 645
f 645 708 709
f 645 709 710
f 645 710 646
f 646 710 655
f 650 656 711
f 650 711 651
f 651 712 713
f 651 713 714
f 651 714 652
f 651 711 715
f 651 715 712
f 652 714 716
f 652 716 659
f 652 659 658
f 652 658 653
f 653 658 654
f 655 710 717
f 655 717 656
f 656 717 710
f 656 710 718
f 656 718 711
f 657 661 662
f 659 716 719
f 659 719 720
f 659 720 721
f 659 721 660
f 660 722 723
f 660 723 724
f 660 724 661
f 660 721 719
f 660 719 722
f 661 724 662
f 662 724 722
f 662 722 725
f 662 725 726
f 662 726 663
f 663 726 725
f 663 725 719
f 663 719 727
f 663 727 664
f 664 728 665
f 664 727 729
f 664 729 730
f 664 730 728
f 665 728 731
f 665 731 670
f 666 669 734
f 666 734 732
f 666 732 733
f 666 733 667
f 667 733 736
f 667 736 672
f 667 672 671
f 667 671 668
f 669 670 735
f 669 735 803
f 669 803 734
f 670 731 735
f 673 736 737
f 673 737 806
f 673 806 738
f 673 738 739
f 673 739 674
f 674 739 809
f 674 809 740
f 675 678 741
f 675 741 742
f 675 742 743
f 675 743 744
f 675 744 676
f 676 744 743
f 676 743 745
f 676 745 746
f 676 746 683
f 676 683 679
f 677 747 678
f 677 693 748
f 677 748 747
f 678 747 749
f 678 749 750
f 678 750 741
f 680 751 695
f 680 695 694
f 680 694 681
f 680 684 752
f 680 752 753
f 680 753 742
f 680 742 751
f 681 694 682
f 683 746 684
f 684 746 754
f 684 754 745
f 684 745 742
f 684 742 752
f 685 755 825
f 685 825 756
f 685 756 686
f 686 757 758
f 686 756 759
f 686 759 826
f 686 826 757
f 687 758 760
f 687 760 690
f 687 690 688
f 688 690 689
f 690 760 761
f 690 761 691
f 691 761 762
f 691 762 692
f 692 762 834
f 692 834 763
f 692 763 693
f 693 763 748
f 695 764 696
f 695 751 764
f 696 764 765
f 696 765 766
f 696 766 767
f 696 767 768
f 696 768 697
f 697 768 698
f 698 769 770
f 698 770 771
f 698 771 699
f 698 768 769
f 699 771 770
f 699 770 700
f 700 770 702
f 702 772 773
f 702 773 703
f 702 770 772
f 703 773 774
f 703 774 775
f 703 775 776
f 703 776 777
f 703 777 778
f 703 778 704
f 706 779 707
f 707 779 780
f 707 780 708
f 708 781 709
f 708 780 781
f 709 781 710
f 710 782 718
f 710 781 783
f 710 783 782
f 711 718 715
f 712 784 713
f 712 715 791
f 712 791 784
f 713 784 785
f 713 785 786
f 713 786 787
f 713 787 788
f 713 788 714
f 714 788 716
f 715 718 789
f 715 789 790
f 715 790 791
f 716 788 719
f 718 782 789
f 719 721 720
f 719 788 787
f 719 787 792
f 719 792 727
f 719 725 722
f 722 724 723
f 727 792 793
f 727 793 794
f 727 794 729
f 728 795 799
f 728 799 731
f 728 730 729
f 728 729 796
f 728 796 794
f 728 794 797
f 728 797 798
f 728 798 865
f 728 865 795
f 729 794 796
f 731 799 803
f 731 803 735
f 732 734 800
f 732 800 733
f 733 800 801
f 733 801 802
f 733 802 736
f 734 803 804
f 734 804 805
f 734 805 800
f 736 802 737
f 737 802 807
f 737 807 808
f 737 808 806
f 738 809 739
f 738 806 809
f 740 809 810
f 740 810 811
f 740 811 812
f 741 750 813
f 741 813 814
f 741 814 815
f 741 815 742
f 742 815 837
f 742 837 816
f 742 816 751
f 742 753 752
f 742 745 743
f 745 754 746
f 747 817 750
f 747 750 749
f 747 748 821
f 747 821 818
f 747 818 891
f 747 891 819
f 747 819 820
f 747 820 813
f 747 813 817
f 748 763 834
f 748 834 821
f 750 817 813
f 751 816 764
f 755 822 823
f 755 823 824
f 755 824 825
f 756 825 759
f 757 826 827
f 757 827 828
f 757 828 829
f 757 829 758
f 758 829 760
f 759 825 826
f 760 830 831
f 760 831 761
f 760 829 830
f 761 831 762
f 762 831 832
f 762 832 833
f 762 833 834
f 764 816 837
f 764 837 765
f 765 835 836
f 765 836 766
f 765 837 838
f 765 838 835
f 766 836 839
f 766 839 767
f 767 839 840
f 767 840 841
f 767 841 769
f 767 769 768
f 769 841 842
f 769 842 770
f 770 842 843
f 770 843 844
f 770 844 772
f 772 844 773
f 773 844 845
f 773 845 774
f 774 845 846
f 774 846 847
f 774 847 775
f 779 848 781
f 779 781 780
f 781 848 849
f 781 849 850
f 781 850 851
f 781 851 782
f 781 782 783
f 782 851 850
f 782 850 852
f 782 852 789
f 784 853 854
f 784 854 785
f 784 791 859
f 784 859 853
f 785 854 855
f 785 855 786
f 786 855 926
f 786 926 856
f 786 856 797
f 786 797 787
f 787 797 792
f 789 852 790
f 790 852 857
f 790 857 928
f 790 928 858
f 790 858 859
f 790 859 791
f 792 797 794
f 792 794 793
f 795 860 861
f 795 861 862
f 795 862 863
f 795 863 864
f 795 864 799
f 795 865 866
f 795 866 867
f 795 867 860
f 797 856 868
f 797 868 798
f 798 868 935
f 798 935 865
f 799 804 803
f 799 864 804
f 800 869 801
f 800 805 870
f 800 870 869
f 801 871 872
f 801 872 802
f 801 869 871
f 802 872 807
f 804 864 873
f 804 873 805
f 805 873 874
f 805 874 870
f 806 808 878
f 806 878 809
f 807 872 875
f 807 875 808
f 808 875 876
f 808 876 877
f 808 877 878
f 809 878 879
f 809 879 880
f 809 880 810
f 810 880 811
f 811 880 881
f 811 881 882
f 811 882 812
f 812 882 883
f 813 820 815
f 813 815 814
f 815 820 837
f 818 821 884
f 818 884 885
f 818 885 886
f 818 886 887
f 818 887 888
f 818 888 889
f 818 889 890
f 818 890 891
f 819 891 964
f 819 964 892
f 819 892 820
f 820 892 893
f 820 893 838
f 820 838 837
f 821 834 833
f 821 833 884
f 822 894 895
f 822 895 823
f 823 895 896
f 823 896 897
f 823 897 824
f 824 897 825
f 825 897 898
f 825 898 899
f 825 899 827
f 825 827 826
f 827 900 901
f 827 901 902
f 827 902 828
f 827 899 900
f 828 902 903
f 828 903 829
f 829 903 830
f 830 903 904
f 830 904 905
f 830 905 831
f 831 905 906
f 831 906 832
f 832 907 908
f 832 908 833
f 832 906 907
f 833 908 884
f 835 909 910
f 835 910 836
f 835 838 911
f 835 911 909
f 836 910 912
f 836 912 839
f 838 893 963
f 838 963 911
f 839 912 913
f 839 913 840
f 840 913 989
f 840 989 914
f 840 914 915
f 840 915 841
f 841 915 842
f 842 915 916
f 842 916 917
f 842 917 844
f 842 844 843
f 844 916 918
f 844 918 919
f 844 919 846
f 844 846 845
f 844 917 916
f 848 920 921
f 848 921 849
f 849 921 850
f 850 921 922
f 850 922 923
f 850 923 852
f 852 923 857
f 853 924 925
f 853 925 854
f 853 859 931
f 853 931 924
f 854 925 855
f 855 925 927
f 855 927 866
f 855 866 926
f 856 926 935
f 856 935 868
f 857 923 997
f 857 997 928
f 858 928 929
f 858 929 930
f 858 930 931
f 858 931 859
f 860 867 861
f 861 867 932
f 861 932 863
f 861 863 862
f 863 933 934
f 863 934 864
f 863 932 933
f 864 934 873
f 865 935 866
f 866 935 926
f 866 927 936
f 866 936 867
f 867 936 937
f 867 937 932
f 869 870 938
f 869 938 939
f 869 939 940
f 869 940 871
f 870 941 938
f 870 874 941
f 871 940 942
f 871 942 875
f 871 875 872
f 873 943 874
f 873 934 944
f 873 944 943
f 874 943 945
f 874 945 946
f 874 946 941
f 875 942 876
f 876 942 947
f 876 947 948
f 876 948 877
f 877 949 878
f 877 948 950
f 877 950 949
f 878 949 879
f 879 949 880
f 880 949 951
f 880 951 952
f 880 952 953
f 880 953 881
f 881 953 954
f 881 954 955
f 881 955 882
f 882 955 956
f 882 956 883
f 884 957 885
f 884 908 957
f 885 957 958
f 885 958 959
f 885 959 887
f 885 887 886
f 887 959 889
f 887 889 888
f 889 960 961
f 889 961 890
f 889 959 960
f 890 961 962
f 890 962 911
f 890 911 963
f 890 963 964
f 890 964 891
f 892 964 963
f 892 963 893
f 894 965 895
f 895 966 967
f 895 967 896
f 895 965 966
f 896 967 968
f 896 968 969
f 896 969 897
f 897 969 970
f 897 970 971
f 897 971 898
f 898 971 899
f 899 971 900
f 900 971 972
f 900 972 973
f 900 973 901
f 901 973 974
f 901 974 975
f 901 975 902
f 902 975 904
f 902 904 903
f 904 976 905
f 904 975 976
f 905 977 906
f 905 976 978
f 905 978 977
f 906 977 979
f 906 979 907
f 907 980 981
f 907 981 908
f 907 979 982
f 907 982 980
f 908 981 983
f 908 983 957
f 909 984 910
f 909 911 984
f 910 984 985
f 910 985 986
f 910 986 912
f 911 962 984
f 912 986 913
f 913 987 988
f 913 988 989
f 913 986 987
f 914 989 1067
f 914 1067 990
f 914 990 915
f 915 990 916
f 916 990 991
f 916 991 992
f 916 992 918
f 918 992 919
f 919 992 993
f 920 994 922
f 920 922 921
f 922 995 923
f 922 994 996
f 922 996 995
f 923 995 998
f 923 998 1073
f 923 1073 997
f 924 999 925
f 924 931 999
f 925 999 1000
f 925 1000 1001
f 925 1001 927
f 927 1001 1006
f 927 1006 936
f 928 997 929
f 929 997 1002
f 929 1002 1003
f 929 1003 930
f 930 1003 1004
f 930 1004 931
f 931 1004 1005
f 931 1005 999
f 932 937 936
f 932 936 1006
f 932 1006 933
f 933 1006 1007
f 933 1007 1008
f 933 1008 1009
f 933 1009 934
f 934 1009 1010
f 934 1010 1011
f 934 1011 1012
f 934 1012 944
f 938 941 1013
f 938 1013 939
f 939 947 942
f 939 942 940
f 939 1013 1014
f 939 1014 947
f 941 946 1015
f 941 1015 1013
f 943 1016 946
f 943 946 945
f 943 944 1017
f 943 1017 1012
f 943 1012 1018
f 943 1018 1016
f 944 1012 1017
f 946 1016 1015
f 947 1019 948
f 947 1014 1015
f 947 1015 1020
f 947 1020 1021
f 947 1021 1022
f 947 1022 1019
f 948 1019 1023
f 948 1023 950
f 949 950 1024
f 949 1024 951
f 950 1023 1024
f 951 1025 952
f 951 1024 1026
f 951 1026 1027
f 951 1027 1028
f 951 1028 1025
f 952 1025 953
f 953 1025 1029
f 953 1029 1030
f 953 1030 1031
f 953 1031 1032
f 953 1032 954
f 954 1032 955
f 955 1032 956
f 956 1032 1041
f 956 1041 965
f 957 983 1033
f 957 1033 1034
f 957 1034 1035
f 957 1035 1036
f 957 1036 958
f 958 1036 1037
f 958 1037 1038
f 958 1038 1039
f 958 1039 959
f 959 1039 961
f 959 961 960
f 961 1039 1040
f 961 1040 962
f 962 1040 1061
f 962 1061 984
f 965 1041 966
f 966 1041 967
f 967 1041 968
f 968 1041 1042
f 968 1042 1043
f 968 1043 1044
f 968 1044 1045
f 968 1045 969
f 969 1045 970
f 970 1045 1046
f 970 1046 1047
f 970 1047 1048
f 970 1048 1049
f 970 1049 971
f 971 1049 972
f 972 1049 1050
f 972 1050 973
f 973 1050 1051
f 973 1051 974
f 974 978 975
f 974 1051 1052
f 974 1052 1053
f 974 1053 1054
f 974 1054 1055
f 974 1055 1056
f 974 1056 978
f 975 978 976
f 977 1057 979
f 977 978 1057
f 978 1056 1057
f 979 1057 1055
f 979 1055 982
f 980 982 981
f 981 982 1058
f 981 1058 1059
f 981 1059 1033
f 981 1033 1060
f 981 1060 983
f 982 1055 1058
f 983 1060 1033
f 984 1061 1062
f 984 1062 985
f 985 1062 986
f 986 1063 1064
f 986 1064 987
f 986 1062 1063
f 987 1064 1065
f 987 1065 988
f 988 1066 1067
f 988 1067 989
f 988 1065 1066
f 990 1067 1159
f 990 1159 1068
f 990 1068 1069
f 990 1069 1070
f 990 1070 991
f 991 1070 1071
f 991 1071 1072
f 991 1072 993
f 991 993 992
f 995 996 998
f 997 1073 1074
f 997 1074 1075
f 997 1075 1076
f 997 1076 1002
f 999 1077 1078
f 999 1078 1000
f 999 1005 1079
f 999 1079 1077
f 1000 1078 1080
f 1000 1080 1001
f 1001 1080 1006
f 1002 1076 1081
f 1002 1081 1082
f 1002 1082 1083
f 1002 1083 1084
f 1002 1084 1003
f 1003 1085 1004
f 1003 1084 1083
f 1003 1083 1086
f 1003 1086 1085
f 1004 1087 1005
f 1004 1085 1087
f 1005 1087 1079
f 1006 1080 1088
f 1006 1088 1089
f 1006 1089 1090
f 1006 1090 1091
f 1006 1091 1092
f 1006 1092 1007
f 1007 1009 1008
f 1007 1092 1009
f 1009 1092 1093
f 1009 1093 1094
f 1009 1094 1095
f 1009 1095 1010
f 1010 1095 1096
f 1010 1096 1011
f 1011 1096 1097
f 1011 1097 1098
f 1011 1098 1018
f 1011 1018 1012
f 1013 1015 1014
f 1015 1099 1020
f 1015 1016 1100
f 1015 1100 1101
f 1015 1101 1102
f 1015 1102 1103
f 1015 1103 1099
f 1016 1018 1100
f 1018 1098 1100
f 1019 1022 1104
f 1019 1104 1023
f 1020 1099 1105
f 1020 1105 1106
f 1020 1106 1022
f 1020 1022 1021
f 1022 1106 1104
f 1023 1104 1026
f 1023 1026 1024
f 1025 1028 1107
f 1025 1107 1029
f 1026 1104 1108
f 1026 1108 1109
f 1026 1109 1110
f 1026 1110 1111
f 1026 1111 1112
f 1026 1112 1027
f 1027 1112 1028
f 1028 1112 1111
f 1028 1111 1107
f 1029 1107 1113
f 1029 1113 1114
f 1029 1114 1115
f 1029 1115 1030
f 1030 1115 1116
f 1030 1116 1031
f 1031 1116 1032
f 1032 1116 1129
f 1032 1129 1041
f 1033 1059 1034
f 1034 1117 1118
f 1034 1118 1035
f 1034 1059 1119
f 1034 1119 1117
f 1035 1118 1120
f 1035 1120 1036
f 1036 1120 1121
f 1036 1121 1122
f 1036 1122 1123
f 1036 1123 1038
f 1036 1038 1037
f 1038 1123 1039
f 1039 1123 1124
f 1039 1124 1125
f 1039 1125 1126
f 1039 1126 1127
f 1039 1127 1128
f 1039 1128 1040
f 1040 1128 1061
f 1041 1129 1042
f 1042 1129 1043
f 1043 1129 1130
f 1043 1130 1044
f 1044 1130 1131
f 1044 1131 1132
f 1044 1132 1133
f 1044 1133 1045
f 1045 1133 1046
f 1046 1134 1047
f 1046 1133 1135
f 1046 1135 1134
f 1047 1134 1048
f 1048 1135 1136
f 1048 1136 1137
f 1048 1137 1138
f 1048 1138 1139
f 1048 1139 1050
f 1048 1050 1049
f 1048 1134 1135
f 1050 1139 1051
f 1051 1139 1052
f 1052 1140 1054
f 1052 1054 1053
f 1052 1139 1140
f 1054 1140 1141
f 1054 1141 1142
f 1054 1142 1055
f 1055 1142 1143
f 1055 1143 1144
f 1055 1144 1145
f 1055 1145 1146
f 1055 1146 1058
f 1055 1057 1056
f 1058 1146 1059
f 1059 1146 1119
f 1061 1128 1147
f 1061 1147 1062
f 1062 1147 1148
f 1062 1148 1149
f 1062 1149 1063
f 1063 1149 1150
f 1063 1150 1064
f 1064 1150 1151
f 1064 1151 1065
f 1065 1151 1152
f 1065 1152 1153
f 1065 1153 1154
f 1065 1154 1066
f 1066 1153 1155
f 1066 1155 1156
f 1066 1156 1157
f 1066 1157 1067
f 1066 1154 1153
f 1067 1157 1158
f 1067 1158 1159
f 1069 1071 1070
f 1074 1160 1075
f 1075 1160 1076
f 1076 1160 1161
f 1076 1161 1162
f 1076 1162 1081
f 1077 1079 1163
f 1077 1163 1164
f 1077 1164 1165
f 1077 1165 1078
f 1078 1166 1178
f 1078 1178 1088
f 1078 1088 1080
f 1078 1165 1166
f 1079 1087 1163
f 1081 1162 1167
f 1081 1167 1082
f 1082 1167 1083
f 1083 1167 1168
f 1083 1168 1169
f 1083 1169 1170
f 1083 1170 1171
f 1083 1171 1085
f 1083 1085 1086
f 1085 1172 1173
f 1085 1173 1174
f 1085 1174 1087
f 1085 1171 1175
f 1085 1175 1172
f 1087 1174 1173
f 1087 1173 1176
f 1087 1176 1177
f 1087 1177 1163
f 1088 1178 1179
f 1088 1179 1180
f 1088 1180 1091
f 1088 1091 1090
f 1088 1090 1089
f 1091 1180 1181
f 1091 1181 1182
f 1091 1182 1183
f 1091 1183 1094
f 1091 1094 1093
f 1091 1093 1184
f 1091 1184 1092
f 1092 1184 1093
f 1094 1183 1095
f 1095 1183 1096
f 1096 1183 1185
f 1096 1185 1186
f 1096 1186 1187
f 1096 1187 1097
f 1097 1187 1188
f 1097 1188 1098
f 1098 1188 1189
f 1098 1189 1100
f 1099 1103 1105
f 1100 1189 1101
f 1101 1190 1102
f 1101 1189 1190
f 1102 1190 1103
f 1103 1190 1191
f 1103 1191 1192
f 1103 1192 1105
f 1104 1106 1192
f 1104 1192 1108
f 1105 1192 1106
f 1107 1111 1113
f 1108 1192 1193
f 1108 1193 1109
f 1109 1193 1194
f 1109 1194 1195
f 1109 1195 1111
f 1109 1111 1110
f 1111 1195 1196
f 1111 1196 1197
f 1111 1197 1198
f 1111 1198 1113
f 1113 1198 1199
f 1113 1199 1200
f 1113 1200 1114
f 1114 1200 1201
f 1114 1201 1115
f 1115 1201 1116
f 1116 1201 1214
f 1116 1214 1129
f 1117 1202 1203
f 1117 1203 1118
f 1117 1119 1202
f 1118 1204 1120
f 1118 1203 1205
f 1118 1205 1206
f 1118 1206 1204
f 1119 1146 1207
f 1119 1207 1202
f 1120 1204 1121
f 1121 1204 1124
f 1121 1124 1122
f 1122 1124 1208
f 1122 1208 1123
f 1123 1208 1124
f 1124 1204 1209
f 1124 1209 1210
f 1124 1210 1211
f 1124 1211 1212
f 1124 1212 1127
f 1124 1127 1125
f 1125 1127 1126
f 1127 1212 1213
f 1127 1213 1226
f 1127 1226 1147
f 1127 1147 1128
f 1129 1214 1130
f 1130 1214 1131
f 1131 1214 1215
f 1131 1215 1132
f 1132 1215 1216
f 1132 1216 1217
f 1132 1217 1135
f 1132 1135 1133
f 1135 1218 1137
f 1135 1137 1136
f 1135 1217 1219
f 1135 1219 1220
f 1135 1220 1218
f 1137 1221 1222
f 1137 1222 1138
f 1137 1218 1221
f 1138 1222 1223
f 1138 1223 1139
f 1139 1223 1140
f 1140 1223 1141
f 1141 1223 1143
f 1141 1143 1142
f 1143 1224 1225
f 1143 1225 1144
f 1143 1223 1224
f 1144 1225 1145
f 1145 1225 1207
f 1145 1207 1146
f 1147 1226 1227
f 1147 1227 1148
f 1148 1227 1228
f 1148 1228 1229
f 1148 1229 1149
f 1149 1229 1150
f 1150 1230 1231
f 1150 1231 1232
f 1150 1232 1151
f 1150 1229 1233
f 1150 1233 1230
f 1151 1232 1231
f 1151 1231 1234
f 1151 1234 1235
f 1151 1235 1236
f 1151 1236 1153
f 1151 1153 1152
f 1153 1237 1238
f 1153 1238 1239
f 1153 1239 1240
f 1153 1240 1155
f 1153 1236 1237
f 1155 1240 1156
f 1156 1240 1241
f 1156 1241 1157
f 1157 1241 1242
f 1157 1242 1243
f 1157 1243 1158
f 1158 1243 1159
f 1163 1177 1164
f 1164 1244 1245
f 1164 1245 1246
f 1164 1246 1247
f 1164 1247 1165
f 1164 1177 1176
f 1164 1176 1248
f 1164 1248 1249
f 1164 1249 1250
f 1164 1250 1244
f 1165 1247 1166
f 1166 1251 1178
f 1166 1247 1251
f 1168 1252 1253
f 1168 1253 1169
f 1169 1253 1170
f 1170 1254 1175
f 1170 1175 1171
f 1170 1253 1254
f 1172 1176 1173
f 1172 1175 1255
f 1172 1255 1176
f 1175 1254 1255
f 1176 1255 1256
f 1176 1256 1257
f 1176 1257 1248
f 1178 1258 1179
f 1178 1251 1258
f 1179 1185 1180
f 1179 1258 1185
f 1180 1185 1181
f 1181 1185 1182
f 1182 1185 1183
f 1185 1259 1260
f 1185 1260 1261
f 1185 1261 1262
f 1185 1262 1188
f 1185 1188 1187
f 1185 1187 1186
f 1185 1258 1263
f 1185 1263 1259
f 1188 1264 1265
f 1188 1265 1189
f 1188 1262 1264
f 1189 1265 1190
f 1190 1266 1267
f 1190 1267 1191
f 1190 1265 1266
f 1191 1267 1268
f 1191 1268 1192
f 1192 1268 1193
f 1193 1268 1269
f 1193 1269 1197
f 1193 1197 1194
f 1194 1196 1195
f 1194 1197 1196
f 1197 1270 1198
f 1197 1269 1271
f 1197 1271 1272
f 1197 1272 1273
f 1197 1273 1274
f 1197 1274 1275
f 1197 1275 1270
f 1198 1270 1199
f 1199 1270 1276
f 1199 1276 1200
f 1200 1276 1277
f 1200 1277 1278
f 1200 1278 1201
f 1201 1278 1288
f 1201 1288 1214
f 1202 1207 1279
f 1202 1279 1280
f 1202 1280 1281
f 1202 1281 1206
f 1202 1206 1203
f 1203 1206 1205
f 1204 1206 1209
f 1206 1212 1211
f 1206 1211 1210
f 1206 1210 1209
f 1206 1281 1282
f 1206 1282 1283
f 1206 1283 1284
f 1206 1284 1285
f 1206 1285 1286
f 1206 1286 1212
f 1207 1225 1279
f 1212 1286 1213
f 1213 1286 1287
f 1213 1287 1226
f 1214 1288 1215
f 1215 1288 1289
f 1215 1289 1290
f 1215 1290 1216
f 1216 1290 1291
f 1216 1291 1217
f 1217 1291 1219
f 1218 1220 1221
f 1219 1292 1222
f 1219 1222 1221
f 1219 1221 1220
f 1219 1291 1293
f 1219 1293 1294
f 1219 1294 1295
f 1219 1295 1296
f 1219 1296 1297
f 1219 1297 1292
f 1222 1292 1298
f 1222 1298 1223
f 1223 1298 1224
f 1224 1299 1225
f 1224 1298 1299
f 1225 1299 1300
f 1225 1300 1279
f 1226 1287 1301
f 1226 1301 1227
f 1227 1301 1228
f 1228 1302 1303
f 1228 1303 1304
f 1228 1304 1230
f 1228 1230 1233
f 1228 1233 1229
f 1228 1301 1305
f 1228 1305 1306
f 1228 1306 1307
f 1228 1307 1302
f 1230 1308 1309
f 1230 1309 1310
f 1230 1310 1234
f 1230 1234 1231
f 1230 1304 1308
f 1234 1310 1235
f 1235 1310 1311
f 1235 1311 1237
f 1235 1237 1236
f 1237 1311 1312
f 1237 1312 1238
f 1238 1312 1239
f 1239 1312 1313
f 1244 1250 1314
f 1244 1314 1315
f 1244 1315 1316
f 1244 1316 1245
f 1245 1316 1246
f 1246 1316 1317
f 1246 1317 1318
f 1246 1318 1247
f 1247 1318 1251
f 1248 1319 1249
f 1248 1257 1319
f 1249 1319 1257
f 1249 1257 1250
f 1250 1257 1320
f 1250 1320 1321
f 1250 1321 1314
f 1251 1318 1263
f 1251 1263 1258
f 1252 1322 1253
f 1253 1322 1254
f 1254 1322 1323
f 1254 1323 1324
f 1254 1324 1325
f 1254 1325 1326
f 1254 1326 1327
f 1254 1327 1328
f 1254 1328 1255
f 1255 1328 1329
f 1255 1329 1330
f 1255 1330 1256
f 1256 1330 1331
f 1256 1331 1257
f 1257 1331 1320
f 1259 1263 1332
f 1259 1332 1260
f 1260 1333 1261
f 1260 1332 1333
f 1261 1333 1334
f 1261 1334 1262
f 1262 1335 1264
f 1262 1334 1335
f 1263 1318 1332
f 1264 1335 1265
f 1265 1335 1336
f 1265 1336 1337
f 1265 1337 1338
f 1265 1338 1266
f 1266 1338 1267
f 1267 1338 1339
f 1267 1339 1340
f 1267 1340 1341
f 1267 1341 1342
f 1267 1342 1272
f 1267 1272 1271
f 1267 1271 1268
f 1268 1271 1269
f 1270 1275 1343
f 1270 1343 1276
f 1272 1342 1344
f 1272 1344 1273
f 1273 1344 1345
f 1273 1345 1274
f 1274 1345 1275
f 1275 1345 1346
f 1275 1346 1347
f 1275 1347 1348
f 1275 1348 1343
f 1276 1343 1277
f 1277 1343 1278
f 1278 1343 1357
f 1278 1357 1288
f 1279 1349 1350
f 1279 1350 1351
f 1279 1351 1352
f 1279 1352 1280
f 1279 1300 1349
f 1280 1352 1281
f 1281 1352 1353
f 1281 1353 1282
f 1282 1353 1354
f 1282 1354 1283
f 1283 1354 1355
f 1283 1355 1284
f 1284 1355 1285
f 1285 1355 1356
f 1285 1356 1287
f 1285 1287 1286
f 1287 1356 1301
f 1288 1357 1289
f 1289 1357 1290
f 1290 1357 1291
f 1291 1357 1293
f 1292 1297 1298
f 1293 1358 1359
f 1293 1359 1360
f 1293 1360 1361
f 1293 1361 1294
f 1293 1357 1358
f 1294 1361 1295
f 1295 1361 1362
f 1295 1362 1296
f 1296 1299 1297
f 1296 1362 1363
f 1296 1363 1299
f 1297 1299 1298
f 1299 1363 1364
f 1299 1364 1365
f 1299 1365 1366
f 1299 1366 1349
f 1299 1349 1300
f 1301 1356 1305
f 1302 1367 1368
f 1302 1368 1369
f 1302 1369 1308
f 1302 1308 1303
f 1302 1307 1367
f 1303 1370 1304
f 1303 1308 1370
f 1304 1370 1308
f 1305 1356 1371
f 1305 1371 1372
f 1305 1372 1306
f 1306 1372 1307
f 1307 1372 1373
f 1307 1373 1367
f 1308 1369 1374
f 1308 1374 1309
f 1309 1374 1375
f 1309 1375 1310
f 1310 1376 1311
f 1310 1375 1377
f 1310 1377 1376
f 1311 1376 1378
f 1311 1378 1379
f 1311 1379 1380
f 1311 1380 1313
f 1311 1313 1312
f 1314 1321 1381
f 1314 1381 1382
f 1314 1382 1315
f 1315 1382 1383
f 1315 1383 1384
f 1315 1384 1316
f 1316 1384 1396
f 1316 1396 1385
f 1316 1385 1386
f 1316 1386 1332
f 1316 1332 1317
f 1317 1332 1318
f 1320 1331 1321
f 1321 1331 1329
f 1321 1329 1387
f 1321 1387 1381
f 1326 1388 1327
f 1327 1389 1328
f 1327 1388 1389
f 1328 1390 1329
f 1328 1389 1390
f 1329 1331 1330
f 1329 1390 1391
f 1329 1391 1392
f 1329 1392 1387
f 1332 1386 1393
f 1332 1393 1394
f 1332 1394 1333
f 1333 1394 1334
f 1334 1395 1335
f 1334 1394 1393
f 1334 1393 1396
f 1334 1396 1395
f 1335 1395 1336
f 1336 1395 1337
f 1337 1397 1398
f 1337 1398 1399
f 1337 1399 1400
f 1337 1400 1401
f 1337 1401 1402
f 1337 1402 1338
f 1337 1395 1396
f 1337 1396 1397
f 1338 1402 1403
f 1338 1403 1339
f 1339 1403 1340
f 1340 1403 1341
f 1341 1403 1404
f 1341 1404 1342
f 1342 1404 1344
f 1343 1348 1405
f 1343 1405 1425
f 1343 1425 1357
f 1344 1404 1406
f 1344 1406 1407
f 1344 1407 1345
f 1345 1407 1346
f 1346 1408 1347
f 1346 1407 1409
f 1346 1409 1410
f 1346 1410 1408
f 1347 1408 1411
f 1347 1411 1412
f 1347 1412 1348
f 1348 1412 1405
f 1349 1366 1413
f 1349 1413 1414
f 1349 1414 1350
f 1350 1415 1351
f 1350 1414 1416
f 1350 1416 1417
f 1350 1417 1418
f 1350 1418 1419
f 1350 1419 1420
f 1350 1420 1421
f 1350 1421 1415
f 1351 1415 1352
f 1352 1415 1353
f 1353 1422 1423
f 1353 1423 1354
f 1353 1415 1421
f 1353 1421 1422
f 1354 1423 1355
f 1355 1423 1422
f 1355 1422 1424
f 1355 1424 1372
f 1355 1372 1371
f 1355 1371 1356
f 1357 1425 1358
f 1358 1425 1426
f 1358 1426 1359
f 1359 1426 1427
f 1359 1427 1428
f 1359 1428 1360
f 1360 1428 1429
f 1360 1429 1430
f 1360 1430 1431
f 1360 1431 1361
f 1361 1431 1362
f 1362 1431 1432
f 1362 1432 1433
f 1362 1433 1363
f 1363 1433 1364
f 1364 1433 1413
f 1364 1413 1365
f 1365 1413 1366
f 1367 1434 1368
f 1367 1373 1435
f 1367 1435 1434
f 1368 1436 1377
f 1368 1377 1374
f 1368 1374 1369
f 1368 1434 1436
f 1372 1424 1437
f 1372 1437 1421
f 1372 1421 1438
f 1372 1438 1373
f 1373 1438 1439
f 1373 1439 1435
f 1374 1377 1375
f 1376 1377 1440
f 1376 1440 1441
f 1376 1441 1378
f 1377 1436 1442
f 1377 1442 1443
f 1377 1443 1440
f 1378 1441 1444
f 1378 1444 1445
f 1378 1445 1446
f 1378 1446 1379
f 1381 1387 1447
f 1381 1447 1448
f 1381 1448 1382
f 1382 1449 1383
f 1382 1448 1449
f 1383 1450 1451
f 1383 1451 1452
f 1383 1452 1384
f 1383 1449 1450
f 1384 1452 1396
f 1385 1396 1393
f 1385 1393 1386
f 1387 1392 1453
f 1387 1453 1447
f 1388 1454 1389
f 1389 1391 1390
f 1389 1454 1455
f 1389 1455 1456
f 1389 1456 1391
f 1391 1457 1458
f 1391 1458 1392
f 1391 1456 1455
f 1391 1455 1459
f 1391 1459 1460
f 1391 1460 1461
f 1391 1461 1462
f 1391 1462 1457
f 1392 1458 1453
f 1396 1452 1463
f 1396 1463 1464
f 1396 1464 1465
f 1396 1465 1397
f 1397 1465 1466
f 1397 1466 1403
f 1397 1403 1398
f 1398 1403 1467
f 1398 1467 1399
f 1399 1467 1400
f 1400 1467 1403
f 1400 1403 1401
f 1401 1403 1402
f 1403 1466 1468
f 1403 1468 1404
f 1404 1468 1469
f 1404 1469 1406
f 1405 1412 1426
f 1405 1426 1425
f 1406 1469 1407
f 1407 1470 1471
f 1407 1471 1472
f 1407 1472 1473
f 1407 1473 1474
f 1407 1474 1409
f 1407 1469 1475
f 1407 1475 1476
f 1407 1476 1470
f 1408 1410 1411
f 1409 1477 1410
f 1409 1474 1477
f 1410 1412 1411
f 1410 1477 1478
f 1410 1478 1479
f 1410 1479 1412
f 1412 1479 1487
f 1412 1487 1426
f 1413 1433 1480
f 1413 1480 1481
f 1413 1481 1420
f 1413 1420 1419
f 1413 1419 1482
f 1413 1482 1417
f 1413 1417 1416
f 1413 1416 1414
f 1417 1482 1418
f 1418 1482 1419
f 1420 1481 1483
f 1420 1483 1421
f 1421 1437 1422
f 1421 1483 1484
f 1421 1484 1485
f 1421 1485 1486
f 1421 1486 1438
f 1422 1437 1424
f 1426 1487 1429
f 1426 1429 1427
f 1427 1429 1428
f 1429 1487 1488
f 1429 1488 1489
f 1429 1489 1430
f 1430 1489 1490
f 1430 1490 1431
f 1431 1491 1432
f 1431 1490 1492
f 1431 1492 1493
f 1431 1493 1494
f 1431 1494 1495
f 1431 1495 1496
f 1431 1496 1497
f 1431 1497 1491
f 1432 1491 1433
f 1433 1491 1480
f 1434 1498 1499
f 1434 1499 1436
f 1434 1435 1498
f 1435 1439 1500
f 1435 1500 1498
f 1436 1501 1442
f 1436 1499 1501
f 1438 1486 1439
f 1439 1486 1502
f 1439 1502 1503
f 1439 1503 1500
f 1440 1443 1441
f 1441 1443 1504
f 1441 1504 1444
f 1442 1505 1443
f 1442 1501 1505
f 1443 1505 1506
f 1443 1506 1507
f 1443 1507 1508
f 1443 1508 1509
f 1443 1509 1444
f 1443 1444 1504
f 1447 1453 1510
f 1447 1510 1511
f 1447 1511 1448
f 1448 1511 1512
f 1448 1512 1449
f 1449 1512 1513
f 1449 1513 1514
f 1449 1514 1450
f 1450 1514 1451
f 1451 1515 1516
f 1451 1516 1465
f 1451 1465 1464
f 1451 1464 1463
f 1451 1463 1452
f 1451 1514 1517
f 1451 1517 1515
f 1453 1518 1510
f 1453 1458 1519
f 1453 1519 1518
f 1457 1462 1520
f 1457 1520 1521
f 1457 1521 1522
f 1457 1522 1519
f 1457 1519 1458
f 1461 1520 1462
f 1465 1516 1523
f 1465 1523 1466
f 1466 1523 1468
f 1468 1523 1524
f 1468 1524 1525
f 1468 1525 1475
f 1468 1475 1469
f 1470 1526 1471
f 1470 1476 1526
f 1471 1527 1472
f 1471 1526 1532
f 1471 1532 1528
f 1471 1528 1583
f 1471 1583 1527
f 1472 1527 1529
f 1472 1529 1473
f 1473 1529 1474
f 1474 1529 1530
f 1474 1530 1477
f 1475 1525 1515
f 1475 1515 1476
f 1476 1515 1531
f 1476 1531 1532
f 1476 1532 1526
f 1477 1530 1533
f 1477 1533 1478
f 1478 1533 1479
f 1479 1533 1534
f 1479 1534 1535
f 1479 1535 1536
f 1479 1536 1537
f 1479 1537 1538
f 1479 1538 1539
f 1479 1539 1544
f 1479 1544 1487
f 1480 1540 1481
f 1480 1491 1497
f 1480 1497 1541
f 1480 1541 1542
f 1480 1542 1540
f 1481 1540 1483
f 1483 1540 1543
f 1483 1543 1502
f 1483 1502 1484
f 1484 1502 1485
f 1485 1502 1486
f 1487 1544 1545
f 1487 1545 1546
f 1487 1546 1547
f 1487 1547 1548
f 1487 1548 1549
f 1487 1549 1488
f 1488 1549 1489
f 1489 1549 1550
f 1489 1550 1490
f 1490 1550 1551
f 1490 1551 1492
f 1492 1551 1493
f 1493 1552 1494
f 1493 1551 1552
f 1494 1553 1495
f 1494 1552 1594
f 1494 1594 1554
f 1494 1554 1557
f 1494 1557 1553
f 1495 1553 1496
f 1496 1555 1556
f 1496 1556 1497
f 1496 1553 1557
f 1496 1557 1555
f 1497 1556 1541
f 1498 1500 1558
f 1498 1558 1559
f 1498 1559 1499
f 1499 1560 1501
f 1499 1559 1560
f 1500 1503 1561
f 1500 1561 1562
f 1500 1562 1558
f 1501 1560 1563
f 1501 1563 1564
f 1501 1564 1505
f 1502 1543 1556
f 1502 1556 1565
f 1502 1565 1561
f 1502 1561 1503
f 1505 1564 1506
f 1506 1566 1567
f 1506 1567 1507
f 1506 1564 1568
f 1506 1568 1566
f 1507 1567 1569
f 1507 1569 1508
f 1510 1518 1570
f 1510 1570 1511
f 1511 1570 1571
f 1511 1571 1512
f 1512 1572 1573
f 1512 1573 1574
f 1512 1574 1513
f 1512 1571 1575
f 1512 1575 1572
f 1513 1574 1517
f 1513 1517 1514
f 1515 1525 1516
f 1515 1517 1531
f 1516 1525 1524
f 1516 1524 1523
f 1517 1574 1531
f 1518 1519 1522
f 1518 1522 1570
f 1520 1576 1521
f 1521 1577 1578
f 1521 1578 1522
f 1521 1576 1579
f 1521 1579 1577
f 1522 1578 1580
f 1522 1580 1570
f 1527 1581 1536
f 1527 1536 1535
f 1527 1535 1582
f 1527 1582 1529
f 1527 1583 1581
f 1528 1532 1584
f 1528 1584 1586
f 1528 1586 1585
f 1528 1585 1617
f 1528 1617 1583
f 1529 1582 1534
f 1529 1534 1530
f 1530 1534 1533
f 1531 1586 1584
f 1531 1584 1532
f 1531 1574 1586
f 1534 1582 1535
f 1536 1581 1538
f 1536 1538 1537
f 1538 1581 1587
f 1538 1587 1539
f 1539 1587 1618
f 1539 1618 1588
f 1539 1588 1590
f 1539 1590 1544
f 1540 1542 1543
f 1541 1556 1543
f 1541 1543 1542
f 1544 1589 1591
f 1544 1591 1545
f 1544 1590 1620
f 1544 1620 1589
f 1545 1591 1592
f 1545 1592 1547
f 1545 1547 1546
f 1547 1592 1552
f 1547 1552 1593
f 1547 1593 1548
f 1548 1551 1550
f 1548 1550 1549
f 1548 1593 1551
f 1551 1593 1552
f 1552 1592 1591
f 1552 1591 1594
f 1554 1595 1557
f 1554 1594 1621
f 1554 1621 1596
f 1554 1596 1597
f 1554 1597 1595
f 1555 1565 1556
f 1555 1557 1595
f 1555 1595 1597
f 1555 1597 1598
f 1555 1598 1565
f 1558 1562 1598
f 1558 1598 1599
f 1558 1599 1600
f 1558 1600 1601
f 1558 1601 1602
f 1558 1602 1559
f 1559 1602 1603
f 1559 1603 1560
f 1560 1603 1563
f 1561 1565 1562
f 1562 1565 1598
f 1563 1603 1568
f 1563 1568 1564
f 1566 1568 1604
f 1566 1604 1605
f 1566 1605 1606
f 1566 1606 1607
f 1566 1607 1608
f 1566 1608 1567
f 1568 1603 1609
f 1568 1609 1604
f 1570 1580 1571
f 1571 1580 1610
f 1571 1610 1575
f 1572 1575 1611
f 1572 1611 1631
f 1572 1631 1612
f 1572 1612 1617
f 1572 1617 1585
f 1572 1585 1586
f 1572 1586 1573
f 1573 1586 1574
f 1575 1610 1611
f 1577 1613 1614
f 1577 1614 1578
f 1577 1579 1613
f 1578 1614 1615
f 1578 1615 1580
f 1579 1616 1613
f 1580 1615 1610
f 1581 1583 1587
f 1583 1617 1587
f 1587 1617 1618
f 1588 1618 1619
f 1588 1619 1622
f 1588 1622 1590
f 1589 1594 1591
f 1589 1620 1621
f 1589 1621 1594
f 1590 1622 1620
f 1596 1621 1623
f 1596 1623 1600
f 1596 1600 1599
f 1596 1599 1597
f 1597 1599 1598
f 1600 1623 1642
f 1600 1642 1624
f 1600 1624 1601
f 1601 1624 1625
f 1601 1625 1602
f 1602 1625 1609
f 1602 1609 1603
f 1604 1626 1605
f 1604 1609 1627
f 1604 1627 1626
f 1605 1626 1628
f 1605 1628 1606
f 1606 1628 1629
f 1609 1625 1627
f 1610 1630 1631
f 1610 1631 1611
f 1610 1615 1632
f 1610 1632 1633
f 1610 1633 1630
f 1612 1634 1619
f 1612 1619 1617
f 1612 1631 1634
f 1613 1635 1636
f 1613 1636 1614
f 1613 1616 1637
f 1613 1637 1635
f 1614 1638 1639
f 1614 1639 1615
f 1614 1636 1638
f 1615 1639 1632
f 1617 1619 1618
f 1619 1634 1630
f 1619 1630 1640
f 1619 1640 1622
f 1620 1622 1621
f 1621 1622 1623
f 1622 1640 1641
f 1622 1641 1623
f 1623 1641 1642
f 1624 1642 1625
f 1625 1642 1640
f 1625 1640 1643
f 1625 1643 1644
f 1625 1644 1627
f 1626 1627 1645
f 1626 1645 1646
f 1626 1646 1647
f 1626 1647 1628
f 1627 1644 1645
f 1628 1647 1648
f 1628 1648 1629
f 1629 1648 1649
f 1630 1634 1631
f 1630 1633 1643
f 1630 1643 1640
f 1632 1639 1650
f 1632 1650 1633
f 1633 1650 1639
f 1633 1639 1638
f 1633 1638 1651
f 1633 1651 1652
f 1633 1652 1653
f 1633 1653 1656
f 1633 1656 1643
f 1635 1637 1654
f 1635 1654 1653
f 1635 1653 1652
f 1635 1652 1651
f 1635 1651 1636
f 1636 1651 1638
f 1640 1642 1641
f 1643 1655 1644
f 1643 1656 1657
f 1643 1657 1658
f 1643 1658 1646
f 1643 1646 1645
f 1643 1645 1655
f 1644 1655 1645
f 1646 1658 1647
f 1647 1658 1648
f 1648 1658 1657
f 1648 1657 1656
f 1648 1656 1649
f 1649 1656 1659
f 1653 1654 1660
f 1653 1660 1659
f 1653 1659 1656

