# Converted/generated visual mesh for LIBERO obvious hazard prop
v 0.0467882 0.0563816 0.0013303
v -0.0842964 0.0418656 0.0013303
v -0.0871332 0.0418656 0.0013303
v -0.0894572 0.0418656 0.0013303
v 0.0901632 0.0563816 0.0013303
v 0.0901632 0.0522066 0.0013303
v 0.0551497 0.0521986 0.0013303
v 0.0551497 0.0563816 0.0013303
v 0.0480514 0.0522691 0.0013303
v 0.0480514 0.0563816 0.0013303
v 0.0628812 0.0563816 0.0013303
v 0.0628812 0.0521986 0.0013303
v 0.0724933 0.0563816 0.0013303
v 0.0821054 0.0563816 0.0013303
v 0.0821054 0.0522270 0.0013303
v 0.0724933 0.0521986 0.0013303
v 0.0916698 0.0563816 0.0013303
v 0.0916698 0.0522066 0.0013303
v 0.0901632 0.0425160 0.0116325
v 0.0551497 0.0418656 0.0116325
v 0.0628812 0.0418656 0.0116325
v 0.0821054 0.0418656 0.0116325
v 0.0724933 0.0418656 0.0116325
v 0.0916698 0.0434108 0.0116325
v 0.0467882 0.0418656 0.0013303
v 0.0901632 0.0509684 0.0013303
v 0.0901632 0.0473448 0.0028595
v 0.0901632 0.0453392 0.0050403
v 0.0901632 0.0437485 0.0069788
v 0.0901632 0.0429105 0.0093506
v 0.0551497 0.0489161 0.0013303
v 0.0551497 0.0422602 0.0089117
v 0.0551497 0.0430970 0.0069788
v 0.0551497 0.0446888 0.0050403
v 0.0551497 0.0470787 0.0013303
v 0.0480514 0.0489161 0.0013303
v 0.0476012 0.0422897 0.0013303
v 0.0486074 0.0430220 0.0013303
v 0.0515807 0.0453255 0.0013303
v 0.0502026 0.0458599 0.0013303
v 0.0628812 0.0486944 0.0013303
v 0.0628812 0.0466933 0.0028595
v 0.0628812 0.0446888 0.0050403
v 0.0628812 0.0430970 0.0069788
v 0.0628812 0.0422602 0.0093506
v 0.0821054 0.0509684 0.0013303
v 0.0821054 0.0422602 0.0093506
v 0.0821054 0.0430970 0.0069788
v 0.0821054 0.0446888 0.0050403
v 0.0821054 0.0466933 0.0028595
v 0.0724933 0.0501748 0.0013303
v 0.0724933 0.0466933 0.0028595
v 0.0724933 0.0446888 0.0050403
v 0.0724933 0.0430970 0.0069788
v 0.0724933 0.0422602 0.0093506
v 0.0916698 0.0509684 0.0013303
v 0.0916698 0.0438054 0.0093506
v 0.0916698 0.0446433 0.0069788
v 0.0916698 0.0462340 0.0050403
v 0.0916698 0.0482385 0.0028595
v -0.0849604 0.0418656 0.0116325
v 0.0467882 0.0418656 0.0116325
v -0.0877562 0.0418656 0.0116325
v -0.0792868 0.0576050 0.0067958
v -0.0792868 0.0576050 0.0116325
v -0.0775734 0.0602837 0.0116325
v -0.0775734 0.0602837 0.0064319
v -0.0842964 0.0570740 0.0021853
v 0.0821054 0.0563816 0.0021853
v 0.0901632 0.0563816 0.0021853
v 0.0480514 0.0563816 0.0021853
v 0.0551497 0.0563816 0.0021853
v 0.0628812 0.0563816 0.0021853
v 0.0724933 0.0563816 0.0021853
v 0.0916857 0.0563816 0.0021853
v 0.0916936 0.0596106 0.0026958
v -0.0768764 0.0627897 0.0064319
v -0.0774961 0.0627897 0.0042694
v 0.0725149 0.0596106 0.0026958
v 0.0551713 0.0596106 0.0026958
v 0.0821623 0.0661893 0.0116325
v 0.0902190 0.0661893 0.0116325
v 0.0481083 0.0661893 0.0116325
v 0.0552054 0.0661893 0.0116325
v 0.0153664 0.0660403 0.0104887
v 0.0629369 0.0661893 0.0116325
v 0.0629346 0.0658948 0.0093915
v 0.0480730 0.0596106 0.0026958
v 0.0629028 0.0596106 0.0026958
v -0.0797552 0.0602837 0.0026901
v 0.0902167 0.0658948 0.0093915
v 0.0821600 0.0658948 0.0093915
v 0.0821520 0.0646611 0.0064842
v 0.0902099 0.0646611 0.0064842
v 0.0821407 0.0626396 0.0042933
v 0.0901985 0.0626396 0.0042933
v 0.0821270 0.0596106 0.0026958
v 0.0901849 0.0596106 0.0026958
v -0.0750754 0.0658948 0.0093040
v -0.0750743 0.0661893 0.0116325
v -0.0768764 0.0646611 0.0116325
v -0.0750754 0.0653718 0.0074928
v -0.0768764 0.0627897 0.0116325
v 0.0552031 0.0658948 0.0093915
v 0.0481060 0.0658948 0.0093915
v 0.0480981 0.0646611 0.0064842
v 0.0551963 0.0646611 0.0064842
v 0.0480878 0.0626396 0.0042933
v 0.0551849 0.0626396 0.0042933
v 0.0629278 0.0646611 0.0064842
v 0.0629164 0.0626396 0.0042933
v 0.0725445 0.0661893 0.0116325
v 0.0725467 0.0658948 0.0093915
v 0.0725399 0.0646611 0.0064842
v 0.0725285 0.0626396 0.0042933
v 0.0917118 0.0658948 0.0093915
v 0.0917084 0.0646611 0.0064842
v 0.0917016 0.0626396 0.0041864
v -0.0842964 0.0418656 0.0021853
v 0.0467882 0.0418656 0.0017964
v -0.0894572 0.0418656 0.0021853
v -0.0871332 0.0418656 0.0021853
v -0.0918130 0.0419873 0.0021853
v -0.0918130 0.0458451 0.0021853
v -0.0894572 0.0494585 0.0021853
v -0.0871332 0.0533265 0.0021853
v 0.0916709 0.0558165 0.0018578
v 0.0916709 0.0522259 0.0018578
v 0.0916709 0.0453198 0.0116325
v 0.0916709 0.0509638 0.0018578
v 0.0916709 0.0456268 0.0094609
v 0.0916709 0.0462931 0.0073791
v 0.0916709 0.0477609 0.0054303
v 0.0916709 0.0496756 0.0036986
v 0.0916777 0.0534391 0.0026958
v 0.0916709 0.0509911 0.0041864
v 0.0916652 0.0490889 0.0064319
v 0.0916618 0.0479178 0.0093915
v 0.0916607 0.0474073 0.0116325
v 0.0934366 0.0586976 0.0055735
v 0.0934310 0.0567284 0.0052620
v 0.0934480 0.0627874 0.0096644
v 0.0934457 0.0618823 0.0078884
v 0.0934423 0.0604736 0.0064786
v 0.0934491 0.0630989 0.0116325
v 0.0934264 0.0547602 0.0055735
v 0.0934207 0.0529843 0.0064786
v 0.0934173 0.0515755 0.0078884
v 0.0934150 0.0506705 0.0096644
v 0.0934139 0.0503590 0.0116325
v 0.0949170 0.0580666 0.0075030
v 0.0949136 0.0567238 0.0072904
v 0.0949250 0.0608545 0.0102909
v 0.0949227 0.0602371 0.0090800
v 0.0949204 0.0592764 0.0081192
v 0.0949250 0.0610671 0.0116325
v 0.0949090 0.0553822 0.0075030
v 0.0949056 0.0541713 0.0081192
v 0.0949034 0.0532105 0.0090800
v 0.0949011 0.0525943 0.0102909
v 0.0949011 0.0523817 0.0116325
v 0.0949875 0.0585839 0.0059067
v 0.0946566 0.0586931 0.0055735
v 0.0946509 0.0567250 0.0052620
v 0.0949829 0.0567238 0.0056122
v 0.0949989 0.0624497 0.0097724
v 0.0946680 0.0627828 0.0096644
v 0.0946657 0.0618789 0.0078884
v 0.0949966 0.0615947 0.0080942
v 0.0946623 0.0604691 0.0064786
v 0.0949932 0.0602621 0.0067617
v 0.0946691 0.0630955 0.0116325
v 0.0950000 0.0627442 0.0116325
v 0.0949773 0.0548637 0.0059067
v 0.0946453 0.0547557 0.0055735
v 0.0946407 0.0529809 0.0064786
v 0.0949727 0.0531844 0.0067617
v 0.0946373 0.0515710 0.0078884
v 0.0949693 0.0518530 0.0080942
v 0.0946339 0.0506659 0.0096644
v 0.0949670 0.0509979 0.0097724
v 0.0949659 0.0507035 0.0116325
v 0.0946339 0.0503544 0.0116325
v 0.0933843 0.0593980 0.0033598
v 0.0926442 0.0596095 0.0026958
v 0.0932786 0.0595038 0.0030278
v 0.0930080 0.0595811 0.0027845
v 0.0926351 0.0563805 0.0021853
v 0.0933764 0.0564600 0.0028948
v 0.0930000 0.0563907 0.0022808
v 0.0932706 0.0564202 0.0025400
v 0.0934014 0.0651273 0.0094586
v 0.0926612 0.0658936 0.0093915
v 0.0932968 0.0655105 0.0094256
v 0.0930262 0.0657902 0.0094006
v 0.0926578 0.0646600 0.0064842
v 0.0933968 0.0640028 0.0068163
v 0.0930216 0.0645713 0.0065286
v 0.0932922 0.0643303 0.0066503
v 0.0926510 0.0626384 0.0041864
v 0.0933912 0.0621439 0.0047083
v 0.0930160 0.0625725 0.0042558
v 0.0932866 0.0623906 0.0044479
v 0.0926635 0.0661881 0.0116325
v 0.0934025 0.0654161 0.0116325
v 0.0930273 0.0660847 0.0116325
v 0.0932979 0.0658015 0.0116325
v 0.0933684 0.0537438 0.0033632
v 0.0926271 0.0534379 0.0026958
v 0.0932638 0.0535903 0.0030301
v 0.0929921 0.0534789 0.0027856
v 0.0926203 0.0509900 0.0041864
v 0.0933627 0.0514732 0.0047424
v 0.0929853 0.0510537 0.0042603
v 0.0932570 0.0512310 0.0044638
v 0.0926146 0.0490867 0.0064319
v 0.0933593 0.0497222 0.0068049
v 0.0929796 0.0491719 0.0064820
v 0.0932513 0.0494050 0.0066184
v 0.0926112 0.0479167 0.0093915
v 0.0933571 0.0486683 0.0094666
v 0.0929762 0.0480168 0.0094018
v 0.0932490 0.0482919 0.0094291
v 0.0933548 0.0481725 0.0116325
v 0.0926100 0.0474062 0.0116325
v 0.0932479 0.0477894 0.0116325
v 0.0929750 0.0475085 0.0116325
v -0.0715382 0.0418656 0.0013303
v -0.0715382 0.0418656 0.0116325
v -0.0670096 0.0570740 0.0021853
v -0.0643513 0.0658948 0.0093154
v -0.0725968 0.0653718 0.0074939
v -0.0652848 0.0627897 0.0042728
v -0.0660511 0.0602837 0.0026901
v -0.0642638 0.0661893 0.0116325
v -0.0652518 0.0570626 0.0013303
v -0.0652518 0.0570626 0.0021853
v -0.0625469 0.0661893 0.0116325
v -0.0697099 0.0418656 0.0013303
v -0.0697099 0.0418656 0.0116325
v -0.0626345 0.0658948 0.0093165
v -0.0629972 0.0646611 0.0064399
v -0.0635532 0.0627874 0.0042728
v -0.0643070 0.0602735 0.0026901
v -0.0638374 0.0570547 0.0013303
v -0.0638374 0.0570547 0.0021853
v -0.0611655 0.0661893 0.0116325
v -0.0682387 0.0418656 0.0013303
v -0.0682387 0.0418656 0.0116325
v -0.0612519 0.0658948 0.0093176
v -0.0616100 0.0646611 0.0064399
v -0.0621592 0.0627851 0.0042728
v -0.0629039 0.0602644 0.0026901
v -0.0623582 0.0570456 0.0013303
v -0.0623582 0.0570456 0.0021853
v -0.0597215 0.0661893 0.0116325
v -0.0667015 0.0418656 0.0013303
v -0.0667015 0.0418656 0.0116325
v -0.0598056 0.0658948 0.0093188
v -0.0601604 0.0646611 0.0064410
v -0.0607016 0.0627828 0.0042739
v -0.0614372 0.0602565 0.0026901
v -0.0605583 0.0570342 0.0013303
v -0.0605583 0.0570342 0.0021853
v -0.0579637 0.0661893 0.0116325
v -0.0648300 0.0418656 0.0013303
v -0.0648300 0.0418656 0.0116325
v -0.0580478 0.0658948 0.0093199
v -0.0583958 0.0646611 0.0064410
v -0.0589290 0.0627806 0.0042739
v -0.0596521 0.0602451 0.0026913
v -0.0589506 0.0570240 0.0013303
v -0.0589506 0.0570240 0.0021853
v -0.0563947 0.0661893 0.0116325
v -0.0631586 0.0418656 0.0013303
v -0.0631586 0.0418656 0.0116325
v -0.0564777 0.0658948 0.0093210
v -0.0568210 0.0646611 0.0064422
v -0.0573463 0.0627794 0.0042739
v -0.0580581 0.0602360 0.0026913
v -0.0576010 0.0570160 0.0013303
v -0.0576010 0.0570160 0.0021853
v -0.0550758 0.0661893 0.0116325
v -0.0617544 0.0418656 0.0013303
v -0.0617544 0.0418656 0.0116325
v -0.0551576 0.0658948 0.0093222
v -0.0554964 0.0646611 0.0064422
v -0.0560149 0.0627772 0.0042739
v -0.0567187 0.0602280 0.0026913
v -0.0558591 0.0570058 0.0013303
v -0.0558591 0.0570058 0.0021853
v -0.0533760 0.0661893 0.0116325
v -0.0599432 0.0418656 0.0013303
v -0.0599432 0.0418656 0.0116325
v -0.0534555 0.0658948 0.0093233
v -0.0537898 0.0646611 0.0064433
v -0.0543003 0.0627749 0.0042751
v -0.0549916 0.0602178 0.0026913
v -0.0544754 0.0569967 0.0013303
v -0.0544754 0.0569967 0.0021853
v -0.0520252 0.0661893 0.0116325
v -0.0585049 0.0418656 0.0013303
v -0.0585049 0.0418656 0.0116325
v -0.0521037 0.0658948 0.0093244
v -0.0524334 0.0646611 0.0064445
v -0.0529371 0.0627726 0.0042751
v -0.0536193 0.0602098 0.0026913
v -0.0528234 0.0569876 0.0013303
v -0.0528234 0.0569876 0.0021853
v -0.0504118 0.0661893 0.0116325
v -0.0567869 0.0418656 0.0013303
v -0.0567869 0.0418656 0.0116325
v -0.0504903 0.0658948 0.0093256
v -0.0508143 0.0646611 0.0064445
v -0.0513089 0.0627703 0.0042751
v -0.0519809 0.0601996 0.0026913
v -0.0514851 0.0569785 0.0013303
v -0.0514851 0.0569785 0.0021853
v -0.0491054 0.0661893 0.0116325
v -0.0553953 0.0418656 0.0013303
v -0.0553953 0.0418656 0.0116325
v -0.0491816 0.0658948 0.0093256
v -0.0495011 0.0646611 0.0064456
v -0.0499900 0.0627692 0.0042751
v -0.0506529 0.0601916 0.0026913
v -0.0149946 0.0567568 0.0013303
v -0.0123477 0.0660403 0.0104887
v -0.0174528 0.0418656 0.0013303
v -0.0174528 0.0418656 0.0116325
v -0.0191026 0.0418656 0.0013303
v -0.0207523 0.0418656 0.0013303
v -0.0224021 0.0418656 0.0013303
v -0.0240519 0.0418656 0.0013303
v -0.0257005 0.0418656 0.0013303
v -0.0273503 0.0418656 0.0013303
v -0.0290000 0.0418656 0.0013303
v -0.0306498 0.0418656 0.0013303
v -0.0322996 0.0418656 0.0013303
v -0.0339494 0.0418656 0.0013303
v -0.0355991 0.0418656 0.0013303
v -0.0372489 0.0418656 0.0013303
v -0.0388987 0.0418656 0.0013303
v -0.0405484 0.0418656 0.0013303
v -0.0421982 0.0418656 0.0013303
v -0.0438480 0.0418656 0.0013303
v -0.0454966 0.0418656 0.0013303
v -0.0471464 0.0418656 0.0013303
v -0.0487962 0.0418656 0.0013303
v -0.0504459 0.0418656 0.0013303
v -0.0520957 0.0418656 0.0013303
v -0.0537455 0.0418656 0.0013303
v -0.0191026 0.0418656 0.0116325
v -0.0207523 0.0418656 0.0116325
v -0.0224021 0.0418656 0.0116325
v -0.0240519 0.0418656 0.0116325
v -0.0257005 0.0418656 0.0116325
v -0.0273503 0.0418656 0.0116325
v -0.0290000 0.0418656 0.0116325
v -0.0306498 0.0418656 0.0116325
v -0.0322996 0.0418656 0.0116325
v -0.0339494 0.0418656 0.0116325
v -0.0355991 0.0418656 0.0116325
v -0.0372489 0.0418656 0.0116325
v -0.0388987 0.0418656 0.0116325
v -0.0405484 0.0418656 0.0116325
v -0.0421982 0.0418656 0.0116325
v -0.0438480 0.0418656 0.0116325
v -0.0454966 0.0418656 0.0116325
v -0.0471464 0.0418656 0.0116325
v -0.0487962 0.0418656 0.0116325
v -0.0504459 0.0418656 0.0116325
v -0.0520957 0.0418656 0.0116325
v -0.0537455 0.0418656 0.0116325
v -0.0197268 0.0658948 0.0093461
v -0.0212776 0.0658948 0.0093449
v -0.0228273 0.0658948 0.0093438
v -0.0243782 0.0658948 0.0093426
v -0.0259279 0.0658948 0.0093415
v -0.0274788 0.0658948 0.0093415
v -0.0290285 0.0658948 0.0093404
v -0.0305793 0.0658948 0.0093392
v -0.0321290 0.0658948 0.0093381
v -0.0336799 0.0658948 0.0093370
v -0.0352296 0.0658948 0.0093358
v -0.0367793 0.0658948 0.0093347
v -0.0383302 0.0658948 0.0093335
v -0.0398799 0.0658948 0.0093324
v -0.0414308 0.0658948 0.0093313
v -0.0429805 0.0658948 0.0093301
v -0.0445313 0.0658948 0.0093290
v -0.0460810 0.0658948 0.0093279
v -0.0476319 0.0658948 0.0093267
v -0.0183953 0.0644997 0.0066218
v -0.0199508 0.0644997 0.0066207
v -0.0215062 0.0644997 0.0066207
v -0.0230616 0.0644997 0.0066196
v -0.0246170 0.0644997 0.0066196
v -0.0261724 0.0644997 0.0066184
v -0.0277278 0.0645008 0.0066184
v -0.0308374 0.0646611 0.0064524
v -0.0323928 0.0646611 0.0064524
v -0.0339482 0.0646611 0.0064513
v -0.0355036 0.0646611 0.0064513
v -0.0370590 0.0646611 0.0064501
v -0.0386144 0.0646611 0.0064501
v -0.0401698 0.0646611 0.0064490
v -0.0417252 0.0646611 0.0064479
v -0.0432806 0.0646611 0.0064479
v -0.0448360 0.0646611 0.0064467
v -0.0463903 0.0646611 0.0064467
v -0.0479457 0.0646611 0.0064456
v -0.0187308 0.0625827 0.0044593
v -0.0202941 0.0625839 0.0044593
v -0.0218563 0.0625861 0.0044581
v -0.0234197 0.0625884 0.0044581
v -0.0249831 0.0625907 0.0044581
v -0.0265453 0.0625930 0.0044570
v -0.0281086 0.0625941 0.0044570
v -0.0312342 0.0627442 0.0042785
v -0.0327976 0.0627465 0.0042785
v -0.0343610 0.0627487 0.0042785
v -0.0359232 0.0627499 0.0042785
v -0.0374865 0.0627521 0.0042774
v -0.0390499 0.0627544 0.0042774
v -0.0406121 0.0627567 0.0042774
v -0.0421755 0.0627590 0.0042774
v -0.0437388 0.0627612 0.0042762
v -0.0453011 0.0627624 0.0042762
v -0.0468644 0.0627646 0.0042762
v -0.0484278 0.0627669 0.0042762
v -0.0191844 0.0600040 0.0026924
v -0.0207580 0.0600131 0.0026924
v -0.0223305 0.0600234 0.0026924
v -0.0239041 0.0600325 0.0026924
v -0.0254777 0.0600416 0.0026924
v -0.0270512 0.0600507 0.0026924
v -0.0286248 0.0600609 0.0026924
v -0.0301984 0.0600700 0.0026924
v -0.0317720 0.0600791 0.0026924
v -0.0333456 0.0600882 0.0026924
v -0.0349192 0.0600984 0.0026924
v -0.0364917 0.0601075 0.0026924
v -0.0380653 0.0601166 0.0026913
v -0.0396389 0.0601257 0.0026913
v -0.0412124 0.0601359 0.0026913
v -0.0427860 0.0601450 0.0026913
v -0.0443596 0.0601541 0.0026913
v -0.0459332 0.0601632 0.0026913
v -0.0475068 0.0601735 0.0026913
v -0.0490804 0.0601825 0.0026913
v -0.0498979 0.0569694 0.0013303
v -0.0483118 0.0569603 0.0013303
v -0.0467257 0.0569501 0.0013303
v -0.0451385 0.0569410 0.0013303
v -0.0435524 0.0569308 0.0013303
v -0.0419651 0.0569217 0.0013303
v -0.0403790 0.0569114 0.0013303
v -0.0387929 0.0569023 0.0013303
v -0.0372057 0.0568921 0.0013303
v -0.0356196 0.0568830 0.0013303
v -0.0340324 0.0568728 0.0013303
v -0.0324463 0.0568637 0.0013303
v -0.0308602 0.0568534 0.0013303
v -0.0292729 0.0568443 0.0013303
v -0.0276868 0.0568341 0.0013303
v -0.0260996 0.0568250 0.0013303
v -0.0245135 0.0568148 0.0013303
v -0.0229274 0.0568057 0.0013303
v -0.0213402 0.0567955 0.0013303
v -0.0197541 0.0567864 0.0013303
v -0.0181668 0.0567761 0.0013303
v -0.0165807 0.0567670 0.0013303
v -0.0498979 0.0569694 0.0021853
v -0.0483118 0.0569603 0.0021853
v -0.0467257 0.0569501 0.0021853
v -0.0451385 0.0569410 0.0021853
v -0.0435524 0.0569308 0.0021853
v -0.0419651 0.0569217 0.0021853
v -0.0403790 0.0569114 0.0021853
v -0.0387929 0.0569023 0.0021853
v -0.0372057 0.0568921 0.0021853
v -0.0356196 0.0568830 0.0021853
v -0.0340324 0.0568728 0.0021853
v -0.0324463 0.0568637 0.0021853
v -0.0308602 0.0568534 0.0021853
v -0.0292729 0.0568443 0.0021853
v -0.0276868 0.0568341 0.0021853
v -0.0260996 0.0568250 0.0021853
v -0.0245135 0.0568148 0.0021853
v -0.0229274 0.0568057 0.0021853
v -0.0213402 0.0567955 0.0021853
v -0.0475557 0.0661893 0.0116325
v -0.0460071 0.0661893 0.0116325
v -0.0444586 0.0661893 0.0116325
v -0.0429088 0.0661893 0.0116325
v -0.0413603 0.0661893 0.0116325
v -0.0398105 0.0661893 0.0116325
v -0.0382620 0.0661893 0.0116325
v -0.0367134 0.0661893 0.0116325
v -0.0351637 0.0661893 0.0116325
v -0.0336151 0.0661893 0.0116325
v -0.0320654 0.0661893 0.0116325
v -0.0305168 0.0661893 0.0116325
v -0.0289682 0.0661893 0.0116325
v -0.0274185 0.0661893 0.0116325
v -0.0258699 0.0661893 0.0116325
v -0.0243202 0.0661893 0.0116325
v -0.0227716 0.0661893 0.0116325
v -0.0212230 0.0661893 0.0116325
v -0.0196733 0.0661893 0.0116325
v -0.0181247 0.0661893 0.0116325
v -0.0165750 0.0661893 0.0116325
v -0.0150264 0.0661893 0.0116325
v -0.0715382 0.0418656 0.0021853
v -0.0697099 0.0418656 0.0021853
v -0.0667015 0.0418656 0.0021853
v -0.0682387 0.0418656 0.0021853
v -0.0631586 0.0418656 0.0021853
v -0.0648300 0.0418656 0.0021853
v -0.0599432 0.0418656 0.0021853
v -0.0617544 0.0418656 0.0021853
v -0.0567869 0.0418656 0.0021853
v -0.0585049 0.0418656 0.0021853
v -0.0537455 0.0418656 0.0021853
v -0.0553953 0.0418656 0.0021853
v -0.0174528 0.0418656 0.0021853
v -0.0191026 0.0418656 0.0021853
v -0.0207523 0.0418656 0.0021853
v -0.0224021 0.0418656 0.0021853
v -0.0240519 0.0418656 0.0021853
v -0.0257005 0.0418656 0.0021853
v -0.0273503 0.0418656 0.0021853
v -0.0290000 0.0418656 0.0021853
v -0.0306498 0.0418656 0.0021853
v -0.0322996 0.0418656 0.0021853
v -0.0339494 0.0418656 0.0021853
v -0.0355991 0.0418656 0.0021853
v -0.0372489 0.0418656 0.0021853
v -0.0388987 0.0418656 0.0021853
v -0.0405484 0.0418656 0.0021853
v -0.0421982 0.0418656 0.0021853
v -0.0438480 0.0418656 0.0021853
v -0.0454966 0.0418656 0.0021853
v -0.0471464 0.0418656 0.0021853
v -0.0487962 0.0418656 0.0021853
v -0.0504459 0.0418656 0.0021853
v -0.0520957 0.0418656 0.0021853
v -0.0938505 0.0419873 0.0067128
v -0.0929432 0.0457371 0.0066127
v -0.0894572 0.0493493 0.0066116
v -0.0871332 0.0532230 0.0066116
v -0.0842964 0.0569717 0.0066900
v -0.0797552 0.0602837 0.0066900
v -0.0774961 0.0627897 0.0067128
v -0.0874447 0.0418656 0.0064319
v -0.0876005 0.0418656 0.0088549
v -0.0876710 0.0457371 0.0088549
v -0.0792868 0.0576050 0.0088549
v -0.0775734 0.0602837 0.0088549
v -0.0768764 0.0627897 0.0088412
v -0.0768764 0.0646611 0.0091175
v -0.0929432 0.0419873 0.0048629
v -0.0929432 0.0458053 0.0048629
v -0.0894572 0.0494255 0.0048629
v -0.0871332 0.0533049 0.0048629
v -0.0842964 0.0570536 0.0048629
v -0.0797552 0.0602837 0.0045991
v 0.0467882 0.0563816 0.0219348
v -0.0842964 0.0418656 0.0219348
v -0.0871332 0.0418656 0.0219348
v -0.0894572 0.0418656 0.0219348
v 0.0901632 0.0563816 0.0219348
v 0.0901632 0.0522066 0.0219348
v 0.0551497 0.0521986 0.0219348
v 0.0551497 0.0563816 0.0219348
v 0.0480514 0.0521986 0.0219348
v 0.0480514 0.0563816 0.0219348
v 0.0628812 0.0563816 0.0219348
v 0.0628812 0.0521986 0.0219348
v 0.0724933 0.0563816 0.0219348
v 0.0821054 0.0563816 0.0219348
v 0.0821054 0.0522270 0.0219348
v 0.0724933 0.0521986 0.0219348
v 0.0916698 0.0563816 0.0219348
v 0.0916698 0.0522066 0.0219348
v 0.0467882 0.0418656 0.0219348
v 0.0901632 0.0509684 0.0219348
v 0.0901632 0.0473448 0.0204055
v 0.0901632 0.0453392 0.0182248
v 0.0901632 0.0437485 0.0162862
v 0.0901632 0.0429105 0.0139145
v 0.0551497 0.0489161 0.0219348
v 0.0551497 0.0422602 0.0143534
v 0.0551497 0.0430970 0.0162862
v 0.0551497 0.0446888 0.0182248
v 0.0551497 0.0470787 0.0219348
v 0.0480514 0.0489161 0.0219348
v 0.0476012 0.0422602 0.0219348
v 0.0486074 0.0430220 0.0219348
v 0.0515807 0.0453255 0.0219348
v 0.0500082 0.0459349 0.0219348
v 0.0628812 0.0486944 0.0219348
v 0.0628812 0.0466933 0.0204055
v 0.0628812 0.0446888 0.0182248
v 0.0628812 0.0430970 0.0162862
v 0.0628812 0.0422602 0.0139145
v 0.0821054 0.0509684 0.0219348
v 0.0821054 0.0422602 0.0139145
v 0.0821054 0.0430970 0.0162862
v 0.0821054 0.0446888 0.0182248
v 0.0821054 0.0466933 0.0204055
v 0.0724933 0.0501748 0.0219348
v 0.0724933 0.0466933 0.0204055
v 0.0724933 0.0446888 0.0182248
v 0.0724933 0.0430970 0.0162862
v 0.0724933 0.0422602 0.0139145
v 0.0916698 0.0509684 0.0219348
v 0.0916698 0.0438054 0.0139145
v 0.0916698 0.0446433 0.0162862
v 0.0916698 0.0462340 0.0182248
v 0.0916698 0.0482385 0.0204055
v -0.0775734 0.0602837 0.0168331
v -0.0842964 0.0570740 0.0210798
v 0.0467882 0.0563816 0.0210798
v 0.0821054 0.0563816 0.0210798
v 0.0901632 0.0563816 0.0210798
v 0.0480514 0.0563816 0.0210798
v 0.0551497 0.0563816 0.0210798
v 0.0628812 0.0563816 0.0210798
v 0.0724933 0.0563816 0.0210798
v 0.0916857 0.0563816 0.0210798
v 0.0916936 0.0596106 0.0205693
v -0.0768764 0.0627897 0.0168331
v -0.0774961 0.0627897 0.0189957
v 0.0725149 0.0596106 0.0205693
v 0.0551713 0.0596106 0.0205693
v 0.0629346 0.0658948 0.0138735
v 0.0480730 0.0596106 0.0205693
v 0.0629028 0.0596106 0.0205693
v -0.0797552 0.0602837 0.0205750
v 0.0902167 0.0658948 0.0138735
v 0.0821600 0.0658948 0.0138735
v 0.0821520 0.0646611 0.0167808
v 0.0902099 0.0646611 0.0167808
v 0.0821407 0.0626396 0.0189718
v 0.0901985 0.0626396 0.0189718
v 0.0821270 0.0596106 0.0205693
v 0.0901849 0.0596106 0.0205693
v -0.0750754 0.0658948 0.0139611
v -0.0750754 0.0653718 0.0157723
v 0.0468417 0.0658948 0.0138735
v 0.0468349 0.0646611 0.0167808
v 0.0468235 0.0626396 0.0189718
v 0.0468098 0.0596106 0.0205693
v 0.0552031 0.0658948 0.0138735
v 0.0481060 0.0658948 0.0138735
v 0.0480981 0.0646611 0.0167808
v 0.0551963 0.0646611 0.0167808
v 0.0480878 0.0626396 0.0189718
v 0.0551849 0.0626396 0.0189718
v 0.0629278 0.0646611 0.0167808
v 0.0629164 0.0626396 0.0189718
v 0.0725467 0.0658948 0.0138735
v 0.0725399 0.0646611 0.0167808
v 0.0725285 0.0626396 0.0189718
v 0.0917118 0.0658948 0.0138735
v 0.0917084 0.0646611 0.0167808
v 0.0917016 0.0626396 0.0190787
v -0.0842964 0.0418656 0.0210798
v 0.0467882 0.0418656 0.0214686
v -0.0894572 0.0418656 0.0210798
v -0.0871332 0.0418656 0.0210798
v -0.0918130 0.0419873 0.0210798
v -0.0918130 0.0458451 0.0210798
v -0.0894572 0.0494585 0.0210798
v -0.0871332 0.0533265 0.0210798
v 0.0916709 0.0558165 0.0214072
v 0.0916709 0.0522259 0.0214072
v 0.0916709 0.0509638 0.0214072
v 0.0916709 0.0456268 0.0138042
v 0.0916709 0.0462931 0.0158860
v 0.0916709 0.0477609 0.0178348
v 0.0916709 0.0496756 0.0195664
v 0.0916777 0.0534391 0.0205693
v 0.0916709 0.0509911 0.0190787
v 0.0916652 0.0490889 0.0168331
v 0.0916618 0.0479178 0.0138735
v 0.0934366 0.0586976 0.0176916
v 0.0934310 0.0567284 0.0180031
v 0.0934480 0.0627874 0.0136007
v 0.0934457 0.0618823 0.0153766
v 0.0934423 0.0604736 0.0167865
v 0.0934264 0.0547602 0.0176916
v 0.0934207 0.0529843 0.0167865
v 0.0934173 0.0515755 0.0153766
v 0.0934150 0.0506705 0.0136007
v 0.0949170 0.0580666 0.0157621
v 0.0949136 0.0567238 0.0159747
v 0.0949250 0.0608545 0.0129742
v 0.0949227 0.0602371 0.0141851
v 0.0949204 0.0592764 0.0151458
v 0.0949090 0.0553822 0.0157621
v 0.0949056 0.0541713 0.0151458
v 0.0949034 0.0532105 0.0141851
v 0.0949011 0.0525943 0.0129742
v 0.0949875 0.0585839 0.0173584
v 0.0946566 0.0586931 0.0176916
v 0.0946509 0.0567250 0.0180031
v 0.0949829 0.0567238 0.0176529
v 0.0949989 0.0624497 0.0134927
v 0.0946680 0.0627828 0.0136007
v 0.0946657 0.0618789 0.0153766
v 0.0949966 0.0615947 0.0151708
v 0.0946623 0.0604691 0.0167865
v 0.0949932 0.0602621 0.0165034
v 0.0949773 0.0548637 0.0173584
v 0.0946453 0.0547557 0.0176916
v 0.0946407 0.0529809 0.0167865
v 0.0949727 0.0531844 0.0165034
v 0.0946373 0.0515710 0.0153766
v 0.0949693 0.0518530 0.0151708
v 0.0946339 0.0506659 0.0136007
v 0.0949670 0.0509979 0.0134927
v 0.0933843 0.0593980 0.0199053
v 0.0926442 0.0596095 0.0205693
v 0.0932786 0.0595038 0.0202373
v 0.0930080 0.0595811 0.0204806
v 0.0926351 0.0563805 0.0210798
v 0.0933764 0.0564600 0.0203703
v 0.0930000 0.0563907 0.0209843
v 0.0932706 0.0564202 0.0207250
v 0.0934014 0.0651273 0.0138065
v 0.0926612 0.0658936 0.0138735
v 0.0932968 0.0655105 0.0138394
v 0.0930262 0.0657902 0.0138644
v 0.0926578 0.0646600 0.0167808
v 0.0933968 0.0640028 0.0164488
v 0.0930216 0.0645713 0.0167365
v 0.0932922 0.0643303 0.0166148
v 0.0926510 0.0626384 0.0190787
v 0.0933912 0.0621439 0.0185568
v 0.0930160 0.0625725 0.0190093
v 0.0932866 0.0623906 0.0188172
v 0.0933684 0.0537438 0.0199019
v 0.0926271 0.0534379 0.0205693
v 0.0932638 0.0535903 0.0202350
v 0.0929921 0.0534789 0.0204795
v 0.0926203 0.0509900 0.0190787
v 0.0933627 0.0514732 0.0185227
v 0.0929853 0.0510537 0.0190048
v 0.0932570 0.0512310 0.0188013
v 0.0926146 0.0490867 0.0168331
v 0.0933593 0.0497222 0.0164602
v 0.0929796 0.0491719 0.0167831
v 0.0932513 0.0494050 0.0166467
v 0.0926112 0.0479167 0.0138735
v 0.0933571 0.0486683 0.0137985
v 0.0929762 0.0480168 0.0138633
v 0.0932490 0.0482919 0.0138360
v -0.0670096 0.0570740 0.0214493
v -0.0715382 0.0418656 0.0219348
v -0.0670096 0.0570740 0.0210798
v -0.0643513 0.0658948 0.0139497
v -0.0725968 0.0653718 0.0157712
v -0.0652848 0.0627897 0.0189923
v -0.0660511 0.0602837 0.0205750
v -0.0652518 0.0570626 0.0214493
v -0.0652518 0.0570626 0.0210798
v -0.0697099 0.0418656 0.0219348
v -0.0626345 0.0658948 0.0139486
v -0.0629972 0.0646611 0.0168252
v -0.0635532 0.0627874 0.0189923
v -0.0643070 0.0602735 0.0205750
v -0.0638374 0.0570547 0.0214493
v -0.0638374 0.0570547 0.0210798
v -0.0682387 0.0418656 0.0219348
v -0.0612519 0.0658948 0.0139474
v -0.0616100 0.0646611 0.0168252
v -0.0621592 0.0627851 0.0189923
v -0.0629039 0.0602644 0.0205750
v -0.0623582 0.0570456 0.0214493
v -0.0623582 0.0570456 0.0210798
v -0.0667015 0.0418656 0.0219348
v -0.0598056 0.0658948 0.0139463
v -0.0601604 0.0646611 0.0168240
v -0.0607016 0.0627828 0.0189911
v -0.0614372 0.0602565 0.0205750
v -0.0605583 0.0570342 0.0214493
v -0.0605583 0.0570342 0.0210798
v -0.0648300 0.0418656 0.0219348
v -0.0580478 0.0658948 0.0139452
v -0.0583958 0.0646611 0.0168240
v -0.0589290 0.0627806 0.0189911
v -0.0596521 0.0602451 0.0205738
v -0.0589506 0.0570240 0.0214493
v -0.0589506 0.0570240 0.0210798
v -0.0631586 0.0418656 0.0219348
v -0.0564777 0.0658948 0.0139440
v -0.0568210 0.0646611 0.0168229
v -0.0573463 0.0627794 0.0189911
v -0.0580581 0.0602360 0.0205738
v -0.0576010 0.0570160 0.0214493
v -0.0576010 0.0570160 0.0210798
v -0.0617544 0.0418656 0.0219348
v -0.0551576 0.0658948 0.0139429
v -0.0554964 0.0646611 0.0168229
v -0.0560149 0.0627772 0.0189911
v -0.0567187 0.0602280 0.0205738
v -0.0558591 0.0570058 0.0214493
v -0.0558591 0.0570058 0.0210798
v -0.0599432 0.0418656 0.0219348
v -0.0534555 0.0658948 0.0139418
v -0.0537898 0.0646611 0.0168218
v -0.0543003 0.0627749 0.0189900
v -0.0549916 0.0602178 0.0205738
v -0.0544754 0.0569967 0.0214493
v -0.0544754 0.0569967 0.0210798
v -0.0585049 0.0418656 0.0219348
v -0.0521037 0.0658948 0.0139406
v -0.0524334 0.0646611 0.0168206
v -0.0529371 0.0627726 0.0189900
v -0.0536193 0.0602098 0.0205738
v -0.0528234 0.0569876 0.0214493
v -0.0528234 0.0569876 0.0210798
v -0.0567869 0.0418656 0.0219348
v -0.0504903 0.0658948 0.0139395
v -0.0508143 0.0646611 0.0168206
v -0.0513089 0.0627703 0.0189900
v -0.0519809 0.0601996 0.0205738
v -0.0514851 0.0569785 0.0214493
v -0.0514851 0.0569785 0.0210798
v -0.0553953 0.0418656 0.0219348
v -0.0491816 0.0658948 0.0139395
v -0.0495011 0.0646611 0.0168195
v -0.0499900 0.0627692 0.0189900
v -0.0506529 0.0601916 0.0205738
v -0.0149946 0.0567568 0.0219348
v -0.0149946 0.0567568 0.0210798
v -0.0174528 0.0418656 0.0219348
v -0.0135268 0.0658948 0.0139145
v -0.0137303 0.0646611 0.0168058
v -0.0140418 0.0627214 0.0189832
v -0.0144636 0.0599756 0.0205727
v -0.0191026 0.0418656 0.0219348
v -0.0207523 0.0418656 0.0219348
v -0.0224021 0.0418656 0.0219348
v -0.0240519 0.0418656 0.0219348
v -0.0257005 0.0418656 0.0219348
v -0.0273503 0.0418656 0.0219348
v -0.0290000 0.0418656 0.0219348
v -0.0306498 0.0418656 0.0219348
v -0.0322996 0.0418656 0.0219348
v -0.0339494 0.0418656 0.0219348
v -0.0355991 0.0418656 0.0219348
v -0.0372489 0.0418656 0.0219348
v -0.0388987 0.0418656 0.0219348
v -0.0405484 0.0418656 0.0219348
v -0.0421982 0.0418656 0.0219348
v -0.0438480 0.0418656 0.0219348
v -0.0454966 0.0418656 0.0219348
v -0.0471464 0.0418656 0.0219348
v -0.0487962 0.0418656 0.0219348
v -0.0504459 0.0418656 0.0219348
v -0.0520957 0.0418656 0.0219348
v -0.0537455 0.0418656 0.0219348
v -0.0150765 0.0658948 0.0139156
v -0.0166273 0.0658948 0.0139167
v -0.0181770 0.0658948 0.0139179
v -0.0197268 0.0658948 0.0139190
v -0.0212776 0.0658948 0.0139202
v -0.0228273 0.0658948 0.0139213
v -0.0243782 0.0658948 0.0139224
v -0.0259279 0.0658948 0.0139236
v -0.0274788 0.0658948 0.0139236
v -0.0290285 0.0658948 0.0139247
v -0.0305793 0.0658948 0.0139258
v -0.0321290 0.0658948 0.0139270
v -0.0336799 0.0658948 0.0139281
v -0.0352296 0.0658948 0.0139293
v -0.0367793 0.0658948 0.0139304
v -0.0383302 0.0658948 0.0139315
v -0.0398799 0.0658948 0.0139327
v -0.0414308 0.0658948 0.0139338
v -0.0429805 0.0658948 0.0139349
v -0.0445313 0.0658948 0.0139361
v -0.0460810 0.0658948 0.0139372
v -0.0476319 0.0658948 0.0139384
v -0.0152857 0.0646611 0.0168058
v -0.0168399 0.0646611 0.0168070
v -0.0183953 0.0646611 0.0168070
v -0.0199508 0.0646611 0.0168081
v -0.0215062 0.0646611 0.0168081
v -0.0230616 0.0646611 0.0168092
v -0.0246170 0.0646611 0.0168092
v -0.0261724 0.0646611 0.0168104
v -0.0277278 0.0646611 0.0168115
v -0.0292832 0.0646611 0.0168115
v -0.0308374 0.0646611 0.0168127
v -0.0323928 0.0646611 0.0168127
v -0.0339482 0.0646611 0.0168138
v -0.0355036 0.0646611 0.0168138
v -0.0370590 0.0646611 0.0168149
v -0.0386144 0.0646611 0.0168149
v -0.0401698 0.0646611 0.0168161
v -0.0417252 0.0646611 0.0168172
v -0.0432806 0.0646611 0.0168172
v -0.0448360 0.0646611 0.0168183
v -0.0463903 0.0646611 0.0168183
v -0.0479457 0.0646611 0.0168195
v -0.0156040 0.0627237 0.0189832
v -0.0171674 0.0627249 0.0189832
v -0.0187308 0.0627271 0.0189832
v -0.0202930 0.0627294 0.0189843
v -0.0218563 0.0627317 0.0189843
v -0.0234197 0.0627340 0.0189843
v -0.0249831 0.0627362 0.0189843
v -0.0265453 0.0627374 0.0189854
v -0.0281086 0.0627396 0.0189854
v -0.0296720 0.0627419 0.0189854
v -0.0312342 0.0627442 0.0189866
v -0.0327976 0.0627465 0.0189866
v -0.0343610 0.0627487 0.0189866
v -0.0359232 0.0627499 0.0189866
v -0.0374865 0.0627521 0.0189877
v -0.0390499 0.0627544 0.0189877
v -0.0406121 0.0627567 0.0189877
v -0.0421755 0.0627590 0.0189877
v -0.0437388 0.0627612 0.0189889
v -0.0453011 0.0627624 0.0189889
v -0.0468644 0.0627646 0.0189889
v -0.0484278 0.0627669 0.0189889
v -0.0160372 0.0599858 0.0205727
v -0.0176108 0.0599949 0.0205727
v -0.0191844 0.0600040 0.0205727
v -0.0207580 0.0600131 0.0205727
v -0.0223305 0.0600234 0.0205727
v -0.0239041 0.0600325 0.0205727
v -0.0254777 0.0600416 0.0205727
v -0.0270512 0.0600507 0.0205727
v -0.0286248 0.0600609 0.0205727
v -0.0301984 0.0600700 0.0205727
v -0.0317720 0.0600791 0.0205727
v -0.0333456 0.0600882 0.0205727
v -0.0349192 0.0600984 0.0205727
v -0.0364917 0.0601075 0.0205727
v -0.0380653 0.0601166 0.0205738
v -0.0396389 0.0601257 0.0205738
v -0.0412124 0.0601359 0.0205738
v -0.0427860 0.0601450 0.0205738
v -0.0443596 0.0601541 0.0205738
v -0.0459332 0.0601632 0.0205738
v -0.0475068 0.0601735 0.0205738
v -0.0490804 0.0601825 0.0205738
v -0.0498979 0.0569694 0.0214493
v -0.0483118 0.0569603 0.0214493
v -0.0467257 0.0569501 0.0219348
v -0.0451385 0.0569410 0.0219348
v -0.0435524 0.0569308 0.0219348
v -0.0419651 0.0569217 0.0219348
v -0.0403790 0.0569114 0.0219348
v -0.0387929 0.0569023 0.0219348
v -0.0372057 0.0568921 0.0219348
v -0.0356196 0.0568830 0.0219348
v -0.0340324 0.0568728 0.0219348
v -0.0324463 0.0568637 0.0219348
v -0.0308602 0.0568534 0.0219348
v -0.0292729 0.0568443 0.0219348
v -0.0276868 0.0568341 0.0219348
v -0.0260996 0.0568250 0.0219348
v -0.0245135 0.0568148 0.0219348
v -0.0229274 0.0568057 0.0219348
v -0.0213402 0.0567955 0.0219348
v -0.0197541 0.0567864 0.0219348
v -0.0181668 0.0567761 0.0219348
v -0.0165807 0.0567670 0.0219348
v -0.0498979 0.0569694 0.0210798
v -0.0483118 0.0569603 0.0210798
v -0.0467257 0.0569501 0.0210798
v -0.0451385 0.0569410 0.0210798
v -0.0435524 0.0569308 0.0210798
v -0.0419651 0.0569217 0.0210798
v -0.0403790 0.0569114 0.0210798
v -0.0387929 0.0569023 0.0210798
v -0.0372057 0.0568921 0.0210798
v -0.0356196 0.0568830 0.0210798
v -0.0340324 0.0568728 0.0210798
v -0.0324463 0.0568637 0.0210798
v -0.0308602 0.0568534 0.0210798
v -0.0292729 0.0568443 0.0210798
v -0.0276868 0.0568341 0.0210798
v -0.0260996 0.0568250 0.0210798
v -0.0245135 0.0568148 0.0210798
v -0.0229274 0.0568057 0.0210798
v -0.0213402 0.0567955 0.0210798
v -0.0197541 0.0567864 0.0210798
v -0.0181668 0.0567761 0.0210798
v -0.0165807 0.0567670 0.0210798
v -0.0715382 0.0418656 0.0210798
v -0.0697099 0.0418656 0.0210798
v -0.0667015 0.0418656 0.0210798
v -0.0682387 0.0418656 0.0210798
v -0.0631586 0.0418656 0.0210798
v -0.0648300 0.0418656 0.0210798
v -0.0599432 0.0418656 0.0210798
v -0.0617544 0.0418656 0.0210798
v -0.0567869 0.0418656 0.0210798
v -0.0585049 0.0418656 0.0210798
v -0.0537455 0.0418656 0.0210798
v -0.0553953 0.0418656 0.0210798
v -0.0174528 0.0418656 0.0210798
v -0.0191026 0.0418656 0.0210798
v -0.0207523 0.0418656 0.0210798
v -0.0224021 0.0418656 0.0210798
v -0.0240519 0.0418656 0.0210798
v -0.0257005 0.0418656 0.0210798
v -0.0273503 0.0418656 0.0210798
v -0.0290000 0.0418656 0.0210798
v -0.0306498 0.0418656 0.0210798
v -0.0322996 0.0418656 0.0210798
v -0.0339494 0.0418656 0.0210798
v -0.0355991 0.0418656 0.0210798
v -0.0372489 0.0418656 0.0210798
v -0.0388987 0.0418656 0.0210798
v -0.0405484 0.0418656 0.0210798
v -0.0421982 0.0418656 0.0210798
v -0.0438480 0.0418656 0.0210798
v -0.0454966 0.0418656 0.0210798
v -0.0471464 0.0418656 0.0210798
v -0.0487962 0.0418656 0.0210798
v -0.0504459 0.0418656 0.0210798
v -0.0520957 0.0418656 0.0210798
v -0.0938505 0.0419873 0.0165523
v -0.0929432 0.0457371 0.0165523
v -0.0894572 0.0493493 0.0165523
v -0.0871332 0.0532230 0.0165523
v -0.0842964 0.0569717 0.0165523
v -0.0797552 0.0602837 0.0165523
v -0.0774961 0.0627897 0.0165523
v -0.0840485 0.0532230 0.0163715
v -0.0862327 0.0493493 0.0163715
v -0.0874447 0.0418656 0.0168331
v -0.0876005 0.0418656 0.0144102
v -0.0876710 0.0457371 0.0144102
v -0.0792868 0.0576050 0.0144102
v -0.0775734 0.0602837 0.0144102
v -0.0768764 0.0627897 0.0144238
v -0.0768764 0.0646611 0.0141476
v -0.0929432 0.0419873 0.0184022
v -0.0929432 0.0458053 0.0184022
v -0.0894572 0.0494255 0.0184022
v -0.0871332 0.0533049 0.0184022
v -0.0842964 0.0570536 0.0184022
v -0.0797552 0.0602837 0.0186660
v -0.0801634 0.0587545 0.0116325
v -0.0817745 0.0599904 0.0116325
v -0.0836506 0.0607681 0.0116325
v -0.0856642 0.0610330 0.0116325
v -0.0876767 0.0607681 0.0116325
v -0.0895527 0.0599904 0.0116325
v -0.0911638 0.0587545 0.0116325
v -0.0923997 0.0571434 0.0116325
v -0.0931774 0.0552673 0.0116325
v -0.0934423 0.0532537 0.0116325
v -0.0931774 0.0512413 0.0116325
v -0.0923997 0.0493652 0.0116325
v -0.0911638 0.0477541 0.0116325
v -0.0895527 0.0465182 0.0116325
v -0.0876767 0.0457405 0.0116325
v -0.0801634 0.0587545 0.0067958
v -0.0817745 0.0599904 0.0067958
v -0.0836506 0.0607681 0.0067958
v -0.0856642 0.0610330 0.0067958
v -0.0876767 0.0607681 0.0067958
v -0.0895527 0.0599904 0.0067958
v -0.0911638 0.0587545 0.0067958
v -0.0923997 0.0571434 0.0067958
v -0.0931774 0.0552673 0.0067958
v -0.0934423 0.0532537 0.0067958
v -0.0931774 0.0512413 0.0067958
v -0.0923997 0.0493652 0.0067958
v -0.0911638 0.0477541 0.0067958
v -0.0895527 0.0465182 0.0067958
v -0.0876767 0.0457405 0.0067719
v -0.0833970 0.0613798 0.0116325
v -0.0815210 0.0606032 0.0116325
v -0.0877631 0.0614253 0.0116325
v -0.0857506 0.0616902 0.0116325
v -0.0915674 0.0592798 0.0116325
v -0.0899563 0.0605168 0.0116325
v -0.0937891 0.0555209 0.0116325
v -0.0930125 0.0573969 0.0116325
v -0.0938346 0.0511549 0.0116325
v -0.0940995 0.0531673 0.0116325
v -0.0833970 0.0613798 0.0068993
v -0.0815210 0.0606032 0.0068993
v -0.0877631 0.0614253 0.0068993
v -0.0857506 0.0616902 0.0068993
v -0.0915674 0.0592798 0.0067958
v -0.0899563 0.0605168 0.0067958
v -0.0937891 0.0555209 0.0068993
v -0.0930125 0.0573969 0.0068993
v -0.0938346 0.0511549 0.0068993
v -0.0940995 0.0531673 0.0068993
v -0.0911638 0.0587545 0.0088583
v -0.0923997 0.0571434 0.0088583
v -0.0801634 0.0587545 0.0088583
v -0.0931774 0.0552673 0.0088583
v -0.0817745 0.0599904 0.0088583
v -0.0934423 0.0532537 0.0088583
v -0.0836506 0.0607681 0.0088583
v -0.0931774 0.0512413 0.0088583
v -0.0856642 0.0610330 0.0088583
v -0.0923997 0.0493652 0.0088583
v -0.0876767 0.0607681 0.0088583
v -0.0911638 0.0477541 0.0088583
v -0.0895527 0.0599904 0.0088583
v -0.0895527 0.0465182 0.0088583
v -0.0915674 0.0592798 0.0088583
v -0.0930125 0.0573969 0.0088583
v -0.0937891 0.0555209 0.0088583
v -0.0815210 0.0606032 0.0088583
v -0.0940995 0.0531673 0.0088583
v -0.0833970 0.0613798 0.0088583
v -0.0938346 0.0511549 0.0088583
v -0.0857506 0.0616902 0.0088583
v -0.0877631 0.0614253 0.0088583
v -0.0899563 0.0605168 0.0088583
v -0.0792868 0.0576050 0.0163715
v -0.0801634 0.0587545 0.0163715
v -0.0817745 0.0599904 0.0163715
v -0.0836506 0.0607681 0.0163715
v -0.0856642 0.0610330 0.0163715
v -0.0876767 0.0607681 0.0163715
v -0.0895527 0.0599904 0.0163715
v -0.0911638 0.0587545 0.0163715
v -0.0923997 0.0571434 0.0163715
v -0.0931774 0.0552673 0.0163715
v -0.0934423 0.0532537 0.0163715
v -0.0931774 0.0512413 0.0163715
v -0.0923997 0.0493652 0.0163715
v -0.0911638 0.0477541 0.0163715
v -0.0895527 0.0465182 0.0163715
v -0.0876767 0.0457405 0.0163215
v -0.0833970 0.0613798 0.0163715
v -0.0815210 0.0606032 0.0163715
v -0.0877631 0.0614253 0.0163715
v -0.0857506 0.0616902 0.0163715
v -0.0915674 0.0592798 0.0163715
v -0.0899563 0.0605168 0.0163715
v -0.0937891 0.0555209 0.0163715
v -0.0930125 0.0573969 0.0163715
v -0.0938346 0.0511549 0.0163715
v -0.0940995 0.0531673 0.0163715
v -0.0911638 0.0587545 0.0144068
v -0.0923997 0.0571434 0.0144068
v -0.0801634 0.0587545 0.0144068
v -0.0931774 0.0552673 0.0144068
v -0.0817745 0.0599904 0.0144068
v -0.0934423 0.0532537 0.0144068
v -0.0836506 0.0607681 0.0144068
v -0.0931774 0.0512413 0.0144068
v -0.0856642 0.0610330 0.0144068
v -0.0923997 0.0493652 0.0144068
v -0.0876767 0.0607681 0.0144068
v -0.0911638 0.0477541 0.0144068
v -0.0895527 0.0599904 0.0144068
v -0.0895527 0.0465182 0.0144068
v -0.0915674 0.0592798 0.0144068
v -0.0930125 0.0573969 0.0144068
v -0.0937891 0.0555209 0.0144068
v -0.0815210 0.0606032 0.0144068
v -0.0940995 0.0531673 0.0144068
v -0.0833970 0.0613798 0.0144068
v -0.0938346 0.0511549 0.0144068
v -0.0857506 0.0616902 0.0144068
v -0.0877631 0.0614253 0.0144068
v -0.0899563 0.0605168 0.0144068
v 0.0467882 0.0516688 0.0013303
v -0.0157064 0.0524419 0.0013303
v -0.0157393 0.0522452 0.0021853
v -0.0173425 0.0522646 0.0021853
v -0.0173095 0.0524624 0.0013303
v -0.0189115 0.0524817 0.0013303
v -0.0189457 0.0522850 0.0021853
v -0.0205488 0.0523043 0.0021853
v -0.0205147 0.0525022 0.0013303
v -0.0221167 0.0525215 0.0013303
v -0.0221520 0.0523248 0.0021853
v -0.0237551 0.0523441 0.0021853
v -0.0237187 0.0525420 0.0013303
v -0.0253208 0.0525613 0.0013303
v -0.0253583 0.0523635 0.0021853
v -0.0269614 0.0523839 0.0021853
v -0.0269228 0.0525806 0.0013303
v -0.0285248 0.0526011 0.0013303
v -0.0285634 0.0524033 0.0021853
v -0.0301666 0.0524237 0.0021853
v -0.0301268 0.0526204 0.0013303
v -0.0317277 0.0526409 0.0013303
v -0.0317686 0.0524431 0.0021853
v -0.0333718 0.0524635 0.0021853
v -0.0333297 0.0526602 0.0013303
v -0.0349317 0.0526807 0.0013303
v -0.0349738 0.0524829 0.0021853
v -0.0365758 0.0525033 0.0021853
v -0.0365326 0.0527000 0.0013303
v -0.0381335 0.0527193 0.0013303
v -0.0381778 0.0525227 0.0021853
v -0.0397798 0.0525431 0.0021853
v -0.0397355 0.0527398 0.0013303
v -0.0413364 0.0527591 0.0013303
v -0.0413819 0.0525624 0.0021853
v -0.0429839 0.0525818 0.0021853
v -0.0429373 0.0527796 0.0013303
v -0.0445381 0.0527989 0.0013303
v -0.0445848 0.0526022 0.0021853
v -0.0461868 0.0526216 0.0021853
v -0.0461390 0.0528194 0.0013303
v -0.0477399 0.0528387 0.0013303
v -0.0477877 0.0526420 0.0021853
v -0.0493897 0.0526614 0.0021853
v -0.0493396 0.0528581 0.0013303
v -0.0509405 0.0528785 0.0013303
v -0.0509906 0.0526818 0.0021853
v -0.0525914 0.0527012 0.0021853
v -0.0525403 0.0528979 0.0013303
v -0.0538910 0.0529149 0.0013303
v -0.0539433 0.0527182 0.0021853
v -0.0556101 0.0527387 0.0021853
v -0.0555578 0.0529354 0.0013303
v -0.0569529 0.0529524 0.0013303
v -0.0570052 0.0527557 0.0021853
v -0.0587630 0.0527773 0.0021853
v -0.0587084 0.0529752 0.0013303
v -0.0600706 0.0529911 0.0013303
v -0.0601251 0.0527944 0.0021853
v -0.0617465 0.0528149 0.0021853
v -0.0616908 0.0530116 0.0013303
v -0.0635054 0.0530343 0.0013303
v -0.0635622 0.0528365 0.0021853
v -0.0650540 0.0528558 0.0021853
v -0.0649971 0.0530525 0.0013303
v -0.0664240 0.0530707 0.0013303
v -0.0664809 0.0528728 0.0021853
v -0.0682546 0.0528956 0.0021853
v -0.0681955 0.0530923 0.0013303
v -0.0842964 0.0532913 0.0013303
v 0.0467882 0.0489207 0.0013303
v -0.0162464 0.0491697 0.0013303
v -0.0162749 0.0490014 0.0021853
v -0.0178939 0.0490082 0.0021853
v -0.0178655 0.0491765 0.0013303
v -0.0194834 0.0491822 0.0013303
v -0.0195130 0.0490150 0.0021853
v -0.0211321 0.0490207 0.0021853
v -0.0211025 0.0491890 0.0013303
v -0.0227205 0.0491958 0.0013303
v -0.0227512 0.0490275 0.0021853
v -0.0243702 0.0490332 0.0021853
v -0.0243384 0.0492015 0.0013303
v -0.0259575 0.0492083 0.0013303
v -0.0259893 0.0490401 0.0021853
v -0.0276084 0.0490469 0.0021853
v -0.0275754 0.0492151 0.0013303
v -0.0291933 0.0492208 0.0013303
v -0.0292274 0.0490526 0.0021853
v -0.0308465 0.0490594 0.0021853
v -0.0308124 0.0492277 0.0013303
v -0.0324303 0.0492333 0.0013303
v -0.0324656 0.0490651 0.0021853
v -0.0340847 0.0490719 0.0021853
v -0.0340483 0.0492402 0.0013303
v -0.0356674 0.0492470 0.0013303
v -0.0357026 0.0490787 0.0021853
v -0.0373217 0.0490844 0.0021853
v -0.0372853 0.0492527 0.0013303
v -0.0389032 0.0492595 0.0013303
v -0.0389407 0.0490912 0.0021853
v -0.0405598 0.0490980 0.0021853
v -0.0405223 0.0492652 0.0013303
v -0.0421402 0.0492720 0.0013303
v -0.0421789 0.0491037 0.0021853
v -0.0437980 0.0491105 0.0021853
v -0.0437582 0.0492788 0.0013303
v -0.0453761 0.0492845 0.0013303
v -0.0454170 0.0491162 0.0021853
v -0.0470350 0.0491231 0.0021853
v -0.0469952 0.0492913 0.0013303
v -0.0486131 0.0492981 0.0013303
v -0.0486540 0.0491299 0.0021853
v -0.0502731 0.0491356 0.0021853
v -0.0502310 0.0493038 0.0013303
v -0.0518490 0.0493107 0.0013303
v -0.0518922 0.0491424 0.0021853
v -0.0535113 0.0491492 0.0021853
v -0.0534669 0.0493163 0.0013303
v -0.0548324 0.0493220 0.0013303
v -0.0548768 0.0491538 0.0021853
v -0.0565629 0.0491606 0.0021853
v -0.0565175 0.0493288 0.0013303
v -0.0579285 0.0493345 0.0013303
v -0.0579739 0.0491663 0.0021853
v -0.0597511 0.0491731 0.0021853
v -0.0597044 0.0493414 0.0013303
v -0.0610825 0.0493470 0.0013303
v -0.0611291 0.0491788 0.0021853
v -0.0627686 0.0491856 0.0021853
v -0.0627209 0.0493539 0.0013303
v -0.0645571 0.0493607 0.0013303
v -0.0646049 0.0491924 0.0021853
v -0.0661137 0.0491981 0.0021853
v -0.0660648 0.0493664 0.0013303
v -0.0675087 0.0493721 0.0013303
v -0.0675576 0.0492038 0.0021853
v -0.0693507 0.0492117 0.0021853
v -0.0693006 0.0493789 0.0013303
v -0.0842964 0.0494380 0.0013303
v -0.0871332 0.0494494 0.0013303
v 0.0467882 0.0429310 0.0013303
v -0.0167206 0.0463010 0.0013303
v -0.0167331 0.0462226 0.0021853
v -0.0183669 0.0462135 0.0021853
v -0.0183533 0.0462908 0.0013303
v -0.0199871 0.0462806 0.0013303
v -0.0199996 0.0462033 0.0021853
v -0.0216335 0.0461930 0.0021853
v -0.0216199 0.0462703 0.0013303
v -0.0232537 0.0462613 0.0013303
v -0.0232673 0.0461839 0.0021853
v -0.0249012 0.0461737 0.0021853
v -0.0248864 0.0462510 0.0013303
v -0.0265203 0.0462408 0.0013303
v -0.0265351 0.0461635 0.0021853
v -0.0281689 0.0461532 0.0021853
v -0.0281541 0.0462306 0.0013303
v -0.0297880 0.0462215 0.0013303
v -0.0298028 0.0461441 0.0021853
v -0.0314378 0.0461339 0.0021853
v -0.0314218 0.0462112 0.0013303
v -0.0330557 0.0462010 0.0013303
v -0.0330716 0.0461237 0.0021853
v -0.0347055 0.0461134 0.0021853
v -0.0346895 0.0461919 0.0013303
v -0.0363234 0.0461817 0.0013303
v -0.0363405 0.0461043 0.0021853
v -0.0379754 0.0460941 0.0021853
v -0.0379584 0.0461714 0.0013303
v -0.0395922 0.0461612 0.0013303
v -0.0396093 0.0460839 0.0021853
v -0.0412443 0.0460748 0.0021853
v -0.0412272 0.0461521 0.0013303
v -0.0428622 0.0461419 0.0013303
v -0.0428793 0.0460646 0.0021853
v -0.0445143 0.0460543 0.0021853
v -0.0444961 0.0461316 0.0013303
v -0.0461311 0.0461225 0.0013303
v -0.0461493 0.0460441 0.0021853
v -0.0477854 0.0460350 0.0021853
v -0.0477661 0.0461123 0.0013303
v -0.0494010 0.0461021 0.0013303
v -0.0494204 0.0460248 0.0021853
v -0.0510554 0.0460145 0.0021853
v -0.0510360 0.0460918 0.0013303
v -0.0526710 0.0460827 0.0013303
v -0.0526915 0.0460043 0.0021853
v -0.0543265 0.0459952 0.0021853
v -0.0543072 0.0460725 0.0013303
v -0.0556875 0.0460646 0.0013303
v -0.0557068 0.0459861 0.0021853
v -0.0574100 0.0459759 0.0021853
v -0.0573895 0.0460532 0.0013303
v -0.0588165 0.0460452 0.0013303
v -0.0588369 0.0459679 0.0021853
v -0.0606322 0.0459565 0.0021853
v -0.0606118 0.0460339 0.0013303
v -0.0620046 0.0460259 0.0013303
v -0.0620250 0.0459486 0.0021853
v -0.0636828 0.0459383 0.0021853
v -0.0636612 0.0460157 0.0013303
v -0.0655167 0.0460043 0.0013303
v -0.0655395 0.0459270 0.0021853
v -0.0670653 0.0459179 0.0021853
v -0.0670426 0.0459952 0.0013303
v -0.0685013 0.0459861 0.0013303
v -0.0685241 0.0459088 0.0021853
v -0.0703376 0.0458974 0.0021853
v -0.0703148 0.0459747 0.0013303
v -0.0842964 0.0458906 0.0013303
v -0.0871332 0.0458735 0.0013303
v -0.0894572 0.0458588 0.0013303
v 0.0467882 0.0516688 0.0219348
v -0.0157064 0.0524419 0.0219348
v -0.0157393 0.0522452 0.0210798
v -0.0173425 0.0522646 0.0210798
v -0.0173095 0.0524624 0.0219348
v -0.0189115 0.0524817 0.0219348
v -0.0189457 0.0522850 0.0210798
v -0.0205488 0.0523043 0.0210798
v -0.0205147 0.0525022 0.0219348
v -0.0221167 0.0525215 0.0219348
v -0.0221520 0.0523248 0.0210798
v -0.0237551 0.0523441 0.0210798
v -0.0237187 0.0525420 0.0219348
v -0.0253208 0.0525613 0.0219348
v -0.0253583 0.0523635 0.0210798
v -0.0269614 0.0523839 0.0210798
v -0.0269228 0.0525806 0.0219348
v -0.0285248 0.0526011 0.0219348
v -0.0285634 0.0524033 0.0210798
v -0.0301666 0.0524237 0.0210798
v -0.0301268 0.0526204 0.0219348
v -0.0317277 0.0526409 0.0219348
v -0.0317686 0.0524431 0.0210798
v -0.0333718 0.0524635 0.0210798
v -0.0333297 0.0526602 0.0219348
v -0.0349317 0.0526807 0.0219348
v -0.0349738 0.0524829 0.0210798
v -0.0365758 0.0525033 0.0210798
v -0.0365326 0.0527000 0.0219348
v -0.0381335 0.0527193 0.0219348
v -0.0381778 0.0525227 0.0210798
v -0.0397798 0.0525431 0.0210798
v -0.0397355 0.0527398 0.0219348
v -0.0413364 0.0527591 0.0219348
v -0.0413819 0.0525624 0.0210798
v -0.0429839 0.0525818 0.0210798
v -0.0429373 0.0527796 0.0219348
v -0.0445381 0.0527989 0.0219348
v -0.0445848 0.0526022 0.0210798
v -0.0461868 0.0526216 0.0210798
v -0.0461390 0.0528194 0.0219348
v -0.0842964 0.0532913 0.0219348
v 0.0467882 0.0489207 0.0219348
v -0.0162464 0.0491697 0.0219348
v -0.0162749 0.0490014 0.0210798
v -0.0178939 0.0490082 0.0210798
v -0.0178655 0.0491765 0.0219348
v -0.0194834 0.0491822 0.0219348
v -0.0195130 0.0490150 0.0210798
v -0.0211321 0.0490207 0.0210798
v -0.0211025 0.0491890 0.0219348
v -0.0227205 0.0491958 0.0219348
v -0.0227512 0.0490275 0.0210798
v -0.0243702 0.0490332 0.0210798
v -0.0243384 0.0492015 0.0219348
v -0.0259575 0.0492083 0.0219348
v -0.0259893 0.0490401 0.0210798
v -0.0276084 0.0490469 0.0210798
v -0.0275754 0.0492151 0.0219348
v -0.0291933 0.0492208 0.0219348
v -0.0292274 0.0490526 0.0210798
v -0.0308465 0.0490594 0.0210798
v -0.0308124 0.0492277 0.0219348
v -0.0324303 0.0492333 0.0219348
v -0.0324656 0.0490651 0.0210798
v -0.0340847 0.0490719 0.0210798
v -0.0340483 0.0492402 0.0219348
v -0.0356674 0.0492470 0.0219348
v -0.0357026 0.0490787 0.0210798
v -0.0373217 0.0490844 0.0210798
v -0.0372853 0.0492527 0.0219348
v -0.0389032 0.0492595 0.0219348
v -0.0389407 0.0490912 0.0210798
v -0.0405598 0.0490980 0.0210798
v -0.0405223 0.0492652 0.0219348
v -0.0421402 0.0492720 0.0219348
v -0.0421789 0.0491037 0.0210798
v -0.0437980 0.0491105 0.0210798
v -0.0437582 0.0492788 0.0219348
v -0.0453761 0.0492845 0.0219348
v -0.0454170 0.0491162 0.0210798
v -0.0470350 0.0491231 0.0210798
v -0.0469952 0.0492913 0.0219348
v -0.0693006 0.0493789 0.0219348
v -0.0842964 0.0494380 0.0219348
v -0.0871332 0.0494494 0.0219348
v 0.0467882 0.0432812 0.0219348
v -0.0167206 0.0463010 0.0219348
v -0.0167331 0.0462226 0.0210798
v -0.0183669 0.0462135 0.0210798
v -0.0183533 0.0462908 0.0219348
v -0.0199871 0.0462806 0.0219348
v -0.0199996 0.0462033 0.0210798
v -0.0216335 0.0461930 0.0210798
v -0.0216199 0.0462703 0.0219348
v -0.0232537 0.0462613 0.0219348
v -0.0232673 0.0461839 0.0210798
v -0.0249012 0.0461737 0.0210798
v -0.0248864 0.0462510 0.0219348
v -0.0265203 0.0462408 0.0219348
v -0.0265351 0.0461635 0.0210798
v -0.0281689 0.0461532 0.0210798
v -0.0281541 0.0462306 0.0219348
v -0.0297880 0.0462215 0.0219348
v -0.0298028 0.0461441 0.0210798
v -0.0314378 0.0461339 0.0210798
v -0.0314218 0.0462112 0.0219348
v -0.0330557 0.0462010 0.0219348
v -0.0330716 0.0461237 0.0210798
v -0.0347055 0.0461134 0.0210798
v -0.0346895 0.0461919 0.0219348
v -0.0363234 0.0461817 0.0219348
v -0.0363405 0.0461043 0.0210798
v -0.0379754 0.0460941 0.0210798
v -0.0379584 0.0461714 0.0219348
v -0.0395922 0.0461612 0.0219348
v -0.0396093 0.0460839 0.0210798
v -0.0412443 0.0460748 0.0210798
v -0.0412272 0.0461521 0.0219348
v -0.0428622 0.0461419 0.0219348
v -0.0428793 0.0460646 0.0210798
v -0.0445143 0.0460543 0.0210798
v -0.0444961 0.0461316 0.0219348
v -0.0461311 0.0461225 0.0219348
v -0.0461493 0.0460441 0.0210798
v -0.0477854 0.0460350 0.0210798
v -0.0477661 0.0461123 0.0219348
v -0.0494010 0.0461021 0.0219348
v -0.0636612 0.0460157 0.0219348
v -0.0655167 0.0460043 0.0219348
v -0.0670426 0.0459952 0.0219348
v -0.0685013 0.0459861 0.0219348
v -0.0703148 0.0459747 0.0219348
v -0.0842964 0.0458906 0.0219348
v -0.0871332 0.0458735 0.0219348
v -0.0894572 0.0458588 0.0219348
v -0.0768764 0.0658948 0.0093040
v -0.0768764 0.0661893 0.0116325
v -0.0768764 0.0646611 0.0064319
v -0.0647208 0.0646611 0.0064388
v -0.0725479 0.0659073 0.0093438
v -0.0725240 0.0661915 0.0116325
v -0.0768764 0.0658948 0.0139611
v -0.0768764 0.0646611 0.0168331
v -0.0647208 0.0646611 0.0168263
v -0.0725479 0.0659073 0.0139213
v -0.0725479 0.0661915 0.0093438
v -0.0731380 0.0668089 0.0093426
v -0.0750754 0.0661893 0.0093040
v -0.0744864 0.0668089 0.0093097
v -0.0744853 0.0668089 0.0116325
v -0.0731141 0.0668089 0.0116325
v -0.0731380 0.0668089 0.0139224
v -0.0725479 0.0661915 0.0139213
v -0.0744864 0.0668089 0.0139554
v -0.0750754 0.0661893 0.0139611
v -0.0744864 0.0668089 0.0074928
v -0.0750754 0.0661893 0.0074928
v -0.0725968 0.0661915 0.0074939
v -0.0731812 0.0668089 0.0074939
v -0.0750754 0.0661893 0.0157723
v -0.0744864 0.0668089 0.0157723
v -0.0731812 0.0668089 0.0157712
v -0.0725968 0.0661915 0.0157712
v -0.0746968 0.0668089 0.0093097
v -0.0746956 0.0668089 0.0116325
v -0.0746968 0.0668089 0.0074928
v -0.0729276 0.0668089 0.0093381
v -0.0729765 0.0668089 0.0074939
v -0.0729026 0.0668089 0.0116325
v -0.0746968 0.0668089 0.0139554
v -0.0746968 0.0668089 0.0157723
v -0.0729765 0.0668089 0.0157712
v -0.0729276 0.0668089 0.0139270
v -0.0731152 0.0674650 0.0116325
v -0.0731380 0.0684155 0.0093426
v -0.0744864 0.0674650 0.0074928
v -0.0731812 0.0674650 0.0074939
v -0.0744864 0.0674650 0.0157723
v -0.0731812 0.0674650 0.0157712
v -0.0744864 0.0674650 0.0093097
v -0.0731380 0.0674650 0.0093426
v -0.0731380 0.0674650 0.0139224
v -0.0744864 0.0674650 0.0139554
v -0.0744853 0.0674650 0.0116325
v -0.0744864 0.0684155 0.0093097
v -0.0731380 0.0684155 0.0139224
v -0.0744864 0.0684155 0.0139554
v -0.0744864 0.0684155 0.0104239
v -0.0731380 0.0684155 0.0104364
v -0.0731380 0.0684155 0.0128286
v -0.0744864 0.0684155 0.0128412
v -0.0744864 0.0678515 0.0074928
v -0.0744864 0.0684155 0.0080578
v -0.0731675 0.0684155 0.0080578
v -0.0731812 0.0678515 0.0074939
v -0.0744864 0.0684155 0.0152084
v -0.0744864 0.0678515 0.0157723
v -0.0731812 0.0678515 0.0157712
v -0.0731675 0.0684155 0.0152072
v -0.0744864 0.0676855 0.0104239
v -0.0744864 0.0674945 0.0105342
v -0.0731380 0.0676855 0.0104364
v -0.0731357 0.0674945 0.0105467
v -0.0731334 0.0674650 0.0126081
v -0.0731368 0.0675753 0.0127991
v -0.0744864 0.0674650 0.0126206
v -0.0744864 0.0675753 0.0128116
v 0.0916391 0.0679971 0.0116325
v 0.0926635 0.0679971 0.0116325
v 0.0902190 0.0679971 0.0116325
v 0.0917118 0.0663155 0.0094154
v 0.0917130 0.0669840 0.0101192
v 0.0917130 0.0667714 0.0096053
v 0.0902167 0.0663234 0.0093915
v 0.0902178 0.0669840 0.0101192
v 0.0902178 0.0667907 0.0096053
v 0.0926624 0.0669840 0.0101192
v 0.0926612 0.0663223 0.0093915
v 0.0926624 0.0667907 0.0096053
v 0.0917130 0.0669840 0.0131459
v 0.0917118 0.0662961 0.0138576
v 0.0917130 0.0667714 0.0136598
v 0.0902178 0.0669840 0.0131459
v 0.0902167 0.0663234 0.0138735
v 0.0902178 0.0667907 0.0136598
v 0.0926612 0.0663223 0.0138735
v 0.0926624 0.0669840 0.0131459
v 0.0926624 0.0667907 0.0136598
v 0.0902190 0.0669840 0.0116325
v 0.0926635 0.0669840 0.0116325
v 0.0916379 0.0669840 0.0112858
v 0.0902178 0.0669840 0.0112858
v 0.0926624 0.0669840 0.0112858
v 0.0902178 0.0669840 0.0119793
v 0.0916379 0.0669840 0.0119793
v 0.0926624 0.0669840 0.0119793
v 0.0916379 0.0679971 0.0112858
v 0.0902178 0.0679971 0.0112858
v 0.0926624 0.0679971 0.0112858
v 0.0902178 0.0679971 0.0119793
v 0.0916379 0.0679971 0.0119793
v 0.0926624 0.0679971 0.0119793
v 0.0153653 0.0658959 0.0093938
v 0.0153573 0.0646634 0.0064865
v 0.0153471 0.0626441 0.0042955
v 0.0153323 0.0596175 0.0026958
v 0.0153187 0.0575277 0.0023649
v -0.0136689 0.0578881 0.0023649
v -0.0165807 0.0567670 0.0021853
v -0.0135268 0.0658948 0.0093506
v -0.0150765 0.0658948 0.0093495
v -0.0166273 0.0658948 0.0093483
v -0.0181770 0.0658948 0.0093472
v -0.0197541 0.0567864 0.0021853
v -0.0181668 0.0567761 0.0021853
v -0.0126001 0.0645008 0.0066252
v -0.0152959 0.0645008 0.0066241
v -0.0168456 0.0644997 0.0066230
v -0.0129173 0.0625748 0.0044627
v -0.0156302 0.0625827 0.0044615
v -0.0171799 0.0625827 0.0044604
v -0.0133903 0.0598528 0.0026446
v -0.0160838 0.0600040 0.0026947
v -0.0176336 0.0600040 0.0026935
v 0.0468417 0.0658948 0.0093915
v 0.0468349 0.0646611 0.0064842
v 0.0468235 0.0626396 0.0042933
v 0.0468098 0.0596106 0.0026958
v 0.0467882 0.0563816 0.0021853
v 0.0468440 0.0661893 0.0116325
v -0.0149946 0.0567568 0.0021853
v -0.0134779 0.0661893 0.0116325
v -0.0123739 0.0658777 0.0093017
v -0.0137485 0.0645008 0.0066252
v -0.0140805 0.0625827 0.0044627
v -0.0145330 0.0600040 0.0026958
v 0.0119986 0.0615458 0.0038487
v -0.0100840 0.0614617 0.0036406
v 0.0116507 0.0653138 0.0082807
v -0.0100567 0.0654877 0.0082864
v -0.0109299 0.0645008 0.0066252
v 0.0123511 0.0639267 0.0060999
v -0.0092176 0.0603713 0.0029096
v -0.0109253 0.0625623 0.0044627
v 0.0121772 0.0627646 0.0048186
v 0.0108094 0.0657038 0.0089868
v -0.0105933 0.0650113 0.0072517
v -0.0092176 0.0657913 0.0091187
v 0.0121874 0.0646714 0.0072222
v 0.0112050 0.0599517 0.0029312
v 0.0096030 0.0418656 0.0020329
v 0.0096030 0.0521383 0.0013303
v 0.0096030 0.0566101 0.0013303
v 0.0096030 0.0418656 0.0013303
v 0.0096030 0.0646611 0.0167956
v 0.0096030 0.0626896 0.0189786
v 0.0096030 0.0464523 0.0219348
v 0.0096030 0.0598324 0.0205715
v 0.0096030 0.0490719 0.0219348
v 0.0096030 0.0576039 0.0023649
v 0.0096030 0.0566101 0.0210798
v 0.0096030 0.0521383 0.0219348
v 0.0096030 0.0490719 0.0013303
v -0.0829286 0.0532230 0.0066991
v -0.0862327 0.0494812 0.0067844
v 0.0186011 0.0601518 0.0058896
v -0.0153744 0.0574867 0.0035019
v 0.0095928 0.0583293 0.0045991
v -0.0075394 0.0583293 0.0041716
v 0.0120100 0.0602121 0.0054757
v -0.0100862 0.0601314 0.0052699
v 0.0116632 0.0638630 0.0097804
v -0.0100555 0.0640199 0.0097463
v -0.0109299 0.0633115 0.0077929
v 0.0123807 0.0625191 0.0076622
v -0.0092233 0.0590831 0.0045593
v -0.0109253 0.0615333 0.0057418
v 0.0121988 0.0613923 0.0064172
v 0.0108116 0.0642314 0.0104307
v -0.0105888 0.0635571 0.0087457
v -0.0092142 0.0643166 0.0105535
v 0.0122238 0.0632501 0.0087662
v 0.0113267 0.0589114 0.0047208
v 0.0185773 0.0580677 0.0049937
v -0.0294094 0.0638891 0.0059260
v -0.0283906 0.0645008 0.0066184
v -0.0292104 0.0650113 0.0072733
v -0.0301768 0.0646611 0.0064536
v -0.0292968 0.0641211 0.0061886
v -0.0290637 0.0643189 0.0064126
v -0.0287454 0.0644531 0.0065638
v -0.0287738 0.0625941 0.0044559
v -0.0295504 0.0631683 0.0051096
v -0.0305657 0.0627430 0.0042796
v -0.0298210 0.0619835 0.0038294
v -0.0290990 0.0626350 0.0045025
v -0.0293593 0.0627556 0.0046401
v -0.0295208 0.0629420 0.0048527
v -0.0230616 0.0646611 0.0064558
v -0.0246170 0.0646611 0.0064558
v -0.0261724 0.0646611 0.0064547
v -0.0187308 0.0627271 0.0042819
v -0.0202930 0.0627294 0.0042808
v -0.0125956 0.0646611 0.0064615
v -0.0107002 0.0646611 0.0064615
v -0.0171799 0.0627271 0.0042819
v -0.0137451 0.0646611 0.0064615
v -0.0277278 0.0646611 0.0064536
v -0.0218563 0.0627317 0.0042808
v -0.0152948 0.0646611 0.0064604
v -0.0168456 0.0646611 0.0064592
v -0.0234197 0.0627340 0.0042808
v -0.0249831 0.0627362 0.0042808
v -0.0183953 0.0646611 0.0064581
v -0.0199508 0.0646611 0.0064570
v -0.0265453 0.0627374 0.0042796
v -0.0129162 0.0627203 0.0042842
v -0.0140793 0.0627271 0.0042842
v -0.0156302 0.0627271 0.0042830
v -0.0215062 0.0646611 0.0064570
v -0.0281086 0.0627396 0.0042796
v -0.0106957 0.0627055 0.0042842
v -0.0107002 0.0631524 0.0079589
v -0.0106968 0.0613878 0.0059203
v -0.0294048 0.0640608 0.0057725
v -0.0292900 0.0642905 0.0060329
v -0.0290569 0.0644849 0.0062546
v -0.0287397 0.0646157 0.0064024
v -0.0283883 0.0646611 0.0064536
v -0.0287772 0.0627408 0.0042796
v -0.0291103 0.0627874 0.0043308
v -0.0293741 0.0629170 0.0044775
v -0.0295287 0.0631114 0.0046980
v -0.0295504 0.0633411 0.0049573
v -0.0186341 0.0631330 0.0050789
v -0.0184761 0.0640438 0.0061068
v -0.0217563 0.0631353 0.0050789
v -0.0215903 0.0640438 0.0061056
v -0.0155347 0.0631330 0.0050812
v -0.0153755 0.0640438 0.0061090
v -0.0109265 0.0631012 0.0050812
v -0.0109287 0.0639926 0.0061045
v -0.0109287 0.0628874 0.0073052
v -0.0109265 0.0620438 0.0063308
v -0.0126752 0.0639960 0.0061056
v -0.0128264 0.0631103 0.0050812
v -0.0139850 0.0631330 0.0050823
v -0.0138281 0.0640438 0.0061102
v -0.0169252 0.0640438 0.0061079
v -0.0170844 0.0631330 0.0050801
v -0.0200326 0.0640438 0.0061056
v -0.0201952 0.0631342 0.0050789
v -0.0247045 0.0640449 0.0061045
v -0.0248773 0.0631387 0.0050778
v -0.0225329 0.0640449 0.0061045
v -0.0221724 0.0637732 0.0057975
v -0.0220701 0.0643155 0.0064115
v -0.0222566 0.0639653 0.0060147
v -0.0222395 0.0634105 0.0053871
v -0.0227034 0.0631376 0.0050778
v -0.0223418 0.0628658 0.0047719
v -0.0223964 0.0632172 0.0051688
v -0.0246170 0.0641688 0.0069561
v -0.0261724 0.0641688 0.0069561
v -0.0277278 0.0641688 0.0069550
v -0.0249831 0.0622871 0.0048288
v -0.0265453 0.0622883 0.0048288
v -0.0281086 0.0622905 0.0048288
v -0.0294082 0.0635674 0.0062773
v -0.0292945 0.0637970 0.0065377
v -0.0290614 0.0639812 0.0067401
v -0.0287420 0.0641256 0.0069083
v -0.0283895 0.0641711 0.0069584
v -0.0287761 0.0622871 0.0048254
v -0.0291058 0.0623292 0.0048743
v -0.0293673 0.0624543 0.0050164
v -0.0295242 0.0626441 0.0052324
v -0.0295492 0.0628715 0.0054894
v -0.0247045 0.0637209 0.0064501
v -0.0248773 0.0628272 0.0054394
v -0.0225329 0.0637186 0.0064524
v -0.0246170 0.0637663 0.0073666
v -0.0222395 0.0630967 0.0057509
v -0.0223964 0.0629056 0.0055303
v -0.0227034 0.0628260 0.0054394
v -0.0261724 0.0637663 0.0073654
v -0.0277278 0.0637663 0.0073654
v -0.0249831 0.0619176 0.0052802
v -0.0265453 0.0619199 0.0052790
v -0.0281086 0.0619221 0.0052790
v -0.0294071 0.0631774 0.0067048
v -0.0287795 0.0619153 0.0052745
v -0.0292923 0.0634048 0.0069618
v -0.0290580 0.0635708 0.0071369
v -0.0287374 0.0637277 0.0073256
v -0.0283895 0.0637697 0.0073722
v -0.0291137 0.0619597 0.0053245
v -0.0293775 0.0620881 0.0054723
v -0.0295287 0.0622826 0.0056918
v -0.0295469 0.0625122 0.0059521
v -0.0248773 0.0624486 0.0058782
v -0.0222566 0.0636379 0.0063626
v -0.0221724 0.0634457 0.0061443
v -0.0247045 0.0633263 0.0068697
v -0.0262554 0.0633536 0.0068993
v -0.0278073 0.0633809 0.0069288
v -0.0284691 0.0633911 0.0069436
v -0.0288079 0.0633968 0.0069516
v -0.0290933 0.0634059 0.0069516
v -0.0264498 0.0623940 0.0058146
v -0.0280234 0.0623394 0.0057509
v -0.0286953 0.0623133 0.0057247
v -0.0290410 0.0623008 0.0057111
v -0.0293343 0.0622905 0.0056997
v -0.0534521 0.0430197 0.0219348
v -0.0471248 0.0553299 0.0219348
v -0.0581411 0.0432334 0.0219348
v -0.0551474 0.0428219 0.0219348
v -0.0470134 0.0528296 0.0219348
v -0.0610904 0.0442886 0.0219348
v -0.0710857 0.0531275 0.0219348
v -0.0676759 0.0488001 0.0219348
v -0.0565106 0.0429230 0.0219348
v -0.0691153 0.0500019 0.0219348
v -0.0664832 0.0479235 0.0219348
v -0.0652382 0.0469776 0.0219348
v -0.0686332 0.0493766 0.0219348
v -0.0594623 0.0436507 0.0219348
v -0.0622672 0.0450788 0.0219348
v -0.0478502 0.0492947 0.0219348
v -0.0517228 0.0433551 0.0219348
v -0.0473658 0.0569535 0.0217745
v -0.0713040 0.0551934 0.0219348
v -0.0506779 0.0440725 0.0219348
v -0.0705581 0.0516529 0.0219348
v -0.0499911 0.0542395 0.0214493
v -0.0518490 0.0493107 0.0214493
v -0.0526710 0.0460827 0.0214493
v -0.0587084 0.0529752 0.0214493
v -0.0581411 0.0432334 0.0214493
v -0.0555578 0.0529354 0.0214493
v -0.0569529 0.0529524 0.0214493
v -0.0490543 0.0535084 0.0214493
v -0.0502310 0.0493038 0.0214493
v -0.0594623 0.0436507 0.0214493
v -0.0610904 0.0442886 0.0214493
v -0.0473931 0.0548592 0.0214493
v -0.0478991 0.0537836 0.0214493
v -0.0675087 0.0493721 0.0214493
v -0.0534669 0.0493163 0.0214493
v -0.0622672 0.0450788 0.0214493
v -0.0478502 0.0492947 0.0214493
v -0.0486131 0.0492981 0.0214493
v -0.0521878 0.0536437 0.0214493
v -0.0494010 0.0461021 0.0214493
v -0.0530508 0.0544408 0.0214493
v -0.0470134 0.0528296 0.0214493
v -0.0551474 0.0428219 0.0214493
v -0.0517228 0.0433551 0.0214493
v -0.0510360 0.0460918 0.0214493
v -0.0636612 0.0460157 0.0214493
v -0.0565106 0.0429230 0.0214493
v -0.0534521 0.0430197 0.0214493
v -0.0710857 0.0531275 0.0214493
v -0.0676759 0.0488001 0.0214493
v -0.0691153 0.0500019 0.0214493
v -0.0664832 0.0479235 0.0214493
v -0.0652382 0.0469776 0.0214493
v -0.0686332 0.0493766 0.0214493
v -0.0479195 0.0559245 0.0214493
v -0.0712892 0.0551934 0.0214493
v -0.0506779 0.0440725 0.0214493
v -0.0705581 0.0516529 0.0214493
v -0.0558614 0.0567113 0.0214493
v -0.0544777 0.0567022 0.0214493
v -0.0500025 0.0554277 0.0214493
v -0.0490804 0.0561781 0.0214493
v -0.0527927 0.0555868 0.0214493
v -0.0516705 0.0559359 0.0214493
v -0.0638385 0.0567591 0.0214493
v -0.0670119 0.0567784 0.0214493
v -0.0652541 0.0567682 0.0214493
v -0.0623593 0.0567500 0.0214493
v -0.0605595 0.0567397 0.0214493
v -0.0589529 0.0567295 0.0214493
v -0.0576021 0.0567216 0.0214493
v -0.0473420 0.0566658 0.0217745
v 0.0666776 0.0583577 0.0066059
v 0.0666742 0.0567238 0.0063467
v 0.0666856 0.0617505 0.0099987
v 0.0666833 0.0610000 0.0085263
v 0.0666810 0.0598312 0.0073563
v 0.0666856 0.0620097 0.0116325
v 0.0666696 0.0550911 0.0066059
v 0.0666662 0.0536176 0.0073563
v 0.0666640 0.0524476 0.0085263
v 0.0666617 0.0516972 0.0099987
v 0.0666617 0.0514391 0.0116325
v 0.0666776 0.0583577 0.0166592
v 0.0666742 0.0567238 0.0169184
v 0.0666856 0.0617505 0.0132664
v 0.0666833 0.0610000 0.0147388
v 0.0666810 0.0598312 0.0159088
v 0.0666696 0.0550911 0.0166592
v 0.0666662 0.0536176 0.0159088
v 0.0666640 0.0524476 0.0147388
v 0.0666617 0.0516972 0.0132664
v -0.0580331 0.0436359 0.0214493
v -0.0621569 0.0454733 0.0214493
v -0.0564185 0.0432721 0.0214493
v -0.0689209 0.0506569 0.0214493
v -0.0598602 0.0536937 0.0214493
v -0.0611928 0.0546545 0.0214493
v -0.0685730 0.0553799 0.0214493
v -0.0593645 0.0440134 0.0214493
v -0.0627072 0.0556232 0.0214493
v -0.0663797 0.0482805 0.0214493
v -0.0671244 0.0564282 0.0214493
v -0.0529064 0.0451584 0.0214493
v -0.0546699 0.0499440 0.0214493
v -0.0651051 0.0474449 0.0214493
v -0.0541946 0.0493198 0.0214493
v -0.0639989 0.0562486 0.0214493
v -0.0549632 0.0435370 0.0214493
v -0.0572292 0.0519291 0.0214493
v -0.0635463 0.0464238 0.0214493
v -0.0609847 0.0446706 0.0214493
v -0.0560479 0.0510946 0.0214493
v -0.0536511 0.0486057 0.0214493
v -0.0694428 0.0523510 0.0214493
v -0.0629562 0.0460202 0.0214493
v -0.0653325 0.0565180 0.0214493
v -0.0528939 0.0471890 0.0214493
v -0.0536420 0.0441180 0.0214493
v -0.0694689 0.0539223 0.0214493
v -0.0711198 0.0567784 0.0214493
v -0.0580331 0.0436359 0.0217506
v -0.0576920 0.0495722 0.0219348
v -0.0589665 0.0458701 0.0219348
v -0.0560479 0.0510946 0.0217506
v -0.0565175 0.0493288 0.0219348
v -0.0616908 0.0530116 0.0217506
v -0.0628550 0.0488741 0.0219348
v -0.0635054 0.0530343 0.0219348
v -0.0593645 0.0440134 0.0217506
v -0.0609847 0.0446706 0.0217506
v -0.0606118 0.0460339 0.0217506
v -0.0620046 0.0460259 0.0217506
v -0.0645571 0.0493607 0.0218370
v -0.0572292 0.0519291 0.0217506
v -0.0660648 0.0493664 0.0218302
v -0.0673916 0.0496790 0.0219882
v -0.0536511 0.0486057 0.0217506
v -0.0621569 0.0454733 0.0217506
v -0.0541946 0.0493198 0.0217506
v -0.0548324 0.0493220 0.0219348
v -0.0651279 0.0546284 0.0219882
v -0.0587084 0.0529752 0.0217506
v -0.0600706 0.0529911 0.0217506
v -0.0546699 0.0499440 0.0217506
v -0.0549632 0.0435370 0.0219348
v -0.0564185 0.0432721 0.0217506
v -0.0529064 0.0451584 0.0219348
v -0.0526710 0.0460827 0.0219348
v -0.0599432 0.0535323 0.0217506
v -0.0613349 0.0543498 0.0217506
v -0.0628937 0.0551730 0.0217506
v -0.0640182 0.0557437 0.0219882
v -0.0654030 0.0561178 0.0219348
v -0.0671142 0.0559666 0.0219348
v -0.0685218 0.0512458 0.0219348
v -0.0662717 0.0485944 0.0217506
v -0.0651051 0.0476325 0.0217506
v -0.0635463 0.0464238 0.0217506
v -0.0688959 0.0525522 0.0219348
v -0.0629562 0.0460202 0.0217506
v -0.0528939 0.0471890 0.0219348
v -0.0536420 0.0441180 0.0219348
v -0.0682364 0.0551548 0.0219348
v -0.0689300 0.0540257 0.0219348
v -0.0550746 0.0483999 0.0219348
v -0.0565447 0.0490696 0.0219348
v -0.0605583 0.0509582 0.0219348
v -0.0617294 0.0479281 0.0219348
v -0.0538387 0.0478826 0.0219348
v -0.0576840 0.0449503 0.0219234
v -0.0666242 0.0523680 0.0219882
v -0.0646071 0.0552548 0.0219882
v -0.0656566 0.0513663 0.0219348
v -0.0605572 0.0469776 0.0219348
v -0.0562719 0.0438304 0.0219348
v -0.0592883 0.0502623 0.0219348
v -0.0637510 0.0523123 0.0219348
v -0.0641705 0.0499599 0.0219348
v -0.0620535 0.0517063 0.0219348
v -0.0657339 0.0531662 0.0219348
v -0.0576317 0.0456473 0.0237108
v -0.0578796 0.0493698 0.0236391
v -0.0589063 0.0465614 0.0235141
v -0.0618568 0.0512390 0.0229115
v -0.0626822 0.0491981 0.0228444
v -0.0544311 0.0479099 0.0239564
v -0.0556727 0.0483670 0.0238040
v -0.0593270 0.0500304 0.0234117
v -0.0606004 0.0506523 0.0232412
v -0.0553145 0.0444432 0.0239564
v -0.0566812 0.0488013 0.0237608
v -0.0565152 0.0449605 0.0237847
v -0.0536113 0.0454835 0.0239564
v -0.0534044 0.0463067 0.0239564
v -0.0535988 0.0472925 0.0239564
v -0.0542583 0.0445558 0.0239564
v -0.0615702 0.0484249 0.0231491
v -0.0645162 0.0523692 0.0223248
v -0.0649733 0.0512276 0.0223191
v -0.0603332 0.0475176 0.0233083
v -0.0633428 0.0518666 0.0226136
v -0.0639011 0.0501941 0.0225499
v -0.0842964 0.0564907 0.0013303
v -0.0842964 0.0570740 0.0018260
v -0.0842964 0.0569023 0.0014758
v -0.0912764 0.0458485 0.0013303
v -0.0918130 0.0458451 0.0018260
v -0.0916561 0.0458462 0.0014758
v -0.0912786 0.0418656 0.0013303
v -0.0918130 0.0419361 0.0018260
v -0.0916561 0.0418861 0.0014758
v -0.0871332 0.0533265 0.0018260
v -0.0865351 0.0533572 0.0013303
v -0.0868160 0.0535710 0.0014758
v -0.0894572 0.0494585 0.0018260
v -0.0888136 0.0496233 0.0013303
v -0.0891422 0.0497006 0.0014758
v -0.0670096 0.0570740 0.0018260
v -0.0671824 0.0564930 0.0013303
v -0.0670608 0.0569035 0.0014758
v -0.0842964 0.0570740 0.0214800
v -0.0842964 0.0565385 0.0219348
v -0.0842964 0.0569171 0.0218018
v -0.0918130 0.0458451 0.0214800
v -0.0913207 0.0458474 0.0219348
v -0.0916686 0.0458451 0.0218018
v -0.0918130 0.0419305 0.0214800
v -0.0913230 0.0418656 0.0219348
v -0.0916698 0.0418850 0.0218018
v -0.0861417 0.0540917 0.0219348
v -0.0871332 0.0533265 0.0214800
v -0.0868421 0.0535505 0.0218018
v -0.0894572 0.0494585 0.0214800
v -0.0884714 0.0502146 0.0219348
v -0.0891684 0.0496802 0.0218018
v -0.0711198 0.0567784 0.0219348
v -0.0672688 0.0570740 0.0214800
v -0.0699908 0.0569876 0.0218018
v -0.0674860 0.0504636 0.0219882
v -0.0655702 0.0538768 0.0219621
v -0.0493396 0.0528581 0.0214493
v -0.0510667 0.0539928 0.0214493
v -0.0471248 0.0553299 0.0214493
v -0.0477399 0.0528387 0.0214493
v -0.0508075 0.0551389 0.0214493
v -0.0483129 0.0566647 0.0214493
v -0.0473658 0.0566590 0.0214493
v -0.0475352 0.0554527 0.0214493
v -0.0484710 0.0561838 0.0214493
v -0.0501321 0.0548330 0.0214493
v -0.0496273 0.0559086 0.0214493
v -0.0484448 0.0535141 0.0214493
v -0.0475227 0.0542634 0.0214493
v -0.0496068 0.0537665 0.0214493
v -0.0495534 0.0544555 0.0210138
v -0.0489508 0.0539848 0.0210138
v -0.0478809 0.0548546 0.0210138
v -0.0482061 0.0541622 0.0210138
v -0.0482197 0.0555414 0.0210138
v -0.0495614 0.0552207 0.0210138
v -0.0489679 0.0557039 0.0210138
v -0.0479719 0.0552366 0.0210138
v -0.0485756 0.0557074 0.0210138
v -0.0496444 0.0548376 0.0210138
v -0.0493192 0.0555300 0.0210138
v -0.0485585 0.0539882 0.0210138
v -0.0479650 0.0544714 0.0210138
v -0.0493067 0.0541508 0.0210138
v -0.0525403 0.0528979 0.0214493
v -0.0538910 0.0529149 0.0214493
v -0.0509405 0.0528785 0.0214493
v -0.0528257 0.0566920 0.0214493
v -0.0514863 0.0566840 0.0214493
v -0.0499002 0.0566749 0.0214493
v -0.0527267 0.0539268 0.0214493
v -0.0515807 0.0536687 0.0214493
v -0.0522788 0.0559120 0.0214493
v -0.0511327 0.0556528 0.0214493
v -0.0507836 0.0545317 0.0214493
v -0.0530747 0.0550490 0.0214493
v -0.0525016 0.0541713 0.0211503
v -0.0527336 0.0545397 0.0211503
v -0.0516796 0.0539860 0.0211503
v -0.0521150 0.0539678 0.0211503
v -0.0521798 0.0555948 0.0211503
v -0.0517444 0.0556118 0.0211503
v -0.0513578 0.0554095 0.0211503
v -0.0511077 0.0546045 0.0211503
v -0.0513101 0.0542179 0.0211503
v -0.0527518 0.0549751 0.0211503
v -0.0525482 0.0553617 0.0211503
v -0.0511247 0.0550399 0.0211503
v -0.0153835 0.0598790 0.0041398
v 0.0186273 0.0628670 0.0095143
v -0.0153516 0.0644087 0.0097167
v 0.0186443 0.0631478 0.0118463
v -0.0153403 0.0645418 0.0121885
v -0.0153630 0.0635173 0.0074063
v 0.0186125 0.0618119 0.0074757
v -0.0153880 0.0587079 0.0037271
v 0.0186068 0.0610478 0.0066139
v 0.0186364 0.0631285 0.0106354
v -0.0153573 0.0640540 0.0085263
v -0.0153459 0.0645725 0.0109469
v 0.0186193 0.0624236 0.0084512
v 0.0185966 0.0591502 0.0053222
v -0.0153789 0.0609716 0.0047299
v -0.0153687 0.0628135 0.0063842
v -0.0153744 0.0619574 0.0054848
v 0.0412886 0.0598596 0.0060909
v 0.0412807 0.0578369 0.0051506
v 0.0413148 0.0624861 0.0096235
v 0.0413296 0.0628044 0.0118315
v 0.0413011 0.0614673 0.0076383
v 0.0412943 0.0607272 0.0067981
v 0.0413227 0.0627362 0.0107138
v 0.0413080 0.0620586 0.0085888
v 0.0412841 0.0588864 0.0055371
v -0.0440276 0.0616595 0.0175142
v -0.0440333 0.0633127 0.0156723
v -0.0440981 0.0507831 0.0060863
v -0.0440379 0.0534629 0.0186057
v -0.0440913 0.0494380 0.0081647
v -0.0440265 0.0606373 0.0182191
v -0.0440822 0.0488001 0.0105569
v -0.0440765 0.0487694 0.0117974
v -0.0440583 0.0498246 0.0153380
v -0.0441015 0.0538245 0.0039897
v -0.0440333 0.0546340 0.0190184
v -0.0440265 0.0595174 0.0187558
v -0.0440708 0.0489332 0.0130288
v -0.0440288 0.0570956 0.0192731
v -0.0440526 0.0505284 0.0163601
v -0.0440413 0.0643166 0.0134097
v -0.0441015 0.0527046 0.0045252
v -0.0440299 0.0625589 0.0166580
v -0.0441004 0.0516824 0.0052302
v -0.0440947 0.0500292 0.0070721
v -0.0440424 0.0523703 0.0180145
v -0.0440868 0.0490253 0.0093358
v -0.0441004 0.0562463 0.0034712
v -0.0441015 0.0550149 0.0036350
v -0.0440265 0.0583270 0.0191094
v -0.0440640 0.0492879 0.0142181
v -0.0440310 0.0558552 0.0192424
v -0.0440470 0.0513845 0.0172595
v -0.0440367 0.0639039 0.0145808
v -0.0440811 0.0619574 0.0054848
v -0.0440754 0.0628135 0.0063842
v -0.0440856 0.0609716 0.0047299
v -0.0440515 0.0645725 0.0109469
v -0.0440640 0.0640540 0.0085263
v -0.0440947 0.0587079 0.0037271
v -0.0440697 0.0635173 0.0074063
v -0.0440470 0.0645418 0.0121885
v -0.0440583 0.0644087 0.0097167
v -0.0440902 0.0598790 0.0041398
v -0.0440970 0.0574867 0.0035019
v 0.0413443 0.0513299 0.0165659
v 0.0412761 0.0556175 0.0049175
v 0.0412898 0.0501407 0.0083262
v 0.0413023 0.0493698 0.0104205
v 0.0412807 0.0515494 0.0065968
v 0.0412773 0.0567363 0.0049425
v 0.0412852 0.0507728 0.0074029
v 0.0412954 0.0496688 0.0093415
v 0.0412750 0.0545101 0.0050778
v 0.0412784 0.0524476 0.0059283
v 0.0412761 0.0534436 0.0054178
v 0.0413375 0.0505898 0.0157268
v 0.0413500 0.0521975 0.0172731
v 0.0413091 0.0492527 0.0115336
v 0.0413239 0.0495710 0.0137417
v 0.0413580 0.0542213 0.0182134
v 0.0413307 0.0499985 0.0147763
v 0.0413159 0.0493209 0.0126501
v 0.0413546 0.0531707 0.0178269
v 0.0413603 0.0596095 0.0174357
v 0.0413580 0.0605077 0.0167683
v 0.0413625 0.0586135 0.0179474
v 0.0413364 0.0626873 0.0129446
v 0.0413489 0.0619165 0.0150378
v 0.0413625 0.0564396 0.0184465
v 0.0413534 0.0612843 0.0159611
v 0.0413432 0.0623883 0.0140236
v 0.0413637 0.0575470 0.0182873
v 0.0413614 0.0553208 0.0184226
v 0.0186614 0.0627828 0.0140418
v 0.0186523 0.0630864 0.0129310
v 0.0186807 0.0514129 0.0166967
v 0.0186750 0.0506489 0.0158360
v 0.0186955 0.0555254 0.0185932
v 0.0186955 0.0566772 0.0186148
v 0.0186603 0.0495938 0.0137962
v 0.0186512 0.0493323 0.0126752
v 0.0186932 0.0578165 0.0184454
v 0.0186910 0.0589125 0.0180918
v 0.0186932 0.0543930 0.0183828
v 0.0185920 0.0557835 0.0046969
v 0.0185943 0.0546443 0.0048652
v 0.0186682 0.0500372 0.0148593
v 0.0185932 0.0569353 0.0047185
v 0.0186432 0.0492584 0.0115257
v 0.0186262 0.0496779 0.0092687
v 0.0186353 0.0493743 0.0103796
v 0.0186864 0.0523089 0.0174209
v 0.0186876 0.0599358 0.0175631
v 0.0186114 0.0508081 0.0072710
v 0.0186193 0.0501600 0.0082227
v 0.0186910 0.0533117 0.0179883
v 0.0186000 0.0525261 0.0057475
v 0.0186057 0.0516040 0.0064388
v 0.0186762 0.0616527 0.0160395
v 0.0186694 0.0623008 0.0150878
v 0.0185966 0.0535482 0.0052188
v 0.0186819 0.0608568 0.0168729
v -0.0153300 0.0639039 0.0145808
v -0.0153403 0.0513845 0.0172595
v -0.0153243 0.0558552 0.0192424
v -0.0153585 0.0492879 0.0142181
v -0.0153198 0.0583270 0.0191094
v -0.0153948 0.0550149 0.0036350
v -0.0153937 0.0562463 0.0034712
v -0.0153801 0.0490253 0.0093358
v -0.0153357 0.0523703 0.0180145
v -0.0153880 0.0500292 0.0070721
v -0.0153937 0.0516824 0.0052302
v -0.0153232 0.0625589 0.0166580
v -0.0153948 0.0527046 0.0045252
v -0.0153346 0.0643166 0.0134097
v -0.0153459 0.0505284 0.0163601
v -0.0153221 0.0570968 0.0192731
v -0.0153641 0.0489332 0.0130288
v -0.0153198 0.0595174 0.0187558
v -0.0153278 0.0546340 0.0190184
v -0.0153948 0.0538245 0.0039897
v -0.0153516 0.0498246 0.0153380
v -0.0153698 0.0487694 0.0117974
v -0.0153755 0.0488001 0.0105569
v -0.0153198 0.0606373 0.0182191
v -0.0153846 0.0494380 0.0081647
v -0.0153312 0.0534629 0.0186057
v -0.0153914 0.0507831 0.0060863
v -0.0153266 0.0633127 0.0156723
v -0.0153209 0.0616595 0.0175142
v -0.0075394 0.0418656 0.0021193
v -0.0075394 0.0523112 0.0013303
v -0.0075394 0.0661893 0.0116325
v -0.0075394 0.0566931 0.0219348
v -0.0075394 0.0658948 0.0139077
v -0.0075394 0.0566931 0.0013303
v -0.0075394 0.0418656 0.0013303
v -0.0075394 0.0646611 0.0168013
v -0.0075394 0.0627078 0.0189809
v -0.0075394 0.0463659 0.0219348
v -0.0075394 0.0599142 0.0205715
v -0.0075394 0.0491276 0.0219348
v -0.0075394 0.0418656 0.0211457
v -0.0075394 0.0463659 0.0013303
v -0.0075394 0.0566931 0.0210798
v -0.0075394 0.0523112 0.0219348
v -0.0075394 0.0491276 0.0013303
v -0.0075394 0.0418656 0.0116325
v -0.0075394 0.0566931 0.0021853
v -0.0075394 0.0418656 0.0219348
v -0.0075394 0.0577653 0.0023649
v -0.0075394 0.0660403 0.0104887
v -0.0080590 0.0659459 0.0096667
v -0.0075394 0.0592991 0.0026583
v -0.0080590 0.0644656 0.0110731
v -0.0075394 0.0577380 0.0041466
v -0.0075394 0.0637857 0.0132027
v -0.0075394 0.0505807 0.0161339
v -0.0075394 0.0569148 0.0189889
v -0.0075394 0.0491060 0.0128764
v -0.0075394 0.0592559 0.0184693
v -0.0075394 0.0545294 0.0187433
v -0.0075394 0.0541792 0.0043672
v -0.0075394 0.0499155 0.0151322
v -0.0075394 0.0489809 0.0116803
v -0.0075394 0.0490480 0.0104808
v -0.0075394 0.0603338 0.0179360
v -0.0075394 0.0497495 0.0081897
v -0.0075394 0.0533970 0.0183385
v -0.0075394 0.0511378 0.0062387
v -0.0075394 0.0628761 0.0154198
v -0.0075394 0.0613127 0.0172368
v -0.0075394 0.0634196 0.0143477
v -0.0075394 0.0513970 0.0170173
v -0.0075394 0.0557130 0.0189616
v -0.0075394 0.0494198 0.0140361
v -0.0075394 0.0581064 0.0188229
v -0.0075394 0.0553469 0.0040932
v -0.0075394 0.0565430 0.0040102
v -0.0075394 0.0493072 0.0093063
v -0.0075394 0.0523441 0.0177586
v -0.0075394 0.0503658 0.0071585
v -0.0075394 0.0520463 0.0054541
v -0.0075394 0.0621677 0.0163908
v -0.0075394 0.0530695 0.0048254
v 0.0096030 0.0593002 0.0026867
v 0.0096030 0.0579336 0.0044968
v 0.0096030 0.0636060 0.0130413
v 0.0096030 0.0506216 0.0159565
v 0.0096030 0.0567739 0.0187660
v 0.0096030 0.0492402 0.0127570
v 0.0096030 0.0590512 0.0182453
v 0.0096030 0.0544487 0.0185284
v 0.0096030 0.0544555 0.0046639
v 0.0096030 0.0499883 0.0149696
v 0.0096030 0.0491458 0.0115882
v 0.0096030 0.0492424 0.0104205
v 0.0096030 0.0600973 0.0177143
v 0.0096030 0.0499940 0.0082102
v 0.0096030 0.0533458 0.0181304
v 0.0096030 0.0514152 0.0063569
v 0.0096030 0.0625338 0.0152220
v 0.0096030 0.0610421 0.0170207
v 0.0096030 0.0661893 0.0116325
v 0.0096030 0.0566431 0.0219348
v 0.0096030 0.0658948 0.0139020
v 0.0096030 0.0418656 0.0211969
v 0.0096030 0.0464170 0.0013303
v 0.0096030 0.0418656 0.0116325
v 0.0096030 0.0566431 0.0021853
v 0.0096030 0.0418656 0.0219348
v 0.0096030 0.0660403 0.0104887
v 0.0096030 0.0659380 0.0096530
v 0.0096030 0.0644531 0.0110493
v 0.0096030 0.0630409 0.0141657
v 0.0096030 0.0514061 0.0168263
v 0.0096030 0.0556016 0.0187421
v 0.0096030 0.0495233 0.0138940
v 0.0096030 0.0579336 0.0185989
v 0.0096030 0.0556073 0.0044524
v 0.0096030 0.0567773 0.0044308
v 0.0096030 0.0495278 0.0092847
v 0.0096030 0.0523225 0.0175574
v 0.0096030 0.0506284 0.0072256
v 0.0096030 0.0523316 0.0056292
v 0.0096030 0.0618607 0.0161828
v 0.0096030 0.0533549 0.0050596
v -0.0647299 0.0526864 0.0219348
v -0.0646071 0.0530479 0.0219348
v -0.0670744 0.0519621 0.0219882
v -0.0674701 0.0512731 0.0219882
v -0.0322371 -0.0442272 0.0116325
v -0.0337629 -0.0557869 0.0116325
v -0.0943167 -0.0432641 0.0116325
v -0.0950000 -0.0545067 0.0116325
v -0.0350750 -0.0638311 0.0116325
v -0.0927454 -0.0634491 0.0116325
v -0.0273526 -0.0113636 0.0116325
v -0.0859018 -0.0104711 0.0116325
v -0.0919631 -0.0304651 0.0116325
v -0.0183715 -0.0021290 0.0116325
v -0.0814005 0.0041119 0.0116325
v -0.0149400 0.0115910 0.0116325
v -0.0781021 0.0155853 0.0116325
v -0.0148980 0.0169508 0.0116325
v -0.0787570 0.0186813 0.0116325
v -0.0057770 0.0294531 0.0116325
v -0.0842987 0.0281922 0.0116325
v -0.0927260 0.0307880 0.0116325
v -0.0943963 0.0329505 0.0116325
v -0.0872116 0.0377588 0.0060476
v 0.0090891 0.0328414 0.0116325
v 0.0102693 0.0329323 0.0116325
v 0.0304759 0.0376167 0.0048629
v 0.0488235 0.0383876 0.0048629
v 0.0636953 0.0379544 0.0089265
v 0.0395843 0.0215283 0.0116325
v 0.0374922 0.0157433 0.0116325
v 0.0395615 0.0157683 0.0116325
v 0.0362086 0.0109702 0.0116325
v 0.0384496 0.0107644 0.0116325
v 0.0331137 0.0063211 0.0116325
v 0.0352171 0.0055514 0.0116325
v 0.0279404 0.0029010 0.0116325
v 0.0297345 0.0011501 0.0116325
v 0.0224908 0.0014320 0.0116325
v 0.0239109 -0.0007976 0.0116325
v 0.0153505 0.0003553 0.0116325
v 0.0162805 -0.0020619 0.0116325
v 0.0072506 -0.0008169 0.0116325
v 0.0076963 -0.0032990 0.0116325
v 0.0006401 -0.0010966 0.0116325
v 0.0006413 -0.0037333 0.0116325
v -0.0124114 0.0054900 0.0116325
v -0.0359834 -0.0442272 0.0021853
v -0.0372944 -0.0557869 0.0021853
v -0.0925123 -0.0432641 0.0027663
v -0.0931956 -0.0545067 0.0027663
v -0.0384655 -0.0638311 0.0021853
v -0.0909409 -0.0634491 0.0027663
v -0.0316708 -0.0115842 0.0021853
v -0.0840974 -0.0104711 0.0027663
v -0.0901587 -0.0304651 0.0027663
v -0.0244441 0.0004781 0.0021853
v -0.0795961 0.0041119 0.0027663
v -0.0186273 0.0118048 0.0021853
v -0.0762977 0.0155853 0.0027663
v -0.0183760 0.0171657 0.0021853
v -0.0769514 0.0186813 0.0027663
v -0.0000352 0.0351961 0.0021853
v -0.0000352 0.0418656 0.0021853
v -0.0817825 0.0418656 0.0021853
v -0.0900962 0.0418656 0.0021853
v 0.0091960 0.0367549 0.0021853
v 0.0091960 0.0418656 0.0021853
v 0.0103625 0.0368652 0.0021853
v 0.0104012 0.0418656 0.0021853
v 0.0304759 0.0383671 0.0021853
v 0.0305293 0.0418656 0.0021853
v 0.0488235 0.0394075 0.0021853
v 0.0488326 0.0418656 0.0021853
v 0.0621808 0.0384945 0.0069447
v 0.0372671 0.0215351 0.0094370
v 0.0395843 0.0215283 0.0094370
v 0.0374922 0.0157433 0.0094370
v 0.0395615 0.0157683 0.0094370
v 0.0362086 0.0109702 0.0094370
v 0.0384496 0.0107644 0.0094370
v 0.0331137 0.0063211 0.0094370
v 0.0352171 0.0055514 0.0094370
v 0.0279404 0.0029010 0.0094370
v 0.0297345 0.0011501 0.0094370
v 0.0224908 0.0014320 0.0094370
v 0.0239109 -0.0007976 0.0094370
v 0.0153505 0.0003553 0.0094370
v 0.0162805 -0.0020619 0.0094370
v 0.0072506 -0.0008169 0.0094370
v 0.0076963 -0.0032990 0.0094370
v 0.0006401 -0.0010966 0.0094370
v 0.0006413 -0.0037333 0.0094370
v -0.0945213 -0.0545067 0.0067128
v -0.0922667 -0.0634491 0.0067128
v -0.0362233 -0.0638311 0.0062876
v -0.0922473 0.0307880 0.0067128
v -0.0838188 0.0281922 0.0067128
v -0.0333252 -0.0442272 0.0067128
v -0.0288761 -0.0113636 0.0067128
v -0.0938505 0.0419873 0.0067128
v -0.0939164 0.0329505 0.0067128
v -0.0854231 -0.0104711 0.0067128
v -0.0914844 -0.0304651 0.0067128
v -0.0938380 -0.0432641 0.0067128
v -0.0199451 -0.0006498 0.0067128
v -0.0809218 0.0041119 0.0067128
v -0.0776234 0.0155853 0.0067128
v -0.0782783 0.0186813 0.0067128
v -0.0348374 -0.0557869 0.0067128
v 0.0428929 0.0380579 0.0048629
v 0.0428929 0.0418656 0.0021853
v 0.0428929 0.0390027 0.0021853
v -0.0216005 -0.0033524 0.0116325
v -0.0264100 -0.0088213 0.0116325
v -0.0244544 -0.0058583 0.0116325
v -0.0857210 -0.0069896 0.0116325
v -0.0828922 -0.0000233 0.0116325
v -0.0844931 -0.0038254 0.0116325
v -0.0311546 -0.0090192 0.0021853
v -0.0273071 -0.0019505 0.0021853
v -0.0299403 -0.0056378 0.0021853
v -0.0811401 -0.0001450 0.0027663
v -0.0839200 -0.0070010 0.0027663
v -0.0827148 -0.0038879 0.0027663
v -0.0824260 -0.0000529 0.0067128
v -0.0852424 -0.0069919 0.0067128
v -0.0840201 -0.0038402 0.0067128
v -0.0236255 -0.0028499 0.0067128
v -0.0279927 -0.0088225 0.0067128
v -0.0266362 -0.0059607 0.0067128
v -0.0303428 -0.0314758 0.0116325
v -0.0342018 -0.0314758 0.0021853
v -0.0315333 -0.0314758 0.0067128
v -0.0163260 0.0066190 0.0048913
v -0.0205977 0.0007612 0.0048629
v -0.0154733 -0.0005190 0.0048629
v -0.0137780 0.0045133 0.0049345
v 0.0336446 0.0290882 0.0094370
v 0.0375752 0.0292451 0.0094370
v -0.0000341 0.0339181 0.0048629
v 0.0091698 0.0355815 0.0048629
v 0.0103364 0.0356838 0.0048629
v -0.0168229 0.0171054 0.0048629
v 0.0357765 0.0292235 0.0094370
v -0.0123523 0.0052967 0.0089004
v -0.0150867 0.0115910 0.0088651
v 0.0366270 0.0263503 0.0094370
v 0.0090891 0.0335474 0.0088651
v 0.0102693 0.0336520 0.0088651
v -0.0148980 0.0169508 0.0088651
v -0.0000864 0.0320603 0.0088651
v -0.0937266 -0.0545067 0.0043626
v -0.0914526 0.0307880 0.0043626
v -0.0342768 -0.0442272 0.0040988
v -0.0930557 0.0419873 0.0043626
v -0.0846284 -0.0104711 0.0043626
v -0.0801270 0.0041119 0.0043626
v -0.0768286 0.0155853 0.0043626
v -0.0774835 0.0186813 0.0043626
v -0.0358345 -0.0557869 0.0040988
v -0.0914719 -0.0634491 0.0043626
v -0.0371454 -0.0638311 0.0040988
v -0.0830241 0.0281922 0.0043626
v -0.0299028 -0.0113636 0.0048629
v -0.0931228 0.0329505 0.0043626
v -0.0906897 -0.0304651 0.0043626
v -0.0930432 -0.0432641 0.0043626
v -0.0844499 -0.0069965 0.0043626
v -0.0832344 -0.0038618 0.0043626
v -0.0816495 -0.0000938 0.0043626
v -0.0293468 -0.0088236 0.0048629
v -0.0280950 -0.0057697 0.0048629
v -0.0249876 -0.0023428 0.0048629
v -0.0325656 -0.0314758 0.0040988
v -0.0157916 -0.0016276 0.0116325
v -0.0155813 -0.0008658 0.0067128
v -0.0924929 -0.0634491 0.0088515
v -0.0356310 -0.0638311 0.0088515
v -0.0840451 0.0281922 0.0088515
v -0.0279586 -0.0113636 0.0088515
v -0.0941427 0.0329505 0.0088515
v -0.0917107 -0.0304651 0.0088515
v -0.0940643 -0.0432641 0.0088515
v -0.0947476 -0.0545067 0.0088515
v -0.0924736 0.0307880 0.0088515
v -0.0327316 -0.0442272 0.0088515
v -0.0873788 0.0377588 0.0116325
v -0.0856494 -0.0104711 0.0088515
v -0.0811481 0.0041119 0.0088515
v -0.0778497 0.0155853 0.0088515
v -0.0785046 0.0186813 0.0088515
v -0.0342450 -0.0557869 0.0088515
v -0.0270467 -0.0088225 0.0088515
v -0.0252252 -0.0059254 0.0088515
v -0.0225272 -0.0031500 0.0088515
v -0.0854686 -0.0069908 0.0088515
v -0.0842441 -0.0038334 0.0088515
v -0.0826455 -0.0000392 0.0088515
v -0.0307340 -0.0314758 0.0088515
v -0.0193550 -0.0016810 0.0088515
v -0.0156563 -0.0011921 0.0088515
v 0.0382301 0.0263708 0.0094370
v 0.0355718 0.0263310 0.0094370
v -0.0158155 0.0116286 0.0067423
v -0.0000910 0.0328721 0.0067423
v -0.0124682 0.0051386 0.0068106
v 0.0091539 0.0345480 0.0067423
v 0.0103250 0.0346742 0.0067423
v -0.0157996 0.0170543 0.0067423
v -0.0784534 0.0115024 0.0116325
v -0.0766490 0.0115024 0.0027663
v -0.0211867 0.0036355 0.0021853
v 0.0383541 0.0215670 0.0094370
v 0.0385269 0.0157558 0.0094370
v 0.0373285 0.0108679 0.0094370
v 0.0341654 0.0059368 0.0094370
v 0.0287863 0.0020904 0.0094370
v 0.0231480 0.0004156 0.0094370
v 0.0158064 -0.0007726 0.0094370
v 0.0075280 -0.0019926 0.0094370
v 0.0006538 -0.0024019 0.0094370
v -0.0117133 0.0000267 0.0049652
v -0.0117133 0.0000267 0.0094370
v -0.0779747 0.0115024 0.0067128
v -0.0184317 0.0040710 0.0048697
v -0.0158837 0.0019653 0.0049118
v -0.0771800 0.0115024 0.0043626
v -0.0782010 0.0115024 0.0088515
v -0.0117133 0.0000267 0.0068140
v -0.0111414 0.0012228 0.0049652
v -0.0113494 0.0032944 0.0049652
v -0.0110208 0.0019971 0.0049652
v -0.0136632 -0.0009954 0.0049527
v -0.0123909 -0.0007533 0.0049652
v -0.0113494 0.0032944 0.0094370
v -0.0111414 0.0012228 0.0094370
v -0.0110208 0.0019971 0.0094370
v -0.0123909 -0.0007533 0.0094370
v -0.0136803 -0.0014241 0.0094370
v -0.0136803 -0.0012831 0.0068015
v -0.0123909 -0.0007533 0.0068140
v -0.0111414 0.0012228 0.0068140
v -0.0113494 0.0032944 0.0068140
v -0.0110208 0.0019971 0.0068140
v -0.0076178 0.0008272 0.0116325
v -0.0113494 0.0032944 0.0116325
v -0.0048458 -0.0002689 0.0094370
v -0.0076178 0.0008272 0.0094370
v -0.0048458 -0.0002689 0.0116325
v -0.0136803 -0.0015787 0.0116325
v -0.0088640 -0.0025645 0.0094370
v -0.0058998 -0.0032137 0.0094370
v -0.0088640 -0.0025645 0.0116325
v -0.0058998 -0.0032137 0.0116325
v -0.0082489 -0.0008317 0.0094370
v -0.0053734 -0.0017413 0.0094370
v -0.0045741 0.0299113 0.0116325
v -0.0008562 0.0261297 0.0116325
v -0.0098907 0.0273440 0.0116325
v -0.0793914 0.0219138 0.0116325
v -0.0828501 0.0273054 0.0116325
v -0.0788923 0.0232770 0.0116325
v -0.0801975 0.0247972 0.0116325
v -0.0815608 0.0261968 0.0116325
v -0.0169252 0.0236522 0.0021853
v -0.0050278 0.0336987 0.0021853
v -0.0152516 0.0266061 0.0021853
v -0.0135450 0.0291120 0.0021853
v -0.0070709 0.0328698 0.0021853
v -0.0774722 0.0219911 0.0027663
v -0.0788832 0.0219172 0.0067128
v -0.0821918 0.0271587 0.0067128
v -0.0783818 0.0233088 0.0067128
v -0.0796575 0.0247437 0.0067128
v -0.0809684 0.0261036 0.0067128
v -0.0155904 0.0236249 0.0048629
v -0.0048788 0.0324218 0.0048629
v -0.0138986 0.0266630 0.0048629
v -0.0122340 0.0286766 0.0048629
v -0.0066457 0.0317385 0.0048629
v -0.0047333 0.0306174 0.0088651
v -0.0133880 0.0235942 0.0088651
v -0.0059840 0.0300887 0.0088651
v -0.0103773 0.0277499 0.0088651
v -0.0120339 0.0260194 0.0088651
v -0.0811253 0.0269381 0.0043626
v -0.0780509 0.0219138 0.0043626
v -0.0800031 0.0259637 0.0043626
v -0.0787718 0.0246664 0.0043626
v -0.0778565 0.0234328 0.0043626
v -0.0825534 0.0272690 0.0088515
v -0.0791310 0.0219058 0.0088515
v -0.0812811 0.0261741 0.0088515
v -0.0799303 0.0247847 0.0088515
v -0.0786319 0.0232691 0.0088515
v -0.0048163 0.0312985 0.0067423
v -0.0145819 0.0236204 0.0067423
v -0.0062819 0.0307345 0.0067423
v -0.0110549 0.0282457 0.0067423
v -0.0127582 0.0264390 0.0067423
v 0.0230706 0.0347788 0.0089254
v 0.0428440 0.0371460 0.0087560
v 0.0304759 0.0356452 0.0089254
v 0.0382301 0.0263708 0.0116325
v 0.0375752 0.0292451 0.0116325
v 0.0428929 0.0369641 0.0116325
v 0.0231230 0.0340875 0.0116325
v 0.0306691 0.0351836 0.0089254
v 0.0337242 0.0320421 0.0094370
v 0.0378367 0.0322217 0.0094370
v 0.0428440 0.0366264 0.0089254
v 0.0302507 0.0315520 0.0094370
v 0.0378367 0.0322217 0.0116325
v 0.0428440 0.0366264 0.0116325
v -0.0895857 -0.0207256 0.0116325
v -0.0290205 -0.0214192 0.0116325
v -0.0877801 -0.0207256 0.0027663
v -0.0891070 -0.0207256 0.0067128
v -0.0328476 -0.0214192 0.0021853
v -0.0303360 -0.0214192 0.0067128
v -0.0311058 -0.0214192 0.0040988
v -0.0883122 -0.0207256 0.0043626
v -0.0893332 -0.0207256 0.0088515
v -0.0293525 -0.0214192 0.0088515
v -0.0345417 -0.0605794 0.0116325
v -0.0941006 -0.0602928 0.0116325
v -0.0379322 -0.0605794 0.0021853
v -0.0922951 -0.0602928 0.0027663
v -0.0356310 -0.0605794 0.0067128
v -0.0936220 -0.0602928 0.0067128
v -0.0928272 -0.0602928 0.0043626
v -0.0366133 -0.0605794 0.0040988
v -0.0350386 -0.0605794 0.0088515
v -0.0938482 -0.0602928 0.0088515
v -0.0352705 -0.0645531 0.0116325
v -0.0916561 -0.0649920 0.0116325
v -0.0386781 -0.0645531 0.0021853
v -0.0898688 -0.0651057 0.0027663
v -0.0911411 -0.0650921 0.0067128
v -0.0364712 -0.0645531 0.0063114
v -0.0904884 -0.0650875 0.0043626
v -0.0373410 -0.0645531 0.0040988
v -0.0914401 -0.0650375 0.0088515
v -0.0358288 -0.0645531 0.0088515
v -0.0402005 -0.0683530 0.0021853
v -0.0748946 -0.0682222 0.0021853
v -0.0382574 -0.0683530 0.0063114
v -0.0391272 -0.0683530 0.0040988
v -0.0373478 -0.0667464 0.0063114
v -0.0392909 -0.0667464 0.0021853
v -0.0851082 -0.0670750 0.0027663
v -0.0382188 -0.0667464 0.0040988
v -0.0870763 -0.0671239 0.0116325
v -0.0863293 -0.0670397 0.0067128
v -0.0857699 -0.0670659 0.0043626
v -0.0868592 -0.0670181 0.0088515
v -0.0748946 -0.0683825 0.0116325
v -0.0748946 -0.0682972 0.0067128
v -0.0750072 -0.0682597 0.0043626
v -0.0748946 -0.0683370 0.0088515
v 0.0326566 0.0030659 0.0116325
v 0.0307601 0.0045337 0.0116325
v 0.0326566 0.0030659 0.0094370
v 0.0307601 0.0045337 0.0094370
v 0.0317345 0.0038322 0.0094370
v 0.0304759 0.0367094 0.0067423
v 0.0488235 0.0378509 0.0069356
v 0.0428929 0.0375656 0.0069356
v 0.0488235 0.0374791 0.0088651
v 0.0539058 0.0395212 0.0033587
v 0.0231070 0.0418656 0.0021853
v 0.0488235 0.0371267 0.0116325
v 0.0584231 0.0392551 0.0049163
v 0.0229001 0.0378964 0.0021853
v 0.0102693 0.0329323 0.0088651
v 0.0090891 0.0328414 0.0088651
v 0.0000171 0.0313462 0.0088651
v -0.0045741 0.0299113 0.0088651
v -0.0057770 0.0294531 0.0088651
v -0.0098907 0.0273440 0.0088651
v -0.0130333 0.0236045 0.0088651
v -0.0116416 0.0258125 0.0088651
v -0.0130333 0.0236045 0.0116325
v -0.0116416 0.0258125 0.0116325
v 0.0231230 0.0340875 0.0089254
v 0.0302507 0.0315520 0.0116325
v 0.0336446 0.0290882 0.0116325
v 0.0355718 0.0263310 0.0116325
v 0.0642808 0.0377748 0.0116325
v 0.0229001 0.0368538 0.0048629
v 0.0230286 0.0359215 0.0067423
v -0.0219075 0.0017208 0.0021853
v 0.0539103 0.0418656 0.0033587
v 0.0584242 0.0418656 0.0049163
v 0.0621808 0.0418656 0.0069447
v 0.0636953 0.0418656 0.0089265
v 0.0321506 0.0338260 0.0094370
v 0.0386645 0.0344297 0.0094370
v 0.0272650 0.0331711 0.0094370
v 0.0386645 0.0344297 0.0116325
v 0.0372671 0.0215351 0.0116325
v 0.0272650 0.0331711 0.0116325
v 0.0307021 0.0351870 0.0094370
v 0.0405871 0.0363524 0.0094370
v 0.0239132 0.0341989 0.0094370
v 0.0405871 0.0363524 0.0116325
v 0.0239132 0.0341989 0.0116325
v -0.0334298 -0.0089316 0.0021853
v -0.0407133 -0.0638152 0.0021853
v -0.0366418 -0.0314304 0.0021853
v -0.0404620 -0.0605657 0.0021853
v -0.0425143 -0.0683473 0.0021853
v -0.0325861 -0.0055491 0.0021853
v -0.0283542 0.0007385 0.0021853
v -0.0313309 0.0309267 0.0021853
v -0.0624162 0.0281399 0.0021853
v -0.0264236 0.0281922 0.0021853
v -0.0672563 0.0252770 0.0021853
v -0.0408816 -0.0645770 0.0021853
v -0.0352160 -0.0213896 0.0021853
v -0.0576783 0.0302581 0.0021853
v -0.0352944 0.0321751 0.0021853
v -0.0227921 0.0120811 0.0021853
v -0.0338482 -0.0115365 0.0021853
v -0.0415615 -0.0667634 0.0021853
v -0.0233026 0.0234748 0.0021853
v -0.0384473 -0.0441840 0.0021853
v -0.0399242 -0.0557267 0.0021853
v -0.0306384 -0.0018368 0.0021853
v -0.0286578 0.0298534 0.0021853
v -0.0644980 0.0269086 0.0021853
v -0.0242304 0.0261672 0.0021853
v -0.0220621 0.0172623 0.0021853
v -0.0247955 0.0041540 0.0021853
v -0.0317811 -0.0037458 0.0021853
v -0.0356435 -0.0244674 0.0021853
v -0.0258233 0.0030522 0.0021853
v -0.0371886 -0.0352506 0.0021853
v -0.0412511 -0.0661245 0.0021853
v -0.0222009 0.0195159 0.0021853
v -0.0235232 0.0061596 0.0021853
v -0.0699896 0.0241263 0.0021853
v -0.0682614 0.0246823 0.0021853
v -0.0542878 0.0317737 0.0021853
v -0.0501674 0.0327868 0.0021853
v -0.0457718 0.0331643 0.0021853
v -0.0399527 0.0328732 0.0021853
v -0.0399242 -0.0557267 0.0010324
v -0.0407133 -0.0638152 0.0010324
v -0.0325861 -0.0055491 0.0010324
v -0.0306384 -0.0018368 0.0010324
v -0.0408816 -0.0645770 0.0010324
v -0.0247955 0.0041540 0.0010324
v -0.0631256 0.0242628 0.0010324
v -0.0425143 -0.0683473 0.0010324
v -0.0334298 -0.0089316 0.0010324
v -0.0366418 -0.0314304 0.0010324
v -0.0404620 -0.0605657 0.0010324
v -0.0283542 0.0007385 0.0010324
v -0.0599830 0.0283582 0.0010324
v -0.0624162 0.0281399 0.0010324
v -0.0626254 0.0256078 0.0010324
v -0.0672563 0.0252770 0.0010324
v -0.0352160 -0.0213896 0.0010324
v -0.0576783 0.0302581 0.0010324
v -0.0352944 0.0321751 0.0010324
v -0.0267943 0.0123471 0.0010324
v -0.0227921 0.0120811 0.0010324
v -0.0338482 -0.0115365 0.0010324
v -0.0415615 -0.0667634 0.0010324
v -0.0633894 0.0223617 0.0010324
v -0.0233026 0.0234748 0.0010324
v -0.0384473 -0.0441840 0.0010324
v -0.0614349 0.0271598 0.0010324
v -0.0644980 0.0269086 0.0010324
v -0.0436593 -0.0556391 0.0010324
v -0.0220621 0.0172623 0.0010324
v -0.0317811 -0.0037458 0.0010324
v -0.0313309 0.0309267 0.0010324
v -0.0356435 -0.0244674 0.0010324
v -0.0242304 0.0261672 0.0010324
v -0.0286578 0.0298534 0.0010324
v -0.0264236 0.0281922 0.0010324
v -0.0258233 0.0030522 0.0010324
v -0.0371886 -0.0352506 0.0010324
v -0.0412511 -0.0661245 0.0010324
v -0.0222009 0.0195159 0.0010324
v -0.0235232 0.0061596 0.0010324
v -0.0699896 0.0241263 0.0010324
v -0.0682614 0.0246823 0.0010324
v -0.0542878 0.0317737 0.0010324
v -0.0501674 0.0327868 0.0010324
v -0.0457718 0.0331643 0.0010324
v -0.0399527 0.0328732 0.0010324
v -0.0587266 0.0144653 0.0010324
v -0.0628118 0.0183311 0.0010324
v -0.0613758 0.0159400 0.0010324
v -0.0236983 0.0154693 0.0010324
v -0.0631586 0.0197842 0.0010324
v -0.0523629 0.0113261 0.0010324
v -0.0456990 0.0097878 0.0010324
v -0.0386497 0.0092329 0.0010324
v -0.0319858 0.0099595 0.0010324
v -0.0278426 0.0117104 0.0010324
v -0.0871627 -0.0546306 0.0010324
v -0.0865522 -0.0433540 0.0010324
v -0.0420936 -0.0441214 0.0010324
v -0.0815710 -0.0207961 0.0010324
v -0.0391170 -0.0213396 0.0010324
v -0.0768821 -0.0072466 0.0010324
v -0.0375354 -0.0087724 0.0010324
v -0.0483277 -0.0646589 0.0010324
v -0.0448736 -0.0637845 0.0010324
v -0.0797518 -0.0635264 0.0010324
v -0.0840701 -0.0305628 0.0010324
v -0.0402687 -0.0313644 0.0010324
v -0.0370283 -0.0053990 0.0010324
v -0.0755302 -0.0041051 0.0010324
v -0.0857779 -0.0603247 0.0010324
v -0.0443562 -0.0605452 0.0010324
v -0.0591712 0.0090931 0.0010324
v -0.0695951 0.0105905 0.0010324
v -0.0782999 -0.0105803 0.0010324
v -0.0377719 -0.0114523 0.0010324
v -0.0721897 0.0036651 0.0010324
v -0.0337095 0.0010966 0.0010324
v -0.0354843 -0.0016719 0.0010324
v -0.0739668 -0.0003644 0.0010324
v -0.0453568 -0.0642700 0.0010324
v -0.0741760 -0.0644383 0.0010324
v -0.0548870 0.0069328 0.0010324
v -0.0495591 0.0052500 0.0010324
v -0.0441220 0.0043223 0.0010324
v -0.0388805 0.0040414 0.0010324
v -0.0345542 0.0043439 0.0010324
v -0.0336526 0.0043871 0.0010324
v -0.0328976 0.0037970 0.0010324
v -0.0324906 0.0029215 0.0010324
v -0.0330978 0.0019937 0.0010324
v -0.0704615 0.0077673 0.0010324
v -0.0699578 0.0091522 0.0010324
v -0.0798996 -0.0149918 0.0010324
v -0.0835391 -0.0629102 0.0010324
v -0.0846716 -0.0625554 0.0010324
v -0.0853583 -0.0615185 0.0010324
v -0.0868307 -0.0573242 0.0010324
v -0.0829195 -0.0255078 0.0010324
v -0.0856699 -0.0381818 0.0010324
v -0.0845022 -0.0331847 0.0010324
v -0.0872707 -0.0499747 0.0010324
v -0.0693188 0.0119367 0.0010324
v -0.0691687 0.0132101 0.0010324
v -0.0685639 0.0137490 0.0010324
v -0.0677009 0.0137922 0.0010324
v -0.0649403 0.0120015 0.0010324
v -0.0436593 -0.0556391 0.0017043
v -0.0871627 -0.0546306 0.0017043
v -0.0865522 -0.0433540 0.0017043
v -0.0420936 -0.0441214 0.0017043
v -0.0815710 -0.0207961 0.0017043
v -0.0391170 -0.0213396 0.0017043
v -0.0768821 -0.0072466 0.0017043
v -0.0375354 -0.0087724 0.0017043
v -0.0483277 -0.0646589 0.0017043
v -0.0448736 -0.0637845 0.0017043
v -0.0797518 -0.0635264 0.0017043
v -0.0840701 -0.0305628 0.0017043
v -0.0402687 -0.0313644 0.0017043
v -0.0370283 -0.0053990 0.0017043
v -0.0755302 -0.0041051 0.0017043
v -0.0857779 -0.0603247 0.0017043
v -0.0443562 -0.0605452 0.0017043
v -0.0591712 0.0090931 0.0017043
v -0.0695951 0.0105905 0.0017043
v -0.0782999 -0.0105803 0.0017043
v -0.0377719 -0.0114523 0.0017043
v -0.0721897 0.0036651 0.0017043
v -0.0337095 0.0010966 0.0017043
v -0.0354843 -0.0016719 0.0017043
v -0.0739668 -0.0003644 0.0017043
v -0.0453568 -0.0642700 0.0017043
v -0.0741760 -0.0644383 0.0017043
v -0.0548870 0.0069328 0.0017043
v -0.0495591 0.0052500 0.0017043
v -0.0441220 0.0043223 0.0017043
v -0.0388805 0.0040414 0.0017043
v -0.0345542 0.0043439 0.0017043
v -0.0336526 0.0043871 0.0017043
v -0.0328976 0.0037970 0.0017043
v -0.0324906 0.0029215 0.0017043
v -0.0330978 0.0019937 0.0017043
v -0.0704615 0.0077673 0.0017043
v -0.0699578 0.0091522 0.0017043
v -0.0798996 -0.0149918 0.0017043
v -0.0835391 -0.0629102 0.0017043
v -0.0846716 -0.0625554 0.0017043
v -0.0853583 -0.0615185 0.0017043
v -0.0868307 -0.0573242 0.0017043
v -0.0829195 -0.0255078 0.0017043
v -0.0856699 -0.0381818 0.0017043
v -0.0845022 -0.0331847 0.0017043
v -0.0872707 -0.0499747 0.0017043
v -0.0693188 0.0119367 0.0017043
v -0.0691687 0.0132101 0.0017043
v -0.0685639 0.0137490 0.0017043
v -0.0677009 0.0137922 0.0017043
v -0.0649403 0.0120015 0.0017043
v -0.0589120 -0.0208029 0.0017043
v -0.0664536 -0.0208029 0.0017043
v -0.0626822 -0.0200525 0.0017043
v -0.0528291 -0.0299057 0.0017043
v -0.0535783 -0.0261354 0.0017043
v -0.0725354 -0.0299057 0.0017043
v -0.0696497 -0.0229382 0.0017043
v -0.0557147 -0.0229382 0.0017043
v -0.0717861 -0.0261354 0.0017043
v -0.0589120 -0.0390095 0.0017043
v -0.0557147 -0.0368731 0.0017043
v -0.0626822 -0.0397599 0.0017043
v -0.0664536 -0.0390095 0.0017043
v -0.0535783 -0.0336771 0.0017043
v -0.0696497 -0.0368731 0.0017043
v -0.0717861 -0.0336771 0.0017043
v -0.0614099 0.0229507 0.0000000
v -0.0243259 0.0239797 0.0000000
v -0.0611973 0.0205653 0.0000000
v -0.0611666 0.0247085 0.0000000
v -0.0251832 0.0264708 0.0000000
v -0.0233060 0.0203174 0.0000000
v -0.0323587 0.0114762 0.0000000
v -0.0285248 0.0130964 0.0000000
v -0.0272127 0.0283446 0.0000000
v -0.0450441 0.0113182 0.0000000
v -0.0385235 0.0108042 0.0000000
v -0.0236255 0.0182447 0.0000000
v -0.0529905 0.0316578 0.0000000
v -0.0491782 0.0325946 0.0000000
v -0.0582593 0.0284981 0.0000000
v -0.0596033 0.0273895 0.0000000
v -0.0451123 0.0329437 0.0000000
v -0.0561275 0.0302547 0.0000000
v -0.0292797 0.0298806 0.0000000
v -0.0317516 0.0308732 0.0000000
v -0.0570962 0.0156455 0.0000000
v -0.0595487 0.0170088 0.0000000
v -0.0512100 0.0127405 0.0000000
v -0.0608755 0.0192214 0.0000000
v -0.0397287 0.0326742 0.0000000
v -0.0246920 0.0165745 0.0000000
v -0.0607039 0.0259535 0.0000000
v -0.0275561 0.0136854 0.0000000
v -0.0354195 0.0320296 0.0000000
v -0.0197938 0.0032057 0.0048629
v -0.0149878 0.0010625 0.0049141
v -0.0170639 0.0115910 0.0048629
v -0.0125251 0.0051386 0.0049652
v -0.0175938 0.0024906 0.0048856
v -0.0146160 0.0060937 0.0049175
v -0.0179064 0.0057810 0.0048709
v -0.0143033 0.0028032 0.0049323
v -0.0172640 0.0028737 0.0045707
v -0.0159201 0.0024610 0.0045912
v -0.0149241 0.0057060 0.0045957
v -0.0142658 0.0044644 0.0046094
v -0.0175096 0.0054604 0.0045593
v -0.0179224 0.0041165 0.0045582
v -0.0146785 0.0031193 0.0046071
v -0.0162680 0.0061187 0.0045752
v -0.0167854 0.0034468 0.0039908
v -0.0159861 0.0032012 0.0040022
v -0.0153937 0.0051318 0.0040045
v -0.0150014 0.0043928 0.0040124
v -0.0169309 0.0049851 0.0039829
v -0.0171765 0.0041858 0.0039829
v -0.0152470 0.0035935 0.0040124
v -0.0161930 0.0053774 0.0039931
v -0.0943599 0.0377588 0.0116325
v -0.0938812 0.0377588 0.0067128
v -0.0941075 0.0377588 0.0088515
v -0.0817825 0.0355315 0.0021853
v -0.0930864 0.0377588 0.0043626
v -0.0901496 0.0367458 0.0021853
v -0.0872821 0.0377588 0.0088515
v -0.0875573 0.0418656 0.0060476
v -0.0874447 0.0418656 0.0088549
v -0.0874447 0.0418656 0.0116325
v -0.0924850 -0.0545067 0.0014553
v -0.0920597 -0.0544874 0.0010324
v -0.0923599 -0.0545010 0.0011563
v -0.0913810 -0.0433153 0.0010324
v -0.0918016 -0.0432641 0.0014553
v -0.0916777 -0.0432789 0.0011563
v -0.0902303 -0.0634491 0.0014553
v -0.0898563 -0.0632490 0.0010324
v -0.0901200 -0.0633900 0.0011563
v -0.0915845 -0.0602928 0.0014553
v -0.0911752 -0.0601757 0.0010324
v -0.0914651 -0.0602587 0.0011563
v -0.0866647 -0.0208484 0.0010324
v -0.0870695 -0.0207256 0.0014553
v -0.0869513 -0.0207620 0.0011563
v -0.0890342 -0.0305526 0.0010324
v -0.0894469 -0.0304651 0.0014553
v -0.0893264 -0.0304912 0.0011563
v -0.0759372 0.0115024 0.0014553
v -0.0755211 0.0114182 0.0010324
v -0.0758156 0.0114773 0.0011563
v -0.0755870 0.0155853 0.0014553
v -0.0751607 0.0156092 0.0010324
v -0.0754620 0.0155921 0.0011563
v -0.0758167 0.0187177 0.0010324
v -0.0762408 0.0186813 0.0014553
v -0.0761169 0.0186915 0.0011563
v -0.0815619 -0.0039027 0.0010324
v -0.0820042 -0.0038879 0.0014553
v -0.0818746 -0.0038925 0.0011563
v -0.0832094 -0.0070010 0.0014553
v -0.0827694 -0.0070181 0.0010324
v -0.0830798 -0.0070056 0.0011563
v -0.0804283 -0.0001450 0.0014553
v -0.0799861 -0.0001597 0.0010324
v -0.0802987 -0.0001495 0.0011563
v -0.0784466 0.0040824 0.0010324
v -0.0788855 0.0041119 0.0014553
v -0.0787570 0.0041028 0.0011563
v -0.0833857 -0.0104711 0.0014553
v -0.0829468 -0.0104984 0.0010324
v -0.0832572 -0.0104791 0.0011563
v -0.0888750 -0.0647658 0.0010324
v -0.0891581 -0.0651057 0.0014553
v -0.0890751 -0.0650068 0.0011563
v -0.0766922 0.0236067 0.0014553
v -0.0760839 0.0236408 0.0010324
v -0.0763886 0.0236170 0.0011563
v -0.0767616 0.0219911 0.0014553
v -0.0763329 0.0220024 0.0010324
v -0.0766353 0.0219945 0.0011563
v -0.0737622 -0.0678845 0.0010324
v -0.0842850 -0.0666645 0.0010324
v -0.0843964 -0.0670750 0.0014553
v -0.0843635 -0.0669545 0.0011563
v 0.0279404 0.0029010 0.0105353
v 0.0307601 0.0045337 0.0105353
v 0.0224908 0.0014320 0.0105353
v -0.0116416 0.0258125 0.0102488
v 0.0153505 0.0003553 0.0105353
v 0.0102693 0.0329323 0.0102488
v 0.0000171 0.0313462 0.0102488
v 0.0090891 0.0328414 0.0102488
v -0.0045741 0.0299113 0.0102488
v -0.0130333 0.0236045 0.0102488
v 0.0072506 -0.0008169 0.0105353
v 0.0272650 0.0331711 0.0105353
v -0.0098907 0.0273440 0.0102488
v -0.0150128 0.0115910 0.0102488
v 0.0372671 0.0215351 0.0105353
v 0.0006401 -0.0010966 0.0105353
v -0.0076178 0.0008272 0.0105353
v 0.0374922 0.0157433 0.0105353
v 0.0355718 0.0263310 0.0105353
v -0.0123818 0.0053933 0.0102659
v -0.0048458 -0.0002689 0.0105353
v 0.0231230 0.0340875 0.0102784
v 0.0336446 0.0290882 0.0105353
v -0.0148980 0.0169508 0.0102488
v 0.0362086 0.0109702 0.0105353
v 0.0239132 0.0341989 0.0105353
v -0.0113494 0.0032944 0.0105353
v 0.0331137 0.0063211 0.0105353
v 0.0302507 0.0315520 0.0105353
v -0.0057770 0.0294531 0.0102488
v -0.0020386 0.0277874 0.0116325
v -0.0010915 0.0233953 0.0116325
v 0.0073097 0.0297920 0.0116325
v 0.0011017 0.0287698 0.0102488
v 0.0073097 0.0297920 0.0102488
v -0.0020386 0.0277874 0.0102488
v 0.0089856 0.0013911 0.0116325
v 0.0057816 0.0265254 0.0116325
v 0.0018840 0.0263799 0.0102488
v 0.0057816 0.0265254 0.0102488
v -0.0008562 0.0261297 0.0102488
v 0.0084160 0.0046713 0.0116325
v 0.0039363 0.0234282 0.0116325
v 0.0013075 0.0234635 0.0102488
v 0.0039363 0.0234282 0.0102488
v -0.0010915 0.0233953 0.0102488
v 0.0103284 0.0021074 0.0116325
v 0.0105842 0.0034093 0.0116325
v 0.0103284 0.0021074 0.0102488
v 0.0105842 0.0034093 0.0102488
v 0.0089856 0.0013911 0.0102488
v 0.0064047 0.0063984 0.0116325
v 0.0042364 0.0090260 0.0116325
v 0.0032188 0.0114682 0.0116325
v 0.0026969 0.0134443 0.0116325
v 0.0023001 0.0161970 0.0116325
v 0.0022763 0.0184209 0.0116325
v 0.0028106 0.0209246 0.0116325
v 0.0004457 0.0208109 0.0102488
v 0.0001751 0.0181583 0.0102488
v 0.0004628 0.0157854 0.0102488
v 0.0011233 0.0128849 0.0102488
v 0.0019079 0.0107599 0.0102488
v 0.0031893 0.0081698 0.0102488
v 0.0056213 0.0053933 0.0102488
v 0.0078975 0.0035173 0.0102488
v 0.0084160 0.0046713 0.0102488
v 0.0064047 0.0063984 0.0102488
v 0.0042364 0.0090260 0.0102488
v 0.0032188 0.0114682 0.0102488
v 0.0026969 0.0134443 0.0102488
v 0.0023001 0.0161970 0.0102488
v 0.0022763 0.0184209 0.0102488
v 0.0028106 0.0209246 0.0102488
v -0.0018362 0.0206710 0.0116325
v -0.0019897 0.0179457 0.0116325
v -0.0015850 0.0155011 0.0116325
v -0.0008061 0.0125279 0.0116325
v 0.0000955 0.0103324 0.0116325
v 0.0014951 0.0076696 0.0116325
v 0.0040443 0.0048203 0.0116325
v 0.0064376 0.0028726 0.0116325
v 0.0064376 0.0028726 0.0102488
v 0.0040443 0.0048203 0.0102488
v 0.0014951 0.0076696 0.0102488
v 0.0000955 0.0103324 0.0102488
v -0.0008061 0.0125279 0.0102488
v -0.0015850 0.0155011 0.0102488
v -0.0019897 0.0179457 0.0102488
v -0.0018362 0.0206710 0.0102488
v 0.0048584 0.0249768 0.0116325
v 0.0018544 0.0249222 0.0102488
v 0.0048584 0.0249768 0.0102488
v -0.0009198 0.0248483 0.0116325
v -0.0009198 0.0248483 0.0102488
v 0.0016657 0.0276180 0.0102488
v -0.0014042 0.0270450 0.0116325
v -0.0014042 0.0270450 0.0102488
v 0.0065456 0.0281592 0.0102488
v 0.0065456 0.0281592 0.0116325
v -0.0057770 0.0300069 0.0116325
v -0.0045741 0.0304639 0.0116325
v -0.0045741 0.0304639 0.0102488
v -0.0057770 0.0300069 0.0102488
v 0.0090891 0.0333985 0.0116325
v 0.0102693 0.0334894 0.0116325
v 0.0102693 0.0334894 0.0102488
v 0.0090891 0.0333985 0.0102488
v -0.0000352 0.0418656 0.0116325
v -0.0817825 0.0418656 0.0116325
v 0.0091960 0.0418656 0.0116325
v 0.0104012 0.0418656 0.0116325
v 0.0305293 0.0418656 0.0116325
v 0.0488326 0.0418656 0.0116325
v 0.0428929 0.0418656 0.0116325
v 0.0231070 0.0418656 0.0116325
v 0.0539103 0.0418656 0.0116325
v 0.0584242 0.0418656 0.0116325
v 0.0621808 0.0418656 0.0116325
v 0.0636953 0.0418656 0.0116325
v 0.0642808 0.0418656 0.0116325
v -0.0872116 0.0377588 0.0172174
v 0.0304759 0.0376167 0.0184022
v 0.0488235 0.0383876 0.0184022
v 0.0636953 0.0379544 0.0143386
v -0.0359834 -0.0442272 0.0210798
v -0.0372944 -0.0557869 0.0210798
v -0.0925123 -0.0432641 0.0204988
v -0.0931956 -0.0545067 0.0207978
v -0.0384655 -0.0638311 0.0210798
v -0.0909409 -0.0634491 0.0207978
v -0.0316708 -0.0115842 0.0210798
v -0.0840974 -0.0104711 0.0204988
v -0.0901587 -0.0304651 0.0204988
v -0.0244441 0.0004781 0.0210798
v -0.0795961 0.0041119 0.0204988
v -0.0186273 0.0118048 0.0210798
v -0.0762977 0.0155853 0.0204988
v -0.0183760 0.0171657 0.0210798
v -0.0769514 0.0186813 0.0204988
v -0.0000352 0.0351961 0.0210798
v -0.0000352 0.0418656 0.0210798
v -0.0817825 0.0418656 0.0210798
v -0.0900962 0.0418656 0.0210798
v 0.0091960 0.0367549 0.0210798
v 0.0091960 0.0418656 0.0210798
v 0.0103625 0.0368652 0.0210798
v 0.0104012 0.0418656 0.0210798
v 0.0304759 0.0383671 0.0210798
v 0.0305293 0.0418656 0.0210798
v 0.0488235 0.0394075 0.0210798
v 0.0488326 0.0418656 0.0210798
v 0.0621808 0.0384945 0.0163203
v 0.0372671 0.0215351 0.0138281
v 0.0395843 0.0215283 0.0138281
v 0.0374922 0.0157433 0.0138281
v 0.0395615 0.0157683 0.0138281
v 0.0362086 0.0109702 0.0138281
v 0.0384496 0.0107644 0.0138281
v 0.0331137 0.0063211 0.0138281
v 0.0352171 0.0055514 0.0138281
v 0.0279404 0.0029010 0.0138281
v 0.0297345 0.0011501 0.0138281
v 0.0224908 0.0014320 0.0138281
v 0.0239109 -0.0007976 0.0138281
v 0.0153505 0.0003553 0.0138281
v 0.0162805 -0.0020619 0.0138281
v 0.0072506 -0.0008169 0.0138281
v 0.0076963 -0.0032990 0.0138281
v 0.0006401 -0.0010966 0.0138281
v 0.0006413 -0.0037333 0.0138281
v -0.0945213 -0.0545067 0.0165523
v -0.0922667 -0.0634491 0.0165523
v -0.0362233 -0.0638311 0.0169775
v -0.0922473 0.0307880 0.0165523
v -0.0838188 0.0281922 0.0165523
v -0.0333252 -0.0442272 0.0165523
v -0.0288761 -0.0113636 0.0165523
v -0.0938505 0.0419873 0.0165523
v -0.0939164 0.0329505 0.0165523
v -0.0854231 -0.0104711 0.0165523
v -0.0914844 -0.0304651 0.0165523
v -0.0938380 -0.0432641 0.0165523
v -0.0199451 -0.0006498 0.0165523
v -0.0809218 0.0041119 0.0165523
v -0.0776234 0.0155853 0.0165523
v -0.0782783 0.0186813 0.0165523
v -0.0348374 -0.0557869 0.0165523
v 0.0428929 0.0380579 0.0184022
v 0.0428929 0.0418656 0.0210798
v 0.0428929 0.0390027 0.0210798
v -0.0311546 -0.0090192 0.0210798
v -0.0273071 -0.0019505 0.0210798
v -0.0299403 -0.0056378 0.0210798
v -0.0811401 -0.0001450 0.0204988
v -0.0839200 -0.0070010 0.0204988
v -0.0827148 -0.0038879 0.0204988
v -0.0824260 -0.0000529 0.0165523
v -0.0852424 -0.0069919 0.0165523
v -0.0840201 -0.0038402 0.0165523
v -0.0236255 -0.0028499 0.0165523
v -0.0279927 -0.0088225 0.0165523
v -0.0266362 -0.0059607 0.0165523
v -0.0342018 -0.0314758 0.0210798
v -0.0315333 -0.0314758 0.0165523
v -0.0163260 0.0066190 0.0183737
v -0.0205977 0.0007612 0.0184022
v -0.0154733 -0.0005190 0.0184022
v -0.0137780 0.0045133 0.0183305
v 0.0336446 0.0290882 0.0138281
v 0.0375752 0.0292451 0.0138281
v -0.0000341 0.0339181 0.0184022
v 0.0091698 0.0355815 0.0184022
v 0.0103364 0.0356838 0.0184022
v -0.0168229 0.0171054 0.0184022
v 0.0357765 0.0292235 0.0138281
v -0.0123523 0.0052967 0.0143647
v -0.0150867 0.0115910 0.0144000
v 0.0366270 0.0263503 0.0138281
v 0.0090891 0.0335474 0.0144000
v 0.0102693 0.0336520 0.0144000
v -0.0148980 0.0169508 0.0144000
v -0.0000864 0.0320603 0.0144000
v -0.0937266 -0.0545067 0.0189024
v -0.0914526 0.0307880 0.0189024
v -0.0342768 -0.0442272 0.0191662
v -0.0930557 0.0419873 0.0189024
v -0.0846284 -0.0104711 0.0189024
v -0.0801270 0.0041119 0.0189024
v -0.0768286 0.0155853 0.0189024
v -0.0774835 0.0186813 0.0189024
v -0.0358345 -0.0557869 0.0191662
v -0.0914719 -0.0634491 0.0189024
v -0.0371454 -0.0638311 0.0191662
v -0.0830241 0.0281922 0.0189024
v -0.0299028 -0.0113636 0.0184022
v -0.0931228 0.0329505 0.0189024
v -0.0906897 -0.0304651 0.0189024
v -0.0930432 -0.0432641 0.0189024
v -0.0844499 -0.0069965 0.0189024
v -0.0832344 -0.0038618 0.0189024
v -0.0816495 -0.0000938 0.0189024
v -0.0293468 -0.0088236 0.0184022
v -0.0280950 -0.0057697 0.0184022
v -0.0249876 -0.0023428 0.0184022
v -0.0325656 -0.0314758 0.0191662
v -0.0155813 -0.0008658 0.0165523
v -0.0924929 -0.0634491 0.0144136
v -0.0356310 -0.0638311 0.0144136
v -0.0840451 0.0281922 0.0144136
v -0.0279586 -0.0113636 0.0144136
v -0.0941427 0.0329505 0.0144136
v -0.0917107 -0.0304651 0.0144136
v -0.0940643 -0.0432641 0.0144136
v -0.0947476 -0.0545067 0.0144136
v -0.0924736 0.0307880 0.0144136
v -0.0327316 -0.0442272 0.0144136
v -0.0856494 -0.0104711 0.0144136
v -0.0811481 0.0041119 0.0144136
v -0.0778497 0.0155853 0.0144136
v -0.0785046 0.0186813 0.0144136
v -0.0342450 -0.0557869 0.0144136
v -0.0270467 -0.0088225 0.0144136
v -0.0252252 -0.0059254 0.0144136
v -0.0225272 -0.0031500 0.0144136
v -0.0854686 -0.0069908 0.0144136
v -0.0842441 -0.0038334 0.0144136
v -0.0826455 -0.0000392 0.0144136
v -0.0307340 -0.0314758 0.0144136
v -0.0193550 -0.0016810 0.0144136
v -0.0156563 -0.0011921 0.0144136
v 0.0382301 0.0263708 0.0138281
v 0.0355718 0.0263310 0.0138281
v -0.0158155 0.0116286 0.0165227
v -0.0000910 0.0328721 0.0165227
v -0.0124682 0.0051386 0.0164545
v 0.0091539 0.0345480 0.0165227
v 0.0103250 0.0346742 0.0165227
v -0.0157996 0.0170543 0.0165227
v -0.0766490 0.0115024 0.0204988
v -0.0211867 0.0036355 0.0210798
v 0.0383541 0.0215670 0.0138281
v 0.0385269 0.0157558 0.0138281
v 0.0373285 0.0108679 0.0138281
v 0.0341654 0.0059368 0.0138281
v 0.0287863 0.0020904 0.0138281
v 0.0231480 0.0004156 0.0138281
v 0.0158064 -0.0007726 0.0138281
v 0.0075280 -0.0019926 0.0138281
v 0.0006538 -0.0024019 0.0138281
v -0.0117133 0.0000267 0.0182998
v -0.0117133 0.0000267 0.0138281
v -0.0779747 0.0115024 0.0165523
v -0.0184317 0.0040710 0.0183953
v -0.0158837 0.0019653 0.0183533
v -0.0771800 0.0115024 0.0189024
v -0.0782010 0.0115024 0.0144136
v -0.0117133 0.0000267 0.0164511
v -0.0111414 0.0012228 0.0182998
v -0.0113494 0.0032944 0.0182998
v -0.0110208 0.0019971 0.0182998
v -0.0136632 -0.0009954 0.0183123
v -0.0123909 -0.0007533 0.0182998
v -0.0113494 0.0032944 0.0138281
v -0.0111414 0.0012228 0.0138281
v -0.0110208 0.0019971 0.0138281
v -0.0123909 -0.0007533 0.0138281
v -0.0136803 -0.0014241 0.0138281
v -0.0136803 -0.0012831 0.0164636
v -0.0123909 -0.0007533 0.0164511
v -0.0111414 0.0012228 0.0164511
v -0.0113494 0.0032944 0.0164511
v -0.0110208 0.0019971 0.0164511
v -0.0048458 -0.0002689 0.0138281
v -0.0076178 0.0008272 0.0138281
v -0.0088640 -0.0025645 0.0138281
v -0.0058998 -0.0032137 0.0138281
v -0.0082489 -0.0008317 0.0138281
v -0.0053734 -0.0017413 0.0138281
v -0.0169252 0.0236522 0.0210798
v -0.0050278 0.0336987 0.0210798
v -0.0152516 0.0266061 0.0210798
v -0.0135450 0.0291120 0.0210798
v -0.0070709 0.0328698 0.0210798
v -0.0774722 0.0219911 0.0204988
v -0.0788832 0.0219172 0.0165523
v -0.0821918 0.0271587 0.0165523
v -0.0783818 0.0233088 0.0165523
v -0.0796575 0.0247437 0.0165523
v -0.0809684 0.0261036 0.0165523
v -0.0155904 0.0236249 0.0184022
v -0.0048788 0.0324218 0.0184022
v -0.0138986 0.0266630 0.0184022
v -0.0122340 0.0286766 0.0184022
v -0.0066457 0.0317385 0.0184022
v -0.0047333 0.0306174 0.0144000
v -0.0133880 0.0235942 0.0144000
v -0.0059840 0.0300887 0.0144000
v -0.0103773 0.0277499 0.0144000
v -0.0120339 0.0260194 0.0144000
v -0.0811253 0.0269381 0.0189024
v -0.0780509 0.0219138 0.0189024
v -0.0800031 0.0259637 0.0189024
v -0.0787718 0.0246664 0.0189024
v -0.0778565 0.0234328 0.0189024
v -0.0825534 0.0272690 0.0144136
v -0.0791310 0.0219058 0.0144136
v -0.0812811 0.0261741 0.0144136
v -0.0799303 0.0247847 0.0144136
v -0.0786319 0.0232691 0.0144136
v -0.0048163 0.0312985 0.0165227
v -0.0145819 0.0236204 0.0165227
v -0.0062819 0.0307345 0.0165227
v -0.0110549 0.0282457 0.0165227
v -0.0127582 0.0264390 0.0165227
v 0.0230706 0.0347788 0.0143397
v 0.0428440 0.0371460 0.0145091
v 0.0304759 0.0356452 0.0143397
v 0.0306691 0.0351836 0.0143397
v 0.0337242 0.0320421 0.0138281
v 0.0378367 0.0322217 0.0138281
v 0.0428440 0.0366264 0.0143397
v 0.0302507 0.0315520 0.0138281
v -0.0877801 -0.0207256 0.0204988
v -0.0891070 -0.0207256 0.0165523
v -0.0328476 -0.0214192 0.0210798
v -0.0303360 -0.0214192 0.0165523
v -0.0311058 -0.0214192 0.0191662
v -0.0883122 -0.0207256 0.0189024
v -0.0893332 -0.0207256 0.0144136
v -0.0293525 -0.0214192 0.0144136
v -0.0379322 -0.0605794 0.0210798
v -0.0922951 -0.0602928 0.0207978
v -0.0356310 -0.0605794 0.0165523
v -0.0936220 -0.0602928 0.0165523
v -0.0928272 -0.0602928 0.0189024
v -0.0366133 -0.0605794 0.0191662
v -0.0350386 -0.0605794 0.0144136
v -0.0938482 -0.0602928 0.0144136
v -0.0386781 -0.0645531 0.0210798
v -0.0898688 -0.0651057 0.0207978
v -0.0911411 -0.0650921 0.0165523
v -0.0364712 -0.0645531 0.0169639
v -0.0904884 -0.0650875 0.0189024
v -0.0373410 -0.0645531 0.0191662
v -0.0914401 -0.0650375 0.0144136
v -0.0358288 -0.0645531 0.0144136
v -0.0402005 -0.0683530 0.0210798
v -0.0748946 -0.0682222 0.0210798
v -0.0382574 -0.0683530 0.0169639
v -0.0391272 -0.0683530 0.0191662
v -0.0373478 -0.0667464 0.0169639
v -0.0392909 -0.0667464 0.0210798
v -0.0842850 -0.0670750 0.0207978
v -0.0382188 -0.0667464 0.0191662
v -0.0863293 -0.0670397 0.0165523
v -0.0857699 -0.0670659 0.0189024
v -0.0868592 -0.0670181 0.0144136
v -0.0748946 -0.0682972 0.0165523
v -0.0750072 -0.0682597 0.0189024
v -0.0748946 -0.0683370 0.0144136
v 0.0326566 0.0030659 0.0138281
v 0.0307601 0.0045337 0.0138281
v 0.0317345 0.0038322 0.0138281
v 0.0304759 0.0367094 0.0165227
v 0.0488235 0.0378509 0.0163294
v 0.0428929 0.0375656 0.0163294
v 0.0488235 0.0374791 0.0144000
v 0.0539058 0.0395212 0.0199064
v 0.0231070 0.0418656 0.0210798
v 0.0584231 0.0392551 0.0183487
v 0.0229001 0.0378964 0.0210798
v 0.0102693 0.0329323 0.0144000
v 0.0090891 0.0328414 0.0144000
v 0.0000171 0.0313462 0.0144000
v -0.0045741 0.0299113 0.0144000
v -0.0057770 0.0294531 0.0144000
v -0.0098907 0.0273440 0.0144000
v -0.0130333 0.0236045 0.0144000
v -0.0116416 0.0258125 0.0144000
v 0.0231230 0.0340875 0.0143397
v 0.0229001 0.0368538 0.0184022
v 0.0230286 0.0359215 0.0165227
v -0.0219075 0.0017208 0.0210798
v 0.0539103 0.0418656 0.0199064
v 0.0584242 0.0418656 0.0183487
v 0.0621808 0.0418656 0.0163203
v 0.0636953 0.0418656 0.0143386
v 0.0321506 0.0338260 0.0138281
v 0.0386645 0.0344297 0.0138281
v 0.0272650 0.0331711 0.0138281
v 0.0307021 0.0351870 0.0138281
v 0.0405871 0.0363524 0.0138281
v 0.0239132 0.0341989 0.0138281
v -0.0334298 -0.0089316 0.0210798
v -0.0407133 -0.0638152 0.0210798
v -0.0366418 -0.0314304 0.0210798
v -0.0404620 -0.0605657 0.0210798
v -0.0425143 -0.0683473 0.0210798
v -0.0325861 -0.0055491 0.0210798
v -0.0283542 0.0007385 0.0210798
v -0.0313309 0.0309267 0.0210798
v -0.0624162 0.0281399 0.0210798
v -0.0264236 0.0281922 0.0210798
v -0.0672563 0.0252770 0.0210798
v -0.0408816 -0.0645770 0.0210798
v -0.0352160 -0.0213896 0.0210798
v -0.0576783 0.0302581 0.0210798
v -0.0352944 0.0321751 0.0210798
v -0.0227921 0.0120811 0.0210798
v -0.0338482 -0.0115365 0.0210798
v -0.0415615 -0.0667634 0.0210798
v -0.0233026 0.0234748 0.0210798
v -0.0384473 -0.0441840 0.0210798
v -0.0399242 -0.0557267 0.0210798
v -0.0306384 -0.0018368 0.0210798
v -0.0286578 0.0298534 0.0210798
v -0.0644980 0.0269086 0.0210798
v -0.0242304 0.0261672 0.0210798
v -0.0220621 0.0172623 0.0210798
v -0.0247955 0.0041540 0.0210798
v -0.0317811 -0.0037458 0.0210798
v -0.0356435 -0.0244674 0.0210798
v -0.0258233 0.0030522 0.0210798
v -0.0371886 -0.0352506 0.0210798
v -0.0412511 -0.0661245 0.0210798
v -0.0222009 0.0195159 0.0210798
v -0.0235232 0.0061596 0.0210798
v -0.0699896 0.0241263 0.0210798
v -0.0682614 0.0246823 0.0210798
v -0.0542878 0.0317737 0.0210798
v -0.0501674 0.0327868 0.0210798
v -0.0457718 0.0331643 0.0210798
v -0.0399527 0.0328732 0.0210798
v -0.0399242 -0.0557267 0.0222327
v -0.0407133 -0.0638152 0.0222327
v -0.0325861 -0.0055491 0.0222327
v -0.0306384 -0.0018368 0.0222327
v -0.0408816 -0.0645770 0.0222327
v -0.0247955 0.0041540 0.0222327
v -0.0631256 0.0242628 0.0222327
v -0.0425143 -0.0683473 0.0222327
v -0.0334298 -0.0089316 0.0222327
v -0.0366418 -0.0314304 0.0222327
v -0.0404620 -0.0605657 0.0222327
v -0.0283542 0.0007385 0.0222327
v -0.0599830 0.0283582 0.0222327
v -0.0624162 0.0281399 0.0222327
v -0.0626254 0.0256078 0.0222327
v -0.0672563 0.0252770 0.0222327
v -0.0352160 -0.0213896 0.0222327
v -0.0576783 0.0302581 0.0222327
v -0.0352944 0.0321751 0.0222327
v -0.0267943 0.0123471 0.0222327
v -0.0227921 0.0120811 0.0222327
v -0.0338482 -0.0115365 0.0222327
v -0.0415615 -0.0667634 0.0222327
v -0.0633894 0.0223617 0.0222327
v -0.0233026 0.0234748 0.0222327
v -0.0384473 -0.0441840 0.0222327
v -0.0614349 0.0271598 0.0222327
v -0.0644980 0.0269086 0.0222327
v -0.0436593 -0.0556391 0.0222327
v -0.0220621 0.0172623 0.0222327
v -0.0317811 -0.0037458 0.0222327
v -0.0313309 0.0309267 0.0222327
v -0.0356435 -0.0244674 0.0222327
v -0.0242304 0.0261672 0.0222327
v -0.0286578 0.0298534 0.0222327
v -0.0264236 0.0281922 0.0222327
v -0.0258233 0.0030522 0.0222327
v -0.0371886 -0.0352506 0.0222327
v -0.0412511 -0.0661245 0.0222327
v -0.0222009 0.0195159 0.0222327
v -0.0235232 0.0061596 0.0222327
v -0.0699896 0.0241263 0.0222327
v -0.0682614 0.0246823 0.0222327
v -0.0542878 0.0317737 0.0222327
v -0.0501674 0.0327868 0.0222327
v -0.0457718 0.0331643 0.0222327
v -0.0399527 0.0328732 0.0222327
v -0.0587266 0.0144653 0.0222327
v -0.0628118 0.0183311 0.0222327
v -0.0613758 0.0159400 0.0222327
v -0.0237960 0.0148519 0.0222327
v -0.0631586 0.0197842 0.0222327
v -0.0523629 0.0113261 0.0222327
v -0.0456990 0.0097878 0.0222327
v -0.0386497 0.0092329 0.0222327
v -0.0319858 0.0099595 0.0222327
v -0.0278426 0.0117104 0.0222327
v -0.0865522 -0.0433540 0.0222327
v -0.0420936 -0.0441214 0.0222327
v -0.0815710 -0.0207961 0.0222327
v -0.0391170 -0.0213396 0.0222327
v -0.0768821 -0.0072466 0.0222327
v -0.0375354 -0.0087724 0.0222327
v -0.0483277 -0.0646589 0.0222327
v -0.0448736 -0.0637845 0.0222327
v -0.0840701 -0.0305628 0.0222327
v -0.0402687 -0.0313644 0.0222327
v -0.0370283 -0.0053990 0.0222327
v -0.0755302 -0.0041051 0.0222327
v -0.0443562 -0.0605452 0.0222327
v -0.0591712 0.0090931 0.0222327
v -0.0695951 0.0105905 0.0222327
v -0.0782999 -0.0105803 0.0222327
v -0.0377719 -0.0114523 0.0222327
v -0.0721897 0.0036651 0.0222327
v -0.0337095 0.0010966 0.0222327
v -0.0354843 -0.0016719 0.0222327
v -0.0739668 -0.0003644 0.0222327
v -0.0453568 -0.0642700 0.0222327
v -0.0548870 0.0069328 0.0222327
v -0.0495591 0.0052500 0.0222327
v -0.0441220 0.0043223 0.0222327
v -0.0388805 0.0040414 0.0222327
v -0.0345542 0.0043439 0.0222327
v -0.0336526 0.0043871 0.0222327
v -0.0328976 0.0037970 0.0222327
v -0.0324906 0.0029215 0.0222327
v -0.0330978 0.0019937 0.0222327
v -0.0704615 0.0077673 0.0222327
v -0.0699578 0.0091522 0.0222327
v -0.0798996 -0.0149918 0.0222327
v -0.0829195 -0.0255078 0.0222327
v -0.0856699 -0.0381818 0.0222327
v -0.0845022 -0.0331847 0.0222327
v -0.0693188 0.0119367 0.0222327
v -0.0691687 0.0132101 0.0222327
v -0.0685639 0.0137490 0.0222327
v -0.0677009 0.0137922 0.0222327
v -0.0649403 0.0120015 0.0222327
v -0.0436593 -0.0556391 0.0215607
v -0.0865522 -0.0433540 0.0215607
v -0.0420936 -0.0441214 0.0215607
v -0.0815710 -0.0207961 0.0215607
v -0.0391170 -0.0213396 0.0215607
v -0.0768821 -0.0072466 0.0215607
v -0.0375354 -0.0087724 0.0215607
v -0.0483277 -0.0646589 0.0215607
v -0.0448736 -0.0637845 0.0215607
v -0.0840701 -0.0305628 0.0215607
v -0.0402687 -0.0313644 0.0215607
v -0.0370283 -0.0053990 0.0215607
v -0.0755302 -0.0041051 0.0215607
v -0.0443562 -0.0605452 0.0215607
v -0.0591712 0.0090931 0.0215607
v -0.0695951 0.0105905 0.0215607
v -0.0782999 -0.0105803 0.0215607
v -0.0377719 -0.0114523 0.0215607
v -0.0721897 0.0036651 0.0215607
v -0.0337095 0.0010966 0.0215607
v -0.0354843 -0.0016719 0.0215607
v -0.0739668 -0.0003644 0.0215607
v -0.0453568 -0.0642700 0.0215607
v -0.0741760 -0.0644383 0.0215607
v -0.0548870 0.0069328 0.0215607
v -0.0495591 0.0052500 0.0215607
v -0.0441220 0.0043223 0.0215607
v -0.0388805 0.0040414 0.0215607
v -0.0345542 0.0043439 0.0215607
v -0.0336526 0.0043871 0.0215607
v -0.0328976 0.0037970 0.0215607
v -0.0324906 0.0029215 0.0215607
v -0.0330978 0.0019937 0.0215607
v -0.0704615 0.0077673 0.0215607
v -0.0699578 0.0091522 0.0215607
v -0.0798996 -0.0149918 0.0215607
v -0.0829195 -0.0255078 0.0215607
v -0.0856699 -0.0381818 0.0215607
v -0.0845022 -0.0331847 0.0215607
v -0.0870650 -0.0476120 0.0215607
v -0.0693188 0.0119367 0.0215607
v -0.0691687 0.0132101 0.0215607
v -0.0685639 0.0137490 0.0215607
v -0.0677009 0.0137922 0.0215607
v -0.0649403 0.0120015 0.0215607
v -0.0589120 -0.0208029 0.0215607
v -0.0664536 -0.0208029 0.0215607
v -0.0626822 -0.0200525 0.0215607
v -0.0528291 -0.0299057 0.0215607
v -0.0535783 -0.0261354 0.0215607
v -0.0725354 -0.0299057 0.0215607
v -0.0696497 -0.0229382 0.0215607
v -0.0557147 -0.0229382 0.0215607
v -0.0717861 -0.0261354 0.0215607
v -0.0589120 -0.0390095 0.0215607
v -0.0557147 -0.0368731 0.0215607
v -0.0626822 -0.0397599 0.0215607
v -0.0664536 -0.0390095 0.0215607
v -0.0535783 -0.0336771 0.0215607
v -0.0696497 -0.0368731 0.0215607
v -0.0717861 -0.0336771 0.0215607
v -0.0614099 0.0229507 0.0232651
v -0.0243259 0.0239797 0.0232651
v -0.0611973 0.0205653 0.0232651
v -0.0611666 0.0247085 0.0232651
v -0.0251832 0.0264708 0.0232651
v -0.0233060 0.0203174 0.0232651
v -0.0323587 0.0114762 0.0232651
v -0.0285248 0.0130964 0.0232651
v -0.0272127 0.0283446 0.0232651
v -0.0450441 0.0113182 0.0232651
v -0.0385235 0.0108042 0.0232651
v -0.0236255 0.0182447 0.0232651
v -0.0529905 0.0316578 0.0232651
v -0.0491782 0.0325946 0.0232651
v -0.0582593 0.0284981 0.0232651
v -0.0596033 0.0273895 0.0232651
v -0.0451123 0.0329437 0.0232651
v -0.0561275 0.0302547 0.0232651
v -0.0292797 0.0298806 0.0232651
v -0.0317516 0.0308732 0.0232651
v -0.0570962 0.0156455 0.0232651
v -0.0595487 0.0170088 0.0232651
v -0.0512100 0.0127405 0.0232651
v -0.0608755 0.0192214 0.0232651
v -0.0397287 0.0326742 0.0232651
v -0.0246920 0.0165745 0.0232651
v -0.0607039 0.0259535 0.0232651
v -0.0275561 0.0136854 0.0232651
v -0.0354195 0.0320296 0.0232651
v -0.0197938 0.0032057 0.0184022
v -0.0149878 0.0010625 0.0183510
v -0.0170639 0.0115910 0.0184022
v -0.0125251 0.0051386 0.0182998
v -0.0175938 0.0024906 0.0183794
v -0.0146160 0.0060937 0.0183476
v -0.0179064 0.0057810 0.0183942
v -0.0143033 0.0028032 0.0183328
v -0.0172640 0.0028737 0.0186944
v -0.0159201 0.0024610 0.0186739
v -0.0149241 0.0057060 0.0186694
v -0.0142658 0.0044644 0.0186557
v -0.0175096 0.0054604 0.0187057
v -0.0179224 0.0041165 0.0187069
v -0.0146785 0.0031193 0.0186580
v -0.0162680 0.0061187 0.0186898
v -0.0167854 0.0034468 0.0192742
v -0.0159861 0.0032012 0.0192629
v -0.0153937 0.0051318 0.0192606
v -0.0150014 0.0043928 0.0192526
v -0.0169309 0.0049851 0.0192822
v -0.0171765 0.0041858 0.0192822
v -0.0152470 0.0035935 0.0192526
v -0.0161930 0.0053774 0.0192720
v -0.0938812 0.0377588 0.0165523
v -0.0941075 0.0377588 0.0144136
v -0.0817825 0.0355315 0.0210798
v -0.0930864 0.0377588 0.0189024
v -0.0901496 0.0367458 0.0210798
v -0.0872821 0.0377588 0.0144136
v -0.0875573 0.0418656 0.0172174
v -0.0874447 0.0418656 0.0144102
v -0.0913810 -0.0433153 0.0218382
v -0.0918016 -0.0432641 0.0214152
v -0.0916777 -0.0432789 0.0217142
v -0.0866647 -0.0208484 0.0222327
v -0.0870695 -0.0207256 0.0218097
v -0.0869513 -0.0207620 0.0221088
v -0.0890342 -0.0305526 0.0222327
v -0.0894469 -0.0304651 0.0218097
v -0.0893264 -0.0304912 0.0221088
v -0.0759372 0.0115024 0.0218097
v -0.0755211 0.0114182 0.0222327
v -0.0758156 0.0114773 0.0221088
v -0.0755870 0.0155853 0.0218097
v -0.0751607 0.0156092 0.0222327
v -0.0754620 0.0155921 0.0221088
v -0.0758167 0.0187177 0.0222327
v -0.0762408 0.0186813 0.0218097
v -0.0761169 0.0186915 0.0221088
v -0.0815619 -0.0039027 0.0222327
v -0.0820042 -0.0038879 0.0218097
v -0.0818746 -0.0038925 0.0221088
v -0.0832094 -0.0070010 0.0218097
v -0.0827694 -0.0070181 0.0222327
v -0.0830798 -0.0070056 0.0221088
v -0.0804283 -0.0001450 0.0218097
v -0.0799861 -0.0001597 0.0222327
v -0.0802987 -0.0001495 0.0221088
v -0.0784466 0.0040824 0.0222327
v -0.0788855 0.0041119 0.0218097
v -0.0787570 0.0041028 0.0221088
v -0.0833857 -0.0104711 0.0218097
v -0.0829468 -0.0104984 0.0222327
v -0.0832572 -0.0104791 0.0221088
v -0.0767684 0.0236067 0.0218097
v -0.0760839 0.0236408 0.0222327
v -0.0764659 0.0236170 0.0221088
v -0.0767616 0.0219911 0.0218097
v -0.0763329 0.0220024 0.0222327
v -0.0766353 0.0219945 0.0221088
v -0.0747514 -0.0679868 0.0215607
v 0.0279404 0.0029010 0.0127297
v 0.0307601 0.0045337 0.0127297
v 0.0224908 0.0014320 0.0127297
v -0.0116416 0.0258125 0.0130163
v 0.0153505 0.0003553 0.0127297
v 0.0102693 0.0329323 0.0130163
v 0.0000171 0.0313462 0.0130163
v 0.0090891 0.0328414 0.0130163
v -0.0045741 0.0299113 0.0130163
v -0.0130333 0.0236045 0.0130163
v 0.0072506 -0.0008169 0.0127297
v 0.0272650 0.0331711 0.0127297
v -0.0098907 0.0273440 0.0130163
v -0.0150128 0.0115910 0.0130163
v 0.0372671 0.0215351 0.0127297
v 0.0006401 -0.0010966 0.0127297
v -0.0076178 0.0008272 0.0127297
v 0.0374922 0.0157433 0.0127297
v 0.0355718 0.0263310 0.0127297
v -0.0123818 0.0053933 0.0129992
v -0.0048458 -0.0002689 0.0127297
v 0.0231230 0.0340875 0.0129867
v 0.0336446 0.0290882 0.0127297
v -0.0148980 0.0169508 0.0130163
v 0.0362086 0.0109702 0.0127297
v 0.0239132 0.0341989 0.0127297
v -0.0113494 0.0032944 0.0127297
v 0.0331137 0.0063211 0.0127297
v 0.0302507 0.0315520 0.0127297
v -0.0057770 0.0294531 0.0130163
v 0.0011017 0.0287698 0.0130163
v 0.0073097 0.0297920 0.0130163
v -0.0020386 0.0277874 0.0130163
v 0.0018840 0.0263799 0.0130163
v 0.0057816 0.0265254 0.0130163
v -0.0008562 0.0261297 0.0130163
v 0.0013075 0.0234635 0.0130163
v 0.0039363 0.0234282 0.0130163
v -0.0010915 0.0233953 0.0130163
v 0.0103284 0.0021074 0.0130163
v 0.0105842 0.0034093 0.0130163
v 0.0089856 0.0013911 0.0130163
v 0.0004457 0.0208109 0.0130163
v 0.0001751 0.0181583 0.0130163
v 0.0004628 0.0157854 0.0130163
v 0.0011233 0.0128849 0.0130163
v 0.0019079 0.0107599 0.0130163
v 0.0031893 0.0081698 0.0130163
v 0.0056213 0.0053933 0.0130163
v 0.0078975 0.0035173 0.0130163
v 0.0084160 0.0046713 0.0130163
v 0.0064047 0.0063984 0.0130163
v 0.0042364 0.0090260 0.0130163
v 0.0032188 0.0114682 0.0130163
v 0.0026969 0.0134443 0.0130163
v 0.0023001 0.0161970 0.0130163
v 0.0022763 0.0184209 0.0130163
v 0.0028106 0.0209246 0.0130163
v 0.0064376 0.0028726 0.0130163
v 0.0040443 0.0048203 0.0130163
v 0.0014951 0.0076696 0.0130163
v 0.0000955 0.0103324 0.0130163
v -0.0008061 0.0125279 0.0130163
v -0.0015850 0.0155011 0.0130163
v -0.0019897 0.0179457 0.0130163
v -0.0018362 0.0206710 0.0130163
v 0.0018544 0.0249222 0.0130163
v 0.0048584 0.0249768 0.0130163
v -0.0009198 0.0248483 0.0130163
v 0.0016657 0.0276180 0.0130163
v -0.0014042 0.0270450 0.0130163
v 0.0065456 0.0281592 0.0130163
v -0.0045741 0.0304639 0.0130163
v -0.0057770 0.0300069 0.0130163
v 0.0102693 0.0334894 0.0130163
v 0.0090891 0.0333985 0.0130163
v -0.0819690 0.0289040 0.0021853
v -0.0819997 0.0281922 0.0027015
v -0.0819007 0.0284014 0.0023365
v -0.0902030 0.0314440 0.0021853
v -0.0904270 0.0307880 0.0027003
v -0.0902724 0.0309801 0.0023365
v -0.0913389 0.0329232 0.0021853
v -0.0920961 0.0329505 0.0026981
v -0.0917846 0.0329426 0.0023354
v -0.0920290 0.0419873 0.0026958
v -0.0912718 0.0419486 0.0021853
v -0.0917175 0.0419759 0.0023354
v -0.0787320 0.0266777 0.0021853
v -0.0797757 0.0266743 0.0027038
v -0.0793471 0.0266493 0.0023376
v -0.0787763 0.0257977 0.0027038
v -0.0777610 0.0258193 0.0021853
v -0.0783681 0.0257875 0.0023376
v -0.0776427 0.0245743 0.0027049
v -0.0769651 0.0249541 0.0021853
v -0.0773426 0.0246766 0.0023376
v -0.0762158 0.0236340 0.0021853
v -0.0773301 0.0235738 0.0026947
v -0.0769890 0.0235965 0.0019704
v -0.0767093 0.0235999 0.0024593
v -0.0920597 0.0377588 0.0026969
v -0.0913059 0.0374371 0.0021853
v -0.0917493 0.0376645 0.0023354
v -0.0819997 0.0281922 0.0205636
v -0.0819690 0.0289040 0.0210798
v -0.0819007 0.0284014 0.0209286
v -0.0904270 0.0307880 0.0205647
v -0.0902030 0.0314440 0.0210798
v -0.0902724 0.0309801 0.0209286
v -0.0913389 0.0329232 0.0210798
v -0.0920961 0.0329505 0.0205670
v -0.0917846 0.0329426 0.0209297
v -0.0912718 0.0419486 0.0210798
v -0.0920290 0.0419873 0.0205693
v -0.0917175 0.0419759 0.0209297
v -0.0797757 0.0266743 0.0205613
v -0.0787320 0.0266777 0.0210798
v -0.0793471 0.0266493 0.0209274
v -0.0777610 0.0258193 0.0210798
v -0.0787763 0.0257977 0.0205613
v -0.0783681 0.0257875 0.0209274
v -0.0769651 0.0249541 0.0210798
v -0.0776427 0.0245743 0.0205602
v -0.0773426 0.0246766 0.0209274
v -0.0774187 0.0235738 0.0205704
v -0.0763773 0.0236272 0.0210798
v -0.0770549 0.0235965 0.0212856
v -0.0769298 0.0235920 0.0207398
v -0.0913059 0.0374371 0.0210798
v -0.0920597 0.0377588 0.0205681
v -0.0917493 0.0376645 0.0209297
v -0.0780884 -0.0679982 0.0023149
v -0.0783602 -0.0680494 0.0067128
v -0.0784307 -0.0681449 0.0116325
v -0.0783840 -0.0680869 0.0088515
v -0.0783226 -0.0680255 0.0043626
v -0.0778440 -0.0675843 0.0010324
v -0.0778735 -0.0678811 0.0011563
v -0.0779292 -0.0679982 0.0014553
v -0.0781896 -0.0679846 0.0207694
v -0.0782703 -0.0680607 0.0165523
v -0.0783840 -0.0680869 0.0144136
v -0.0782135 -0.0680403 0.0189024
v -0.0659454 -0.0377839 0.0229024
v -0.0687117 -0.0359351 0.0229024
v -0.0594191 -0.0377839 0.0229024
v -0.0626822 -0.0384331 0.0229024
v -0.0557147 -0.0368731 0.0222327
v -0.0535783 -0.0336771 0.0222327
v -0.0594191 -0.0220286 0.0229024
v -0.0626822 -0.0213794 0.0229024
v -0.0664536 -0.0208029 0.0222327
v -0.0696497 -0.0229382 0.0222327
v -0.0589120 -0.0208029 0.0222327
v -0.0626822 -0.0200525 0.0222327
v -0.0664536 -0.0390095 0.0222327
v -0.0696497 -0.0368731 0.0222327
v -0.0589120 -0.0390095 0.0222327
v -0.0626822 -0.0397599 0.0222327
v -0.0717861 -0.0261354 0.0222327
v -0.0659454 -0.0220286 0.0229024
v -0.0687117 -0.0238762 0.0229024
v -0.0528291 -0.0299057 0.0222327
v -0.0566528 -0.0359351 0.0229024
v -0.0535783 -0.0261354 0.0222327
v -0.0557147 -0.0229382 0.0222327
v -0.0725354 -0.0299057 0.0222327
v -0.0548040 -0.0331688 0.0229024
v -0.0717861 -0.0336771 0.0222327
v -0.0705604 -0.0266425 0.0229024
v -0.0541548 -0.0299057 0.0229024
v -0.0548040 -0.0266425 0.0229024
v -0.0566528 -0.0238762 0.0229024
v -0.0712096 -0.0299057 0.0229024
v -0.0705604 -0.0331688 0.0229024
v -0.0654963 -0.0367003 0.0229024
v -0.0678817 -0.0351062 0.0229024
v -0.0598682 -0.0367003 0.0229024
v -0.0626822 -0.0372597 0.0229024
v -0.0598682 -0.0231121 0.0229024
v -0.0626822 -0.0225528 0.0229024
v -0.0654963 -0.0231121 0.0229024
v -0.0678817 -0.0247062 0.0229024
v -0.0574828 -0.0351062 0.0229024
v -0.0558887 -0.0327197 0.0229024
v -0.0694757 -0.0270916 0.0229024
v -0.0553293 -0.0299057 0.0229024
v -0.0558887 -0.0270916 0.0229024
v -0.0574828 -0.0247062 0.0229024
v -0.0700351 -0.0299057 0.0229024
v -0.0694757 -0.0327197 0.0229024
v -0.0651245 -0.0358021 0.0222327
v -0.0671949 -0.0344195 0.0222327
v -0.0602400 -0.0358021 0.0222327
v -0.0626822 -0.0362887 0.0222327
v -0.0602400 -0.0240104 0.0222327
v -0.0626822 -0.0235237 0.0222327
v -0.0651245 -0.0240104 0.0222327
v -0.0671949 -0.0253929 0.0222327
v -0.0581695 -0.0344195 0.0222327
v -0.0567858 -0.0323490 0.0222327
v -0.0685786 -0.0274634 0.0222327
v -0.0563003 -0.0299057 0.0222327
v -0.0567858 -0.0274634 0.0222327
v -0.0581695 -0.0253929 0.0222327
v -0.0690641 -0.0299057 0.0222327
v -0.0685786 -0.0323490 0.0222327
v -0.0668334 -0.0340352 0.0222338
v -0.0642115 -0.0301490 0.0222338
v -0.0628550 -0.0315554 0.0222338
v -0.0599705 -0.0352506 0.0222338
v -0.0610984 -0.0307004 0.0222338
v -0.0566926 -0.0290984 0.0222338
v -0.0613690 -0.0287664 0.0222338
v -0.0615304 -0.0240809 0.0222338
v -0.0632928 -0.0284253 0.0222338
v -0.0677987 -0.0271314 0.0222338
v -0.0625651 -0.0299193 0.0229024
v -0.0659454 -0.0377839 0.0003627
v -0.0687117 -0.0359351 0.0003627
v -0.0594191 -0.0377839 0.0003627
v -0.0626822 -0.0384331 0.0003627
v -0.0557147 -0.0368731 0.0010324
v -0.0535783 -0.0336771 0.0010324
v -0.0594191 -0.0220286 0.0003627
v -0.0626822 -0.0213794 0.0003627
v -0.0664536 -0.0208029 0.0010324
v -0.0696497 -0.0229382 0.0010324
v -0.0589120 -0.0208029 0.0010324
v -0.0626822 -0.0200525 0.0010324
v -0.0664536 -0.0390095 0.0010324
v -0.0696497 -0.0368731 0.0010324
v -0.0589120 -0.0390095 0.0010324
v -0.0626822 -0.0397599 0.0010324
v -0.0717861 -0.0261354 0.0010324
v -0.0659454 -0.0220286 0.0003627
v -0.0687117 -0.0238762 0.0003627
v -0.0528291 -0.0299057 0.0010324
v -0.0566528 -0.0359351 0.0003627
v -0.0535783 -0.0261354 0.0010324
v -0.0557147 -0.0229382 0.0010324
v -0.0725354 -0.0299057 0.0010324
v -0.0548040 -0.0331688 0.0003627
v -0.0717861 -0.0336771 0.0010324
v -0.0705604 -0.0266425 0.0003627
v -0.0541548 -0.0299057 0.0003627
v -0.0548040 -0.0266425 0.0003627
v -0.0566528 -0.0238762 0.0003627
v -0.0712096 -0.0299057 0.0003627
v -0.0705604 -0.0331688 0.0003627
v -0.0654963 -0.0367003 0.0003627
v -0.0678817 -0.0351062 0.0003627
v -0.0598682 -0.0367003 0.0003627
v -0.0626822 -0.0372597 0.0003627
v -0.0598682 -0.0231121 0.0003627
v -0.0626822 -0.0225528 0.0003627
v -0.0654963 -0.0231121 0.0003627
v -0.0678817 -0.0247062 0.0003627
v -0.0574828 -0.0351062 0.0003627
v -0.0558887 -0.0327197 0.0003627
v -0.0694757 -0.0270916 0.0003627
v -0.0553293 -0.0299057 0.0003627
v -0.0558887 -0.0270916 0.0003627
v -0.0574828 -0.0247062 0.0003627
v -0.0700351 -0.0299057 0.0003627
v -0.0694757 -0.0327197 0.0003627
v -0.0651245 -0.0358021 0.0010324
v -0.0671949 -0.0344195 0.0010324
v -0.0602400 -0.0358021 0.0010324
v -0.0626822 -0.0362887 0.0010324
v -0.0602400 -0.0240104 0.0010324
v -0.0626822 -0.0235237 0.0010324
v -0.0651245 -0.0240104 0.0010324
v -0.0671949 -0.0253929 0.0010324
v -0.0581695 -0.0344195 0.0010324
v -0.0567858 -0.0323490 0.0010324
v -0.0685786 -0.0274634 0.0010324
v -0.0563003 -0.0299057 0.0010324
v -0.0567858 -0.0274634 0.0010324
v -0.0581695 -0.0253929 0.0010324
v -0.0690641 -0.0299057 0.0010324
v -0.0685786 -0.0323490 0.0010324
v -0.0668334 -0.0340352 0.0010312
v -0.0642115 -0.0301490 0.0010312
v -0.0628550 -0.0315554 0.0010312
v -0.0599705 -0.0352506 0.0010312
v -0.0610984 -0.0307004 0.0010312
v -0.0566926 -0.0290984 0.0010312
v -0.0613690 -0.0287664 0.0010312
v -0.0615304 -0.0240809 0.0010312
v -0.0632928 -0.0284253 0.0010312
v -0.0677987 -0.0271314 0.0010312
v -0.0625651 -0.0299193 0.0003627
v -0.0946873 -0.0493493 0.0116325
v -0.0944338 -0.0493493 0.0088515
v -0.0934128 -0.0493493 0.0043626
v -0.0928818 -0.0493493 0.0027663
v -0.0942075 -0.0493493 0.0067128
v -0.0917482 -0.0493618 0.0010324
v -0.0920472 -0.0493527 0.0011563
v -0.0921712 -0.0493493 0.0014553
v -0.0944338 -0.0493493 0.0144136
v -0.0934128 -0.0493493 0.0189024
v -0.0928818 -0.0493493 0.0207978
v -0.0942075 -0.0493493 0.0165523
v -0.0857779 -0.0603235 0.0207978
v -0.0871627 -0.0546295 0.0207978
v -0.0773301 -0.0644121 0.0207978
v -0.0871968 -0.0493630 0.0207978
v -0.0784068 -0.0516210 0.0207978
v -0.0767400 -0.0548717 0.0207978
v -0.0766933 -0.0603724 0.0207978
v -0.0763170 -0.0577198 0.0207978
v -0.0834925 -0.0494289 0.0207978
v -0.0806376 -0.0500963 0.0207978
v -0.0402005 -0.0683518 0.0063114
v -0.0669471 -0.0682700 0.0063114
v -0.0391272 -0.0683518 0.0063114
v -0.0669471 -0.0684155 0.0116325
v -0.0669471 -0.0683382 0.0087207
v -0.0669471 -0.0683052 0.0073313
v -0.0669471 -0.0683746 0.0099873
v -0.0425143 -0.0683461 0.0063114
v -0.0402005 -0.0683518 0.0169639
v -0.0669471 -0.0682700 0.0169639
v -0.0391272 -0.0683518 0.0169639
v -0.0669471 -0.0683382 0.0145444
v -0.0669471 -0.0683052 0.0159338
v -0.0669471 -0.0683746 0.0132778
v -0.0425143 -0.0683461 0.0169639
v -0.0811446 -0.0626259 0.0207978
v -0.0812333 -0.0616174 0.0207978
v -0.0810275 -0.0622871 0.0207978
v -0.0810594 -0.0619301 0.0207978
v -0.0824010 -0.0628715 0.0207978
v -0.0813880 -0.0628886 0.0207978
v -0.0820758 -0.0630227 0.0207978
v -0.0817177 -0.0630284 0.0207978
v -0.0878358 -0.0550240 0.0207978
v -0.0887932 -0.0549774 0.0207978
v -0.0881405 -0.0548808 0.0207978
v -0.0884760 -0.0548648 0.0207978
v -0.0890422 -0.0552037 0.0207978
v -0.0890888 -0.0561599 0.0207978
v -0.0891854 -0.0555072 0.0207978
v -0.0892025 -0.0558438 0.0207978
v -0.0812197 -0.0625623 0.0223589
v -0.0812140 -0.0616697 0.0223589
v -0.0810548 -0.0622780 0.0223589
v -0.0810526 -0.0619517 0.0223589
v -0.0823965 -0.0628522 0.0223589
v -0.0815039 -0.0628465 0.0223589
v -0.0821145 -0.0630136 0.0223589
v -0.0817882 -0.0630114 0.0223589
v -0.0878779 -0.0550058 0.0223589
v -0.0887704 -0.0550115 0.0223589
v -0.0881599 -0.0548444 0.0223589
v -0.0884862 -0.0548467 0.0223589
v -0.0890547 -0.0552969 0.0223589
v -0.0890604 -0.0561883 0.0223589
v -0.0892195 -0.0555800 0.0223589
v -0.0892218 -0.0559075 0.0223589
v -0.0813413 -0.0624349 0.0238847
v -0.0813209 -0.0615583 0.0237062
v -0.0811742 -0.0621529 0.0238609
v -0.0811674 -0.0618323 0.0237960
v -0.0816836 -0.0620802 0.0251968
v -0.0816210 -0.0612434 0.0248705
v -0.0815108 -0.0618039 0.0251536
v -0.0814880 -0.0614969 0.0250342
v -0.0822089 -0.0615367 0.0262974
v -0.0820861 -0.0607613 0.0258483
v -0.0820281 -0.0612684 0.0262372
v -0.0819826 -0.0609841 0.0260723
v -0.0828808 -0.0608454 0.0271604
v -0.0826807 -0.0601484 0.0266146
v -0.0826898 -0.0605873 0.0270865
v -0.0826171 -0.0603326 0.0268875
v -0.0836631 -0.0600472 0.0277528
v -0.0833697 -0.0594424 0.0271399
v -0.0834596 -0.0598017 0.0276709
v -0.0833527 -0.0595799 0.0274458
v -0.0845147 -0.0591854 0.0280450
v -0.0841190 -0.0586840 0.0273969
v -0.0842975 -0.0589546 0.0279574
v -0.0841520 -0.0587704 0.0277209
v -0.0853936 -0.0583065 0.0280177
v -0.0848922 -0.0579108 0.0273719
v -0.0851616 -0.0580893 0.0279313
v -0.0849786 -0.0579450 0.0276948
v -0.0862543 -0.0574560 0.0276857
v -0.0856517 -0.0571604 0.0270774
v -0.0860098 -0.0572514 0.0276038
v -0.0857893 -0.0571434 0.0273821
v -0.0870524 -0.0566738 0.0270819
v -0.0863577 -0.0564703 0.0265419
v -0.0867955 -0.0564816 0.0270103
v -0.0865408 -0.0564077 0.0268125
v -0.0877437 -0.0560007 0.0262372
v -0.0869706 -0.0558756 0.0257903
v -0.0874765 -0.0558199 0.0261769
v -0.0871934 -0.0557744 0.0260143
v -0.0882872 -0.0554754 0.0251684
v -0.0874527 -0.0554129 0.0248421
v -0.0880109 -0.0553026 0.0251241
v -0.0877051 -0.0552798 0.0250047
v -0.0877653 -0.0551127 0.0237017
v -0.0886431 -0.0551343 0.0238790
v -0.0880394 -0.0549592 0.0237904
v -0.0883611 -0.0549672 0.0238552
v -0.0825090 -0.0627453 0.0237062
v -0.0816313 -0.0627249 0.0238847
v -0.0822350 -0.0629000 0.0237960
v -0.0819133 -0.0628920 0.0238609
v -0.0828228 -0.0624452 0.0248705
v -0.0819872 -0.0623826 0.0251968
v -0.0825693 -0.0625782 0.0250342
v -0.0822634 -0.0625554 0.0251536
v -0.0833049 -0.0619801 0.0258483
v -0.0825295 -0.0618573 0.0262974
v -0.0830821 -0.0620836 0.0260723
v -0.0827978 -0.0620381 0.0262372
v -0.0839189 -0.0613855 0.0266146
v -0.0832219 -0.0611854 0.0271604
v -0.0837347 -0.0614503 0.0268875
v -0.0834789 -0.0613764 0.0270865
v -0.0846238 -0.0606965 0.0271399
v -0.0840190 -0.0604031 0.0277528
v -0.0844863 -0.0607147 0.0274458
v -0.0842645 -0.0606066 0.0276709
v -0.0853833 -0.0599472 0.0273969
v -0.0848808 -0.0595515 0.0280450
v -0.0852958 -0.0599142 0.0277209
v -0.0851127 -0.0597687 0.0279574
v -0.0861554 -0.0591752 0.0273719
v -0.0857597 -0.0586726 0.0280177
v -0.0861224 -0.0590888 0.0276948
v -0.0859769 -0.0589046 0.0279313
v -0.0869058 -0.0584157 0.0270774
v -0.0866113 -0.0578119 0.0276857
v -0.0869228 -0.0582781 0.0273821
v -0.0868148 -0.0580564 0.0276038
v -0.0875959 -0.0577085 0.0265419
v -0.0873924 -0.0570138 0.0270819
v -0.0876585 -0.0575254 0.0268125
v -0.0875846 -0.0572707 0.0270103
v -0.0881906 -0.0570956 0.0257903
v -0.0880655 -0.0563225 0.0262372
v -0.0882918 -0.0568728 0.0260143
v -0.0882463 -0.0565897 0.0261769
v -0.0886533 -0.0566147 0.0248421
v -0.0885908 -0.0557790 0.0251684
v -0.0887864 -0.0563611 0.0250058
v -0.0887636 -0.0560553 0.0251241
v -0.0889330 -0.0554242 0.0238790
v -0.0889535 -0.0563009 0.0237017
v -0.0891002 -0.0557062 0.0238552
v -0.0891070 -0.0560269 0.0237904
v -0.0815199 -0.0614014 0.0207978
v -0.0825136 -0.0615958 0.0207978
v -0.0818689 -0.0613218 0.0207978
v -0.0822202 -0.0613900 0.0207978
v -0.0826364 -0.0626021 0.0207978
v -0.0826978 -0.0619039 0.0207978
v -0.0827410 -0.0622587 0.0207978
v -0.0877813 -0.0563429 0.0207978
v -0.0876096 -0.0552742 0.0207978
v -0.0875129 -0.0559268 0.0207978
v -0.0874970 -0.0555902 0.0207978
v -0.0888625 -0.0564100 0.0207978
v -0.0885590 -0.0565533 0.0207978
v -0.0882224 -0.0565692 0.0207978
v -0.0813698 -0.0615140 0.0223589
v -0.0825443 -0.0615219 0.0223589
v -0.0817404 -0.0613013 0.0223589
v -0.0821702 -0.0613036 0.0223589
v -0.0825522 -0.0626976 0.0223589
v -0.0827637 -0.0618971 0.0223589
v -0.0827649 -0.0623258 0.0223589
v -0.0877290 -0.0563372 0.0223589
v -0.0877210 -0.0551627 0.0223589
v -0.0875107 -0.0559620 0.0223589
v -0.0875084 -0.0555334 0.0223589
v -0.0889046 -0.0563452 0.0223589
v -0.0885339 -0.0565578 0.0223589
v -0.0881042 -0.0565556 0.0223589
v -0.0826659 -0.0625884 0.0236414
v -0.0828581 -0.0618073 0.0234390
v -0.0828683 -0.0622280 0.0235243
v -0.0828945 -0.0611945 0.0243122
v -0.0829763 -0.0622917 0.0247409
v -0.0831207 -0.0615572 0.0243702
v -0.0831514 -0.0619585 0.0245271
v -0.0834414 -0.0618448 0.0256607
v -0.0835164 -0.0611797 0.0251513
v -0.0835755 -0.0615515 0.0253662
v -0.0840246 -0.0612809 0.0263827
v -0.0840110 -0.0607044 0.0257642
v -0.0841076 -0.0610387 0.0260257
v -0.0846909 -0.0606305 0.0268784
v -0.0845727 -0.0601587 0.0261815
v -0.0847137 -0.0604486 0.0264759
v -0.0854061 -0.0599245 0.0271183
v -0.0851719 -0.0595697 0.0263816
v -0.0853617 -0.0598108 0.0266931
v -0.0854311 -0.0586351 0.0262406
v -0.0861326 -0.0591979 0.0270865
v -0.0857779 -0.0589637 0.0263543
v -0.0860189 -0.0591536 0.0266635
v -0.0860064 -0.0580598 0.0260064
v -0.0868353 -0.0584850 0.0268011
v -0.0863657 -0.0583656 0.0261132
v -0.0866556 -0.0585078 0.0264032
v -0.0865442 -0.0575231 0.0255902
v -0.0874834 -0.0578210 0.0262952
v -0.0869115 -0.0578040 0.0256846
v -0.0872446 -0.0579029 0.0259427
v -0.0870149 -0.0570513 0.0250126
v -0.0880484 -0.0572377 0.0255959
v -0.0873867 -0.0573094 0.0250911
v -0.0877574 -0.0573696 0.0253037
v -0.0873913 -0.0566761 0.0242838
v -0.0884976 -0.0567704 0.0247113
v -0.0877653 -0.0569137 0.0243407
v -0.0881656 -0.0569444 0.0244976
v -0.0887954 -0.0564589 0.0236357
v -0.0876391 -0.0564271 0.0234015
v -0.0884362 -0.0566602 0.0235186
v -0.0880143 -0.0566511 0.0234333
v -0.0876084 -0.0552708 0.0236357
v -0.0874151 -0.0560519 0.0234333
v -0.0874060 -0.0556312 0.0235186
v -0.0872969 -0.0555686 0.0247113
v -0.0871525 -0.0563020 0.0243407
v -0.0871218 -0.0559006 0.0244976
v -0.0868296 -0.0560178 0.0255959
v -0.0867568 -0.0566795 0.0250911
v -0.0866966 -0.0563088 0.0253037
v -0.0862452 -0.0565828 0.0262952
v -0.0862622 -0.0571547 0.0256846
v -0.0861645 -0.0568216 0.0259427
v -0.0855812 -0.0572309 0.0268011
v -0.0857006 -0.0577005 0.0261132
v -0.0855596 -0.0574106 0.0264032
v -0.0848683 -0.0579347 0.0270865
v -0.0851025 -0.0582883 0.0263543
v -0.0849126 -0.0580473 0.0266635
v -0.0848001 -0.0591809 0.0262679
v -0.0841418 -0.0586613 0.0271183
v -0.0844965 -0.0588955 0.0263816
v -0.0842555 -0.0587045 0.0266931
v -0.0842293 -0.0597607 0.0260734
v -0.0834368 -0.0593764 0.0268784
v -0.0839075 -0.0594935 0.0261815
v -0.0836176 -0.0593525 0.0264759
v -0.0837006 -0.0603065 0.0256675
v -0.0827865 -0.0600427 0.0263827
v -0.0833629 -0.0600552 0.0257642
v -0.0830275 -0.0599586 0.0260257
v -0.0832390 -0.0607874 0.0250729
v -0.0822214 -0.0606248 0.0256607
v -0.0828865 -0.0605498 0.0251513
v -0.0825147 -0.0604907 0.0253662
v -0.0817745 -0.0610910 0.0247409
v -0.0825090 -0.0609455 0.0243702
v -0.0821077 -0.0609159 0.0245271
v -0.0814778 -0.0614014 0.0236414
v -0.0826296 -0.0614275 0.0234072
v -0.0818382 -0.0611979 0.0235243
v -0.0822600 -0.0612081 0.0234390
v -0.0140304 0.0418656 0.0210957
v -0.0277687 0.0418656 0.0210798
v -0.0135324 0.0319670 0.0210798
v -0.0225238 0.0306811 0.0210798
v -0.0125808 0.0333428 0.0210798
v -0.0271638 0.0316612 0.0210798
v -0.0254174 0.0311382 0.0210798
v -0.0146001 0.0313042 0.0210798
v -0.0181122 0.0307379 0.0210798
v -0.0123682 0.0347993 0.0210798
v -0.0285123 0.0330847 0.0210798
v -0.0287067 0.0340693 0.0210798
v -0.0128923 0.0371369 0.0210798
v -0.0142271 0.0330210 0.0236016
v -0.0224896 0.0318442 0.0236016
v -0.0136894 0.0338112 0.0236016
v -0.0268352 0.0330347 0.0236016
v -0.0252480 0.0324002 0.0236016
v -0.0150242 0.0324002 0.0236016
v -0.0183692 0.0318579 0.0236016
v -0.0139634 0.0365082 0.0236016
v -0.0135540 0.0347356 0.0236016
v -0.0274583 0.0337464 0.0236016
v -0.0275140 0.0345537 0.0236016
v -0.0273469 0.0362864 0.0236016
v -0.0145250 0.0373325 0.0236016
v -0.0166046 0.0379601 0.0236016
v -0.0245794 0.0379862 0.0236016
v -0.0264521 0.0371585 0.0236016
v -0.0125808 0.0333428 0.0228705
v -0.0135324 0.0319670 0.0228705
v -0.0225238 0.0306811 0.0228705
v -0.0254174 0.0311382 0.0228705
v -0.0271627 0.0316691 0.0228705
v -0.0146001 0.0313042 0.0228705
v -0.0181122 0.0307379 0.0228705
v -0.0130549 0.0371369 0.0228705
v -0.0123682 0.0347993 0.0228705
v -0.0285066 0.0331324 0.0228705
v -0.0287067 0.0340693 0.0228705
v -0.0282428 0.0365832 0.0228705
v -0.0139190 0.0379533 0.0228705
v -0.0164033 0.0387037 0.0228705
v -0.0248682 0.0387298 0.0228705
v -0.0270956 0.0377202 0.0228705
v -0.0254174 0.0311382 0.0214629
v -0.0271638 0.0316612 0.0214629
v -0.0146001 0.0313042 0.0214629
v -0.0135324 0.0319670 0.0214629
v -0.0287067 0.0340693 0.0214629
v -0.0181122 0.0307379 0.0214629
v -0.0225238 0.0306811 0.0214629
v -0.0123682 0.0347993 0.0214629
v -0.0125808 0.0333428 0.0214629
v -0.0285123 0.0330847 0.0214629
v -0.0140304 0.0418645 0.0214789
v -0.0277687 0.0418645 0.0214629
v -0.0126183 0.0359124 0.0210798
v -0.0285634 0.0352666 0.0210798
v -0.0285634 0.0352654 0.0214629
v -0.0126183 0.0359124 0.0214629
v -0.0126183 0.0359124 0.0228705
v -0.0285634 0.0352666 0.0228705
v -0.0137485 0.0355792 0.0236016
v -0.0274344 0.0353791 0.0236016
v -0.0717031 -0.0682734 0.0021853
v -0.0272047 0.0391880 0.0214629
v -0.0270956 0.0380795 0.0219700
v -0.0271570 0.0389220 0.0215539
v -0.0280950 0.0391562 0.0214629
v -0.0284054 0.0365821 0.0219700
v -0.0284657 0.0360772 0.0214629
v -0.0284043 0.0365832 0.0210798
v -0.0283747 0.0370039 0.0214629
v -0.0128923 0.0371358 0.0219700
v -0.0134210 0.0393290 0.0214698
v -0.0127820 0.0366400 0.0214629
v -0.0129480 0.0373666 0.0214629
v -0.0139190 0.0383114 0.0219700
v -0.0139372 0.0393165 0.0214652
v -0.0139247 0.0389038 0.0216119
v -0.0164033 0.0390618 0.0219700
v -0.0162646 0.0400612 0.0214652
v -0.0162908 0.0395974 0.0216119
v -0.0250308 0.0400954 0.0214629
v -0.0248694 0.0390880 0.0219700
v -0.0248694 0.0396224 0.0216108
v -0.0357947 -0.0644099 0.0116325
v -0.0888796 -0.0645793 0.0116325
v -0.0872344 -0.0647009 0.0032347
v -0.0883725 -0.0646782 0.0067856
v -0.0369601 -0.0643871 0.0064808
v -0.0877221 -0.0646816 0.0044741
v -0.0886692 -0.0646214 0.0088890
v -0.0363393 -0.0644042 0.0089652
v -0.0403438 -0.0679812 0.0025560
v -0.0748719 -0.0676855 0.0022694
v -0.0385655 -0.0678083 0.0064331
v -0.0393910 -0.0678947 0.0042262
v -0.0378117 -0.0665281 0.0064945
v -0.0849661 -0.0665542 0.0028300
v -0.0869262 -0.0666009 0.0116325
v -0.0861906 -0.0665144 0.0067389
v -0.0856267 -0.0665429 0.0044047
v -0.0867125 -0.0664951 0.0088742
v -0.0748616 -0.0678402 0.0116325
v -0.0748616 -0.0677549 0.0067219
v -0.0749719 -0.0677174 0.0043740
v -0.0748616 -0.0677947 0.0088628
v -0.0426382 -0.0678311 0.0023047
v -0.0872310 -0.0648090 0.0195767
v -0.0883725 -0.0646782 0.0164795
v -0.0369601 -0.0643883 0.0167945
v -0.0878324 -0.0646805 0.0184010
v -0.0886692 -0.0646214 0.0143761
v -0.0363393 -0.0644042 0.0142999
v -0.0403438 -0.0679812 0.0201486
v -0.0748582 -0.0676810 0.0197120
v -0.0385655 -0.0678083 0.0168422
v -0.0393910 -0.0678947 0.0190389
v -0.0378106 -0.0665281 0.0167820
v -0.0842122 -0.0660596 0.0195790
v -0.0861906 -0.0665144 0.0165261
v -0.0856255 -0.0665451 0.0188388
v -0.0867125 -0.0664951 0.0143909
v -0.0748616 -0.0677549 0.0165432
v -0.0749719 -0.0677174 0.0188911
v -0.0748616 -0.0677947 0.0144022
v -0.0426394 -0.0678299 0.0203919
v -0.0780157 -0.0674604 0.0023342
v -0.0782919 -0.0675104 0.0067219
v -0.0783647 -0.0676059 0.0116325
v -0.0783170 -0.0675480 0.0088651
v -0.0782533 -0.0674866 0.0043751
v -0.0779736 -0.0675400 0.0197120
v -0.0782021 -0.0675218 0.0165432
v -0.0783170 -0.0675480 0.0144000
v -0.0781419 -0.0675013 0.0188843
v -0.0850218 -0.0635333 0.0207978
v -0.0401994 -0.0678083 0.0063114
v -0.0669482 -0.0677265 0.0063160
v -0.0391272 -0.0678083 0.0063114
v -0.0669482 -0.0678720 0.0116325
v -0.0669493 -0.0677947 0.0087321
v -0.0669505 -0.0677617 0.0073415
v -0.0669482 -0.0678311 0.0099987
v -0.0425132 -0.0678026 0.0063114
v -0.0401994 -0.0678083 0.0169650
v -0.0669482 -0.0677265 0.0169593
v -0.0391272 -0.0678083 0.0169650
v -0.0669493 -0.0677947 0.0145330
v -0.0669505 -0.0677617 0.0159235
v -0.0669482 -0.0678311 0.0132664
v -0.0425132 -0.0678026 0.0169650
v -0.0374183 -0.0633002 0.0116269
v -0.0895345 -0.0633002 0.0116269
v -0.0878734 -0.0633002 0.0034462
v -0.0890581 -0.0633002 0.0070755
v -0.0385132 -0.0633002 0.0067901
v -0.0884464 -0.0633002 0.0049061
v -0.0893367 -0.0633002 0.0090504
v -0.0379300 -0.0633002 0.0091221
v -0.0416900 -0.0633002 0.0031051
v -0.0400197 -0.0633002 0.0067458
v -0.0407952 -0.0633002 0.0046730
v -0.0393125 -0.0633002 0.0068026
v -0.0438446 -0.0633002 0.0028698
v -0.0738293 -0.0630114 0.0022694
v -0.0829309 -0.0633002 0.0028300
v -0.0879859 -0.0633002 0.0195744
v -0.0890581 -0.0633002 0.0161782
v -0.0385132 -0.0633002 0.0164727
v -0.0884498 -0.0633002 0.0183396
v -0.0893367 -0.0633002 0.0142033
v -0.0379300 -0.0633002 0.0141316
v -0.0416900 -0.0633002 0.0201486
v -0.0400209 -0.0633002 0.0165182
v -0.0407952 -0.0633002 0.0185807
v -0.0393114 -0.0633002 0.0164613
v -0.0828774 -0.0633002 0.0195790
v -0.0438446 -0.0633002 0.0203919
v -0.0750811 -0.0633002 0.0197120
v -0.0768946 -0.0630989 0.0023342
v -0.0770208 -0.0633002 0.0197120
v -0.0321279 -0.0307766 0.0116269
v -0.0842441 -0.0307766 0.0116269
v -0.0825829 -0.0307766 0.0034462
v -0.0837677 -0.0307766 0.0070755
v -0.0332228 -0.0307766 0.0067901
v -0.0831560 -0.0307766 0.0049061
v -0.0840462 -0.0307766 0.0090504
v -0.0326396 -0.0307766 0.0091221
v -0.0363996 -0.0307766 0.0031051
v -0.0347293 -0.0307766 0.0067458
v -0.0355048 -0.0307766 0.0046730
v -0.0340210 -0.0307766 0.0068026
v -0.0385542 -0.0307766 0.0028698
v -0.0677737 -0.0307766 0.0022694
v -0.0776404 -0.0307766 0.0023342
v -0.0826955 -0.0307766 0.0195744
v -0.0837677 -0.0307766 0.0161782
v -0.0332228 -0.0307766 0.0164727
v -0.0831594 -0.0307766 0.0183396
v -0.0840462 -0.0307766 0.0142033
v -0.0326396 -0.0307766 0.0141316
v -0.0363996 -0.0307766 0.0201486
v -0.0347293 -0.0307766 0.0165182
v -0.0355048 -0.0307766 0.0185807
v -0.0340210 -0.0307766 0.0164613
v -0.0776404 -0.0307766 0.0195790
v -0.0385542 -0.0307766 0.0203919
v -0.0677737 -0.0307766 0.0197006
v -0.0717292 -0.0307766 0.0023342
v -0.0717292 -0.0307766 0.0197120
v -0.0257790 0.0019039 0.0116269
v -0.0778951 0.0019039 0.0116269
v -0.0762340 0.0019039 0.0034462
v -0.0774187 0.0019039 0.0070755
v -0.0268739 0.0019039 0.0067901
v -0.0768082 0.0019039 0.0049061
v -0.0776973 0.0019039 0.0090504
v -0.0262906 0.0019039 0.0091221
v -0.0300506 0.0019039 0.0031051
v -0.0283815 0.0019039 0.0067458
v -0.0291558 0.0019039 0.0046730
v -0.0276732 0.0019039 0.0068026
v -0.0322052 0.0019039 0.0028698
v -0.0614247 0.0019039 0.0022353
v -0.0712381 0.0019039 0.0023479
v -0.0755905 0.0019039 0.0195744
v -0.0774187 0.0019039 0.0161782
v -0.0268739 0.0019039 0.0164727
v -0.0768104 0.0019039 0.0183396
v -0.0776973 0.0019039 0.0142033
v -0.0262906 0.0019039 0.0141316
v -0.0300506 0.0019039 0.0201486
v -0.0283815 0.0019039 0.0165182
v -0.0291558 0.0019039 0.0185807
v -0.0276720 0.0019039 0.0164613
v -0.0712381 0.0019039 0.0195790
v -0.0322052 0.0019039 0.0203919
v -0.0614247 0.0019039 0.0197438
v -0.0652882 0.0019039 0.0023376
v -0.0652882 0.0019039 0.0197120
v -0.0204726 0.0353132 0.0116212
v -0.0693245 0.0353132 0.0116212
v -0.0677680 0.0353132 0.0039533
v -0.0688777 0.0353132 0.0073552
v -0.0214982 0.0353132 0.0070880
v -0.0683058 0.0353132 0.0053222
v -0.0691392 0.0353132 0.0092073
v -0.0209513 0.0353132 0.0092744
v -0.0244771 0.0353132 0.0036338
v -0.0229115 0.0353132 0.0070459
v -0.0236380 0.0353132 0.0051039
v -0.0222475 0.0353132 0.0070994
v -0.0264964 0.0353132 0.0034121
v -0.0538853 0.0353132 0.0033541
v -0.0631347 0.0353132 0.0034587
v -0.0678726 0.0353132 0.0190707
v -0.0688777 0.0353132 0.0158872
v -0.0214982 0.0353132 0.0161646
v -0.0683080 0.0353132 0.0179133
v -0.0691392 0.0353132 0.0140361
v -0.0209524 0.0353132 0.0139690
v -0.0244771 0.0353132 0.0196097
v -0.0229115 0.0353132 0.0162066
v -0.0236380 0.0353132 0.0181395
v -0.0222475 0.0353132 0.0161532
v -0.0630847 0.0353132 0.0190764
v -0.0264964 0.0353132 0.0198371
v -0.0538853 0.0353132 0.0192003
v -0.0575078 0.0353132 0.0034485
v -0.0575942 0.0353132 0.0192003
v -0.0737906 -0.0603883 0.0215607
v -0.0737838 -0.0549729 0.0215607
v -0.0735939 -0.0579609 0.0215607
v -0.0746968 -0.0522145 0.0215607
v -0.0766820 -0.0496131 0.0215607
v -0.0798144 -0.0480725 0.0215607
v -0.0832128 -0.0475779 0.0215607
v -0.0773175 -0.0531105 0.0207978
v -0.0891058 -0.0477462 0.0215607
v -0.0909273 -0.0479656 0.0215607
v -0.0293957 0.0581496 0.0072597
v -0.0293991 0.0567284 0.0070346
v -0.0293878 0.0611012 0.0102113
v -0.0293900 0.0604486 0.0089299
v -0.0293923 0.0594310 0.0079123
v -0.0293866 0.0613264 0.0116325
v -0.0294025 0.0553071 0.0072597
v -0.0294060 0.0540257 0.0079123
v -0.0294094 0.0530081 0.0089299
v -0.0294105 0.0523555 0.0102113
v -0.0294116 0.0521304 0.0116325
v 0.0949170 0.0580666 0.0075030
v 0.0949136 0.0567238 0.0072904
v 0.0949250 0.0608545 0.0102909
v 0.0949227 0.0602371 0.0090800
v 0.0949204 0.0592764 0.0081192
v 0.0949250 0.0610671 0.0116325
v 0.0949090 0.0553822 0.0075030
v 0.0949056 0.0541713 0.0081192
v 0.0949034 0.0532105 0.0090800
v 0.0949011 0.0525943 0.0102909
v 0.0949011 0.0523817 0.0116325
v -0.0293957 0.0581496 0.0160054
v -0.0293991 0.0567284 0.0162305
v -0.0293878 0.0611012 0.0130538
v -0.0293900 0.0604486 0.0143352
v -0.0293923 0.0594310 0.0153528
v -0.0294025 0.0553071 0.0160054
v -0.0294060 0.0540257 0.0153528
v -0.0294094 0.0530081 0.0143352
v -0.0294105 0.0523555 0.0130538
v 0.0949170 0.0580666 0.0157621
v 0.0949136 0.0567238 0.0159747
v 0.0949250 0.0608545 0.0129742
v 0.0949227 0.0602371 0.0141851
v 0.0949204 0.0592764 0.0151458
v 0.0949090 0.0553822 0.0157621
v 0.0949056 0.0541713 0.0151458
v 0.0949034 0.0532105 0.0141851
v 0.0949011 0.0525943 0.0129742
v -0.0293957 0.0581587 0.0072301
v -0.0293991 0.0567284 0.0070039
v -0.0293878 0.0611308 0.0102022
v -0.0293889 0.0604736 0.0089117
v -0.0293923 0.0594492 0.0078873
v -0.0293866 0.0613571 0.0116325
v -0.0294025 0.0552980 0.0072301
v -0.0294060 0.0540076 0.0078873
v -0.0294094 0.0529831 0.0089117
v -0.0294105 0.0523260 0.0102022
v -0.0294116 0.0520997 0.0116325
v 0.0949170 0.0580757 0.0074734
v 0.0949136 0.0567238 0.0072597
v 0.0949250 0.0608829 0.0102807
v 0.0949227 0.0602621 0.0090618
v 0.0949204 0.0592946 0.0080942
v 0.0949250 0.0610978 0.0116325
v 0.0949090 0.0553731 0.0074734
v 0.0949056 0.0541542 0.0080942
v 0.0949034 0.0531867 0.0090618
v 0.0949011 0.0525647 0.0102807
v 0.0949011 0.0523510 0.0116325
v -0.0293957 0.0581587 0.0160350
v -0.0293991 0.0567284 0.0162612
v -0.0293878 0.0611308 0.0130629
v -0.0293889 0.0604736 0.0143534
v -0.0293923 0.0594492 0.0153778
v -0.0294025 0.0552980 0.0160350
v -0.0294060 0.0540076 0.0153778
v -0.0294094 0.0529831 0.0143534
v -0.0294105 0.0523260 0.0130629
v 0.0949170 0.0580757 0.0157916
v 0.0949136 0.0567238 0.0160054
v 0.0949250 0.0608829 0.0129844
v 0.0949227 0.0602621 0.0142033
v 0.0949204 0.0592946 0.0151708
v 0.0949090 0.0553731 0.0157916
v 0.0949056 0.0541542 0.0151708
v 0.0949034 0.0531867 0.0142033
v 0.0949011 0.0525647 0.0129844
f 2062 125 124
f 2062 124 2054
f 1389 3 2
f 1389 2 1388
f 1390 4 3
f 1390 3 1389
f 15 6 5
f 15 5 14
f 9 7 8
f 9 8 10
f 1387 1388 2
f 1387 2 228
f 7 12 11
f 7 11 8
f 12 16 13
f 12 13 11
f 16 15 14
f 16 14 13
f 6 18 17
f 6 17 5
f 31 41 12
f 16 51 46
f 16 46 15
f 41 51 16
f 9 36 31
f 9 31 7
f 6 26 56
f 6 56 18
f 15 46 26
f 15 26 6
f 45 44 33
f 45 33 32
f 44 43 34
f 44 34 33
f 42 35 34
f 35 41 31
f 32 33 38
f 32 38 37
f 34 39 38
f 39 35 40
f 31 36 40
f 55 54 44
f 55 44 45
f 54 53 43
f 54 43 44
f 53 52 42
f 53 42 43
f 52 51 41
f 52 41 42
f 30 29 48
f 30 48 47
f 29 28 49
f 29 49 48
f 28 27 50
f 28 50 49
f 27 26 46
f 27 46 50
f 47 48 54
f 47 54 55
f 48 49 53
f 48 53 54
f 49 50 52
f 49 52 53
f 50 46 51
f 50 51 52
f 57 58 29
f 57 29 30
f 58 59 28
f 58 28 29
f 59 60 27
f 59 27 28
f 60 56 26
f 60 26 27
f 40 38 39
f 34 35 39
f 42 41 35
f 9 10 1
f 9 1 1178
f 598 670 586
f 556 63 61
f 20 62 670
f 10 71 1660
f 10 1660 1
f 17 75 70
f 17 70 5
f 8 72 71
f 8 71 10
f 2066 2050 1247
f 2066 1247 1246
f 5 70 69
f 5 69 14
f 14 69 74
f 14 74 13
f 13 74 73
f 13 73 11
f 11 73 72
f 11 72 8
f 1527 1528 101
f 1527 101 561
f 559 66 65
f 559 65 558
f 560 103 66
f 560 66 559
f 81 92 91
f 81 91 82
f 92 93 94
f 92 94 91
f 93 95 96
f 93 96 94
f 95 97 98
f 95 98 96
f 97 69 70
f 97 70 98
f 1682 2371 62
f 1682 62 120
f 83 105 104
f 83 104 84
f 105 106 107
f 105 107 104
f 106 108 109
f 106 109 107
f 108 88 80
f 108 80 109
f 88 71 72
f 88 72 80
f 1661 1656 105
f 1661 105 83
f 1656 1657 106
f 1656 106 105
f 1657 1658 108
f 1657 108 106
f 1658 1659 88
f 1658 88 108
f 1659 1660 71
f 1659 71 88
f 84 104 87
f 84 87 86
f 104 107 110
f 104 110 87
f 107 109 111
f 107 111 110
f 109 80 89
f 109 89 111
f 80 72 73
f 80 73 89
f 86 87 113
f 86 113 112
f 87 110 114
f 87 114 113
f 110 111 115
f 110 115 114
f 111 89 79
f 111 79 115
f 89 73 74
f 89 74 79
f 112 113 92
f 112 92 81
f 113 114 93
f 113 93 92
f 114 115 95
f 114 95 93
f 115 79 97
f 115 97 95
f 79 74 69
f 79 69 97
f 91 94 117
f 91 117 116
f 94 96 118
f 94 118 117
f 96 98 76
f 96 76 118
f 98 70 75
f 98 75 76
f 561 101 103
f 561 103 560
f 1318 1317 1247
f 21 45 32
f 21 32 20
f 23 55 45
f 23 45 21
f 19 30 47
f 19 47 22
f 22 47 55
f 22 55 23
f 24 57 30
f 24 30 19
f 2054 124 123
f 2054 123 2057
f 123 121 2056
f 2060 2063 1318
f 3 122 119
f 3 119 2
f 4 121 122
f 4 122 3
f 2065 230 68
f 2065 68 2051
f 58 57 131
f 58 131 132
f 17 18 128
f 17 128 127
f 59 58 132
f 59 132 133
f 60 59 133
f 60 133 134
f 75 17 127
f 18 56 130
f 18 130 128
f 56 60 134
f 56 134 130
f 57 24 129
f 57 129 131
f 138 137 132
f 127 128 135
f 127 135 75
f 130 134 136
f 138 132 131
f 128 130 136
f 128 136 135
f 137 133 132
f 136 134 133
f 136 133 137
f 138 131 129
f 138 129 139
f 208 213 147
f 208 147 146
f 189 208 146
f 189 146 141
f 197 201 144
f 197 144 143
f 192 197 143
f 192 143 142
f 205 192 142
f 205 142 145
f 184 189 141
f 184 141 140
f 221 224 150
f 221 150 149
f 217 221 149
f 217 149 148
f 201 184 140
f 201 140 144
f 213 217 148
f 213 148 147
f 136 137 216
f 136 216 212
f 1626 1625 1631
f 1626 1631 1632
f 137 138 220
f 137 220 216
f 135 136 212
f 135 212 209
f 138 139 225
f 138 225 220
f 75 135 209
f 75 209 188
f 117 118 200
f 117 200 196
f 116 117 196
f 116 196 193
f 76 75 188
f 76 188 185
f 171 162 151
f 171 151 155
f 169 171 155
f 169 155 154
f 165 174 157
f 165 157 152
f 143 144 170
f 143 170 168
f 181 182 161
f 181 161 160
f 162 165 152
f 162 152 151
f 141 146 175
f 141 175 164
f 144 140 163
f 144 163 170
f 149 150 183
f 149 183 180
f 142 143 168
f 142 168 167
f 145 142 167
f 145 167 172
f 147 148 178
f 147 178 176
f 146 147 176
f 146 176 175
f 166 169 154
f 166 154 153
f 148 149 180
f 148 180 178
f 173 166 153
f 173 153 156
f 174 177 158
f 174 158 157
f 177 179 159
f 177 159 158
f 179 181 160
f 179 160 159
f 163 164 165
f 163 165 162
f 167 168 169
f 167 169 166
f 168 170 171
f 168 171 169
f 170 163 162
f 170 162 171
f 172 167 166
f 172 166 173
f 175 176 177
f 175 177 174
f 176 178 179
f 176 179 177
f 178 180 181
f 178 181 179
f 180 183 182
f 180 182 181
f 164 175 174
f 164 174 165
f 140 141 164
f 140 164 163
f 185 188 190
f 185 190 187
f 187 190 191
f 187 191 186
f 186 191 189
f 186 189 184
f 193 196 198
f 193 198 195
f 195 198 199
f 195 199 194
f 194 199 197
f 194 197 192
f 196 200 202
f 196 202 198
f 198 202 203
f 198 203 199
f 199 203 201
f 199 201 197
f 200 185 187
f 200 187 202
f 202 187 186
f 202 186 203
f 203 186 184
f 203 184 201
f 204 193 195
f 204 195 206
f 206 195 194
f 206 194 207
f 207 194 192
f 207 192 205
f 209 212 214
f 209 214 211
f 211 214 215
f 211 215 210
f 210 215 213
f 210 213 208
f 212 216 218
f 212 218 214
f 214 218 219
f 214 219 215
f 215 219 217
f 215 217 213
f 216 220 222
f 216 222 218
f 218 222 223
f 218 223 219
f 219 223 221
f 219 221 217
f 220 225 227
f 220 227 222
f 222 227 226
f 222 226 223
f 223 226 224
f 223 224 221
f 188 209 211
f 188 211 190
f 190 211 210
f 190 210 191
f 191 210 208
f 191 208 189
f 118 76 185
f 118 185 200
f 2 119 514
f 2 514 228
f 90 68 230
f 90 230 234
f 78 90 234
f 78 234 233
f 1529 78 233
f 1529 233 1530
f 1582 1581 1577
f 1582 1577 1578
f 1685 1682 120
f 1685 120 25
f 119 61 229
f 119 229 514
f 1211 457 479
f 1211 479 1212
f 1383 1384 239
f 1383 239 248
f 245 246 237
f 245 237 236
f 234 230 237
f 234 237 244
f 233 234 244
f 233 244 243
f 1530 233 243
f 1530 243 242
f 231 1530 242
f 231 242 241
f 235 231 241
f 235 241 238
f 514 229 240
f 514 240 515
f 239 515 517
f 239 517 248
f 244 237 246
f 244 246 253
f 243 244 253
f 243 253 252
f 242 243 252
f 242 252 251
f 241 242 251
f 241 251 250
f 238 241 250
f 238 250 247
f 515 240 249
f 515 249 517
f 1379 1380 257
f 1379 257 266
f 263 264 255
f 263 255 254
f 253 246 255
f 253 255 262
f 252 253 262
f 252 262 261
f 251 252 261
f 251 261 260
f 250 251 260
f 250 260 259
f 247 250 259
f 247 259 256
f 517 249 258
f 517 258 516
f 1351 344 541
f 1351 541 1350
f 257 516 519
f 257 519 266
f 262 255 264
f 262 264 271
f 261 262 271
f 261 271 270
f 260 261 270
f 260 270 269
f 259 260 269
f 259 269 268
f 256 259 268
f 256 268 265
f 516 258 267
f 516 267 519
f 1375 1376 275
f 1375 275 284
f 281 282 273
f 281 273 272
f 271 264 273
f 271 273 280
f 270 271 280
f 270 280 279
f 269 270 279
f 269 279 278
f 268 269 278
f 268 278 277
f 265 268 277
f 265 277 274
f 519 267 276
f 519 276 518
f 1207 459 481
f 1207 481 1208
f 275 518 521
f 275 521 284
f 280 273 282
f 280 282 289
f 279 280 289
f 279 289 288
f 278 279 288
f 278 288 287
f 277 278 287
f 277 287 286
f 274 277 286
f 274 286 283
f 518 276 285
f 518 285 521
f 1371 1372 293
f 1371 293 302
f 299 300 291
f 299 291 290
f 289 282 291
f 289 291 298
f 288 289 298
f 288 298 297
f 287 288 297
f 287 297 296
f 286 287 296
f 286 296 295
f 283 286 295
f 283 295 292
f 521 285 294
f 521 294 520
f 293 520 523
f 293 523 302
f 298 291 300
f 298 300 307
f 297 298 307
f 297 307 306
f 296 297 306
f 296 306 305
f 295 296 305
f 295 305 304
f 292 295 304
f 292 304 301
f 520 294 303
f 520 303 523
f 1367 1368 311
f 1367 311 320
f 317 318 309
f 317 309 308
f 307 300 309
f 307 309 316
f 306 307 316
f 306 316 315
f 305 306 315
f 305 315 314
f 304 305 314
f 304 314 313
f 301 304 313
f 301 313 310
f 523 303 312
f 523 312 522
f 311 522 525
f 311 525 320
f 316 309 318
f 316 318 325
f 315 316 325
f 315 325 324
f 314 315 324
f 314 324 323
f 313 314 323
f 313 323 322
f 310 313 322
f 310 322 319
f 522 312 321
f 522 321 525
f 2306 1320 328
f 2306 328 2299
f 2298 2311 1662
f 2298 1662 326
f 513 1642 1641
f 513 1641 1663
f 527 352 329
f 527 329 526
f 525 321 373
f 525 373 524
f 524 373 372
f 524 372 547
f 547 372 371
f 547 371 546
f 546 371 370
f 546 370 545
f 545 370 369
f 545 369 544
f 544 369 368
f 544 368 543
f 543 368 367
f 543 367 542
f 542 367 366
f 542 366 541
f 541 366 365
f 541 365 540
f 540 365 364
f 540 364 539
f 539 364 363
f 539 363 538
f 538 363 362
f 538 362 537
f 537 362 361
f 537 361 536
f 536 361 360
f 536 360 535
f 535 360 359
f 535 359 534
f 534 359 358
f 534 358 533
f 533 358 357
f 533 357 532
f 532 357 356
f 532 356 531
f 531 356 355
f 531 355 530
f 530 355 354
f 530 354 529
f 529 354 353
f 529 353 528
f 528 353 352
f 528 352 527
f 319 322 392
f 319 392 492
f 492 392 391
f 492 391 493
f 493 391 390
f 493 390 494
f 494 390 389
f 494 389 495
f 495 389 388
f 495 388 496
f 496 388 387
f 496 387 497
f 497 387 386
f 497 386 498
f 498 386 385
f 498 385 499
f 499 385 384
f 499 384 500
f 500 384 383
f 500 383 501
f 501 383 382
f 501 382 502
f 502 382 381
f 502 381 503
f 503 381 380
f 503 380 504
f 504 380 379
f 504 379 505
f 505 379 378
f 505 378 506
f 506 378 377
f 506 377 507
f 507 377 376
f 507 376 508
f 508 376 375
f 508 375 509
f 509 375 374
f 509 374 510
f 510 374 1644
f 510 1644 511
f 511 1644 1643
f 511 1643 512
f 512 1643 1642
f 512 1642 513
f 322 323 411
f 322 411 392
f 392 411 410
f 392 410 391
f 391 410 409
f 391 409 390
f 390 409 408
f 390 408 389
f 389 408 407
f 389 407 388
f 388 407 406
f 388 406 387
f 387 406 405
f 387 405 386
f 386 405 404
f 386 404 385
f 385 404 403
f 385 403 384
f 384 403 402
f 384 402 383
f 383 402 401
f 383 401 382
f 382 401 400
f 382 400 381
f 439 438 1726
f 1765 1756 400
f 379 1739 1732
f 379 1732 378
f 378 1732 1731
f 378 1731 377
f 377 1731 1730
f 377 1730 376
f 376 1730 1751
f 376 1751 375
f 375 1751 1746
f 375 1746 374
f 374 1746 1745
f 374 1745 1644
f 323 324 430
f 323 430 411
f 411 430 429
f 411 429 410
f 410 429 428
f 410 428 409
f 409 428 427
f 409 427 408
f 408 427 426
f 408 426 407
f 407 426 425
f 407 425 406
f 406 425 424
f 406 424 405
f 405 424 423
f 405 423 404
f 404 423 422
f 404 422 403
f 403 422 421
f 403 421 402
f 402 421 420
f 402 420 401
f 401 420 419
f 401 419 400
f 324 325 450
f 324 450 430
f 430 450 449
f 430 449 429
f 429 449 448
f 429 448 428
f 428 448 447
f 428 447 427
f 427 447 446
f 427 446 426
f 426 446 445
f 426 445 425
f 425 445 444
f 425 444 424
f 424 444 443
f 424 443 423
f 423 443 442
f 423 442 422
f 422 442 441
f 422 441 421
f 421 441 440
f 421 440 420
f 420 440 439
f 420 439 419
f 1726 437 1752
f 1752 437 436
f 1752 436 1747
f 1747 436 435
f 1747 435 1744
f 1744 435 434
f 1744 434 1743
f 1743 434 433
f 1743 433 1740
f 1740 433 432
f 1740 432 1734
f 1734 432 431
f 1734 431 1733
f 325 318 473
f 325 473 450
f 450 473 474
f 450 474 449
f 449 474 475
f 449 475 448
f 448 475 476
f 448 476 447
f 447 476 477
f 447 477 446
f 446 477 478
f 446 478 445
f 445 478 479
f 445 479 444
f 444 479 480
f 444 480 443
f 443 480 481
f 443 481 442
f 442 481 482
f 442 482 441
f 441 482 483
f 441 483 440
f 440 483 484
f 440 484 439
f 439 484 485
f 439 485 438
f 438 485 486
f 438 486 437
f 437 486 487
f 437 487 436
f 436 487 488
f 436 488 435
f 435 488 489
f 435 489 434
f 434 489 490
f 434 490 433
f 433 490 491
f 433 491 432
f 432 491 1645
f 432 1645 431
f 351 524 547
f 351 547 350
f 349 546 545
f 349 545 348
f 347 544 543
f 347 543 346
f 345 542 541
f 345 541 344
f 343 540 539
f 343 539 342
f 341 538 537
f 341 537 340
f 339 536 535
f 339 535 338
f 337 534 533
f 337 533 336
f 335 532 531
f 335 531 334
f 333 530 529
f 333 529 332
f 331 528 527
f 331 527 330
f 1231 290 291
f 1231 291 1232
f 1323 1324 331
f 1323 331 330
f 1327 1328 333
f 1327 333 332
f 1347 342 539
f 1347 539 1346
f 1331 1332 335
f 1331 335 334
f 1203 461 483
f 1203 483 1204
f 1335 1336 337
f 1335 337 336
f 1339 1340 339
f 1339 339 338
f 1343 1344 341
f 1343 341 340
f 1179 326 1662
f 1179 1662 1180
f 1347 1348 343
f 1347 343 342
f 1343 340 537
f 1343 537 1342
f 1351 1352 345
f 1351 345 344
f 1355 1356 347
f 1355 347 346
f 1379 266 519
f 1379 519 1378
f 1359 1360 349
f 1359 349 348
f 1199 463 485
f 1199 485 1200
f 1363 1364 351
f 1363 351 350
f 472 1640 1646
f 472 1646 471
f 470 1645 491
f 470 491 469
f 468 490 489
f 468 489 467
f 466 488 487
f 466 487 465
f 464 486 485
f 464 485 463
f 462 484 483
f 462 483 461
f 460 482 481
f 460 481 459
f 458 480 479
f 458 479 457
f 456 478 477
f 456 477 455
f 454 476 475
f 454 475 453
f 452 474 473
f 452 473 451
f 1385 1386 514
f 1385 514 515
f 1381 1382 517
f 1381 517 516
f 1377 1378 519
f 1377 519 518
f 1373 1374 521
f 1373 521 520
f 1369 1370 523
f 1369 523 522
f 1365 1366 525
f 1365 525 524
f 1321 1322 527
f 1321 527 526
f 1325 1326 529
f 1325 529 528
f 1329 1330 531
f 1329 531 530
f 1333 1334 533
f 1333 533 532
f 1337 1338 535
f 1337 535 534
f 1341 1342 537
f 1341 537 536
f 1345 1346 539
f 1345 539 538
f 1349 1350 541
f 1349 541 540
f 1353 1354 543
f 1353 543 542
f 1357 1358 545
f 1357 545 544
f 1361 1362 547
f 1361 547 546
f 1239 254 255
f 1239 255 1240
f 1355 346 543
f 1355 543 1354
f 1215 455 477
f 1215 477 1216
f 1359 348 545
f 1359 545 1358
f 1367 320 525
f 1367 525 1366
f 1219 453 475
f 1219 475 1220
f 1363 350 547
f 1363 547 1362
f 1375 284 521
f 1375 521 1374
f 1223 451 473
f 1223 473 1224
f 1383 248 517
f 1383 517 1382
f 1227 308 309
f 1227 309 1228
f 1323 330 527
f 1323 527 1322
f 1235 272 273
f 1235 273 1236
f 1183 471 1646
f 1183 1646 1184
f 1327 332 529
f 1327 529 1326
f 1187 469 491
f 1187 491 1188
f 1243 236 237
f 1243 237 1244
f 1331 334 531
f 1331 531 1330
f 1191 467 489
f 1191 489 1192
f 1335 336 533
f 1335 533 1334
f 1371 302 523
f 1371 523 1370
f 1195 465 487
f 1195 487 1196
f 1339 338 535
f 1339 535 1338
f 1387 228 514
f 1387 514 1386
f 78 554 553
f 78 553 567
f 567 553 552
f 567 552 566
f 566 552 551
f 566 551 565
f 565 551 550
f 565 550 564
f 564 550 549
f 564 549 563
f 563 549 548
f 563 548 562
f 78 1529 554
f 557 1068 63
f 557 63 556
f 555 121 562
f 555 548 549
f 555 549 1083
f 67 553 554
f 67 554 77
f 1529 77 554
f 1529 561 560
f 1529 560 77
f 77 560 559
f 77 559 67
f 67 559 558
f 67 558 64
f 1083 557 556
f 1083 556 555
f 1529 1527 561
f 90 567 566
f 90 566 68
f 68 566 565
f 68 565 126
f 126 565 564
f 126 564 125
f 125 564 563
f 125 563 124
f 124 563 562
f 124 562 123
f 90 78 567
f 2080 2071 674
f 2080 674 675
f 1524 569 570
f 1524 570 1525
f 1525 570 571
f 1525 571 1526
f 582 581 572
f 582 572 573
f 576 577 575
f 576 575 574
f 1523 761 569
f 1523 569 1524
f 574 575 578
f 574 578 579
f 579 578 580
f 579 580 583
f 583 580 581
f 583 581 582
f 573 572 584
f 573 584 585
f 579 602 592
f 583 582 607
f 583 607 612
f 579 583 612
f 579 612 602
f 576 574 592
f 576 592 597
f 573 585 617
f 573 617 587
f 582 573 587
f 582 587 607
f 606 593 594
f 606 594 605
f 605 594 595
f 605 595 604
f 595 596 603
f 596 592 602
f 593 598 599
f 593 599 594
f 594 599 600
f 594 600 595
f 600 601 596
f 601 597 592
f 616 606 605
f 616 605 615
f 615 605 604
f 615 604 614
f 614 604 603
f 614 603 613
f 603 602 612
f 591 608 609
f 591 609 590
f 590 609 610
f 590 610 589
f 589 610 611
f 589 611 588
f 588 611 607
f 588 607 587
f 608 616 615
f 608 615 609
f 609 615 614
f 609 614 610
f 610 614 613
f 610 613 611
f 611 613 612
f 611 612 607
f 618 591 590
f 618 590 619
f 619 590 589
f 619 589 620
f 620 589 588
f 620 588 621
f 621 588 587
f 621 587 617
f 601 600 599
f 595 600 596
f 603 596 602
f 576 1391 568
f 576 568 577
f 120 37 25
f 61 63 1042
f 62 20 120
f 577 568 624
f 577 624 627
f 584 572 626
f 584 626 631
f 575 577 627
f 575 627 628
f 572 581 625
f 572 625 626
f 581 580 630
f 581 630 625
f 580 578 629
f 580 629 630
f 578 575 628
f 578 628 629
f 1533 1047 101
f 1533 101 1528
f 1045 1044 65
f 1045 65 66
f 1046 1045 66
f 1046 66 103
f 81 82 641
f 81 641 642
f 642 641 644
f 642 644 643
f 643 644 646
f 643 646 645
f 645 646 648
f 645 648 647
f 647 648 626
f 647 626 625
f 2369 670 62
f 2369 62 2371
f 2366 1661 651
f 2366 651 2368
f 2368 651 652
f 2368 652 1686
f 1686 652 653
f 1686 653 1687
f 1687 653 654
f 1687 654 1689
f 83 84 655
f 83 655 656
f 656 655 658
f 656 658 657
f 657 658 660
f 657 660 659
f 659 660 636
f 659 636 638
f 638 636 628
f 638 628 627
f 1661 83 656
f 1661 656 651
f 651 656 657
f 651 657 652
f 652 657 659
f 652 659 653
f 653 659 638
f 653 638 654
f 654 638 627
f 654 627 624
f 84 86 637
f 84 637 655
f 655 637 661
f 655 661 658
f 658 661 662
f 658 662 660
f 660 662 639
f 660 639 636
f 636 639 629
f 636 629 628
f 86 112 663
f 86 663 637
f 637 663 664
f 637 664 661
f 661 664 665
f 661 665 662
f 662 665 635
f 662 635 639
f 639 635 630
f 639 630 629
f 112 81 642
f 112 642 663
f 663 642 643
f 663 643 664
f 664 643 645
f 664 645 665
f 665 645 647
f 665 647 635
f 635 647 625
f 635 625 630
f 1620 1623 1629
f 1620 1629 1601
f 641 666 667
f 641 667 644
f 644 667 668
f 644 668 646
f 646 668 632
f 646 632 648
f 648 632 631
f 648 631 626
f 1047 1046 103
f 1047 103 101
f 1476 1525 1526
f 21 20 593
f 21 593 606
f 23 21 606
f 23 606 616
f 19 22 608
f 19 608 591
f 22 23 616
f 22 616 608
f 24 19 591
f 24 591 618
f 673 2075 671
f 2081 1526 2072
f 1432 1475 1476
f 570 569 669
f 570 669 672
f 571 570 672
f 571 672 671
f 1689 654 624
f 1689 624 1692
f 20 32 37
f 20 37 120
f 2084 623 762
f 619 681 680
f 619 680 618
f 584 677 678
f 584 678 585
f 620 682 681
f 620 681 619
f 621 683 682
f 621 682 620
f 631 677 584
f 585 678 679
f 585 679 617
f 617 679 683
f 617 683 621
f 618 680 129
f 618 129 24
f 687 681 686
f 677 631 684
f 677 684 678
f 679 685 683
f 687 680 681
f 678 684 685
f 678 685 679
f 686 681 682
f 685 686 682
f 685 682 683
f 687 139 129
f 687 129 680
f 744 693 694
f 744 694 749
f 729 689 693
f 729 693 744
f 737 691 692
f 737 692 741
f 732 690 691
f 732 691 737
f 205 145 690
f 205 690 732
f 724 688 689
f 724 689 729
f 757 696 150
f 757 150 224
f 753 695 696
f 753 696 757
f 741 692 688
f 741 688 724
f 749 694 695
f 749 695 753
f 685 748 752
f 685 752 686
f 1624 1621 1600
f 1624 1600 1630
f 686 752 756
f 686 756 687
f 684 745 748
f 684 748 685
f 687 756 225
f 687 225 139
f 631 728 745
f 631 745 684
f 667 736 740
f 667 740 668
f 666 733 736
f 666 736 667
f 632 725 728
f 632 728 631
f 715 701 697
f 715 697 706
f 713 700 701
f 713 701 715
f 709 698 702
f 709 702 716
f 691 712 714
f 691 714 692
f 723 705 161
f 723 161 182
f 706 697 698
f 706 698 709
f 689 708 717
f 689 717 693
f 692 714 707
f 692 707 688
f 696 722 183
f 696 183 150
f 690 711 712
f 690 712 691
f 145 172 711
f 145 711 690
f 694 718 720
f 694 720 695
f 693 717 718
f 693 718 694
f 710 699 700
f 710 700 713
f 695 720 722
f 695 722 696
f 173 156 699
f 173 699 710
f 716 702 703
f 716 703 719
f 719 703 704
f 719 704 721
f 721 704 705
f 721 705 723
f 707 706 709
f 707 709 708
f 711 710 713
f 711 713 712
f 712 713 715
f 712 715 714
f 714 715 706
f 714 706 707
f 172 173 710
f 172 710 711
f 717 716 719
f 717 719 718
f 718 719 721
f 718 721 720
f 720 721 723
f 720 723 722
f 722 723 182
f 722 182 183
f 708 709 716
f 708 716 717
f 688 707 708
f 688 708 689
f 725 727 730
f 725 730 728
f 727 726 731
f 727 731 730
f 726 724 729
f 726 729 731
f 733 735 738
f 733 738 736
f 735 734 739
f 735 739 738
f 734 732 737
f 734 737 739
f 736 738 742
f 736 742 740
f 738 739 743
f 738 743 742
f 739 737 741
f 739 741 743
f 740 742 727
f 740 727 725
f 742 743 726
f 742 726 727
f 743 741 724
f 743 724 726
f 204 206 735
f 204 735 733
f 206 207 734
f 206 734 735
f 207 205 732
f 207 732 734
f 745 747 750
f 745 750 748
f 747 746 751
f 747 751 750
f 746 744 749
f 746 749 751
f 748 750 754
f 748 754 752
f 750 751 755
f 750 755 754
f 751 749 753
f 751 753 755
f 752 754 758
f 752 758 756
f 754 755 759
f 754 759 758
f 755 753 757
f 755 757 759
f 756 758 227
f 756 227 225
f 758 759 226
f 758 226 227
f 759 757 224
f 759 224 226
f 728 730 747
f 728 747 745
f 730 731 746
f 730 746 747
f 731 729 744
f 731 744 746
f 668 740 725
f 668 725 632
f 569 761 998
f 569 998 669
f 634 765 766
f 634 766 640
f 1534 1535 765
f 1534 765 634
f 1580 1579 1576
f 1580 1576 1566
f 1570 1569 1588
f 1570 1588 1589
f 2373 586 670
f 2373 670 2369
f 669 998 229
f 669 229 61
f 1424 1425 982
f 1424 982 960
f 1521 776 769
f 1521 769 1522
f 774 767 768
f 774 768 775
f 766 773 768
f 766 768 762
f 765 772 773
f 765 773 766
f 1535 771 772
f 1535 772 765
f 763 770 771
f 763 771 1535
f 235 238 770
f 235 770 763
f 998 999 240
f 998 240 229
f 769 776 1001
f 769 1001 999
f 773 780 775
f 773 775 768
f 772 779 780
f 772 780 773
f 771 778 779
f 771 779 772
f 770 777 778
f 770 778 771
f 238 247 777
f 238 777 770
f 999 1001 249
f 999 249 240
f 1519 790 783
f 1519 783 1520
f 788 781 782
f 788 782 789
f 780 787 782
f 780 782 775
f 779 786 787
f 779 787 780
f 778 785 786
f 778 786 779
f 777 784 785
f 777 785 778
f 247 256 784
f 247 784 777
f 1001 1000 258
f 1001 258 249
f 1509 1508 1025
f 1509 1025 858
f 783 790 1003
f 783 1003 1000
f 787 794 789
f 787 789 782
f 786 793 794
f 786 794 787
f 785 792 793
f 785 793 786
f 784 791 792
f 784 792 785
f 256 265 791
f 256 791 784
f 1000 1003 267
f 1000 267 258
f 802 795 796
f 802 796 803
f 794 801 796
f 794 796 789
f 793 800 801
f 793 801 794
f 792 799 800
f 792 800 793
f 791 798 799
f 791 799 792
f 265 274 798
f 265 798 791
f 1003 1002 276
f 1003 276 267
f 1420 1421 984
f 1420 984 962
f 797 804 1005
f 797 1005 1002
f 801 808 803
f 801 803 796
f 800 807 808
f 800 808 801
f 799 806 807
f 799 807 800
f 798 805 806
f 798 806 799
f 274 283 805
f 274 805 798
f 1002 1005 285
f 1002 285 276
f 816 809 810
f 816 810 817
f 808 815 810
f 808 810 803
f 807 814 815
f 807 815 808
f 806 813 814
f 806 814 807
f 805 812 813
f 805 813 806
f 283 292 812
f 283 812 805
f 1005 1004 294
f 1005 294 285
f 811 818 1007
f 811 1007 1004
f 815 822 817
f 815 817 810
f 814 821 822
f 814 822 815
f 813 820 821
f 813 821 814
f 812 819 820
f 812 820 813
f 292 301 819
f 292 819 812
f 1004 1007 303
f 1004 303 294
f 830 823 824
f 830 824 831
f 822 829 824
f 822 824 817
f 821 828 829
f 821 829 822
f 820 827 828
f 820 828 821
f 819 826 827
f 819 827 820
f 301 310 826
f 301 826 819
f 1007 1006 312
f 1007 312 303
f 825 832 1009
f 825 1009 1006
f 829 836 831
f 829 831 824
f 828 835 836
f 828 836 829
f 827 834 835
f 827 835 828
f 826 833 834
f 826 834 827
f 310 319 833
f 310 833 826
f 1006 1009 321
f 1006 321 312
f 2302 2312 839
f 2302 839 1478
f 2296 837 838
f 2296 838 2307
f 932 843 838
f 932 838 997
f 910 842 843
f 910 843 932
f 888 841 842
f 888 842 910
f 866 840 841
f 866 841 888
f 513 1663 840
f 513 840 866
f 1011 1010 329
f 1011 329 352
f 1009 1008 373
f 1009 373 321
f 1008 1031 372
f 1008 372 373
f 1031 1030 371
f 1031 371 372
f 1030 1029 370
f 1030 370 371
f 1029 1028 369
f 1029 369 370
f 1028 1027 368
f 1028 368 369
f 1027 1026 367
f 1027 367 368
f 1026 1025 366
f 1026 366 367
f 1025 1024 365
f 1025 365 366
f 1024 1023 364
f 1024 364 365
f 1023 1022 363
f 1023 363 364
f 1022 1021 362
f 1022 362 363
f 1021 1020 361
f 1021 361 362
f 1020 1019 360
f 1020 360 361
f 1019 1018 359
f 1019 359 360
f 1018 1017 358
f 1018 358 359
f 1017 1016 357
f 1017 357 358
f 1016 1015 356
f 1016 356 357
f 1015 1014 355
f 1015 355 356
f 1014 1013 354
f 1014 354 355
f 1013 1012 353
f 1013 353 354
f 1012 1011 352
f 1012 352 353
f 319 492 887
f 319 887 833
f 492 493 886
f 492 886 887
f 493 494 885
f 493 885 886
f 494 495 884
f 494 884 885
f 495 496 883
f 495 883 884
f 496 497 882
f 496 882 883
f 497 498 881
f 497 881 882
f 498 499 880
f 498 880 881
f 499 500 879
f 499 879 880
f 500 501 878
f 500 878 879
f 501 502 877
f 501 877 878
f 502 503 876
f 502 876 877
f 503 504 875
f 503 875 876
f 504 505 874
f 504 874 875
f 505 506 873
f 505 873 874
f 506 507 872
f 506 872 873
f 507 508 871
f 507 871 872
f 508 509 870
f 508 870 871
f 509 510 869
f 509 869 870
f 510 511 868
f 510 868 869
f 511 512 867
f 511 867 868
f 512 513 866
f 512 866 867
f 833 887 909
f 833 909 834
f 887 886 908
f 887 908 909
f 886 885 907
f 886 907 908
f 885 884 906
f 885 906 907
f 884 883 905
f 884 905 906
f 883 882 904
f 883 904 905
f 882 881 903
f 882 903 904
f 881 880 902
f 881 902 903
f 880 879 901
f 880 901 902
f 879 878 900
f 879 900 901
f 878 877 899
f 878 899 900
f 877 876 898
f 877 898 899
f 876 875 897
f 876 897 898
f 875 874 896
f 875 896 897
f 874 873 895
f 874 895 896
f 873 872 894
f 873 894 895
f 872 871 893
f 872 893 894
f 871 870 892
f 871 892 893
f 870 869 891
f 870 891 892
f 869 868 890
f 869 890 891
f 868 867 889
f 868 889 890
f 867 866 888
f 867 888 889
f 834 909 931
f 834 931 835
f 909 908 930
f 909 930 931
f 908 907 929
f 908 929 930
f 907 906 928
f 907 928 929
f 906 905 927
f 906 927 928
f 905 904 926
f 905 926 927
f 904 903 925
f 904 925 926
f 903 902 924
f 903 924 925
f 902 901 923
f 902 923 924
f 901 900 922
f 901 922 923
f 900 899 921
f 900 921 922
f 899 898 920
f 899 920 921
f 898 897 919
f 898 919 920
f 897 896 918
f 897 918 919
f 896 895 917
f 896 917 918
f 895 894 916
f 895 916 917
f 894 893 915
f 894 915 916
f 893 892 914
f 893 914 915
f 892 891 913
f 892 913 914
f 891 890 912
f 891 912 913
f 890 889 911
f 890 911 912
f 889 888 910
f 889 910 911
f 835 931 953
f 835 953 836
f 931 930 952
f 931 952 953
f 930 929 951
f 930 951 952
f 929 928 950
f 929 950 951
f 928 927 949
f 928 949 950
f 927 926 948
f 927 948 949
f 926 925 947
f 926 947 948
f 925 924 946
f 925 946 947
f 924 923 945
f 924 945 946
f 923 922 944
f 923 944 945
f 922 921 943
f 922 943 944
f 921 920 942
f 921 942 943
f 920 919 941
f 920 941 942
f 919 918 940
f 919 940 941
f 918 917 939
f 918 939 940
f 917 916 938
f 917 938 939
f 916 915 937
f 916 937 938
f 915 914 936
f 915 936 937
f 914 913 935
f 914 935 936
f 913 912 934
f 913 934 935
f 912 911 933
f 912 933 934
f 911 910 932
f 911 932 933
f 836 953 976
f 836 976 831
f 953 952 977
f 953 977 976
f 952 951 978
f 952 978 977
f 951 950 979
f 951 979 978
f 950 949 980
f 950 980 979
f 949 948 981
f 949 981 980
f 948 947 982
f 948 982 981
f 947 946 983
f 947 983 982
f 946 945 984
f 946 984 983
f 945 944 985
f 945 985 984
f 944 943 986
f 944 986 985
f 943 942 987
f 943 987 986
f 942 941 988
f 942 988 987
f 941 940 989
f 941 989 988
f 940 939 990
f 940 990 989
f 939 938 991
f 939 991 990
f 938 937 992
f 938 992 991
f 937 936 993
f 937 993 992
f 936 935 994
f 936 994 993
f 935 934 995
f 935 995 994
f 934 933 996
f 934 996 995
f 933 932 997
f 933 997 996
f 865 864 1031
f 865 1031 1008
f 863 862 1029
f 863 1029 1030
f 861 860 1027
f 861 1027 1028
f 859 858 1025
f 859 1025 1026
f 857 856 1023
f 857 1023 1024
f 855 854 1021
f 855 1021 1022
f 853 852 1019
f 853 1019 1020
f 851 850 1017
f 851 1017 1018
f 849 848 1015
f 849 1015 1016
f 847 846 1013
f 847 1013 1014
f 845 844 1011
f 845 1011 1012
f 1481 844 845
f 1481 845 1482
f 1485 846 847
f 1485 847 1486
f 1505 1504 1023
f 1505 1023 856
f 1489 848 849
f 1489 849 1490
f 1416 1417 986
f 1416 986 964
f 1493 850 851
f 1493 851 1494
f 1497 852 853
f 1497 853 1498
f 1501 854 855
f 1501 855 1502
f 1392 1393 838
f 1392 838 837
f 1505 856 857
f 1505 857 1506
f 1501 1500 1021
f 1501 1021 854
f 1509 858 859
f 1509 859 1510
f 1513 860 861
f 1513 861 1514
f 1517 862 863
f 1517 863 1518
f 1412 1413 988
f 1412 988 966
f 975 974 996
f 975 996 997
f 973 972 994
f 973 994 995
f 971 970 992
f 971 992 993
f 969 968 990
f 969 990 991
f 967 966 988
f 967 988 989
f 965 964 986
f 965 986 987
f 963 962 984
f 963 984 985
f 961 960 982
f 961 982 983
f 959 958 980
f 959 980 981
f 957 956 978
f 957 978 979
f 955 954 976
f 955 976 977
f 1479 1010 1011
f 1479 1011 1480
f 1483 1012 1013
f 1483 1013 1484
f 1487 1014 1015
f 1487 1015 1488
f 1491 1016 1017
f 1491 1017 1492
f 1495 1018 1019
f 1495 1019 1496
f 1499 1020 1021
f 1499 1021 1500
f 1503 1022 1023
f 1503 1023 1504
f 1507 1024 1025
f 1507 1025 1508
f 1511 1026 1027
f 1511 1027 1512
f 1515 1028 1029
f 1515 1029 1516
f 1513 1512 1027
f 1513 1027 860
f 1428 1429 980
f 1428 980 958
f 1517 1516 1029
f 1517 1029 862
f 1481 1480 1011
f 1481 1011 844
f 1396 1397 996
f 1396 996 974
f 1485 1484 1013
f 1485 1013 846
f 1400 1401 994
f 1400 994 972
f 1489 1488 1015
f 1489 1015 848
f 1404 1405 992
f 1404 992 970
f 1493 1492 1017
f 1493 1017 850
f 1408 1409 990
f 1408 990 968
f 1497 1496 1019
f 1497 1019 852
f 634 1053 1037
f 634 1037 1038
f 1053 1052 1036
f 1053 1036 1037
f 1052 1051 1035
f 1052 1035 1036
f 1051 1050 1034
f 1051 1034 1035
f 1050 1049 1033
f 1050 1033 1034
f 1049 1048 1032
f 1049 1032 1033
f 634 1038 1534
f 1043 1042 63
f 1043 63 1068
f 1048 671 1041
f 1041 1143 1033
f 1041 1033 1032
f 1034 1033 1143
f 1034 1143 1040
f 1035 1034 1040
f 1035 1040 1039
f 1039 1128 1036
f 1039 1036 1035
f 1128 622 1037
f 1128 1037 1036
f 622 633 1038
f 622 1038 1037
f 1534 1038 633
f 1534 633 1046
f 1534 1046 1047
f 633 622 1045
f 633 1045 1046
f 622 1128 1044
f 622 1044 1045
f 1143 1041 1042
f 1143 1042 1043
f 1534 1047 1533
f 640 623 1052
f 640 1052 1053
f 623 676 1051
f 623 1051 1052
f 676 675 1050
f 676 1050 1051
f 675 674 1049
f 675 1049 1050
f 674 673 1048
f 674 1048 1049
f 640 1053 634
f 1105 1076 1075
f 1105 1075 1104
f 1106 1069 64
f 1106 64 558
f 1108 1121 1095
f 1108 1095 1070
f 1108 1070 1069
f 1108 1069 1106
f 1109 1078 1077
f 1109 1077 1107
f 1078 1103 1102
f 1078 1102 1079
f 1070 1095 1094
f 1070 1094 1071
f 1112 1072 1071
f 1112 1071 1110
f 1113 1080 1079
f 1113 1079 1111
f 1107 1120 1090
f 1107 1090 1062
f 1115 1081 1080
f 1115 1080 1113
f 1116 1074 1073
f 1116 1073 1114
f 1117 1082 1081
f 1117 1081 1115
f 1112 1125 1097
f 1112 1097 1072
f 557 1083 1082
f 557 1082 1117
f 1120 1100 1101
f 1120 1101 1119
f 1123 1094 1095
f 1123 1095 1121
f 1124 1102 1103
f 1124 1103 1122
f 1126 1096 1097
f 1126 1097 1125
f 1118 1098 1099
f 1118 1099 1127
f 1104 1118 1088
f 1104 1088 1060
f 1072 1097 1096
f 1072 1096 1073
f 1105 1119 1101
f 1105 1101 1076
f 1114 1126 1086
f 1114 1086 1058
f 1109 1122 1103
f 1109 1103 1078
f 1110 1123 1084
f 1110 1084 1056
f 1074 1099 1098
f 1074 1098 1075
f 1116 1127 1099
f 1116 1099 1074
f 1111 1124 1092
f 1111 1092 1064
f 1076 1101 1100
f 1076 1100 1077
f 1079 1102 1124
f 1079 1124 1111
f 1059 1089 1127
f 1059 1127 1116
f 1071 1094 1123
f 1071 1123 1110
f 1063 1093 1122
f 1063 1122 1109
f 1073 1096 1126
f 1073 1126 1114
f 1061 1091 1119
f 1061 1119 1105
f 1075 1098 1118
f 1075 1118 1104
f 1088 1118 1127
f 1088 1127 1089
f 1086 1126 1125
f 1086 1125 1087
f 1092 1124 1122
f 1092 1122 1093
f 1084 1123 1121
f 1084 1121 1085
f 1090 1120 1119
f 1090 1119 1091
f 1068 557 1117
f 1068 1117 1067
f 1057 1087 1125
f 1057 1125 1112
f 1067 1117 1115
f 1067 1115 1066
f 1059 1116 1114
f 1059 1114 1058
f 1066 1115 1113
f 1066 1113 1065
f 1077 1100 1120
f 1077 1120 1107
f 1065 1113 1111
f 1065 1111 1064
f 1057 1112 1110
f 1057 1110 1056
f 1063 1109 1107
f 1063 1107 1062
f 1055 1108 1106
f 1055 1106 1054
f 1055 1085 1121
f 1055 1121 1108
f 1054 1106 558
f 1054 558 65
f 1061 1105 1104
f 1061 1104 1060
f 1155 1154 1135
f 1155 1135 1136
f 1156 1044 1128
f 1156 1128 1129
f 1158 1130 1145
f 1158 1145 1171
f 1158 1156 1129
f 1158 1129 1130
f 1159 1157 1137
f 1159 1137 1138
f 1138 1139 1152
f 1138 1152 1153
f 1130 1131 1144
f 1130 1144 1145
f 1162 1160 1131
f 1162 1131 1132
f 1163 1161 1139
f 1163 1139 1140
f 1157 1062 1090
f 1157 1090 1170
f 1165 1163 1140
f 1165 1140 1141
f 1166 1164 1133
f 1166 1133 1134
f 1167 1165 1141
f 1167 1141 1142
f 1162 1132 1147
f 1162 1147 1175
f 1043 1167 1142
f 1043 1142 1143
f 1170 1169 1151
f 1170 1151 1150
f 1173 1171 1145
f 1173 1145 1144
f 1174 1172 1153
f 1174 1153 1152
f 1176 1175 1147
f 1176 1147 1146
f 1168 1177 1149
f 1168 1149 1148
f 1154 1060 1088
f 1154 1088 1168
f 1132 1133 1146
f 1132 1146 1147
f 1155 1136 1151
f 1155 1151 1169
f 1164 1058 1086
f 1164 1086 1176
f 1159 1138 1153
f 1159 1153 1172
f 1160 1056 1084
f 1160 1084 1173
f 1134 1135 1148
f 1134 1148 1149
f 1166 1134 1149
f 1166 1149 1177
f 1161 1064 1092
f 1161 1092 1174
f 1136 1137 1150
f 1136 1150 1151
f 1139 1161 1174
f 1139 1174 1152
f 1059 1166 1177
f 1059 1177 1089
f 1131 1160 1173
f 1131 1173 1144
f 1063 1159 1172
f 1063 1172 1093
f 1133 1164 1176
f 1133 1176 1146
f 1061 1155 1169
f 1061 1169 1091
f 1135 1154 1168
f 1135 1168 1148
f 1088 1089 1177
f 1088 1177 1168
f 1086 1087 1175
f 1086 1175 1176
f 1092 1093 1172
f 1092 1172 1174
f 1084 1085 1171
f 1084 1171 1173
f 1090 1091 1169
f 1090 1169 1170
f 1068 1067 1167
f 1068 1167 1043
f 1057 1162 1175
f 1057 1175 1087
f 1067 1066 1165
f 1067 1165 1167
f 1059 1058 1164
f 1059 1164 1166
f 1066 1065 1163
f 1066 1163 1165
f 1137 1157 1170
f 1137 1170 1150
f 1065 1064 1161
f 1065 1161 1163
f 1057 1056 1160
f 1057 1160 1162
f 1063 1062 1157
f 1063 1157 1159
f 1055 1054 1156
f 1055 1156 1158
f 1055 1158 1171
f 1055 1171 1085
f 1054 65 1044
f 1054 1044 1156
f 1061 1060 1154
f 1061 1154 1155
f 1072 1073 1074
f 1072 1074 1075
f 1071 1072 1075
f 1071 1075 1076
f 1070 1071 1076
f 1070 1076 1077
f 1077 1078 1069
f 1077 1069 1070
f 67 64 552
f 67 552 553
f 1133 1132 1135
f 1133 1135 1134
f 1132 1131 1136
f 1132 1136 1135
f 1131 1130 1137
f 1131 1137 1136
f 1130 1129 1138
f 1130 1138 1137
f 1129 1128 1139
f 1129 1139 1138
f 1128 1039 1140
f 1128 1140 1139
f 1039 1040 1141
f 1039 1141 1140
f 1040 1143 1142
f 2063 2053 1390
f 237 230 1245
f 237 1245 1244
f 1313 1243 1244
f 1313 1244 1314
f 245 236 1243
f 245 1243 1242
f 245 1242 1241
f 245 1241 246
f 255 246 1241
f 255 1241 1240
f 1309 1239 1240
f 1309 1240 1310
f 263 254 1239
f 263 1239 1238
f 263 1238 1237
f 263 1237 264
f 273 264 1237
f 273 1237 1236
f 1305 1235 1236
f 1305 1236 1306
f 281 272 1235
f 281 1235 1234
f 281 1234 1233
f 281 1233 282
f 291 282 1233
f 291 1233 1232
f 1301 1231 1232
f 1301 1232 1302
f 299 290 1231
f 299 1231 1230
f 299 1230 1229
f 299 1229 300
f 309 300 1229
f 309 1229 1228
f 1297 1227 1228
f 1297 1228 1298
f 317 308 1227
f 317 1227 1226
f 317 1226 1225
f 317 1225 318
f 473 318 1225
f 473 1225 1224
f 1293 1223 1224
f 1293 1224 1294
f 452 451 1223
f 452 1223 1222
f 452 1222 1221
f 452 1221 474
f 475 474 1221
f 475 1221 1220
f 1289 1219 1220
f 1289 1220 1290
f 454 453 1219
f 454 1219 1218
f 454 1218 1217
f 454 1217 476
f 477 476 1217
f 477 1217 1216
f 1285 1215 1216
f 1285 1216 1286
f 456 455 1215
f 456 1215 1214
f 456 1214 1213
f 456 1213 478
f 479 478 1213
f 479 1213 1212
f 1281 1211 1212
f 1281 1212 1282
f 458 457 1211
f 458 1211 1210
f 458 1210 1209
f 458 1209 480
f 481 480 1209
f 481 1209 1208
f 1277 1207 1208
f 1277 1208 1278
f 460 459 1207
f 460 1207 1206
f 460 1206 1205
f 460 1205 482
f 483 482 1205
f 483 1205 1204
f 1273 1203 1204
f 1273 1204 1274
f 462 461 1203
f 462 1203 1202
f 462 1202 1201
f 462 1201 484
f 485 484 1201
f 485 1201 1200
f 1269 1199 1200
f 1269 1200 1270
f 464 463 1199
f 464 1199 1198
f 464 1198 1197
f 464 1197 486
f 487 486 1197
f 487 1197 1196
f 1265 1195 1196
f 1265 1196 1266
f 466 465 1195
f 466 1195 1194
f 466 1194 1193
f 466 1193 488
f 489 488 1193
f 489 1193 1192
f 1261 1191 1192
f 1261 1192 1262
f 468 467 1191
f 468 1191 1190
f 468 1190 1189
f 468 1189 490
f 491 490 1189
f 491 1189 1188
f 1257 1187 1188
f 1257 1188 1258
f 470 469 1187
f 470 1187 1186
f 470 1186 1185
f 470 1185 1645
f 1646 1645 1185
f 1646 1185 1184
f 1253 1183 1184
f 1253 1184 1254
f 472 471 1183
f 472 1183 1182
f 472 1182 1181
f 472 1181 1640
f 1662 1640 1181
f 1662 1181 1180
f 1249 1179 1180
f 1249 1180 1250
f 2298 326 1179
f 2298 1179 2294
f 36 9 1178
f 36 1178 1248
f 2051 68 126
f 2051 126 2059
f 1390 1389 1318
f 1246 1247 1317
f 1246 1317 1316
f 1246 1316 1315
f 1246 1315 1245
f 1244 1245 1315
f 1244 1315 1314
f 1384 1313 1314
f 1384 1314 1385
f 1242 1243 1313
f 1242 1313 1312
f 1242 1312 1311
f 1242 1311 1241
f 1240 1241 1311
f 1240 1311 1310
f 1380 1309 1310
f 1380 1310 1381
f 1238 1239 1309
f 1238 1309 1308
f 1238 1308 1307
f 1238 1307 1237
f 1236 1237 1307
f 1236 1307 1306
f 1376 1305 1306
f 1376 1306 1377
f 1234 1235 1305
f 1234 1305 1304
f 1234 1304 1303
f 1234 1303 1233
f 1232 1233 1303
f 1232 1303 1302
f 1372 1301 1302
f 1372 1302 1373
f 1230 1231 1301
f 1230 1301 1300
f 1230 1300 1299
f 1230 1299 1229
f 1228 1229 1299
f 1228 1299 1298
f 1368 1297 1298
f 1368 1298 1369
f 1226 1227 1297
f 1226 1297 1296
f 1226 1296 1295
f 1226 1295 1225
f 1224 1225 1295
f 1224 1295 1294
f 1364 1293 1294
f 1364 1294 1365
f 1222 1223 1293
f 1222 1293 1292
f 1222 1292 1291
f 1222 1291 1221
f 1220 1221 1291
f 1220 1291 1290
f 1360 1289 1290
f 1360 1290 1361
f 1218 1219 1289
f 1218 1289 1288
f 1218 1288 1287
f 1218 1287 1217
f 1216 1217 1287
f 1216 1287 1286
f 1356 1285 1286
f 1356 1286 1357
f 1214 1215 1285
f 1214 1285 1284
f 1214 1284 1283
f 1214 1283 1213
f 1212 1213 1283
f 1212 1283 1282
f 1352 1281 1282
f 1352 1282 1353
f 1210 1211 1281
f 1210 1281 1280
f 1210 1280 1279
f 1210 1279 1209
f 1208 1209 1279
f 1208 1279 1278
f 1348 1277 1278
f 1348 1278 1349
f 1206 1207 1277
f 1206 1277 1276
f 1206 1276 1275
f 1206 1275 1205
f 1204 1205 1275
f 1204 1275 1274
f 1344 1273 1274
f 1344 1274 1345
f 1202 1203 1273
f 1202 1273 1272
f 1202 1272 1271
f 1202 1271 1201
f 1200 1201 1271
f 1200 1271 1270
f 1340 1269 1270
f 1340 1270 1341
f 1198 1199 1269
f 1198 1269 1268
f 1198 1268 1267
f 1198 1267 1197
f 1196 1197 1267
f 1196 1267 1266
f 1336 1265 1266
f 1336 1266 1337
f 1194 1195 1265
f 1194 1265 1264
f 1194 1264 1263
f 1194 1263 1193
f 1192 1193 1263
f 1192 1263 1262
f 1332 1261 1262
f 1332 1262 1333
f 1190 1191 1261
f 1190 1261 1260
f 1190 1260 1259
f 1190 1259 1189
f 1188 1189 1259
f 1188 1259 1258
f 1328 1257 1258
f 1328 1258 1329
f 1186 1187 1257
f 1186 1257 1256
f 1186 1256 1255
f 1186 1255 1185
f 1184 1185 1255
f 1184 1255 1254
f 1324 1253 1254
f 1324 1254 1325
f 1182 1183 1253
f 1182 1253 1252
f 1182 1252 1251
f 1182 1251 1181
f 1180 1181 1251
f 1180 1251 1250
f 1320 1249 1250
f 1320 1250 1321
f 2294 1179 1249
f 2294 1249 2309
f 36 1248 1319
f 2059 126 125
f 2059 125 2062
f 230 2066 1245
f 1318 1389 1388
f 1318 1388 1317
f 1316 1317 1388
f 1316 1388 1387
f 1316 1387 1386
f 1316 1386 1315
f 1314 1315 1386
f 1314 1386 1385
f 239 1384 1385
f 239 1385 515
f 1312 1313 1384
f 1312 1384 1383
f 1312 1383 1382
f 1312 1382 1311
f 1310 1311 1382
f 1310 1382 1381
f 257 1380 1381
f 257 1381 516
f 1308 1309 1380
f 1308 1380 1379
f 1308 1379 1378
f 1308 1378 1307
f 1306 1307 1378
f 1306 1378 1377
f 275 1376 1377
f 275 1377 518
f 1304 1305 1376
f 1304 1376 1375
f 1304 1375 1374
f 1304 1374 1303
f 1302 1303 1374
f 1302 1374 1373
f 293 1372 1373
f 293 1373 520
f 1300 1301 1372
f 1300 1372 1371
f 1300 1371 1370
f 1300 1370 1299
f 1298 1299 1370
f 1298 1370 1369
f 311 1368 1369
f 311 1369 522
f 1296 1297 1368
f 1296 1368 1367
f 1296 1367 1366
f 1296 1366 1295
f 1294 1295 1366
f 1294 1366 1365
f 351 1364 1365
f 351 1365 524
f 1292 1293 1364
f 1292 1364 1363
f 1292 1363 1362
f 1292 1362 1291
f 1290 1291 1362
f 1290 1362 1361
f 349 1360 1361
f 349 1361 546
f 1288 1289 1360
f 1288 1360 1359
f 1288 1359 1358
f 1288 1358 1287
f 1286 1287 1358
f 1286 1358 1357
f 347 1356 1357
f 347 1357 544
f 1284 1285 1356
f 1284 1356 1355
f 1284 1355 1354
f 1284 1354 1283
f 1282 1283 1354
f 1282 1354 1353
f 345 1352 1353
f 345 1353 542
f 1280 1281 1352
f 1280 1352 1351
f 1280 1351 1350
f 1280 1350 1279
f 1278 1279 1350
f 1278 1350 1349
f 343 1348 1349
f 343 1349 540
f 1276 1277 1348
f 1276 1348 1347
f 1276 1347 1346
f 1276 1346 1275
f 1274 1275 1346
f 1274 1346 1345
f 341 1344 1345
f 341 1345 538
f 1272 1273 1344
f 1272 1344 1343
f 1272 1343 1342
f 1272 1342 1271
f 1270 1271 1342
f 1270 1342 1341
f 339 1340 1341
f 339 1341 536
f 1268 1269 1340
f 1268 1340 1339
f 1268 1339 1338
f 1268 1338 1267
f 1266 1267 1338
f 1266 1338 1337
f 337 1336 1337
f 337 1337 534
f 1264 1265 1336
f 1264 1336 1335
f 1264 1335 1334
f 1264 1334 1263
f 1262 1263 1334
f 1262 1334 1333
f 335 1332 1333
f 335 1333 532
f 1260 1261 1332
f 1260 1332 1331
f 1260 1331 1330
f 1260 1330 1259
f 1258 1259 1330
f 1258 1330 1329
f 333 1328 1329
f 333 1329 530
f 1256 1257 1328
f 1256 1328 1327
f 1256 1327 1326
f 1256 1326 1255
f 1254 1255 1326
f 1254 1326 1325
f 331 1324 1325
f 331 1325 528
f 1252 1253 1324
f 1252 1324 1323
f 1252 1323 1322
f 1252 1322 1251
f 1250 1251 1322
f 1250 1322 1321
f 328 1320 1321
f 328 1321 526
f 2309 1249 1320
f 2309 1320 2306
f 1319 37 38
f 2056 4 1390
f 1431 1850 1847
f 957 979 1430
f 957 1430 1431
f 980 1429 1430
f 980 1430 979
f 1470 1471 1429
f 1470 1429 1428
f 959 1427 1428
f 959 1428 958
f 959 981 1426
f 959 1426 1427
f 982 1425 1426
f 982 1426 981
f 1466 1467 1425
f 1466 1425 1424
f 961 1423 1424
f 961 1424 960
f 961 983 1422
f 961 1422 1423
f 984 1421 1422
f 984 1422 983
f 1462 1463 1421
f 1462 1421 1420
f 963 1419 1420
f 963 1420 962
f 963 985 1418
f 963 1418 1419
f 986 1417 1418
f 986 1418 985
f 1458 1459 1417
f 1458 1417 1416
f 965 1415 1416
f 965 1416 964
f 965 987 1414
f 965 1414 1415
f 988 1413 1414
f 988 1414 987
f 1454 1455 1413
f 1454 1413 1412
f 967 1411 1412
f 967 1412 966
f 967 989 1410
f 967 1410 1411
f 990 1409 1410
f 990 1410 989
f 1450 1451 1409
f 1450 1409 1408
f 969 1407 1408
f 969 1408 968
f 969 991 1406
f 969 1406 1407
f 992 1405 1406
f 992 1406 991
f 1446 1447 1405
f 1446 1405 1404
f 971 1403 1404
f 971 1404 970
f 971 993 1402
f 971 1402 1403
f 994 1401 1402
f 994 1402 993
f 1442 1443 1401
f 1442 1401 1400
f 973 1399 1400
f 973 1400 972
f 973 995 1398
f 973 1398 1399
f 996 1397 1398
f 996 1398 995
f 1438 1439 1397
f 1438 1397 1396
f 975 1395 1396
f 975 1396 974
f 975 997 1394
f 975 1394 1395
f 838 1393 1394
f 838 1394 997
f 1434 1435 1393
f 1434 1393 1392
f 2296 2308 1392
f 2296 1392 837
f 598 586 1477
f 2068 2078 676
f 2068 676 623
f 2077 1476 2081
f 824 823 816
f 824 816 817
f 1856 1853 1896
f 1856 1896 1898
f 1847 1850 1888
f 1847 1888 2090
f 1007 818 825
f 1007 825 1006
f 803 810 809
f 803 809 802
f 1849 1854 1893
f 1849 1893 1889
f 1918 1847 2090
f 1918 2090 2094
f 1862 1846 1894
f 1862 1894 1890
f 1431 1473 1861
f 1431 1861 1850
f 1431 1430 1472
f 1431 1472 1473
f 1429 1471 1472
f 1429 1472 1430
f 1514 1515 1471
f 1514 1471 1470
f 1427 1469 1470
f 1427 1470 1428
f 1427 1426 1468
f 1427 1468 1469
f 1425 1467 1468
f 1425 1468 1426
f 1510 1511 1467
f 1510 1467 1466
f 1423 1465 1466
f 1423 1466 1424
f 1423 1422 1464
f 1423 1464 1465
f 1421 1463 1464
f 1421 1464 1422
f 1506 1507 1463
f 1506 1463 1462
f 1419 1461 1462
f 1419 1462 1420
f 1419 1418 1460
f 1419 1460 1461
f 1417 1459 1460
f 1417 1460 1418
f 1502 1503 1459
f 1502 1459 1458
f 1415 1457 1458
f 1415 1458 1416
f 1415 1414 1456
f 1415 1456 1457
f 1413 1455 1456
f 1413 1456 1414
f 1498 1499 1455
f 1498 1455 1454
f 1411 1453 1454
f 1411 1454 1412
f 1411 1410 1452
f 1411 1452 1453
f 1409 1451 1452
f 1409 1452 1410
f 1494 1495 1451
f 1494 1451 1450
f 1407 1449 1450
f 1407 1450 1408
f 1407 1406 1448
f 1407 1448 1449
f 1405 1447 1448
f 1405 1448 1406
f 1490 1491 1447
f 1490 1447 1446
f 1403 1445 1446
f 1403 1446 1404
f 1403 1402 1444
f 1403 1444 1445
f 1401 1443 1444
f 1401 1444 1402
f 1486 1487 1443
f 1486 1443 1442
f 1399 1441 1442
f 1399 1442 1400
f 1399 1398 1440
f 1399 1440 1441
f 1397 1439 1440
f 1397 1440 1398
f 1482 1483 1439
f 1482 1439 1438
f 1395 1437 1438
f 1395 1438 1396
f 1395 1394 1436
f 1395 1436 1437
f 1393 1435 1436
f 1393 1436 1394
f 1478 1479 1435
f 1478 1435 1434
f 2308 2304 1434
f 2308 1434 1392
f 576 597 1433
f 576 1433 1391
f 2078 2080 675
f 2078 675 676
f 2085 1912 2083
f 1475 1524 1525
f 1475 1525 1476
f 1474 1523 1524
f 1474 1524 1475
f 1854 1848 1871
f 1854 1871 1893
f 1850 1861 1883
f 1850 1883 1888
f 1004 1005 804
f 1004 804 811
f 809 816 1906
f 809 1906 1905
f 796 795 788
f 796 788 789
f 1519 1857 1899
f 1519 1899 1892
f 1866 1852 1895
f 1866 1895 1904
f 1002 1003 790
f 1002 790 797
f 1855 1866 1904
f 1855 1904 1897
f 782 781 774
f 782 774 775
f 1848 1859 1876
f 1848 1876 1871
f 1520 1521 1856
f 1520 1856 1857
f 1520 783 776
f 1520 776 1521
f 1000 1001 776
f 1000 776 783
f 978 956 1863
f 1473 1517 1518
f 1473 1518 1861
f 1473 1472 1516
f 1473 1516 1517
f 1471 1515 1516
f 1471 1516 1472
f 861 1028 1515
f 861 1515 1514
f 1469 1513 1514
f 1469 1514 1470
f 1469 1468 1512
f 1469 1512 1513
f 1467 1511 1512
f 1467 1512 1468
f 859 1026 1511
f 859 1511 1510
f 1465 1509 1510
f 1465 1510 1466
f 1465 1464 1508
f 1465 1508 1509
f 1463 1507 1508
f 1463 1508 1464
f 857 1024 1507
f 857 1507 1506
f 1461 1505 1506
f 1461 1506 1462
f 1461 1460 1504
f 1461 1504 1505
f 1459 1503 1504
f 1459 1504 1460
f 855 1022 1503
f 855 1503 1502
f 1457 1501 1502
f 1457 1502 1458
f 1457 1456 1500
f 1457 1500 1501
f 1455 1499 1500
f 1455 1500 1456
f 853 1020 1499
f 853 1499 1498
f 1453 1497 1498
f 1453 1498 1454
f 1453 1452 1496
f 1453 1496 1497
f 1451 1495 1496
f 1451 1496 1452
f 851 1018 1495
f 851 1495 1494
f 1449 1493 1494
f 1449 1494 1450
f 1449 1448 1492
f 1449 1492 1493
f 1447 1491 1492
f 1447 1492 1448
f 849 1016 1491
f 849 1491 1490
f 1445 1489 1490
f 1445 1490 1446
f 1445 1444 1488
f 1445 1488 1489
f 1443 1487 1488
f 1443 1488 1444
f 847 1014 1487
f 847 1487 1486
f 1441 1485 1486
f 1441 1486 1442
f 1441 1440 1484
f 1441 1484 1485
f 1439 1483 1484
f 1439 1484 1440
f 845 1012 1483
f 845 1483 1482
f 1437 1481 1482
f 1437 1482 1438
f 1437 1436 1480
f 1437 1480 1481
f 1435 1479 1480
f 1435 1480 1436
f 839 1010 1479
f 839 1479 1478
f 2304 2302 1478
f 2304 1478 1434
f 597 601 1477
f 1526 571 2075
f 593 20 670
f 593 670 598
f 99 100 1528
f 99 1528 1527
f 102 99 1527
f 102 1527 1529
f 232 102 1529
f 232 1529 1530
f 1531 232 1530
f 1531 1530 231
f 1532 1531 231
f 1532 231 235
f 100 649 1533
f 100 1533 1528
f 649 650 1534
f 649 1534 1533
f 650 764 1535
f 650 1535 1534
f 764 1536 763
f 764 763 1535
f 1536 1532 235
f 1536 235 763
f 99 102 1548
f 99 1548 1539
f 1531 1532 1537
f 1536 764 1554
f 1536 1554 1544
f 649 100 1546
f 100 99 1539
f 650 649 1546
f 650 1546 1551
f 1532 1536 1544
f 232 1550 1547
f 232 1547 102
f 1543 1553 1570
f 1543 1570 1573
f 1559 1550 232
f 1559 232 1549
f 1555 1556 100
f 1555 100 1539
f 1557 1555 1539
f 1557 1539 1548
f 1549 1537 1558
f 1549 1558 1559
f 1537 1532 1560
f 1537 1560 1558
f 1546 100 1556
f 1546 1556 1561
f 1551 1546 1561
f 1551 1561 1562
f 1563 1564 1544
f 1563 1544 1554
f 1564 1560 1532
f 1564 1532 1544
f 232 1531 1537
f 232 1537 1549
f 1540 1541 1556
f 1540 1556 1555
f 1547 1540 1555
f 1547 1555 1557
f 1538 1550 1559
f 1538 1559 1558
f 1542 1538 1558
f 1542 1558 1560
f 1541 1545 1561
f 1541 1561 1556
f 1545 1552 1562
f 1545 1562 1561
f 1553 1543 1564
f 1553 1564 1563
f 1543 1542 1560
f 1543 1560 1564
f 1557 1548 102
f 1557 102 1547
f 1563 1554 764
f 1563 764 1553
f 1562 1552 650
f 1562 650 1551
f 650 1552 1553
f 650 1553 764
f 1572 1566 1585
f 1598 1596 1581
f 1598 1581 1582
f 1575 1565 1595
f 1575 1595 1597
f 1567 1568 1586
f 1567 1586 1583
f 1540 1547 1567
f 1540 1567 1571
f 1547 1550 1568
f 1547 1568 1567
f 1552 1545 1574
f 1552 1574 1569
f 1550 1538 1572
f 1550 1572 1568
f 1553 1552 1569
f 1553 1569 1570
f 1575 1592 1594
f 1575 1594 1565
f 1574 1578 1587
f 1578 1577 1590
f 1578 1590 1587
f 1567 1583 1584
f 1570 1589 1590
f 1589 1588 1587
f 1589 1587 1590
f 1583 1586 1585
f 1583 1585 1584
f 1576 1584 1585
f 1576 1585 1566
f 1591 1593 1594
f 1591 1594 1592
f 1596 1598 1597
f 1596 1597 1595
f 1593 1591 1579
f 1593 1579 1580
f 1574 1598 1582
f 1574 1582 1578
f 1571 1576 1579
f 1571 1579 1591
f 1541 1592 1575
f 1545 1598 1574
f 1545 1597 1598
f 1541 1575 1597
f 1545 1541 1597
f 1540 1571 1591
f 1540 1591 1592
f 1541 1540 1592
f 1565 1542 1595
f 1594 1542 1565
f 1538 1542 1594
f 1572 1538 1594
f 1572 1594 1593
f 1542 1543 1595
f 1595 1543 1596
f 1543 1573 1596
f 1573 1577 1581
f 1573 1581 1596
f 1572 1593 1580
f 1572 1580 1566
f 1606 1603 1622
f 1606 1622 1623
f 1622 1624 1630
f 1622 1630 1628
f 1601 1599 1632
f 1601 1632 1631
f 733 666 1612
f 733 1612 1617
f 91 116 1602
f 91 1602 1605
f 666 641 1615
f 666 1615 1612
f 1599 1600 1633
f 1599 1633 1632
f 1599 1628 1630
f 1599 1630 1600
f 1603 1606 1607
f 1603 1607 1604
f 1604 1607 1605
f 1604 1605 1602
f 1602 1609 1610
f 1602 1610 1604
f 1604 1610 1608
f 1604 1608 1603
f 1612 1615 1616
f 1612 1616 1613
f 1613 1616 1614
f 1613 1614 1611
f 1611 1618 1619
f 1611 1619 1613
f 1613 1619 1617
f 1613 1617 1612
f 116 193 1609
f 116 1609 1602
f 1627 1626 1632
f 1627 1632 1633
f 1625 1620 1601
f 1625 1601 1631
f 1621 1627 1633
f 1621 1633 1600
f 1623 1622 1628
f 1623 1628 1629
f 1618 1611 1626
f 1618 1626 1627
f 1603 1608 1624
f 1603 1624 1622
f 1601 1629 1628
f 1601 1628 1599
f 1611 1614 1625
f 1611 1625 1626
f 1623 1620 82
f 1627 1621 204
f 1643 1644 1745
f 1643 1745 1742
f 1641 1642 1741
f 1641 1741 1738
f 1642 1643 1742
f 1642 1742 1741
f 1750 1737 1655
f 1750 1655 1654
f 1737 1733 431
f 1737 431 1655
f 1748 1669 1753
f 1680 1635 1670
f 1749 1750 1654
f 1749 1654 1667
f 1667 1654 1640
f 1667 1640 1662
f 1655 431 1645
f 1655 1645 1646
f 1654 1655 1646
f 1654 1646 1640
f 1634 1635 1657
f 1634 1657 1656
f 1635 1636 1658
f 1635 1658 1657
f 1636 1637 1659
f 1636 1659 1658
f 1637 1638 1660
f 1637 1660 1659
f 85 1634 1656
f 85 1656 1661
f 1677 1634 85
f 1677 85 2375
f 1664 327 1663
f 1664 1663 1641
f 1735 1664 1641
f 1735 1641 1738
f 1653 1748 1749
f 1653 1749 1667
f 1639 1653 1667
f 1639 1667 1662
f 1681 1637 1668
f 1676 1636 1673
f 1653 2316 1674
f 1653 1639 2316
f 1735 1736 1678
f 327 1664 1671
f 327 1671 1679
f 2374 85 1661
f 2374 1661 2366
f 2313 1639 1662
f 2313 1662 2311
f 1748 1653 1674
f 1748 1674 1669
f 1664 1735 1678
f 2315 327 1679
f 1671 1664 1678
f 1668 1637 1636
f 1668 1636 1676
f 1670 1635 1634
f 1670 1634 1677
f 1680 1673 1636
f 1680 1636 1635
f 1691 1638 1681
f 1691 1681 2348
f 1638 1637 1681
f 1638 1691 2372
f 1638 2372 1660
f 1433 1477 1688
f 1433 1688 1690
f 1391 1433 1690
f 1391 1690 1693
f 568 1391 1693
f 568 1693 2367
f 1248 1694 2370
f 1248 2370 1319
f 1178 1683 1694
f 1178 1694 1248
f 1 1684 1683
f 1 1683 1178
f 568 2367 1692
f 568 1692 624
f 1477 586 2373
f 1477 2373 1688
f 1 1660 2372
f 1 2372 1684
f 1319 2370 1685
f 1319 1685 25
f 2375 85 2374
f 1078 1079 64
f 1078 64 1069
f 550 551 1695
f 550 1695 1696
f 551 552 64
f 551 64 1695
f 1080 1695 64
f 1080 64 1079
f 1081 1696 1695
f 1081 1695 1080
f 1082 1696 1081
f 1141 1040 1142
f 1083 1696 1082
f 549 550 1696
f 549 1696 1083
f 1719 1758 1718
f 1714 1701 1697
f 1714 1697 2153
f 1707 1700 1698
f 1707 1698 2147
f 394 395 1769
f 394 1769 1782
f 1669 1674 1707
f 1669 1707 1702
f 1753 1669 1702
f 1753 1702 1755
f 1782 1769 1768
f 1782 1768 1783
f 1676 1673 1706
f 1676 1706 1709
f 400 1719 1718
f 1677 2375 2376
f 1677 2376 1710
f 1811 1797 416
f 1811 416 1785
f 394 1782 1767
f 394 1767 393
f 1678 1736 1754
f 1678 1754 1711
f 1766 412 1652
f 1766 1652 1781
f 1770 1651 1666
f 1770 1666 1778
f 2315 1679 1712
f 2315 1712 2317
f 415 1792 1791
f 1673 1680 1713
f 1673 1713 1706
f 2348 1681 1714
f 2348 1714 1699
f 1674 2316 1700
f 1674 1700 1707
f 1668 1676 1709
f 1668 1709 1701
f 1670 1677 1710
f 1670 1710 1703
f 1671 1678 1711
f 1671 1711 1704
f 1679 1671 1704
f 1679 1704 1712
f 1680 1670 1703
f 1680 1703 1713
f 1681 1668 1701
f 1681 1701 1714
f 1772 1675 1708
f 1772 1708 1775
f 1718 1758 1759
f 1725 1763 1764
f 1718 1739 379
f 1757 1758 1719
f 1726 1763 1725
f 1762 1763 1726
f 1765 1725 1764
f 1761 1762 1726
f 1756 1757 1719
f 1760 1718 1759
f 397 396 1730
f 397 1730 1731
f 398 397 1731
f 398 1731 1732
f 412 413 1734
f 412 1734 1733
f 1647 1672 1736
f 1647 1736 1735
f 1652 412 1733
f 1652 1733 1737
f 1665 1647 1735
f 1665 1735 1738
f 399 398 1732
f 399 1732 1739
f 413 414 1740
f 413 1740 1734
f 1648 1665 1738
f 1648 1738 1741
f 1649 1648 1741
f 1649 1741 1742
f 414 415 1743
f 414 1743 1740
f 415 416 1744
f 415 1744 1743
f 394 393 1745
f 394 1745 1746
f 416 417 1747
f 416 1747 1744
f 1650 1666 1749
f 1650 1749 1748
f 393 1649 1742
f 393 1742 1745
f 1651 1652 1737
f 1651 1737 1750
f 1666 1651 1750
f 1666 1750 1749
f 395 394 1746
f 395 1746 1751
f 417 418 1752
f 417 1752 1747
f 396 395 1751
f 396 1751 1730
f 1675 1650 1748
f 1675 1748 1753
f 1672 1705 1754
f 1672 1754 1736
f 1708 1675 1753
f 1708 1753 1755
f 1716 1720 1757
f 1716 1757 1756
f 1720 1721 1758
f 1720 1758 1757
f 1721 1722 1759
f 1721 1759 1758
f 1722 1717 1760
f 1722 1760 1759
f 1723 1727 1762
f 1723 1762 1761
f 1727 1728 1763
f 1727 1763 1762
f 1728 1729 1764
f 1728 1764 1763
f 1729 1724 1765
f 1729 1765 1764
f 1717 399 1739
f 1717 1739 1760
f 1724 1716 1756
f 1724 1756 1765
f 418 1723 1761
f 418 1761 1752
f 1782 1783 1766
f 1782 1766 1767
f 1777 1650 1675
f 1777 1675 1772
f 1777 1778 1666
f 1777 1666 1650
f 1781 1652 1651
f 1781 1651 1770
f 1783 413 412
f 1783 412 1766
f 1783 1768 414
f 1783 414 413
f 1649 1780 1771
f 1649 1771 1648
f 1780 1781 1770
f 1780 1770 1771
f 1647 1665 1779
f 1647 1779 1776
f 1776 1779 1778
f 1776 1778 1777
f 1647 1776 1773
f 1647 1773 1672
f 1776 1777 1772
f 1776 1772 1773
f 1672 1773 1774
f 1672 1774 1705
f 1773 1772 1775
f 1773 1775 1774
f 1786 1788 396
f 414 1792 415
f 395 396 1788
f 1648 1771 1779
f 1648 1779 1665
f 1771 1770 1778
f 1771 1778 1779
f 393 1767 1780
f 393 1780 1649
f 1767 1766 1781
f 1767 1781 1780
f 1794 1810 1784
f 1794 1784 397
f 1769 1787 1790
f 1769 1790 1768
f 1789 1787 1769
f 1793 1791 1792
f 1786 1789 1788
f 1788 1789 1769
f 1790 1793 1768
f 1768 1793 1792
f 1793 1815 1816
f 1793 1816 1791
f 1790 1814 1815
f 1790 1815 1793
f 1813 1835 1810
f 1813 1810 1794
f 1786 1784 1810
f 1786 1810 1812
f 1729 1808 1809
f 1729 1809 1724
f 1728 1807 1808
f 1728 1808 1729
f 1727 1806 1807
f 1727 1807 1728
f 1723 1805 1806
f 1723 1806 1727
f 1722 1803 1804
f 1722 1804 1717
f 1721 1802 1803
f 1721 1803 1722
f 1720 1801 1802
f 1720 1802 1721
f 1716 1800 1801
f 1716 1801 1720
f 1791 1816 1811
f 1791 1811 1785
f 418 417 1798
f 418 1798 1799
f 417 416 1797
f 417 1797 1798
f 399 1717 1804
f 399 1804 1796
f 1832 1819 1797
f 1832 1797 1811
f 398 399 1796
f 398 1796 1795
f 397 398 1795
f 397 1795 1794
f 1723 418 1799
f 1723 1799 1805
f 1716 1724 1809
f 1716 1809 1800
f 1832 1841 1820
f 1832 1820 1819
f 1836 1817 1818
f 1836 1818 1837
f 1808 1830 1831
f 1808 1831 1809
f 1807 1829 1830
f 1807 1830 1808
f 1806 1828 1829
f 1806 1829 1807
f 1805 1823 1828
f 1805 1828 1806
f 1803 1826 1827
f 1803 1827 1804
f 1802 1825 1826
f 1802 1826 1803
f 1801 1824 1825
f 1801 1825 1802
f 1800 1822 1824
f 1800 1824 1801
f 1799 1798 1820
f 1799 1820 1821
f 1798 1797 1819
f 1798 1819 1820
f 1796 1804 1827
f 1796 1827 1818
f 1795 1796 1818
f 1795 1818 1817
f 1794 1795 1817
f 1794 1817 1813
f 1805 1799 1821
f 1805 1821 1823
f 1800 1809 1831
f 1800 1831 1822
f 1842 1843 1823
f 1842 1823 1821
f 1838 1827 1826
f 1838 1826 1839
f 1839 1826 1825
f 1839 1825 1840
f 1790 1787 1834
f 1790 1834 1814
f 1789 1833 1834
f 1789 1834 1787
f 1786 1812 1833
f 1786 1833 1789
f 1814 1834 1833
f 1814 1833 1815
f 1815 1833 1812
f 1815 1812 1816
f 1810 1811 1816
f 1810 1816 1812
f 1810 1835 1832
f 1810 1832 1811
f 1840 1825 1824
f 1830 1824 1822
f 1830 1822 1831
f 1844 1839 1840
f 1844 1840 1845
f 1843 1838 1839
f 1843 1839 1844
f 1818 1827 1838
f 1818 1838 1837
f 1841 1836 1837
f 1841 1837 1842
f 1813 1817 1836
f 1813 1836 1835
f 1845 1840 1824
f 1845 1824 1830
f 1828 1844 1845
f 1828 1845 1829
f 1823 1843 1844
f 1823 1844 1828
f 1837 1838 1843
f 1837 1843 1842
f 1820 1841 1842
f 1820 1842 1821
f 1835 1836 1841
f 1835 1841 1832
f 1829 1845 1830
f 416 415 1791
f 416 1791 1785
f 1784 1786 396
f 1784 396 397
f 1768 1792 414
f 1769 395 1788
f 1853 1858 1900
f 1853 1900 1896
f 1857 1856 1898
f 1857 1898 1899
f 1031 864 863
f 1031 863 1030
f 999 998 761
f 999 761 769
f 1522 769 761
f 1522 761 1523
f 1853 1474 1858
f 1474 1855 1858
f 1860 1519 1892
f 1860 1892 1882
f 762 768 767
f 762 767 760
f 1009 832 865
f 1009 865 1008
f 795 802 1917
f 795 1917 1916
f 1861 1518 1886
f 1861 1886 1883
f 976 954 830
f 976 830 831
f 1865 1862 1890
f 1865 1890 1903
f 788 795 1916
f 788 1916 1915
f 1848 1854 825
f 1848 825 818
f 1847 1918 1863
f 1847 1863 956
f 2069 1432 2077
f 1853 1856 1521
f 1853 1521 1522
f 1851 1859 811
f 1851 811 804
f 1865 1518 863
f 1519 1860 797
f 1519 797 790
f 1846 1849 1889
f 1846 1889 1894
f 1474 1475 1866
f 1857 1519 1520
f 767 774 1911
f 767 1911 1913
f 1846 1862 864
f 1846 864 865
f 1854 1849 832
f 1854 832 825
f 1518 1865 1903
f 1518 1903 1886
f 640 766 762
f 640 762 623
f 1860 1851 804
f 1860 804 797
f 1858 1855 1897
f 1858 1897 1900
f 1849 1846 865
f 1849 865 832
f 1859 1851 1877
f 1859 1877 1876
f 1851 1860 1882
f 1851 1882 1877
f 1859 1848 818
f 1859 818 811
f 1890 1894 1950
f 1886 1903 1890
f 1886 1890 1891
f 1911 1954 1963
f 1911 1963 1913
f 1915 1944 1947
f 1915 1947 1914
f 1917 1870 1943
f 1917 1943 1916
f 1906 1872 1873
f 1906 1873 1905
f 1943 1870 1989
f 1943 1989 1996
f 1944 1943 1996
f 1944 1996 1997
f 1955 1941 1993
f 1955 1993 1992
f 2117 1872 1906
f 2117 1906 2119
f 1870 1956 1981
f 1870 1981 1989
f 1872 1959 1956
f 1872 1956 1873
f 1940 1962 2007
f 1940 2007 1985
f 1959 1951 1991
f 1959 1991 1971
f 1881 1951 2117
f 1870 1917 1905
f 1870 1905 1873
f 1946 1958 1977
f 1946 1977 1976
f 1907 2098 2112
f 1907 2112 2107
f 1960 1964 2008
f 1960 2008 1984
f 1951 1953 1986
f 1951 1986 1991
f 1964 1869 1995
f 1964 1995 2008
f 1952 1948 2003
f 1952 2003 2004
f 1956 1959 1971
f 1956 1971 1981
f 1949 1963 2000
f 1949 2000 2001
f 1942 1961 2006
f 1942 2006 2002
f 1957 1952 2004
f 1957 2004 2005
f 1963 1954 1999
f 1963 1999 2000
f 1945 1949 2001
f 1945 2001 2010
f 1869 1950 1994
f 1869 1994 1995
f 1958 1940 1985
f 1958 1985 1977
f 1881 1960 1953
f 1875 1891 1869
f 1875 1869 1868
f 2088 1875 1868
f 2088 1868 2118
f 1961 1966 2011
f 1961 2011 2006
f 1939 1946 1976
f 1939 1976 1968
f 1953 1960 1984
f 1953 1984 1986
f 1868 1881 2116
f 1868 2116 2118
f 2091 1884 1875
f 2091 1875 2088
f 1884 1886 1891
f 1884 1891 1875
f 1896 1900 1880
f 1888 1883 1884
f 1888 1884 2091
f 2090 1888 2091
f 1900 1897 1942
f 1900 1942 1880
f 1883 1886 1884
f 1899 1898 1948
f 1899 1948 1952
f 2093 1918 2094
f 2083 1912 1967
f 760 767 1913
f 760 1913 1912
f 802 809 1905
f 802 1905 1917
f 954 955 2093
f 954 2093 2121
f 816 823 2119
f 816 2119 1906
f 830 954 2121
f 830 2121 2120
f 823 830 2120
f 823 2120 2119
f 955 1863 1918
f 955 1918 2093
f 774 781 1914
f 774 1914 1911
f 781 788 1915
f 781 1915 1914
f 1864 2083 1967
f 1864 1967 1902
f 977 978 1863
f 977 1863 955
f 159 160 1928
f 159 1928 1927
f 699 156 1924
f 699 1924 1932
f 702 698 1931
f 702 1931 1935
f 704 703 1936
f 704 1936 1937
f 152 157 1925
f 152 1925 1920
f 697 701 1934
f 697 1934 1930
f 151 152 1920
f 151 1920 1919
f 703 702 1935
f 703 1935 1936
f 705 704 1937
f 705 1937 1938
f 154 155 1923
f 154 1923 1922
f 700 699 1932
f 700 1932 1933
f 161 705 1938
f 161 1938 1929
f 155 151 1919
f 155 1919 1923
f 160 161 1929
f 160 1929 1928
f 156 153 1921
f 156 1921 1924
f 157 158 1926
f 157 1926 1925
f 153 154 1922
f 153 1922 1921
f 158 159 1927
f 158 1927 1926
f 701 700 1933
f 701 1933 1934
f 698 697 1930
f 698 1930 1931
f 1966 1945 2010
f 1966 2010 2011
f 1880 1948 1898
f 1880 1898 1896
f 1880 1942 2002
f 1880 2002 1983
f 1940 1958 1877
f 1940 1877 1882
f 1948 1880 1983
f 1948 1983 2003
f 1942 1897 1904
f 1950 1965 2009
f 1950 2009 1994
f 1868 1869 1964
f 1951 1959 1872
f 1951 1872 2117
f 1956 1870 1873
f 1943 1944 1915
f 1943 1915 1916
f 1947 1954 1911
f 1947 1911 1914
f 1965 1950 1894
f 1967 1945 1966
f 1967 1966 1902
f 1962 1957 2005
f 1962 2005 2007
f 1952 1957 1892
f 1952 1892 1899
f 1963 1949 1912
f 1963 1912 1913
f 1947 1944 1997
f 1947 1997 1998
f 1965 1955 1992
f 1965 1992 2009
f 1958 1946 1876
f 1958 1876 1877
f 1962 1940 1882
f 1962 1882 1892
f 1941 1955 1889
f 1941 1889 1893
f 1941 1939 1968
f 1941 1968 1993
f 1939 1941 1893
f 1939 1893 1871
f 1957 1962 1892
f 1954 1947 1998
f 1954 1998 1999
f 1946 1939 1871
f 1946 1871 1876
f 1912 1949 1945
f 1912 1945 1967
f 1852 1864 1902
f 1852 1902 1895
f 1902 1966 1961
f 1902 1961 1895
f 1978 1977 1985
f 1978 1985 1979
f 2013 2012 2034
f 2013 2034 2038
f 2022 2017 2028
f 2022 2028 2039
f 1973 2026 2024
f 1973 2024 1975
f 1989 2023 2014
f 1989 2014 1990
f 1972 1971 1991
f 1972 1991 1987
f 2014 2023 2035
f 2014 2035 2036
f 1974 2025 2049
f 1974 2049 2032
f 2008 1995 2041
f 2008 2041 2042
f 1982 2003 1983
f 1970 1978 2021
f 1970 1976 1977
f 1970 1977 1978
f 1974 2005 2004
f 1974 2004 1980
f 1990 1973 1997
f 1990 1997 1996
f 2024 2026 2031
f 2024 2031 2048
f 2017 1970 2030
f 2017 2030 2028
f 2005 1974 2015
f 1979 1985 2007
f 1972 2013 1969
f 1980 1982 2020
f 1980 2020 2025
f 2020 2018 2046
f 1998 1997 1973
f 1998 1973 1975
f 1984 2016 2012
f 2000 1999 2019
f 1981 1971 1972
f 1981 1972 1969
f 2004 2003 1982
f 2004 1982 1980
f 1991 1986 1987
f 1996 1989 1990
f 2087 2001 2000
f 2087 2000 1988
f 2012 2013 1972
f 2012 1972 1987
f 2023 1989 1981
f 2023 1981 1969
f 1992 2022 2039
f 1992 2039 2037
f 2014 2026 1973
f 2014 1973 1990
f 2025 2020 2046
f 2025 2046 2049
f 2012 2016 2033
f 2012 2033 2034
f 2027 2390 2045
f 2024 2390 2391
f 2024 2391 1975
f 2016 2008 2042
f 2016 2042 2033
f 1994 2009 2043
f 1994 2043 2040
f 1970 2017 1968
f 1970 1968 1976
f 1969 2013 2038
f 1969 2038 2029
f 2025 1974 1980
f 2017 2022 1993
f 2017 1993 1968
f 2015 2021 1978
f 2015 1978 1979
f 2008 2016 1984
f 2022 1992 1993
f 2009 1992 2037
f 2009 2037 2043
f 1982 1983 2086
f 2038 2028 2030
f 2038 2030 2029
f 2034 2033 2037
f 2034 2037 2039
f 2038 2034 2039
f 2038 2039 2028
f 2035 2029 2030
f 2035 2030 2047
f 2033 2042 2043
f 2033 2043 2037
f 2036 2035 2047
f 2036 2047 2044
f 2031 2036 2044
f 2031 2044 2032
f 2042 2041 2040
f 2042 2040 2043
f 2049 2046 2045
f 2049 2045 2048
f 2018 2392 2006
f 2018 2006 2011
f 2048 2031 2032
f 2048 2032 2049
f 2027 2045 2046
f 2027 2046 2018
f 2021 2015 2044
f 2021 2044 2047
f 2023 1969 2029
f 2023 2029 2035
f 1970 2021 2047
f 1970 2047 2030
f 2026 2014 2036
f 2026 2036 2031
f 1995 1994 2040
f 1995 2040 2041
f 2015 1974 2032
f 2015 2032 2044
f 2027 2018 2011
f 2027 2011 2010
f 2051 2059 2061
f 2051 2061 2052
f 2052 2061 2060
f 2052 2060 2050
f 2059 2062 2064
f 2059 2064 2061
f 2061 2064 2063
f 2061 2063 2060
f 2050 2066 2067
f 2050 2067 2052
f 2052 2067 2065
f 2052 2065 2051
f 2054 2057 2058
f 2054 2058 2055
f 2055 2058 2056
f 2055 2056 2053
f 2053 2063 2064
f 2053 2064 2055
f 2055 2064 2062
f 2055 2062 2054
f 2050 2060 1247
f 2071 2074 673
f 2071 673 674
f 2069 2077 2079
f 2069 2079 2070
f 2070 2079 2078
f 2070 2078 2068
f 2072 2075 2076
f 2072 2076 2073
f 2073 2076 2074
f 2073 2074 2071
f 2071 2080 2082
f 2071 2082 2073
f 2073 2082 2081
f 2073 2081 2072
f 2077 2081 2082
f 2077 2082 2079
f 2079 2082 2080
f 2079 2080 2078
f 2068 2084 2085
f 2068 2085 2070
f 2070 2085 2083
f 2070 2083 2069
f 2083 1864 2069
f 2000 2019 1988
f 2001 2087 2027
f 2001 2027 2010
f 1983 2002 2086
f 1988 2019 2391
f 2018 2020 1982
f 2018 1982 2392
f 2060 1318 1247
f 2063 1390 1318
f 2053 2056 1390
f 2077 1432 1476
f 2081 1476 1526
f 2072 1526 2075
f 2101 2088 2118
f 2100 2090 2091
f 2099 2091 2088
f 2098 1907 2121
f 2097 2118 2121
f 2096 1908 2093
f 2095 2094 2090
f 1878 2100 2114
f 1878 2114 2104
f 1879 2099 2113
f 1879 2113 2105
f 2098 1908 2108
f 2098 2108 2112
f 1874 2101 2115
f 1874 2115 2103
f 2100 1879 2105
f 2100 2105 2114
f 2097 1907 2107
f 2097 2107 2111
f 2099 1874 2103
f 2099 2103 2113
f 1867 2097 2111
f 1867 2111 2102
f 2096 1901 2106
f 2096 2106 2110
f 2095 1878 2104
f 2095 2104 2109
f 1901 2095 2109
f 1901 2109 2106
f 1908 2096 2110
f 1908 2110 2108
f 2101 1867 2102
f 2101 2102 2115
f 2110 2106 2108
f 2112 2108 2106
f 2112 2106 2109
f 2109 2104 2107
f 2109 2107 2112
f 2111 2107 2104
f 2111 2104 2114
f 2102 2111 2114
f 2102 2114 2105
f 2115 2102 2105
f 2115 2105 2113
f 2113 2103 2115
f 2124 1910 2133
f 2124 2133 2132
f 2122 2116 2117
f 2123 2118 2116
f 2124 2119 2120
f 2125 2120 2121
f 2126 2121 2118
f 2127 2117 2119
f 2133 2134 2132
f 2092 2126 2135
f 2092 2135 2139
f 2089 2123 2130
f 2089 2130 2136
f 1910 2125 2134
f 1910 2134 2133
f 2127 1909 2138
f 2127 2138 2137
f 2122 1887 2129
f 2122 2129 2128
f 1909 2124 2132
f 1909 2132 2138
f 2126 2089 2136
f 2126 2136 2135
f 2123 1885 2131
f 2123 2131 2130
f 2125 2092 2139
f 2125 2139 2134
f 1887 2127 2137
f 1887 2137 2129
f 1885 2122 2128
f 1885 2128 2131
f 2132 2134 2139
f 2132 2139 2138
f 2135 2137 2138
f 2135 2138 2139
f 2136 2129 2137
f 2136 2137 2135
f 2128 2129 2136
f 2128 2136 2130
f 2130 2131 2128
f 122 555 119
f 555 556 61
f 119 555 61
f 4 2056 121
f 2056 2058 2057
f 123 2056 2057
f 1725 419 1726
f 419 439 1726
f 1719 400 1756
f 400 419 1765
f 419 1725 1765
f 1752 1761 1726
f 1726 438 437
f 548 555 562
f 555 122 121
f 121 123 562
f 1042 1041 61
f 1041 672 669
f 669 61 1041
f 673 2074 2075
f 2074 2076 2075
f 2075 571 671
f 762 760 2084
f 2084 2068 623
f 1048 673 671
f 671 672 1041
f 1041 1032 1048
f 230 2065 2066
f 2065 2067 2066
f 2066 1246 1245
f 38 40 1319
f 1319 25 37
f 956 957 1847
f 957 1431 1847
f 601 599 1477
f 599 598 1477
f 2085 2084 1912
f 2084 760 1912
f 1585 1586 1568
f 1568 1572 1585
f 1587 1588 1569
f 1569 1574 1587
f 1584 1576 1571
f 1571 1567 1584
f 1590 1577 1573
f 1573 1570 1590
f 1625 1614 82
f 1614 1616 1615
f 82 1614 641
f 1615 641 1614
f 82 91 1606
f 91 1605 1606
f 1620 1625 82
f 1607 1606 1605
f 1606 1623 82
f 1624 1608 204
f 1608 1610 1609
f 204 1608 193
f 1609 193 1608
f 204 733 1618
f 733 1617 1618
f 1621 1624 204
f 1619 1618 1617
f 1618 1627 204
f 380 381 1718
f 381 400 1718
f 379 380 1718
f 1718 1760 1739
f 1853 1522 1474
f 1522 1523 1474
f 864 1862 863
f 1862 1865 863
f 1432 1852 1475
f 1852 1866 1475
f 1866 1855 1474
f 1869 1891 1950
f 1891 1890 1950
f 2117 2116 1881
f 1881 1953 1951
f 1895 1961 1904
f 1961 1942 1904
f 1964 1960 1868
f 1960 1881 1868
f 1889 1955 1894
f 1955 1965 1894
f 2015 1979 2007
f 2007 2005 2015
f 1987 1986 2012
f 1986 1984 2012
f 1864 1852 1432
f 1864 1432 2069
f 2118 1867 2101
f 2101 1874 2088
f 2091 1879 2100
f 2100 1878 2090
f 2088 1874 2099
f 2099 1879 2091
f 2093 1908 2121
f 1908 2098 2121
f 2121 1907 2097
f 2097 1867 2118
f 2094 1901 2093
f 1901 2096 2093
f 2090 1878 2095
f 2095 1901 2094
f 2117 1887 2122
f 2122 1885 2116
f 2116 1885 2123
f 2123 2089 2118
f 2120 1910 2124
f 2124 1909 2119
f 2121 2092 2125
f 2125 1910 2120
f 2118 2089 2126
f 2126 2092 2121
f 2119 1909 2127
f 2127 1887 2117
f 1754 1705 2145
f 1702 1707 2147
f 1702 2147 2140
f 1705 1774 2155
f 1705 2155 2145
f 1701 1709 2148
f 1701 2148 1697
f 1708 1755 2154
f 1711 1754 2145
f 1711 2145 2150
f 1755 1702 2140
f 1755 2140 2154
f 1774 1775 2156
f 1774 2156 2155
f 1703 1710 2149
f 1703 2149 2141
f 2317 1712 2151
f 2317 2151 2144
f 1709 1706 2146
f 1709 2146 2148
f 1704 1711 2150
f 1704 2150 2142
f 1712 1704 2142
f 1712 2142 2151
f 1706 1713 2152
f 1706 2152 2146
f 1775 1708 2154
f 1775 2154 2156
f 1710 2376 2143
f 1710 2143 2149
f 1713 1703 2141
f 1713 2141 2152
f 1699 1714 2153
f 1699 2153 1715
f 2146 2152 2164
f 2146 2164 2161
f 2148 2146 2161
f 2148 2161 2162
f 2152 2141 2159
f 2152 2159 2164
f 1697 2148 2162
f 1697 2162 2157
f 2149 2143 2160
f 2149 2160 2163
f 1715 2153 2165
f 1715 2165 2158
f 2153 1697 2157
f 2153 2157 2165
f 2141 2149 2163
f 2141 2163 2159
f 2144 2202 2181
f 2144 2181 2277
f 2147 1698 2205
f 2147 2205 2200
f 2288 2170 2185
f 2288 2185 2273
f 2287 2171 2177
f 2287 2177 2281
f 2281 2177 2190
f 2281 2190 2268
f 2289 2282 2176
f 2289 2176 2169
f 2282 2266 2192
f 2282 2192 2176
f 2155 2156 2195
f 2155 2195 2196
f 2144 2151 2198
f 2144 2198 2202
f 2140 2147 2200
f 2140 2200 2204
f 2235 2232 2228
f 2235 2228 2236
f 2237 2238 2217
f 2237 2217 2206
f 2239 2234 2230
f 2239 2230 2240
f 2241 2242 2223
f 2241 2223 2220
f 2243 2233 2227
f 2243 2227 2244
f 2239 2245 2221
f 2239 2221 2234
f 2246 2207 2214
f 2246 2214 2247
f 2236 2228 2160
f 2236 2160 2143
f 2238 2248 2222
f 2238 2222 2217
f 2249 2211 2207
f 2249 2207 2246
f 2240 2230 2233
f 2240 2233 2243
f 2242 2250 2219
f 2242 2219 2223
f 2251 2213 2209
f 2251 2209 2252
f 2253 2237 2206
f 2253 2206 2218
f 2248 2241 2220
f 2248 2220 2222
f 2250 2252 2209
f 2250 2209 2219
f 2244 2227 2225
f 2244 2225 2254
f 2255 2212 2208
f 2255 2208 2256
f 2245 2257 2224
f 2245 2224 2221
f 2256 2208 2213
f 2256 2213 2251
f 2257 2253 2218
f 2257 2218 2224
f 2258 2215 2210
f 2258 2210 2259
f 2260 2231 2229
f 2260 2229 2261
f 2262 2216 2215
f 2262 2215 2258
f 2254 2225 2226
f 2254 2226 2263
f 2259 2210 2212
f 2259 2212 2255
f 2261 2229 2232
f 2261 2232 2235
f 2247 2214 2216
f 2247 2216 2262
f 2263 2226 2231
f 2263 2231 2260
f 1715 2158 2211
f 1715 2211 2249
f 2349 1715 2249
f 2349 2249 2383
f 2365 2263 2260
f 2365 2260 2388
f 2356 2247 2262
f 2356 2262 2389
f 2364 2261 2235
f 2364 2235 2377
f 2363 2259 2255
f 2363 2255 2386
f 2360 2254 2263
f 2360 2263 2365
f 2389 2262 2258
f 2389 2258 2387
f 2388 2260 2261
f 2388 2261 2364
f 2387 2258 2259
f 2387 2259 2363
f 2362 2385 2253
f 2362 2253 2257
f 2361 2256 2251
f 2361 2251 2384
f 2355 2362 2257
f 2355 2257 2245
f 2386 2255 2256
f 2386 2256 2361
f 2354 2244 2254
f 2354 2254 2360
f 2358 2359 2252
f 2358 2252 2250
f 2357 2380 2241
f 2357 2241 2248
f 2385 2378 2237
f 2385 2237 2253
f 2384 2251 2252
f 2384 2252 2359
f 2353 2358 2250
f 2353 2250 2242
f 2352 2240 2243
f 2352 2243 2381
f 2383 2249 2246
f 2383 2246 2382
f 2351 2357 2248
f 2351 2248 2238
f 2350 2236 2143
f 2350 2143 2376
f 2382 2246 2247
f 2382 2247 2356
f 2379 2355 2245
f 2379 2245 2239
f 2381 2243 2244
f 2381 2244 2354
f 2380 2353 2242
f 2380 2242 2241
f 2379 2239 2240
f 2379 2240 2352
f 2378 2351 2238
f 2378 2238 2237
f 2377 2235 2236
f 2377 2236 2350
f 2284 2278 2180
f 2284 2180 2174
f 2279 2179 2192
f 2279 2192 2266
f 2272 2289 2169
f 2272 2169 2186
f 2268 2190 2179
f 2268 2179 2279
f 2291 2167 2183
f 2291 2183 2275
f 2150 2145 2201
f 2150 2201 2199
f 2145 2155 2196
f 2145 2196 2201
f 2280 2267 2191
f 2280 2191 2178
f 2273 2185 2168
f 2273 2168 2290
f 2154 2140 2204
f 2154 2204 2197
f 2283 2175 2189
f 2283 2189 2269
f 2156 2154 2197
f 2156 2197 2195
f 2267 2284 2174
f 2267 2174 2191
f 2286 2285 2173
f 2286 2173 2172
f 2292 2166 2171
f 2292 2171 2287
f 2276 2182 2175
f 2276 2175 2283
f 2274 2184 2182
f 2274 2182 2276
f 2275 2183 2166
f 2275 2166 2292
f 2151 2142 2203
f 2151 2203 2198
f 2278 2265 2193
f 2278 2193 2180
f 2285 2280 2178
f 2285 2178 2173
f 2277 2181 2194
f 2277 2194 2264
f 2290 2168 2184
f 2290 2184 2274
f 2286 2172 2187
f 2286 2187 2271
f 2269 2189 2188
f 2269 2188 2270
f 2265 2272 2186
f 2265 2186 2193
f 2270 2188 2205
f 2270 2205 1698
f 2264 2194 2167
f 2264 2167 2291
f 2142 2150 2199
f 2142 2199 2203
f 2271 2187 2170
f 2271 2170 2288
f 1700 2318 1698
f 1699 2349 2318
f 1699 2318 1700
f 2264 2335 2319
f 2264 2319 2277
f 2265 2278 2320
f 2265 2320 2336
f 2266 2337 2321
f 2266 2321 2279
f 2267 2280 2322
f 2267 2322 2338
f 2268 2339 2323
f 2268 2323 2281
f 2266 2282 2324
f 2266 2324 2337
f 2269 2340 2325
f 2269 2325 2283
f 2277 2319 2317
f 2277 2317 2144
f 2278 2284 2326
f 2278 2326 2320
f 2270 2341 2340
f 2270 2340 2269
f 2279 2321 2339
f 2279 2339 2268
f 2280 2285 2327
f 2280 2327 2322
f 2271 2342 2328
f 2271 2328 2286
f 2272 2265 2336
f 2272 2336 2343
f 2284 2267 2338
f 2284 2338 2326
f 2285 2286 2328
f 2285 2328 2327
f 2281 2323 2329
f 2281 2329 2287
f 2273 2344 2330
f 2273 2330 2288
f 2282 2289 2331
f 2282 2331 2324
f 2288 2330 2342
f 2288 2342 2271
f 2289 2272 2343
f 2289 2343 2331
f 2274 2345 2332
f 2274 2332 2290
f 2275 2346 2333
f 2275 2333 2291
f 2276 2347 2345
f 2276 2345 2274
f 2287 2329 2334
f 2287 2334 2292
f 2290 2332 2344
f 2290 2344 2273
f 2291 2333 2335
f 2291 2335 2264
f 2283 2325 2347
f 2283 2347 2276
f 2292 2334 2346
f 2292 2346 2275
f 1698 2318 2341
f 1698 2341 2270
f 2375 2315 2317
f 2375 2317 2376
f 526 329 2310
f 526 2310 2293
f 328 526 2293
f 328 2293 2299
f 1010 2305 2310
f 1010 2310 329
f 1663 2295 2297
f 1663 2297 840
f 840 2297 2300
f 840 2300 841
f 841 2300 2301
f 841 2301 842
f 842 2301 2303
f 842 2303 843
f 843 2303 2307
f 843 2307 838
f 839 2312 2305
f 839 2305 1010
f 1639 2313 2316
f 2315 2314 327
f 1691 2313 2311
f 1691 2311 2372
f 327 2314 2295
f 327 2295 1663
f 1690 1688 2302
f 1690 2302 2304
f 1693 1690 2304
f 1693 2304 2308
f 2367 1693 2308
f 2367 2308 2296
f 1694 2309 2306
f 1694 2306 2370
f 1683 2294 2309
f 1683 2309 1694
f 1684 2298 2294
f 1684 2294 1683
f 2367 2296 2307
f 2367 2307 1692
f 1688 2373 2312
f 1688 2312 2302
f 1684 2372 2311
f 1684 2311 2298
f 2370 2306 2299
f 2370 2299 1685
f 1699 1715 2349
f 2335 2377 2350
f 2335 2350 2319
f 2336 2320 2351
f 2336 2351 2378
f 2337 2379 2352
f 2337 2352 2321
f 2338 2322 2353
f 2338 2353 2380
f 2339 2381 2354
f 2339 2354 2323
f 2337 2324 2355
f 2337 2355 2379
f 2340 2382 2356
f 2340 2356 2325
f 2319 2350 2376
f 2319 2376 2317
f 2320 2326 2357
f 2320 2357 2351
f 2341 2383 2382
f 2341 2382 2340
f 2321 2352 2381
f 2321 2381 2339
f 2322 2327 2358
f 2322 2358 2353
f 2342 2384 2359
f 2342 2359 2328
f 2343 2336 2378
f 2343 2378 2385
f 2326 2338 2380
f 2326 2380 2357
f 2327 2328 2359
f 2327 2359 2358
f 2323 2354 2360
f 2323 2360 2329
f 2344 2386 2361
f 2344 2361 2330
f 2324 2331 2362
f 2324 2362 2355
f 2330 2361 2384
f 2330 2384 2342
f 2331 2343 2385
f 2331 2385 2362
f 2345 2387 2363
f 2345 2363 2332
f 2346 2388 2364
f 2346 2364 2333
f 2347 2389 2387
f 2347 2387 2345
f 2329 2360 2365
f 2329 2365 2334
f 2332 2363 2386
f 2332 2386 2344
f 2333 2364 2377
f 2333 2377 2335
f 2325 2356 2389
f 2325 2389 2347
f 2334 2365 2388
f 2334 2388 2346
f 2318 2349 2383
f 2318 2383 2341
f 2316 2348 1699
f 2316 1699 1700
f 2293 2310 2371
f 2293 2371 1682
f 2299 2293 1682
f 2299 1682 1685
f 2305 2369 2371
f 2305 2371 2310
f 2295 2366 2368
f 2295 2368 2297
f 2297 2368 1686
f 2297 1686 2300
f 2300 1686 1687
f 2300 1687 2301
f 2301 1687 1689
f 2301 1689 2303
f 2303 1689 1692
f 2303 1692 2307
f 2312 2373 2369
f 2312 2369 2305
f 2313 1691 2348
f 2313 2348 2316
f 2315 2375 2374
f 2315 2374 2314
f 2314 2374 2366
f 2314 2366 2295
f 2203 2202 2198
f 2181 2202 2203
f 2181 2203 2199
f 2201 2194 2181
f 2201 2181 2199
f 2167 2194 2201
f 2167 2201 2196
f 2183 2167 2196
f 2183 2196 2195
f 2166 2183 2195
f 2166 2195 2197
f 2204 2171 2166
f 2204 2166 2197
f 2171 2204 2200
f 2171 2200 2177
f 2205 2190 2177
f 2205 2177 2200
f 2188 2179 2190
f 2188 2190 2205
f 2179 2188 2189
f 2179 2189 2192
f 2192 2189 2175
f 2192 2175 2176
f 2175 2182 2169
f 2175 2169 2176
f 2182 2184 2186
f 2182 2186 2169
f 2186 2184 2168
f 2186 2168 2193
f 2193 2168 2185
f 2193 2185 2180
f 2185 2170 2174
f 2185 2174 2180
f 2174 2170 2187
f 2174 2187 2191
f 2191 2187 2172
f 2191 2172 2178
f 2172 2173 2178
f 1923 2157 2162
f 1919 2157 1923
f 1919 2158 2165
f 1920 2158 1919
f 1920 2207 2211
f 1925 2207 1920
f 1925 2216 2214
f 1926 2216 1925
f 1926 2210 2215
f 1927 2210 1926
f 1927 2208 2212
f 1928 2208 1927
f 1928 2209 2213
f 1929 2209 1928
f 1929 2223 2219
f 1938 2223 1929
f 1938 2222 2220
f 1937 2222 1938
f 1937 2206 2217
f 2206 1937 2218
f 1936 2224 2218
f 2224 1936 2221
f 1935 2234 2221
f 2234 1935 2230
f 1931 2233 2230
f 1930 2227 2233
f 1930 2225 2227
f 1934 2226 2225
f 1934 2231 2226
f 1933 2229 2231
f 1933 2232 2229
f 1932 2228 2232
f 1924 2228 1932
f 1924 2163 2160
f 1921 2163 1924
f 1921 2164 2159
f 1922 2164 1921
f 1923 2161 1922
f 1919 2165 2157
f 1920 2211 2158
f 1925 2214 2207
f 1926 2215 2216
f 1927 2212 2210
f 1928 2213 2208
f 1929 2219 2209
f 1938 2220 2223
f 1937 2217 2222
f 1935 1931 2230
f 1937 1936 2218
f 1931 1930 2233
f 1930 1934 2225
f 1934 1933 2231
f 1933 1932 2232
f 1924 2160 2228
f 1921 2159 2163
f 1922 2161 2164
f 1923 2162 2161
f 1936 1935 2221
f 35 31 40
f 7 31 12
f 12 41 16
f 596 601 592
f 574 579 592
f 604 595 603
f 613 603 612
f 33 34 38
f 43 42 34
f 1433 597 1477
f 40 36 1319
f 2391 1999 1998
f 2391 1998 1975
f 2045 2390 2024
f 2045 2024 2048
f 2391 2390 2027
f 2006 2392 2393
f 2006 2393 2002
f 2002 2393 2086
f 2392 1982 2086
f 2392 2086 2393
f 2019 1999 2391
f 2391 2027 2087
f 2087 1988 2391
f 2484 2567 2733
f 2484 2733 2729
f 2544 2488 2523
f 2544 2523 2564
f 2579 2404 2507
f 2579 2507 2588
f 2586 2506 2401
f 2586 2401 2578
f 2570 2400 2504
f 2570 2504 2583
f 2437 2817 2818
f 2437 2818 2438
f 2808 2833 2880
f 2808 2880 2853
f 2576 2394 2521
f 2576 2521 2589
f 2554 2489 2519
f 2554 2519 2561
f 2563 2518 2495
f 2563 2495 2525
f 2448 2813 2831
f 2448 2450 2823
f 2448 2823 2813
f 2450 2533 2666
f 2450 2666 2655
f 2656 2667 2530
f 2656 2530 2452
f 2454 2835 2836
f 3950 2555 2543
f 3950 2543 3947
f 3968 3071 2555
f 3968 2555 3950
f 2452 2456 2457
f 2452 2457 2453
f 2456 2458 2459
f 2456 2459 2457
f 2764 2460 2461
f 2764 2461 2761
f 2502 2462 2463
f 2502 2463 2501
f 2462 2417 2763
f 2462 2763 2760
f 2603 2604 2468
f 2603 2468 2466
f 2604 2605 2470
f 2604 2470 2468
f 2605 2606 2472
f 2605 2472 2470
f 2755 2607 2474
f 2755 2474 2753
f 2607 2608 2476
f 2607 2476 2474
f 2608 2609 2478
f 2608 2478 2476
f 2609 2610 2480
f 2609 2480 2478
f 2610 2611 2482
f 2610 2482 2480
f 2632 2619 2613
f 2632 2613 2626
f 2724 2716 2399
f 2724 2399 2567
f 3145 2405 2407
f 3145 2407 3155
f 3136 2430 2432
f 3136 2432 3142
f 2575 2411 2410
f 2575 2410 2569
f 2714 2706 2400
f 2714 2400 2570
f 3142 2432 2434
f 3142 2434 3147
f 3069 3067 2412
f 3069 2412 2571
f 2713 2705 2402
f 2713 2402 2572
f 2655 2816 2830
f 2571 2412 2411
f 2571 2411 2575
f 2572 2402 2396
f 2572 2396 2573
f 2673 2769 2768
f 2673 2768 2671
f 2510 2446 2804
f 2510 2804 2819
f 3149 2420 2422
f 3149 2422 3156
f 3161 2409 3232
f 3161 3232 3235
f 2618 2600 2404
f 2618 2404 2579
f 3156 2422 2424
f 3156 2424 3159
f 2581 2408 2406
f 2581 2406 2580
f 3133 2752 2426
f 3133 2426 3132
f 2569 2410 2651
f 2569 2651 2681
f 2582 2395 2394
f 2582 2394 2576
f 3132 2426 2428
f 3132 2428 3134
f 4162 4161 2397
f 4162 2397 2574
f 2768 2767 2541
f 2768 2541 2671
f 2656 2452 2812
f 2656 2812 2805
f 3134 2428 2430
f 3134 2430 3136
f 2723 2715 2395
f 2723 2395 2582
f 2682 2650 2408
f 2682 2408 2581
f 2722 2719 2499
f 2722 2499 2550
f 2667 2686 2595
f 2667 2595 2530
f 4163 4165 2483
f 4163 2483 2542
f 2550 2499 2488
f 2550 2488 2544
f 2553 2487 2662
f 2553 2662 2676
f 2460 2416 2500
f 2460 2500 2502
f 2549 2498 2497
f 2549 2497 2548
f 2617 2614 2496
f 2617 2496 2547
f 2443 2509 2798
f 2443 2798 2814
f 2558 2516 2492
f 2558 2492 2546
f 2547 2496 2515
f 2547 2515 2560
f 2556 2493 2494
f 2556 2494 2557
f 2555 2491 2486
f 2555 2486 2543
f 2712 2708 2493
f 2712 2493 2556
f 3071 3068 2491
f 3071 2491 2555
f 3152 2637 2481
f 3152 2481 3147
f 2711 2710 2489
f 2711 2489 2554
f 2543 2486 2487
f 2543 2487 2553
f 2721 2720 2484
f 2721 2484 2551
f 2460 2502 2501
f 2460 2501 2461
f 2567 2399 2726
f 2567 2726 2733
f 2485 2552 2732
f 2485 2732 2730
f 2552 2441 2727
f 2552 2727 2732
f 2551 2484 2729
f 2551 2729 2731
f 3128 2845 2902
f 3128 2902 2920
f 2800 2826 2870
f 2800 2870 2847
f 2558 2513 2514
f 2558 2514 2559
f 2559 2514 2512
f 2559 2512 2560
f 2583 2504 2505
f 2583 2505 2584
f 2584 2505 2503
f 2584 2503 2585
f 2586 2516 2517
f 2586 2517 2587
f 2587 2517 2515
f 2587 2515 2588
f 2561 2519 2520
f 2561 2520 2562
f 2562 2520 2518
f 2562 2518 2563
f 2522 2800 2828
f 2709 2810 2826
f 3043 2525 2526
f 3043 2526 3044
f 3145 3151 2436
f 3145 2436 2405
f 2660 2677 2549
f 2660 2549 2451
f 2456 2531 2532
f 2456 2532 2458
f 2452 2530 2531
f 2452 2531 2456
f 2594 2596 2535
f 2594 2535 2536
f 2566 2591 2629
f 2566 2629 2630
f 2448 3045 2533
f 2448 2533 2450
f 2537 2592 2529
f 2537 2529 2534
f 2686 2671 2541
f 2686 2541 2595
f 2597 2538 2539
f 2597 2539 2598
f 2595 2541 2538
f 2595 2538 2597
f 2593 2537 2534
f 2593 2534 2528
f 2594 2536 2540
f 2594 2540 2599
f 2511 2562 2563
f 2511 2563 2510
f 2509 2561 2562
f 2509 2562 2511
f 2517 2559 2560
f 2517 2560 2515
f 2516 2558 2559
f 2516 2559 2517
f 2568 2485 2730
f 2568 2730 2734
f 2718 2721 2551
f 2718 2551 2442
f 2482 2435 2433
f 2482 2433 2480
f 3944 2553 2676
f 3944 2676 3956
f 2468 2421 2419
f 2468 2419 2466
f 2709 2711 2554
f 2709 2554 2443
f 2455 3953 3969
f 2455 3969 3072
f 2707 2712 2556
f 2707 2556 2445
f 3072 3969 3949
f 3072 3949 3946
f 2445 2556 2557
f 2445 2557 2439
f 2470 2423 2421
f 2470 2421 2468
f 2447 2547 2560
f 2447 2560 2512
f 2513 2558 2546
f 2513 2546 2444
f 2472 2425 2423
f 2472 2423 2470
f 2753 2751 2425
f 2753 2425 2472
f 2601 2617 2547
f 2601 2547 2447
f 2476 2429 2427
f 2476 2427 2474
f 2451 2549 2548
f 2451 2548 2449
f 2502 2500 2417
f 2502 2417 2462
f 2478 2431 2429
f 2478 2429 2476
f 3070 3072 3946
f 3070 3946 3943
f 2438 2550 2544
f 2438 2544 2437
f 2757 2759 2418
f 2757 2418 2464
f 4164 4163 2542
f 4164 2542 2440
f 2661 2682 2581
f 2661 2581 2498
f 2480 2433 2431
f 2480 2431 2478
f 2717 2722 2550
f 2717 2550 2438
f 2510 2563 2525
f 2510 2525 2446
f 2443 2554 2561
f 2443 2561 2509
f 2437 2544 2564
f 2437 2564 2522
f 2442 2551 2731
f 2442 2731 2728
f 2590 2495 2518
f 2590 2518 2585
f 2525 2495 2566
f 2525 2566 2526
f 2590 2403 2565
f 2590 2565 2591
f 2612 2624 2631
f 2612 2631 2619
f 2619 2631 2628
f 2619 2628 2613
f 2495 2590 2591
f 2495 2591 2566
f 2403 2590 2585
f 2403 2585 2503
f 2508 2587 2588
f 2508 2588 2507
f 2506 2586 2587
f 2506 2587 2508
f 2520 2584 2585
f 2520 2585 2518
f 2519 2583 2584
f 2519 2584 2520
f 2398 2568 2734
f 2398 2734 2725
f 2441 2799 2809
f 2441 2809 2727
f 2719 2723 2582
f 2719 2582 2499
f 2677 2661 2498
f 2677 2498 2549
f 4165 4162 2574
f 4165 2574 2483
f 2499 2582 2576
f 2499 2576 2488
f 2487 2569 2681
f 2487 2681 2662
f 2498 2581 2580
f 2498 2580 2497
f 2614 2618 2579
f 2614 2579 2496
f 2493 2572 2573
f 2493 2573 2494
f 2491 2571 2575
f 2491 2575 2486
f 2708 2713 2572
f 2708 2572 2493
f 3068 3069 2571
f 3068 2571 2491
f 2710 2714 2570
f 2710 2570 2489
f 2486 2575 2569
f 2486 2569 2487
f 2720 2724 2567
f 2720 2567 2484
f 2488 2576 2589
f 2488 2589 2523
f 2489 2570 2583
f 2489 2583 2519
f 2516 2586 2578
f 2516 2578 2492
f 2496 2579 2588
f 2496 2588 2515
f 3045 2594 2599
f 3045 2599 2533
f 2465 2603 2537
f 2465 2537 2593
f 2530 2595 2597
f 2530 2597 2531
f 2531 2597 2598
f 2531 2598 2532
f 2599 2540 2672
f 2599 2672 2687
f 2533 2599 2687
f 2533 2687 2666
f 2603 2466 2592
f 2603 2592 2537
f 2526 2566 2630
f 2526 2630 2623
f 3045 3046 2596
f 3045 2596 2594
f 3044 2623 2624
f 2621 2633 2596
f 2621 2596 3046
f 2497 2580 2618
f 2497 2618 2614
f 2449 2548 2617
f 2449 2617 2601
f 2448 2602 3043
f 2448 3043 3045
f 2633 2625 2535
f 2633 2535 2596
f 2548 2497 2614
f 2548 2614 2617
f 2580 2406 2600
f 2580 2600 2618
f 2620 2612 2619
f 2620 2619 2632
f 2479 2481 2611
f 2479 2611 2610
f 2477 2479 2610
f 2477 2610 2609
f 2475 2477 2609
f 2475 2609 2608
f 2473 2475 2608
f 2473 2608 2607
f 2754 2473 2607
f 2754 2607 2755
f 2469 2471 2606
f 2469 2606 2605
f 2467 2469 2605
f 2467 2605 2604
f 2465 2467 2604
f 2465 2604 2603
f 2994 2993 2996
f 2994 2996 2995
f 2633 2621 2622
f 2633 2622 2634
f 2634 2622 2620
f 2634 2620 2632
f 2629 2628 2631
f 2629 2631 2630
f 2625 2633 2634
f 2625 2634 2627
f 2627 2634 2632
f 2627 2632 2626
f 2622 3044 2620
f 3151 2535 2625
f 3151 2625 3158
f 3158 2625 2638
f 3158 2638 3148
f 3148 2638 2637
f 3148 2637 3152
f 2591 2565 2640
f 2591 2640 2629
f 2642 2644 2435
f 2642 2435 2482
f 2629 2640 2643
f 2629 2643 2641
f 2641 2643 2644
f 2641 2644 2642
f 2611 2481 2637
f 2611 2637 2646
f 2482 2611 2646
f 2482 2646 2642
f 2642 2646 2645
f 2642 2645 2641
f 2637 2638 2645
f 2637 2645 2646
f 2613 2645 2638
f 2613 2638 2626
f 2628 2641 2645
f 2628 2645 2613
f 2629 2641 2628
f 2627 2626 2638
f 2833 2832 2879
f 2833 2879 2880
f 3965 2660 3125
f 3964 2832 3962
f 2679 3961 3958
f 2679 3958 2678
f 3123 2879 3964
f 3962 2832 2808
f 3962 2808 2821
f 3962 2821 3959
f 3959 2821 2806
f 3959 2806 3955
f 2682 2661 2663
f 2682 2663 2685
f 2685 2663 2664
f 2685 2664 2684
f 2684 2664 2665
f 2684 2665 2683
f 2683 2665 2662
f 2683 2662 2681
f 2766 2538 2541
f 2766 2541 2767
f 3138 3140 3167
f 3138 3167 3165
f 2655 2666 2668
f 2655 2668 2657
f 2657 2668 2669
f 2657 2669 2658
f 2658 2669 2670
f 2658 2670 2659
f 2659 2670 2667
f 2659 2667 2656
f 2687 2672 2675
f 2687 2675 2690
f 2690 2675 2674
f 2690 2674 2689
f 2689 2674 2673
f 2689 2673 2688
f 2688 2673 2671
f 2688 2671 2686
f 2661 2677 2680
f 2661 2680 2663
f 2663 2680 2679
f 2663 2679 2664
f 2664 2679 2678
f 2664 2678 2665
f 2665 2678 2676
f 2665 2676 2662
f 2650 2682 2685
f 2650 2685 2652
f 2652 2685 2684
f 2652 2684 2653
f 2653 2684 2683
f 2653 2683 2654
f 2654 2683 2681
f 2654 2681 2651
f 2666 2687 2690
f 2666 2690 2668
f 2668 2690 2689
f 2668 2689 2669
f 2669 2689 2688
f 2669 2688 2670
f 2670 2688 2686
f 2670 2686 2667
f 3135 2774 2649
f 3135 2649 3144
f 2698 2701 2692
f 2698 2692 2693
f 3154 2528 2702
f 3154 2702 3160
f 2419 2694 2592
f 2419 2592 2466
f 2529 2592 2694
f 2529 2694 2695
f 2700 2529 2695
f 2700 2695 2703
f 2692 2701 2704
f 2692 2704 2696
f 3150 2593 2528
f 3150 2528 3154
f 3146 2465 2593
f 3146 2593 3150
f 2528 2534 2699
f 2528 2699 2702
f 2534 2529 2700
f 2534 2700 2699
f 2523 2589 2714
f 2523 2714 2710
f 2492 2578 2713
f 2492 2713 2708
f 2444 2546 2712
f 2444 2712 2707
f 2522 2564 2711
f 2522 2711 2709
f 2443 2814 2810
f 2443 2810 2709
f 2564 2523 2710
f 2564 2710 2711
f 2546 2492 2708
f 2546 2708 2712
f 2578 2401 2705
f 2578 2705 2713
f 2589 2521 2706
f 2589 2706 2714
f 2483 2574 2724
f 2483 2724 2720
f 2485 2568 2723
f 2485 2723 2719
f 2441 2552 2722
f 2441 2722 2717
f 2440 2542 2721
f 2440 2721 2718
f 2542 2483 2720
f 2542 2720 2721
f 2552 2485 2719
f 2552 2719 2722
f 2568 2398 2715
f 2568 2715 2723
f 2574 2397 2716
f 2574 2716 2724
f 2904 3084 3119
f 2740 2815 2802
f 2740 2802 2735
f 2739 2742 2738
f 2739 2738 2737
f 2742 2740 2735
f 2742 2735 2738
f 2732 2727 2740
f 2732 2740 2742
f 2730 2732 2742
f 2730 2742 2739
f 2728 2731 2745
f 2728 2745 2741
f 2729 2733 2746
f 2729 2746 2744
f 2731 2729 2744
f 2731 2744 2745
f 2733 2726 2743
f 2733 2743 2746
f 4002 4001 2747
f 4002 2747 2750
f 4003 4000 2748
f 4003 2748 2749
f 4000 4002 2750
f 4000 2750 2748
f 3999 4003 2749
f 3999 2749 2736
f 2471 2754 2755
f 2471 2755 2606
f 2474 2427 2751
f 2474 2751 2753
f 3159 2424 2752
f 3159 2752 3133
f 2606 2755 2753
f 2606 2753 2472
f 2417 2500 2758
f 2417 2758 2757
f 2759 2762 2779
f 2759 2779 2418
f 2500 2416 2756
f 2500 2756 2758
f 2757 2758 2692
f 2757 2692 2759
f 2417 2757 2464
f 2417 2464 2763
f 2758 2756 2693
f 2758 2693 2692
f 2759 2692 2696
f 2759 2696 2762
f 2463 2462 2760
f 2463 2760 2783
f 2458 2764 2761
f 2458 2761 2459
f 2766 2765 2539
f 2766 2539 2538
f 3140 3161 3235
f 3140 3235 3234
f 2414 3139 3166
f 2414 3166 3164
f 3141 3155 2407
f 3141 2407 2773
f 3135 3141 2773
f 3135 2773 2774
f 3161 2769 2770
f 3161 2770 3144
f 2770 2769 2673
f 2770 2673 2674
f 2675 2772 2770
f 2675 2770 2674
f 2675 2672 2771
f 2675 2771 2772
f 2540 2771 2672
f 2765 2775 2691
f 2765 2691 2539
f 3153 3137 2415
f 3153 2415 2697
f 2756 2416 2780
f 2756 2780 2781
f 2764 2458 2532
f 2764 2532 2780
f 2416 2460 2764
f 2416 2764 2780
f 2598 2781 2780
f 2598 2780 2532
f 2598 2539 2691
f 2598 2691 2781
f 2693 2756 2781
f 2693 2781 2691
f 2446 2782 2602
f 2525 3043 2602
f 2525 2602 2782
f 2446 2525 2782
f 2763 2784 2783
f 2763 2783 2760
f 2464 2785 2784
f 2464 2784 2763
f 2786 2785 2464
f 2786 2464 2418
f 2786 2418 2779
f 2786 2779 3252
f 2795 2793 2698
f 2795 2698 2775
f 3153 3157 2795
f 3153 2795 2775
f 2691 2775 2698
f 2691 2698 2693
f 2702 2699 2787
f 2702 2787 2789
f 2700 2703 2790
f 2700 2790 2788
f 3149 2467 2465
f 3149 2465 3146
f 2699 2700 2788
f 2699 2788 2787
f 3160 2702 2789
f 3160 2789 3143
f 2787 2788 2794
f 2787 2794 2793
f 2788 2790 2796
f 2788 2796 2794
f 3143 2789 2795
f 3143 2795 3157
f 2789 2787 2793
f 2789 2793 2795
f 2698 2793 2794
f 2698 2794 2701
f 2704 2701 2794
f 2704 2794 2796
f 2990 3012 3013
f 2990 3013 2991
f 2826 2810 2854
f 2826 2854 2870
f 3070 3943 2811
f 2736 3128 4006
f 2801 2799 2441
f 2801 2441 2717
f 3092 3080 2938
f 2805 2812 2856
f 2805 2856 2869
f 2818 2801 2717
f 2818 2717 2438
f 2822 2816 2655
f 2822 2655 2657
f 2798 2803 2840
f 2798 2840 2846
f 2820 2807 2658
f 2820 2658 2659
f 2803 2798 2509
f 2803 2509 2511
f 3117 3089 2898
f 3117 2898 2932
f 3104 2908 2918
f 3104 2918 3111
f 2811 2806 2851
f 2811 2851 2855
f 2831 2813 2858
f 2831 2858 2878
f 2803 2825 2868
f 2803 2868 2840
f 2820 2805 2869
f 2820 2869 2872
f 2825 2819 2841
f 2825 2841 2868
f 2806 2821 2865
f 2806 2865 2851
f 2819 2804 2849
f 2819 2849 2841
f 2445 2439 3081
f 2445 3081 3093
f 2805 2820 2659
f 2805 2659 2656
f 2823 2830 2877
f 2823 2877 2867
f 2830 2816 2862
f 2830 2862 2877
f 2807 2822 2657
f 2807 2657 2658
f 3078 3087 2936
f 3078 2936 2895
f 2815 2829 2876
f 2815 2876 2860
f 2918 2915 3113
f 2918 3113 3111
f 2829 2809 2842
f 2829 2842 2876
f 2718 2442 3083
f 2718 3083 3086
f 2802 2815 2860
f 2802 2860 2845
f 2801 2818 2838
f 2801 2838 2848
f 3096 2912 2941
f 2810 2814 2859
f 2810 2859 2854
f 2514 2513 3107
f 2514 3107 3105
f 3087 2909 2936
f 2512 2514 3105
f 2512 3105 3110
f 3108 2900 2908
f 3108 2908 3104
f 2444 2707 3090
f 2444 3090 3116
f 2894 2857 3041
f 2894 3041 3021
f 2870 2854 2899
f 2842 2903 2919
f 2859 2846 2901
f 2859 2901 2914
f 2865 2853 2852
f 2865 2852 2864
f 2858 2867 2888
f 2858 2888 2857
f 2843 2926 2927
f 2875 2847 2906
f 2854 2859 2914
f 2854 2914 2899
f 2838 2863 2897
f 2838 2897 2866
f 4503 2802 2845
f 4503 2845 3128
f 2860 2876 2902
f 2883 2882 3027
f 2883 3027 3030
f 2851 2865 2864
f 2851 2864 2850
f 2887 2886 3099
f 2855 2850 3028
f 2855 3028 3031
f 2884 2883 3030
f 2884 3030 3038
f 2885 3099 2944
f 2955 2956 2972
f 2948 2946 2949
f 2862 2871 3018
f 2862 3018 3015
f 2891 2892 3024
f 2891 3024 3023
f 2857 2888 3039
f 2857 3039 3041
f 2844 2861 3014
f 2844 3014 3017
f 2871 2873 3022
f 2871 3022 3018
f 2850 2855 2851
f 2799 2801 2848
f 2799 2848 2839
f 2822 2807 2873
f 2822 2873 2871
f 2601 2447 3114
f 2601 3114 3095
f 2809 2799 2839
f 2809 2839 2842
f 2834 2811 2855
f 2834 2855 2881
f 2818 2817 2863
f 2818 2863 2838
f 2835 2834 2881
f 2835 2881 2882
f 2816 2822 2871
f 2816 2871 2862
f 2836 2835 2882
f 2836 2882 2883
f 3099 2885 2887
f 2821 2808 2853
f 2821 2853 2865
f 2937 2898 3089
f 2837 2836 2883
f 2837 2883 2884
f 2807 2820 2872
f 2807 2872 2873
f 3574 3984 3972
f 3574 3972 3579
f 2812 2837 2884
f 2812 2884 2856
f 2814 2798 2846
f 2814 2846 2859
f 2813 2823 2867
f 2813 2867 2858
f 2824 2831 2878
f 2824 2878 2843
f 2913 2900 3108
f 2913 3108 3117
f 2827 2824 2843
f 2827 2843 2874
f 2804 2827 2874
f 2804 2874 2849
f 2828 2800 2847
f 2828 2847 2875
f 2817 2828 2875
f 2817 2875 2863
f 2879 3123 3126
f 2879 3126 2861
f 3080 4166 2940
f 3080 2940 2896
f 2446 2602 2824
f 2446 2824 2827
f 2910 2903 2839
f 2910 2839 2848
f 2841 2849 2929
f 2841 2929 2916
f 2866 2910 2848
f 2866 2848 2838
f 2969 2968 2967
f 2969 2967 2970
f 2513 2444 3116
f 2513 3116 3107
f 2442 2728 3120
f 2442 3120 3083
f 3080 2896 2938
f 2447 2512 3110
f 2447 3110 3114
f 2907 2901 2846
f 2907 2846 2840
f 2974 2967 2968
f 2974 2968 2975
f 3000 2984 2950
f 3000 2950 2999
f 2962 2961 2956
f 2970 2960 2959
f 2970 2959 2969
f 2906 2847 2870
f 2906 2870 2899
f 3005 2951 2998
f 2966 2953 2952
f 2966 2952 2965
f 3009 2948 2949
f 2841 2916 2917
f 2841 2917 2868
f 2963 2997 2964
f 2963 2964 2983
f 2960 2952 2953
f 2960 2953 2959
f 2987 2985 2956
f 2987 2956 2961
f 3013 3003 2957
f 3013 2957 2991
f 2856 2884 3038
f 2856 3038 3042
f 2892 2893 3020
f 2892 3020 3024
f 2888 2867 3025
f 2888 3025 3039
f 2872 2869 3033
f 2872 3033 3032
f 2852 2844 3017
f 2852 3017 3040
f 2864 2852 3040
f 2864 3040 3029
f 2877 2862 3015
f 2877 3015 3019
f 2861 2889 3016
f 2861 3016 3014
f 2887 2885 3034
f 2887 3034 3035
f 2882 2881 3026
f 2882 3026 3027
f 2885 2890 3036
f 2885 3036 3034
f 2869 2856 3042
f 2869 3042 3033
f 2881 2855 3031
f 2881 3031 3026
f 2873 2872 3032
f 2873 3032 3022
f 2890 2891 3023
f 2890 3023 3036
f 2889 2886 3037
f 2889 3037 3016
f 2850 2864 3029
f 2850 3029 3028
f 2867 2877 3019
f 2867 3019 3025
f 2893 2894 3021
f 2893 3021 3020
f 2886 2887 3035
f 2886 3035 3037
f 2998 3000 4097
f 2998 4097 4096
f 3005 2998 4096
f 3005 4096 4108
f 3008 3011 4091
f 3008 4091 4090
f 3009 3007 4100
f 3009 4100 4101
f 3013 3012 4099
f 3013 4099 4111
f 3003 3013 4111
f 3003 4111 4109
f 3007 3008 4090
f 3007 4090 4100
f 3012 3010 4098
f 3012 4098 4099
f 3006 3003 4109
f 3006 4109 4102
f 3004 3006 4102
f 3004 4102 4095
f 3011 3001 4105
f 3011 4105 4091
f 3010 3009 4101
f 3010 4101 4098
f 3002 3005 4108
f 3002 4108 4107
f 2999 3004 4095
f 2999 4095 4094
f 3000 2999 4094
f 3000 4094 4097
f 3001 3002 4107
f 3001 4107 4105
f 2965 2984 3000
f 2951 2966 2998
f 2966 2965 3000
f 2966 3000 2998
f 2951 3005 3002
f 2917 2907 2840
f 2917 2840 2868
f 3010 2948 3009
f 3007 3009 2949
f 3008 3007 2949
f 3011 3008 2949
f 2950 2989 3006
f 2950 3006 3004
f 2990 2948 3010
f 2990 3010 3012
f 2961 2962 2946
f 2961 2946 2947
f 2831 2824 2602
f 2602 2448 2831
f 2837 2812 2453
f 2812 2452 2453
f 2453 2454 2836
f 2837 2453 2836
f 3947 2543 2553
f 3947 2553 3944
f 2454 2811 2834
f 2454 2834 2835
f 2830 2823 2450
f 2450 2655 2830
f 2828 2817 2437
f 2437 2522 2828
f 2826 2800 2522
f 2522 2709 2826
f 3441 3440 3433
f 3441 3433 3434
f 2624 2612 3044
f 3044 2526 2623
f 2827 2804 2446
f 2622 2621 3046
f 3046 3044 2622
f 3044 2612 2620
f 2680 3965 3961
f 2680 3961 2679
f 2832 2833 2808
f 2829 2815 2740
f 2825 2803 2511
f 2930 2931 3096
f 2909 3087 3084
f 2909 3084 2935
f 3084 2933 2934
f 2934 2935 3084
f 2894 2893 2843
f 2894 2843 2878
f 2819 2825 2511
f 2819 2511 2510
f 2842 2839 2903
f 3101 3099 2886
f 3101 2886 2889
f 2849 2874 2928
f 2874 2843 2927
f 2928 2874 2927
f 2843 2911 2926
f 2911 2921 2922
f 2926 2911 2925
f 2922 2923 2911
f 2923 2924 2925
f 2923 2925 2911
f 2929 2849 2928
f 2906 2897 2875
f 2897 2863 2875
f 2842 2902 2876
f 2660 2451 3102
f 2660 3102 3125
f 3011 2949 2958
f 3011 2958 3001
f 2878 2858 2857
f 2894 2878 2857
f 2945 2911 2885
f 2911 2843 2891
f 2890 2911 2891
f 2944 2945 2885
f 2911 2890 2885
f 2843 2893 2892
f 2843 2892 2891
f 3099 2942 2943
f 3006 2989 2957
f 3006 2957 3003
f 2915 2930 3096
f 2915 3096 3113
f 3099 2943 2944
f 2879 2861 2844
f 2879 2844 2880
f 2844 2852 2853
f 2844 2853 2880
f 2861 3126 3101
f 2861 3101 2889
f 2972 2954 2955
f 2919 2902 2842
f 2451 2449 3098
f 2451 3098 3102
f 2931 2912 3096
f 2449 2601 3095
f 2449 3095 3098
f 2728 2741 3130
f 2728 3130 3120
f 2740 2727 2809
f 2740 2809 2829
f 2707 2445 3093
f 2707 3093 3090
f 3096 2941 2942
f 3096 2942 3099
f 2938 2939 3092
f 2440 2718 3086
f 2440 3086 3077
f 2980 2979 2981
f 2979 2978 2977
f 2977 2968 2981
f 2977 2981 2979
f 2967 2974 2973
f 2967 2973 2963
f 2976 2975 2968
f 2976 2968 2977
f 2983 2982 2967
f 2983 2967 2963
f 2987 2986 2985
f 2904 2933 3084
f 2956 2955 2962
f 2947 2988 2961
f 3004 2999 2950
f 2958 2951 3002
f 2958 3002 3001
f 2948 2992 2946
f 2992 2947 2946
f 3089 3092 2905
f 3089 2905 2937
f 2993 2964 2997
f 2993 2997 2996
f 2939 2905 3092
f 3047 3043 3044
f 3048 3046 3045
f 3049 3045 3043
f 3050 3044 3046
f 3048 2524 3058
f 3048 3058 3053
f 3058 3055 3063
f 3058 3063 3066
f 2616 3050 3057
f 2616 3057 3052
f 2527 3048 3053
f 2527 3053 3054
f 2524 3049 3055
f 2524 3055 3058
f 2615 3047 3051
f 2615 3051 3056
f 3049 2615 3056
f 3049 3056 3055
f 3050 2527 3054
f 3050 3054 3057
f 3047 2616 3052
f 3047 3052 3051
f 3060 3065 3062
f 3060 3062 3059
f 3056 3051 3059
f 3056 3059 3064
f 3055 3056 3064
f 3055 3064 3063
f 3051 3052 3060
f 3051 3060 3059
f 3057 3054 3062
f 3057 3062 3065
f 3053 3058 3066
f 3053 3066 3061
f 3052 3057 3065
f 3052 3065 3060
f 3054 3053 3061
f 3054 3061 3062
f 3062 3061 3064
f 3062 3064 3059
f 3064 3061 3066
f 3064 3066 3063
f 3026 3038 3030
f 3026 3030 3027
f 3026 3031 3042
f 3026 3042 3038
f 3028 3033 3042
f 3028 3042 3031
f 3029 3032 3033
f 3029 3033 3028
f 3040 3022 3032
f 3040 3032 3029
f 3022 3040 3017
f 3022 3017 3018
f 3015 3018 3017
f 3015 3017 3014
f 3016 3019 3015
f 3016 3015 3014
f 3019 3016 3037
f 3019 3037 3025
f 3039 3025 3037
f 3039 3037 3035
f 3035 3034 3041
f 3035 3041 3039
f 3036 3021 3041
f 3036 3041 3034
f 3020 3021 3036
f 3020 3036 3023
f 3023 3024 3020
f 3067 3069 3073
f 3067 3073 2577
f 3953 2455 3952
f 2545 2490 3068
f 2545 3068 3071
f 2454 3070 2811
f 3952 2545 3071
f 3952 3071 3968
f 2454 2455 3072
f 2454 3072 3070
f 3069 3068 2413
f 3069 2413 3073
f 3074 2413 3068
f 3073 2413 3074
f 3073 3074 3075
f 2577 3073 3075
f 2577 3075 3076
f 2677 2660 3965
f 2677 3965 2680
f 3122 3125 3127
f 3122 3127 3124
f 3124 3127 3126
f 3124 3126 3123
f 3099 3101 3103
f 3099 3103 3100
f 3100 3103 3102
f 3100 3102 3098
f 4004 3129 3131
f 4004 3131 4005
f 4005 3131 3130
f 4005 3130 4006
f 3096 3099 3100
f 3096 3100 3097
f 3097 3100 3098
f 3097 3098 3095
f 3111 3113 3115
f 3111 3115 3112
f 3112 3115 3114
f 3112 3114 3110
f 3101 3126 3127
f 3101 3127 3103
f 3103 3127 3125
f 3103 3125 3102
f 3105 3107 3109
f 3105 3109 3106
f 3106 3109 3108
f 3106 3108 3104
f 3104 3111 3112
f 3104 3112 3106
f 3106 3112 3110
f 3106 3110 3105
f 3107 3116 3118
f 3107 3118 3109
f 3109 3118 3117
f 3109 3117 3108
f 3095 3114 3115
f 3095 3115 3097
f 3097 3115 3113
f 3097 3113 3096
f 4166 3080 3082
f 4166 3082 4167
f 4167 3082 3081
f 4167 3081 4168
f 3077 3086 3088
f 3077 3088 3079
f 3079 3088 3087
f 3079 3087 3078
f 3120 3130 3131
f 3120 3131 3121
f 3121 3131 3129
f 3121 3129 3119
f 3080 3092 3094
f 3080 3094 3082
f 3082 3094 3093
f 3082 3093 3081
f 3084 3087 3088
f 3084 3088 3085
f 3085 3088 3086
f 3085 3086 3083
f 3083 3120 3121
f 3083 3121 3085
f 3085 3121 3119
f 3085 3119 3084
f 3090 3093 3094
f 3090 3094 3091
f 3091 3094 3092
f 3091 3092 3089
f 3089 3117 3118
f 3089 3118 3091
f 3091 3118 3116
f 3091 3116 3090
f 4164 2440 3077
f 4164 3077 4168
f 2845 2860 2902
f 2971 2955 2954
f 2792 3143 3157
f 2792 3157 2797
f 2776 3160 3143
f 2776 3143 2792
f 2420 3149 3146
f 2420 3146 2791
f 2697 2797 3157
f 2697 3157 3153
f 2775 2765 3137
f 2775 3137 3153
f 2409 3161 3144
f 2409 3144 2649
f 2772 2771 3141
f 2772 3141 3135
f 2771 2540 3155
f 2771 3155 3141
f 2768 3140 3138
f 2768 3138 2767
f 2768 2769 3161
f 2768 3161 3140
f 2471 3159 3133
f 2471 3133 2754
f 2791 3146 3150
f 2791 3150 2778
f 2778 3150 3154
f 2778 3154 2777
f 2777 3154 3160
f 2777 3160 2776
f 2772 3135 3144
f 2772 3144 2770
f 2767 3138 3139
f 2767 3139 2766
f 2635 3148 3152
f 2635 3152 2639
f 2636 3158 3148
f 2636 3148 2635
f 2436 3151 3158
f 2436 3158 2636
f 2536 2535 3151
f 2536 3151 3145
f 2639 3152 3147
f 2639 3147 2434
f 2475 3134 3136
f 2475 3136 2477
f 2473 3132 3134
f 2473 3134 2475
f 2754 3133 3132
f 2754 3132 2473
f 2469 3156 3159
f 2469 3159 2471
f 2766 3139 3137
f 2766 3137 2765
f 2467 3149 3156
f 2467 3156 2469
f 2479 3142 3147
f 2479 3147 2481
f 2477 3136 3142
f 2477 3142 2479
f 2536 3145 3155
f 2536 3155 2540
f 3227 3229 3172
f 3227 3172 3170
f 3229 3228 2648
f 3229 2648 3172
f 3139 3138 3165
f 3139 3165 3166
f 3140 2647 3162
f 3140 3162 3167
f 3226 3225 3163
f 3226 3163 3177
f 3224 3223 3175
f 3224 3175 3176
f 3231 3230 3171
f 3231 3171 3169
f 3230 3227 3170
f 3230 3170 3171
f 3214 3213 3168
f 3214 3168 3182
f 3198 3197 3180
f 3198 3180 3181
f 3223 3226 3177
f 3223 3177 3175
f 3222 3224 3176
f 3222 3176 3174
f 3180 3178 3179
f 3180 3179 3181
f 3182 3168 3178
f 3182 3178 3180
f 3197 3214 3182
f 3197 3182 3180
f 3173 3198 3181
f 3173 3181 3179
f 3174 3176 3205
f 3174 3205 3189
f 3189 3205 3204
f 3189 3204 3188
f 3188 3204 3203
f 3188 3203 3187
f 3187 3203 3202
f 3187 3202 3186
f 3186 3202 3201
f 3186 3201 3185
f 3185 3201 3200
f 3185 3200 3184
f 3184 3200 3199
f 3184 3199 3183
f 3183 3199 3198
f 3183 3198 3173
f 3175 3177 3221
f 3175 3221 3190
f 3190 3221 3220
f 3190 3220 3191
f 3191 3220 3219
f 3191 3219 3192
f 3192 3219 3218
f 3192 3218 3193
f 3193 3218 3217
f 3193 3217 3194
f 3194 3217 3216
f 3194 3216 3195
f 3195 3216 3215
f 3195 3215 3196
f 3196 3215 3214
f 3196 3214 3197
f 3176 3175 3190
f 3176 3190 3205
f 3205 3190 3191
f 3205 3191 3204
f 3204 3191 3192
f 3204 3192 3203
f 3203 3192 3193
f 3203 3193 3202
f 3202 3193 3194
f 3202 3194 3201
f 3201 3194 3195
f 3201 3195 3200
f 3200 3195 3196
f 3200 3196 3199
f 3199 3196 3197
f 3199 3197 3198
f 3177 3163 3206
f 3177 3206 3221
f 3221 3206 3207
f 3221 3207 3220
f 3220 3207 3208
f 3220 3208 3219
f 3219 3208 3209
f 3219 3209 3218
f 3218 3209 3210
f 3218 3210 3217
f 3217 3210 3211
f 3217 3211 3216
f 3216 3211 3212
f 3216 3212 3215
f 3215 3212 3213
f 3215 3213 3214
f 3169 3171 3224
f 3169 3224 3222
f 3170 3172 3226
f 3170 3226 3223
f 3171 3170 3223
f 3171 3223 3224
f 3172 2648 3225
f 3172 3225 3226
f 3166 3165 3227
f 3166 3227 3230
f 3164 3166 3230
f 3164 3230 3231
f 3167 3162 3228
f 3167 3228 3229
f 3165 3167 3229
f 3165 3229 3227
f 2647 3140 3234
f 2647 3234 3233
f 3235 3232 3233
f 3235 3233 3234
f 3137 3139 3239
f 3137 3239 3238
f 3139 2414 3236
f 3139 3236 3239
f 2415 3137 3238
f 2415 3238 3237
f 3238 3239 3236
f 3238 3236 3237
f 2784 2785 3250
f 2784 3250 3249
f 2461 2501 3246
f 2461 3246 3244
f 2457 2459 3243
f 2457 3243 3242
f 2454 2453 3240
f 2454 3240 3241
f 2501 2463 3245
f 2501 3245 3246
f 2783 2784 3249
f 2783 3249 3248
f 2761 2461 3244
f 2761 3244 3247
f 2463 2783 3248
f 2463 3248 3245
f 2453 2457 3242
f 2453 3242 3240
f 2459 2761 3247
f 2459 3247 3243
f 2786 3252 3251
f 2785 2786 3251
f 2785 3251 3250
f 3075 3241 3076
f 3074 2454 3241
f 3074 3241 3075
f 2455 2454 3074
f 2678 3958 3956
f 2678 3956 2676
f 2545 3074 2490
f 3304 3513 3517
f 3304 3517 3379
f 3357 3377 3336
f 3357 3336 3308
f 3390 3399 2507
f 3390 2507 2404
f 3397 3389 2401
f 3397 2401 2506
f 3382 3394 2504
f 3382 2504 2400
f 3257 3258 3586
f 3257 3586 3585
f 3576 3621 3648
f 3576 3648 3601
f 3388 3400 2521
f 3388 2521 2394
f 3367 3374 3333
f 3367 3333 3309
f 3376 3338 3315
f 3376 3315 3332
f 3268 3599 3581
f 3268 3581 3591
f 3268 3591 3270
f 3270 3451 3462
f 3270 3462 3346
f 3452 3272 3343
f 3452 3343 3463
f 3274 3604 3603
f 3974 3971 3366
f 3974 3366 3356
f 3997 3978 3368
f 3997 3368 3822
f 3272 3273 3277
f 3272 3277 3276
f 3276 3277 3279
f 3276 3279 3278
f 3543 3541 3281
f 3543 3281 3280
f 3322 3321 3283
f 3322 3283 3282
f 3282 3540 3542
f 3282 3542 3255
f 3413 3286 3288
f 3413 3288 3414
f 3414 3288 3290
f 3414 3290 3415
f 3415 3290 3292
f 3415 3292 3416
f 3535 3533 3294
f 3535 3294 3417
f 3417 3294 3296
f 3417 3296 3418
f 3418 3296 3298
f 3418 3298 3419
f 3419 3298 3300
f 3419 3300 3420
f 3420 3300 3302
f 3420 3302 3421
f 3442 3436 3423
f 3442 3423 3429
f 3510 3379 2399
f 3510 2399 2716
f 3880 3890 2407
f 3880 2407 2405
f 3871 3877 2432
f 3871 2432 2430
f 3387 3381 2410
f 3387 2410 2411
f 3502 3382 2400
f 3502 2400 2706
f 3877 3882 2434
f 3877 2434 2432
f 3820 3383 2412
f 3820 2412 3067
f 3501 3384 2402
f 3501 2402 2705
f 3451 3598 3584
f 3383 3387 2411
f 3383 2411 2412
f 3384 3385 2396
f 3384 2396 2402
f 3469 3467 3547
f 3469 3547 3548
f 3324 3587 3572
f 3324 3572 3266
f 3884 3891 2422
f 3884 2422 2420
f 3896 3940 3232
f 3896 3232 2409
f 3428 3390 2404
f 3428 2404 2600
f 3891 3894 2424
f 3891 2424 2422
f 3392 3391 2406
f 3392 2406 2408
f 3868 3867 2426
f 3868 2426 2752
f 3381 3477 2651
f 3381 2651 2410
f 3393 3388 2394
f 3393 2394 2395
f 3867 3869 2428
f 3867 2428 2426
f 4169 3386 2397
f 4169 2397 4161
f 3547 3467 3354
f 3547 3354 3546
f 3454 4445 4440
f 3454 4440 3455
f 3869 3871 2430
f 3869 2430 2428
f 3509 3393 2395
f 3509 2395 2715
f 3478 3392 2408
f 3478 2408 2650
f 3508 3363 3319
f 3508 3319 3505
f 3463 3343 3406
f 3463 3406 3482
f 4170 3355 3303
f 4170 3303 4172
f 3363 3357 3308
f 3363 3308 3319
f 3366 3472 3458
f 3366 3458 3307
f 3280 3322 3320
f 3280 3320 3254
f 3362 3361 3317
f 3362 3317 3318
f 3427 3360 3316
f 3427 3316 3424
f 3263 3582 3566
f 3263 3566 3323
f 3371 3359 3312
f 3371 3312 3330
f 3360 3373 3329
f 3360 3329 3316
f 3369 3370 3314
f 3369 3314 3313
f 3368 3356 3306
f 3368 3306 3311
f 3500 3369 3313
f 3500 3313 3496
f 3822 3368 3311
f 3822 3311 3819
f 3887 3882 3301
f 3887 3301 3445
f 3499 3367 3309
f 3499 3309 3498
f 3356 3366 3307
f 3356 3307 3306
f 3507 3364 3304
f 3507 3304 3506
f 3280 3281 3321
f 3280 3321 3322
f 3379 3517 2726
f 3379 2726 2399
f 3305 3514 3516
f 3305 3516 3365
f 3365 3516 3511
f 3365 3511 3261
f 3364 3515 3513
f 3364 3513 3304
f 3866 3728 3669
f 3866 3669 3613
f 3568 3615 3638
f 3568 3638 3594
f 3371 3372 3328
f 3371 3328 3327
f 3372 3373 3326
f 3372 3326 3328
f 3394 3395 2505
f 3394 2505 2504
f 3395 3396 2503
f 3395 2503 2505
f 3397 3398 3331
f 3397 3331 3330
f 3398 3399 3329
f 3398 3329 3331
f 3374 3375 3334
f 3374 3334 3333
f 3375 3376 3332
f 3375 3332 3334
f 3335 3596 3568
f 3497 3594 3578
f 3795 3796 3339
f 3795 3339 3338
f 3880 2405 2436
f 3880 2436 3886
f 3456 3271 3362
f 3456 3362 3473
f 3276 3278 3345
f 3276 3345 3344
f 3272 3276 3344
f 3272 3344 3343
f 3405 3349 3348
f 3405 3348 3407
f 3378 3440 3439
f 3378 3439 3402
f 3268 3270 3346
f 3268 3346 3797
f 3350 3347 3342
f 3350 3342 3403
f 3482 3406 3354
f 3482 3354 3467
f 3408 3409 3352
f 3408 3352 3351
f 3406 3408 3351
f 3406 3351 3354
f 3404 3341 3347
f 3404 3347 3350
f 3405 3410 3353
f 3405 3353 3349
f 3325 3324 3376
f 3325 3376 3375
f 3323 3325 3375
f 3323 3375 3374
f 3331 3329 3373
f 3331 3373 3372
f 3330 3331 3372
f 3330 3372 3371
f 3380 3518 3514
f 3380 3514 3305
f 3504 3262 3364
f 3504 3364 3507
f 3302 3300 2433
f 3302 2433 2435
f 3821 3579 3972
f 3288 3286 2419
f 3288 2419 2421
f 3497 3263 3367
f 3497 3367 3499
f 3275 3823 3996
f 3275 3996 3980
f 3495 3265 3369
f 3495 3369 3500
f 3823 3975 3977
f 3823 3977 3996
f 3265 3259 3370
f 3265 3370 3369
f 3290 3288 2421
f 3290 2421 2423
f 3267 3326 3373
f 3267 3373 3360
f 3327 3264 3359
f 3327 3359 3371
f 3292 3290 2423
f 3292 2423 2425
f 3533 3292 2425
f 3533 2425 2751
f 3411 3267 3360
f 3411 3360 3427
f 3296 3294 2427
f 3296 2427 2429
f 3271 3269 3361
f 3271 3361 3362
f 3322 3282 3255
f 3322 3255 3320
f 3298 3296 2429
f 3298 2429 2431
f 3978 3974 3356
f 3978 3356 3368
f 3258 3257 3357
f 3258 3357 3363
f 3537 3284 3256
f 3537 3256 3539
f 4171 3260 3355
f 4171 3355 4170
f 3457 3318 3392
f 3457 3392 3478
f 3300 3298 2431
f 3300 2431 2433
f 3503 3258 3363
f 3503 3363 3508
f 3324 3266 3338
f 3324 3338 3376
f 3263 3323 3374
f 3263 3374 3367
f 3257 3335 3377
f 3257 3377 3357
f 3262 3512 3515
f 3262 3515 3364
f 3401 3396 3332
f 3401 3332 3315
f 3338 3339 3378
f 3338 3378 3315
f 3401 3402 2565
f 3401 2565 2403
f 3422 3429 3441
f 3422 3441 3434
f 3429 3423 3438
f 3429 3438 3441
f 3315 3378 3402
f 3315 3402 3401
f 2403 2503 3396
f 2403 3396 3401
f 2508 2507 3399
f 2508 3399 3398
f 2506 2508 3398
f 2506 3398 3397
f 3334 3332 3396
f 3334 3396 3395
f 3333 3334 3395
f 3333 3395 3394
f 2398 2725 3518
f 2398 3518 3380
f 3261 3511 3577
f 3261 3577 3567
f 3505 3319 3393
f 3505 3393 3509
f 3473 3362 3318
f 3473 3318 3457
f 4172 3303 3386
f 4172 3386 4169
f 3319 3308 3388
f 3319 3388 3393
f 3307 3458 3477
f 3307 3477 3381
f 3318 3317 3391
f 3318 3391 3392
f 3424 3316 3390
f 3424 3390 3428
f 3313 3314 3385
f 3313 3385 3384
f 3311 3306 3387
f 3311 3387 3383
f 3496 3313 3384
f 3496 3384 3501
f 3819 3311 3383
f 3819 3383 3820
f 3498 3309 3382
f 3498 3382 3502
f 3306 3307 3381
f 3306 3381 3387
f 3506 3304 3379
f 3506 3379 3510
f 3308 3336 3400
f 3308 3400 3388
f 3309 3333 3394
f 3309 3394 3382
f 3330 3312 3389
f 3330 3389 3397
f 3316 3329 3399
f 3316 3399 3390
f 3797 3346 3410
f 3797 3410 3405
f 3285 3404 3350
f 3285 3350 3413
f 3343 3344 3408
f 3343 3408 3406
f 3344 3345 3409
f 3344 3409 3408
f 3410 3483 3468
f 3410 3468 3353
f 3346 3462 3483
f 3346 3483 3410
f 3413 3350 3403
f 3413 3403 3286
f 3339 3433 3440
f 3339 3440 3378
f 3797 3405 3407
f 3797 3407 3798
f 3796 3434 3433
f 3431 3798 3407
f 3431 3407 3443
f 3317 3424 3428
f 3317 3428 3391
f 3269 3411 3427
f 3269 3427 3361
f 3268 3797 3795
f 3268 3795 3412
f 3443 3407 3348
f 3443 3348 3435
f 3361 3427 3424
f 3361 3424 3317
f 3391 3428 2600
f 3391 2600 2406
f 3430 3442 3429
f 3430 3429 3422
f 3299 3420 3421
f 3299 3421 3301
f 3297 3419 3420
f 3297 3420 3299
f 3295 3418 3419
f 3295 3419 3297
f 3293 3417 3418
f 3293 3418 3295
f 3534 3535 3417
f 3534 3417 3293
f 3289 3415 3416
f 3289 3416 3291
f 3287 3414 3415
f 3287 3415 3289
f 3285 3413 3414
f 3285 3414 3287
f 3746 3747 3748
f 3746 3748 3745
f 3443 3444 3432
f 3443 3432 3431
f 3444 3442 3430
f 3444 3430 3432
f 3441 3438 3439
f 3441 3439 3440
f 3435 3437 3444
f 3435 3444 3443
f 3437 3436 3442
f 3437 3442 3444
f 3432 3430 3796
f 3886 3893 3435
f 3886 3435 3348
f 3893 3883 3446
f 3893 3446 3435
f 3883 3887 3445
f 3883 3445 3446
f 3402 3439 2640
f 3402 2640 2565
f 3448 3302 2435
f 3448 2435 2644
f 3439 3447 2643
f 3439 2643 2640
f 3447 3448 2644
f 3447 2644 2643
f 3421 3450 3445
f 3421 3445 3301
f 3302 3448 3450
f 3302 3450 3421
f 3448 3447 3449
f 3448 3449 3450
f 3445 3450 3449
f 3445 3449 3446
f 3423 3436 3446
f 3423 3446 3449
f 3438 3423 3449
f 3438 3449 3447
f 3439 3438 3447
f 3446 3436 3437
f 3601 3648 3647
f 3601 3647 3600
f 3992 3994 3860
f 3992 3860 3863
f 3993 3989 3600
f 3475 3474 3987
f 3475 3987 3990
f 3860 3994 3861
f 3989 3576 3600
f 3989 3986 3589
f 3989 3589 3576
f 3986 3984 3574
f 3986 3574 3589
f 3478 3481 3459
f 3478 3459 3457
f 3481 3480 3460
f 3481 3460 3459
f 3480 3479 3461
f 3480 3461 3460
f 3479 3477 3458
f 3479 3458 3461
f 3545 3546 3354
f 3545 3354 3351
f 3873 3897 3899
f 3873 3899 3875
f 3451 3453 3464
f 3451 3464 3462
f 3453 3454 3465
f 3453 3465 3464
f 3454 3455 3466
f 3454 3466 3465
f 3455 3452 3463
f 3455 3463 3466
f 3483 3486 3471
f 3483 3471 3468
f 3486 3485 3470
f 3486 3470 3471
f 3485 3484 3469
f 3485 3469 3470
f 3484 3482 3467
f 3484 3467 3469
f 3457 3459 3476
f 3457 3476 3473
f 3459 3460 3475
f 3459 3475 3476
f 3460 3461 3474
f 3460 3474 3475
f 3461 3458 3472
f 3461 3472 3474
f 2650 2652 3481
f 2650 3481 3478
f 2652 2653 3480
f 2652 3480 3481
f 2653 2654 3479
f 2653 3479 3480
f 2654 2651 3477
f 2654 3477 3479
f 3462 3464 3486
f 3462 3486 3483
f 3464 3465 3485
f 3464 3485 3486
f 3465 3466 3484
f 3465 3484 3485
f 3466 3463 3482
f 3466 3482 3484
f 3870 3879 2649
f 3870 2649 2774
f 3490 3489 3488
f 3490 3488 3493
f 3889 3895 3494
f 3889 3494 3341
f 2419 3286 3403
f 2419 3403 2694
f 3342 2695 2694
f 3342 2694 3403
f 3492 2703 2695
f 3492 2695 3342
f 3488 2696 2704
f 3488 2704 3493
f 3885 3889 3341
f 3885 3341 3404
f 3881 3885 3404
f 3881 3404 3285
f 3341 3494 3491
f 3341 3491 3347
f 3347 3491 3492
f 3347 3492 3342
f 3336 3498 3502
f 3336 3502 3400
f 3312 3496 3501
f 3312 3501 3389
f 3264 3495 3500
f 3264 3500 3359
f 3335 3497 3499
f 3335 3499 3377
f 3263 3497 3578
f 3263 3578 3582
f 3377 3499 3498
f 3377 3498 3336
f 3359 3500 3496
f 3359 3496 3312
f 3389 3501 2705
f 3389 2705 2401
f 3400 3502 2706
f 3400 2706 2521
f 3303 3506 3510
f 3303 3510 3386
f 3305 3505 3509
f 3305 3509 3380
f 3261 3503 3508
f 3261 3508 3365
f 3260 3504 3507
f 3260 3507 3355
f 3355 3507 3506
f 3355 3506 3303
f 3365 3508 3505
f 3365 3505 3305
f 3380 3509 2715
f 3380 2715 2398
f 3386 3510 2716
f 3386 2716 2397
f 3524 3519 3570
f 3524 3570 3583
f 3523 3521 3522
f 3523 3522 3526
f 3526 3522 3519
f 3526 3519 3524
f 3516 3526 3524
f 3516 3524 3511
f 3514 3523 3526
f 3514 3526 3516
f 3512 3525 3528
f 3512 3528 3515
f 3513 3527 3529
f 3513 3529 3517
f 3515 3528 3527
f 3515 3527 3513
f 3517 3529 2743
f 3517 2743 2726
f 4009 3532 2747
f 4009 2747 4001
f 4010 3531 3530
f 4010 3530 4008
f 4008 3530 3532
f 4008 3532 4009
f 4007 3520 3531
f 4007 3531 4010
f 3291 3416 3535
f 3291 3535 3534
f 3294 3533 2751
f 3294 2751 2427
f 3894 3868 2752
f 3894 2752 2424
f 3416 3292 3533
f 3416 3533 3535
f 3255 3537 3538
f 3255 3538 3320
f 3539 3256 2779
f 3539 2779 2762
f 3320 3538 3536
f 3320 3536 3254
f 3537 3539 3488
f 3537 3488 3538
f 3255 3542 3284
f 3255 3284 3537
f 3538 3488 3489
f 3538 3489 3536
f 3539 2762 2696
f 3539 2696 3488
f 3283 3556 3540
f 3283 3540 3282
f 3278 3279 3541
f 3278 3541 3543
f 3545 3351 3352
f 3545 3352 3544
f 3875 3939 3940
f 3875 3940 3896
f 2414 3164 3898
f 2414 3898 3874
f 3876 2773 2407
f 3876 2407 3890
f 3870 2774 2773
f 3870 2773 3876
f 3896 3879 3549
f 3896 3549 3548
f 3549 3470 3469
f 3549 3469 3548
f 3471 3470 3549
f 3471 3549 3551
f 3471 3551 3550
f 3471 3550 3468
f 3353 3468 3550
f 3544 3352 3487
f 3544 3487 3552
f 3888 2697 2415
f 3888 2415 3872
f 3536 3554 3553
f 3536 3553 3254
f 3543 3553 3345
f 3543 3345 3278
f 3254 3553 3543
f 3254 3543 3280
f 3409 3345 3553
f 3409 3553 3554
f 3409 3554 3487
f 3409 3487 3352
f 3489 3487 3554
f 3489 3554 3536
f 3266 3412 3555
f 3338 3555 3412
f 3338 3412 3795
f 3266 3555 3338
f 3542 3540 3556
f 3542 3556 3557
f 3284 3542 3557
f 3284 3557 3558
f 3559 3256 3284
f 3559 3284 3558
f 3559 3252 2779
f 3559 2779 3256
f 3565 3552 3490
f 3565 3490 3563
f 3888 3552 3565
f 3888 3565 3892
f 3487 3489 3490
f 3487 3490 3552
f 3494 3562 3560
f 3494 3560 3491
f 3492 3561 2790
f 3492 2790 2703
f 3884 3881 3285
f 3884 3285 3287
f 3491 3560 3561
f 3491 3561 3492
f 3895 3878 3562
f 3895 3562 3494
f 3560 3563 3564
f 3560 3564 3561
f 3561 3564 2796
f 3561 2796 2790
f 3878 3892 3565
f 3878 3565 3562
f 3562 3565 3563
f 3562 3563 3560
f 3490 3493 3564
f 3490 3564 3563
f 2704 2796 3564
f 2704 3564 3493
f 3742 3743 3765
f 3742 3765 3764
f 3594 3638 3622
f 3594 3622 3578
f 3821 3972 3975
f 3821 3975 3823
f 4007 3866 3520
f 3569 3503 3261
f 3569 3261 3567
f 3833 3698 3827
f 3573 3637 3624
f 3573 3624 3580
f 3586 3258 3503
f 3586 3503 3569
f 3590 3453 3451
f 3590 3451 3584
f 3566 3614 3608
f 3566 3608 3571
f 4448 3573 4449
f 3571 3325 3323
f 3571 3323 3566
f 3858 3696 3665
f 3858 3665 3830
f 3845 3852 3683
f 3845 3683 3674
f 3579 3623 3619
f 3579 3619 3574
f 3599 3646 3626
f 3599 3626 3581
f 3571 3608 3636
f 3571 3636 3593
f 3588 3640 3637
f 3588 3637 3573
f 3593 3636 3609
f 3593 3609 3587
f 3574 3619 3633
f 3574 3633 3589
f 3587 3609 3617
f 3587 3617 3572
f 3265 3834 3828
f 3265 3828 3259
f 3591 3635 3645
f 3591 3645 3598
f 3598 3645 3630
f 3598 3630 3584
f 3575 3454 3453
f 3575 3453 3590
f 3583 3628 3644
f 3583 3644 3597
f 3683 3852 3854
f 3683 3854 3680
f 3597 3644 3610
f 3597 3610 3577
f 3570 3613 3628
f 3570 3628 3583
f 3696 3858 3678
f 3569 3616 3606
f 3569 3606 3586
f 3837 3700 3677
f 3578 3622 3627
f 3578 3627 3582
f 3328 3846 3848
f 3328 3848 3327
f 3326 3851 3846
f 3326 3846 3328
f 3849 3845 3674
f 3849 3674 3667
f 3264 3857 3831
f 3264 3831 3495
f 3662 3773 3793
f 3662 3793 3625
f 3638 3666 3622
f 3610 3684 3670
f 3627 3679 3668
f 3627 3668 3614
f 3633 3632 3620
f 3633 3620 3621
f 3626 3625 3656
f 3626 3656 3635
f 3611 3691 3690
f 3643 3672 3615
f 3622 3666 3679
f 3622 3679 3627
f 3606 3634 3664
f 3606 3664 3631
f 3520 3866 3613
f 3520 3613 3570
f 3628 3669 3644
f 3651 3782 3779
f 3651 3779 3650
f 3619 3618 3632
f 3619 3632 3633
f 3655 3840 3654
f 3623 3783 3780
f 3623 3780 3618
f 3652 3790 3782
f 3652 3782 3651
f 3653 3703 3840
f 3707 4716 4717
f 3630 3767 3770
f 3630 3770 3639
f 3659 3775 3776
f 3659 3776 3660
f 3625 3793 3791
f 3625 3791 3656
f 3612 3769 3766
f 3612 3766 3629
f 3639 3770 3774
f 3639 3774 3641
f 3618 3619 3623
f 3567 3607 3616
f 3567 3616 3569
f 3590 3639 3641
f 3590 3641 3575
f 3411 3836 3855
f 3411 3855 3267
f 3577 3610 3607
f 3577 3607 3567
f 3602 3649 3623
f 3602 3623 3579
f 3586 3606 3631
f 3586 3631 3585
f 4175 3728 3866
f 4175 3866 4007
f 3603 3650 3649
f 3603 3649 3602
f 3584 3630 3639
f 3584 3639 3590
f 3604 3651 3650
f 3604 3650 3603
f 3840 3655 3653
f 3589 3633 3621
f 3589 3621 3576
f 3697 3830 3665
f 3605 3652 3651
f 3605 3651 3604
f 3575 3641 3640
f 3575 3640 3588
f 3967 3965 3966
f 3580 3624 3652
f 3580 3652 3605
f 3582 3627 3614
f 3582 3614 3566
f 3581 3626 3635
f 3581 3635 3591
f 3592 3611 3646
f 3592 3646 3599
f 3678 3858 3849
f 3678 3849 3667
f 3595 3642 3611
f 3595 3611 3592
f 3572 3617 3642
f 3572 3642 3595
f 3596 3643 3615
f 3596 3615 3568
f 3585 3631 3643
f 3585 3643 3596
f 3647 3629 3864
f 3647 3864 3861
f 3266 3595 3592
f 3266 3592 3412
f 3675 3616 3607
f 3675 3607 3670
f 3609 3681 3693
f 3609 3693 3617
f 3634 3606 3616
f 3634 3616 3675
f 3725 3726 3723
f 3725 3723 3724
f 3327 3848 3857
f 3327 3857 3264
f 3827 3698 3663
f 3267 3855 3851
f 3267 3851 3326
f 3673 3608 3614
f 3673 3614 3668
f 3730 3731 3724
f 3730 3724 3723
f 3752 3751 3708
f 3752 3708 3740
f 3726 3725 3716
f 3726 3716 3717
f 3672 3666 3638
f 3672 3638 3615
f 3757 3750 3709
f 3722 3721 3710
f 3722 3710 3711
f 3761 3707 3706
f 3609 3636 3682
f 3609 3682 3681
f 3719 3739 3720
f 3719 3720 3749
f 3717 3716 3711
f 3717 3711 3710
f 3765 3743 3714
f 3765 3714 3755
f 3624 3794 3790
f 3624 3790 3652
f 3660 3776 3772
f 3660 3772 3661
f 3656 3791 3777
f 3656 3777 3635
f 3640 3784 3785
f 3640 3785 3637
f 3620 3792 3769
f 3620 3769 3612
f 3632 3781 3792
f 3632 3792 3620
f 3645 3771 3767
f 3645 3767 3630
f 3629 3766 3768
f 3629 3768 3657
f 3655 3787 3786
f 3655 3786 3653
f 3650 3779 3778
f 3650 3778 3649
f 3653 3786 3788
f 3653 3788 3658
f 3637 3785 3794
f 3637 3794 3624
f 3649 3778 3783
f 3649 3783 3623
f 3641 3774 3784
f 3641 3784 3640
f 3658 3788 3775
f 3658 3775 3659
f 3657 3768 3789
f 3657 3789 3654
f 3618 3780 3781
f 3618 3781 3632
f 3635 3777 3771
f 3635 3771 3645
f 3661 3772 3773
f 3661 3773 3662
f 3654 3789 3787
f 3654 3787 3655
f 3763 3760 4015
f 3763 4015 4016
f 3760 3759 4025
f 3760 4025 4015
f 3752 3750 4021
f 3752 4021 4022
f 3761 3762 4023
f 3761 4023 4026
f 3753 3763 4016
f 3753 4016 4030
f 3762 3764 4024
f 3762 4024 4023
f 3754 3753 4030
f 3754 4030 4032
f 3764 3765 4036
f 3764 4036 4024
f 3765 3755 4034
f 3765 4034 4036
f 3755 3758 4027
f 3755 4027 4034
f 3751 3752 4022
f 3751 4022 4019
f 3758 3756 4020
f 3758 4020 4027
f 3750 3757 4033
f 3750 4033 4021
f 3757 3754 4032
f 3757 4032 4033
f 3756 3751 4019
f 3756 4019 4020
f 3759 3761 4026
f 3759 4026 4025
f 3721 3752 3740
f 3709 3750 3722
f 3722 3750 3752
f 3722 3752 3721
f 3709 3754 3757
f 3682 3636 3608
f 3682 3608 3673
f 3762 3761 3706
f 3759 3707 3761
f 3760 3707 3759
f 3763 3707 3760
f 3708 3756 3758
f 3708 3758 3741
f 3742 3764 3762
f 3742 3762 3706
f 3599 3412 3592
f 3412 3599 3268
f 3971 3983 3472
f 3971 3472 3366
f 3274 3602 3579
f 3274 3603 3602
f 3598 3270 3591
f 3270 3598 3451
f 3596 3257 3585
f 3257 3596 3335
f 3594 3335 3568
f 3335 3594 3497
f 3434 3796 3422
f 3796 3433 3339
f 3595 3266 3572
f 3432 3798 3431
f 3798 3432 3796
f 3796 3430 3422
f 3476 3475 3990
f 3476 3990 3992
f 3600 3576 3601
f 3597 3524 3583
f 3593 3325 3571
f 3694 3837 3695
f 3662 3646 3611
f 3662 3611 3661
f 3587 3324 3325
f 3587 3325 3593
f 3610 3670 3607
f 3842 3657 3654
f 3842 3654 3840
f 3617 3692 3642
f 3642 3691 3611
f 3692 3691 3642
f 3611 3690 3676
f 3676 3686 3685
f 3690 3689 3676
f 3686 3676 3687
f 3687 3689 3688
f 3687 3676 3689
f 3693 3692 3617
f 3672 3643 3664
f 3664 3643 3631
f 3610 3644 3669
f 3456 3863 3843
f 3456 3843 3271
f 3763 3753 3715
f 3763 3715 3707
f 3646 3625 3626
f 3662 3625 3646
f 3704 3653 3676
f 3676 3659 3611
f 3658 3659 3676
f 3703 3653 3704
f 3676 3653 3658
f 3611 3660 3661
f 3611 3659 3660
f 3840 3702 3701
f 3758 3755 3714
f 3758 3714 3741
f 3680 3854 3837
f 3680 3837 3694
f 3840 3703 3702
f 3647 3648 3612
f 3647 3612 3629
f 3612 3648 3621
f 3612 3621 3620
f 3629 3657 3842
f 3629 3842 3864
f 3728 3713 3712
f 3684 3610 3669
f 3271 3843 3839
f 3271 3839 3269
f 3695 3837 3677
f 3269 3839 3836
f 3269 3836 3411
f 3524 3597 3577
f 3524 3577 3511
f 3495 3831 3834
f 3495 3834 3265
f 3837 3840 3701
f 3837 3701 3700
f 3698 3833 3699
f 3744 3827 3663
f 4176 4720 3744
f 3736 3737 3735
f 3735 3733 3734
f 3733 3735 3737
f 3733 3737 3724
f 3723 3719 3729
f 3723 3729 3730
f 3732 3733 3724
f 3732 3724 3731
f 3739 3719 3723
f 3739 3723 3738
f 3756 3708 3751
f 3715 3753 3754
f 3715 3754 3709
f 3830 3697 3671
f 3830 3671 3833
f 3745 3748 3749
f 3745 3749 3720
f 3699 3833 3671
f 3796 3795 3799
f 3798 3340 3800
f 3795 3797 3801
f 3798 3796 3802
f 3800 3805 3810
f 3800 3810 3337
f 3810 3818 3815
f 3810 3815 3807
f 3426 3804 3809
f 3426 3809 3802
f 3340 3806 3805
f 3340 3805 3800
f 3337 3810 3807
f 3337 3807 3801
f 3425 3808 3803
f 3425 3803 3799
f 3801 3807 3808
f 3801 3808 3425
f 3802 3809 3806
f 3802 3806 3340
f 3799 3803 3804
f 3799 3804 3426
f 3812 3811 3814
f 3812 3814 3817
f 3808 3816 3811
f 3808 3811 3803
f 3807 3815 3816
f 3807 3816 3808
f 3803 3811 3812
f 3803 3812 3804
f 3809 3817 3814
f 3809 3814 3806
f 3805 3813 3818
f 3805 3818 3810
f 3804 3812 3817
f 3804 3817 3809
f 3806 3814 3813
f 3806 3813 3805
f 3814 3811 3816
f 3814 3816 3813
f 3816 3815 3818
f 3816 3818 3813
f 3778 3779 3782
f 3778 3782 3790
f 3778 3790 3794
f 3778 3794 3783
f 3780 3783 3794
f 3780 3794 3785
f 3781 3780 3785
f 3781 3785 3784
f 3792 3781 3784
f 3792 3784 3774
f 3774 3770 3769
f 3774 3769 3792
f 3767 3766 3769
f 3767 3769 3770
f 3768 3766 3767
f 3768 3767 3771
f 3771 3777 3789
f 3771 3789 3768
f 3791 3787 3789
f 3791 3789 3777
f 3787 3791 3793
f 3787 3793 3786
f 3788 3786 3793
f 3788 3793 3773
f 3772 3775 3788
f 3772 3788 3773
f 3775 3772 3776
f 3067 2577 3824
f 3067 3824 3820
f 3980 3982 3981
f 3358 3822 3819
f 3358 3819 3310
f 3274 3579 3821
f 3981 3997 3822
f 3981 3822 3358
f 3274 3821 3823
f 3274 3823 3275
f 3820 3824 3253
f 3820 3253 3819
f 3825 3310 3819
f 3824 3826 3825
f 3824 3825 3253
f 2577 3076 3826
f 2577 3826 3824
f 3473 3476 3992
f 3473 3992 3456
f 3860 3862 3865
f 3860 3865 3863
f 3862 3861 3864
f 3862 3864 3865
f 3840 3841 3844
f 3840 3844 3842
f 3841 3839 3843
f 3841 3843 3844
f 3837 3838 3841
f 3837 3841 3840
f 3838 3836 3839
f 3838 3839 3841
f 3852 3853 3856
f 3852 3856 3854
f 3853 3851 3855
f 3853 3855 3856
f 3842 3844 3865
f 3842 3865 3864
f 3844 3843 3863
f 3844 3863 3865
f 3846 3847 3850
f 3846 3850 3848
f 3847 3845 3849
f 3847 3849 3850
f 3845 3847 3853
f 3845 3853 3852
f 3847 3846 3851
f 3847 3851 3853
f 3848 3850 3859
f 3848 3859 3857
f 3850 3849 3858
f 3850 3858 3859
f 3836 3838 3856
f 3836 3856 3855
f 3838 3837 3854
f 3838 3854 3856
f 4171 3829 3827
f 4171 3828 3829
f 3827 3829 3835
f 3827 3835 3833
f 3829 3828 3834
f 3829 3834 3835
f 3831 3832 3835
f 3831 3835 3834
f 3832 3830 3833
f 3832 3833 3835
f 3830 3832 3859
f 3830 3859 3858
f 3832 3831 3857
f 3832 3857 3859
f 3613 3669 3628
f 3727 3712 3713
f 2792 2797 3892
f 2792 3892 3878
f 2776 2792 3878
f 2776 3878 3895
f 2420 2791 3881
f 2420 3881 3884
f 2697 3888 3892
f 2697 3892 2797
f 3552 3888 3872
f 3552 3872 3544
f 2409 2649 3879
f 2409 3879 3896
f 3551 3870 3876
f 3551 3876 3550
f 3550 3876 3890
f 3550 3890 3353
f 3547 3546 3873
f 3547 3873 3875
f 3547 3875 3896
f 3547 3896 3548
f 3291 3534 3868
f 3291 3868 3894
f 2791 2778 3885
f 2791 3885 3881
f 2778 2777 3889
f 2778 3889 3885
f 2777 2776 3895
f 2777 3895 3889
f 3551 3549 3879
f 3551 3879 3870
f 3546 3545 3874
f 3546 3874 3873
f 2635 2639 3887
f 2635 3887 3883
f 2636 2635 3883
f 2636 3883 3893
f 2436 2636 3893
f 2436 3893 3886
f 3349 3880 3886
f 3349 3886 3348
f 2639 2434 3882
f 2639 3882 3887
f 3295 3297 3871
f 3295 3871 3869
f 3293 3295 3869
f 3293 3869 3867
f 3534 3293 3867
f 3534 3867 3868
f 3289 3291 3894
f 3289 3894 3891
f 3545 3544 3872
f 3545 3872 3874
f 3287 3289 3891
f 3287 3891 3884
f 3299 3301 3882
f 3299 3882 3877
f 3297 3299 3877
f 3297 3877 3871
f 3349 3353 3890
f 3349 3890 3880
f 3936 3900 3902
f 3936 3902 3937
f 3937 3902 2648
f 3937 2648 3228
f 3874 3898 3897
f 3874 3897 3873
f 3875 3899 3162
f 3875 3162 2647
f 3935 3905 3163
f 3935 3163 3225
f 3934 3904 3903
f 3934 3903 3933
f 3231 3169 3901
f 3231 3901 3938
f 3938 3901 3900
f 3938 3900 3936
f 3925 3908 3168
f 3925 3168 3213
f 3917 3907 3906
f 3917 3906 3916
f 3933 3903 3905
f 3933 3905 3935
f 3222 3174 3904
f 3222 3904 3934
f 3906 3907 3179
f 3906 3179 3178
f 3908 3906 3178
f 3908 3178 3168
f 3916 3906 3908
f 3916 3908 3925
f 3173 3179 3907
f 3173 3907 3917
f 3174 3189 3924
f 3174 3924 3904
f 3189 3188 3923
f 3189 3923 3924
f 3188 3187 3922
f 3188 3922 3923
f 3187 3186 3921
f 3187 3921 3922
f 3186 3185 3920
f 3186 3920 3921
f 3185 3184 3919
f 3185 3919 3920
f 3184 3183 3918
f 3184 3918 3919
f 3183 3173 3917
f 3183 3917 3918
f 3903 3909 3932
f 3903 3932 3905
f 3909 3910 3931
f 3909 3931 3932
f 3910 3911 3930
f 3910 3930 3931
f 3911 3912 3929
f 3911 3929 3930
f 3912 3913 3928
f 3912 3928 3929
f 3913 3914 3927
f 3913 3927 3928
f 3914 3915 3926
f 3914 3926 3927
f 3915 3916 3925
f 3915 3925 3926
f 3904 3924 3909
f 3904 3909 3903
f 3924 3923 3910
f 3924 3910 3909
f 3923 3922 3911
f 3923 3911 3910
f 3922 3921 3912
f 3922 3912 3911
f 3921 3920 3913
f 3921 3913 3912
f 3920 3919 3914
f 3920 3914 3913
f 3919 3918 3915
f 3919 3915 3914
f 3918 3917 3916
f 3918 3916 3915
f 3905 3932 3206
f 3905 3206 3163
f 3932 3931 3207
f 3932 3207 3206
f 3931 3930 3208
f 3931 3208 3207
f 3930 3929 3209
f 3930 3209 3208
f 3929 3928 3210
f 3929 3210 3209
f 3928 3927 3211
f 3928 3211 3210
f 3927 3926 3212
f 3927 3212 3211
f 3926 3925 3213
f 3926 3213 3212
f 3169 3222 3934
f 3169 3934 3901
f 3900 3933 3935
f 3900 3935 3902
f 3901 3934 3933
f 3901 3933 3900
f 3902 3935 3225
f 3902 3225 2648
f 3898 3938 3936
f 3898 3936 3897
f 3164 3231 3938
f 3164 3938 3898
f 3899 3937 3228
f 3899 3228 3162
f 3897 3936 3937
f 3897 3937 3899
f 2647 3233 3939
f 2647 3939 3875
f 3940 3939 3233
f 3940 3233 3232
f 3872 3941 3942
f 3872 3942 3874
f 3874 3942 3236
f 3874 3236 2414
f 2415 3237 3941
f 2415 3941 3872
f 3941 3237 3236
f 3941 3236 3942
f 3557 3249 3250
f 3557 3250 3558
f 3281 3244 3246
f 3281 3246 3321
f 3277 3242 3243
f 3277 3243 3279
f 4439 3240 4438
f 3321 3246 3245
f 3321 3245 3283
f 3556 3248 3249
f 3556 3249 3557
f 3541 3247 3244
f 3541 3244 3281
f 3283 3245 3248
f 3283 3248 3556
f 3273 3240 3242
f 3273 3242 3277
f 3279 3243 3247
f 3279 3247 3541
f 3559 3251 3252
f 3558 3250 3251
f 3558 3251 3559
f 3826 3076 3241
f 3825 3826 3241
f 3825 3241 3274
f 3275 3825 3274
f 3474 3472 3983
f 3474 3983 3987
f 3358 3310 3825
f 3995 3993 3994
f 3956 3958 3960
f 3956 3960 3957
f 3957 3960 3959
f 3957 3959 3955
f 3969 3953 3954
f 3969 3954 3970
f 3970 3954 3952
f 3970 3952 3968
f 3958 3961 3963
f 3958 3963 3960
f 3960 3963 3962
f 3960 3962 3959
f 3961 3965 3967
f 3961 3967 3963
f 3963 3967 3964
f 3963 3964 3962
f 3944 3956 3957
f 3944 3957 3945
f 3945 3957 3955
f 3945 3955 3943
f 3943 3946 3948
f 3943 3948 3945
f 3945 3948 3947
f 3945 3947 3944
f 3946 3949 3951
f 3946 3951 3948
f 3948 3951 3950
f 3948 3950 3947
f 3949 3969 3970
f 3949 3970 3951
f 3951 3970 3968
f 3951 3968 3950
f 3984 3986 3988
f 3984 3988 3985
f 3985 3988 3987
f 3985 3987 3983
f 3997 3981 3982
f 3997 3982 3998
f 3998 3982 3980
f 3998 3980 3996
f 3986 3989 3991
f 3986 3991 3988
f 3988 3991 3990
f 3988 3990 3987
f 3989 3993 3995
f 3989 3995 3991
f 3991 3995 3992
f 3991 3992 3990
f 3972 3984 3985
f 3972 3985 3973
f 3973 3985 3983
f 3973 3983 3971
f 3971 3974 3976
f 3971 3976 3973
f 3973 3976 3975
f 3973 3975 3972
f 3974 3978 3979
f 3974 3979 3976
f 3976 3979 3977
f 3976 3977 3975
f 3978 3997 3998
f 3978 3998 3979
f 3979 3998 3996
f 3979 3996 3977
f 2806 2811 3943
f 2806 3943 3955
f 3964 3967 3966
f 3456 3992 3863
f 3992 3995 3994
f 4178 4719 4715
f 4178 4715 4713
f 4180 4178 4713
f 4180 4713 4714
f 2932 2913 3117
f 3525 4007 4010
f 3525 4010 3528
f 3527 4008 4009
f 3527 4009 3529
f 3528 4010 4008
f 3528 4008 3527
f 3529 4009 4001
f 3529 4001 2743
f 3128 4005 4006
f 3128 4004 4005
f 2741 3999 4006
f 2741 4006 3130
f 2741 2745 4003
f 2741 4003 3999
f 2744 2746 4002
f 2744 4002 4000
f 2745 2744 4000
f 2745 4000 4003
f 2746 2743 4001
f 2746 4001 4002
f 4004 3128 2920
f 3119 3129 4004
f 3119 4004 2904
f 2914 2901 2953
f 2914 2953 2966
f 2901 2907 2959
f 2901 2959 2953
f 2907 2917 2969
f 2907 2969 2959
f 2917 2916 2968
f 2917 2968 2969
f 2916 2929 2981
f 2916 2981 2968
f 2929 2928 2980
f 2929 2980 2981
f 2928 2927 2979
f 2928 2979 2980
f 2927 2926 2978
f 2927 2978 2979
f 2926 2925 2977
f 2926 2977 2978
f 2925 2924 2976
f 2925 2976 2977
f 2924 2923 2975
f 2924 2975 2976
f 2923 2922 2974
f 2923 2974 2975
f 2922 2921 2973
f 2922 2973 2974
f 2921 2911 2963
f 2921 2963 2973
f 2911 2945 2997
f 2911 2997 2963
f 2945 2944 2996
f 2945 2996 2997
f 2944 2943 2995
f 2944 2995 2996
f 2943 2942 2994
f 2943 2994 2995
f 2942 2941 2993
f 2942 2993 2994
f 2941 2912 2964
f 2941 2964 2993
f 2912 2931 2983
f 2912 2983 2964
f 2931 2930 2982
f 2931 2982 2983
f 2930 2915 2967
f 2930 2967 2982
f 2915 2918 2970
f 2915 2970 2967
f 2918 2908 2960
f 2918 2960 2970
f 2908 2900 2952
f 2908 2952 2960
f 2900 2913 2965
f 2900 2965 2952
f 2913 2932 2984
f 2913 2984 2965
f 2932 2898 2950
f 2932 2950 2984
f 2898 2937 2989
f 2898 2989 2950
f 2937 2905 2957
f 2937 2957 2989
f 2905 2939 2991
f 2905 2991 2957
f 2939 2938 2990
f 2939 2990 2991
f 2938 2896 2948
f 2938 2948 2990
f 2896 2940 2992
f 2896 2992 2948
f 2940 2895 2947
f 2940 2947 2992
f 2895 2936 2988
f 2895 2988 2947
f 2936 2909 2961
f 2936 2961 2988
f 2909 2935 2987
f 2909 2987 2961
f 2935 2934 2986
f 2935 2986 2987
f 2934 2933 2985
f 2934 2985 2986
f 2933 2904 2956
f 2933 2956 2985
f 2904 2920 2972
f 2904 2972 2956
f 2920 2902 2954
f 2920 2954 2972
f 2902 2919 2971
f 2902 2971 2954
f 2919 2903 2955
f 2919 2955 2971
f 2903 2910 2962
f 2903 2962 2955
f 2910 2866 2946
f 2910 2946 2962
f 2866 2897 2949
f 2866 2949 2946
f 2897 2906 2958
f 2897 2958 2949
f 2906 2899 2951
f 2906 2951 2958
f 2899 2914 2966
f 2899 2966 2951
f 3679 3722 3711
f 3679 3711 3668
f 3668 3711 3716
f 3668 3716 3673
f 3673 3716 3725
f 3673 3725 3682
f 3682 3725 3724
f 3682 3724 3681
f 3681 3724 3737
f 3681 3737 3693
f 3693 3737 3736
f 3693 3736 3692
f 3692 3736 3735
f 3692 3735 3691
f 3691 3735 3734
f 3691 3734 3690
f 3690 3734 3733
f 3690 3733 3689
f 3689 3733 3732
f 3689 3732 3688
f 3688 3732 3731
f 3688 3731 3687
f 3687 3731 3730
f 3687 3730 3686
f 3686 3730 3729
f 3686 3729 3685
f 3685 3729 3719
f 3685 3719 3676
f 3676 3719 3749
f 3676 3749 3704
f 3704 3749 3748
f 3704 3748 3703
f 3703 3748 3747
f 3703 3747 3702
f 3702 3747 3746
f 3702 3746 3701
f 3701 3746 3745
f 3701 3745 3700
f 3700 3745 3720
f 3700 3720 3677
f 3677 3720 3739
f 3677 3739 3695
f 3695 3739 3738
f 3695 3738 3694
f 3694 3738 3723
f 3694 3723 3680
f 3680 3723 3726
f 3680 3726 3683
f 3683 3726 3717
f 3683 3717 3674
f 3674 3717 3710
f 3674 3710 3667
f 3667 3710 3721
f 3667 3721 3678
f 3678 3721 3740
f 3678 3740 3696
f 3696 3740 3708
f 3696 3708 3665
f 3665 3708 3741
f 3665 3741 3697
f 3697 3741 3714
f 3697 3714 3671
f 3671 3714 3743
f 3671 3743 3699
f 3699 3743 3742
f 3699 3742 3698
f 3698 3742 3706
f 3698 3706 3663
f 3663 3706 3744
f 3728 3712 3669
f 3669 3712 3727
f 3669 3727 3684
f 3684 3727 3713
f 3684 3713 3670
f 3670 3713 3718
f 3670 3718 3675
f 3675 3718 3705
f 3675 3705 3634
f 3634 3705 3707
f 3634 3707 3664
f 3664 3707 3715
f 3664 3715 3672
f 3672 3715 3709
f 3672 3709 3666
f 3666 3709 3722
f 3666 3722 3679
f 4021 4017 4018
f 4021 4018 4022
f 4022 4018 4028
f 4022 4028 4019
f 4032 4039 4040
f 4032 4040 4033
f 4034 4041 4042
f 4034 4042 4036
f 4020 4029 4037
f 4020 4037 4027
f 4019 4028 4029
f 4019 4029 4020
f 4027 4037 4041
f 4027 4041 4034
f 4016 4035 4038
f 4016 4038 4030
f 4015 4031 4035
f 4015 4035 4016
f 4025 4013 4031
f 4025 4031 4015
f 4024 4012 4011
f 4024 4011 4023
f 4033 4040 4017
f 4033 4017 4021
f 4023 4011 4014
f 4023 4014 4026
f 4026 4014 4013
f 4026 4013 4025
f 4030 4038 4039
f 4030 4039 4032
f 4036 4042 4012
f 4036 4012 4024
f 4037 4053 4057
f 4037 4057 4041
f 4040 4056 4047
f 4040 4047 4017
f 4038 4054 4055
f 4038 4055 4039
f 4012 4044 4043
f 4012 4043 4011
f 4028 4049 4050
f 4028 4050 4029
f 4018 4048 4049
f 4018 4049 4028
f 4029 4050 4053
f 4029 4053 4037
f 4042 4058 4044
f 4042 4044 4012
f 4035 4052 4054
f 4035 4054 4038
f 4013 4045 4051
f 4013 4051 4031
f 4041 4057 4058
f 4041 4058 4042
f 4014 4046 4045
f 4014 4045 4013
f 4017 4047 4048
f 4017 4048 4018
f 4011 4043 4046
f 4011 4046 4014
f 4031 4051 4052
f 4031 4052 4035
f 4039 4055 4056
f 4039 4056 4040
f 4058 4074 4060
f 4058 4060 4044
f 4052 4068 4070
f 4052 4070 4054
f 4044 4060 4059
f 4044 4059 4043
f 4057 4073 4074
f 4057 4074 4058
f 4043 4059 4062
f 4043 4062 4046
f 4046 4062 4061
f 4046 4061 4045
f 4055 4071 4072
f 4055 4072 4056
f 4047 4063 4064
f 4047 4064 4048
f 4053 4069 4073
f 4053 4073 4057
f 4049 4065 4066
f 4049 4066 4050
f 4056 4072 4063
f 4056 4063 4047
f 4045 4061 4067
f 4045 4067 4051
f 4054 4070 4071
f 4054 4071 4055
f 4051 4067 4068
f 4051 4068 4052
f 4048 4064 4065
f 4048 4065 4049
f 4050 4066 4069
f 4050 4069 4053
f 4082 4085 4083
f 4080 4085 4081
f 4078 4085 4079
f 4075 4085 4077
f 4084 4085 4076
f 4081 4085 4082
f 4079 4085 4080
f 4077 4085 4078
f 4076 4085 4075
f 4083 4085 4084
f 4060 4075 4077
f 4060 4077 4059
f 4059 4077 4062
f 4062 4077 4061
f 4078 4061 4077
f 4067 4061 4078
f 4079 4067 4078
f 4068 4067 4079
f 4068 4079 4070
f 4080 4070 4079
f 4071 4070 4080
f 4081 4071 4080
f 4072 4071 4081
f 4072 4081 4063
f 4082 4063 4081
f 4064 4063 4082
f 4083 4064 4082
f 4064 4083 4065
f 4066 4065 4083
f 4084 4066 4083
f 4069 4066 4084
f 4076 4069 4084
f 4069 4076 4073
f 4074 4073 4076
f 4074 4075 4060
f 4075 4074 4076
f 4096 4097 4093
f 4096 4093 4092
f 4097 4094 4103
f 4097 4103 4093
f 4107 4108 4115
f 4107 4115 4114
f 4109 4111 4117
f 4109 4117 4116
f 4095 4102 4112
f 4095 4112 4104
f 4094 4095 4104
f 4094 4104 4103
f 4102 4109 4116
f 4102 4116 4112
f 4091 4105 4113
f 4091 4113 4110
f 4090 4091 4110
f 4090 4110 4106
f 4100 4090 4106
f 4100 4106 4088
f 4099 4098 4086
f 4099 4086 4087
f 4108 4096 4092
f 4108 4092 4115
f 4098 4101 4089
f 4098 4089 4086
f 4101 4100 4088
f 4101 4088 4089
f 4105 4107 4114
f 4105 4114 4113
f 4111 4099 4087
f 4111 4087 4117
f 4112 4116 4132
f 4112 4132 4128
f 4115 4092 4122
f 4115 4122 4131
f 4113 4114 4130
f 4113 4130 4129
f 4087 4086 4118
f 4087 4118 4119
f 4103 4104 4125
f 4103 4125 4124
f 4093 4103 4124
f 4093 4124 4123
f 4104 4112 4128
f 4104 4128 4125
f 4117 4087 4119
f 4117 4119 4133
f 4110 4113 4129
f 4110 4129 4127
f 4088 4106 4126
f 4088 4126 4120
f 4116 4117 4133
f 4116 4133 4132
f 4089 4088 4120
f 4089 4120 4121
f 4092 4093 4123
f 4092 4123 4122
f 4086 4089 4121
f 4086 4121 4118
f 4106 4110 4127
f 4106 4127 4126
f 4114 4115 4131
f 4114 4131 4130
f 4133 4119 4135
f 4133 4135 4149
f 4127 4129 4145
f 4127 4145 4143
f 4119 4118 4134
f 4119 4134 4135
f 4132 4133 4149
f 4132 4149 4148
f 4118 4121 4137
f 4118 4137 4134
f 4121 4120 4136
f 4121 4136 4137
f 4130 4131 4147
f 4130 4147 4146
f 4122 4123 4139
f 4122 4139 4138
f 4128 4132 4148
f 4128 4148 4144
f 4124 4125 4141
f 4124 4141 4140
f 4131 4122 4138
f 4131 4138 4147
f 4120 4126 4142
f 4120 4142 4136
f 4129 4130 4146
f 4129 4146 4145
f 4126 4127 4143
f 4126 4143 4142
f 4123 4124 4140
f 4123 4140 4139
f 4125 4128 4144
f 4125 4144 4141
f 4157 4158 4160
f 4155 4156 4160
f 4153 4154 4160
f 4150 4152 4160
f 4159 4151 4160
f 4156 4157 4160
f 4154 4155 4160
f 4152 4153 4160
f 4151 4150 4160
f 4158 4159 4160
f 4135 4134 4152
f 4135 4152 4150
f 4134 4137 4152
f 4137 4136 4152
f 4153 4152 4136
f 4142 4153 4136
f 4154 4153 4142
f 4143 4154 4142
f 4143 4145 4154
f 4155 4154 4145
f 4146 4155 4145
f 4156 4155 4146
f 4147 4156 4146
f 4147 4138 4156
f 4157 4156 4138
f 4139 4157 4138
f 4158 4157 4139
f 4139 4140 4158
f 4141 4158 4140
f 4159 4158 4141
f 4144 4159 4141
f 4151 4159 4144
f 4144 4148 4151
f 4149 4151 4148
f 4149 4135 4150
f 4150 4151 4149
f 3259 3828 4171
f 3314 4172 4169
f 3314 4169 3385
f 3259 4171 4170
f 3259 4170 3370
f 3370 4170 4172
f 3370 4172 3314
f 3385 4169 4161
f 3385 4161 2396
f 2439 4164 4168
f 2439 4168 3081
f 3079 4167 4168
f 3079 4168 3077
f 3078 4166 4167
f 3078 4167 3079
f 2494 2573 4162
f 2494 4162 4165
f 2439 2557 4163
f 2439 4163 4164
f 2557 2494 4165
f 2557 4165 4163
f 2573 2396 4161
f 2573 4161 4162
f 3827 4721 4171
f 4166 3078 2895
f 4166 2895 2940
f 4175 4007 3525
f 4173 4174 4180
f 4173 4180 4179
f 4174 4178 4180
f 3525 3512 3262
f 3525 3262 4576
f 4715 4719 4177
f 4715 4177 4716
f 3744 4718 4181
f 3744 4181 4176
f 4179 4180 4714
f 4179 4714 4712
f 3260 4171 4176
f 3260 4176 4174
f 2747 3532 4196
f 2747 4196 4186
f 2735 2802 4190
f 2735 4190 4183
f 4503 2736 4184
f 3531 3520 4192
f 3531 4192 4195
f 3522 3521 4193
f 2737 2738 4185
f 3519 3522 4193
f 3519 4193 4191
f 2749 2748 4187
f 2749 4187 4188
f 3530 3531 4195
f 3530 4195 4194
f 2748 2750 4189
f 2748 4189 4187
f 2750 2747 4186
f 2750 4186 4189
f 3570 3519 4191
f 3570 4191 4197
f 3532 3530 4194
f 3532 4194 4196
f 2738 2735 4183
f 2738 4183 4185
f 3520 3570 4197
f 3520 4197 4192
f 2736 2749 4188
f 2736 4188 4184
f 4198 4203 4219
f 4198 4219 4214
f 4210 4207 4223
f 4210 4223 4226
f 4222 4348 4397
f 4222 4397 4274
f 4337 4211 4227
f 4337 4227 4351
f 4202 4330 4344
f 4202 4344 4218
f 4206 4334 4348
f 4206 4348 4222
f 4326 4199 4215
f 4326 4215 4340
f 4354 4278 4218
f 4354 4218 4344
f 4226 4223 4275
f 4226 4275 4322
f 4271 4400 4403
f 4271 4403 4267
f 4267 4403 4406
f 4267 4406 4263
f 4263 4406 4409
f 4263 4409 4259
f 4259 4409 4412
f 4259 4412 4255
f 4255 4412 4416
f 4255 4416 4251
f 4251 4416 4420
f 4251 4420 4247
f 4247 4420 4424
f 4247 4424 4243
f 4243 4424 4428
f 4243 4428 4239
f 4239 4428 4431
f 4239 4431 4235
f 4235 4431 4434
f 4235 4434 4231
f 4274 4397 4400
f 4274 4400 4271
f 4351 4227 4323
f 4351 4323 4393
f 4393 4323 4318
f 4393 4318 4390
f 4390 4318 4314
f 4390 4314 4386
f 4386 4314 4310
f 4386 4310 4382
f 4382 4310 4306
f 4382 4306 4378
f 4378 4306 4302
f 4378 4302 4374
f 4374 4302 4298
f 4374 4298 4370
f 4370 4298 4294
f 4370 4294 4367
f 4367 4294 4290
f 4367 4290 4364
f 4364 4290 4286
f 4364 4286 4361
f 4361 4286 4282
f 4361 4282 4358
f 4358 4282 4278
f 4358 4278 4354
f 4231 4434 4340
f 4231 4340 4215
f 4322 4275 4270
f 4322 4270 4319
f 4319 4270 4266
f 4319 4266 4315
f 4315 4266 4262
f 4315 4262 4311
f 4311 4262 4258
f 4311 4258 4307
f 4307 4258 4254
f 4307 4254 4303
f 4303 4254 4250
f 4303 4250 4299
f 4299 4250 4246
f 4299 4246 4295
f 4295 4246 4242
f 4295 4242 4291
f 4291 4242 4238
f 4291 4238 4287
f 4287 4238 4234
f 4287 4234 4283
f 4283 4234 4230
f 4283 4230 4279
f 4279 4230 4214
f 4279 4214 4219
f 4219 4203 4205
f 4219 4205 4221
f 4221 4205 4204
f 4221 4204 4220
f 4220 4204 4202
f 4220 4202 4218
f 4198 4214 4216
f 4198 4216 4200
f 4200 4216 4217
f 4200 4217 4201
f 4201 4217 4215
f 4201 4215 4199
f 4206 4222 4224
f 4206 4224 4208
f 4208 4224 4225
f 4208 4225 4209
f 4209 4225 4223
f 4209 4223 4207
f 4227 4211 4213
f 4227 4213 4229
f 4229 4213 4212
f 4229 4212 4228
f 4228 4212 4210
f 4228 4210 4226
f 4226 4322 4324
f 4226 4324 4228
f 4228 4324 4325
f 4228 4325 4229
f 4229 4325 4323
f 4229 4323 4227
f 4222 4274 4276
f 4222 4276 4224
f 4224 4276 4277
f 4224 4277 4225
f 4225 4277 4275
f 4225 4275 4223
f 4214 4230 4232
f 4214 4232 4216
f 4216 4232 4233
f 4216 4233 4217
f 4217 4233 4231
f 4217 4231 4215
f 4230 4234 4236
f 4230 4236 4232
f 4232 4236 4237
f 4232 4237 4233
f 4233 4237 4235
f 4233 4235 4231
f 4234 4238 4240
f 4234 4240 4236
f 4236 4240 4241
f 4236 4241 4237
f 4237 4241 4239
f 4237 4239 4235
f 4238 4242 4244
f 4238 4244 4240
f 4240 4244 4245
f 4240 4245 4241
f 4241 4245 4243
f 4241 4243 4239
f 4242 4246 4248
f 4242 4248 4244
f 4244 4248 4249
f 4244 4249 4245
f 4245 4249 4247
f 4245 4247 4243
f 4246 4250 4252
f 4246 4252 4248
f 4248 4252 4253
f 4248 4253 4249
f 4249 4253 4251
f 4249 4251 4247
f 4250 4254 4256
f 4250 4256 4252
f 4252 4256 4257
f 4252 4257 4253
f 4253 4257 4255
f 4253 4255 4251
f 4254 4258 4260
f 4254 4260 4256
f 4256 4260 4261
f 4256 4261 4257
f 4257 4261 4259
f 4257 4259 4255
f 4258 4262 4264
f 4258 4264 4260
f 4260 4264 4265
f 4260 4265 4261
f 4261 4265 4263
f 4261 4263 4259
f 4262 4266 4268
f 4262 4268 4264
f 4264 4268 4269
f 4264 4269 4265
f 4265 4269 4267
f 4265 4267 4263
f 4266 4270 4272
f 4266 4272 4268
f 4268 4272 4273
f 4268 4273 4269
f 4269 4273 4271
f 4269 4271 4267
f 4270 4275 4277
f 4270 4277 4272
f 4272 4277 4276
f 4272 4276 4273
f 4273 4276 4274
f 4273 4274 4271
f 4218 4278 4280
f 4218 4280 4220
f 4220 4280 4281
f 4220 4281 4221
f 4221 4281 4279
f 4221 4279 4219
f 4278 4282 4284
f 4278 4284 4280
f 4280 4284 4285
f 4280 4285 4281
f 4281 4285 4283
f 4281 4283 4279
f 4282 4286 4288
f 4282 4288 4284
f 4284 4288 4289
f 4284 4289 4285
f 4285 4289 4287
f 4285 4287 4283
f 4286 4290 4292
f 4286 4292 4288
f 4288 4292 4293
f 4288 4293 4289
f 4289 4293 4291
f 4289 4291 4287
f 4290 4294 4296
f 4290 4296 4292
f 4292 4296 4297
f 4292 4297 4293
f 4293 4297 4295
f 4293 4295 4291
f 4294 4298 4300
f 4294 4300 4296
f 4296 4300 4301
f 4296 4301 4297
f 4297 4301 4299
f 4297 4299 4295
f 4298 4302 4304
f 4298 4304 4300
f 4300 4304 4305
f 4300 4305 4301
f 4301 4305 4303
f 4301 4303 4299
f 4302 4306 4308
f 4302 4308 4304
f 4304 4308 4309
f 4304 4309 4305
f 4305 4309 4307
f 4305 4307 4303
f 4306 4310 4312
f 4306 4312 4308
f 4308 4312 4313
f 4308 4313 4309
f 4309 4313 4311
f 4309 4311 4307
f 4310 4314 4316
f 4310 4316 4312
f 4312 4316 4317
f 4312 4317 4313
f 4313 4317 4315
f 4313 4315 4311
f 4314 4318 4320
f 4314 4320 4316
f 4316 4320 4321
f 4316 4321 4317
f 4317 4321 4319
f 4317 4319 4315
f 4318 4323 4325
f 4318 4325 4320
f 4320 4325 4324
f 4320 4324 4321
f 4321 4324 4322
f 4321 4322 4319
f 4327 4341 4345
f 4327 4345 4331
f 4331 4345 4346
f 4331 4346 4332
f 4332 4346 4344
f 4332 4344 4330
f 4341 4327 4329
f 4341 4329 4343
f 4343 4329 4328
f 4343 4328 4342
f 4342 4328 4326
f 4342 4326 4340
f 4337 4351 4352
f 4337 4352 4338
f 4338 4352 4353
f 4338 4353 4339
f 4339 4353 4347
f 4339 4347 4333
f 4348 4334 4336
f 4348 4336 4350
f 4350 4336 4335
f 4350 4335 4349
f 4349 4335 4333
f 4349 4333 4347
f 4340 4434 4436
f 4340 4436 4342
f 4342 4436 4437
f 4342 4437 4343
f 4343 4437 4435
f 4343 4435 4341
f 4351 4393 4395
f 4351 4395 4352
f 4352 4395 4396
f 4352 4396 4353
f 4353 4396 4394
f 4353 4394 4347
f 4341 4435 4355
f 4341 4355 4345
f 4345 4355 4356
f 4345 4356 4346
f 4346 4356 4354
f 4346 4354 4344
f 4435 4357 4359
f 4435 4359 4355
f 4355 4359 4360
f 4355 4360 4356
f 4356 4360 4358
f 4356 4358 4354
f 4357 4427 4362
f 4357 4362 4359
f 4359 4362 4363
f 4359 4363 4360
f 4360 4363 4361
f 4360 4361 4358
f 4427 4423 4365
f 4427 4365 4362
f 4362 4365 4366
f 4362 4366 4363
f 4363 4366 4364
f 4363 4364 4361
f 4423 4419 4368
f 4423 4368 4365
f 4365 4368 4369
f 4365 4369 4366
f 4366 4369 4367
f 4366 4367 4364
f 4419 4415 4371
f 4419 4371 4368
f 4368 4371 4372
f 4368 4372 4369
f 4369 4372 4370
f 4369 4370 4367
f 4415 4373 4375
f 4415 4375 4371
f 4371 4375 4376
f 4371 4376 4372
f 4372 4376 4374
f 4372 4374 4370
f 4373 4377 4379
f 4373 4379 4375
f 4375 4379 4380
f 4375 4380 4376
f 4376 4380 4378
f 4376 4378 4374
f 4377 4381 4383
f 4377 4383 4379
f 4379 4383 4384
f 4379 4384 4380
f 4380 4384 4382
f 4380 4382 4378
f 4381 4385 4387
f 4381 4387 4383
f 4383 4387 4388
f 4383 4388 4384
f 4384 4388 4386
f 4384 4386 4382
f 4385 4389 4391
f 4385 4391 4387
f 4387 4391 4392
f 4387 4392 4388
f 4388 4392 4390
f 4388 4390 4386
f 4389 4394 4396
f 4389 4396 4391
f 4391 4396 4395
f 4391 4395 4392
f 4392 4395 4393
f 4392 4393 4390
f 4347 4394 4398
f 4347 4398 4349
f 4349 4398 4399
f 4349 4399 4350
f 4350 4399 4397
f 4350 4397 4348
f 4394 4389 4401
f 4394 4401 4398
f 4398 4401 4402
f 4398 4402 4399
f 4399 4402 4400
f 4399 4400 4397
f 4389 4385 4404
f 4389 4404 4401
f 4401 4404 4405
f 4401 4405 4402
f 4402 4405 4403
f 4402 4403 4400
f 4385 4381 4407
f 4385 4407 4404
f 4404 4407 4408
f 4404 4408 4405
f 4405 4408 4406
f 4405 4406 4403
f 4381 4377 4410
f 4381 4410 4407
f 4407 4410 4411
f 4407 4411 4408
f 4408 4411 4409
f 4408 4409 4406
f 4377 4373 4413
f 4377 4413 4410
f 4410 4413 4414
f 4410 4414 4411
f 4411 4414 4412
f 4411 4412 4409
f 4373 4415 4417
f 4373 4417 4413
f 4413 4417 4418
f 4413 4418 4414
f 4414 4418 4416
f 4414 4416 4412
f 4415 4419 4421
f 4415 4421 4417
f 4417 4421 4422
f 4417 4422 4418
f 4418 4422 4420
f 4418 4420 4416
f 4419 4423 4425
f 4419 4425 4421
f 4421 4425 4426
f 4421 4426 4422
f 4422 4426 4424
f 4422 4424 4420
f 4423 4427 4429
f 4423 4429 4425
f 4425 4429 4430
f 4425 4430 4426
f 4426 4430 4428
f 4426 4428 4424
f 4427 4357 4432
f 4427 4432 4429
f 4429 4432 4433
f 4429 4433 4430
f 4430 4433 4431
f 4430 4431 4428
f 4357 4435 4437
f 4357 4437 4432
f 4432 4437 4436
f 4432 4436 4433
f 4433 4436 4434
f 4433 4434 4431
f 4207 3260 4209
f 3260 4174 4209
f 4443 4444 3588
f 4463 4466 4465
f 4463 4465 4464
f 4486 4485 4472
f 4486 4472 4468
f 4440 4442 3452
f 4440 3452 3455
f 4522 4504 4494
f 4483 4484 4471
f 4483 4471 4470
f 4450 3273 3452
f 4485 4488 4473
f 4485 4473 4472
f 4488 4489 4469
f 4488 4469 4473
f 4495 4498 4514
f 4498 4490 4475
f 4498 4475 4499
f 4520 4522 4494
f 4520 4494 4493
f 4490 4491 4467
f 4490 4467 4475
f 4491 4486 4468
f 4491 4468 4467
f 4484 4492 4476
f 4484 4476 4471
f 4489 4483 4470
f 4489 4470 4469
f 4508 4505 4482
f 4508 4482 4478
f 4492 4487 4477
f 4492 4477 4476
f 4451 4453 4467
f 4451 4467 4468
f 4455 4452 4469
f 4455 4469 4470
f 4454 4455 4470
f 4454 4470 4471
f 4456 4451 4468
f 4456 4468 4472
f 4457 4456 4472
f 4457 4472 4473
f 4452 4457 4473
f 4452 4473 4469
f 4501 4458 4474
f 4501 4474 4499
f 4453 4459 4475
f 4453 4475 4467
f 4460 4454 4471
f 4460 4471 4476
f 4461 4460 4476
f 4461 4476 4477
f 4502 4461 4477
f 4502 4477 4500
f 4458 4463 4479
f 4458 4479 4474
f 4463 4464 4480
f 4463 4480 4479
f 4464 4465 4481
f 4464 4481 4480
f 4465 4466 4482
f 4465 4482 4481
f 4466 4462 4478
f 4466 4478 4482
f 4501 4502 4462
f 4501 4462 4458
f 4458 4462 4466
f 4458 4466 4463
f 4453 4460 4461
f 4453 4461 4459
f 4456 4457 4452
f 4456 4452 4455
f 4453 4451 4454
f 4453 4454 4460
f 4451 4456 4455
f 4451 4455 4454
f 3575 4446 4445
f 3575 4445 3454
f 3588 4441 4446
f 3588 4446 3575
f 4448 4449 4487
f 4448 4487 4492
f 4439 4494 4507
f 4441 4444 4483
f 4441 4483 4489
f 4443 4448 4492
f 4443 4492 4484
f 4523 4519 4480
f 4523 4480 4481
f 4442 4440 4486
f 4442 4486 4491
f 4447 4442 4491
f 4447 4491 4490
f 4519 4516 4479
f 4519 4479 4480
f 4495 4447 4490
f 4495 4490 4498
f 4439 4438 4493
f 4439 4493 4494
f 4446 4441 4489
f 4446 4489 4488
f 4445 4446 4488
f 4445 4488 4485
f 4514 4498 4499
f 4444 4443 4484
f 4444 4484 4483
f 4505 4523 4481
f 4505 4481 4482
f 4440 4445 4485
f 4440 4485 4486
f 4516 4512 4474
f 4516 4474 4479
f 4508 4478 4500
f 4449 4496 4497
f 4449 4497 4487
f 4517 4520 4493
f 4459 4461 4502
f 4459 4502 4501
f 4462 4502 4500
f 4462 4500 4478
f 4459 4501 4499
f 4459 4499 4475
f 4513 4517 4493
f 4487 4497 4500
f 4487 4500 4477
f 3966 3965 3125
f 3966 3125 3122
f 2802 4503 4184
f 2802 4184 4190
f 2736 4503 3128
f 2904 4004 2920
f 3999 2736 4006
f 4511 4508 4509
f 4505 4508 4511
f 4505 4511 4506
f 4506 4511 4507
f 4506 4507 4504
f 4523 4505 4506
f 4523 4506 4524
f 4524 4506 4504
f 4524 4504 4522
f 4512 4516 4518
f 4512 4518 4515
f 4515 4518 4517
f 4515 4517 4513
f 4516 4519 4521
f 4516 4521 4518
f 4518 4521 4520
f 4518 4520 4517
f 4519 4523 4524
f 4519 4524 4521
f 4521 4524 4522
f 4521 4522 4520
f 4504 4507 4494
f 4512 4515 4514
f 4515 4513 4450
f 4515 4450 4514
f 4507 4511 4509
f 4507 4509 4510
f 2879 2832 3964
f 3964 3966 3123
f 3966 3122 3123
f 3122 3124 3123
f 3044 2616 3047
f 3047 2615 3043
f 3045 2524 3048
f 3048 2527 3046
f 3043 2615 3049
f 3049 2524 3045
f 3046 2527 3050
f 3050 2616 3044
f 3074 2545 2455
f 2545 3952 2455
f 3952 3954 3953
f 3993 3600 3647
f 3647 3861 3993
f 3861 3862 3860
f 3993 3861 3994
f 3604 3274 4439
f 4439 4510 3580
f 4510 4496 3580
f 4439 3580 3605
f 3604 4439 3605
f 4496 4449 3580
f 4443 3573 4448
f 3573 3580 4449
f 3799 3426 3796
f 3795 3425 3799
f 3800 3337 3797
f 3797 3798 3800
f 3801 3425 3795
f 3797 3337 3801
f 3802 3340 3798
f 3796 3426 3802
f 3981 3358 3275
f 3358 3825 3275
f 3275 3980 3981
f 4439 3274 3241
f 3241 3240 4439
f 3240 3273 4438
f 3588 3573 4443
f 4444 4441 3588
f 3452 4442 4447
f 3452 4447 4495
f 3273 3272 3452
f 4450 4438 3273
f 3452 4495 4450
f 4497 4496 4509
f 4496 4510 4509
f 4450 4495 4514
f 4510 4439 4507
f 4474 4512 4499
f 4512 4514 4499
f 4493 4438 4513
f 4438 4450 4513
f 4500 4497 4509
f 4509 4508 4500
f 4527 4538 4541
f 4527 4541 4530
f 4528 4540 4542
f 4528 4542 4531
f 4530 4541 4540
f 4530 4540 4528
f 4531 4542 4539
f 4531 4539 4526
f 4570 4546 4543
f 4570 4543 4569
f 4571 4545 4544
f 4571 4544 4568
f 4568 4544 4546
f 4568 4546 4570
f 4567 4534 4545
f 4567 4545 4571
f 4548 4551 4561
f 4548 4561 4559
f 4549 4552 4562
f 4549 4562 4560
f 4551 4549 4560
f 4551 4560 4561
f 4552 4526 4539
f 4552 4539 4562
f 4574 4569 4543
f 4574 4543 4565
f 4575 4573 4563
f 4575 4563 4564
f 4573 4574 4565
f 4573 4565 4563
f 4572 4575 4564
f 4572 4564 4555
f 4559 4561 4575
f 4559 4575 4572
f 4560 4562 4574
f 4560 4574 4573
f 4561 4560 4573
f 4561 4573 4575
f 4562 4539 4569
f 4562 4569 4574
f 4538 4567 4571
f 4538 4571 4541
f 4540 4568 4570
f 4540 4570 4542
f 4541 4571 4568
f 4541 4568 4540
f 4542 4570 4569
f 4542 4569 4539
f 3504 4173 4576
f 3504 4576 3262
f 4175 3525 4576
f 4543 4580 4590
f 4543 4590 4565
f 4533 4577 4584
f 4533 4584 4547
f 4564 4589 4586
f 4564 4586 4555
f 4557 4587 4556
f 4535 4579 4536
f 4554 4585 4587
f 4554 4587 4557
f 4545 4582 4581
f 4545 4581 4544
f 4563 4588 4589
f 4563 4589 4564
f 4544 4581 4583
f 4544 4583 4546
f 4546 4583 4580
f 4546 4580 4543
f 4566 4591 4585
f 4566 4585 4554
f 4565 4590 4588
f 4565 4588 4563
f 4536 4579 4577
f 4536 4577 4533
f 4555 4586 4591
f 4555 4591 4566
f 4534 4578 4582
f 4534 4582 4545
f 4547 4584 4578
f 4547 4578 4534
f 2739 2737 4535
f 2739 4535 4537
f 2725 2734 4532
f 2725 4532 4525
f 2734 2730 4529
f 2734 4529 4532
f 2730 2739 4537
f 2730 4537 4529
f 3521 3523 4558
f 3521 4558 4556
f 3518 2725 4525
f 3518 4525 4553
f 3514 3518 4553
f 3514 4553 4550
f 3523 3514 4550
f 3523 4550 4558
f 4184 4188 4582
f 4184 4582 4578
f 4190 4184 4578
f 4190 4578 4584
f 4185 4183 4577
f 4185 4577 4579
f 4183 4190 4584
f 4183 4584 4577
f 4188 4187 4581
f 4188 4581 4582
f 4187 4189 4583
f 4187 4583 4581
f 4189 4186 4580
f 4189 4580 4583
f 4195 4192 4586
f 4195 4586 4589
f 4192 4197 4591
f 4192 4591 4586
f 4191 4193 4587
f 4191 4587 4585
f 4197 4191 4585
f 4197 4585 4591
f 4194 4195 4589
f 4194 4589 4588
f 4196 4194 4588
f 4196 4588 4590
f 4186 4196 4590
f 4186 4590 4580
f 4193 3521 4556
f 4193 4556 4587
f 2737 4185 4579
f 2737 4579 4535
f 4207 4210 3260
f 4212 3260 4210
f 4213 3260 4212
f 4211 3504 3260
f 4211 3260 4213
f 4211 4337 3504
f 4338 3504 4337
f 4339 4173 3504
f 4339 3504 4338
f 4333 4173 4339
f 4335 4173 4333
f 4173 4335 4336
f 4173 4336 4174
f 4334 4174 4336
f 4334 4206 4174
f 4208 4174 4206
f 4209 4174 4208
f 4328 4173 4179
f 4328 4179 4326
f 4329 4173 4328
f 4327 4173 4329
f 4331 4173 4327
f 4332 4576 4173
f 4332 4173 4331
f 4332 4330 4576
f 4202 4576 4330
f 4204 4175 4576
f 4204 4576 4202
f 4205 4175 4204
f 4203 4175 4205
f 4203 4198 4175
f 4200 4175 4198
f 4175 4200 4201
f 4175 4201 4179
f 4199 4179 4201
f 4326 4179 4199
f 4530 4528 4595
f 4530 4595 4597
f 4534 4567 4620
f 4534 4620 4605
f 4559 4572 4621
f 4559 4621 4617
f 4528 4531 4598
f 4528 4598 4595
f 4525 4532 4599
f 4525 4599 4592
f 4572 4555 4619
f 4572 4619 4621
f 4527 4530 4597
f 4527 4597 4594
f 4554 4557 4615
f 4554 4615 4613
f 4555 4566 4618
f 4555 4618 4619
f 4550 4553 4612
f 4550 4612 4609
f 4557 4556 4614
f 4557 4614 4615
f 4567 4538 4606
f 4567 4606 4620
f 4558 4550 4609
f 4558 4609 4616
f 4556 4558 4616
f 4556 4616 4614
f 4566 4554 4613
f 4566 4613 4618
f 4549 4551 4610
f 4549 4610 4608
f 4536 4533 4600
f 4536 4600 4602
f 4552 4549 4608
f 4552 4608 4611
f 4526 4552 4611
f 4526 4611 4593
f 4535 4536 4602
f 4535 4602 4601
f 4553 4525 4592
f 4553 4592 4612
f 4537 4535 4601
f 4537 4601 4603
f 4538 4527 4594
f 4538 4594 4606
f 4532 4529 4596
f 4532 4596 4599
f 4533 4547 4604
f 4533 4604 4600
f 4529 4537 4603
f 4529 4603 4596
f 4551 4548 4607
f 4551 4607 4610
f 4548 4559 4617
f 4548 4617 4607
f 4531 4526 4593
f 4531 4593 4598
f 4547 4534 4605
f 4547 4605 4604
f 4605 4620 4650
f 4605 4650 4635
f 4618 4613 4643
f 4618 4643 4648
f 4592 4599 4629
f 4592 4629 4622
f 4620 4606 4636
f 4620 4636 4650
f 4594 4597 4627
f 4594 4627 4624
f 4593 4611 4641
f 4593 4641 4623
f 4599 4596 4626
f 4599 4626 4629
f 4612 4592 4622
f 4612 4622 4642
f 4596 4603 4633
f 4596 4633 4626
f 4610 4607 4637
f 4610 4637 4640
f 4597 4595 4625
f 4597 4625 4627
f 4607 4617 4647
f 4607 4647 4637
f 4595 4598 4628
f 4595 4628 4625
f 4609 4612 4642
f 4609 4642 4639
f 4606 4594 4624
f 4606 4624 4636
f 4616 4609 4639
f 4616 4639 4646
f 4602 4600 4630
f 4602 4630 4632
f 4608 4610 4640
f 4608 4640 4638
f 4604 4605 4635
f 4604 4635 4634
f 4601 4602 4632
f 4601 4632 4631
f 4611 4608 4638
f 4611 4638 4641
f 4617 4621 4651
f 4617 4651 4647
f 4603 4601 4631
f 4603 4631 4633
f 4621 4619 4649
f 4621 4649 4651
f 4613 4615 4645
f 4613 4645 4643
f 4600 4604 4634
f 4600 4634 4630
f 4619 4618 4648
f 4619 4648 4649
f 4615 4614 4644
f 4615 4644 4645
f 4614 4616 4646
f 4614 4646 4644
f 4598 4593 4623
f 4598 4623 4628
f 4644 4646 4676
f 4644 4676 4674
f 4628 4623 4653
f 4628 4653 4658
f 4635 4650 4680
f 4635 4680 4665
f 4648 4643 4673
f 4648 4673 4678
f 4622 4629 4659
f 4622 4659 4652
f 4650 4636 4666
f 4650 4666 4680
f 4624 4627 4657
f 4624 4657 4654
f 4623 4641 4671
f 4623 4671 4653
f 4629 4626 4656
f 4629 4656 4659
f 4642 4622 4652
f 4642 4652 4672
f 4626 4633 4663
f 4626 4663 4656
f 4640 4637 4667
f 4640 4667 4670
f 4627 4625 4655
f 4627 4655 4657
f 4637 4647 4677
f 4637 4677 4667
f 4625 4628 4658
f 4625 4658 4655
f 4639 4642 4672
f 4639 4672 4669
f 4636 4624 4654
f 4636 4654 4666
f 4646 4639 4669
f 4646 4669 4676
f 4632 4630 4660
f 4632 4660 4662
f 4638 4640 4670
f 4638 4670 4668
f 4634 4635 4665
f 4634 4665 4664
f 4631 4632 4662
f 4631 4662 4661
f 4641 4638 4668
f 4641 4668 4671
f 4647 4651 4681
f 4647 4681 4677
f 4633 4631 4661
f 4633 4661 4663
f 4651 4649 4679
f 4651 4679 4681
f 4643 4645 4675
f 4643 4675 4673
f 4630 4634 4664
f 4630 4664 4660
f 4649 4648 4678
f 4649 4678 4679
f 4645 4644 4674
f 4645 4674 4675
f 4679 4678 4708
f 4679 4708 4709
f 4675 4674 4704
f 4675 4704 4705
f 4674 4676 4706
f 4674 4706 4704
f 4658 4653 4683
f 4658 4683 4688
f 4665 4680 4710
f 4665 4710 4695
f 4678 4673 4703
f 4678 4703 4708
f 4652 4659 4689
f 4652 4689 4682
f 4680 4666 4696
f 4680 4696 4710
f 4654 4657 4687
f 4654 4687 4684
f 4653 4671 4701
f 4653 4701 4683
f 4659 4656 4686
f 4659 4686 4689
f 4672 4652 4682
f 4672 4682 4702
f 4656 4663 4693
f 4656 4693 4686
f 4670 4667 4697
f 4670 4697 4700
f 4657 4655 4685
f 4657 4685 4687
f 4667 4677 4707
f 4667 4707 4697
f 4655 4658 4688
f 4655 4688 4685
f 4669 4672 4702
f 4669 4702 4699
f 4666 4654 4684
f 4666 4684 4696
f 4676 4669 4699
f 4676 4699 4706
f 4662 4660 4690
f 4662 4690 4692
f 4668 4670 4700
f 4668 4700 4698
f 4664 4665 4695
f 4664 4695 4694
f 4661 4662 4692
f 4661 4692 4691
f 4671 4668 4698
f 4671 4698 4701
f 4677 4681 4711
f 4677 4711 4707
f 4663 4661 4691
f 4663 4691 4693
f 4681 4679 4709
f 4681 4709 4711
f 4673 4675 4705
f 4673 4705 4703
f 4660 4664 4694
f 4660 4694 4690
f 4689 4702 4682
f 4689 4686 4699
f 4689 4699 4702
f 4693 4706 4699
f 4693 4699 4686
f 4693 4691 4704
f 4693 4704 4706
f 4692 4705 4704
f 4692 4704 4691
f 4692 4690 4703
f 4692 4703 4705
f 4694 4708 4703
f 4694 4703 4690
f 4694 4695 4709
f 4694 4709 4708
f 4711 4710 4696
f 4711 4696 4707
f 4696 4684 4697
f 4696 4697 4707
f 4684 4700 4697
f 4684 4687 4698
f 4684 4698 4700
f 4685 4701 4698
f 4685 4698 4687
f 4683 4701 4685
f 4683 4685 4688
f 4715 4716 3705
f 4712 4714 3718
f 4714 4713 3705
f 4714 3705 3718
f 4713 4715 3705
f 4712 3728 4175
f 4712 4175 4179
f 3728 4712 3718
f 3728 3718 3713
f 4181 4718 4717
f 4181 4717 4182
f 4182 4717 4716
f 4182 4716 4177
f 4171 4721 4176
f 3744 4720 3827
f 4176 4721 4720
f 4721 3827 4720
f 4719 4178 4174
f 4695 4710 4711
f 4695 4711 4709
f 3744 3706 4718
f 3706 3707 4717
f 4718 3706 4717
f 3707 3705 4716
f 4174 4176 4181
f 4181 4182 4174
f 4182 4177 4174
f 4177 4719 4174
f 2624 2623 2630
f 2624 2630 2631
f 3435 3446 3437
f 2625 2627 2638
f 3253 3825 3819
f 2490 3074 3068
f 4724 4727 4738
f 4724 4738 4735
f 4722 4726 4737
f 4722 4737 4733
f 4726 4725 4736
f 4726 4736 4737
f 4728 4723 4734
f 4728 4734 4739
f 4729 4728 4739
f 4729 4739 4740
f 4730 4729 4740
f 4730 4740 4741
f 4731 4730 4741
f 4731 4741 4742
f 4723 4722 4733
f 4723 4733 4734
f 4732 4731 4742
f 4732 4742 4743
f 4725 4724 4735
f 4725 4735 4736
f 4746 4755 4738
f 4746 4738 4727
f 4744 4753 4757
f 4744 4757 4748
f 4748 4757 4756
f 4748 4756 4747
f 4749 4758 4754
f 4749 4754 4745
f 4750 4759 4758
f 4750 4758 4749
f 4751 4760 4759
f 4751 4759 4750
f 4752 4761 4760
f 4752 4760 4751
f 4745 4754 4753
f 4745 4753 4744
f 4732 4743 4761
f 4732 4761 4752
f 4747 4756 4755
f 4747 4755 4746
f 4764 4775 4778
f 4764 4778 4767
f 4762 4773 4777
f 4762 4777 4766
f 4766 4777 4776
f 4766 4776 4765
f 4768 4779 4774
f 4768 4774 4763
f 4769 4780 4779
f 4769 4779 4768
f 4770 4781 4780
f 4770 4780 4769
f 4771 4782 4781
f 4771 4781 4770
f 4763 4774 4773
f 4763 4773 4762
f 4772 4783 4782
f 4772 4782 4771
f 4765 4776 4775
f 4765 4775 4764
f 4786 4767 4778
f 4786 4778 4795
f 4784 4788 4797
f 4784 4797 4793
f 4788 4787 4796
f 4788 4796 4797
f 4789 4785 4794
f 4789 4794 4798
f 4790 4789 4798
f 4790 4798 4799
f 4791 4790 4799
f 4791 4799 4800
f 4792 4791 4800
f 4792 4800 4801
f 4785 4784 4793
f 4785 4793 4794
f 4772 4792 4801
f 4772 4801 4783
f 4787 4786 4795
f 4787 4795 4796
f 4747 4746 4786
f 4747 4786 4787
f 4723 4728 4768
f 4723 4768 4763
f 4731 4732 4772
f 4731 4772 4771
f 4740 4739 4779
f 4740 4779 4780
f 4754 4758 4798
f 4754 4798 4794
f 4724 4725 4765
f 4724 4765 4764
f 4727 4724 4764
f 4727 4764 4767
f 4741 4740 4780
f 4741 4780 4781
f 4755 4756 4796
f 4755 4796 4795
f 4748 4747 4787
f 4748 4787 4788
f 4732 4752 4792
f 4732 4792 4772
f 4756 4757 4797
f 4756 4797 4796
f 4725 4726 4766
f 4725 4766 4765
f 4734 4733 4773
f 4734 4773 4774
f 4733 4737 4777
f 4733 4777 4773
f 4742 4741 4781
f 4742 4781 4782
f 4750 4749 4789
f 4750 4789 4790
f 4739 4734 4774
f 4739 4774 4779
f 4743 4742 4782
f 4743 4782 4783
f 4736 4735 4775
f 4736 4775 4776
f 4735 4738 4778
f 4735 4778 4775
f 4758 4759 4799
f 4758 4799 4798
f 4751 4750 4790
f 4751 4790 4791
f 4761 4743 4783
f 4761 4783 4801
f 4746 4727 4767
f 4746 4767 4786
f 4728 4729 4769
f 4728 4769 4768
f 4737 4736 4776
f 4737 4776 4777
f 4759 4760 4800
f 4759 4800 4799
f 4752 4751 4791
f 4752 4791 4792
f 4760 4761 4801
f 4760 4801 4800
f 4745 4744 4784
f 4745 4784 4785
f 4744 4748 4788
f 4744 4788 4784
f 4729 4730 4770
f 4729 4770 4769
f 4753 4754 4794
f 4753 4794 4793
f 4749 4745 4785
f 4749 4785 4789
f 4738 4755 4795
f 4738 4795 4778
f 4757 4753 4793
f 4757 4793 4797
f 4722 4723 4763
f 4722 4763 4762
f 4726 4722 4762
f 4726 4762 4766
f 4730 4731 4771
f 4730 4771 4770
