# Blender 4.0.1
# www.blender.org
mtllib Empty_Magazine.mtl
o Empty_Magazine
v -0.004691 0.000023 -0.013116
v -0.004691 0.000023 0.012001
v -0.004086 0.001525 0.016347
v -0.000000 0.000023 -0.013116
v 0.000000 0.003619 -0.013116
v -0.000000 0.000023 -0.014020
v 0.000000 0.003619 -0.014020
v -0.000000 0.000023 0.012001
v 0.000000 0.003619 0.012001
v -0.000000 0.000034 0.017221
v 0.000000 0.020231 -0.010979
v 0.000000 0.020231 0.014138
v 0.000000 0.039148 -0.008573
v 0.000000 0.039148 0.016543
v 0.000000 0.062761 -0.005284
v 0.000000 0.062761 0.019833
v 0.000000 0.083835 -0.002346
v 0.000000 0.083205 0.022671
v 0.000000 0.099093 0.000124
v 0.000000 0.091853 0.024101
v -0.004691 0.003619 0.014112
v -0.004691 0.000023 0.012474
v 0.000000 0.003619 0.014112
v -0.000000 0.000023 0.012474
v -0.000000 0.001525 0.016347
v -0.000000 0.000762 0.017221
v -0.004086 0.000023 -0.013116
v -0.004086 0.000023 -0.014020
v -0.004086 0.000023 0.012001
v -0.004086 0.003619 -0.014020
v -0.004086 0.000023 0.012474
v -0.004086 0.003619 0.014112
v -0.004691 0.003619 0.012001
v -0.004691 0.002288 0.015473
v 0.000000 0.002288 0.015473
v -0.004086 0.002288 0.015473
v -0.002297 0.020231 0.014138
v -0.004086 0.020231 0.012448
v -0.003562 0.020231 0.013643
v -0.002297 0.003619 0.012001
v -0.004086 0.003619 0.010311
v -0.004086 0.003619 0.012001
v -0.003562 0.003619 0.011506
v -0.002297 0.039148 0.016543
v -0.004086 0.039148 0.014854
v -0.003562 0.039148 0.016049
v -0.002297 0.062761 0.019833
v -0.004086 0.062761 0.018143
v -0.003562 0.062761 0.019338
v -0.002297 0.083287 0.022671
v -0.004086 0.083505 0.021018
v -0.003562 0.083330 0.022193
v -0.004086 0.095303 0.022842
v -0.002297 0.092798 0.024101
v -0.003562 0.093299 0.023800
v -0.004086 0.003619 -0.012077
v -0.002986 0.003619 -0.013116
v -0.004691 0.003619 -0.013116
v -0.003764 0.003619 -0.012812
v -0.004086 0.020231 -0.009940
v -0.002986 0.020231 -0.010979
v -0.003764 0.020231 -0.010675
v -0.004086 0.039148 -0.007534
v -0.002986 0.039148 -0.008573
v -0.003764 0.039148 -0.008269
v -0.004086 0.062761 -0.004245
v -0.002986 0.062761 -0.005284
v -0.003764 0.062761 -0.004980
v -0.004086 0.083861 -0.001290
v -0.002986 0.083835 -0.002346
v -0.003764 0.083847 -0.002040
v -0.002513 0.099093 0.000124
v -0.003363 0.099394 0.001364
v -0.003098 0.099234 0.000449
v -0.004086 0.003619 0.002154
v -0.004086 0.020215 0.002294
v -0.004086 0.039049 0.004803
v -0.004086 0.062549 0.008145
v -0.004086 0.083655 0.011020
v -0.003455 0.100574 0.015582
v -0.004086 0.020550 -0.006304
v -0.004086 0.039384 -0.003796
v -0.004086 0.062885 -0.000453
v -0.004086 0.084038 0.002490
v -0.003455 0.100241 0.008553
v -0.004086 0.003619 -0.004961
v -0.004086 0.003619 -0.001403
v -0.004086 0.015841 -0.002387
v -0.004086 0.088182 0.007885
v -0.003455 0.100700 0.012463
v -0.004086 0.003619 0.007529
v -0.004086 0.020231 0.009666
v -0.004086 0.039148 0.012072
v -0.004086 0.062761 0.015361
v -0.004086 0.083697 0.018272
v -0.003890 0.097516 0.020470
v -0.004691 0.000023 -0.013677
v -0.004324 0.000023 -0.014020
v -0.004584 0.000023 -0.013920
v -0.004324 0.003619 -0.014020
v -0.004691 0.003619 -0.013677
v -0.004584 0.003619 -0.013920
v -0.004086 0.000034 0.017221
v -0.004691 0.000033 0.016347
v -0.004389 0.000034 0.017110
v -0.004610 0.000034 0.016807
v -0.004691 0.001525 0.016347
v -0.004086 0.000762 0.017221
v -0.004610 0.001124 0.016807
v -0.004389 0.000859 0.017110
v -0.004086 0.001144 0.016784
v -0.000000 0.001144 0.016784
v -0.000000 0.000033 0.016347
v -0.004086 0.000033 0.016347
v -0.000000 0.000034 0.016786
v -0.004086 0.000034 0.016786
v 0.000000 0.016266 -0.011487
v 0.000000 0.016266 0.013630
v -0.002297 0.016266 0.013630
v -0.003562 0.016266 0.013135
v -0.004086 0.016266 0.011940
v -0.002986 0.016266 -0.011487
v -0.003764 0.016266 -0.011183
v -0.004086 0.016266 -0.010448
v -0.004086 0.016266 0.003056
v -0.004086 0.016266 -0.007853
v -0.004086 0.013857 -0.002453
v -0.004086 0.016266 0.009158
v 0.000000 0.088667 -0.001564
v 0.000000 0.085944 0.023124
v -0.002297 0.086299 0.023124
v -0.003562 0.086488 0.022702
v -0.004086 0.087241 0.021596
v -0.002986 0.088667 -0.001564
v -0.003764 0.088720 -0.001252
v -0.004086 0.088780 -0.000449
v -0.004086 0.089224 0.012640
v -0.004086 0.089099 0.002712
v -0.004086 0.090238 0.008211
v -0.004086 0.088074 0.018968
v -0.004086 0.087743 0.004838
v -0.004086 0.086393 0.010006
v -0.004086 0.086627 0.003717
v -0.004086 0.087494 0.009092
v -0.004086 0.088341 0.006207
v -0.004086 0.085117 0.010610
v -0.004086 0.017227 -0.004904
v -0.004086 0.016753 0.000513
v -0.004086 0.018577 -0.005770
v -0.004086 0.015945 -0.000949
v -0.004086 0.016275 -0.003721
v -0.004086 0.018263 0.001532
v 0.004691 0.000023 -0.013116
v 0.004691 0.000023 0.012001
v 0.004086 0.001525 0.016347
v 0.004691 0.003619 0.014112
v 0.004691 0.000023 0.012474
v 0.004086 0.000023 -0.013116
v 0.004086 0.000023 -0.014020
v 0.004086 0.000023 0.012001
v 0.004086 0.000023 0.012474
v 0.004086 0.003619 0.014112
v 0.004691 0.002288 0.015473
v 0.004086 0.002288 0.015473
v 0.002297 0.020231 0.014138
v 0.004086 0.020231 0.012448
v 0.003562 0.020231 0.013643
v 0.002297 0.003619 0.012001
v 0.004086 0.003619 0.010311
v 0.004691 0.003619 0.012001
v 0.004086 0.003619 0.012001
v 0.003562 0.003619 0.011506
v 0.002297 0.039148 0.016543
v 0.004086 0.039148 0.014854
v 0.003562 0.039148 0.016049
v 0.002297 0.062761 0.019833
v 0.004086 0.062761 0.018143
v 0.003562 0.062761 0.019338
v 0.002297 0.083287 0.022671
v 0.004086 0.083505 0.021018
v 0.003562 0.083330 0.022193
v 0.004086 0.095303 0.022842
v 0.002297 0.092798 0.024101
v 0.003562 0.093299 0.023800
v 0.004086 0.003619 -0.012077
v 0.002986 0.003619 -0.013116
v 0.004086 0.003619 -0.014020
v 0.004691 0.003619 -0.013116
v 0.003764 0.003619 -0.012812
v 0.004086 0.020231 -0.009940
v 0.002986 0.020231 -0.010979
v 0.003764 0.020231 -0.010675
v 0.004086 0.039148 -0.007534
v 0.002986 0.039148 -0.008573
v 0.003764 0.039148 -0.008269
v 0.004086 0.062761 -0.004245
v 0.002986 0.062761 -0.005284
v 0.003764 0.062761 -0.004980
v 0.004086 0.083861 -0.001290
v 0.002986 0.083835 -0.002346
v 0.003764 0.083847 -0.002040
v 0.002513 0.099093 0.000124
v 0.003363 0.099394 0.001364
v 0.003098 0.099234 0.000449
v 0.004086 0.003619 0.002154
v 0.004086 0.020215 0.002294
v 0.004086 0.039049 0.004803
v 0.004086 0.062549 0.008145
v 0.004086 0.083655 0.011020
v 0.003455 0.100574 0.015582
v 0.004086 0.020550 -0.006304
v 0.004086 0.039384 -0.003796
v 0.004086 0.062885 -0.000453
v 0.004086 0.084038 0.002490
v 0.003455 0.100241 0.008553
v 0.004086 0.003619 -0.004961
v 0.004086 0.003619 -0.001403
v 0.004086 0.015841 -0.002387
v 0.004086 0.088182 0.007885
v 0.003455 0.100700 0.012463
v 0.004086 0.003619 0.007529
v 0.004086 0.020231 0.009666
v 0.004086 0.039148 0.012072
v 0.004086 0.062761 0.015361
v 0.004086 0.083697 0.018272
v 0.003890 0.097516 0.020470
v 0.004691 0.000023 -0.013677
v 0.004324 0.000023 -0.014020
v 0.004584 0.000023 -0.013920
v 0.004324 0.003619 -0.014020
v 0.004691 0.003619 -0.013677
v 0.004584 0.003619 -0.013920
v 0.004086 0.000034 0.017221
v 0.004691 0.000033 0.016347
v 0.004389 0.000034 0.017110
v 0.004610 0.000034 0.016807
v 0.004691 0.001525 0.016347
v 0.004086 0.000762 0.017221
v 0.004610 0.001124 0.016807
v 0.004389 0.000859 0.017110
v 0.004086 0.001144 0.016784
v 0.004086 0.000033 0.016347
v 0.004086 0.000034 0.016786
v 0.002297 0.016266 0.013630
v 0.003562 0.016266 0.013135
v 0.004086 0.016266 0.011940
v 0.002986 0.016266 -0.011487
v 0.003764 0.016266 -0.011183
v 0.004086 0.016266 -0.010448
v 0.004086 0.016266 0.003056
v 0.004086 0.016266 -0.007853
v 0.004086 0.013857 -0.002453
v 0.004086 0.016266 0.009158
v 0.002297 0.086299 0.023124
v 0.003562 0.086488 0.022702
v 0.004086 0.087241 0.021596
v 0.002986 0.088667 -0.001564
v 0.003764 0.088720 -0.001252
v 0.004086 0.088780 -0.000449
v 0.004086 0.089224 0.012640
v 0.004086 0.089099 0.002712
v 0.004086 0.090238 0.008211
v 0.004086 0.088074 0.018968
v 0.004086 0.087743 0.004838
v 0.004086 0.086393 0.010006
v 0.004086 0.086627 0.003717
v 0.004086 0.087494 0.009092
v 0.004086 0.088341 0.006207
v 0.004086 0.085117 0.010610
v 0.004086 0.017227 -0.004904
v 0.004086 0.016753 0.000513
v 0.004086 0.018577 -0.005770
v 0.004086 0.015945 -0.000949
v 0.004086 0.016275 -0.003721
v 0.004086 0.018263 0.001532
v -0.004526 0.000188 -0.013116
v -0.004526 0.000188 0.012001
v -0.004086 0.001349 0.016193
v -0.004526 0.003453 -0.013116
v -0.000000 0.000257 -0.013116
v 0.000000 0.003443 -0.012961
v -0.000000 0.000188 -0.013855
v 0.000000 0.003453 -0.013855
v -0.000000 0.000257 0.012001
v 0.000000 0.003464 0.011825
v -0.000000 0.000199 0.017056
v 0.000000 0.020202 -0.010747
v 0.000000 0.020261 0.013906
v 0.000000 0.039117 -0.008342
v 0.000000 0.039179 0.016312
v 0.000000 0.062729 -0.005052
v 0.000000 0.062794 0.019601
v 0.000000 0.083800 -0.002115
v 0.000000 0.083239 0.022440
v 0.000000 0.099056 0.000355
v 0.000000 0.091890 0.023870
v -0.004544 0.003451 0.014043
v -0.004526 0.000189 0.012474
v 0.000000 0.003402 0.014023
v -0.000000 0.000257 0.012474
v -0.000000 0.001349 0.016193
v -0.000000 0.000666 0.017008
v -0.004086 0.000257 -0.013116
v -0.004086 0.000188 -0.013855
v -0.004086 0.000257 0.012001
v -0.004086 0.003453 -0.013855
v -0.004086 0.000257 0.012474
v -0.004086 0.003402 0.014023
v -0.004526 0.003453 0.012001
v -0.004524 0.002168 0.015362
v 0.000000 0.002117 0.015314
v -0.004086 0.002117 0.015314
v -0.002254 0.020260 0.013910
v -0.003858 0.020237 0.012400
v -0.003401 0.020253 0.013475
v -0.002266 0.003453 0.011839
v -0.003934 0.003444 0.010282
v -0.004086 0.003385 0.012001
v -0.003458 0.003437 0.011402
v -0.002254 0.039179 0.016316
v -0.003858 0.039155 0.014806
v -0.003401 0.039171 0.015881
v -0.002254 0.062793 0.019605
v -0.003858 0.062768 0.018095
v -0.003401 0.062785 0.019170
v -0.002254 0.083320 0.022444
v -0.003858 0.083512 0.020971
v -0.003401 0.083355 0.022025
v -0.003854 0.095306 0.022821
v -0.002248 0.092834 0.023875
v -0.003380 0.093322 0.023656
v -0.003940 0.003440 -0.012044
v -0.002960 0.003434 -0.012975
v -0.003676 0.003425 -0.012716
v -0.003858 0.020225 -0.009892
v -0.002943 0.020202 -0.010751
v -0.003603 0.020210 -0.010507
v -0.003858 0.039142 -0.007486
v -0.002943 0.039118 -0.008346
v -0.003603 0.039126 -0.008101
v -0.003858 0.062755 -0.004197
v -0.002943 0.062730 -0.005056
v -0.003603 0.062738 -0.004812
v -0.003857 0.083853 -0.001243
v -0.002943 0.083800 -0.002119
v -0.003602 0.083822 -0.001873
v -0.002474 0.099057 0.000350
v -0.003173 0.099388 0.001398
v -0.002953 0.099209 0.000599
v -0.003921 0.003453 0.002154
v -0.003853 0.020215 0.002294
v -0.003853 0.039049 0.004803
v -0.003853 0.062549 0.008145
v -0.003853 0.083655 0.011020
v -0.003257 0.100574 0.015582
v -0.003853 0.020550 -0.006304
v -0.003853 0.039384 -0.003796
v -0.003853 0.062885 -0.000453
v -0.003853 0.084038 0.002490
v -0.003257 0.100241 0.008553
v -0.003921 0.003453 -0.004961
v -0.003921 0.003453 -0.001403
v -0.003853 0.015841 -0.002387
v -0.003853 0.088182 0.007885
v -0.003257 0.100700 0.012463
v -0.003921 0.003453 0.007529
v -0.003853 0.020231 0.009666
v -0.003853 0.039148 0.012072
v -0.003853 0.062761 0.015361
v -0.003853 0.083697 0.018272
v -0.003668 0.097516 0.020470
v -0.004520 0.000178 -0.013641
v -0.004292 0.000179 -0.013849
v -0.004459 0.000171 -0.013788
v -0.004292 0.003462 -0.013849
v -0.004520 0.003463 -0.013622
v -0.004459 0.003471 -0.013788
v -0.004056 0.000191 0.017050
v -0.004522 0.000194 0.016332
v -0.004282 0.000185 0.016968
v -0.004449 0.000188 0.016738
v -0.004525 0.001405 0.016234
v -0.004059 0.000677 0.017006
v -0.004457 0.001018 0.016666
v -0.004287 0.000771 0.016919
v -0.004086 0.000968 0.016630
v -0.000000 0.000968 0.016630
v -0.000000 0.000267 0.016347
v -0.004086 0.000267 0.016347
v -0.000000 0.000267 0.016785
v -0.004086 0.000267 0.016785
v 0.000000 0.016236 -0.011255
v 0.000000 0.016296 0.013398
v -0.002254 0.016295 0.013402
v -0.003401 0.016288 0.012967
v -0.003858 0.016272 0.011892
v -0.002943 0.016237 -0.011259
v -0.003603 0.016245 -0.011015
v -0.003858 0.016260 -0.010401
v -0.003853 0.016266 0.003056
v -0.003853 0.016266 -0.007853
v -0.003853 0.013857 -0.002453
v -0.003853 0.016266 0.009158
v 0.000000 0.088630 -0.001333
v 0.000000 0.085980 0.022893
v -0.002254 0.086335 0.022897
v -0.003403 0.086514 0.022533
v -0.003857 0.087249 0.021549
v -0.002943 0.088630 -0.001337
v -0.003600 0.088693 -0.001087
v -0.003857 0.088773 -0.000405
v -0.003853 0.089224 0.012640
v -0.003853 0.089099 0.002712
v -0.003853 0.090238 0.008211
v -0.003853 0.088074 0.018968
v -0.003853 0.087743 0.004838
v -0.003853 0.086393 0.010006
v -0.003853 0.086627 0.003717
v -0.003853 0.087494 0.009092
v -0.003853 0.088341 0.006207
v -0.003853 0.085117 0.010610
v -0.003853 0.017227 -0.004904
v -0.003853 0.016753 0.000513
v -0.003853 0.018577 -0.005770
v -0.003853 0.015945 -0.000949
v -0.003853 0.016275 -0.003721
v -0.003853 0.018263 0.001532
v 0.004526 0.000188 -0.013116
v 0.004526 0.000188 0.012001
v 0.004086 0.001349 0.016193
v 0.004526 0.003453 -0.013116
v 0.004544 0.003451 0.014043
v 0.004526 0.000189 0.012474
v 0.004086 0.000257 -0.013116
v 0.004086 0.000188 -0.013855
v 0.004086 0.000257 0.012001
v 0.004086 0.003453 -0.013855
v 0.004086 0.000257 0.012474
v 0.004086 0.003402 0.014023
v 0.004526 0.003453 0.012001
v 0.004524 0.002168 0.015362
v 0.004086 0.002117 0.015314
v 0.002254 0.020260 0.013910
v 0.003858 0.020237 0.012400
v 0.003401 0.020253 0.013475
v 0.002266 0.003453 0.011839
v 0.003934 0.003444 0.010282
v 0.004086 0.003385 0.012001
v 0.003458 0.003437 0.011402
v 0.002254 0.039179 0.016316
v 0.003858 0.039155 0.014806
v 0.003401 0.039171 0.015881
v 0.002254 0.062793 0.019605
v 0.003858 0.062768 0.018095
v 0.003401 0.062785 0.019170
v 0.002254 0.083320 0.022444
v 0.003858 0.083512 0.020971
v 0.003401 0.083355 0.022025
v 0.003854 0.095306 0.022821
v 0.002248 0.092834 0.023875
v 0.003380 0.093322 0.023656
v 0.003940 0.003440 -0.012044
v 0.002960 0.003434 -0.012975
v 0.003676 0.003425 -0.012716
v 0.003858 0.020225 -0.009892
v 0.002943 0.020202 -0.010751
v 0.003603 0.020210 -0.010507
v 0.003858 0.039142 -0.007486
v 0.002943 0.039118 -0.008346
v 0.003603 0.039126 -0.008101
v 0.003858 0.062755 -0.004197
v 0.002943 0.062730 -0.005056
v 0.003603 0.062738 -0.004812
v 0.003858 0.083853 -0.001243
v 0.002943 0.083800 -0.002119
v 0.003602 0.083822 -0.001873
v 0.002474 0.099057 0.000350
v 0.003173 0.099388 0.001398
v 0.002953 0.099209 0.000599
v 0.003921 0.003453 0.002154
v 0.003853 0.020215 0.002294
v 0.003853 0.039049 0.004803
v 0.003853 0.062549 0.008145
v 0.003853 0.083655 0.011020
v 0.003257 0.100574 0.015582
v 0.003853 0.020550 -0.006304
v 0.003853 0.039384 -0.003796
v 0.003853 0.062885 -0.000453
v 0.003853 0.084038 0.002490
v 0.003257 0.100241 0.008553
v 0.003921 0.003453 -0.004961
v 0.003921 0.003453 -0.001403
v 0.003853 0.015841 -0.002387
v 0.003853 0.088182 0.007885
v 0.003257 0.100700 0.012463
v 0.003921 0.003453 0.007529
v 0.003853 0.020231 0.009666
v 0.003853 0.039148 0.012072
v 0.003853 0.062761 0.015361
v 0.003853 0.083697 0.018272
v 0.003668 0.097516 0.020470
v 0.004520 0.000178 -0.013641
v 0.004292 0.000179 -0.013849
v 0.004459 0.000171 -0.013788
v 0.004292 0.003462 -0.013849
v 0.004520 0.003464 -0.013641
v 0.004459 0.003471 -0.013788
v 0.004056 0.000191 0.017050
v 0.004522 0.000194 0.016332
v 0.004282 0.000185 0.016968
v 0.004449 0.000188 0.016738
v 0.004525 0.001405 0.016234
v 0.004059 0.000677 0.017006
v 0.004457 0.001018 0.016666
v 0.004287 0.000771 0.016919
v 0.004086 0.000968 0.016630
v 0.004086 0.000267 0.016347
v 0.004086 0.000267 0.016785
v 0.002254 0.016295 0.013402
v 0.003401 0.016288 0.012967
v 0.003858 0.016272 0.011892
v 0.002943 0.016237 -0.011259
v 0.003603 0.016245 -0.011015
v 0.003858 0.016260 -0.010401
v 0.003853 0.016266 0.003056
v 0.003853 0.016266 -0.007853
v 0.003853 0.013857 -0.002453
v 0.003853 0.016266 0.009158
v 0.002254 0.086335 0.022897
v 0.003403 0.086514 0.022533
v 0.003857 0.087249 0.021549
v 0.002943 0.088630 -0.001337
v 0.003600 0.088693 -0.001087
v 0.003857 0.088773 -0.000405
v 0.003853 0.089224 0.012640
v 0.003853 0.089099 0.002712
v 0.003853 0.090238 0.008211
v 0.003853 0.088074 0.018968
v 0.003853 0.087743 0.004838
v 0.003853 0.086393 0.010006
v 0.003853 0.086627 0.003717
v 0.003853 0.087494 0.009092
v 0.003853 0.088341 0.006207
v 0.003853 0.085117 0.010610
v 0.003853 0.017227 -0.004904
v 0.003853 0.016753 0.000513
v 0.003853 0.018577 -0.005770
v 0.003853 0.015945 -0.000949
v 0.003853 0.016275 -0.003721
v 0.003853 0.018263 0.001532
v 0.000000 0.091190 0.023754
v -0.002249 0.092065 0.023759
v -0.003589 0.096298 0.000400
v -0.003855 0.096289 0.001185
v -0.003853 0.096400 0.015234
v -0.003853 0.096294 0.007862
v -0.003853 0.096394 0.011960
v -0.003853 0.096399 0.020072
v 0.000000 0.096303 0.000155
v -0.003383 0.092517 0.023523
v -0.003854 0.094353 0.022670
v -0.002941 0.096304 0.000151
v 0.002249 0.092065 0.023759
v 0.003589 0.096268 0.000400
v 0.003855 0.096289 0.001185
v 0.003853 0.096400 0.015234
v 0.003853 0.096294 0.007862
v 0.003853 0.096400 0.011960
v 0.003853 0.096399 0.020292
v 0.003383 0.092517 0.023523
v 0.003854 0.094353 0.022670
v 0.002941 0.096268 0.000151
v 0.000000 0.091172 0.023988
v -0.002297 0.092049 0.023988
v -0.003764 0.098020 0.000252
v -0.004086 0.098169 0.001155
v -0.004157 0.099265 0.015243
v -0.004157 0.098955 0.007879
v -0.004157 0.099493 0.011973
v -0.004157 0.096427 0.020296
v 0.000000 0.097890 -0.000071
v -0.003562 0.092514 0.023674
v -0.004086 0.094373 0.022698
v -0.002986 0.097890 -0.000071
v 0.002297 0.092049 0.023988
v 0.003764 0.098020 0.000252
v 0.004086 0.098169 0.001155
v 0.004157 0.099265 0.015243
v 0.004157 0.098955 0.007879
v 0.004157 0.099493 0.011973
v 0.004157 0.096427 0.020296
v 0.003562 0.092514 0.023674
v 0.004086 0.094373 0.022698
v 0.002986 0.097890 -0.000071
v 0.000000 0.095661 0.000055
v -0.003384 0.092112 0.023456
v -0.003854 0.093874 0.022595
v -0.002941 0.095662 0.000050
v 0.003384 0.092112 0.023456
v 0.003854 0.093874 0.022595
v 0.002941 0.095662 0.000050
v 0.000000 0.090839 0.023696
v -0.002249 0.091678 0.023701
v -0.003590 0.095798 0.000300
v -0.003855 0.095960 0.001077
v -0.003853 0.096016 0.015059
v -0.003853 0.096173 0.007515
v -0.003853 0.096319 0.011707
v -0.003853 0.095838 0.020203
v 0.002249 0.091678 0.023701
v 0.003590 0.095798 0.000300
v 0.003855 0.095960 0.001077
v 0.003853 0.096023 0.015059
v 0.003853 0.096173 0.007515
v 0.003853 0.096319 0.011707
v 0.003853 0.095838 0.020203
v 0.002185 0.092183 0.023441
v 0.000000 0.091333 0.023436
v 0.002857 0.096268 0.000504
v 0.003487 0.096268 0.000746
v 0.003746 0.096289 0.001509
v 0.003743 0.096394 0.020072
v 0.003743 0.096400 0.015158
v 0.003743 0.096400 0.011978
v 0.003743 0.096294 0.007996
v 0.003287 0.092622 0.023211
v 0.003744 0.094406 0.022383
v 0.000000 0.096303 0.000508
v -0.002185 0.092183 0.023441
v -0.003487 0.096298 0.000746
v -0.002857 0.096304 0.000504
v -0.003746 0.096289 0.001509
v -0.003743 0.096400 0.015158
v -0.003743 0.096394 0.020072
v -0.003743 0.096294 0.007996
v -0.003743 0.096394 0.011978
v -0.003744 0.094406 0.022383
v -0.003287 0.092622 0.023211
v -0.003743 0.095848 0.019985
v -0.003744 0.093940 0.022309
v 0.000000 0.095633 0.000411
v -0.002857 0.095634 0.000407
v -0.003288 0.092228 0.023146
v -0.002185 0.091807 0.023384
v -0.003743 0.096244 0.011732
v -0.003743 0.096016 0.014988
v -0.003746 0.095923 0.001405
v -0.003743 0.096115 0.007658
v 0.003745 0.093940 0.022309
v 0.003743 0.095848 0.019985
v 0.002857 0.095634 0.000407
v 0.002185 0.091807 0.023384
v 0.003288 0.092228 0.023146
v 0.003743 0.096023 0.014988
v 0.003743 0.096244 0.011732
v 0.003743 0.096115 0.007658
v 0.003746 0.095923 0.001405
v 0.000000 0.090992 0.023379
v 0.003487 0.095766 0.000649
v -0.003487 0.095766 0.000649
v 0.002185 0.096394 0.023441
v 0.000000 0.096394 0.023584
v 0.003287 0.096394 0.023211
v 0.003534 0.096394 0.022383
v -0.002185 0.096394 0.023441
v -0.003534 0.096394 0.022383
v -0.003287 0.096394 0.023211
v -0.003547 0.095848 0.019985
v -0.003549 0.094040 0.022188
v -0.003116 0.092418 0.022981
v -0.002071 0.092019 0.023206
v 0.003549 0.094040 0.022188
v 0.003547 0.095848 0.019985
v 0.002071 0.092019 0.023206
v 0.003116 0.092418 0.022981
v 0.000000 0.091246 0.023262
v -0.003547 0.096394 0.020072
v -0.003362 0.096394 0.022188
v -0.003116 0.096394 0.022981
v -0.002071 0.096394 0.023206
v 0.003362 0.096394 0.022188
v 0.002071 0.096394 0.023206
v 0.003116 0.096394 0.022981
v 0.000000 0.096394 0.023351
v 0.003547 0.096394 0.020072
v 0.003547 0.096400 0.015158
v 0.003547 0.096400 0.011978
v 0.003547 0.096294 0.007996
v 0.003550 0.096289 0.001509
v 0.003547 0.096023 0.014988
v 0.003547 0.096298 0.011732
v 0.003547 0.096115 0.007658
v 0.003550 0.095923 0.001405
v 0.002857 0.096268 0.000601
v 0.003390 0.096268 0.000843
v -0.002857 0.096297 0.000601
v 0.002857 0.095618 0.000503
v 0.003391 0.095750 0.000746
v -0.003354 0.096298 0.000883
v -0.003580 0.096283 0.001548
v -0.003578 0.096394 0.015198
v 0.000000 0.096288 0.000604
v -0.003578 0.096287 0.008035
v -0.003578 0.096394 0.012017
v -0.003578 0.096244 0.011772
v -0.003578 0.096016 0.015028
v -0.003581 0.095917 0.001444
v -0.003578 0.096108 0.007698
v -0.003355 0.095780 0.000784
v -0.002857 0.095627 0.000503
v 0.000000 0.095618 0.000506
v -0.002244 0.093550 0.022311
v -0.002225 0.095372 0.020025
v -0.002299 0.095589 0.014907
v -0.002423 0.095914 0.011594
v -0.002635 0.095805 0.007475
v -0.002955 0.095725 0.001148
v -0.000022 0.092745 0.022403
v -0.000044 0.094641 0.020163
v -0.000087 0.095028 0.015085
v -0.000082 0.095473 0.011751
v -0.000061 0.095518 0.007571
v -0.000030 0.095673 0.001155
v 0.002219 0.093548 0.022322
v 0.002175 0.095365 0.020043
v 0.002187 0.095577 0.014915
v 0.002315 0.095905 0.011603
v 0.002546 0.095801 0.007482
v 0.002893 0.095730 0.001151
v 0.001768 0.095575 0.014719
v 0.001832 0.095618 0.014941
v 0.001871 0.095789 0.015099
v 0.001870 0.096022 0.015131
v 0.001830 0.096229 0.015026
v 0.001765 0.096330 0.014823
v 0.001701 0.096287 0.014601
v 0.001662 0.096117 0.014443
v 0.001663 0.095883 0.014411
v 0.001703 0.095677 0.014516
v -0.001766 0.094323 0.014577
v -0.001826 0.094363 0.014785
v -0.001863 0.094542 0.014936
v -0.001863 0.094790 0.014973
v -0.001826 0.095015 0.014882
v -0.001766 0.095128 0.014698
v -0.001707 0.095088 0.014490
v -0.001670 0.094910 0.014339
v -0.001670 0.094661 0.014302
v -0.001707 0.094437 0.014393
v -0.003652 0.094601 0.008663
v -0.003726 0.095051 0.008730
v -0.003652 0.095253 0.008761
v -0.003533 0.095330 0.008772
v -0.003339 0.094803 0.008693
v -0.003413 0.094601 0.008663
v -0.003533 0.094519 0.008651
v -0.003726 0.094797 0.008692
v -0.003413 0.095248 0.008760
v -0.003339 0.095046 0.008730
v -0.001766 0.094720 0.002725
v -0.001826 0.094834 0.002540
v -0.001863 0.095058 0.002450
v -0.001863 0.095307 0.002487
v -0.001826 0.095486 0.002638
v -0.001766 0.095526 0.002845
v -0.001707 0.095412 0.003030
v -0.001670 0.095188 0.003121
v -0.001670 0.094939 0.003083
v -0.001707 0.094760 0.002932
v 0.001766 0.093829 0.002592
v 0.001826 0.093943 0.002407
v 0.001863 0.094167 0.002316
v 0.001863 0.094416 0.002353
v 0.001826 0.094594 0.002505
v 0.001766 0.094634 0.002712
v 0.001707 0.094520 0.002896
v 0.001670 0.094296 0.002987
v 0.001670 0.094047 0.002950
v 0.001707 0.093869 0.002799
v 0.003533 0.091845 0.008251
v 0.003652 0.091922 0.008262
v 0.003726 0.092123 0.008292
v 0.003726 0.092372 0.008329
v 0.003652 0.092573 0.008360
v 0.003533 0.092650 0.008371
v 0.003413 0.092573 0.008360
v 0.003339 0.092372 0.008329
v 0.003339 0.092123 0.008292
v 0.003413 0.091922 0.008262
v 0.001766 0.089861 0.013910
v 0.001826 0.089900 0.014117
v 0.001863 0.090079 0.014268
v 0.001863 0.090328 0.014306
v 0.001826 0.090552 0.014215
v 0.001766 0.090666 0.014030
v 0.001707 0.090626 0.013823
v 0.001670 0.090447 0.013672
v 0.001670 0.090199 0.013634
v 0.001707 0.089974 0.013725
v -0.001766 0.088969 0.013776
v -0.001826 0.089009 0.013984
v -0.001863 0.089188 0.014135
v -0.001863 0.089436 0.014172
v -0.001826 0.089661 0.014081
v -0.001766 0.089774 0.013897
v -0.001707 0.089734 0.013689
v -0.001670 0.089556 0.013538
v -0.001670 0.089307 0.013501
v -0.001707 0.089083 0.013592
v -0.003533 0.089170 0.007850
v -0.003726 0.089449 0.007892
v -0.003726 0.089697 0.007929
v -0.003652 0.089899 0.007959
v -0.003533 0.089976 0.007971
v -0.003413 0.089899 0.007959
v -0.003339 0.089697 0.007929
v -0.003339 0.089449 0.007892
v -0.003652 0.089242 0.007861
v -0.003413 0.089242 0.007861
v -0.001766 0.089366 0.001924
v -0.001826 0.089480 0.001739
v -0.001863 0.089704 0.001648
v -0.001863 0.089953 0.001686
v -0.001826 0.090132 0.001837
v -0.001766 0.090172 0.002044
v -0.001707 0.090058 0.002229
v -0.001670 0.089834 0.002320
v -0.001670 0.089585 0.002282
v -0.001707 0.089406 0.002131
v 0.001766 0.088475 0.001790
v 0.001826 0.088589 0.001606
v 0.001863 0.088813 0.001515
v 0.001863 0.089062 0.001552
v 0.001826 0.089240 0.001704
v 0.001766 0.089280 0.001911
v 0.001707 0.089166 0.002095
v 0.001670 0.088942 0.002186
v 0.001670 0.088693 0.002149
v 0.001707 0.088515 0.001998
v 0.003533 0.086491 0.007450
v 0.003652 0.086568 0.007461
v 0.003726 0.086769 0.007491
v 0.003726 0.087018 0.007528
v 0.003652 0.087219 0.007559
v 0.003533 0.087296 0.007570
v 0.003413 0.087219 0.007559
v 0.003339 0.087018 0.007528
v 0.003339 0.086769 0.007491
v 0.003413 0.086568 0.007461
v 0.001766 0.084507 0.013109
v 0.001826 0.084547 0.013316
v 0.001863 0.084725 0.013467
v 0.001863 0.084974 0.013504
v 0.001826 0.085198 0.013413
v 0.001766 0.085312 0.013229
v 0.001707 0.085272 0.013022
v 0.001670 0.085094 0.012871
v 0.001670 0.084845 0.012833
v 0.001707 0.084620 0.012924
v -0.001766 0.083615 0.012975
v -0.001826 0.083655 0.013183
v -0.001863 0.083834 0.013334
v -0.001863 0.084082 0.013371
v -0.001826 0.084307 0.013280
v -0.001766 0.084420 0.013096
v -0.001707 0.084381 0.012888
v -0.001670 0.084202 0.012737
v -0.001670 0.083953 0.012700
v -0.001707 0.083729 0.012791
v -0.003652 0.083893 0.007061
v -0.003726 0.084095 0.007091
v -0.003652 0.084545 0.007158
v -0.003413 0.084545 0.007158
v -0.003339 0.084095 0.007091
v -0.003413 0.083893 0.007061
v -0.003533 0.083811 0.007049
v -0.003726 0.084338 0.007127
v -0.003533 0.084616 0.007169
v -0.003339 0.084338 0.007127
v -0.001766 0.084012 0.001123
v -0.001826 0.084126 0.000938
v -0.001863 0.084350 0.000847
v -0.001863 0.084599 0.000885
v -0.001826 0.084778 0.001036
v -0.001766 0.084818 0.001243
v -0.001707 0.084704 0.001428
v -0.001670 0.084480 0.001519
v -0.001670 0.084231 0.001481
v -0.001707 0.084052 0.001330
v 0.001766 0.083121 0.000989
v 0.001826 0.083235 0.000805
v 0.001863 0.083459 0.000714
v 0.001863 0.083708 0.000751
v 0.001826 0.083886 0.000902
v 0.001766 0.083926 0.001110
v 0.001707 0.083812 0.001294
v 0.001670 0.083588 0.001385
v 0.001670 0.083339 0.001348
v 0.001707 0.083161 0.001197
v 0.003533 0.081137 0.006648
v 0.003652 0.081214 0.006660
v 0.003726 0.081415 0.006690
v 0.003726 0.081664 0.006727
v 0.003652 0.081865 0.006757
v 0.003533 0.081942 0.006769
v 0.003413 0.081865 0.006757
v 0.003339 0.081664 0.006727
v 0.003339 0.081415 0.006690
v 0.003413 0.081214 0.006660
v 0.001766 0.079153 0.012308
v 0.001826 0.079193 0.012515
v 0.001863 0.079371 0.012666
v 0.001863 0.079620 0.012703
v 0.001826 0.079844 0.012612
v 0.001766 0.079958 0.012428
v 0.001707 0.079918 0.012221
v 0.001670 0.079739 0.012069
v 0.001670 0.079491 0.012032
v 0.001707 0.079266 0.012123
v -0.001766 0.078261 0.012174
v -0.001826 0.078301 0.012382
v -0.001863 0.078480 0.012533
v -0.001863 0.078728 0.012570
v -0.001826 0.078953 0.012479
v -0.001766 0.079066 0.012295
v -0.001707 0.079027 0.012087
v -0.001670 0.078848 0.011936
v -0.001670 0.078599 0.011899
v -0.001707 0.078375 0.011990
v -0.003533 0.078462 0.006248
v -0.003652 0.078539 0.006260
v -0.003652 0.079191 0.006357
v -0.003533 0.079268 0.006369
v -0.003413 0.079191 0.006357
v -0.003413 0.078539 0.006260
v -0.003726 0.078735 0.006289
v -0.003726 0.078984 0.006326
v -0.003339 0.078984 0.006326
v -0.003339 0.078735 0.006289
v -0.001766 0.078658 0.000322
v -0.001826 0.078772 0.000137
v -0.001863 0.078997 0.000046
v -0.001863 0.079245 0.000084
v -0.001826 0.079424 0.000235
v -0.001766 0.079464 0.000442
v -0.001707 0.079350 0.000626
v -0.001670 0.079126 0.000717
v -0.001670 0.078877 0.000680
v -0.001707 0.078698 0.000529
v 0.001766 0.077767 0.000188
v 0.001826 0.077881 0.000004
v 0.001863 0.078105 -0.000087
v 0.001863 0.078354 -0.000050
v 0.001826 0.078532 0.000101
v 0.001766 0.078572 0.000309
v 0.001707 0.078458 0.000493
v 0.001670 0.078234 0.000584
v 0.001670 0.077985 0.000547
v 0.001707 0.077807 0.000396
v 0.003533 0.075783 0.005847
v 0.003652 0.075860 0.005859
v 0.003726 0.076061 0.005889
v 0.003726 0.076310 0.005926
v 0.003652 0.076511 0.005956
v 0.003533 0.076588 0.005968
v 0.003413 0.076511 0.005956
v 0.003339 0.076310 0.005926
v 0.003339 0.076061 0.005889
v 0.003413 0.075860 0.005859
v 0.001766 0.073799 0.011506
v 0.001826 0.073839 0.011714
v 0.001863 0.074017 0.011865
v 0.001863 0.074266 0.011902
v 0.001826 0.074490 0.011811
v 0.001766 0.074604 0.011627
v 0.001707 0.074564 0.011420
v 0.001670 0.074386 0.011268
v 0.001670 0.074137 0.011231
v 0.001707 0.073912 0.011322
v -0.001766 0.072907 0.011373
v -0.001826 0.072947 0.011580
v -0.001863 0.073126 0.011732
v -0.001863 0.073374 0.011769
v -0.001826 0.073599 0.011678
v -0.001766 0.073712 0.011494
v -0.001707 0.073673 0.011286
v -0.001670 0.073494 0.011135
v -0.001670 0.073245 0.011098
v -0.001707 0.073021 0.011189
v -0.003533 0.073108 0.005447
v -0.003726 0.073387 0.005489
v -0.003652 0.073837 0.005556
v -0.003533 0.073914 0.005568
v -0.003339 0.073636 0.005526
v -0.003339 0.073387 0.005489
v -0.003413 0.073185 0.005459
v -0.003652 0.073180 0.005458
v -0.003726 0.073630 0.005525
v -0.003413 0.073832 0.005555
v -0.001766 0.073305 -0.000479
v -0.001826 0.073418 -0.000664
v -0.001863 0.073643 -0.000755
v -0.001863 0.073891 -0.000718
v -0.001826 0.074070 -0.000566
v -0.001766 0.074110 -0.000359
v -0.001707 0.073996 -0.000175
v -0.001670 0.073772 -0.000084
v -0.001670 0.073523 -0.000121
v -0.001707 0.073344 -0.000272
v 0.001766 0.072413 -0.000613
v 0.001826 0.072527 -0.000797
v 0.001863 0.072751 -0.000888
v 0.001863 0.073000 -0.000851
v 0.001826 0.073178 -0.000700
v 0.001766 0.073218 -0.000492
v 0.001707 0.073104 -0.000308
v 0.001670 0.072880 -0.000217
v 0.001670 0.072631 -0.000254
v 0.001707 0.072453 -0.000405
v 0.003533 0.070429 0.005046
v 0.003652 0.070506 0.005058
v 0.003726 0.070707 0.005088
v 0.003726 0.070956 0.005125
v 0.003652 0.071157 0.005155
v 0.003533 0.071234 0.005167
v 0.003413 0.071157 0.005155
v 0.003339 0.070956 0.005125
v 0.003339 0.070707 0.005088
v 0.003413 0.070506 0.005058
v 0.001766 0.068445 0.010705
v 0.001826 0.068485 0.010913
v 0.001863 0.068663 0.011064
v 0.001863 0.068912 0.011101
v 0.001826 0.069136 0.011010
v 0.001766 0.069250 0.010826
v 0.001707 0.069210 0.010618
v 0.001670 0.069032 0.010467
v 0.001670 0.068783 0.010430
v 0.001707 0.068559 0.010521
v -0.001766 0.067553 0.010572
v -0.001826 0.067593 0.010779
v -0.001863 0.067772 0.010931
v -0.001863 0.068020 0.010968
v -0.001826 0.068245 0.010877
v -0.001766 0.068358 0.010692
v -0.001707 0.068319 0.010485
v -0.001670 0.068140 0.010334
v -0.001670 0.067891 0.010297
v -0.001707 0.067667 0.010388
v -0.003533 0.067754 0.004646
v -0.003652 0.067831 0.004658
v -0.003726 0.068033 0.004688
v -0.003652 0.068483 0.004755
v -0.003533 0.068560 0.004767
v -0.003413 0.068483 0.004755
v -0.003339 0.068282 0.004725
v -0.003339 0.068033 0.004688
v -0.003726 0.068276 0.004724
v -0.003413 0.067826 0.004657
v -0.001766 0.067951 -0.001281
v -0.001826 0.068064 -0.001465
v -0.001863 0.068289 -0.001556
v -0.001863 0.068537 -0.001519
v -0.001826 0.068716 -0.001367
v -0.001766 0.068756 -0.001160
v -0.001707 0.068642 -0.000976
v -0.001670 0.068418 -0.000885
v -0.001670 0.068169 -0.000922
v -0.001707 0.067990 -0.001073
v 0.001766 0.067059 -0.001414
v 0.001826 0.067173 -0.001598
v 0.001863 0.067397 -0.001689
v 0.001863 0.067646 -0.001652
v 0.001826 0.067824 -0.001501
v 0.001766 0.067864 -0.001293
v 0.001707 0.067751 -0.001109
v 0.001670 0.067526 -0.001018
v 0.001670 0.067278 -0.001055
v 0.001707 0.067099 -0.001207
v 0.003533 0.065075 0.004245
v 0.003652 0.065152 0.004257
v 0.003726 0.065353 0.004287
v 0.003726 0.065602 0.004324
v 0.003652 0.065803 0.004354
v 0.003533 0.065880 0.004366
v 0.003413 0.065803 0.004354
v 0.003339 0.065602 0.004324
v 0.003339 0.065353 0.004287
v 0.003413 0.065152 0.004257
v 0.001766 0.063091 0.009904
v 0.001826 0.063131 0.010112
v 0.001863 0.063309 0.010263
v 0.001863 0.063558 0.010300
v 0.001826 0.063782 0.010209
v 0.001766 0.063896 0.010025
v 0.001707 0.063856 0.009817
v 0.001670 0.063678 0.009666
v 0.001670 0.063429 0.009629
v 0.001707 0.063205 0.009720
v -0.001766 0.062199 0.009771
v -0.001826 0.062239 0.009978
v -0.001863 0.062418 0.010129
v -0.001863 0.062667 0.010167
v -0.001826 0.062891 0.010076
v -0.001766 0.063005 0.009891
v -0.001707 0.062965 0.009684
v -0.001670 0.062786 0.009533
v -0.001670 0.062537 0.009496
v -0.001707 0.062313 0.009586
v -0.003533 0.062401 0.003845
v -0.003726 0.062679 0.003887
v -0.003652 0.063129 0.003954
v -0.003413 0.063129 0.003954
v -0.003339 0.062928 0.003924
v -0.003339 0.062679 0.003887
v -0.003413 0.062477 0.003856
v -0.003652 0.062472 0.003856
v -0.003726 0.062922 0.003923
v -0.003533 0.063201 0.003965
v -0.001766 0.062597 -0.002082
v -0.001826 0.062710 -0.002266
v -0.001863 0.062935 -0.002357
v -0.001863 0.063183 -0.002320
v -0.001826 0.063362 -0.002169
v -0.001766 0.063402 -0.001961
v -0.001707 0.063288 -0.001777
v -0.001670 0.063064 -0.001686
v -0.001670 0.062815 -0.001723
v -0.001707 0.062636 -0.001874
v 0.001766 0.061705 -0.002215
v 0.001826 0.061819 -0.002399
v 0.001863 0.062043 -0.002490
v 0.001863 0.062292 -0.002453
v 0.001826 0.062470 -0.002302
v 0.001766 0.062510 -0.002095
v 0.001707 0.062397 -0.001910
v 0.001670 0.062172 -0.001819
v 0.001670 0.061924 -0.001856
v 0.001707 0.061745 -0.002008
v 0.003533 0.059721 0.003444
v 0.003652 0.059798 0.003456
v 0.003726 0.059999 0.003486
v 0.003726 0.060248 0.003523
v 0.003652 0.060449 0.003553
v 0.003533 0.060526 0.003565
v 0.003413 0.060449 0.003553
v 0.003339 0.060248 0.003523
v 0.003339 0.059999 0.003486
v 0.003413 0.059798 0.003456
v 0.001766 0.057737 0.009103
v 0.001826 0.057777 0.009311
v 0.001863 0.057955 0.009462
v 0.001863 0.058204 0.009499
v 0.001826 0.058428 0.009408
v 0.001766 0.058542 0.009224
v 0.001707 0.058502 0.009016
v 0.001670 0.058324 0.008865
v 0.001670 0.058075 0.008828
v 0.001707 0.057851 0.008919
v -0.001766 0.056845 0.008970
v -0.001826 0.056885 0.009177
v -0.001863 0.057064 0.009328
v -0.001863 0.057313 0.009366
v -0.001826 0.057537 0.009275
v -0.001766 0.057651 0.009090
v -0.001707 0.057611 0.008883
v -0.001670 0.057432 0.008732
v -0.001670 0.057183 0.008694
v -0.001707 0.056959 0.008785
v -0.003726 0.057574 0.003123
v -0.003652 0.057775 0.003153
v -0.003533 0.057852 0.003164
v -0.003413 0.057775 0.003153
v -0.003339 0.057574 0.003123
v -0.003533 0.057041 0.003043
v -0.003652 0.057118 0.003055
v -0.003726 0.057319 0.003085
v -0.003339 0.057319 0.003085
v -0.003413 0.057118 0.003055
v -0.001766 0.057243 -0.002883
v -0.001826 0.057356 -0.003067
v -0.001863 0.057581 -0.003158
v -0.001863 0.057829 -0.003121
v -0.001826 0.058008 -0.002970
v -0.001766 0.058048 -0.002762
v -0.001707 0.057934 -0.002578
v -0.001670 0.057710 -0.002487
v -0.001670 0.057461 -0.002524
v -0.001707 0.057283 -0.002675
v 0.001766 0.056351 -0.003016
v 0.001826 0.056465 -0.003201
v 0.001863 0.056689 -0.003291
v 0.001863 0.056938 -0.003254
v 0.001826 0.057116 -0.003103
v 0.001766 0.057156 -0.002896
v 0.001707 0.057043 -0.002711
v 0.001670 0.056818 -0.002620
v 0.001670 0.056570 -0.002658
v 0.001707 0.056391 -0.002809
v 0.003533 0.054367 0.002643
v 0.003652 0.054444 0.002654
v 0.003726 0.054645 0.002685
v 0.003726 0.054894 0.002722
v 0.003652 0.055095 0.002752
v 0.003533 0.055172 0.002763
v 0.003413 0.055095 0.002752
v 0.003339 0.054894 0.002722
v 0.003339 0.054645 0.002685
v 0.003413 0.054444 0.002654
v 0.001766 0.052383 0.008302
v 0.001826 0.052423 0.008509
v 0.001863 0.052601 0.008661
v 0.001863 0.052850 0.008698
v 0.001826 0.053074 0.008607
v 0.001766 0.053188 0.008423
v 0.001707 0.053148 0.008215
v 0.001670 0.052970 0.008064
v 0.001670 0.052721 0.008027
v 0.001707 0.052497 0.008118
v -0.001766 0.051491 0.008169
v -0.001826 0.051531 0.008376
v -0.001863 0.051710 0.008527
v -0.001863 0.051959 0.008565
v -0.001826 0.052183 0.008474
v -0.001766 0.052297 0.008289
v -0.001707 0.052257 0.008082
v -0.001670 0.052078 0.007931
v -0.001670 0.051829 0.007893
v -0.001707 0.051605 0.007984
v -0.003533 0.051693 0.002243
v -0.003726 0.051971 0.002284
v -0.003726 0.052220 0.002322
v -0.003533 0.052498 0.002363
v -0.003413 0.052421 0.002352
v -0.003339 0.052220 0.002322
v -0.003339 0.051971 0.002284
v -0.003652 0.051764 0.002254
v -0.003652 0.052416 0.002351
v -0.003413 0.051764 0.002254
v -0.001766 0.051889 -0.003684
v -0.001826 0.052002 -0.003868
v -0.001863 0.052227 -0.003959
v -0.001863 0.052475 -0.003922
v -0.001826 0.052654 -0.003771
v -0.001766 0.052694 -0.003563
v -0.001707 0.052580 -0.003379
v -0.001670 0.052356 -0.003288
v -0.001670 0.052107 -0.003325
v -0.001707 0.051929 -0.003476
v 0.001766 0.050997 -0.003817
v 0.001826 0.051111 -0.004002
v 0.001863 0.051335 -0.004093
v 0.001863 0.051584 -0.004055
v 0.001826 0.051762 -0.003904
v 0.001766 0.051802 -0.003697
v 0.001707 0.051689 -0.003512
v 0.001670 0.051464 -0.003421
v 0.001670 0.051216 -0.003459
v 0.001707 0.051037 -0.003610
v 0.003533 0.049013 0.001842
v 0.003652 0.049090 0.001853
v 0.003726 0.049291 0.001884
v 0.003726 0.049540 0.001921
v 0.003652 0.049741 0.001951
v 0.003533 0.049818 0.001962
v 0.003413 0.049741 0.001951
v 0.003339 0.049540 0.001921
v 0.003339 0.049291 0.001884
v 0.003413 0.049090 0.001853
v 0.001766 0.047029 0.007501
v 0.001826 0.047069 0.007708
v 0.001863 0.047247 0.007860
v 0.001863 0.047496 0.007897
v 0.001826 0.047720 0.007806
v 0.001766 0.047834 0.007621
v 0.001707 0.047794 0.007414
v 0.001670 0.047616 0.007263
v 0.001670 0.047367 0.007226
v 0.001707 0.047143 0.007317
v -0.001766 0.046137 0.007368
v -0.001826 0.046177 0.007575
v -0.001863 0.046356 0.007726
v -0.001863 0.046605 0.007763
v -0.001826 0.046829 0.007672
v -0.001766 0.046943 0.007488
v -0.001707 0.046903 0.007281
v -0.001670 0.046724 0.007129
v -0.001670 0.046475 0.007092
v -0.001707 0.046251 0.007183
v -0.003533 0.046339 0.001442
v -0.003652 0.046415 0.001453
v -0.003726 0.046617 0.001483
v -0.003413 0.047067 0.001551
v -0.003339 0.046866 0.001521
v -0.003726 0.046860 0.001520
v -0.003652 0.047062 0.001550
v -0.003533 0.047139 0.001561
v -0.003339 0.046612 0.001483
v -0.003413 0.046410 0.001452
v -0.001766 0.046535 -0.004485
v -0.001826 0.046648 -0.004669
v -0.001863 0.046873 -0.004760
v -0.001863 0.047121 -0.004723
v -0.001826 0.047300 -0.004572
v -0.001766 0.047340 -0.004364
v -0.001707 0.047226 -0.004180
v -0.001670 0.047002 -0.004089
v -0.001670 0.046753 -0.004126
v -0.001707 0.046575 -0.004278
v 0.001766 0.045643 -0.004618
v 0.001826 0.045757 -0.004803
v 0.001863 0.045981 -0.004894
v 0.001863 0.046230 -0.004856
v 0.001826 0.046409 -0.004705
v 0.001766 0.046448 -0.004498
v 0.001707 0.046335 -0.004313
v 0.001670 0.046110 -0.004222
v 0.001670 0.045862 -0.004260
v 0.001707 0.045683 -0.004411
v 0.003533 0.043659 0.001041
v 0.003652 0.043736 0.001052
v 0.003726 0.043937 0.001082
v 0.003726 0.044186 0.001120
v 0.003652 0.044387 0.001150
v 0.003533 0.044464 0.001161
v 0.003413 0.044387 0.001150
v 0.003339 0.044186 0.001120
v 0.003339 0.043937 0.001082
v 0.003413 0.043736 0.001052
v 0.001766 0.041675 0.006700
v 0.001826 0.041715 0.006907
v 0.001863 0.041893 0.007058
v 0.001863 0.042142 0.007096
v 0.001826 0.042366 0.007005
v 0.001766 0.042480 0.006820
v 0.001707 0.042440 0.006613
v 0.001670 0.042262 0.006462
v 0.001670 0.042013 0.006425
v 0.001707 0.041789 0.006516
v -0.001766 0.040783 0.006566
v -0.001826 0.040823 0.006774
v -0.001863 0.041002 0.006925
v -0.001863 0.041251 0.006962
v -0.001826 0.041475 0.006871
v -0.001766 0.041589 0.006687
v -0.001707 0.041549 0.006480
v -0.001670 0.041370 0.006328
v -0.001670 0.041121 0.006291
v -0.001707 0.040897 0.006382
v -0.003533 0.040985 0.000641
v -0.003726 0.041263 0.000682
v -0.003652 0.041713 0.000750
v -0.003339 0.041263 0.000682
v -0.003413 0.041061 0.000652
v -0.003652 0.041056 0.000651
v -0.003726 0.041506 0.000719
v -0.003533 0.041785 0.000760
v -0.003413 0.041708 0.000749
v -0.003339 0.041506 0.000719
v -0.001766 0.041181 -0.005286
v -0.001826 0.041294 -0.005470
v -0.001863 0.041519 -0.005561
v -0.001863 0.041768 -0.005524
v -0.001826 0.041946 -0.005373
v -0.001766 0.041986 -0.005166
v -0.001707 0.041872 -0.004981
v -0.001670 0.041648 -0.004890
v -0.001670 0.041399 -0.004927
v -0.001707 0.041221 -0.005079
v 0.001766 0.040289 -0.005419
v 0.001826 0.040403 -0.005604
v 0.001863 0.040627 -0.005695
v 0.001863 0.040876 -0.005657
v 0.001826 0.041055 -0.005506
v 0.001766 0.041094 -0.005299
v 0.001707 0.040981 -0.005114
v 0.001670 0.040756 -0.005024
v 0.001670 0.040508 -0.005061
v 0.001707 0.040329 -0.005212
v 0.003533 0.038305 0.000240
v 0.003652 0.038382 0.000251
v 0.003726 0.038583 0.000281
v 0.003726 0.038832 0.000319
v 0.003652 0.039033 0.000349
v 0.003533 0.039110 0.000360
v 0.003413 0.039033 0.000349
v 0.003339 0.038832 0.000319
v 0.003339 0.038583 0.000281
v 0.003413 0.038382 0.000251
v 0.001766 0.036321 0.005899
v 0.001826 0.036361 0.006106
v 0.001863 0.036539 0.006257
v 0.001863 0.036788 0.006295
v 0.001826 0.037012 0.006204
v 0.001766 0.037126 0.006019
v 0.001707 0.037086 0.005812
v 0.001670 0.036908 0.005661
v 0.001670 0.036659 0.005623
v 0.001707 0.036435 0.005714
v -0.001766 0.035429 0.005765
v -0.001826 0.035469 0.005973
v -0.001863 0.035648 0.006124
v -0.001863 0.035897 0.006161
v -0.001826 0.036121 0.006070
v -0.001766 0.036235 0.005886
v -0.001707 0.036195 0.005678
v -0.001670 0.036016 0.005527
v -0.001670 0.035767 0.005490
v -0.001707 0.035543 0.005581
v -0.003652 0.035708 -0.000149
v -0.003726 0.035909 -0.000119
v -0.003652 0.036359 -0.000051
v -0.003413 0.036359 -0.000051
v -0.003339 0.036158 -0.000082
v -0.003413 0.035708 -0.000149
v -0.003533 0.035625 -0.000161
v -0.003726 0.036152 -0.000082
v -0.003533 0.036431 -0.000041
v -0.003339 0.035904 -0.000120
v -0.001766 0.035827 -0.006087
v -0.001826 0.035940 -0.006271
v -0.001863 0.036165 -0.006362
v -0.001863 0.036414 -0.006325
v -0.001826 0.036592 -0.006174
v -0.001766 0.036632 -0.005967
v -0.001707 0.036518 -0.005782
v -0.001670 0.036294 -0.005691
v -0.001670 0.036045 -0.005729
v -0.001707 0.035867 -0.005880
v 0.001766 0.034935 -0.006220
v 0.001826 0.035049 -0.006405
v 0.001863 0.035273 -0.006496
v 0.001863 0.035522 -0.006459
v 0.001826 0.035701 -0.006307
v 0.001766 0.035740 -0.006100
v 0.001707 0.035627 -0.005916
v 0.001670 0.035402 -0.005825
v 0.001670 0.035154 -0.005862
v 0.001707 0.034975 -0.006013
v 0.003533 0.032951 -0.000561
v 0.003652 0.033028 -0.000550
v 0.003726 0.033229 -0.000520
v 0.003726 0.033478 -0.000483
v 0.003652 0.033679 -0.000452
v 0.003533 0.033756 -0.000441
v 0.003413 0.033679 -0.000452
v 0.003339 0.033478 -0.000483
v 0.003339 0.033229 -0.000520
v 0.003413 0.033028 -0.000550
v 0.001766 0.030967 0.005098
v 0.001826 0.031007 0.005305
v 0.001863 0.031185 0.005456
v 0.001863 0.031434 0.005494
v 0.001826 0.031658 0.005403
v 0.001766 0.031772 0.005218
v 0.001707 0.031732 0.005011
v 0.001670 0.031554 0.004860
v 0.001670 0.031305 0.004822
v 0.001707 0.031081 0.004913
v -0.001766 0.030075 0.004964
v -0.001826 0.030115 0.005172
v -0.001863 0.030294 0.005323
v -0.001863 0.030543 0.005360
v -0.001826 0.030767 0.005269
v -0.001766 0.030881 0.005085
v -0.001707 0.030841 0.004877
v -0.001670 0.030662 0.004726
v -0.001670 0.030413 0.004689
v -0.001707 0.030189 0.004780
v -0.003726 0.030555 -0.000920
v -0.003726 0.030804 -0.000883
v -0.003652 0.031005 -0.000853
v -0.003339 0.030804 -0.000883
v -0.003413 0.030354 -0.000950
v -0.003533 0.030271 -0.000962
v -0.003652 0.030348 -0.000951
v -0.003533 0.031077 -0.000842
v -0.003413 0.031000 -0.000853
v -0.003339 0.030550 -0.000921
v -0.001766 0.030473 -0.006888
v -0.001826 0.030586 -0.007073
v -0.001863 0.030811 -0.007164
v -0.001863 0.031060 -0.007126
v -0.001826 0.031238 -0.006975
v -0.001766 0.031278 -0.006768
v -0.001707 0.031164 -0.006583
v -0.001670 0.030940 -0.006492
v -0.001670 0.030691 -0.006530
v -0.001707 0.030513 -0.006681
v 0.001766 0.029581 -0.007022
v 0.001826 0.029695 -0.007206
v 0.001863 0.029919 -0.007297
v 0.001863 0.030168 -0.007260
v 0.001826 0.030347 -0.007108
v 0.001766 0.030386 -0.006901
v 0.001707 0.030273 -0.006717
v 0.001670 0.030048 -0.006626
v 0.001670 0.029800 -0.006663
v 0.001707 0.029621 -0.006814
v 0.003533 0.027597 -0.001362
v 0.003652 0.027674 -0.001351
v 0.003726 0.027875 -0.001321
v 0.003726 0.028124 -0.001284
v 0.003652 0.028325 -0.001253
v 0.003533 0.028402 -0.001242
v 0.003413 0.028325 -0.001253
v 0.003339 0.028124 -0.001284
v 0.003339 0.027875 -0.001321
v 0.003413 0.027674 -0.001351
v 0.001766 0.025613 0.004297
v 0.001826 0.025653 0.004504
v 0.001863 0.025831 0.004655
v 0.001863 0.026080 0.004692
v 0.001826 0.026304 0.004602
v 0.001766 0.026418 0.004417
v 0.001707 0.026378 0.004210
v 0.001670 0.026200 0.004059
v 0.001670 0.025951 0.004021
v 0.001707 0.025727 0.004112
v -0.001766 0.024721 0.004163
v -0.001826 0.024761 0.004371
v -0.001863 0.024940 0.004522
v -0.001863 0.025189 0.004559
v -0.001826 0.025413 0.004468
v -0.001766 0.025527 0.004284
v -0.001707 0.025487 0.004076
v -0.001670 0.025308 0.003925
v -0.001670 0.025059 0.003888
v -0.001707 0.024835 0.003979
v -0.003726 0.025201 -0.001721
v -0.003726 0.025450 -0.001684
v -0.003533 0.025728 -0.001642
v -0.003413 0.025651 -0.001654
v -0.003339 0.025450 -0.001684
v -0.003339 0.025201 -0.001721
v -0.003413 0.025000 -0.001751
v -0.003533 0.024917 -0.001763
v -0.003652 0.024994 -0.001752
v -0.003652 0.025646 -0.001654
v -0.001766 0.025119 -0.007689
v -0.001826 0.025233 -0.007874
v -0.001863 0.025457 -0.007965
v -0.001863 0.025706 -0.007927
v -0.001826 0.025884 -0.007776
v -0.001766 0.025924 -0.007569
v -0.001707 0.025810 -0.007384
v -0.001670 0.025586 -0.007293
v -0.001670 0.025337 -0.007331
v -0.001707 0.025159 -0.007482
v 0.001766 0.024227 -0.007823
v 0.001826 0.024341 -0.008007
v 0.001863 0.024565 -0.008098
v 0.001863 0.024814 -0.008061
v 0.001826 0.024993 -0.007910
v 0.001766 0.025033 -0.007702
v 0.001707 0.024919 -0.007518
v 0.001670 0.024695 -0.007427
v 0.001670 0.024446 -0.007464
v 0.001707 0.024267 -0.007615
v 0.003533 0.022243 -0.002164
v 0.003652 0.022320 -0.002152
v 0.003726 0.022521 -0.002122
v 0.003726 0.022770 -0.002085
v 0.003652 0.022971 -0.002055
v 0.003533 0.023048 -0.002043
v 0.003413 0.022971 -0.002055
v 0.003339 0.022770 -0.002085
v 0.003339 0.022521 -0.002122
v 0.003413 0.022320 -0.002152
v 0.001766 0.020259 0.003496
v 0.001826 0.020299 0.003703
v 0.001863 0.020477 0.003854
v 0.001863 0.020726 0.003891
v 0.001826 0.020950 0.003800
v 0.001766 0.021064 0.003616
v 0.001707 0.021024 0.003409
v 0.001670 0.020846 0.003257
v 0.001670 0.020597 0.003220
v 0.001707 0.020373 0.003311
v -0.001766 0.019367 0.003362
v -0.001826 0.019407 0.003570
v -0.001863 0.019586 0.003721
v -0.001863 0.019835 0.003758
v -0.001826 0.020059 0.003667
v -0.001766 0.020173 0.003483
v -0.001707 0.020133 0.003275
v -0.001670 0.019954 0.003124
v -0.001670 0.019705 0.003087
v -0.001707 0.019481 0.003178
v -0.003533 0.019569 -0.002564
v -0.003652 0.019646 -0.002552
v -0.003726 0.020096 -0.002485
v -0.003652 0.020297 -0.002455
v -0.003413 0.020297 -0.002455
v -0.003339 0.020096 -0.002485
v -0.003339 0.019847 -0.002522
v -0.003726 0.019842 -0.002523
v -0.003533 0.020369 -0.002444
v -0.003413 0.019640 -0.002553
v -0.001766 0.019765 -0.008490
v -0.001826 0.019879 -0.008675
v -0.001863 0.020103 -0.008766
v -0.001863 0.020352 -0.008728
v -0.001826 0.020530 -0.008577
v -0.001766 0.020570 -0.008370
v -0.001707 0.020456 -0.008185
v -0.001670 0.020232 -0.008095
v -0.001670 0.019983 -0.008132
v -0.001707 0.019805 -0.008283
v 0.001766 0.018873 -0.008624
v 0.001826 0.018987 -0.008808
v 0.001863 0.019211 -0.008899
v 0.001863 0.019460 -0.008862
v 0.001826 0.019639 -0.008711
v 0.001766 0.019679 -0.008503
v 0.001707 0.019565 -0.008319
v 0.001670 0.019341 -0.008228
v 0.001670 0.019092 -0.008265
v 0.001707 0.018913 -0.008416
v 0.003533 0.016889 -0.002965
v 0.003652 0.016966 -0.002953
v 0.003726 0.017167 -0.002923
v 0.003726 0.017416 -0.002886
v 0.003652 0.017617 -0.002856
v 0.003533 0.017694 -0.002844
v 0.003413 0.017617 -0.002856
v 0.003339 0.017416 -0.002886
v 0.003339 0.017167 -0.002923
v 0.003413 0.016966 -0.002953
v 0.001766 0.014905 0.002694
v 0.001826 0.014945 0.002902
v 0.001863 0.015123 0.003053
v 0.001863 0.015372 0.003090
v 0.001826 0.015596 0.002999
v 0.001766 0.015710 0.002815
v 0.001707 0.015670 0.002608
v 0.001670 0.015492 0.002456
v 0.001670 0.015243 0.002419
v 0.001707 0.015019 0.002510
v -0.001766 0.014013 0.002561
v -0.001826 0.014053 0.002768
v -0.001863 0.014232 0.002920
v -0.001863 0.014481 0.002957
v -0.001826 0.014705 0.002866
v -0.001766 0.014819 0.002682
v -0.001707 0.014779 0.002474
v -0.001670 0.014600 0.002323
v -0.001670 0.014351 0.002286
v -0.001707 0.014127 0.002377
v -0.003652 0.014292 -0.003353
v -0.003726 0.014493 -0.003323
v -0.003652 0.014943 -0.003256
v -0.003413 0.014943 -0.003256
v -0.003339 0.014742 -0.003286
v -0.003533 0.014209 -0.003366
v -0.003726 0.014736 -0.003287
v -0.003533 0.015015 -0.003245
v -0.003339 0.014488 -0.003324
v -0.003413 0.014286 -0.003354
v -0.001766 0.014411 -0.009291
v -0.001826 0.014525 -0.009476
v -0.001863 0.014749 -0.009567
v -0.001863 0.014998 -0.009530
v -0.001826 0.015176 -0.009378
v -0.001766 0.015216 -0.009171
v -0.001707 0.015102 -0.008987
v -0.001670 0.014878 -0.008896
v -0.001670 0.014629 -0.008933
v -0.001707 0.014451 -0.009084
v 0.001766 0.013519 -0.009425
v 0.001826 0.013633 -0.009609
v 0.001863 0.013857 -0.009700
v 0.001863 0.014106 -0.009663
v 0.001826 0.014285 -0.009512
v 0.001766 0.014325 -0.009304
v 0.001707 0.014211 -0.009120
v 0.001670 0.013987 -0.009029
v 0.001670 0.013738 -0.009066
v 0.001707 0.013559 -0.009217
v 0.003533 0.011535 -0.003766
v 0.003652 0.011612 -0.003754
v 0.003726 0.011813 -0.003724
v 0.003726 0.012062 -0.003687
v 0.003652 0.012263 -0.003657
v 0.003533 0.012340 -0.003645
v 0.003413 0.012263 -0.003657
v 0.003339 0.012062 -0.003687
v 0.003339 0.011813 -0.003724
v 0.003413 0.011612 -0.003754
v 0.001766 0.009551 0.001893
v 0.001826 0.009591 0.002101
v 0.001863 0.009769 0.002252
v 0.001863 0.010018 0.002289
v 0.001826 0.010242 0.002198
v 0.001766 0.010356 0.002014
v 0.001707 0.010316 0.001806
v 0.001670 0.010138 0.001655
v 0.001670 0.009889 0.001618
v 0.001707 0.009665 0.001709
v -0.001766 0.008659 0.001760
v -0.001826 0.008699 0.001967
v -0.001863 0.008878 0.002119
v -0.001863 0.009127 0.002156
v -0.001826 0.009351 0.002065
v -0.001766 0.009465 0.001880
v -0.001707 0.009425 0.001673
v -0.001670 0.009246 0.001522
v -0.001670 0.008997 0.001485
v -0.001707 0.008773 0.001576
v -0.003726 0.009388 -0.004087
v -0.003652 0.009589 -0.004057
v -0.003533 0.009666 -0.004045
v -0.003339 0.009139 -0.004124
v -0.003413 0.008938 -0.004154
v -0.003533 0.008855 -0.004167
v -0.003652 0.008932 -0.004155
v -0.003726 0.009134 -0.004125
v -0.003413 0.009584 -0.004058
v -0.003339 0.009383 -0.004088
v -0.001766 0.009057 -0.010093
v -0.001826 0.009171 -0.010277
v -0.001863 0.009395 -0.010368
v -0.001863 0.009644 -0.010331
v -0.001826 0.009822 -0.010179
v -0.001766 0.009862 -0.009972
v -0.001707 0.009748 -0.009788
v -0.001670 0.009524 -0.009697
v -0.001670 0.009275 -0.009734
v -0.001707 0.009097 -0.009885
v 0.001766 0.008165 -0.010226
v 0.001826 0.008279 -0.010410
v 0.001863 0.008503 -0.010501
v 0.001863 0.008752 -0.010464
v 0.001826 0.008931 -0.010313
v 0.001766 0.008971 -0.010105
v 0.001707 0.008857 -0.009921
v 0.001670 0.008633 -0.009830
v 0.001670 0.008384 -0.009867
v 0.001707 0.008205 -0.010019
v 0.003533 0.006181 -0.004567
v 0.003652 0.006258 -0.004555
v 0.003726 0.006459 -0.004525
v 0.003726 0.006708 -0.004488
v 0.003652 0.006909 -0.004458
v 0.003533 0.006986 -0.004446
v 0.003413 0.006909 -0.004458
v 0.003339 0.006708 -0.004488
v 0.003339 0.006459 -0.004525
v 0.003413 0.006258 -0.004555
v 0.001766 0.004197 0.001092
v 0.001826 0.004237 0.001300
v 0.001863 0.004415 0.001451
v 0.001863 0.004664 0.001488
v 0.001826 0.004888 0.001397
v 0.001766 0.005002 0.001213
v 0.001707 0.004962 0.001005
v 0.001670 0.004784 0.000854
v 0.001670 0.004535 0.000817
v 0.001707 0.004311 0.000908
v -0.001766 0.003305 0.000959
v -0.001826 0.003345 0.001166
v -0.001863 0.003524 0.001317
v -0.001863 0.003773 0.001355
v -0.001826 0.003997 0.001264
v -0.001766 0.004111 0.001079
v -0.001707 0.004071 0.000872
v -0.001670 0.003892 0.000721
v -0.001670 0.003643 0.000684
v -0.001707 0.003419 0.000774
v -0.003533 0.003507 -0.004967
v -0.003652 0.003584 -0.004955
v -0.003726 0.004034 -0.004888
v -0.003652 0.004235 -0.004858
v -0.003533 0.004312 -0.004847
v -0.003413 0.004235 -0.004858
v -0.003339 0.004034 -0.004888
v -0.003413 0.003584 -0.004955
v -0.003726 0.003780 -0.004926
v -0.003339 0.003780 -0.004926
v -0.001766 0.003703 -0.010894
v -0.001826 0.003817 -0.011078
v -0.001863 0.004041 -0.011169
v -0.001863 0.004290 -0.011132
v -0.001826 0.004468 -0.010981
v -0.001766 0.004508 -0.010773
v -0.001707 0.004394 -0.010589
v -0.001670 0.004170 -0.010498
v -0.001670 0.003921 -0.010535
v -0.001707 0.003743 -0.010686
v 0.001766 0.002811 -0.011027
v 0.001826 0.002925 -0.011211
v 0.001863 0.003149 -0.011302
v 0.001863 0.003398 -0.011265
v 0.001826 0.003577 -0.011114
v 0.001766 0.003617 -0.010907
v 0.001707 0.003503 -0.010722
v 0.001670 0.003279 -0.010631
v 0.001670 0.003030 -0.010668
v 0.001707 0.002851 -0.010820
v 0.003614 0.000930 -0.005353
v 0.003777 0.001035 -0.005337
v 0.003846 0.001214 -0.005310
v 0.003796 0.001399 -0.005282
v 0.003645 0.001520 -0.005264
v 0.003451 0.001529 -0.005263
v 0.003289 0.001425 -0.005278
v 0.003219 0.001246 -0.005305
v 0.003270 0.001060 -0.005333
v 0.003420 0.000940 -0.005351
vn -0.0000 -1.0000 -0.0000
vn -0.0000 0.7534 0.6575
vn -0.4346 0.3754 0.8186
vn -0.1163 0.3674 0.9228
vn -0.0000 -1.0000 0.0013
vn -0.0000 1.0000 -0.0000
vn -0.0000 -0.0000 -1.0000
vn -0.0000 -1.0000 0.0019
vn -0.0000 0.7346 0.6785
vn -0.0000 0.9261 0.3773
vn -0.1748 -0.0000 0.9846
vn -0.0000 -0.0000 1.0000
vn -0.0000 0.4138 0.9104
vn -0.1838 -0.0000 -0.9830
vn -1.0000 -0.0000 -0.0000
vn -0.9962 -0.0000 0.0869
vn -0.9989 -0.0000 0.0475
vn -0.0000 0.1267 -0.9919
vn -0.1840 0.1245 -0.9750
vn -0.1837 0.1297 -0.9744
vn -0.0000 0.1321 -0.9912
vn -0.9784 -0.0000 -0.2069
vn -0.9784 -0.0285 0.2049
vn -0.9788 -0.0300 0.2025
vn -0.1838 0.1357 -0.9736
vn -0.0000 0.1380 -0.9904
vn -0.0000 -0.1321 0.9912
vn -0.1840 -0.1299 0.9743
vn -0.1840 -0.1245 0.9750
vn -0.0000 -0.1267 0.9919
vn -0.0000 -0.1376 0.9905
vn -0.1834 -0.1353 0.9737
vn -0.0000 -0.1462 0.9893
vn -0.1825 -0.1437 0.9726
vn -0.0000 -0.1555 0.9878
vn -0.1809 -0.1522 0.9716
vn -0.9784 -0.0264 0.2051
vn -0.9784 -0.0262 0.2051
vn -0.9785 -0.0271 0.2043
vn -0.9928 0.1039 0.0597
vn -0.9774 -0.0133 0.2112
vn -0.9856 0.0785 0.1497
vn -0.9539 0.2680 0.1348
vn -0.1831 0.1462 -0.9722
vn -0.0000 0.1490 -0.9888
vn -0.0000 0.1598 -0.9871
vn -0.2032 0.2018 -0.9581
vn -0.1599 0.2307 -0.9598
vn -0.1839 -0.1253 0.9749
vn -0.6905 -0.0916 0.7176
vn -0.6904 -0.0922 0.7175
vn -0.6911 -0.0955 0.7164
vn -0.6896 -0.0997 0.7173
vn -0.6884 -0.1058 0.7176
vn -0.1789 -0.1523 0.9720
vn -0.2012 -0.1515 0.9678
vn -0.7773 -0.0974 0.6216
vn -0.6709 -0.1146 0.7327
vn -0.0000 -0.1274 0.9918
vn -0.1866 -0.1255 0.9744
vn -0.0000 -0.1277 0.9918
vn -0.1839 0.1253 -0.9749
vn -0.1812 0.1256 -0.9754
vn -0.6743 0.0943 -0.7324
vn -0.6905 0.0922 -0.7174
vn -0.9748 0.0285 -0.2211
vn -0.9784 0.0263 -0.2050
vn -0.6906 0.0916 -0.7174
vn -0.6896 0.0956 -0.7178
vn -0.9784 0.0262 -0.2050
vn -0.9782 0.0275 -0.2058
vn -0.6908 0.0998 -0.7162
vn -0.9785 0.0285 -0.2041
vn -0.6918 0.1080 -0.7140
vn -0.9790 0.0310 -0.2014
vn -0.1826 0.1571 -0.9705
vn -0.6994 0.1151 -0.7054
vn -0.9813 0.0311 -0.1901
vn -0.0000 0.1274 -0.9918
vn -0.9625 0.2709 -0.0158
vn -0.9705 0.2349 0.0545
vn -0.9052 0.4151 0.0912
vn -0.4930 0.8696 -0.0268
vn -0.9418 0.2746 -0.1938
vn -0.9646 0.2611 -0.0357
vn -0.4881 0.8664 -0.1052
vn -0.8358 0.5144 -0.1918
vn -0.6902 -0.0000 -0.7236
vn -0.9201 -0.0000 0.3917
vn -0.9530 -0.0000 0.3031
vn -0.6017 -0.0000 0.7987
vn -0.0001 -1.0000 0.0020
vn -0.0000 -1.0000 0.0014
vn -0.0000 0.1277 -0.9918
vn -0.7056 -0.0905 0.7029
vn -0.9817 -0.0243 0.1891
vn -1.0000 -0.0035 0.0023
vn -1.0000 -0.0035 -0.0009
vn -1.0000 -0.0043 0.0002
vn -1.0000 -0.0015 -0.0022
vn -0.7058 0.2682 -0.6557
vn -0.6797 -0.1133 0.7247
vn -0.9790 -0.0328 0.2014
vn 0.1163 0.3674 0.9228
vn 0.4346 0.3754 0.8186
vn -0.0001 -0.0000 -1.0000
vn 0.1748 -0.0000 0.9846
vn 0.1837 -0.0000 -0.9830
vn 1.0000 -0.0000 -0.0000
vn 0.9989 -0.0000 0.0475
vn 0.9962 -0.0000 0.0869
vn 0.1837 0.1297 -0.9744
vn 0.1840 0.1245 -0.9750
vn 0.9784 -0.0000 -0.2069
vn 0.9788 -0.0300 0.2025
vn 0.9784 -0.0285 0.2049
vn 0.1838 0.1357 -0.9736
vn 0.1840 -0.1245 0.9750
vn 0.1840 -0.1299 0.9743
vn 0.1834 -0.1353 0.9737
vn 0.1825 -0.1437 0.9726
vn 0.1809 -0.1522 0.9716
vn 0.9784 -0.0262 0.2051
vn 0.9784 -0.0264 0.2051
vn 0.9785 -0.0271 0.2043
vn 0.9928 0.1039 0.0597
vn 0.9539 0.2680 0.1348
vn 0.9856 0.0785 0.1497
vn 0.9774 -0.0133 0.2112
vn 0.1831 0.1462 -0.9722
vn 0.1599 0.2307 -0.9598
vn 0.2032 0.2018 -0.9581
vn 0.1839 -0.1253 0.9749
vn 0.6904 -0.0922 0.7175
vn 0.6905 -0.0916 0.7176
vn 0.6911 -0.0955 0.7164
vn 0.6896 -0.0997 0.7173
vn 0.6884 -0.1058 0.7176
vn 0.1789 -0.1523 0.9720
vn 0.6709 -0.1146 0.7327
vn 0.7773 -0.0974 0.6216
vn 0.2012 -0.1515 0.9678
vn 0.1866 -0.1255 0.9744
vn 0.1839 0.1253 -0.9749
vn 0.6905 0.0922 -0.7174
vn 0.6743 0.0943 -0.7324
vn 0.1812 0.1256 -0.9754
vn 0.9784 0.0263 -0.2050
vn 0.9748 0.0285 -0.2211
vn 0.6896 0.0956 -0.7178
vn 0.6906 0.0916 -0.7174
vn 0.9782 0.0275 -0.2058
vn 0.9784 0.0262 -0.2050
vn 0.6908 0.0998 -0.7162
vn 0.9785 0.0285 -0.2041
vn 0.6918 0.1080 -0.7140
vn 0.9790 0.0310 -0.2014
vn 0.1826 0.1571 -0.9705
vn 0.6994 0.1151 -0.7054
vn 0.9813 0.0311 -0.1901
vn 0.9625 0.2709 -0.0158
vn 0.4930 0.8696 -0.0268
vn 0.9052 0.4151 0.0912
vn 0.9705 0.2349 0.0545
vn 0.9418 0.2746 -0.1938
vn 0.8358 0.5144 -0.1918
vn 0.4881 0.8664 -0.1052
vn 0.9646 0.2611 -0.0357
vn 0.6902 -0.0000 -0.7236
vn 0.9530 -0.0000 0.3031
vn 0.9201 -0.0000 0.3917
vn 0.6017 -0.0000 0.7987
vn 0.0001 -1.0000 0.0020
vn 0.7056 -0.0905 0.7029
vn 0.9817 -0.0243 0.1891
vn 1.0000 -0.0035 -0.0009
vn 1.0000 -0.0035 0.0023
vn 1.0000 -0.0043 0.0002
vn 1.0000 -0.0015 -0.0022
vn 0.7058 0.2682 -0.6557
vn 0.9790 -0.0328 0.2014
vn 0.6797 -0.1133 0.7247
vn -0.0677 0.9970 -0.0362
vn -0.0000 0.9989 -0.0462
vn -0.0000 0.9957 -0.0922
vn -0.0309 0.9958 -0.0856
vn -0.1493 -0.7565 -0.6367
vn -0.0748 -0.7666 -0.6377
vn 0.0938 -0.4228 -0.9013
vn 0.3895 -0.4336 -0.8126
vn -0.0785 0.9969 -0.0011
vn -0.0000 1.0000 -0.0013
vn -0.0771 0.9970 -0.0000
vn -0.1271 -0.9917 -0.0174
vn -0.0209 -0.9997 -0.0162
vn 0.0140 -0.0000 0.9999
vn -0.0876 0.9961 0.0044
vn -0.0000 1.0000 -0.0019
vn -0.0721 -0.7305 -0.6791
vn -0.0669 -0.9223 -0.3807
vn -0.0000 -0.9193 -0.3936
vn -0.0000 -0.7314 -0.6820
vn -0.0000 -0.4788 -0.8779
vn -0.0000 -0.0962 -0.9954
vn 0.1689 -0.0891 -0.9816
vn 0.1930 -0.0000 0.9812
vn 1.0000 0.0022 0.0034
vn 1.0000 0.0041 -0.0030
vn 0.9991 -0.0015 -0.0422
vn 0.9959 -0.0042 -0.0907
vn -0.1439 -0.7258 -0.6727
vn -0.1406 -0.9170 -0.3733
vn -0.1538 0.9881 -0.0000
vn -0.1538 0.9880 -0.0104
vn -0.0345 -0.9993 -0.0158
vn -0.0493 -0.9988 -0.0064
vn -0.0290 -0.9995 -0.0124
vn -0.0194 -0.9997 -0.0112
vn 0.1735 -0.1300 0.9762
vn 0.1737 -0.1247 0.9769
vn -0.1565 0.9877 -0.0010
vn 1.0000 -0.0000 0.0056
vn 0.9806 -0.0005 0.1960
vn 0.9809 -0.0005 0.1946
vn 1.0000 -0.0001 0.0009
vn 0.9802 0.0291 -0.1960
vn 0.9797 0.0276 -0.1987
vn 1.0000 0.0005 0.0035
vn 1.0000 0.0049 -0.0000
vn -0.0532 -0.9984 -0.0185
vn -0.0000 -0.1380 0.9904
vn 0.1734 -0.1359 0.9754
vn 0.1776 0.1246 -0.9762
vn 0.1776 0.1301 -0.9755
vn -0.0000 0.1376 -0.9905
vn 0.1770 0.1354 -0.9749
vn -0.0000 0.1462 -0.9893
vn 0.1758 0.1439 -0.9739
vn -0.0000 0.1555 -0.9878
vn 0.1721 0.1527 -0.9732
vn 1.0000 -0.0029 0.0013
vn 0.9797 0.0254 -0.1989
vn 0.9799 0.0223 -0.1983
vn 0.9798 0.0263 -0.1981
vn 0.9802 0.1188 0.1583
vn 0.9927 -0.1201 -0.0148
vn 0.9928 -0.0512 -0.1080
vn 0.9740 0.2255 0.0210
vn -0.0000 -0.9998 -0.0176
vn 0.0019 -0.9998 -0.0201
vn 0.0138 -0.9997 -0.0209
vn -0.0000 -0.9996 -0.0282
vn -0.0000 -0.1490 0.9888
vn 0.1725 -0.1464 0.9741
vn -0.0002 -0.0720 0.9974
vn 0.1954 -0.1079 0.9748
vn 0.2153 -0.1113 0.9702
vn -0.0792 -0.7514 -0.6551
vn -0.0000 -0.7534 -0.6576
vn -0.0000 -0.7697 -0.6384
vn 0.0434 -0.9982 -0.0411
vn -0.0244 -0.9996 -0.0102
vn 0.1756 0.1220 -0.9769
vn 0.6896 0.0885 -0.7187
vn 0.6903 0.0916 -0.7177
vn 0.6910 0.0955 -0.7165
vn 0.6895 0.0997 -0.7174
vn 0.6882 0.1058 -0.7178
vn 0.1367 0.1541 -0.9786
vn 0.6961 0.6395 -0.3263
vn 0.7768 0.0977 -0.6222
vn 0.1820 0.1529 -0.9714
vn -0.0000 0.1242 -0.9923
vn -0.0000 0.1212 -0.9926
vn 0.1769 0.1186 -0.9770
vn 0.1727 -0.1281 0.9766
vn 0.6916 -0.0953 0.7159
vn 0.6748 -0.1005 0.7312
vn 0.1704 -0.1310 0.9766
vn 0.9809 -0.0279 0.1926
vn 0.9780 -0.0329 0.2060
vn 0.6895 -0.0956 0.7179
vn 0.6905 -0.0916 0.7175
vn 0.9803 -0.0262 0.1957
vn 0.9805 -0.0248 0.1949
vn 0.6906 -0.0998 0.7163
vn 0.9806 -0.0271 0.1940
vn 0.6915 -0.1080 0.7143
vn 0.9811 -0.0295 0.1910
vn 0.1685 -0.1733 0.9704
vn 0.6930 -0.1283 0.7094
vn 0.9827 -0.0341 0.1819
vn -0.0000 -0.1298 0.9915
vn -0.0294 -0.9996 0.0034
vn -0.0152 -0.9995 -0.0282
vn 0.9899 -0.1417 0.0042
vn 0.9900 -0.1412 0.0031
vn 0.9899 -0.1415 -0.0032
vn 0.9899 -0.1418 -0.0032
vn 1.0000 -0.0024 0.0003
vn 1.0000 0.0001 -0.0012
vn 1.0000 0.0002 -0.0013
vn 1.0000 0.0002 -0.0012
vn 1.0000 -0.0025 -0.0015
vn 1.0000 0.0002 -0.0014
vn 0.9644 -0.2049 0.1671
vn 0.9685 -0.2017 0.1458
vn 0.9872 -0.1590 0.0129
vn 0.9863 -0.1645 0.0139
vn 1.0000 -0.0038 -0.0001
vn 0.6993 -0.0006 0.7149
vn 0.6990 -0.0006 0.7151
vn -0.0509 0.9974 -0.0505
vn -0.0845 0.9926 -0.0872
vn -0.0907 0.9935 -0.0683
vn 0.9592 -0.0176 -0.2823
vn 0.9155 -0.0271 -0.4015
vn 0.5905 -0.0642 -0.8045
vn -0.1731 0.9849 0.0095
vn -0.1578 -0.7446 -0.6486
vn -0.0981 0.9864 0.1316
vn -0.0000 0.9914 0.1309
vn -0.0769 0.9655 0.2488
vn -0.0000 0.9654 0.2609
vn -0.1898 0.9780 0.0868
vn -0.1882 0.9553 0.2281
vn 1.0000 -0.0056 0.0008
vn 1.0000 -0.0057 0.0015
vn 1.0000 -0.0061 -0.0020
vn 1.0000 -0.0060 0.0001
vn -0.0000 -0.1325 0.9912
vn 0.7048 0.0830 -0.7045
vn 0.9830 0.0173 -0.1830
vn 1.0000 -0.0002 0.0007
vn 1.0000 0.0001 -0.0006
vn 0.7592 -0.1270 0.6384
vn 0.9899 -0.0281 0.1388
vn 0.1776 -0.1902 0.9655
vn 0.9805 0.0305 -0.1942
vn 0.6777 0.1139 -0.7264
vn -0.0000 -0.1768 0.9843
vn -0.0000 0.1556 -0.9878
vn 0.1945 0.1525 -0.9690
vn 0.0677 0.9970 -0.0362
vn 0.0309 0.9958 -0.0856
vn 0.1493 -0.7565 -0.6367
vn -0.3895 -0.4336 -0.8126
vn -0.0938 -0.4228 -0.9013
vn 0.0748 -0.7666 -0.6377
vn 0.0785 0.9969 -0.0011
vn 0.0771 0.9970 -0.0000
vn 0.0006 -1.0000 -0.0000
vn 0.0207 -0.9997 -0.0162
vn -0.0140 -0.0000 0.9999
vn 0.0876 0.9961 0.0044
vn 0.0721 -0.7305 -0.6791
vn 0.0669 -0.9223 -0.3807
vn -0.1689 -0.0891 -0.9816
vn -0.1930 -0.0000 0.9812
vn -1.0000 0.0022 0.0034
vn -0.9959 -0.0042 -0.0907
vn -0.9991 -0.0015 -0.0422
vn -1.0000 0.0041 -0.0030
vn 0.1439 -0.7258 -0.6727
vn 0.1406 -0.9170 -0.3733
vn 0.1538 0.9881 -0.0000
vn 0.1538 0.9880 -0.0104
vn 0.0341 -0.9993 -0.0160
vn 0.0194 -0.9997 -0.0112
vn 0.0290 -0.9995 -0.0124
vn 0.0493 -0.9988 -0.0064
vn -0.1737 -0.1247 0.9769
vn -0.1735 -0.1300 0.9762
vn 0.1565 0.9877 -0.0010
vn -1.0000 -0.0000 0.0056
vn -0.9786 -0.0000 0.2059
vn -1.0000 -0.0001 0.0009
vn -0.9797 0.0276 -0.1987
vn -0.9802 0.0291 -0.1960
vn -1.0000 0.0005 0.0035
vn -1.0000 0.0049 -0.0000
vn 0.0532 -0.9984 -0.0185
vn 0.1271 -0.9917 -0.0174
vn -0.1734 -0.1359 0.9754
vn -0.1776 0.1301 -0.9755
vn -0.1776 0.1246 -0.9762
vn -0.1770 0.1354 -0.9749
vn -0.1758 0.1439 -0.9739
vn -0.1721 0.1527 -0.9732
vn -1.0000 -0.0029 0.0013
vn -0.9799 0.0223 -0.1983
vn -0.9797 0.0254 -0.1989
vn -0.9798 0.0263 -0.1981
vn -0.9843 0.1062 0.1412
vn -0.9789 0.2040 0.0078
vn -0.9924 -0.0534 -0.1111
vn -0.9920 -0.1251 -0.0144
vn -0.0019 -0.9998 -0.0201
vn -0.0138 -0.9997 -0.0209
vn -0.1725 -0.1464 0.9741
vn -0.2154 -0.1102 0.9703
vn -0.1956 -0.1069 0.9748
vn 0.0792 -0.7514 -0.6551
vn -0.0434 -0.9982 -0.0411
vn 0.0244 -0.9996 -0.0102
vn -0.1756 0.1220 -0.9769
vn -0.6903 0.0916 -0.7177
vn -0.6896 0.0885 -0.7187
vn -0.6910 0.0955 -0.7165
vn -0.6895 0.0997 -0.7174
vn -0.6882 0.1058 -0.7178
vn -0.1367 0.1540 -0.9786
vn -0.1820 0.1529 -0.9714
vn -0.7768 0.0977 -0.6222
vn -0.6961 0.6395 -0.3263
vn -0.1769 0.1186 -0.9770
vn -0.1727 -0.1281 0.9766
vn -0.1704 -0.1310 0.9766
vn -0.6748 -0.1005 0.7312
vn -0.6916 -0.0953 0.7159
vn -0.9780 -0.0329 0.2060
vn -0.9809 -0.0279 0.1926
vn -0.6905 -0.0916 0.7175
vn -0.6895 -0.0956 0.7179
vn -0.9805 -0.0248 0.1949
vn -0.9803 -0.0262 0.1957
vn -0.6906 -0.0998 0.7163
vn -0.9806 -0.0271 0.1940
vn -0.6915 -0.1080 0.7143
vn -0.9811 -0.0295 0.1910
vn -0.1685 -0.1733 0.9704
vn -0.6930 -0.1283 0.7094
vn -0.9827 -0.0341 0.1819
vn 0.0294 -0.9996 0.0034
vn 0.0150 -0.9995 -0.0282
vn -0.9899 -0.1418 0.0042
vn -0.9899 -0.1420 -0.0033
vn -0.9899 -0.1416 -0.0032
vn -0.9900 -0.1413 0.0031
vn -1.0000 -0.0024 0.0003
vn -1.0000 0.0002 -0.0013
vn -1.0000 0.0001 -0.0012
vn -1.0000 -0.0025 -0.0015
vn -1.0000 0.0002 -0.0012
vn -1.0000 0.0002 -0.0014
vn -0.9638 -0.2047 0.1708
vn -0.9863 -0.1645 0.0140
vn -0.9872 -0.1591 0.0130
vn -0.9684 -0.2013 0.1475
vn -1.0000 -0.0038 -0.0001
vn -0.6914 -0.0000 0.7225
vn 0.0907 0.9935 -0.0683
vn -0.9155 -0.0271 -0.4015
vn -0.9592 -0.0176 -0.2823
vn -0.5905 -0.0642 -0.8045
vn 0.1731 0.9849 0.0095
vn 0.1578 -0.7446 -0.6486
vn 0.0981 0.9864 0.1316
vn 0.0769 0.9655 0.2488
vn 0.1882 0.9553 0.2281
vn 0.1898 0.9780 0.0868
vn -1.0000 -0.0056 0.0008
vn -1.0000 -0.0057 0.0015
vn -1.0000 -0.0061 -0.0020
vn -1.0000 -0.0060 0.0001
vn -0.7048 0.0830 -0.7045
vn -0.9830 0.0173 -0.1830
vn -1.0000 -0.0002 0.0007
vn -1.0000 0.0001 -0.0006
vn -0.7592 -0.1270 0.6384
vn -0.9899 -0.0281 0.1388
vn -0.1776 -0.1902 0.9655
vn -0.6777 0.1139 -0.7264
vn -0.9805 0.0305 -0.1942
vn -0.1945 0.1525 -0.9690
vn 0.3215 0.6765 0.6625
vn 0.3386 0.9051 0.2571
vn 0.3406 0.9054 0.2535
vn 0.3208 0.7429 0.5875
vn 0.1675 0.6067 0.7771
vn 0.1713 0.6029 0.7792
vn -0.0000 0.9803 0.1974
vn 0.1330 0.9865 0.0953
vn 0.2281 0.9721 -0.0547
vn 0.2208 0.9731 -0.0660
vn 0.1430 0.9856 0.0903
vn 0.0982 0.9864 -0.1320
vn 0.0955 0.9867 -0.1315
vn 0.0125 0.9931 -0.1170
vn -0.0000 0.9871 0.1598
vn -0.0000 0.9536 0.3011
vn 0.0136 0.7894 0.6137
vn 0.0125 0.7944 0.6072
vn -0.0000 0.9572 0.2893
vn -0.0000 0.1364 -0.9907
vn -0.0000 0.1379 -0.9904
vn -0.0000 0.2496 -0.9684
vn -0.0000 -0.0690 -0.9976
vn -0.0000 0.0661 0.9978
vn -0.0000 0.4054 0.9141
vn -0.0000 -0.5771 0.8167
vn -0.0000 -0.2864 0.9581
vn -0.0000 0.9993 -0.0383
vn -0.0000 -0.1393 0.9902
vn -0.0000 -0.1364 0.9907
vn -0.0000 0.9926 0.1211
vn -0.0000 0.9587 -0.2845
vn -0.0000 -0.7662 -0.6426
vn -0.0000 -0.9535 -0.3014
vn -0.0000 -0.9874 0.1581
vn -0.0000 -0.8267 0.5626
vn -0.0000 -0.3501 -0.9367
vn -0.0000 -0.5375 -0.8433
vn -0.0000 0.6682 0.7440
vn -0.0000 0.8795 0.4760
vn -0.0000 0.7377 -0.6751
vn -0.0000 0.4644 -0.8856
vn -0.3386 0.9051 0.2571
vn -0.3215 0.6765 0.6625
vn -0.3208 0.7429 0.5875
vn -0.3406 0.9054 0.2535
vn -0.1675 0.6067 0.7771
vn -0.1713 0.6029 0.7792
vn -0.2281 0.9721 -0.0547
vn -0.1330 0.9865 0.0953
vn -0.1430 0.9856 0.0903
vn -0.2208 0.9731 -0.0660
vn -0.0982 0.9864 -0.1320
vn -0.0955 0.9867 -0.1315
vn -0.0125 0.9931 -0.1170
vn -0.0136 0.7894 0.6137
vn -0.0125 0.7944 0.6072
vn -0.0000 0.8794 0.4760
vn -0.7309 -0.1996 0.6526
vn -0.7450 -0.2018 0.6359
vn 0.7461 -0.2034 0.6340
vn 0.7364 -0.2019 0.6457
vn 0.6138 0.4379 -0.6568
vn -0.6138 0.4379 -0.6568
vn 1.0000 -0.0002 0.0004
vn 0.9958 0.0140 -0.0905
vn -0.0000 -0.1936 0.9811
vn 0.7761 0.0978 -0.6230
vn 1.0000 0.0001 -0.0002
vn -0.9958 0.0140 -0.0905
vn -1.0000 -0.0002 0.0004
vn -0.7761 0.0978 -0.6230
vn -1.0000 0.0001 -0.0002
vn -0.0146 0.9999 0.0046
vn 0.0047 1.0000 -0.0059
vn 0.0236 0.9996 -0.0154
vn 0.0096 0.9999 0.0048
vn -0.2848 -0.8664 -0.4102
vn -0.4817 -0.7602 -0.4359
vn -0.4597 -0.6466 -0.6087
vn -0.2134 -0.7499 -0.6262
vn 0.1072 -0.9931 -0.0482
vn 0.6856 -0.6244 -0.3742
vn 0.0967 -0.9655 -0.2417
vn 0.0821 -0.9949 -0.0595
vn -0.0375 0.9992 -0.0119
vn -0.0114 0.9999 -0.0036
vn -0.0186 0.9998 -0.0102
vn -0.0068 1.0000 -0.0073
vn 0.0091 0.9999 -0.0145
vn 0.0153 0.9998 -0.0138
vn -0.1128 -0.9922 -0.0523
vn -0.0000 -0.9969 -0.0791
vn -0.0004 -0.9941 -0.1081
vn -0.0950 -0.9950 -0.0324
vn 0.4693 -0.8826 0.0286
vn 0.4515 -0.8921 -0.0163
vn 0.1520 -0.9881 -0.0250
vn 0.2346 -0.9715 0.0329
vn 0.0058 1.0000 0.0007
vn 0.0059 0.9998 0.0204
vn 0.0171 0.9999 -0.0001
vn 0.0249 0.9997 0.0008
vn 0.0145 0.9999 0.0005
vn 0.0132 0.9999 -0.0007
vn -0.8021 -0.4345 -0.4096
vn -0.6855 -0.6246 -0.3741
vn -0.0950 -0.9659 -0.2410
vn -0.5587 -0.5582 -0.6134
vn 0.4299 -0.9020 0.0401
vn 0.2758 -0.9591 0.0645
vn -0.0000 0.9124 0.4094
vn -0.3047 0.8716 0.3840
vn -0.3030 0.8722 0.3839
vn -0.0106 0.9999 0.0030
vn -0.0057 0.9999 0.0106
vn -0.0042 1.0000 0.0011
vn -0.0005 0.9994 0.0335
vn 0.8021 -0.4345 -0.4096
vn 0.4817 -0.7602 -0.4359
vn 0.4597 -0.6466 -0.6087
vn 0.5587 -0.5582 -0.6134
vn 0.3047 0.8716 0.3840
vn 0.3030 0.8722 0.3839
vn 0.2848 -0.8664 -0.4102
vn 0.2134 -0.7499 -0.6262
vn -0.8026 0.4519 0.3893
vn -0.8120 0.4346 0.3897
vn 0.1128 -0.9922 -0.0523
vn 0.1055 -0.9914 -0.0781
vn 0.0062 1.0000 0.0007
vn 0.0059 0.9988 0.0488
vn 0.0141 0.9999 0.0039
vn 0.0060 0.9999 0.0124
vn -0.2726 -0.9598 0.0672
vn -0.0986 -0.9930 0.0647
vn -0.1709 -0.9752 0.1408
vn -0.2857 -0.9578 0.0309
vn -0.2814 -0.9573 0.0664
vn -0.1593 -0.9840 0.0799
vn -0.1625 -0.9862 0.0325
vn 0.0040 0.9993 0.0379
vn -0.1102 -0.9921 -0.0593
vn -0.2242 -0.9743 -0.0211
vn -0.1495 -0.9884 -0.0256
vn -0.1562 -0.9864 -0.0515
vn 0.0866 -0.9960 -0.0214
vn 0.1139 -0.9929 0.0356
vn -0.0073 0.9998 -0.0172
vn -0.0025 1.0000 -0.0092
vn -0.0005 0.9999 -0.0136
vn 0.1515 -0.9834 0.1002
vn -0.0041 0.9999 -0.0126
vn -0.0005 0.9999 -0.0134
vn -0.0256 0.9997 0.0008
vn -0.0178 0.9998 0.0005
vn -0.0039 1.0000 0.0004
vn -0.0120 0.9999 0.0007
vn -0.0000 -0.9006 -0.4346
vn -0.0000 -0.7629 -0.6465
vn -0.0100 0.9998 -0.0145
vn -0.0050 1.0000 -0.0063
vn 0.2788 -0.9603 -0.0069
vn 0.2878 -0.9569 0.0387
vn -0.1062 -0.9932 -0.0479
vn -0.4517 -0.8920 -0.0171
vn 0.6454 0.6410 0.4154
vn 0.6501 0.5768 0.4947
vn -0.4693 -0.8826 0.0286
vn -0.4299 -0.9020 0.0401
vn -0.6454 0.6410 0.4154
vn -0.2787 -0.9603 -0.0069
vn 0.5540 0.6430 0.5287
vn 0.0999 -0.0099 0.9950
vn 0.1200 -0.0080 0.9927
vn -0.0000 -0.0160 0.9999
vn -0.1200 -0.0080 0.9927
vn -0.0999 -0.0099 0.9950
vn -0.9381 0.0515 0.3425
vn -0.3696 0.0071 0.9291
vn -0.6211 0.0185 0.7835
vn -0.9627 0.0695 0.2616
vn 0.3696 0.0071 0.9291
vn 0.9381 0.0515 0.3425
vn 0.9627 0.0695 0.2616
vn 0.6211 0.0185 0.7835
vn 0.9905 0.1046 0.0894
vn -0.9905 0.1046 0.0894
vn -0.1374 -0.5235 -0.8409
vn -0.1215 -0.5284 -0.8403
vn 0.1355 -0.5226 -0.8418
vn 0.1298 -0.6815 -0.7202
vn -0.1480 -0.9302 -0.3358
vn -0.1337 -0.6818 -0.7193
vn 0.0005 -0.5051 -0.8630
vn 0.1202 -0.5265 -0.8417
vn 0.1446 -0.9306 -0.3364
vn -0.0001 1.0000 0.0005
vn 0.0043 1.0000 0.0003
vn -0.0003 1.0000 0.0005
vn 0.1278 -0.9901 -0.0577
vn 0.1808 -0.9764 0.1178
vn 0.1108 -0.9938 0.0121
vn -0.0021 0.9999 -0.0112
vn 0.0054 0.9999 0.0135
vn 0.0090 1.0000 0.0001
vn 0.0107 0.9999 -0.0124
vn 0.0153 0.9998 -0.0144
vn 0.0051 0.9984 0.0567
vn -0.0005 -1.0000 -0.0072
vn -0.1639 -0.6313 -0.7580
vn -0.0005 -0.6239 -0.7815
vn 0.1597 -0.6292 -0.7607
vn -0.2826 -0.8958 -0.3431
vn -0.0026 -0.9181 -0.3963
vn 0.2748 -0.8964 -0.3478
vn -0.2779 -0.9581 -0.0690
vn -0.0057 -0.9965 -0.0831
vn 0.2737 -0.9591 -0.0721
vn -0.2349 -0.9716 -0.0302
vn -0.0038 -0.9986 -0.0528
vn 0.2373 -0.9709 -0.0313
vn -0.1960 -0.9805 0.0173
vn -0.0013 -1.0000 0.0035
vn 0.1959 -0.9804 0.0187
vn -0.1552 -0.9853 0.0708
vn -0.0003 -0.9983 0.0588
vn 0.1356 -0.9863 0.0943
vn -0.0006 -1.0000 -0.0000
vn -0.0011 -1.0000 -0.0002
vn 0.0011 -1.0000 -0.0002
vn 0.0845 0.9926 -0.0872
vn 0.0509 0.9974 -0.0505
vn 0.2494 -0.7958 0.5518
vn -0.3376 -0.8318 0.4406
vn 0.0388 -0.9990 -0.0232
vn 0.3340 -0.9372 -0.1009
vn -0.8042 -0.5929 -0.0417
vn -0.1040 -0.9926 -0.0621
vn 0.0774 -0.3492 0.9338
vn -0.5123 -0.4090 0.7552
vn -0.9853 -0.1708 -0.0100
vn -0.0999 0.1786 0.9788
vn -0.5913 0.1031 0.7998
vn -0.9856 0.1689 0.0099
vn -0.2451 0.6472 0.7218
vn -0.5690 0.5675 0.5951
vn -0.8016 0.5964 0.0424
vn -0.3223 0.9226 0.2118
vn -0.3769 0.9068 0.1889
vn -0.0954 0.9935 0.0621
vn -0.2901 0.8683 -0.4024
vn 0.1977 0.9131 -0.3565
vn 0.7626 0.6462 0.0295
vn -0.1432 0.4773 -0.8670
vn 0.5555 0.3917 -0.7335
vn 0.9837 0.1795 0.0059
vn 0.0682 -0.0971 -0.9929
vn 0.6629 -0.1989 -0.7219
vn 0.9837 -0.1795 -0.0059
vn 0.2601 -0.6499 -0.7141
vn 0.5624 -0.6924 -0.4519
vn 0.7627 -0.6461 -0.0295
vn 0.9579 0.0425 -0.2840
vn 0.9579 0.0425 -0.2841
vn -0.5461 -0.5657 -0.6179
vn -0.3426 -0.9169 -0.2047
vn 0.3714 -0.6169 -0.6939
vn -0.0034 -0.9463 -0.3234
vn 0.8001 -0.5748 -0.1717
vn 0.1041 -0.9482 -0.3001
vn 0.5495 -0.7384 0.3910
vn 0.3415 -0.9293 -0.1409
vn -0.3715 -0.8136 0.4472
vn 0.0061 -0.9993 -0.0364
vn -0.7991 -0.5996 -0.0431
vn -0.1011 -0.9929 -0.0629
vn -0.5850 -0.1025 -0.8045
vn 0.5287 -0.1382 -0.8375
vn 0.9854 -0.1627 -0.0509
vn 0.5879 -0.3419 0.7331
vn -0.5291 -0.3882 0.7546
vn -0.9859 -0.1669 -0.0097
vn -0.5287 0.3890 -0.7544
vn 0.5879 0.3419 -0.7331
vn 0.9854 0.1627 0.0509
vn 0.5287 0.1382 0.8375
vn -0.5852 0.1015 0.8045
vn -0.3722 0.8134 -0.4471
vn 0.5495 0.7384 -0.3910
vn 0.8001 0.5748 0.1717
vn 0.3714 0.6169 0.6939
vn -0.5454 0.5661 0.6182
vn 0.0024 0.9994 0.0351
vn 0.3415 0.9293 0.1409
vn 0.1041 0.9482 0.3001
vn -0.0034 0.9463 0.3234
vn -0.3385 0.9187 0.2035
vn -0.1023 0.9928 0.0625
vn 0.5333 0.6927 0.4855
vn -0.2249 0.7315 0.6437
vn -0.7544 0.6213 0.2117
vn -0.5414 0.8141 -0.2100
vn 0.2334 0.9063 -0.3523
vn 0.7566 0.6532 0.0299
vn 0.6531 0.1785 0.7360
vn -0.5636 0.1565 0.8111
vn -0.9835 0.1710 0.0598
vn -0.6609 0.3888 -0.6419
vn 0.5715 0.3903 -0.7218
vn 0.5714 -0.3904 0.7219
vn -0.6609 -0.3888 0.6419
vn -0.9835 -0.1710 -0.0598
vn -0.5637 -0.1565 -0.8111
vn 0.6534 -0.1773 -0.7359
vn 0.9842 -0.1772 -0.0059
vn 0.2396 -0.9037 0.3547
vn -0.5414 -0.8141 0.2100
vn -0.7544 -0.6214 -0.2117
vn -0.2248 -0.7315 -0.6437
vn 0.5257 -0.6998 -0.4836
vn 0.7517 -0.6588 -0.0302
vn -0.5447 -0.5666 -0.6183
vn -0.3347 -0.9204 -0.2020
vn -0.3742 -0.8122 0.4475
vn -0.0044 -0.9994 -0.0332
vn -0.8055 -0.5911 -0.0416
vn -0.1041 -0.9926 -0.0621
vn -0.5855 -0.1006 -0.8044
vn -0.5287 -0.3890 0.7544
vn -0.9856 -0.1688 -0.0099
vn -0.5855 0.1006 0.8044
vn -0.9859 0.1669 0.0097
vn 0.8001 0.5748 0.1718
vn -0.5447 0.5666 0.6183
vn -0.7991 0.5997 0.0431
vn 0.0010 0.9994 0.0346
vn -0.3346 0.9204 0.2020
vn -0.1011 0.9929 0.0629
vn 0.5295 0.6965 0.4843
vn -0.5414 0.8141 -0.2101
vn 0.2270 0.9087 -0.3503
vn 0.7516 0.6589 0.0302
vn 0.6531 0.1785 0.7359
vn -0.6609 0.3889 -0.6419
vn 0.5721 0.3888 -0.7221
vn 0.9842 0.1772 0.0059
vn 0.5721 -0.3889 0.7221
vn -0.5636 -0.1565 -0.8111
vn 0.6531 -0.1785 -0.7360
vn 0.2270 -0.9087 0.3504
vn -0.2248 -0.7316 -0.6437
vn 0.5333 -0.6927 -0.4855
vn 0.7626 -0.6461 -0.0295
vn -0.5468 -0.5645 -0.6183
vn 0.8000 -0.5748 -0.1718
vn -0.3711 -0.8144 0.4461
vn 0.0007 -0.9994 -0.0350
vn -0.8005 -0.5978 -0.0424
vn -0.1029 -0.9927 -0.0625
vn -0.5853 -0.1016 -0.8045
vn -0.5283 -0.3899 0.7542
vn -0.5290 0.3882 -0.7546
vn -0.3715 0.8136 -0.4472
vn 0.5495 0.7384 -0.3909
vn -0.5461 0.5650 0.6185
vn -0.8028 0.5947 0.0423
vn 0.0062 0.9993 0.0364
vn 0.5256 0.6999 0.4836
vn -0.2248 0.7315 0.6437
vn 0.2338 0.9061 -0.3526
vn 0.7580 0.6516 0.0298
vn 0.6534 0.1773 0.7359
vn -0.5637 0.1565 0.8110
vn 0.6528 -0.1798 -0.7359
vn 0.9833 -0.1818 -0.0060
vn 0.5288 -0.6970 -0.4843
vn 0.7551 -0.6549 -0.0300
vn -0.5447 -0.5673 -0.6177
vn -0.3388 -0.9187 -0.2032
vn 0.0076 -0.9993 -0.0369
vn -0.0941 -0.9936 -0.0625
vn -0.3734 0.8124 -0.4478
vn -0.3375 0.9191 0.2032
vn 0.5299 0.6960 0.4845
vn -0.2248 0.7316 0.6436
vn -0.7544 0.6214 0.2117
vn 0.2393 0.9039 -0.3544
vn 0.7613 0.6477 0.0296
vn 0.5708 0.3919 -0.7215
vn 0.9833 0.1819 0.0060
vn 0.5708 -0.3919 0.7215
vn 0.2326 -0.9065 0.3522
vn -0.5415 -0.8141 0.2101
vn -0.7544 -0.6213 -0.2117
vn 0.5292 -0.6965 -0.4845
vn 0.7565 -0.6533 -0.0299
vn -0.3336 -0.9209 -0.2018
vn -0.3723 -0.8134 0.4469
vn -0.0008 -0.9994 -0.0345
vn -0.8018 -0.5960 -0.0424
vn -0.1099 -0.9920 -0.0629
vn 0.9854 0.1628 0.0509
vn -0.1024 0.9928 0.0625
vn 0.5329 0.6932 0.4852
vn -0.2248 0.7316 0.6437
vn 0.7566 0.6531 0.0299
vn 0.6528 0.1798 0.7359
vn -0.5636 0.1565 0.8110
vn 0.2330 -0.9063 0.3525
vn 0.5257 -0.6999 -0.4836
vn 0.7517 -0.6589 -0.0302
vn -0.5455 -0.5661 -0.6180
vn -0.3399 -0.9182 -0.2034
vn -0.7991 -0.5997 -0.0431
vn -0.0940 -0.9936 -0.0625
vn -0.3347 0.9204 0.2020
vn 0.2266 0.9089 -0.3501
vn 0.7503 0.6604 0.0303
vn 0.5721 -0.3888 0.7221
vn -0.5414 -0.8141 0.2101
vn -0.3336 -0.9209 -0.2017
vn -0.3722 -0.8134 0.4471
vn 0.0010 -0.9994 -0.0346
vn -0.8016 -0.5964 -0.0424
vn -0.1023 -0.9928 -0.0625
vn -0.9856 -0.1689 -0.0099
vn -0.5454 0.5661 0.6181
vn 0.0061 0.9993 0.0364
vn 0.5252 0.7004 0.4834
vn 0.6531 -0.1785 -0.7359
vn 0.2331 -0.9063 0.3525
vn 0.5295 -0.6965 -0.4843
vn 0.7566 -0.6531 -0.0299
vn -0.5454 -0.5661 -0.6182
vn -0.3385 -0.9187 -0.2035
vn 0.0062 -0.9993 -0.0364
vn -0.5852 -0.1015 -0.8045
vn -0.5850 0.1025 0.8045
vn -0.9853 0.1708 0.0100
vn -0.5461 0.5657 0.6179
vn -0.8042 0.5929 0.0417
vn -0.3436 0.9165 0.2049
vn -0.1109 0.9919 0.0625
vn 0.5715 -0.3903 0.7218
vn 0.2334 -0.9063 0.3523
vn 0.5256 -0.6999 -0.4836
vn 0.7516 -0.6589 -0.0302
vn -0.1099 -0.9919 -0.0629
vn 0.9854 -0.1627 -0.0508
vn -0.5283 0.3899 -0.7542
vn -0.5853 0.1016 0.8044
vn -0.9856 0.1688 0.0099
vn -0.3730 0.8132 -0.4467
vn 0.8000 0.5748 0.1718
vn -0.5455 0.5662 0.6180
vn -0.8018 0.5961 0.0424
vn -0.0058 0.9994 0.0328
vn -0.3398 0.9182 0.2034
vn -0.1099 0.9920 0.0629
vn 0.5721 -0.3888 0.7222
vn -0.5415 -0.8141 0.2100
vn 0.5252 -0.7003 -0.4834
vn 0.7503 -0.6604 -0.0303
vn 0.0077 -0.9993 -0.0369
vn -0.5287 0.3891 -0.7544
vn -0.3723 0.8134 -0.4469
vn -0.0008 0.9994 0.0345
vn -0.3336 0.9209 0.2017
vn -0.0941 0.9936 0.0625
vn 0.2330 0.9063 -0.3525
vn 0.7565 0.6533 0.0299
vn 0.5714 0.3904 -0.7219
vn 0.2266 -0.9089 0.3501
vn 0.0076 0.9993 0.0369
vn 0.5292 0.6965 0.4845
vn 0.6531 0.1786 0.7359
vn 0.5329 -0.6932 -0.4852
vn 0.7613 -0.6477 -0.0296
vn -0.5468 -0.5646 -0.6183
vn -0.3734 -0.8124 0.4478
vn 0.0024 -0.9994 -0.0351
vn -0.8029 -0.5947 -0.0423
vn -0.0954 -0.9935 -0.0621
vn -0.5440 0.5677 0.6179
vn -0.7978 0.6014 0.0431
vn 0.2326 0.9065 -0.3522
vn 0.7551 0.6549 0.0301
vn 0.2393 -0.9039 0.3544
vn -0.5461 -0.5650 -0.6185
vn -0.3375 -0.9191 -0.2033
vn -0.0955 -0.9935 -0.0621
vn -0.3703 0.8146 -0.4465
vn -0.1110 0.9919 0.0625
vn 0.5288 0.6971 0.4843
vn -0.3375 -0.9191 -0.2032
vn -0.3711 -0.8144 0.4462
vn -0.0058 0.9994 0.0327
vn 0.2397 -0.9037 0.3547
vn -0.0058 -0.9994 -0.0328
vn -0.1109 -0.9919 -0.0625
vn 0.2266 0.9089 -0.3500
vn -0.3436 -0.9165 -0.2049
vn 0.5252 0.7003 0.4834
vn 0.2396 0.9037 -0.3547
vn 0.7627 0.6461 0.0295
vn 0.5333 0.6928 0.4855
vn -0.2248 0.7315 0.6436
vn 0.7551 -0.6549 -0.0301
vn 0.3655 -0.6193 -0.6948
vn 0.0401 -0.9431 -0.3300
vn 0.7167 -0.5578 -0.4185
vn 0.1336 -0.9258 -0.3536
vn 0.5315 -0.1004 -0.8411
vn 0.9364 -0.0936 -0.3382
vn 0.5629 0.4354 -0.7025
vn 0.9267 0.3243 -0.1897
vn 0.4654 0.8223 -0.3274
vn 0.6741 0.7371 0.0476
vn 0.2314 0.9537 0.1921
vn 0.0046 0.9400 0.3411
vn -0.2254 0.7302 0.6450
vn -0.7047 0.5710 0.4212
vn -0.5748 0.1373 0.8067
vn -0.9530 0.0494 0.2990
vn -0.6364 -0.4936 0.5928
vn -0.9080 -0.3983 0.1299
vn -0.4112 -0.9008 0.1398
vn -0.5690 -0.8157 -0.1046
vn -0.0000 -0.1480 0.9890
vt 0.040047 0.502697
vt 0.040047 0.498377
vt 0.059567 0.498377
vt 0.059567 0.502697
vt 0.009609 0.957005
vt 0.007688 0.955948
vt 0.006985 0.954503
vt 0.009756 0.954503
vt 0.040047 0.624945
vt 0.040047 0.622685
vt 0.059567 0.622685
vt 0.059567 0.624945
vt 0.567496 0.823583
vt 0.567571 0.806545
vt 0.570677 0.767157
vt 0.058309 0.954079
vt 0.041133 0.954079
vt 0.041133 0.934558
vt 0.058309 0.934558
vt 0.040047 0.643447
vt 0.059567 0.643447
vt 0.018070 0.954503
vt 0.018070 0.934982
vt 0.027163 0.934982
vt 0.027163 0.954503
vt 0.074902 0.663131
vt 0.078381 0.663131
vt 0.078381 0.682652
vt 0.074902 0.682652
vt 0.058309 0.955217
vt 0.041133 0.955217
vt 0.170397 0.624573
vt 0.170350 0.643075
vt 0.163221 0.643075
vt 0.159576 0.638899
vt 0.018070 0.957392
vt 0.027163 0.957392
vt 0.037157 0.622685
vt 0.037157 0.502697
vt 0.570140 0.763080
vt 0.566089 0.768667
vt 0.567465 0.762726
vt 0.568838 0.762589
vt 0.882175 0.087039
vt 0.896445 0.087039
vt 0.896436 0.178139
vt 0.882175 0.178139
vt 0.037157 0.624945
vt 0.170397 0.502326
vt 0.153221 0.502326
vt 0.153221 0.499645
vt 0.170397 0.499645
vt 0.134171 0.305097
vt 0.147364 0.306928
vt 0.147280 0.407323
vt 0.134127 0.406326
vt 0.170397 0.622313
vt 0.153221 0.622313
vt 0.153221 0.632396
vt 0.567178 0.896973
vt 0.567223 0.887201
vt 0.570072 0.887232
vt 0.569977 0.896971
vt 0.896445 0.292035
vt 0.882175 0.292034
vt 0.171059 0.193660
vt 0.160022 0.193661
vt 0.160079 0.102224
vt 0.171059 0.102226
vt 0.171059 0.308041
vt 0.160060 0.308041
vt 0.171059 0.407032
vt 0.160015 0.407426
vt 0.171059 0.420354
vt 0.160059 0.422050
vt 0.134219 0.080377
vt 0.147405 0.082080
vt 0.147389 0.101191
vt 0.134194 0.099487
vt 0.147289 0.192588
vt 0.134053 0.190825
vt 0.134592 0.467742
vt 0.147370 0.459844
vt 0.147370 0.464323
vt 0.134668 0.473141
vt 0.567465 0.762728
vt 0.562375 0.767175
vt 0.547902 0.767174
vt 0.547913 0.762854
vt 0.548035 0.897090
vt 0.548010 0.887184
vt 0.558795 0.887167
vt 0.896426 0.393638
vt 0.882175 0.393637
vt 0.882175 0.461627
vt 0.896419 0.461594
vt 0.894204 0.467427
vt 0.882175 0.467452
vt 0.009756 0.934982
vt 0.012528 0.934982
vt 0.012528 0.954503
vt 0.564748 0.884851
vt 0.567237 0.879178
vt 0.570063 0.887232
vt 0.160084 0.083114
vt 0.153588 0.101920
vt 0.153597 0.082811
vt 0.153505 0.193346
vt 0.153564 0.307715
vt 0.153510 0.407312
vt 0.160107 0.449819
vt 0.160113 0.453430
vt 0.153838 0.455593
vt 0.153816 0.451801
vt 0.171059 0.083115
vt 0.160091 0.022196
vt 0.171060 0.022196
vt 0.896446 0.067932
vt 0.896446 0.006985
vt 0.900434 0.007170
vt 0.900435 0.068117
vt 0.037562 0.067853
vt 0.037636 0.006985
vt 0.041438 0.007437
vt 0.041364 0.068306
vt 0.900435 0.087224
vt 0.900423 0.178331
vt 0.037157 0.177971
vt 0.037520 0.086933
vt 0.041322 0.087388
vt 0.040960 0.178436
vt 0.900434 0.292236
vt 0.037535 0.291846
vt 0.041337 0.292321
vt 0.900411 0.393912
vt 0.037728 0.393483
vt 0.041587 0.394031
vt 0.896449 0.417023
vt 0.900437 0.417511
vt 0.038305 0.417013
vt 0.042339 0.417784
vt 0.882175 0.067932
vt 0.567695 0.772254
vt 0.570674 0.767157
vt 0.570689 0.764288
vt 0.093548 0.476082
vt 0.108932 0.477238
vt 0.109688 0.484408
vt 0.094893 0.482980
vt 0.105313 0.076629
vt 0.099270 0.094866
vt 0.096864 0.085149
vt 0.059203 0.295360
vt 0.059354 0.397313
vt 0.053651 0.069907
vt 0.058339 0.091147
vt 0.058518 0.181916
vt 0.044298 0.462369
vt 0.074794 0.470865
vt 0.076793 0.478234
vt 0.043818 0.469058
vt 0.080701 0.061826
vt 0.079791 0.071263
vt 0.073209 0.072496
vt 0.099540 0.185758
vt 0.100129 0.299366
vt 0.099844 0.401169
vt 0.058309 0.956546
vt 0.041133 0.956546
vt 0.153221 0.498377
vt 0.170397 0.498377
vt 0.037157 0.500016
vt 0.038909 0.498377
vt 0.170347 0.645308
vt 0.165140 0.645308
vt 0.170345 0.647101
vt 0.166403 0.647101
vt 0.074440 0.661592
vt 0.078382 0.661592
vt 0.037157 0.643447
vt 0.012528 0.957392
vt 0.006985 0.934982
vt 0.040047 0.645542
vt 0.059567 0.645542
vt 0.040047 0.647623
vt 0.059567 0.647623
vt 0.038602 0.647093
vt 0.037544 0.645646
vt 0.108797 0.016177
vt 0.134243 0.019465
vt 0.075115 0.011812
vt 0.091956 0.013995
vt 0.882175 0.006985
vt 0.153608 0.021893
vt 0.147419 0.021163
vt 0.134346 0.427493
vt 0.103729 0.428508
vt 0.074049 0.420051
vt 0.082047 0.420415
vt 0.082213 0.430291
vt 0.057130 0.421311
vt 0.096928 0.407789
vt 0.039906 0.461355
vt 0.900392 0.462480
vt 0.153644 0.422663
vt 0.147350 0.425431
vt 0.882175 0.417024
vt 0.171059 0.445679
vt 0.067020 0.076275
vt 0.086541 0.072639
vt 0.092967 0.077370
vt 0.062089 0.082133
vt 0.063464 0.410338
vt 0.068009 0.416337
vt 0.088184 0.417977
vt 0.093227 0.413400
vt 0.079088 0.502697
vt 0.079088 0.498377
vt 0.009609 0.912958
vt 0.009756 0.915461
vt 0.006985 0.915461
vt 0.007688 0.914016
vt 0.079088 0.624945
vt 0.079088 0.622685
vt 0.528479 0.840569
vt 0.528651 0.866069
vt 0.525921 0.887329
vt 0.058309 0.915038
vt 0.041133 0.915038
vt 0.079088 0.643447
vt 0.018070 0.915461
vt 0.027163 0.915461
vt 0.074902 0.702173
vt 0.078381 0.702173
vt 0.058309 0.913900
vt 0.041133 0.913900
vt 0.201542 0.520904
vt 0.190721 0.506579
vt 0.194366 0.502403
vt 0.201495 0.502403
vt 0.018070 0.912571
vt 0.027163 0.912571
vt 0.081978 0.622685
vt 0.081978 0.502697
vt 0.525605 0.762970
vt 0.526916 0.762480
vt 0.528296 0.762621
vt 0.529656 0.768603
vt 0.867915 0.178139
vt 0.867905 0.087039
vt 0.081978 0.624945
vt 0.201542 0.643152
vt 0.201542 0.645833
vt 0.184366 0.645833
vt 0.184366 0.643152
vt 0.207948 0.305097
vt 0.207991 0.406326
vt 0.194839 0.407323
vt 0.194755 0.306928
vt 0.184366 0.523165
vt 0.201542 0.523165
vt 0.184366 0.513082
vt 0.528864 0.897081
vt 0.526057 0.897090
vt 0.525930 0.887329
vt 0.528779 0.887288
vt 0.867905 0.292035
vt 0.182040 0.102224
vt 0.182097 0.193661
vt 0.182059 0.308041
vt 0.182104 0.407426
vt 0.182060 0.422050
vt 0.207899 0.080377
vt 0.207925 0.099487
vt 0.194730 0.101191
vt 0.194714 0.082080
vt 0.208065 0.190825
vt 0.194830 0.192588
vt 0.207526 0.467742
vt 0.207451 0.473141
vt 0.194749 0.464323
vt 0.194749 0.459844
vt 0.528296 0.762619
vt 0.533420 0.767106
vt 0.537224 0.887219
vt 0.867925 0.393638
vt 0.870147 0.467427
vt 0.867932 0.461594
vt 0.012528 0.915461
vt 0.531252 0.884924
vt 0.528740 0.879262
vt 0.182035 0.083114
vt 0.188522 0.082811
vt 0.188531 0.101920
vt 0.188614 0.193346
vt 0.188555 0.307715
vt 0.188609 0.407312
vt 0.182012 0.449819
vt 0.188303 0.451801
vt 0.188280 0.455593
vt 0.182006 0.453430
vt 0.182029 0.022196
vt 0.867904 0.067932
vt 0.863915 0.068117
vt 0.863916 0.007170
vt 0.867905 0.006985
vt 0.304557 0.067853
vt 0.300755 0.068307
vt 0.300681 0.007438
vt 0.304483 0.006986
vt 0.863928 0.178331
vt 0.863916 0.087224
vt 0.304962 0.177972
vt 0.301159 0.178436
vt 0.300796 0.087389
vt 0.304598 0.086933
vt 0.863917 0.292236
vt 0.304584 0.291846
vt 0.300781 0.292321
vt 0.863939 0.393912
vt 0.304391 0.393483
vt 0.300532 0.394031
vt 0.867902 0.417023
vt 0.863913 0.417510
vt 0.303814 0.417013
vt 0.299779 0.417784
vt 0.528068 0.772194
vt 0.525064 0.767080
vt 0.525061 0.767080
vt 0.525050 0.764186
vt 0.248571 0.476082
vt 0.247226 0.482980
vt 0.232430 0.484408
vt 0.233187 0.477238
vt 0.236806 0.076629
vt 0.245255 0.085149
vt 0.242849 0.094867
vt 0.282765 0.397312
vt 0.282915 0.295360
vt 0.283780 0.091148
vt 0.288467 0.069907
vt 0.283601 0.181916
vt 0.297821 0.462369
vt 0.298301 0.469058
vt 0.265326 0.478234
vt 0.267324 0.470865
vt 0.261418 0.061827
vt 0.268910 0.072497
vt 0.262328 0.071263
vt 0.242578 0.185758
vt 0.241989 0.299366
vt 0.242274 0.401169
vt 0.041133 0.912571
vt 0.058309 0.912571
vt 0.184366 0.647101
vt 0.201542 0.647101
vt 0.080226 0.498377
vt 0.081978 0.500016
vt 0.196286 0.500170
vt 0.201493 0.500170
vt 0.197549 0.498377
vt 0.201491 0.498377
vt 0.074440 0.703712
vt 0.078382 0.703712
vt 0.081978 0.643447
vt 0.012528 0.912571
vt 0.079088 0.645542
vt 0.079088 0.647623
vt 0.081591 0.645646
vt 0.080533 0.647093
vt 0.233322 0.016178
vt 0.207876 0.019465
vt 0.267004 0.011813
vt 0.250163 0.013996
vt 0.188512 0.021894
vt 0.194700 0.021164
vt 0.238389 0.428508
vt 0.207772 0.427493
vt 0.268070 0.420051
vt 0.259906 0.430291
vt 0.260072 0.420415
vt 0.284989 0.421311
vt 0.245191 0.407789
vt 0.302213 0.461355
vt 0.863959 0.462480
vt 0.194769 0.425431
vt 0.188475 0.422663
vt 0.275099 0.076275
vt 0.255578 0.072640
vt 0.249152 0.077371
vt 0.280030 0.082133
vt 0.278655 0.410338
vt 0.274109 0.416337
vt 0.253934 0.417977
vt 0.248892 0.413400
vt 0.098074 0.642550
vt 0.117604 0.642576
vt 0.117604 0.646126
vt 0.098059 0.646098
vt 0.959658 0.121168
vt 0.959681 0.119373
vt 0.961951 0.119250
vt 0.961342 0.120345
vt 0.098076 0.520294
vt 0.117600 0.520304
vt 0.117600 0.522563
vt 0.098074 0.522553
vt 0.155113 0.942049
vt 0.155150 0.822037
vt 0.158023 0.877987
vt 0.958234 0.137516
vt 0.958234 0.157037
vt 0.942637 0.157037
vt 0.942637 0.137516
vt 0.098131 0.501810
vt 0.117601 0.501798
vt 0.951340 0.119368
vt 0.942642 0.119399
vt 0.942620 0.099856
vt 0.951338 0.099856
vt 0.080115 0.880350
vt 0.080062 0.899741
vt 0.077822 0.899741
vt 0.077784 0.880365
vt 0.958278 0.136531
vt 0.942594 0.136531
vt 0.260885 0.520137
vt 0.251424 0.506344
vt 0.255066 0.502174
vt 0.260854 0.501706
vt 0.951341 0.121487
vt 0.942552 0.121596
vt 0.095948 0.522551
vt 0.095948 0.642556
vt 0.155471 0.818823
vt 0.156266 0.818533
vt 0.157252 0.818507
vt 0.159212 0.823949
vt 0.881689 0.563247
vt 0.881690 0.654328
vt 0.867636 0.654329
vt 0.867627 0.563248
vt 0.095950 0.520291
vt 0.260931 0.642384
vt 0.260981 0.644892
vt 0.245288 0.644807
vt 0.245334 0.642390
vt 0.739017 0.784854
vt 0.738716 0.885831
vt 0.725820 0.886693
vt 0.726081 0.786645
vt 0.245289 0.522402
vt 0.260886 0.522396
vt 0.245298 0.512646
vt 0.157232 0.951699
vt 0.155037 0.951795
vt 0.157236 0.942052
vt 0.881692 0.768202
vt 0.867635 0.768203
vt 0.433970 0.658672
vt 0.433970 0.567543
vt 0.444733 0.567543
vt 0.444741 0.658672
vt 0.433970 0.772613
vt 0.444732 0.772613
vt 0.433970 0.871197
vt 0.444740 0.871585
vt 0.433970 0.884467
vt 0.444734 0.886145
vt 0.738476 0.560756
vt 0.738619 0.579856
vt 0.725681 0.581644
vt 0.725531 0.562541
vt 0.739388 0.670960
vt 0.726448 0.672748
vt 0.541737 0.652385
vt 0.536260 0.652369
vt 0.544990 0.639633
vt 0.549601 0.639626
vt 0.176766 0.818512
vt 0.176766 0.822779
vt 0.162631 0.822711
vt 0.165925 0.941271
vt 0.176743 0.941205
vt 0.176743 0.951704
vt 0.881696 0.869769
vt 0.867651 0.869770
vt 0.111699 0.909819
vt 0.117670 0.909819
vt 0.117670 0.921640
vt 0.111699 0.923868
vt 0.956910 0.119375
vt 0.956915 0.099855
vt 0.959686 0.099855
vt 0.160231 0.939191
vt 0.157946 0.933837
vt 0.444741 0.548443
vt 0.450595 0.548150
vt 0.450585 0.567245
vt 0.720003 0.563316
vt 0.720154 0.582412
vt 0.450595 0.658360
vt 0.720920 0.673517
vt 0.450582 0.772288
vt 0.720553 0.787415
vt 0.450573 0.871464
vt 0.720282 0.886627
vt 0.559583 0.628165
vt 0.557622 0.633772
vt 0.553721 0.633749
vt 0.555868 0.628164
vt 0.433970 0.548442
vt 0.433970 0.486669
vt 0.444791 0.486623
vt 0.867622 0.544140
vt 0.864265 0.544328
vt 0.863913 0.482522
vt 0.867549 0.482401
vt 0.834232 0.547702
vt 0.831085 0.548168
vt 0.830618 0.486408
vt 0.834032 0.485911
vt 0.864280 0.654521
vt 0.864270 0.563433
vt 0.835109 0.657887
vt 0.831963 0.658358
vt 0.831217 0.567272
vt 0.834363 0.566803
vt 0.864279 0.768404
vt 0.834735 0.771762
vt 0.831589 0.772236
vt 0.864301 0.870043
vt 0.834380 0.873432
vt 0.831174 0.873985
vt 0.867622 0.893138
vt 0.864283 0.893622
vt 0.833799 0.896991
vt 0.830393 0.897802
vt 0.881689 0.544138
vt 0.157950 0.827158
vt 0.155177 0.819619
vt 0.533141 0.694041
vt 0.526334 0.692457
vt 0.525049 0.677601
vt 0.532219 0.678390
vt 0.767368 0.556836
vt 0.775866 0.565312
vt 0.773512 0.575044
vt 0.813634 0.877263
vt 0.813950 0.775260
vt 0.814440 0.571112
vt 0.819023 0.549833
vt 0.814651 0.661875
vt 0.545108 0.744510
vt 0.538205 0.744351
vt 0.530571 0.710783
vt 0.537830 0.713225
vt 0.791909 0.541892
vt 0.799463 0.552529
vt 0.792871 0.551329
vt 0.773734 0.665814
vt 0.773036 0.779205
vt 0.773016 0.880956
vt 0.942552 0.135686
vt 0.958320 0.135686
vt 0.245250 0.645656
vt 0.261018 0.645656
vt 0.097070 0.646071
vt 0.096272 0.645780
vt 0.095980 0.645071
vt 0.256916 0.500084
vt 0.260881 0.499733
vt 0.258075 0.498616
vt 0.260876 0.498377
vt 0.080604 0.879199
vt 0.077794 0.879218
vt 0.096018 0.501862
vt 0.956881 0.121500
vt 0.961998 0.099854
vt 0.098151 0.499724
vt 0.117601 0.499706
vt 0.098272 0.498410
vt 0.117601 0.498377
vt 0.096380 0.499913
vt 0.097186 0.498809
vt 0.763416 0.495594
vt 0.737971 0.499042
vt 0.797101 0.491026
vt 0.780259 0.493310
vt 0.881689 0.482454
vt 0.719160 0.501463
vt 0.724931 0.500760
vt 0.450850 0.486294
vt 0.768942 0.908357
vt 0.738247 0.906996
vt 0.798819 0.900027
vt 0.790556 0.910297
vt 0.790773 0.900359
vt 0.815849 0.901358
vt 0.775900 0.887611
vt 0.832185 0.933413
vt 0.828387 0.934672
vt 0.867632 0.934662
vt 0.863726 0.935700
vt 0.725496 0.904756
vt 0.719933 0.901907
vt 0.450521 0.886734
vt 0.881696 0.893142
vt 0.433970 0.907975
vt 0.444718 0.911935
vt 0.805677 0.556277
vt 0.786125 0.552743
vt 0.779722 0.557510
vt 0.810641 0.562112
vt 0.809495 0.890307
vt 0.804909 0.896315
vt 0.784618 0.897882
vt 0.779579 0.893260
vt 0.137121 0.642550
vt 0.137136 0.646096
vt 0.959651 0.078547
vt 0.961335 0.079370
vt 0.961944 0.080464
vt 0.959675 0.080342
vt 0.137124 0.520296
vt 0.137126 0.522555
vt 0.195488 0.877996
vt 0.195489 0.860998
vt 0.198381 0.822044
vt 0.958234 0.176558
vt 0.942637 0.176558
vt 0.137070 0.501812
vt 0.951338 0.080351
vt 0.942642 0.080322
vt 0.080115 0.919132
vt 0.077784 0.919117
vt 0.958278 0.177543
vt 0.942594 0.177543
vt 0.215598 0.520137
vt 0.215622 0.501706
vt 0.221410 0.502172
vt 0.225054 0.506341
vt 0.951337 0.078233
vt 0.942552 0.078125
vt 0.139252 0.522553
vt 0.139246 0.642556
vt 0.198061 0.818830
vt 0.194318 0.823955
vt 0.196281 0.818514
vt 0.197267 0.818540
vt 0.895752 0.563248
vt 0.895743 0.654329
vt 0.139250 0.520293
vt 0.215597 0.642384
vt 0.231194 0.642384
vt 0.231243 0.644892
vt 0.215549 0.644892
vt 0.685333 0.784854
vt 0.698269 0.786645
vt 0.698530 0.886693
vt 0.685634 0.885831
vt 0.215597 0.522396
vt 0.231194 0.522396
vt 0.231182 0.512640
vt 0.196256 0.951699
vt 0.196252 0.942052
vt 0.198375 0.942049
vt 0.198451 0.951795
vt 0.895753 0.768202
vt 0.423199 0.658672
vt 0.423207 0.567543
vt 0.423208 0.772613
vt 0.423200 0.871585
vt 0.423206 0.886145
vt 0.685875 0.560756
vt 0.698820 0.562541
vt 0.698669 0.581644
vt 0.685731 0.579856
vt 0.697902 0.672748
vt 0.684962 0.670960
vt 0.541737 0.582419
vt 0.549601 0.595178
vt 0.544990 0.595171
vt 0.536260 0.582435
vt 0.190900 0.822716
vt 0.187562 0.941271
vt 0.895740 0.869769
vt 0.111699 0.895771
vt 0.117670 0.897999
vt 0.956905 0.080341
vt 0.193258 0.939189
vt 0.195547 0.933842
vt 0.423199 0.548443
vt 0.417355 0.567245
vt 0.417345 0.548150
vt 0.704347 0.563316
vt 0.704197 0.582412
vt 0.417345 0.658360
vt 0.703430 0.673517
vt 0.417358 0.772288
vt 0.703797 0.787415
vt 0.417368 0.871464
vt 0.704069 0.886627
vt 0.559583 0.606640
vt 0.555868 0.606640
vt 0.553721 0.601056
vt 0.557622 0.601032
vt 0.423149 0.486623
vt 0.895757 0.544140
vt 0.895830 0.482401
vt 0.899466 0.482522
vt 0.899114 0.544328
vt 0.590118 0.547702
vt 0.590319 0.485911
vt 0.593732 0.486408
vt 0.593265 0.548168
vt 0.899109 0.563433
vt 0.899099 0.654521
vt 0.589241 0.657887
vt 0.589987 0.566803
vt 0.593133 0.567272
vt 0.592387 0.658358
vt 0.899109 0.768403
vt 0.589615 0.771762
vt 0.592762 0.772236
vt 0.899091 0.870042
vt 0.589970 0.873432
vt 0.593176 0.873985
vt 0.895770 0.893137
vt 0.899109 0.893621
vt 0.590552 0.896991
vt 0.593958 0.897802
vt 0.195579 0.827165
vt 0.198355 0.819536
vt 0.533141 0.540763
vt 0.532219 0.556414
vt 0.525049 0.557203
vt 0.526334 0.542347
vt 0.656982 0.556836
vt 0.650838 0.575044
vt 0.648485 0.565312
vt 0.610401 0.775260
vt 0.610717 0.877263
vt 0.605327 0.549833
vt 0.609910 0.571112
vt 0.609699 0.661875
vt 0.545108 0.490294
vt 0.537830 0.521580
vt 0.530571 0.524021
vt 0.538205 0.490453
vt 0.632442 0.541892
vt 0.631479 0.551329
vt 0.624887 0.552529
vt 0.650616 0.665814
vt 0.651315 0.779205
vt 0.651334 0.880956
vt 0.958320 0.178388
vt 0.942552 0.178388
vt 0.231280 0.645656
vt 0.215512 0.645656
vt 0.139213 0.645070
vt 0.215594 0.499733
vt 0.219559 0.500083
vt 0.215599 0.498377
vt 0.218399 0.498615
vt 0.080604 0.920283
vt 0.077794 0.920265
vt 0.139184 0.501864
vt 0.956875 0.078217
vt 0.137050 0.499726
vt 0.136930 0.498412
vt 0.138015 0.498811
vt 0.138821 0.499915
vt 0.660934 0.495594
vt 0.686380 0.499042
vt 0.627249 0.491025
vt 0.644092 0.493310
vt 0.705190 0.501463
vt 0.699419 0.500760
vt 0.417090 0.486294
vt 0.686104 0.906996
vt 0.655409 0.908357
vt 0.625532 0.900027
vt 0.633577 0.900359
vt 0.633794 0.910297
vt 0.608501 0.901358
vt 0.648450 0.887611
vt 0.592373 0.929675
vt 0.596378 0.930935
vt 0.895762 0.934662
vt 0.899874 0.935917
vt 0.704418 0.901907
vt 0.698854 0.904756
vt 0.417419 0.886734
vt 0.423223 0.911935
vt 0.618673 0.556277
vt 0.638226 0.552743
vt 0.644629 0.557510
vt 0.613709 0.562112
vt 0.614855 0.890307
vt 0.619441 0.896315
vt 0.639733 0.897882
vt 0.644771 0.893260
vt 0.008922 0.771350
vt 0.014152 0.767229
vt 0.014781 0.768152
vt 0.009977 0.771717
vt 0.006985 0.782079
vt 0.008101 0.782078
vt 0.024767 0.761931
vt 0.025206 0.762957
vt 0.023396 0.898602
vt 0.020458 0.897172
vt 0.021132 0.896421
vt 0.023579 0.897507
vt 0.018869 0.892837
vt 0.019764 0.892610
vt 0.015812 0.858389
vt 0.016753 0.858317
vt 0.035399 0.898602
vt 0.035399 0.897485
vt 0.013256 0.824765
vt 0.009095 0.797461
vt 0.010154 0.797381
vt 0.014197 0.824694
vt 0.022071 0.623612
vt 0.022071 0.510215
vt 0.023187 0.510215
vt 0.023187 0.623612
vt 0.022071 0.714377
vt 0.023187 0.714377
vt 0.022071 0.408457
vt 0.023187 0.408457
vt 0.022071 0.038365
vt 0.022071 0.028598
vt 0.023187 0.028598
vt 0.023187 0.038365
vt 0.022071 0.358241
vt 0.022071 0.344553
vt 0.023187 0.344553
vt 0.023187 0.358241
vt 0.014386 0.839634
vt 0.015327 0.839562
vt 0.022071 0.242528
vt 0.023187 0.242528
vt 0.022071 0.129131
vt 0.023187 0.129131
vt 0.022071 0.747961
vt 0.022071 0.741069
vt 0.023187 0.741069
vt 0.023187 0.747961
vt 0.022071 0.387623
vt 0.022071 0.380987
vt 0.023187 0.380987
vt 0.023187 0.387623
vt 0.022071 0.372934
vt 0.022071 0.365800
vt 0.023187 0.365800
vt 0.023187 0.372934
vt 0.022071 0.401203
vt 0.022071 0.394461
vt 0.023187 0.394461
vt 0.023187 0.401203
vt 0.022071 0.020939
vt 0.022071 0.013684
vt 0.023187 0.013684
vt 0.023187 0.020939
vt 0.022071 0.733088
vt 0.022071 0.724388
vt 0.023187 0.724388
vt 0.023187 0.733088
vt 0.022071 0.006985
vt 0.023187 0.006985
vt 0.056647 0.767229
vt 0.061877 0.771350
vt 0.060822 0.771717
vt 0.056018 0.768152
vt 0.063814 0.782079
vt 0.062698 0.782078
vt 0.046032 0.761931
vt 0.045593 0.762957
vt 0.050341 0.897172
vt 0.047403 0.898602
vt 0.047220 0.897507
vt 0.049667 0.896421
vt 0.051930 0.892838
vt 0.051035 0.892610
vt 0.054987 0.858389
vt 0.054046 0.858317
vt 0.061704 0.797461
vt 0.057543 0.824765
vt 0.056602 0.824694
vt 0.060645 0.797381
vt 0.008101 0.510215
vt 0.008101 0.623612
vt 0.006985 0.623612
vt 0.006985 0.510215
vt 0.008101 0.714377
vt 0.006985 0.714377
vt 0.008101 0.408457
vt 0.006985 0.408457
vt 0.008101 0.028598
vt 0.008101 0.038365
vt 0.006985 0.038365
vt 0.006985 0.028598
vt 0.008101 0.344553
vt 0.008101 0.358241
vt 0.006985 0.358241
vt 0.006985 0.344553
vt 0.056413 0.839634
vt 0.055472 0.839562
vt 0.008101 0.242528
vt 0.006985 0.242528
vt 0.008101 0.129131
vt 0.006985 0.129131
vt 0.008101 0.741070
vt 0.008101 0.747961
vt 0.006985 0.747961
vt 0.006985 0.741070
vt 0.008101 0.380987
vt 0.008101 0.387623
vt 0.006985 0.387623
vt 0.006985 0.380987
vt 0.008101 0.365800
vt 0.008101 0.372934
vt 0.006985 0.372934
vt 0.006985 0.365800
vt 0.008101 0.394461
vt 0.008101 0.401204
vt 0.006985 0.401204
vt 0.006985 0.394461
vt 0.008101 0.013684
vt 0.008101 0.020939
vt 0.006985 0.020939
vt 0.006985 0.013684
vt 0.008101 0.724388
vt 0.008101 0.733089
vt 0.006985 0.733089
vt 0.006985 0.724388
vt 0.008101 0.006985
vt 0.006985 0.006985
vt 0.560321 0.617402
vt 0.563707 0.617402
vt 0.112613 0.892511
vt 0.118654 0.895509
vt 0.538924 0.486469
vt 0.545666 0.486294
vt 0.118654 0.924130
vt 0.112613 0.927128
vt 0.538924 0.748335
vt 0.545666 0.748510
vt 0.171059 0.448971
vt 0.867024 0.468431
vt 0.302839 0.468005
vt 0.897327 0.468431
vt 0.039280 0.468005
vt 0.737414 0.944540
vt 0.724825 0.936789
vt 0.881697 0.934662
vt 0.450329 0.913806
vt 0.719160 0.928996
vt 0.782674 0.943718
vt 0.764343 0.944746
vt 0.805468 0.939098
vt 0.699526 0.936789
vt 0.686937 0.944540
vt 0.417611 0.913806
vt 0.705190 0.928996
vt 0.664367 0.942670
vt 0.642922 0.940603
vt 0.620544 0.936191
vt 0.913435 0.876552
vt 0.913742 0.844536
vt 0.914429 0.843947
vt 0.914139 0.875032
vt 0.969837 0.793977
vt 0.967880 0.799565
vt 0.966304 0.799083
vt 0.968206 0.793654
vt 0.932112 0.061278
vt 0.925128 0.100275
vt 0.924566 0.099255
vt 0.927922 0.072463
vt 0.949277 0.876938
vt 0.947808 0.880700
vt 0.947279 0.879031
vt 0.948657 0.875414
vt 0.913542 0.824790
vt 0.914226 0.824714
vt 0.946274 0.751700
vt 0.932458 0.751743
vt 0.932454 0.750070
vt 0.945858 0.750025
vt 0.917023 0.025492
vt 0.924815 0.044076
vt 0.926077 0.056961
vt 0.921331 0.037897
vt 0.944508 0.881827
vt 0.944075 0.880235
vt 0.913435 0.808478
vt 0.915108 0.780934
vt 0.915798 0.781878
vt 0.914160 0.808742
vt 0.921226 0.142626
vt 0.925128 0.156887
vt 0.924566 0.157906
vt 0.920775 0.144052
vt 0.915709 -0.002151
vt 0.914407 0.008622
vt 0.966179 0.677029
vt 0.973159 0.686201
vt 0.971795 0.687133
vt 0.965015 0.678222
vt 0.914692 0.880584
vt 0.915384 0.878845
vt 0.918074 0.882143
vt 0.918602 0.880391
vt 0.921227 0.114535
vt 0.914671 0.121596
vt 0.914407 0.119970
vt 0.920775 0.113110
vt 0.967699 0.635382
vt 0.974679 0.626210
vt 0.975843 0.627403
vt 0.969063 0.636314
vt 0.967880 0.765712
vt 0.969837 0.771301
vt 0.968206 0.771624
vt 0.966304 0.766194
vt 0.974637 0.701357
vt 0.966179 0.713730
vt 0.965015 0.713878
vt 0.973232 0.701857
vt 0.918671 0.751743
vt 0.919081 0.750069
vt 0.932340 0.882009
vt 0.932349 0.880433
vt 0.914937 0.874853
vt 0.916058 0.878148
vt 0.948857 0.748861
vt 0.945850 0.749571
vt 0.948250 0.748208
vt 0.950395 0.715520
vt 0.950167 0.745260
vt 0.949388 0.745066
vt 0.949615 0.715325
vt 0.918637 0.879714
vt 0.951045 0.680704
vt 0.950842 0.696059
vt 0.950065 0.695861
vt 0.950264 0.680523
vt 0.914305 0.715634
vt 0.913772 0.696188
vt 0.914702 0.696165
vt 0.915236 0.715615
vt 0.949809 0.844662
vt 0.947734 0.875373
vt 0.948880 0.844620
vt 0.914744 0.745342
vt 0.915666 0.745315
vt 0.950859 0.825429
vt 0.949902 0.825380
vt 0.951536 0.781318
vt 0.952334 0.809259
vt 0.951596 0.809497
vt 0.950806 0.782252
vt 0.971559 0.782639
vt 0.969878 0.782639
vt 0.914671 0.135566
vt 0.914407 0.137192
vt 0.951540 0.825536
vt 0.950465 0.845279
vt 0.916383 0.741423
vt 0.916074 0.748927
vt 0.929413 0.175121
vt 0.929798 0.190869
vt 0.926077 0.200199
vt 0.927921 0.184698
vt 0.966221 0.650538
vt 0.965015 0.640681
vt 0.966454 0.641463
vt 0.967626 0.651038
vt 0.915205 0.737741
vt 0.928234 0.211321
vt 0.914048 0.244776
vt 0.914407 0.248537
vt 0.921330 0.219262
vt 0.975843 0.691500
vt 0.974404 0.692282
vt 0.948769 0.745097
vt 0.974679 0.662911
vt 0.975843 0.663059
vt 0.950133 0.741395
vt 0.934894 0.424771
vt 0.914778 0.424794
vt 0.914767 0.414335
vt 0.938951 0.414335
vt 0.914778 0.403875
vt 0.934894 0.403898
vt 0.924285 0.393989
vt 0.932803 0.398518
vt 0.914784 0.398498
vt 0.914744 0.394370
vt 0.932803 0.430151
vt 0.924285 0.434680
vt 0.914744 0.434300
vt 0.914784 0.430171
vt 0.914407 0.445378
vt 0.914407 0.383291
vt 0.942474 0.629308
vt 0.947658 0.631368
vt 0.946895 0.632554
vt 0.941958 0.630603
vt 0.913806 0.640227
vt 0.916387 0.631551
vt 0.917162 0.632726
vt 0.914716 0.640961
vt 0.950351 0.640034
vt 0.950594 0.654139
vt 0.949664 0.654155
vt 0.949446 0.640779
vt 0.921535 0.629432
vt 0.931981 0.626210
vt 0.931989 0.627518
vt 0.922066 0.630719
vt 0.913703 0.654270
vt 0.914621 0.654278
vt 0.949900 0.782262
vt 0.949084 0.772404
vt 0.949890 0.771504
vt 0.947977 0.768707
vt 0.948781 0.767647
vt 0.943135 0.767595
vt 0.943678 0.766514
vt 0.933538 0.765712
vt 0.933524 0.766799
vt 0.923380 0.766247
vt 0.923895 0.767342
vt 0.919023 0.768327
vt 0.918246 0.767246
vt 0.917816 0.772002
vt 0.917032 0.771076
vt 0.916723 0.781916
vt 0.950640 0.809488
vt 0.913435 0.680866
vt 0.914358 0.680861
vt 0.916535 0.748478
vt 0.919093 0.749610
vt 0.946781 0.878599
vt 0.944042 0.879606
vt 0.914976 0.808571
vt 0.915016 0.824518
vt 0.915211 0.843764
vt 0.932315 0.879681
vt 0.932453 0.749614
vt 0.943138 0.638886
vt 0.932141 0.635884
vt 0.921100 0.638965
vt 0.943139 0.652810
vt 0.932320 0.650318
vt 0.921346 0.652802
vt 0.943765 0.680551
vt 0.932649 0.679070
vt 0.921243 0.680593
vt 0.944283 0.696644
vt 0.932691 0.695830
vt 0.920852 0.696675
vt 0.944950 0.716488
vt 0.932646 0.716093
vt 0.920198 0.716535
vt 0.946331 0.746523
vt 0.932589 0.746527
vt 0.918867 0.746554
vt 0.567302 0.866025
vt 0.567419 0.840526
vt 0.037670 0.498857
vt 0.528256 0.806558
vt 0.528367 0.823632
vt 0.081465 0.498857
vt 0.158028 0.860990
vt 0.158019 0.894985
vt 0.158011 0.920678
vt 0.195485 0.920685
vt 0.195487 0.894996
vt 0.138921 0.645778
vt 0.138124 0.646068
vt 0.556368 0.517561
vt 0.556428 0.559278
vt 0.555144 0.558662
vt 0.555144 0.518289
vt 0.558389 0.672407
vt 0.558448 0.714125
vt 0.557164 0.713509
vt 0.557164 0.673135
vt 0.557678 0.517003
vt 0.557825 0.559551
vt 0.559699 0.671849
vt 0.559846 0.714397
vt 0.559091 0.516827
vt 0.559239 0.559375
vt 0.561112 0.671673
vt 0.561260 0.714222
vt 0.560489 0.517100
vt 0.560549 0.558817
vt 0.562510 0.671946
vt 0.562570 0.713664
vt 0.561773 0.517716
vt 0.561773 0.558089
vt 0.563794 0.672562
vt 0.563794 0.712936
vt 0.562997 0.518443
vt 0.563057 0.557473
vt 0.565018 0.673290
vt 0.565078 0.712320
vt 0.564305 0.519007
vt 0.564456 0.557207
vt 0.566326 0.673853
vt 0.566477 0.712053
vt 0.565718 0.519191
vt 0.565868 0.557392
vt 0.567738 0.674038
vt 0.567889 0.712238
vt 0.567117 0.518925
vt 0.567176 0.557955
vt 0.569137 0.673771
vt 0.569197 0.712802
vt 0.933199 0.561020
vt 0.934347 0.560647
vt 0.932489 0.563203
vt 0.932489 0.561996
vt 0.933199 0.564180
vt 0.935495 0.561020
vt 0.934347 0.564553
vt 0.936204 0.561996
vt 0.935495 0.564180
vt 0.936204 0.563203
vt 0.568401 0.518309
vt 0.568401 0.558683
vt 0.570421 0.673156
vt 0.570421 0.713529
vt 0.170135 0.889907
vt 0.170195 0.931625
vt 0.168911 0.931009
vt 0.168911 0.890635
vt 0.553524 0.850022
vt 0.553464 0.808305
vt 0.554748 0.808921
vt 0.554748 0.849294
vt 0.093189 0.983261
vt 0.093129 0.941543
vt 0.094413 0.942159
vt 0.094413 0.982533
vt 0.244421 0.901826
vt 0.244361 0.860109
vt 0.245645 0.860725
vt 0.245645 0.901099
vt 0.171445 0.889349
vt 0.171593 0.931897
vt 0.552214 0.850581
vt 0.552067 0.808032
vt 0.091878 0.983819
vt 0.091731 0.941271
vt 0.243111 0.902384
vt 0.242963 0.859836
vt 0.172858 0.889173
vt 0.173006 0.931721
vt 0.550801 0.850756
vt 0.550653 0.808208
vt 0.090465 0.983995
vt 0.090318 0.941446
vt 0.241697 0.902560
vt 0.241550 0.860012
vt 0.174256 0.889446
vt 0.174316 0.931163
vt 0.549403 0.850483
vt 0.549343 0.808766
vt 0.089067 0.983722
vt 0.089008 0.942005
vt 0.240300 0.902288
vt 0.240240 0.860570
vt 0.175540 0.890062
vt 0.175540 0.930436
vt 0.548119 0.849867
vt 0.548119 0.809494
vt 0.087783 0.983106
vt 0.087783 0.942732
vt 0.239016 0.901671
vt 0.239016 0.861298
vt 0.176765 0.890790
vt 0.176824 0.929820
vt 0.546894 0.849140
vt 0.546835 0.810110
vt 0.086559 0.982378
vt 0.086499 0.943348
vt 0.237791 0.900944
vt 0.237732 0.861914
vt 0.178072 0.891353
vt 0.178223 0.929553
vt 0.545586 0.848576
vt 0.545436 0.810376
vt 0.085251 0.981815
vt 0.085100 0.943615
vt 0.236483 0.900381
vt 0.236333 0.862180
vt 0.179485 0.891538
vt 0.179635 0.929738
vt 0.544174 0.848392
vt 0.544024 0.810191
vt 0.083839 0.981630
vt 0.083688 0.943430
vt 0.235071 0.900196
vt 0.234920 0.861996
vt 0.180884 0.891271
vt 0.180943 0.930302
vt 0.542775 0.848658
vt 0.542715 0.809628
vt 0.082440 0.981897
vt 0.082380 0.942867
vt 0.233672 0.900462
vt 0.233612 0.861432
vt 0.182168 0.890655
vt 0.182168 0.931029
vt 0.541491 0.849274
vt 0.541491 0.808900
vt 0.081156 0.982513
vt 0.081156 0.942139
vt 0.232388 0.901078
vt 0.232388 0.860705
vt 0.935560 0.537741
vt 0.932555 0.538717
vt 0.933264 0.537741
vt 0.934412 0.537368
vt 0.936269 0.538717
vt 0.932555 0.539924
vt 0.936269 0.539924
vt 0.933264 0.540901
vt 0.935560 0.540901
vt 0.934412 0.541274
s 1
f 27/1/1 28/2/1 6/3/1 4/4/1
f 109/5/2 110/6/3 108/7/4 111/8/2
f 31/9/5 29/10/1 8/11/1 24/12/5
f 87/13/6 86/14/6 58/15/6
f 28/16/7 30/17/7 7/18/7 6/19/7
f 29/10/1 27/1/1 4/4/1 8/11/1
f 114/20/8 31/9/5 24/12/5 113/21/8
f 36/22/9 35/23/9 23/24/10 32/25/10
f 108/26/4 103/27/11 10/28/12 26/29/13
f 98/30/14 100/31/14 30/17/7 28/16/7
f 22/32/15 104/33/16 107/34/17 34/35/15
f 34/36/9 36/22/9 32/25/10 21/37/10
f 2/38/1 1/39/1 27/1/1 29/10/1
f 102/40/6 59/41/6 30/42/6 100/43/6
f 11/44/18 61/45/19 64/46/20 13/47/21
f 22/48/5 2/38/1 29/10/1 31/9/5
f 1/49/15 58/50/15 101/51/22 97/52/22
f 94/53/15 48/54/23 51/55/24 95/56/15
f 58/50/15 1/49/15 2/57/15 33/58/15
f 2/57/15 22/32/15 21/59/15 33/58/15
f 32/60/10 42/61/6 33/62/6 21/63/10
f 13/47/21 64/46/20 67/64/25 15/65/26
f 14/66/27 44/67/28 37/68/29 12/69/30
f 16/70/31 47/71/32 44/67/28 14/66/27
f 18/72/33 50/73/34 47/71/32 16/70/31
f 130/74/35 131/75/36 50/73/34 18/72/33
f 128/76/15 121/77/37 38/78/38 92/79/15
f 92/79/15 38/78/38 45/80/39 93/81/15
f 93/81/15 45/80/39 48/54/23 94/53/15
f 580/82/40 583/83/41 53/84/42 96/85/43
f 30/86/6 57/87/6 5/88/6 7/89/6
f 23/90/10 9/91/6 40/92/6
f 15/65/26 67/64/25 70/93/44 17/94/45
f 581/95/46 584/96/47 72/97/48 19/98/46
f 111/8/2 112/99/2 25/100/2 3/101/2
f 3/101/2 25/100/2 35/23/9 36/22/9
f 21/59/15 22/32/15 34/35/15
f 43/102/6 41/103/6 33/104/6 42/61/6
f 119/105/49 37/68/29 39/106/50 120/107/51
f 120/107/51 39/106/50 38/78/38 121/77/37
f 37/68/29 44/67/28 46/108/52 39/106/50
f 39/106/50 46/108/52 45/80/39 38/78/38
f 44/67/28 47/71/32 49/109/53 46/108/52
f 46/108/52 49/109/53 48/54/23 45/80/39
f 47/71/32 50/73/34 52/110/54 49/109/53
f 49/109/53 52/110/54 51/55/24 48/54/23
f 574/111/55 54/112/56 55/113/57 582/114/58
f 582/114/58 55/113/57 53/84/42 583/83/41
f 118/115/59 119/105/49 40/116/60 9/117/61
f 59/41/6 57/87/6 30/86/6
f 122/118/62 57/119/63 59/120/64 123/121/65
f 123/122/65 59/123/64 56/124/66 124/125/67
f 64/46/20 61/45/19 62/126/68 65/127/69
f 65/128/69 62/129/68 60/130/70 63/131/71
f 67/64/25 64/46/20 65/127/69 68/132/72
f 68/133/72 65/128/69 63/131/71 66/134/73
f 70/93/44 67/64/25 68/132/72 71/135/74
f 71/136/74 68/133/72 66/134/73 69/137/75
f 134/138/76 70/93/44 71/135/74 135/139/77
f 135/140/77 71/136/74 69/137/75 136/141/78
f 117/142/79 122/118/62 61/45/19 11/44/18
f 56/143/6 59/41/6 58/144/6
f 40/92/6 43/102/6 42/61/6
f 58/144/6 59/41/6 102/40/6 101/145/6
f 579/146/80 577/147/81 80/148/82 90/149/83
f 125/150/15 76/151/15 152/152/15
f 66/134/73 83/153/15 84/154/15 69/137/75
f 124/125/67 126/155/15 81/156/15 60/130/70
f 60/130/70 81/156/15 82/157/15 63/131/71
f 63/131/71 82/157/15 83/153/15 66/134/73
f 576/158/84 578/159/85 85/160/86 73/161/87
f 127/162/15 88/163/15 151/164/15
f 578/159/85 579/146/80 90/149/83 85/160/86
f 577/147/81 580/82/40 96/85/43 80/148/82
f 77/165/15 93/81/15 94/53/15 78/166/15
f 76/151/15 92/79/15 93/81/15 77/165/15
f 125/150/15 128/76/15 92/79/15 76/151/15
f 78/166/15 94/53/15 95/56/15 79/167/15
f 100/31/14 98/30/14 99/168/88 102/169/88
f 102/170/88 99/171/88 97/52/22 101/51/22
f 97/172/1 98/173/1 27/1/1
f 107/34/17 104/33/16 106/174/89 109/175/90
f 109/175/90 106/174/89 105/176/91 110/177/3
f 110/178/3 105/179/91 103/27/11 108/26/4
f 114/20/8 104/180/92 22/48/5 31/9/5
f 34/36/9 107/181/2 3/101/2 36/22/9
f 108/7/4 26/182/13 112/99/2 111/8/2
f 107/181/2 109/5/2 111/8/2 3/101/2
f 116/183/93 114/20/8 113/21/8 115/184/93
f 103/185/93 116/183/93 115/184/93 10/186/93
f 103/185/93 105/187/93 106/188/5 116/183/93
f 116/183/93 106/188/5 104/180/92 114/20/8
f 75/189/15 91/190/15 128/76/15 125/150/15
f 86/191/15 87/192/15 127/162/15 126/155/15
f 56/124/66 86/191/15 126/155/15 124/125/67
f 87/192/15 75/189/15 125/150/15 127/162/15
f 5/193/94 57/119/63 122/118/62 117/142/79
f 62/129/68 123/122/65 124/125/67 60/130/70
f 61/45/19 122/118/62 123/121/65 62/126/68
f 12/69/30 37/68/29 119/105/49 118/115/59
f 43/194/95 120/107/51 121/77/37 41/195/96
f 40/116/60 119/105/49 120/107/51 43/194/95
f 91/190/15 41/195/96 121/77/37 128/76/15
f 79/167/15 95/56/15 140/196/97 137/197/98
f 145/198/15 89/199/15 139/200/99
f 69/137/75 84/154/15 138/201/100 136/141/78
f 146/202/15 79/167/15 137/197/98
f 575/203/101 135/140/77 136/141/78 576/158/84
f 584/96/47 134/138/76 135/139/77 575/204/101
f 52/110/54 132/205/102 133/206/103 51/55/24
f 50/73/34 131/75/36 132/205/102 52/110/54
f 17/94/45 70/93/44 134/138/76 129/207/46
f 95/56/15 51/55/24 133/206/103 140/196/97
f 573/208/35 574/111/55 131/75/36 130/74/35
f 126/155/15 127/162/15 151/164/15 147/209/15
f 88/163/15 127/162/15 150/210/15
f 127/162/15 125/150/15 148/211/15 150/210/15
f 148/211/15 125/150/15 152/152/15
f 126/155/15 147/209/15 149/212/15
f 81/156/15 126/155/15 149/212/15
f 84/154/15 143/213/15 138/201/100
f 143/213/15 141/214/15 138/201/100
f 141/214/15 145/198/15 139/200/99 138/201/100
f 89/199/15 144/215/15 139/200/99
f 144/215/15 142/216/15 137/197/98 139/200/99
f 142/216/15 146/202/15 137/197/98
f 158/217/1 4/4/1 6/3/1 159/218/1
f 239/219/2 241/220/2 238/221/104 240/222/105
f 161/223/5 24/12/5 8/11/1 160/224/1
f 205/225/6 221/226/6 170/227/6
f 159/228/106 6/19/7 7/18/7 187/229/106
f 160/224/1 8/11/1 4/4/1 158/217/1
f 242/230/8 113/21/8 24/12/5 161/223/5
f 164/231/9 162/232/10 23/24/10 35/23/9
f 238/233/104 26/29/13 10/28/12 233/234/107
f 228/235/108 159/228/106 187/229/106 230/236/108
f 157/237/109 163/238/109 237/239/110 234/240/111
f 163/241/9 156/242/10 162/232/10 164/231/9
f 154/243/1 160/224/1 158/217/1 153/244/1
f 232/245/6 230/246/6 187/247/6 189/248/6
f 11/44/18 13/47/21 194/249/112 191/250/113
f 157/251/5 161/223/5 160/224/1 154/243/1
f 153/252/109 227/253/114 231/254/114 188/255/109
f 224/256/109 225/257/109 180/258/115 177/259/116
f 188/255/109 170/260/109 154/261/109 153/252/109
f 154/261/109 170/260/109 156/262/109 157/237/109
f 162/263/10 156/264/10 170/265/6 171/266/6
f 13/47/21 15/65/26 197/267/117 194/249/112
f 14/66/27 12/69/30 165/268/118 173/269/119
f 16/70/31 14/66/27 173/269/119 176/270/120
f 18/72/33 16/70/31 176/270/120 179/271/121
f 130/74/35 18/72/33 179/271/121 254/272/122
f 253/273/109 222/274/109 166/275/123 246/276/124
f 222/274/109 223/277/109 174/278/125 166/275/123
f 223/277/109 224/256/109 177/259/116 174/278/125
f 591/279/126 226/280/127 182/281/128 593/282/129
f 187/283/6 7/89/6 5/88/6 186/284/6
f 168/285/6 9/91/6 23/90/10
f 15/65/26 17/94/45 200/286/130 197/267/117
f 581/95/46 19/98/46 202/287/131 594/288/132
f 241/220/2 155/289/2 25/100/2 112/99/2
f 155/289/2 164/231/9 35/23/9 25/100/2
f 156/262/109 163/238/109 157/237/109
f 172/290/6 171/266/6 170/265/6 169/291/6
f 244/292/133 245/293/134 167/294/135 165/268/118
f 245/293/134 246/276/124 166/275/123 167/294/135
f 165/268/118 167/294/135 175/295/136 173/269/119
f 167/294/135 166/275/123 174/278/125 175/295/136
f 173/269/119 175/295/136 178/296/137 176/270/120
f 175/295/136 174/278/125 177/259/116 178/296/137
f 176/270/120 178/296/137 181/297/138 179/271/121
f 178/296/137 177/259/116 180/258/115 181/297/138
f 585/298/139 592/299/140 184/300/141 183/301/142
f 592/299/140 593/282/129 182/281/128 184/300/141
f 118/115/59 9/117/61 168/302/143 244/292/133
f 189/248/6 187/247/6 186/284/6
f 247/303/144 248/304/145 189/305/146 186/306/147
f 248/307/145 249/308/148 185/309/149 189/310/146
f 194/249/112 195/311/150 192/312/151 191/250/113
f 195/313/150 193/314/152 190/315/153 192/316/151
f 197/267/117 198/317/154 195/311/150 194/249/112
f 198/318/154 196/319/155 193/314/152 195/313/150
f 200/286/130 201/320/156 198/317/154 197/267/117
f 201/321/156 199/322/157 196/319/155 198/318/154
f 257/323/158 258/324/159 201/320/156 200/286/130
f 258/325/159 259/326/160 199/322/157 201/321/156
f 117/142/79 11/44/18 191/250/113 247/303/144
f 185/327/6 188/328/6 189/248/6
f 168/285/6 171/266/6 172/290/6
f 188/329/6 231/330/6 232/245/6 189/248/6
f 590/331/161 220/332/162 210/333/163 588/334/164
f 250/335/109 275/336/109 206/337/109
f 196/319/155 199/322/157 214/338/109 213/339/109
f 249/308/148 190/315/153 211/340/109 251/341/109
f 190/315/153 193/314/152 212/342/109 211/340/109
f 193/314/152 196/319/155 213/339/109 212/342/109
f 587/343/165 203/344/166 215/345/167 589/346/168
f 252/347/109 274/348/109 218/349/109
f 589/346/168 215/345/167 220/332/162 590/331/161
f 588/334/164 210/333/163 226/280/127 591/279/126
f 207/350/109 208/351/109 224/256/109 223/277/109
f 206/337/109 207/350/109 223/277/109 222/274/109
f 250/335/109 206/337/109 222/274/109 253/273/109
f 208/351/109 209/352/109 225/257/109 224/256/109
f 230/236/108 232/353/169 229/354/169 228/235/108
f 232/355/169 231/254/114 227/253/114 229/356/169
f 158/217/1 228/357/1 227/358/1
f 237/239/110 239/359/170 236/360/171 234/240/111
f 239/359/170 240/361/105 235/362/172 236/360/171
f 240/363/105 238/233/104 233/234/107 235/364/172
f 242/230/8 161/223/5 157/251/5 234/365/173
f 163/241/9 164/231/9 155/289/2 237/366/2
f 238/221/104 241/220/2 112/99/2 26/182/13
f 237/366/2 155/289/2 241/220/2 239/219/2
f 243/367/93 115/184/93 113/21/8 242/230/8
f 233/368/93 10/186/93 115/184/93 243/367/93
f 233/368/93 243/367/93 236/369/5 235/370/93
f 243/367/93 242/230/8 234/365/173 236/369/5
f 205/371/109 250/335/109 253/273/109 221/372/109
f 216/373/109 251/341/109 252/347/109 217/374/109
f 185/309/149 249/308/148 251/341/109 216/373/109
f 217/374/109 252/347/109 250/335/109 205/371/109
f 5/193/94 117/142/79 247/303/144 186/306/147
f 192/316/151 190/315/153 249/308/148 248/307/145
f 191/250/113 192/312/151 248/304/145 247/303/144
f 12/69/30 118/115/59 244/292/133 165/268/118
f 172/375/174 169/376/175 246/276/124 245/293/134
f 168/302/143 172/375/174 245/293/134 244/292/133
f 221/372/109 253/273/109 246/276/124 169/376/175
f 209/352/109 260/377/176 263/378/177 225/257/109
f 268/379/109 262/380/178 219/381/109
f 199/322/157 259/326/160 261/382/179 214/338/109
f 269/383/109 260/377/176 209/352/109
f 586/384/180 587/343/165 259/326/160 258/325/159
f 594/288/132 586/385/180 258/324/159 257/323/158
f 181/297/138 180/258/115 256/386/181 255/387/182
f 179/271/121 181/297/138 255/387/182 254/272/122
f 17/94/45 129/207/46 257/323/158 200/286/130
f 225/257/109 263/378/177 256/386/181 180/258/115
f 573/208/35 130/74/35 254/272/122 585/298/139
f 251/341/109 270/388/109 274/348/109 252/347/109
f 218/349/109 273/389/109 252/347/109
f 252/347/109 273/389/109 271/390/109 250/335/109
f 271/390/109 275/336/109 250/335/109
f 251/341/109 272/391/109 270/388/109
f 211/340/109 272/391/109 251/341/109
f 214/338/109 261/382/179 266/392/109
f 266/392/109 261/382/179 264/393/109
f 264/393/109 261/382/179 262/380/178 268/379/109
f 219/381/109 262/380/178 267/394/109
f 267/394/109 262/380/178 260/377/176 265/395/109
f 265/395/109 260/377/176 269/383/109
f 303/396/183 280/397/184 282/398/185 304/399/186
f 384/400/187 386/401/188 383/402/189 385/403/190
f 307/404/191 300/405/192 284/406/6 305/407/193
f 309/408/194 279/409/195 362/410/1
f 304/411/196 282/412/12 283/413/12 306/414/196
f 305/407/193 284/406/6 280/397/184 303/396/183
f 389/415/197 388/416/198 300/405/192 307/404/191
f 312/417/199 308/418/200 299/419/201 311/420/202
f 383/421/189 302/422/203 286/423/204 378/424/205
f 373/425/206 304/411/196 306/414/196 375/426/206
f 298/427/207 310/428/208 382/429/209 379/430/210
f 310/431/211 297/432/212 308/418/200 312/417/199
f 277/433/213 305/407/193 303/396/183 276/434/214
f 377/435/215 375/436/216 306/437/217 334/438/218
f 287/439/30 289/440/27 339/441/219 336/442/220
f 298/443/221 307/404/191 305/407/193 277/433/213
f 276/444/222 372/445/223 376/446/224 279/447/222
f 369/448/225 370/449/225 327/450/226 324/451/227
f 279/447/222 309/452/228 277/453/228 276/444/222
f 277/453/228 309/452/228 297/454/229 298/427/207
f 308/455/200 297/456/212 309/408/194 318/457/230
f 289/440/27 291/458/231 342/459/232 339/441/219
f 290/460/21 288/461/18 313/462/233 320/463/234
f 292/464/235 290/460/21 320/463/234 323/465/236
f 294/466/237 292/464/235 323/465/236 326/467/238
f 405/468/239 294/466/237 326/467/238 406/469/240
f 403/470/241 367/471/225 314/472/242 396/473/243
f 367/471/225 368/474/225 321/475/244 314/472/242
f 368/474/225 369/448/225 324/451/227 321/475/244
f 558/476/245 371/477/246 329/478/247 561/479/248
f 306/437/217 283/480/249 281/481/249 333/482/250
f 316/483/251 285/484/252 299/485/201
f 291/458/231 293/486/253 345/487/254 342/459/232
f 559/488/255 295/489/255 347/490/256 562/491/257
f 386/401/188 278/492/258 301/493/259 387/494/260
f 278/492/258 312/417/199 311/420/202 301/493/259
f 297/454/229 310/428/208 298/427/207
f 319/495/261 318/457/230 317/496/262
f 394/497/263 395/498/264 315/499/265 313/462/233
f 395/500/264 396/473/243 314/472/242 315/501/265
f 313/462/233 315/499/265 322/502/266 320/463/234
f 315/501/265 314/472/242 321/475/244 322/503/266
f 320/463/234 322/502/266 325/504/267 323/465/236
f 322/503/266 321/475/244 324/451/227 325/505/267
f 323/465/236 325/504/267 328/506/268 326/467/238
f 325/505/267 324/451/227 327/450/226 328/507/268
f 552/508/269 560/509/270 331/510/271 330/511/272
f 560/509/270 561/479/248 329/478/247 331/510/271
f 393/512/273 285/513/274 316/514/275 394/497/263
f 334/438/218 306/437/217 333/482/250
f 397/515/276 398/516/277 334/517/278 333/518/279
f 398/519/277 399/520/280 332/521/281 334/522/278
f 339/441/219 340/523/282 337/524/283 336/442/220
f 340/525/282 338/526/284 335/527/285 337/528/283
f 342/459/232 343/529/286 340/523/282 339/441/219
f 343/530/286 341/531/287 338/526/284 340/525/282
f 345/487/254 346/532/288 343/529/286 342/459/232
f 346/533/288 344/534/289 341/531/287 343/530/286
f 409/535/290 410/536/291 346/532/288 345/487/254
f 410/537/291 411/538/292 344/534/289 346/533/288
f 392/539/293 287/439/30 336/442/220 397/515/276
f 332/540/294 279/409/195 334/438/218
f 316/483/251 318/457/230 319/495/261
f 279/409/195 376/541/295 377/435/215 334/438/218
f 557/542/296 365/543/297 355/544/298 555/545/299
f 400/546/300 427/547/109 351/548/109
f 341/531/287 344/534/289 359/549/301 358/550/302
f 399/520/280 335/527/285 356/551/303 401/552/304
f 335/527/285 338/526/284 357/553/305 356/551/303
f 338/526/284 341/531/287 358/550/302 357/553/305
f 554/554/306 348/555/307 360/556/308 556/557/309
f 402/558/310 426/559/109 363/560/109
f 556/557/309 360/556/308 365/543/297 557/542/296
f 555/545/299 355/544/298 371/477/246 558/476/245
f 352/561/109 353/562/109 369/448/225 368/474/225
f 351/548/109 352/561/109 368/474/225 367/471/225
f 400/546/300 351/548/109 367/471/225 403/470/241
f 353/562/109 354/563/109 370/449/225 369/448/225
f 375/426/206 377/564/311 374/565/312 373/425/206
f 377/566/311 376/446/224 372/445/223 374/567/312
f 373/568/313 374/569/314 372/570/315
f 382/429/209 384/571/316 381/572/317 379/430/210
f 384/571/316 385/573/190 380/574/318 381/572/317
f 385/575/190 383/421/189 378/424/205 380/576/318
f 389/415/197 307/404/191 298/443/221 379/577/319
f 310/431/211 312/417/199 278/492/258 382/578/320
f 383/402/189 386/401/188 387/494/260 302/579/203
f 382/578/320 278/492/258 386/401/188 384/400/187
f 391/580/321 390/581/322 388/416/198 389/415/197
f 378/582/323 286/583/324 390/581/322 391/580/321
f 378/582/323 391/580/321 381/584/325 380/585/326
f 391/580/321 389/415/197 379/577/319 381/584/325
f 350/586/327 400/546/300 403/470/241 366/587/328
f 361/588/329 401/552/304 402/558/310 362/589/330
f 332/521/281 399/520/280 401/552/304 361/588/329
f 362/589/330 402/558/310 400/546/300 350/586/327
f 281/590/331 392/539/293 397/515/276 333/518/279
f 337/528/283 335/527/285 399/520/280 398/519/277
f 336/442/220 337/524/283 398/516/277 397/515/276
f 288/461/18 393/512/273 394/497/263 313/462/233
f 319/591/332 317/592/333 396/473/243 395/500/264
f 316/514/275 319/593/332 395/498/264 394/497/263
f 366/587/328 403/470/241 396/473/243 317/592/333
f 354/563/109 412/594/109 415/595/334 370/449/225
f 420/596/109 414/597/109 364/598/109
f 344/534/289 411/538/292 413/599/335 359/549/301
f 421/600/109 412/594/109 354/563/109
f 604/601/336 605/602/337 411/538/292 410/537/291
f 598/603/338 604/604/336 410/536/291 409/535/290
f 328/507/268 327/450/226 408/605/339 407/606/340
f 326/467/238 328/506/268 407/607/340 406/469/240
f 293/486/253 404/608/341 409/535/290 345/487/254
f 370/449/225 415/595/334 408/605/339 327/450/226
f 602/609/342 405/468/239 406/469/240 603/610/343
f 401/552/304 422/611/109 426/559/109 402/558/310
f 363/560/109 425/612/109 402/558/310
f 402/558/310 425/612/109 423/613/109 400/546/300
f 423/613/109 427/547/109 400/546/300
f 401/552/304 424/614/109 422/611/109
f 356/551/303 424/614/109 401/552/304
f 359/549/301 413/599/335 418/615/109
f 418/615/109 413/599/335 416/616/109
f 416/616/109 413/599/335 414/597/109 420/596/109
f 364/598/109 414/597/109 419/617/109
f 419/617/109 414/597/109 412/594/109 417/618/109
f 417/618/109 412/594/109 421/600/109
f 434/619/344 435/620/345 282/398/185 280/397/184
f 514/621/346 515/622/347 513/623/348 516/624/349
f 438/625/350 436/626/351 284/406/6 300/405/192
f 492/627/1 491/628/352 431/629/353
f 435/630/354 437/631/354 283/413/12 282/412/12
f 436/626/351 434/619/344 280/397/184 284/406/6
f 517/632/355 438/625/350 300/405/192 388/416/198
f 442/633/356 311/420/202 299/419/201 439/634/357
f 513/635/348 508/636/358 286/423/204 302/422/203
f 503/637/359 505/638/359 437/631/354 435/630/354
f 433/639/360 509/640/361 512/641/362 441/642/363
f 441/643/364 442/633/356 439/634/357 432/644/365
f 429/645/366 428/646/367 434/619/344 436/626/351
f 507/647/368 464/648/369 437/649/370 505/650/371
f 287/439/30 466/651/372 469/652/373 289/440/27
f 433/653/374 429/645/366 436/626/351 438/625/350
f 428/654/375 431/655/375 506/656/376 502/657/376
f 499/658/377 454/659/378 457/660/379 500/661/377
f 431/655/375 428/654/375 429/662/380 440/663/380
f 429/662/380 433/639/360 432/664/381 440/663/380
f 439/665/357 448/666/382 440/667/383 432/668/365
f 289/440/27 469/652/373 472/669/384 291/458/231
f 290/460/21 450/670/385 443/671/386 288/461/18
f 292/464/235 453/672/387 450/670/385 290/460/21
f 294/466/237 456/673/388 453/672/387 292/464/235
f 405/468/239 529/674/389 456/673/388 294/466/237
f 528/675/390 521/676/391 444/677/392 497/678/377
f 497/678/377 444/677/392 451/679/393 498/680/377
f 498/680/377 451/679/393 454/659/378 499/658/377
f 569/681/394 571/682/395 459/683/396 501/684/397
f 437/649/370 463/685/398 281/481/249 283/480/249
f 299/485/201 285/484/252 446/686/399
f 291/458/231 472/669/384 475/687/400 293/486/253
f 559/488/255 572/688/401 477/689/402 295/489/255
f 516/624/349 387/494/260 301/493/259 430/690/403
f 430/690/403 301/493/259 311/420/202 442/633/356
f 432/664/381 433/639/360 441/642/363
f 449/691/404 447/692/405 448/666/382
f 519/693/406 443/671/386 445/694/407 520/695/408
f 520/696/408 445/697/407 444/677/392 521/676/391
f 443/671/386 450/670/385 452/698/409 445/694/407
f 445/697/407 452/699/409 451/679/393 444/677/392
f 450/670/385 453/672/387 455/700/410 452/698/409
f 452/699/409 455/701/410 454/659/378 451/679/393
f 453/672/387 456/673/388 458/702/411 455/700/410
f 455/701/410 458/703/411 457/660/379 454/659/378
f 563/704/412 460/705/413 461/706/414 570/707/415
f 570/707/415 461/706/414 459/683/396 571/682/395
f 393/512/273 519/693/406 446/708/416 285/513/274
f 464/648/369 463/685/398 437/649/370
f 522/709/417 463/710/418 464/711/419 523/712/420
f 523/713/420 464/714/419 462/715/421 524/716/422
f 469/652/373 466/651/372 467/717/423 470/718/424
f 470/719/424 467/720/423 465/721/425 468/722/426
f 472/669/384 469/652/373 470/718/424 473/723/427
f 473/724/427 470/719/424 468/722/426 471/725/428
f 475/687/400 472/669/384 473/723/427 476/726/429
f 476/727/429 473/724/427 471/725/428 474/728/430
f 532/729/431 475/687/400 476/726/429 533/730/432
f 533/731/432 476/727/429 474/728/430 534/732/433
f 392/539/293 522/709/417 466/651/372 287/439/30
f 462/733/434 464/648/369 431/629/353
f 446/686/399 449/691/404 448/666/382
f 431/629/353 464/648/369 507/647/368 506/734/435
f 568/735/436 566/736/437 485/737/438 495/738/439
f 525/739/440 481/740/15 550/741/15
f 471/725/428 488/742/441 489/743/442 474/728/430
f 524/716/422 526/744/443 486/745/444 465/721/425
f 465/721/425 486/745/444 487/746/445 468/722/426
f 468/722/426 487/746/445 488/742/441 471/725/428
f 565/747/446 567/748/447 490/749/448 478/750/449
f 527/751/450 493/752/15 549/753/15
f 567/748/447 568/735/436 495/738/439 490/749/448
f 566/736/437 569/681/394 501/684/397 485/737/438
f 482/754/15 498/680/377 499/658/377 483/755/15
f 481/740/15 497/678/377 498/680/377 482/754/15
f 525/739/440 528/675/390 497/678/377 481/740/15
f 483/755/15 499/658/377 500/661/377 484/756/15
f 505/638/359 503/637/359 504/757/451 507/758/451
f 507/759/451 504/760/451 502/657/376 506/656/376
f 435/620/345 434/619/344 502/761/452
f 512/641/362 509/640/361 511/762/453 514/763/454
f 514/763/454 511/762/453 510/764/455 515/765/347
f 515/766/347 510/767/455 508/636/358 513/635/348
f 517/632/355 509/768/456 433/653/374 438/625/350
f 441/643/364 512/769/457 430/690/403 442/633/356
f 513/623/348 302/579/203 387/494/260 516/624/349
f 512/769/457 514/621/346 516/624/349 430/690/403
f 518/770/458 517/632/355 388/416/198 390/581/322
f 508/771/459 518/770/458 390/581/322 286/583/324
f 508/771/459 510/772/460 511/773/461 518/770/458
f 518/770/458 511/773/461 509/768/456 517/632/355
f 480/774/462 496/775/463 528/675/390 525/739/440
f 491/776/464 492/777/465 527/751/450 526/744/443
f 462/715/421 491/776/464 526/744/443 524/716/422
f 492/777/465 480/774/462 525/739/440 527/751/450
f 281/590/331 463/710/418 522/709/417 392/539/293
f 467/720/423 523/713/420 524/716/422 465/721/425
f 466/651/372 522/709/417 523/712/420 467/717/423
f 288/461/18 443/671/386 519/693/406 393/512/273
f 449/778/466 520/696/408 521/676/391 447/779/467
f 446/708/416 519/693/406 520/695/408 449/780/466
f 496/775/463 447/779/467 521/676/391 528/675/390
f 484/756/15 500/661/377 538/781/468 535/782/15
f 543/783/15 494/784/15 537/785/15
f 474/728/430 489/743/442 536/786/469 534/732/433
f 544/787/15 484/756/15 535/782/15
f 611/788/470 533/731/432 534/732/433 612/789/471
f 601/790/472 532/729/431 533/730/432 611/791/470
f 458/703/411 530/792/473 531/793/474 457/660/379
f 456/673/388 529/674/389 530/794/473 458/702/411
f 293/486/253 475/687/400 532/729/431 404/608/341
f 500/661/377 457/660/379 531/793/474 538/781/468
f 602/609/342 610/795/475 529/674/389 405/468/239
f 526/744/443 527/751/450 549/753/15 545/796/15
f 493/752/15 527/751/450 548/797/15
f 527/751/450 525/739/440 546/798/15 548/797/15
f 546/798/15 525/739/440 550/741/15
f 526/744/443 545/796/15 547/799/15
f 486/745/444 526/744/443 547/799/15
f 489/743/442 541/800/15 536/786/469
f 541/800/15 539/801/15 536/786/469
f 539/801/15 543/783/15 537/785/15 536/786/469
f 494/784/15 542/802/15 537/785/15
f 542/802/15 540/803/15 535/782/15 537/785/15
f 540/803/15 544/787/15 535/782/15
f 55/804/476 54/805/477 330/806/478 331/807/479
f 53/808/480 55/804/476 331/807/479 329/809/481
f 54/805/477 20/810/482 296/811/482 330/806/478
f 72/812/483 74/813/484 349/814/485 347/815/486
f 74/813/484 73/816/487 348/817/488 349/814/485
f 73/816/487 85/818/86 360/819/489 348/817/488
f 19/820/490 72/812/483 347/815/486 295/821/490
f 80/822/491 96/823/492 371/824/493 355/825/494
f 77/826/495 78/827/496 353/828/496 352/829/495
f 76/830/497 77/826/495 352/829/495 351/831/497
f 78/827/496 79/832/498 354/833/498 353/828/496
f 81/834/499 149/835/500 424/836/500 356/837/499
f 143/838/501 84/839/502 359/840/502 418/841/501
f 85/818/86 90/842/83 365/843/503 360/819/489
f 84/839/502 83/844/504 358/845/504 359/840/502
f 82/846/505 81/834/499 356/837/499 357/847/505
f 83/844/504 82/846/505 357/847/505 358/845/504
f 88/848/506 150/849/507 425/850/507 363/851/506
f 144/852/508 89/853/509 364/854/509 419/855/508
f 90/842/83 80/822/491 355/825/494 365/843/503
f 96/823/492 53/808/480 329/809/481 371/824/493
f 145/856/510 141/857/511 416/858/511 420/859/510
f 146/860/512 142/861/513 417/862/513 421/863/512
f 141/857/511 143/838/501 418/841/501 416/858/511
f 142/861/513 144/852/508 419/855/508 417/862/513
f 89/853/509 145/856/510 420/859/510 364/854/509
f 79/832/498 146/860/512 421/863/512 354/833/498
f 147/864/514 151/865/515 426/866/515 422/867/514
f 148/868/516 152/869/517 427/870/517 423/871/516
f 149/835/500 147/864/514 422/867/514 424/836/500
f 150/849/507 148/868/516 423/871/516 425/850/507
f 151/865/515 88/872/506 363/873/506 426/866/515
f 152/869/517 76/830/497 351/831/497 427/870/517
f 183/874/518 184/875/519 461/876/520 460/877/521
f 184/875/519 182/878/522 459/879/523 461/876/520
f 20/880/482 183/874/518 460/877/521 296/881/482
f 204/882/524 202/883/525 477/884/526 479/885/527
f 203/886/528 204/882/524 479/885/527 478/887/529
f 215/888/167 203/886/528 478/887/529 490/889/530
f 202/883/525 19/820/490 295/821/490 477/884/526
f 226/890/531 210/891/491 485/892/494 501/893/532
f 208/894/496 207/895/495 482/896/495 483/897/496
f 207/895/495 206/898/497 481/899/497 482/896/495
f 209/900/498 208/894/496 483/897/496 484/901/498
f 272/902/500 211/903/499 486/904/499 547/905/500
f 214/906/502 266/907/501 541/908/501 489/909/502
f 220/910/162 215/888/167 490/889/530 495/911/503
f 213/912/504 214/906/502 489/909/502 488/913/504
f 211/903/499 212/914/505 487/915/505 486/904/499
f 212/914/505 213/912/504 488/913/504 487/915/505
f 273/916/507 218/917/506 493/918/506 548/919/507
f 219/920/509 267/921/508 542/922/508 494/923/509
f 210/891/491 220/910/162 495/911/503 485/892/494
f 182/878/522 226/890/531 501/893/532 459/879/523
f 264/924/511 268/925/510 543/926/510 539/927/511
f 265/928/513 269/929/512 544/930/512 540/931/513
f 266/907/501 264/924/511 539/927/511 541/908/501
f 267/921/508 265/928/513 540/931/513 542/922/508
f 268/925/510 219/920/509 494/923/509 543/926/510
f 269/929/512 209/900/498 484/901/498 544/930/512
f 274/932/533 270/933/514 545/934/514 549/935/533
f 275/936/517 271/937/516 546/938/516 550/939/517
f 270/933/514 272/902/500 547/905/500 545/934/514
f 271/937/516 273/916/507 548/919/507 546/938/516
f 218/940/506 274/932/533 549/935/533 493/941/506
f 206/898/497 275/936/517 550/939/517 481/899/497
f 296/942/342 460/705/413 563/704/412 551/943/342
f 477/689/402 572/688/401 564/944/534 479/945/535
f 479/946/535 564/947/534 565/747/446 478/750/449
f 296/942/342 551/943/342 552/508/269 330/511/272
f 347/490/256 349/948/536 553/949/537 562/491/257
f 349/950/536 348/555/307 554/554/306 553/951/537
f 20/952/35 573/208/35 585/298/139 183/301/142
f 202/287/131 204/953/538 586/385/180 594/288/132
f 204/954/538 203/344/166 587/343/165 586/384/180
f 260/377/176 588/334/164 591/279/126 263/378/177
f 261/382/179 589/346/168 590/331/161 262/380/178
f 259/326/160 587/343/165 589/346/168 261/382/179
f 262/380/178 590/331/161 588/334/164 260/377/176
f 255/387/182 256/386/181 593/282/129 592/299/140
f 254/272/122 255/387/182 592/299/140 585/298/139
f 129/207/46 581/95/46 594/288/132 257/323/158
f 263/378/177 591/279/126 593/282/129 256/386/181
f 20/952/35 54/112/56 574/111/55 573/208/35
f 72/97/48 584/96/47 575/204/101 74/955/539
f 74/956/539 575/203/101 576/158/84 73/161/87
f 137/197/98 140/196/97 580/82/40 577/147/81
f 138/201/100 139/200/99 579/146/80 578/159/85
f 136/141/78 138/201/100 578/159/85 576/158/84
f 139/200/99 137/197/98 577/147/81 579/146/80
f 132/205/102 582/114/58 583/83/41 133/206/103
f 131/75/36 574/111/55 582/114/58 132/205/102
f 129/207/46 134/138/76 584/96/47 581/95/46
f 140/196/97 133/206/103 583/83/41 580/82/40
f 415/595/334 609/957/540 597/958/541 408/605/339
f 404/608/341 595/959/542 598/603/338 409/535/290
f 406/469/240 407/607/340 596/960/543 603/610/343
f 407/606/340 408/605/339 597/958/541 596/961/543
f 414/597/109 608/962/109 606/963/109 412/594/109
f 411/538/292 605/602/337 607/964/544 413/599/335
f 413/599/335 607/964/544 608/962/109 414/597/109
f 412/594/109 606/963/109 609/957/540 415/595/334
f 538/781/468 531/793/474 600/965/545 616/966/546
f 404/608/341 532/729/431 601/790/472 595/959/542
f 529/674/389 610/795/475 599/967/547 530/794/473
f 530/792/473 599/968/547 600/965/545 531/793/474
f 537/785/15 535/782/15 613/969/15 615/970/15
f 534/732/433 536/786/469 614/971/548 612/789/471
f 536/786/469 537/785/15 615/970/15 614/971/548
f 535/782/15 538/781/468 616/966/546 613/969/15
f 554/972/549 556/973/550 635/974/551 632/975/552
f 603/976/553 596/977/554 643/978/555 644/979/556
f 613/980/557 616/981/558 650/982/559 654/983/560
f 565/984/561 564/985/562 620/986/563 621/987/564
f 556/973/550 557/988/565 636/989/566 635/974/551
f 598/990/567 595/991/568 641/992/569 642/993/570
f 614/994/571 615/995/572 655/996/573 656/997/574
f 564/985/562 572/998/575 619/999/576 620/986/563
f 555/1000/577 558/1001/578 634/1002/579 633/1003/580
f 597/1004/581 609/1005/582 639/1006/583 640/1007/584
f 612/1008/585 614/994/571 656/997/574 657/1009/586
f 551/1010/587 563/1011/588 617/1012/589 618/1013/587
f 553/1014/590 554/972/549 632/975/552 630/1015/591
f 615/995/572 613/980/557 654/983/560 655/996/573
f 562/1016/592 553/1014/590 630/1015/591 631/1017/593
f 600/1018/594 599/1019/595 653/1020/596 649/1021/597
f 552/1022/598 551/1023/587 618/1024/587 629/1025/599
f 599/1026/595 610/1027/600 652/1028/601 653/1029/596
f 571/1030/395 569/1031/394 622/1032/602 627/1033/603
f 595/991/568 601/1034/604 651/1035/605 641/992/569
f 572/998/575 559/1036/606 628/1037/607 619/999/576
f 616/981/558 600/1018/594 649/1021/597 650/982/559
f 630/1015/591 632/975/552 700/1038/608 699/1039/609
f 660/1040/610 642/993/570 710/1041/611 709/1042/612
f 648/1043/613 647/1044/614 707/1045/615 708/1046/616
f 631/1017/593 630/1015/591 699/1039/609 696/1047/617
f 646/1048/618 645/1049/619 705/1050/620 706/1051/621
f 656/1052/574 655/1053/573 691/1054/622 692/1055/623
f 625/1056/624 621/987/564 689/1057/625 688/1058/626
f 657/1059/586 656/1052/574 692/1055/623 693/1060/627
f 624/1061/628 625/1056/624 688/1058/626 687/1062/629
f 569/1063/630 566/1064/631 623/1065/632 622/1066/633
f 610/1027/600 602/1067/634 658/1068/635 652/1028/601
f 596/1069/554 597/1004/581 640/1007/584 643/1070/555
f 557/988/565 555/1000/577 633/1003/580 636/989/566
f 568/1071/636 567/1072/637 625/1056/624 624/1061/628
f 601/1034/604 611/1073/638 659/1074/639 651/1035/605
f 606/1075/640 608/1076/641 645/1077/619 646/1078/618
f 561/1079/248 560/1080/270 638/1081/642 637/1082/643
f 567/1072/637 565/984/561 621/987/564 625/1056/624
f 611/1073/638 612/1083/585 657/1059/586 659/1074/639
f 607/1084/644 605/1085/645 647/1086/614 648/1087/613
f 560/1080/270 552/1022/598 629/1025/599 638/1081/642
f 566/1064/631 568/1071/636 624/1061/628 623/1065/632
f 602/1067/634 603/976/553 644/979/556 658/1068/635
f 608/1076/641 607/1084/644 648/1087/613 645/1077/619
f 559/1036/606 562/1016/592 631/1017/593 628/1037/607
f 570/1088/415 571/1030/395 627/1033/603 626/1089/646
f 604/1090/647 598/990/567 642/993/570 660/1040/610
f 609/1005/582 606/1075/640 646/1078/618 639/1006/583
f 558/1091/245 561/1079/248 637/1082/643 634/1092/648
f 563/1011/588 570/1088/415 626/1089/646 617/1012/589
f 605/1093/645 604/1090/647 660/1040/610 647/1044/614
f 617/1094/649 661/1095/650 662/1096/651 618/1097/651
f 618/1097/651 662/1096/651 665/1098/652 629/1099/653
f 637/1100/654 638/1101/655 667/1102/656 666/1103/657
f 626/1104/658 627/1105/659 664/1106/660 663/1107/661
f 638/1101/655 629/1099/653 665/1098/652 667/1102/656
f 617/1094/649 626/1104/658 663/1107/661 661/1095/650
f 622/1108/662 664/1106/660 627/1105/659
f 637/1100/654 666/1103/657 634/1109/663
f 644/1110/556 643/1111/555 670/1112/664 671/1113/665
f 649/1114/597 653/1115/596 675/1116/666 672/1117/667
f 640/1118/584 639/1119/583 668/1120/668 669/1121/669
f 652/1122/601 658/1123/635 676/1124/670 674/1125/671
f 643/1111/555 640/1118/584 669/1121/669 670/1112/664
f 653/1115/596 652/1122/601 674/1125/671 675/1116/666
f 658/1123/635 644/1110/556 671/1113/665 676/1124/670
f 650/1126/559 649/1114/597 672/1117/667 673/1127/672
f 622/1066/633 685/1128/673 681/1129/6 664/1130/6
f 664/1130/6 681/1129/6 683/1131/6 663/1132/6
f 663/1132/6 683/1131/6 682/1133/6 661/1134/6
f 662/1135/6 661/1134/6 682/1133/6 684/1136/6
f 665/1137/6 662/1135/6 684/1136/6 680/1138/6
f 665/1137/6 680/1138/6 679/1139/6 667/1140/6
f 667/1140/6 679/1139/6 678/1141/6 666/1142/6
f 666/1142/6 678/1141/6 677/1143/674 634/1002/579
f 623/1065/632 624/1061/628 687/1062/629 686/1144/675
f 654/1145/560 650/1126/559 673/1127/672 690/1146/676
f 622/1066/633 623/1065/632 686/1144/675 685/1128/673
f 655/1053/573 654/1145/560 690/1146/676 691/1054/622
f 651/1035/605 659/1074/639 698/1147/677 697/1148/678
f 621/987/564 620/986/563 695/1149/679 689/1057/625
f 659/1074/639 657/1059/586 693/1060/627 698/1147/677
f 620/986/563 619/999/576 694/1150/680 695/1149/679
f 645/1049/619 648/1043/613 708/1046/616 705/1050/620
f 647/1044/614 660/1040/610 709/1042/612 707/1045/615
f 633/1003/580 634/1002/579 677/1143/674 701/1151/681
f 639/1119/583 646/1048/618 706/1051/621 668/1120/668
f 635/974/551 636/989/566 704/1152/682 703/1153/683
f 632/975/552 635/974/551 703/1153/683 700/1038/608
f 636/989/566 633/1003/580 701/1151/681 704/1152/682
f 628/1037/607 631/1017/593 696/1047/617 702/1154/684
f 641/992/569 651/1035/605 697/1148/678 711/1155/685
f 642/993/570 641/992/569 711/1155/685 710/1041/611
f 682/1133/6 680/1138/6 684/1136/6
f 683/1131/6 679/1139/6 680/1138/6 682/1133/6
f 678/1141/6 679/1139/6 683/1131/6 681/1129/6
f 677/1143/674 678/1141/6 681/1129/6 685/1128/673
f 685/1128/673 686/1144/675 701/1151/681 677/1143/674
f 704/1152/682 701/1151/681 686/1144/675 687/1062/629
f 687/1062/629 688/1058/626 703/1153/683 704/1152/682
f 688/1058/626 689/1057/625 700/1038/608 703/1153/683
f 695/1149/679 699/1039/609 700/1038/608 689/1057/625
f 628/1037/607 702/1154/684 694/1150/680 619/999/576
f 669/1121/669 712/1156/686 671/1113/665 670/1112/664
f 712/1156/686 718/1157/687 676/1124/670 671/1113/665
f 718/1157/687 724/1158/688 674/1125/671 676/1124/670
f 724/1158/688 672/1117/667 675/1116/666 674/1125/671
f 668/1120/668 713/1159/689 712/1156/686 669/1121/669
f 713/1159/689 719/1160/690 718/1157/687 712/1156/686
f 719/1160/690 725/1161/691 724/1158/688 718/1157/687
f 725/1161/691 673/1127/672 672/1117/667 724/1158/688
f 706/1051/621 714/1162/692 713/1159/689 668/1120/668
f 714/1162/692 720/1163/693 719/1160/690 713/1159/689
f 720/1163/693 726/1164/694 725/1161/691 719/1160/690
f 726/1164/694 690/1146/676 673/1127/672 725/1161/691
f 705/1050/620 715/1165/695 714/1162/692 706/1051/621
f 715/1165/695 721/1166/696 720/1163/693 714/1162/692
f 721/1166/696 727/1167/697 726/1164/694 720/1163/693
f 727/1167/697 691/1054/622 690/1146/676 726/1164/694
f 708/1046/616 716/1168/698 715/1165/695 705/1050/620
f 716/1168/698 722/1169/699 721/1166/696 715/1165/695
f 722/1169/699 728/1170/700 727/1167/697 721/1166/696
f 728/1170/700 692/1055/623 691/1054/622 727/1167/697
f 707/1045/615 717/1171/701 716/1168/698 708/1046/616
f 717/1171/701 723/1172/702 722/1169/699 716/1168/698
f 723/1172/702 729/1173/703 728/1170/700 722/1169/699
f 729/1173/703 693/1060/627 692/1055/623 728/1170/700
f 709/1042/612 710/1041/611 717/1171/701 707/1045/615
f 710/1041/611 711/1155/685 723/1172/702 717/1171/701
f 711/1155/685 697/1148/678 729/1173/703 723/1172/702
f 697/1148/678 698/1147/677 693/1060/627 729/1173/703
f 695/1149/679 694/1150/680 702/1154/684
f 86/14/6 56/143/6 58/15/6
f 58/15/6 33/104/6 87/13/6
f 33/104/6 41/103/6 91/1174/6
f 91/1174/6 75/1175/6 33/104/6
f 75/1175/6 87/13/6 33/104/6
f 42/61/6 32/60/10 40/92/6
f 32/60/10 23/90/10 40/92/6
f 27/1/1 1/39/1 97/172/1
f 97/172/1 99/1176/1 98/173/1
f 98/173/1 28/2/1 27/1/1
f 188/328/6 185/327/6 216/1177/6
f 188/328/6 216/1177/6 217/1178/6
f 169/291/6 170/227/6 221/226/6
f 170/227/6 188/328/6 217/1178/6
f 205/225/6 170/227/6 217/1178/6
f 23/90/10 162/263/10 168/285/6
f 162/263/10 171/266/6 168/285/6
f 227/358/1 153/244/1 158/217/1
f 158/217/1 159/218/1 228/357/1
f 228/357/1 229/1179/1 227/358/1
f 279/409/195 332/540/294 361/1180/704
f 361/1180/704 362/410/1 279/409/195
f 362/410/1 350/1181/1 309/408/194
f 350/1181/1 366/1182/705 309/408/194
f 366/1182/705 317/496/262 309/408/194
f 317/496/262 318/457/230 309/408/194
f 299/485/201 308/455/200 316/483/251
f 308/455/200 318/457/230 316/483/251
f 372/570/315 276/434/214 303/396/183
f 303/396/183 304/399/186 372/570/315
f 304/399/186 373/568/313 372/570/315
f 491/628/352 462/733/434 431/629/353
f 431/629/353 440/667/383 492/627/1
f 440/667/383 448/666/382 447/692/405
f 496/1183/706 440/667/383 447/692/405
f 496/1183/706 480/1184/1 440/667/383
f 480/1184/1 492/627/1 440/667/383
f 448/666/382 439/665/357 446/686/399
f 439/665/357 299/485/201 446/686/399
f 434/619/344 428/646/367 502/761/452
f 502/761/452 504/1185/707 503/1186/708
f 503/1186/708 435/620/345 502/761/452
f 702/1154/684 696/1047/617 699/1039/609
f 699/1039/609 695/1149/679 702/1154/684
f 731/1187/709 741/1188/710 740/1189/711 730/1190/712
f 741/1191/710 750/1192/713 756/1193/714 740/1194/711
f 732/1195/715 742/1196/716 741/1188/710 731/1187/709
f 742/1197/716 757/1198/717 750/1192/713 741/1191/710
f 733/1199/718 743/1200/719 742/1196/716 732/1195/715
f 743/1201/719 751/1202/720 757/1198/717 742/1197/716
f 734/1203/721 744/1204/722 743/1200/719 733/1199/718
f 744/1205/722 752/1206/723 751/1202/720 743/1201/719
f 735/1207/724 745/1208/725 744/1204/722 734/1203/721
f 745/1209/725 753/1210/726 752/1206/723 744/1205/722
f 736/1211/727 746/1212/728 745/1208/725 735/1207/724
f 746/1213/728 758/1214/729 753/1210/726 745/1209/725
f 737/1215/730 747/1216/731 746/1212/728 736/1211/727
f 747/1217/731 759/1218/732 758/1214/729 746/1213/728
f 738/1219/733 748/1220/734 747/1216/731 737/1215/730
f 748/1221/734 754/1222/735 759/1218/732 747/1217/731
f 739/1223/736 749/1224/737 748/1220/734 738/1219/733
f 749/1225/737 755/1226/738 754/1222/735 748/1221/734
f 730/1227/739 739/1228/740 732/1229/740 731/1230/739
f 733/1231/740 732/1229/740 739/1228/740 738/1232/740
f 734/1233/740 733/1231/740 738/1232/740 737/1234/740
f 735/1235/739 734/1233/740 737/1234/740 736/1236/739
f 730/1237/712 740/1238/711 749/1224/737 739/1223/736
f 740/1239/711 756/1240/714 755/1226/738 749/1225/737
f 750/1241/713 761/1242/741 760/1243/742 756/1244/714
f 761/1245/741 771/1246/743 770/1247/744 760/1248/742
f 771/1249/743 781/1250/745 780/1251/746 770/1252/744
f 781/1253/745 791/1254/747 790/1255/748 780/1256/746
f 791/1187/747 801/1188/749 800/1189/750 790/1190/748
f 801/1191/749 818/1192/751 810/1193/752 800/1194/750
f 757/1257/717 762/1258/753 761/1242/741 750/1241/713
f 762/1259/753 772/1260/754 771/1246/743 761/1245/741
f 772/1261/754 782/1262/755 781/1250/745 771/1249/743
f 782/1263/755 792/1264/756 791/1254/747 781/1253/745
f 792/1195/756 802/1196/757 801/1188/749 791/1187/747
f 802/1197/757 811/1198/758 818/1192/751 801/1191/749
f 751/1265/720 763/1266/759 762/1258/753 757/1257/717
f 763/1267/759 773/1268/760 772/1260/754 762/1259/753
f 773/1269/760 783/1270/761 782/1262/755 772/1261/754
f 783/1271/761 793/1272/762 792/1264/756 782/1263/755
f 793/1199/762 803/1200/763 802/1196/757 792/1195/756
f 803/1201/763 812/1202/720 811/1198/758 802/1197/757
f 752/1273/723 764/1274/764 763/1266/759 751/1265/720
f 764/1275/764 774/1276/765 773/1268/760 763/1267/759
f 774/1277/765 784/1278/766 783/1270/761 773/1269/760
f 784/1279/766 794/1280/767 793/1272/762 783/1271/761
f 794/1203/767 804/1204/768 803/1200/763 793/1199/762
f 804/1205/768 813/1206/723 812/1202/720 803/1201/763
f 753/1281/726 765/1282/769 764/1274/764 752/1273/723
f 765/1283/769 775/1284/770 774/1276/765 764/1275/764
f 775/1285/770 785/1286/771 784/1278/766 774/1277/765
f 785/1287/771 795/1288/772 794/1280/767 784/1279/766
f 795/1207/772 805/1208/773 804/1204/768 794/1203/767
f 805/1209/773 814/1210/774 813/1206/723 804/1205/768
f 758/1289/729 766/1290/775 765/1282/769 753/1281/726
f 766/1291/775 776/1292/776 775/1284/770 765/1283/769
f 776/1293/776 786/1294/777 785/1286/771 775/1285/770
f 786/1295/777 796/1296/778 795/1288/772 785/1287/771
f 796/1211/778 806/1212/779 805/1208/773 795/1207/772
f 806/1213/779 815/1214/780 814/1210/774 805/1209/773
f 759/1297/732 767/1298/781 766/1290/775 758/1289/729
f 767/1299/781 777/1300/782 776/1292/776 766/1291/775
f 777/1301/782 787/1302/783 786/1294/777 776/1293/776
f 787/1303/783 797/1304/784 796/1296/778 786/1295/777
f 797/1215/784 807/1216/785 806/1212/779 796/1211/778
f 807/1217/785 816/1218/732 815/1214/780 806/1213/779
f 754/1305/735 768/1306/786 767/1298/781 759/1297/732
f 768/1307/786 778/1308/787 777/1300/782 767/1299/781
f 778/1309/787 788/1310/788 787/1302/783 777/1301/782
f 788/1311/788 798/1312/789 797/1304/784 787/1303/783
f 798/1219/789 808/1220/790 807/1216/785 797/1215/784
f 808/1221/790 817/1222/791 816/1218/732 807/1217/785
f 755/1313/738 769/1314/792 768/1306/786 754/1305/735
f 769/1315/792 779/1316/793 778/1308/787 768/1307/786
f 779/1317/793 789/1318/794 788/1310/788 778/1309/787
f 789/1319/794 799/1320/795 798/1312/789 788/1311/788
f 799/1223/795 809/1224/796 808/1220/790 798/1219/789
f 809/1225/796 819/1226/797 817/1222/791 808/1221/790
f 756/1321/714 760/1322/742 769/1314/792 755/1313/738
f 760/1323/742 770/1324/744 779/1316/793 769/1315/792
f 770/1325/744 780/1326/746 789/1318/794 779/1317/793
f 780/1327/746 790/1328/748 799/1320/795 789/1319/794
f 790/1237/748 800/1238/750 809/1224/796 799/1223/795
f 800/1239/750 810/1240/752 819/1226/797 809/1225/796
f 818/1241/751 821/1242/798 820/1243/799 810/1244/752
f 821/1245/798 831/1246/743 830/1247/744 820/1248/799
f 831/1249/743 841/1250/745 840/1251/746 830/1252/744
f 841/1253/745 851/1254/747 850/1255/748 840/1256/746
f 851/1187/747 861/1188/800 860/1189/801 850/1190/748
f 861/1191/800 870/1192/802 876/1193/803 860/1194/801
f 811/1257/758 822/1258/804 821/1242/798 818/1241/751
f 822/1259/804 832/1260/754 831/1246/743 821/1245/798
f 832/1261/754 842/1262/755 841/1250/745 831/1249/743
f 842/1263/755 852/1264/756 851/1254/747 841/1253/745
f 852/1195/756 862/1196/805 861/1188/800 851/1187/747
f 862/1197/805 871/1198/806 870/1192/802 861/1191/800
f 812/1265/720 823/1266/759 822/1258/804 811/1257/758
f 823/1267/759 833/1268/760 832/1260/754 822/1259/804
f 833/1269/760 843/1270/761 842/1262/755 832/1261/754
f 843/1271/761 853/1272/762 852/1264/756 842/1263/755
f 853/1199/762 863/1200/807 862/1196/805 852/1195/756
f 863/1201/807 877/1202/808 871/1198/806 862/1197/805
f 813/1273/723 824/1274/764 823/1266/759 812/1265/720
f 824/1275/764 834/1276/765 833/1268/760 823/1267/759
f 834/1277/765 844/1278/809 843/1270/761 833/1269/760
f 844/1279/809 854/1280/767 853/1272/762 843/1271/761
f 854/1203/767 864/1204/810 863/1200/807 853/1199/762
f 864/1205/810 872/1206/811 877/1202/808 863/1201/807
f 814/1281/774 825/1282/812 824/1274/764 813/1273/723
f 825/1283/812 835/1284/770 834/1276/765 824/1275/764
f 835/1285/770 845/1286/771 844/1278/809 834/1277/765
f 845/1287/771 855/1288/772 854/1280/767 844/1279/809
f 855/1207/772 865/1208/813 864/1204/810 854/1203/767
f 865/1209/813 878/1210/814 872/1206/811 864/1205/810
f 815/1289/780 826/1290/815 825/1282/812 814/1281/774
f 826/1291/815 836/1292/776 835/1284/770 825/1283/812
f 836/1293/776 846/1294/777 845/1286/771 835/1285/770
f 846/1295/777 856/1296/816 855/1288/772 845/1287/771
f 856/1211/816 866/1212/817 865/1208/813 855/1207/772
f 866/1213/817 873/1214/818 878/1210/814 865/1209/813
f 816/1297/732 827/1298/819 826/1290/815 815/1289/780
f 827/1299/819 837/1300/782 836/1292/776 826/1291/815
f 837/1301/782 847/1302/783 846/1294/777 836/1293/776
f 847/1303/783 857/1304/820 856/1296/816 846/1295/777
f 857/1215/820 867/1216/821 866/1212/817 856/1211/816
f 867/1217/821 879/1218/822 873/1214/818 866/1213/817
f 817/1305/791 828/1306/823 827/1298/819 816/1297/732
f 828/1307/823 838/1308/787 837/1300/782 827/1299/819
f 838/1309/787 848/1310/788 847/1302/783 837/1301/782
f 848/1311/788 858/1312/824 857/1304/820 847/1303/783
f 858/1219/824 868/1220/825 867/1216/821 857/1215/820
f 868/1221/825 874/1222/735 879/1218/822 867/1217/821
f 819/1313/797 829/1314/826 828/1306/823 817/1305/791
f 829/1315/826 839/1316/793 838/1308/787 828/1307/823
f 839/1317/793 849/1318/794 848/1310/788 838/1309/787
f 849/1319/794 859/1320/827 858/1312/824 848/1311/788
f 859/1223/827 869/1224/828 868/1220/825 858/1219/824
f 869/1225/828 875/1226/829 874/1222/735 868/1221/825
f 810/1321/752 820/1322/799 829/1314/826 819/1313/797
f 820/1323/799 830/1324/744 839/1316/793 829/1315/826
f 830/1325/744 840/1326/746 849/1318/794 839/1317/793
f 840/1327/746 850/1328/748 859/1320/827 849/1319/794
f 850/1237/748 860/1238/801 869/1224/828 859/1223/827
f 860/1239/801 876/1240/803 875/1226/829 869/1225/828
f 870/1241/802 881/1242/830 880/1243/742 876/1244/803
f 881/1245/830 891/1246/743 890/1247/744 880/1248/742
f 891/1249/743 901/1250/831 900/1251/746 890/1252/744
f 901/1253/831 911/1254/747 910/1255/748 900/1256/746
f 911/1187/747 921/1188/832 920/1189/833 910/1190/748
f 921/1191/832 931/1192/834 930/1193/835 920/1194/833
f 871/1257/806 882/1258/836 881/1242/830 870/1241/802
f 882/1259/836 892/1260/754 891/1246/743 881/1245/830
f 892/1261/754 902/1262/755 901/1250/831 891/1249/743
f 902/1263/755 912/1264/756 911/1254/747 901/1253/831
f 912/1195/756 922/1196/837 921/1188/832 911/1187/747
f 922/1197/837 936/1198/717 931/1192/834 921/1191/832
f 877/1265/808 883/1266/838 882/1258/836 871/1257/806
f 883/1267/838 893/1268/760 892/1260/754 882/1259/836
f 893/1269/760 903/1270/761 902/1262/755 892/1261/754
f 903/1271/761 913/1272/762 912/1264/756 902/1263/755
f 913/1199/762 923/1200/807 922/1196/837 912/1195/756
f 923/1201/807 937/1202/808 936/1198/717 922/1197/837
f 872/1273/811 884/1274/839 883/1266/838 877/1265/808
f 884/1275/839 894/1276/840 893/1268/760 883/1267/838
f 894/1277/840 904/1278/766 903/1270/761 893/1269/760
f 904/1279/766 914/1280/767 913/1272/762 903/1271/761
f 914/1203/767 924/1204/841 923/1200/807 913/1199/762
f 924/1205/841 932/1206/842 937/1202/808 923/1201/807
f 878/1281/814 885/1282/843 884/1274/839 872/1273/811
f 885/1283/843 895/1284/770 894/1276/840 884/1275/839
f 895/1285/770 905/1286/771 904/1278/766 894/1277/840
f 905/1287/771 915/1288/772 914/1280/767 904/1279/766
f 915/1207/772 925/1208/773 924/1204/841 914/1203/767
f 925/1209/773 933/1210/774 932/1206/842 924/1205/841
f 873/1289/818 886/1290/844 885/1282/843 878/1281/814
f 886/1291/844 896/1292/845 895/1284/770 885/1283/843
f 896/1293/845 906/1294/777 905/1286/771 895/1285/770
f 906/1295/777 916/1296/778 915/1288/772 905/1287/771
f 916/1211/778 926/1212/846 925/1208/773 915/1207/772
f 926/1213/846 934/1214/847 933/1210/774 925/1209/773
f 879/1297/822 887/1298/848 886/1290/844 873/1289/818
f 887/1299/848 897/1300/849 896/1292/845 886/1291/844
f 897/1301/849 907/1302/783 906/1294/777 896/1293/845
f 907/1303/783 917/1304/784 916/1296/778 906/1295/777
f 917/1215/784 927/1216/821 926/1212/846 916/1211/778
f 927/1217/821 938/1218/822 934/1214/847 926/1213/846
f 874/1305/735 888/1306/786 887/1298/848 879/1297/822
f 888/1307/786 898/1308/787 897/1300/849 887/1299/848
f 898/1309/787 908/1310/788 907/1302/783 897/1301/849
f 908/1311/788 918/1312/824 917/1304/784 907/1303/783
f 918/1219/824 928/1220/850 927/1216/821 917/1215/784
f 928/1221/850 939/1222/851 938/1218/822 927/1217/821
f 875/1313/829 889/1314/792 888/1306/786 874/1305/735
f 889/1315/792 899/1316/793 898/1308/787 888/1307/786
f 899/1317/793 909/1318/794 908/1310/788 898/1309/787
f 909/1319/794 919/1320/827 918/1312/824 908/1311/788
f 919/1223/827 929/1224/852 928/1220/850 918/1219/824
f 929/1225/852 935/1226/853 939/1222/851 928/1221/850
f 876/1321/803 880/1322/742 889/1314/792 875/1313/829
f 880/1323/742 890/1324/744 899/1316/793 889/1315/792
f 890/1325/744 900/1326/746 909/1318/794 899/1317/793
f 900/1327/746 910/1328/748 919/1320/827 909/1319/794
f 910/1237/748 920/1238/833 929/1224/852 919/1223/827
f 920/1239/833 930/1240/835 935/1226/853 929/1225/852
f 931/1241/834 941/1242/854 940/1243/855 930/1244/835
f 941/1245/854 951/1246/743 950/1247/744 940/1248/855
f 951/1249/743 961/1250/745 960/1251/746 950/1252/744
f 961/1253/745 971/1254/747 970/1255/748 960/1256/746
f 971/1187/747 981/1188/749 980/1189/856 970/1190/748
f 981/1191/749 997/1192/751 990/1193/857 980/1194/856
f 936/1257/717 942/1258/753 941/1242/854 931/1241/834
f 942/1259/753 952/1260/754 951/1246/743 941/1245/854
f 952/1261/754 962/1262/755 961/1250/745 951/1249/743
f 962/1263/755 972/1264/756 971/1254/747 961/1253/745
f 972/1195/756 982/1196/757 981/1188/749 971/1187/747
f 982/1197/757 991/1198/758 997/1192/751 981/1191/749
f 937/1265/808 943/1266/838 942/1258/753 936/1257/717
f 943/1267/838 953/1268/760 952/1260/754 942/1259/753
f 953/1269/760 963/1270/761 962/1262/755 952/1261/754
f 963/1271/761 973/1272/762 972/1264/756 962/1263/755
f 973/1199/762 983/1200/807 982/1196/757 972/1195/756
f 983/1201/807 998/1202/808 991/1198/758 982/1197/757
f 932/1273/842 944/1274/858 943/1266/838 937/1265/808
f 944/1275/858 954/1276/840 953/1268/760 943/1267/838
f 954/1277/840 964/1278/766 963/1270/761 953/1269/760
f 964/1279/766 974/1280/767 973/1272/762 963/1271/761
f 974/1203/767 984/1204/841 983/1200/807 973/1199/762
f 984/1205/841 992/1206/842 998/1202/808 983/1201/807
f 933/1281/774 945/1282/812 944/1274/858 932/1273/842
f 945/1283/812 955/1284/770 954/1276/840 944/1275/858
f 955/1285/770 965/1286/771 964/1278/766 954/1277/840
f 965/1287/771 975/1288/772 974/1280/767 964/1279/766
f 975/1207/772 985/1208/859 984/1204/841 974/1203/767
f 985/1209/859 993/1210/726 992/1206/842 984/1205/841
f 934/1289/847 946/1290/860 945/1282/812 933/1281/774
f 946/1291/860 956/1292/861 955/1284/770 945/1283/812
f 956/1293/861 966/1294/862 965/1286/771 955/1285/770
f 966/1295/862 976/1296/778 975/1288/772 965/1287/771
f 976/1211/778 986/1212/863 985/1208/859 975/1207/772
f 986/1213/863 999/1214/864 993/1210/726 985/1209/859
f 938/1297/822 947/1298/848 946/1290/860 934/1289/847
f 947/1299/848 957/1300/782 956/1292/861 946/1291/860
f 957/1301/782 967/1302/783 966/1294/862 956/1293/861
f 967/1303/783 977/1304/784 976/1296/778 966/1295/862
f 977/1215/784 987/1216/865 986/1212/863 976/1211/778
f 987/1217/865 994/1218/866 999/1214/864 986/1213/863
f 939/1305/851 948/1306/867 947/1298/848 938/1297/822
f 948/1307/867 958/1308/787 957/1300/782 947/1299/848
f 958/1309/787 968/1310/788 967/1302/783 957/1301/782
f 968/1311/788 978/1312/824 977/1304/784 967/1303/783
f 978/1219/824 988/1220/825 987/1216/865 977/1215/784
f 988/1221/825 995/1222/735 994/1218/866 987/1217/865
f 935/1313/853 949/1314/868 948/1306/867 939/1305/851
f 949/1315/868 959/1316/869 958/1308/787 948/1307/867
f 959/1317/869 969/1318/870 968/1310/788 958/1309/787
f 969/1319/870 979/1320/795 978/1312/824 968/1311/788
f 979/1223/795 989/1224/871 988/1220/825 978/1219/824
f 989/1225/871 996/1226/872 995/1222/735 988/1221/825
f 930/1321/835 940/1322/855 949/1314/868 935/1313/853
f 940/1323/855 950/1324/744 959/1316/869 949/1315/868
f 950/1325/744 960/1326/746 969/1318/870 959/1317/869
f 960/1327/746 970/1328/748 979/1320/795 969/1319/870
f 970/1237/748 980/1238/856 989/1224/871 979/1223/795
f 980/1239/856 990/1240/857 996/1226/872 989/1225/871
f 997/1241/751 1001/1242/798 1000/1243/873 990/1244/857
f 1001/1245/798 1011/1246/743 1010/1247/744 1000/1248/873
f 1011/1249/743 1021/1250/745 1020/1251/746 1010/1252/744
f 1021/1253/745 1031/1254/747 1030/1255/748 1020/1256/746
f 1031/1187/747 1041/1188/874 1040/1189/875 1030/1190/748
f 1041/1191/874 1051/1192/876 1050/1193/877 1040/1194/875
f 991/1257/758 1002/1258/804 1001/1242/798 997/1241/751
f 1002/1259/804 1012/1260/754 1011/1246/743 1001/1245/798
f 1012/1261/754 1022/1262/755 1021/1250/745 1011/1249/743
f 1022/1263/755 1032/1264/756 1031/1254/747 1021/1253/745
f 1032/1195/756 1042/1196/805 1041/1188/874 1031/1187/747
f 1042/1197/805 1052/1198/806 1051/1192/876 1041/1191/874
f 998/1265/808 1003/1266/838 1002/1258/804 991/1257/758
f 1003/1267/838 1013/1268/760 1012/1260/754 1002/1259/804
f 1013/1269/760 1023/1270/878 1022/1262/755 1012/1261/754
f 1023/1271/878 1033/1272/762 1032/1264/756 1022/1263/755
f 1033/1199/762 1043/1200/807 1042/1196/805 1032/1195/756
f 1043/1201/807 1058/1202/808 1052/1198/806 1042/1197/805
f 992/1273/842 1004/1274/858 1003/1266/838 998/1265/808
f 1004/1275/858 1014/1276/840 1013/1268/760 1003/1267/838
f 1014/1277/840 1024/1278/766 1023/1270/878 1013/1269/760
f 1024/1279/766 1034/1280/767 1033/1272/762 1023/1271/878
f 1034/1203/767 1044/1204/841 1043/1200/807 1033/1199/762
f 1044/1205/841 1053/1206/842 1058/1202/808 1043/1201/807
f 993/1281/726 1005/1282/769 1004/1274/858 992/1273/842
f 1005/1283/769 1015/1284/770 1014/1276/840 1004/1275/858
f 1015/1285/770 1025/1286/771 1024/1278/766 1014/1277/840
f 1025/1287/771 1035/1288/772 1034/1280/767 1024/1279/766
f 1035/1207/772 1045/1208/773 1044/1204/841 1034/1203/767
f 1045/1209/773 1054/1210/879 1053/1206/842 1044/1205/841
f 999/1289/864 1006/1290/880 1005/1282/769 993/1281/726
f 1006/1291/880 1016/1292/881 1015/1284/770 1005/1283/769
f 1016/1293/881 1026/1294/862 1025/1286/771 1015/1285/770
f 1026/1295/862 1036/1296/778 1035/1288/772 1025/1287/771
f 1036/1211/778 1046/1212/779 1045/1208/773 1035/1207/772
f 1046/1213/779 1055/1214/882 1054/1210/879 1045/1209/773
f 994/1297/866 1007/1298/883 1006/1290/880 999/1289/864
f 1007/1299/883 1017/1300/884 1016/1292/881 1006/1291/880
f 1017/1301/884 1027/1302/783 1026/1294/862 1016/1293/881
f 1027/1303/783 1037/1304/784 1036/1296/778 1026/1295/862
f 1037/1215/784 1047/1216/785 1046/1212/779 1036/1211/778
f 1047/1217/785 1056/1218/732 1055/1214/882 1046/1213/779
f 995/1305/735 1008/1306/786 1007/1298/883 994/1297/866
f 1008/1307/786 1018/1308/787 1017/1300/884 1007/1299/883
f 1018/1309/787 1028/1310/788 1027/1302/783 1017/1301/884
f 1028/1311/788 1038/1312/824 1037/1304/784 1027/1303/783
f 1038/1219/824 1048/1220/790 1047/1216/785 1037/1215/784
f 1048/1221/790 1057/1222/791 1056/1218/732 1047/1217/785
f 996/1313/872 1009/1314/885 1008/1306/786 995/1305/735
f 1009/1315/885 1019/1316/793 1018/1308/787 1008/1307/786
f 1019/1317/793 1029/1318/794 1028/1310/788 1018/1309/787
f 1029/1319/794 1039/1320/795 1038/1312/824 1028/1311/788
f 1039/1223/795 1049/1224/886 1048/1220/790 1038/1219/824
f 1049/1225/886 1059/1226/887 1057/1222/791 1048/1221/790
f 990/1321/857 1000/1322/873 1009/1314/885 996/1313/872
f 1000/1323/873 1010/1324/744 1019/1316/793 1009/1315/885
f 1010/1325/744 1020/1326/746 1029/1318/794 1019/1317/793
f 1020/1327/746 1030/1328/748 1039/1320/795 1029/1319/794
f 1030/1237/748 1040/1238/875 1049/1224/886 1039/1223/795
f 1040/1239/875 1050/1240/877 1059/1226/887 1049/1225/886
f 1051/1241/876 1061/1242/888 1060/1243/889 1050/1244/877
f 1061/1245/888 1071/1246/743 1070/1247/744 1060/1248/889
f 1071/1249/743 1081/1250/745 1080/1251/746 1070/1252/744
f 1081/1253/745 1091/1254/747 1090/1255/748 1080/1256/746
f 1091/1187/747 1101/1188/749 1100/1189/856 1090/1190/748
f 1101/1191/749 1117/1192/890 1110/1193/891 1100/1194/856
f 1052/1257/806 1062/1258/836 1061/1242/888 1051/1241/876
f 1062/1259/836 1072/1260/754 1071/1246/743 1061/1245/888
f 1072/1261/754 1082/1262/755 1081/1250/745 1071/1249/743
f 1082/1263/755 1092/1264/756 1091/1254/747 1081/1253/745
f 1092/1195/756 1102/1196/757 1101/1188/749 1091/1187/747
f 1102/1197/757 1111/1198/758 1117/1192/890 1101/1191/749
f 1058/1265/808 1063/1266/838 1062/1258/836 1052/1257/806
f 1063/1267/838 1073/1268/760 1072/1260/754 1062/1259/836
f 1073/1269/760 1083/1270/761 1082/1262/755 1072/1261/754
f 1083/1271/761 1093/1272/762 1092/1264/756 1082/1263/755
f 1093/1199/762 1103/1200/807 1102/1196/757 1092/1195/756
f 1103/1201/807 1118/1202/808 1111/1198/758 1102/1197/757
f 1053/1273/842 1064/1274/858 1063/1266/838 1058/1265/808
f 1064/1275/858 1074/1276/765 1073/1268/760 1063/1267/838
f 1074/1277/765 1084/1278/766 1083/1270/761 1073/1269/760
f 1084/1279/766 1094/1280/767 1093/1272/762 1083/1271/761
f 1094/1203/767 1104/1204/810 1103/1200/807 1093/1199/762
f 1104/1205/810 1112/1206/811 1118/1202/808 1103/1201/807
f 1054/1281/879 1065/1282/812 1064/1274/858 1053/1273/842
f 1065/1283/812 1075/1284/770 1074/1276/765 1064/1275/858
f 1075/1285/770 1085/1286/771 1084/1278/766 1074/1277/765
f 1085/1287/771 1095/1288/772 1094/1280/767 1084/1279/766
f 1095/1207/772 1105/1208/892 1104/1204/810 1094/1203/767
f 1105/1209/892 1119/1210/814 1112/1206/811 1104/1205/810
f 1055/1289/882 1066/1290/815 1065/1282/812 1054/1281/879
f 1066/1291/815 1076/1292/845 1075/1284/770 1065/1283/812
f 1076/1293/845 1086/1294/862 1085/1286/771 1075/1285/770
f 1086/1295/862 1096/1296/778 1095/1288/772 1085/1287/771
f 1096/1211/778 1106/1212/893 1105/1208/892 1095/1207/772
f 1106/1213/893 1113/1214/894 1119/1210/814 1105/1209/892
f 1056/1297/732 1067/1298/819 1066/1290/815 1055/1289/882
f 1067/1299/819 1077/1300/782 1076/1292/845 1066/1291/815
f 1077/1301/782 1087/1302/783 1086/1294/862 1076/1293/845
f 1087/1303/783 1097/1304/784 1096/1296/778 1086/1295/862
f 1097/1215/784 1107/1216/785 1106/1212/893 1096/1211/778
f 1107/1217/785 1114/1218/732 1113/1214/894 1106/1213/893
f 1057/1305/791 1068/1306/895 1067/1298/819 1056/1297/732
f 1068/1307/895 1078/1308/787 1077/1300/782 1067/1299/819
f 1078/1309/787 1088/1310/788 1087/1302/783 1077/1301/782
f 1088/1311/788 1098/1312/824 1097/1304/784 1087/1303/783
f 1098/1219/824 1108/1220/825 1107/1216/785 1097/1215/784
f 1108/1221/825 1115/1222/735 1114/1218/732 1107/1217/785
f 1059/1313/887 1069/1314/826 1068/1306/895 1057/1305/791
f 1069/1315/826 1079/1316/896 1078/1308/787 1068/1307/895
f 1079/1317/896 1089/1318/794 1088/1310/788 1078/1309/787
f 1089/1319/794 1099/1320/795 1098/1312/824 1088/1311/788
f 1099/1223/795 1109/1224/871 1108/1220/825 1098/1219/824
f 1109/1225/871 1116/1226/872 1115/1222/735 1108/1221/825
f 1050/1321/877 1060/1322/889 1069/1314/826 1059/1313/887
f 1060/1323/889 1070/1324/744 1079/1316/896 1069/1315/826
f 1070/1325/744 1080/1326/746 1089/1318/794 1079/1317/896
f 1080/1327/746 1090/1328/748 1099/1320/795 1089/1319/794
f 1090/1237/748 1100/1238/856 1109/1224/871 1099/1223/795
f 1100/1239/856 1110/1240/891 1116/1226/872 1109/1225/871
f 1117/1241/890 1121/1242/798 1120/1243/897 1110/1244/891
f 1121/1245/798 1131/1246/743 1130/1247/744 1120/1248/897
f 1131/1249/743 1141/1250/745 1140/1251/746 1130/1252/744
f 1141/1253/745 1151/1254/747 1150/1255/748 1140/1256/746
f 1151/1187/747 1161/1188/898 1160/1189/899 1150/1190/748
f 1161/1191/898 1176/1192/900 1175/1193/901 1160/1194/899
f 1111/1257/758 1122/1258/804 1121/1242/798 1117/1241/890
f 1122/1259/804 1132/1260/754 1131/1246/743 1121/1245/798
f 1132/1261/754 1142/1262/755 1141/1250/745 1131/1249/743
f 1142/1263/755 1152/1264/756 1151/1254/747 1141/1253/745
f 1152/1195/756 1162/1196/805 1161/1188/898 1151/1187/747
f 1162/1197/805 1177/1198/902 1176/1192/900 1161/1191/898
f 1118/1265/808 1123/1266/838 1122/1258/804 1111/1257/758
f 1123/1267/838 1133/1268/760 1132/1260/754 1122/1259/804
f 1133/1269/760 1143/1270/761 1142/1262/755 1132/1261/754
f 1143/1271/761 1153/1272/762 1152/1264/756 1142/1263/755
f 1153/1199/762 1163/1200/763 1162/1196/805 1152/1195/756
f 1163/1201/763 1170/1202/720 1177/1198/902 1162/1197/805
f 1112/1273/811 1124/1274/839 1123/1266/838 1118/1265/808
f 1124/1275/839 1134/1276/765 1133/1268/760 1123/1267/838
f 1134/1277/765 1144/1278/766 1143/1270/761 1133/1269/760
f 1144/1279/766 1154/1280/767 1153/1272/762 1143/1271/761
f 1154/1203/767 1164/1204/903 1163/1200/763 1153/1199/762
f 1164/1205/903 1171/1206/723 1170/1202/720 1163/1201/763
f 1119/1281/814 1125/1282/904 1124/1274/839 1112/1273/811
f 1125/1283/904 1135/1284/770 1134/1276/765 1124/1275/839
f 1135/1285/770 1145/1286/771 1144/1278/766 1134/1277/765
f 1145/1287/771 1155/1288/772 1154/1280/767 1144/1279/766
f 1155/1207/772 1165/1208/773 1164/1204/903 1154/1203/767
f 1165/1209/773 1172/1210/879 1171/1206/723 1164/1205/903
f 1113/1289/894 1126/1290/905 1125/1282/904 1119/1281/814
f 1126/1291/905 1136/1292/776 1135/1284/770 1125/1283/904
f 1136/1293/776 1146/1294/777 1145/1286/771 1135/1285/770
f 1146/1295/777 1156/1296/778 1155/1288/772 1145/1287/771
f 1156/1211/778 1166/1212/779 1165/1208/773 1155/1207/772
f 1166/1213/779 1173/1214/780 1172/1210/879 1165/1209/773
f 1114/1297/732 1127/1298/819 1126/1290/905 1113/1289/894
f 1127/1299/819 1137/1300/782 1136/1292/776 1126/1291/905
f 1137/1301/782 1147/1302/783 1146/1294/777 1136/1293/776
f 1147/1303/783 1157/1304/784 1156/1296/778 1146/1295/777
f 1157/1215/784 1167/1216/785 1166/1212/779 1156/1211/778
f 1167/1217/785 1174/1218/732 1173/1214/780 1166/1213/779
f 1115/1305/735 1128/1306/786 1127/1298/819 1114/1297/732
f 1128/1307/786 1138/1308/787 1137/1300/782 1127/1299/819
f 1138/1309/787 1148/1310/788 1147/1302/783 1137/1301/782
f 1148/1311/788 1158/1312/824 1157/1304/784 1147/1303/783
f 1158/1219/824 1168/1220/906 1167/1216/785 1157/1215/784
f 1168/1221/906 1178/1222/735 1174/1218/732 1167/1217/785
f 1116/1313/872 1129/1314/907 1128/1306/786 1115/1305/735
f 1129/1315/907 1139/1316/793 1138/1308/787 1128/1307/786
f 1139/1317/793 1149/1318/870 1148/1310/788 1138/1309/787
f 1149/1319/870 1159/1320/795 1158/1312/824 1148/1311/788
f 1159/1223/795 1169/1224/908 1168/1220/906 1158/1219/824
f 1169/1225/908 1179/1226/909 1178/1222/735 1168/1221/906
f 1110/1321/891 1120/1322/897 1129/1314/907 1116/1313/872
f 1120/1323/897 1130/1324/744 1139/1316/793 1129/1315/907
f 1130/1325/744 1140/1326/746 1149/1318/870 1139/1317/793
f 1140/1327/746 1150/1328/748 1159/1320/795 1149/1319/870
f 1150/1237/748 1160/1238/899 1169/1224/908 1159/1223/795
f 1160/1239/899 1175/1240/901 1179/1226/909 1169/1225/908
f 1176/1241/900 1181/1242/910 1180/1243/911 1175/1244/901
f 1181/1245/910 1191/1246/743 1190/1247/744 1180/1248/911
f 1191/1249/743 1201/1250/745 1200/1251/746 1190/1252/744
f 1201/1253/745 1211/1254/747 1210/1255/748 1200/1256/746
f 1211/1187/747 1221/1188/749 1220/1189/912 1210/1190/748
f 1221/1191/749 1237/1192/890 1230/1193/752 1220/1194/912
f 1177/1257/902 1182/1258/913 1181/1242/910 1176/1241/900
f 1182/1259/913 1192/1260/754 1191/1246/743 1181/1245/910
f 1192/1261/754 1202/1262/755 1201/1250/745 1191/1249/743
f 1202/1263/755 1212/1264/756 1211/1254/747 1201/1253/745
f 1212/1195/756 1222/1196/757 1221/1188/749 1211/1187/747
f 1222/1197/757 1231/1198/758 1237/1192/890 1221/1191/749
f 1170/1265/720 1183/1266/759 1182/1258/913 1177/1257/902
f 1183/1267/759 1193/1268/760 1192/1260/754 1182/1259/913
f 1193/1269/760 1203/1270/761 1202/1262/755 1192/1261/754
f 1203/1271/761 1213/1272/762 1212/1264/756 1202/1263/755
f 1213/1199/762 1223/1200/914 1222/1196/757 1212/1195/756
f 1223/1201/914 1232/1202/915 1231/1198/758 1222/1197/757
f 1171/1273/723 1184/1274/764 1183/1266/759 1170/1265/720
f 1184/1275/764 1194/1276/840 1193/1268/760 1183/1267/759
f 1194/1277/840 1204/1278/766 1203/1270/761 1193/1269/760
f 1204/1279/766 1214/1280/767 1213/1272/762 1203/1271/761
f 1214/1203/767 1224/1204/916 1223/1200/914 1213/1199/762
f 1224/1205/916 1238/1206/917 1232/1202/915 1223/1201/914
f 1172/1281/879 1185/1282/812 1184/1274/764 1171/1273/723
f 1185/1283/812 1195/1284/770 1194/1276/840 1184/1275/764
f 1195/1285/770 1205/1286/771 1204/1278/766 1194/1277/840
f 1205/1287/771 1215/1288/772 1214/1280/767 1204/1279/766
f 1215/1207/772 1225/1208/918 1224/1204/916 1214/1203/767
f 1225/1209/918 1233/1210/919 1238/1206/917 1224/1205/916
f 1173/1289/780 1186/1290/815 1185/1282/812 1172/1281/879
f 1186/1291/815 1196/1292/845 1195/1284/770 1185/1283/812
f 1196/1293/845 1206/1294/862 1205/1286/771 1195/1285/770
f 1206/1295/862 1216/1296/778 1215/1288/772 1205/1287/771
f 1216/1211/778 1226/1212/779 1225/1208/918 1215/1207/772
f 1226/1213/779 1234/1214/780 1233/1210/919 1225/1209/918
f 1174/1297/732 1187/1298/819 1186/1290/815 1173/1289/780
f 1187/1299/819 1197/1300/884 1196/1292/845 1186/1291/815
f 1197/1301/884 1207/1302/783 1206/1294/862 1196/1293/845
f 1207/1303/783 1217/1304/784 1216/1296/778 1206/1295/862
f 1217/1215/784 1227/1216/785 1226/1212/779 1216/1211/778
f 1227/1217/785 1235/1218/732 1234/1214/780 1226/1213/779
f 1178/1305/735 1188/1306/920 1187/1298/819 1174/1297/732
f 1188/1307/920 1198/1308/787 1197/1300/884 1187/1299/819
f 1198/1309/787 1208/1310/788 1207/1302/783 1197/1301/884
f 1208/1311/788 1218/1312/824 1217/1304/784 1207/1303/783
f 1218/1219/824 1228/1220/790 1227/1216/785 1217/1215/784
f 1228/1221/790 1236/1222/791 1235/1218/732 1227/1217/785
f 1179/1313/909 1189/1314/921 1188/1306/920 1178/1305/735
f 1189/1315/921 1199/1316/793 1198/1308/787 1188/1307/920
f 1199/1317/793 1209/1318/870 1208/1310/788 1198/1309/787
f 1209/1319/870 1219/1320/795 1218/1312/824 1208/1311/788
f 1219/1223/795 1229/1224/922 1228/1220/790 1218/1219/824
f 1229/1225/922 1239/1226/923 1236/1222/791 1228/1221/790
f 1175/1321/901 1180/1322/911 1189/1314/921 1179/1313/909
f 1180/1323/911 1190/1324/744 1199/1316/793 1189/1315/921
f 1190/1325/744 1200/1326/746 1209/1318/870 1199/1317/793
f 1200/1327/746 1210/1328/748 1219/1320/795 1209/1319/870
f 1210/1237/748 1220/1238/912 1229/1224/922 1219/1223/795
f 1220/1239/912 1230/1240/752 1239/1226/923 1229/1225/922
f 1237/1241/890 1241/1242/798 1240/1243/799 1230/1244/752
f 1241/1245/798 1251/1246/743 1250/1247/744 1240/1248/799
f 1251/1249/743 1261/1250/745 1260/1251/746 1250/1252/744
f 1261/1253/745 1271/1254/747 1270/1255/748 1260/1256/746
f 1271/1187/747 1281/1188/874 1280/1189/875 1270/1190/748
f 1281/1191/874 1291/1192/876 1290/1193/924 1280/1194/875
f 1231/1257/758 1242/1258/804 1241/1242/798 1237/1241/890
f 1242/1259/804 1252/1260/754 1251/1246/743 1241/1245/798
f 1252/1261/754 1262/1262/925 1261/1250/745 1251/1249/743
f 1262/1263/925 1272/1264/756 1271/1254/747 1261/1253/745
f 1272/1195/756 1282/1196/805 1281/1188/874 1271/1187/747
f 1282/1197/805 1292/1198/806 1291/1192/876 1281/1191/874
f 1232/1265/915 1243/1266/926 1242/1258/804 1231/1257/758
f 1243/1267/926 1253/1268/760 1252/1260/754 1242/1259/804
f 1253/1269/760 1263/1270/761 1262/1262/925 1252/1261/754
f 1263/1271/761 1273/1272/762 1272/1264/756 1262/1263/925
f 1273/1199/762 1283/1200/927 1282/1196/805 1272/1195/756
f 1283/1201/927 1295/1202/928 1292/1198/806 1282/1197/805
f 1238/1273/917 1244/1274/929 1243/1266/926 1232/1265/915
f 1244/1275/929 1254/1276/840 1253/1268/760 1243/1267/926
f 1254/1277/840 1264/1278/930 1263/1270/761 1253/1269/760
f 1264/1279/930 1274/1280/767 1273/1272/762 1263/1271/761
f 1274/1203/767 1284/1204/931 1283/1200/927 1273/1199/762
f 1284/1205/931 1296/1206/932 1295/1202/928 1283/1201/927
f 1233/1281/919 1245/1282/933 1244/1274/929 1238/1273/917
f 1245/1283/933 1255/1284/770 1254/1276/840 1244/1275/929
f 1255/1285/770 1265/1286/771 1264/1278/930 1254/1277/840
f 1265/1287/771 1275/1288/772 1274/1280/767 1264/1279/930
f 1275/1207/772 1285/1208/934 1284/1204/931 1274/1203/767
f 1285/1209/934 1297/1210/935 1296/1206/932 1284/1205/931
f 1234/1289/780 1246/1290/815 1245/1282/933 1233/1281/919
f 1246/1291/815 1256/1292/861 1255/1284/770 1245/1283/933
f 1256/1293/861 1266/1294/862 1265/1286/771 1255/1285/770
f 1266/1295/862 1276/1296/778 1275/1288/772 1265/1287/771
f 1276/1211/778 1286/1212/893 1285/1208/934 1275/1207/772
f 1286/1213/893 1293/1214/894 1297/1210/935 1285/1209/934
f 1235/1297/732 1247/1298/819 1246/1290/815 1234/1289/780
f 1247/1299/819 1257/1300/884 1256/1292/861 1246/1291/815
f 1257/1301/884 1267/1302/783 1266/1294/862 1256/1293/861
f 1267/1303/783 1277/1304/784 1276/1296/778 1266/1295/862
f 1277/1215/784 1287/1216/785 1286/1212/893 1276/1211/778
f 1287/1217/785 1294/1218/732 1293/1214/894 1286/1213/893
f 1236/1305/791 1248/1306/936 1247/1298/819 1235/1297/732
f 1248/1307/936 1258/1308/787 1257/1300/884 1247/1299/819
f 1258/1309/787 1268/1310/788 1267/1302/783 1257/1301/884
f 1268/1311/788 1278/1312/824 1277/1304/784 1267/1303/783
f 1278/1219/824 1288/1220/906 1287/1216/785 1277/1215/784
f 1288/1221/906 1298/1222/735 1294/1218/732 1287/1217/785
f 1239/1313/923 1249/1314/826 1248/1306/936 1236/1305/791
f 1249/1315/826 1259/1316/937 1258/1308/787 1248/1307/936
f 1259/1317/937 1269/1318/870 1268/1310/788 1258/1309/787
f 1269/1319/870 1279/1320/795 1278/1312/824 1268/1311/788
f 1279/1223/795 1289/1224/938 1288/1220/906 1278/1219/824
f 1289/1225/938 1299/1226/939 1298/1222/735 1288/1221/906
f 1230/1321/752 1240/1322/799 1249/1314/826 1239/1313/923
f 1240/1323/799 1250/1324/744 1259/1316/937 1249/1315/826
f 1250/1325/744 1260/1326/746 1269/1318/870 1259/1317/937
f 1260/1327/746 1270/1328/748 1279/1320/795 1269/1319/870
f 1270/1237/748 1280/1238/875 1289/1224/938 1279/1223/795
f 1280/1239/875 1290/1240/924 1299/1226/939 1289/1225/938
f 1291/1241/876 1301/1242/888 1300/1243/889 1290/1244/924
f 1301/1245/888 1311/1246/743 1310/1247/744 1300/1248/889
f 1311/1249/743 1321/1250/745 1320/1251/746 1310/1252/744
f 1321/1253/745 1331/1254/747 1330/1255/748 1320/1256/746
f 1331/1187/747 1341/1188/749 1340/1189/940 1330/1190/748
f 1341/1191/749 1355/1192/890 1350/1193/891 1340/1194/940
f 1292/1257/806 1302/1258/836 1301/1242/888 1291/1241/876
f 1302/1259/836 1312/1260/754 1311/1246/743 1301/1245/888
f 1312/1261/754 1322/1262/755 1321/1250/745 1311/1249/743
f 1322/1263/755 1332/1264/756 1331/1254/747 1321/1253/745
f 1332/1195/756 1342/1196/757 1341/1188/749 1331/1187/747
f 1342/1197/757 1351/1198/758 1355/1192/890 1341/1191/749
f 1295/1265/928 1303/1266/941 1302/1258/836 1292/1257/806
f 1303/1267/941 1313/1268/760 1312/1260/754 1302/1259/836
f 1313/1269/760 1323/1270/761 1322/1262/755 1312/1261/754
f 1323/1271/761 1333/1272/762 1332/1264/756 1322/1263/755
f 1333/1199/762 1343/1200/807 1342/1196/757 1332/1195/756
f 1343/1201/807 1356/1202/808 1351/1198/758 1342/1197/757
f 1296/1273/932 1304/1274/942 1303/1266/941 1295/1265/928
f 1304/1275/942 1314/1276/840 1313/1268/760 1303/1267/941
f 1314/1277/840 1324/1278/766 1323/1270/761 1313/1269/760
f 1324/1279/766 1334/1280/767 1333/1272/762 1323/1271/761
f 1334/1203/767 1344/1204/810 1343/1200/807 1333/1199/762
f 1344/1205/810 1352/1206/811 1356/1202/808 1343/1201/807
f 1297/1281/935 1305/1282/943 1304/1274/942 1296/1273/932
f 1305/1283/943 1315/1284/770 1314/1276/840 1304/1275/942
f 1315/1285/770 1325/1286/771 1324/1278/766 1314/1277/840
f 1325/1287/771 1335/1288/772 1334/1280/767 1324/1279/766
f 1335/1207/772 1345/1208/944 1344/1204/810 1334/1203/767
f 1345/1209/944 1357/1210/945 1352/1206/811 1344/1205/810
f 1293/1289/894 1306/1290/905 1305/1282/943 1297/1281/935
f 1306/1291/905 1316/1292/845 1315/1284/770 1305/1283/943
f 1316/1293/845 1326/1294/862 1325/1286/771 1315/1285/770
f 1326/1295/862 1336/1296/778 1335/1288/772 1325/1287/771
f 1336/1211/778 1346/1212/946 1345/1208/944 1335/1207/772
f 1346/1213/946 1358/1214/947 1357/1210/945 1345/1209/944
f 1294/1297/732 1307/1298/819 1306/1290/905 1293/1289/894
f 1307/1299/819 1317/1300/782 1316/1292/845 1306/1291/905
f 1317/1301/782 1327/1302/783 1326/1294/862 1316/1293/845
f 1327/1303/783 1337/1304/784 1336/1296/778 1326/1295/862
f 1337/1215/784 1347/1216/948 1346/1212/946 1336/1211/778
f 1347/1217/948 1359/1218/732 1358/1214/947 1346/1213/946
f 1298/1305/735 1308/1306/920 1307/1298/819 1294/1297/732
f 1308/1307/920 1318/1308/787 1317/1300/782 1307/1299/819
f 1318/1309/787 1328/1310/788 1327/1302/783 1317/1301/782
f 1328/1311/788 1338/1312/824 1337/1304/784 1327/1303/783
f 1338/1219/824 1348/1220/825 1347/1216/948 1337/1215/784
f 1348/1221/825 1353/1222/735 1359/1218/732 1347/1217/948
f 1299/1313/939 1309/1314/949 1308/1306/920 1298/1305/735
f 1309/1315/949 1319/1316/793 1318/1308/787 1308/1307/920
f 1319/1317/793 1329/1318/794 1328/1310/788 1318/1309/787
f 1329/1319/794 1339/1320/795 1338/1312/824 1328/1311/788
f 1339/1223/795 1349/1224/871 1348/1220/825 1338/1219/824
f 1349/1225/871 1354/1226/872 1353/1222/735 1348/1221/825
f 1290/1321/924 1300/1322/889 1309/1314/949 1299/1313/939
f 1300/1323/889 1310/1324/744 1319/1316/793 1309/1315/949
f 1310/1325/744 1320/1326/746 1329/1318/794 1319/1317/793
f 1320/1327/746 1330/1328/748 1339/1320/795 1329/1319/794
f 1330/1237/748 1340/1238/940 1349/1224/871 1339/1223/795
f 1340/1239/940 1350/1240/891 1354/1226/872 1349/1225/871
f 1355/1241/890 1361/1242/798 1360/1243/897 1350/1244/891
f 1361/1245/798 1371/1246/743 1370/1247/744 1360/1248/897
f 1371/1249/743 1381/1250/745 1380/1251/746 1370/1252/744
f 1381/1253/745 1391/1254/747 1390/1255/748 1380/1256/746
f 1391/1187/747 1401/1188/800 1400/1189/801 1390/1190/748
f 1401/1191/800 1410/1192/802 1416/1193/714 1400/1194/801
f 1351/1257/758 1362/1258/804 1361/1242/798 1355/1241/890
f 1362/1259/804 1372/1260/754 1371/1246/743 1361/1245/798
f 1372/1261/754 1382/1262/755 1381/1250/745 1371/1249/743
f 1382/1263/755 1392/1264/756 1391/1254/747 1381/1253/745
f 1392/1195/756 1402/1196/805 1401/1188/800 1391/1187/747
f 1402/1197/805 1411/1198/806 1410/1192/802 1401/1191/800
f 1356/1265/808 1363/1266/838 1362/1258/804 1351/1257/758
f 1363/1267/838 1373/1268/760 1372/1260/754 1362/1259/804
f 1373/1269/760 1383/1270/761 1382/1262/755 1372/1261/754
f 1383/1271/761 1393/1272/762 1392/1264/756 1382/1263/755
f 1393/1199/762 1403/1200/807 1402/1196/805 1392/1195/756
f 1403/1201/807 1417/1202/808 1411/1198/806 1402/1197/805
f 1352/1273/811 1364/1274/839 1363/1266/838 1356/1265/808
f 1364/1275/839 1374/1276/840 1373/1268/760 1363/1267/838
f 1374/1277/840 1384/1278/766 1383/1270/761 1373/1269/760
f 1384/1279/766 1394/1280/767 1393/1272/762 1383/1271/761
f 1394/1203/767 1404/1204/810 1403/1200/807 1393/1199/762
f 1404/1205/810 1412/1206/811 1417/1202/808 1403/1201/807
f 1357/1281/945 1365/1282/950 1364/1274/839 1352/1273/811
f 1365/1283/950 1375/1284/770 1374/1276/840 1364/1275/839
f 1375/1285/770 1385/1286/771 1384/1278/766 1374/1277/840
f 1385/1287/771 1395/1288/772 1394/1280/767 1384/1279/766
f 1395/1207/772 1405/1208/892 1404/1204/810 1394/1203/767
f 1405/1209/892 1418/1210/814 1412/1206/811 1404/1205/810
f 1358/1289/947 1366/1290/951 1365/1282/950 1357/1281/945
f 1366/1291/951 1376/1292/845 1375/1284/770 1365/1283/950
f 1376/1293/845 1386/1294/862 1385/1286/771 1375/1285/770
f 1386/1295/862 1396/1296/778 1395/1288/772 1385/1287/771
f 1396/1211/778 1406/1212/893 1405/1208/892 1395/1207/772
f 1406/1213/893 1413/1214/894 1418/1210/814 1405/1209/892
f 1359/1297/732 1367/1298/952 1366/1290/951 1358/1289/947
f 1367/1299/952 1377/1300/782 1376/1292/845 1366/1291/951
f 1377/1301/782 1387/1302/783 1386/1294/862 1376/1293/845
f 1387/1303/783 1397/1304/784 1396/1296/778 1386/1295/862
f 1397/1215/784 1407/1216/785 1406/1212/893 1396/1211/778
f 1407/1217/785 1414/1218/732 1413/1214/894 1406/1213/893
f 1353/1305/735 1368/1306/786 1367/1298/952 1359/1297/732
f 1368/1307/786 1378/1308/787 1377/1300/782 1367/1299/952
f 1378/1309/787 1388/1310/788 1387/1302/783 1377/1301/782
f 1388/1311/788 1398/1312/824 1397/1304/784 1387/1303/783
f 1398/1219/824 1408/1220/850 1407/1216/785 1397/1215/784
f 1408/1221/850 1419/1222/851 1414/1218/732 1407/1217/785
f 1354/1313/872 1369/1314/885 1368/1306/786 1353/1305/735
f 1369/1315/885 1379/1316/793 1378/1308/787 1368/1307/786
f 1379/1317/793 1389/1318/870 1388/1310/788 1378/1309/787
f 1389/1319/870 1399/1320/795 1398/1312/824 1388/1311/788
f 1399/1223/795 1409/1224/953 1408/1220/850 1398/1219/824
f 1409/1225/953 1415/1226/954 1419/1222/851 1408/1221/850
f 1350/1321/891 1360/1322/897 1369/1314/885 1354/1313/872
f 1360/1323/897 1370/1324/744 1379/1316/793 1369/1315/885
f 1370/1325/744 1380/1326/746 1389/1318/870 1379/1317/793
f 1380/1327/746 1390/1328/748 1399/1320/795 1389/1319/870
f 1390/1237/748 1400/1238/801 1409/1224/953 1399/1223/795
f 1400/1239/801 1416/1240/714 1415/1226/954 1409/1225/953
f 1410/1241/802 1421/1242/955 1420/1243/742 1416/1244/714
f 1421/1245/955 1431/1246/743 1430/1247/744 1420/1248/742
f 1431/1249/743 1441/1250/745 1440/1251/746 1430/1252/744
f 1441/1253/745 1451/1254/747 1450/1255/748 1440/1256/746
f 1451/1187/747 1461/1188/956 1460/1189/957 1450/1190/748
f 1461/1191/956 1476/1192/958 1475/1193/959 1460/1194/957
f 1411/1257/806 1422/1258/836 1421/1242/955 1410/1241/802
f 1422/1259/836 1432/1260/754 1431/1246/743 1421/1245/955
f 1432/1261/754 1442/1262/925 1441/1250/745 1431/1249/743
f 1442/1263/925 1452/1264/756 1451/1254/747 1441/1253/745
f 1452/1195/756 1462/1196/757 1461/1188/956 1451/1187/747
f 1462/1197/757 1470/1198/758 1476/1192/958 1461/1191/956
f 1417/1265/808 1423/1266/838 1422/1258/836 1411/1257/806
f 1423/1267/838 1433/1268/760 1432/1260/754 1422/1259/836
f 1433/1269/760 1443/1270/761 1442/1262/925 1432/1261/754
f 1443/1271/761 1453/1272/762 1452/1264/756 1442/1263/925
f 1453/1199/762 1463/1200/763 1462/1196/757 1452/1195/756
f 1463/1201/763 1471/1202/720 1470/1198/758 1462/1197/757
f 1412/1273/811 1424/1274/839 1423/1266/838 1417/1265/808
f 1424/1275/839 1434/1276/840 1433/1268/760 1423/1267/838
f 1434/1277/840 1444/1278/766 1443/1270/761 1433/1269/760
f 1444/1279/766 1454/1280/767 1453/1272/762 1443/1271/761
f 1454/1203/767 1464/1204/960 1463/1200/763 1453/1199/762
f 1464/1205/960 1472/1206/961 1471/1202/720 1463/1201/763
f 1418/1281/814 1425/1282/904 1424/1274/839 1412/1273/811
f 1425/1283/904 1435/1284/770 1434/1276/840 1424/1275/839
f 1435/1285/770 1445/1286/771 1444/1278/766 1434/1277/840
f 1445/1287/771 1455/1288/772 1454/1280/767 1444/1279/766
f 1455/1207/772 1465/1208/944 1464/1204/960 1454/1203/767
f 1465/1209/944 1477/1210/945 1472/1206/961 1464/1205/960
f 1413/1289/894 1426/1290/905 1425/1282/904 1418/1281/814
f 1426/1291/905 1436/1292/845 1435/1284/770 1425/1283/904
f 1436/1293/845 1446/1294/862 1445/1286/771 1435/1285/770
f 1446/1295/862 1456/1296/778 1455/1288/772 1445/1287/771
f 1456/1211/778 1466/1212/962 1465/1208/944 1455/1207/772
f 1466/1213/962 1478/1214/963 1477/1210/945 1465/1209/944
f 1414/1297/732 1427/1298/819 1426/1290/905 1413/1289/894
f 1427/1299/819 1437/1300/782 1436/1292/845 1426/1291/905
f 1437/1301/782 1447/1302/783 1446/1294/862 1436/1293/845
f 1447/1303/783 1457/1304/784 1456/1296/778 1446/1295/862
f 1457/1215/784 1467/1216/865 1466/1212/962 1456/1211/778
f 1467/1217/865 1473/1218/866 1478/1214/963 1466/1213/962
f 1419/1305/851 1428/1306/867 1427/1298/819 1414/1297/732
f 1428/1307/867 1438/1308/787 1437/1300/782 1427/1299/819
f 1438/1309/787 1448/1310/788 1447/1302/783 1437/1301/782
f 1448/1311/788 1458/1312/824 1457/1304/784 1447/1303/783
f 1458/1219/824 1468/1220/850 1467/1216/865 1457/1215/784
f 1468/1221/850 1479/1222/851 1473/1218/866 1467/1217/865
f 1415/1313/954 1429/1314/964 1428/1306/867 1419/1305/851
f 1429/1315/964 1439/1316/793 1438/1308/787 1428/1307/867
f 1439/1317/793 1449/1318/794 1448/1310/788 1438/1309/787
f 1449/1319/794 1459/1320/795 1458/1312/824 1448/1311/788
f 1459/1223/795 1469/1224/953 1468/1220/850 1458/1219/824
f 1469/1225/953 1474/1226/954 1479/1222/851 1468/1221/850
f 1416/1321/714 1420/1322/742 1429/1314/964 1415/1313/954
f 1420/1323/742 1430/1324/744 1439/1316/793 1429/1315/964
f 1430/1325/744 1440/1326/746 1449/1318/794 1439/1317/793
f 1440/1327/746 1450/1328/748 1459/1320/795 1449/1319/794
f 1450/1237/748 1460/1238/957 1469/1224/953 1459/1223/795
f 1460/1239/957 1475/1240/959 1474/1226/954 1469/1225/953
f 1476/1241/958 1481/1242/965 1480/1243/966 1475/1244/959
f 1481/1245/965 1491/1246/743 1490/1247/744 1480/1248/966
f 1491/1249/743 1501/1250/745 1500/1251/746 1490/1252/744
f 1501/1253/745 1511/1254/747 1510/1255/748 1500/1256/746
f 1511/1187/747 1521/1188/956 1520/1189/957 1510/1190/748
f 1521/1191/956 1538/1192/958 1537/1193/967 1520/1194/957
f 1470/1257/758 1482/1258/804 1481/1242/965 1476/1241/958
f 1482/1259/804 1492/1260/754 1491/1246/743 1481/1245/965
f 1492/1261/754 1502/1262/755 1501/1250/745 1491/1249/743
f 1502/1263/755 1512/1264/756 1511/1254/747 1501/1253/745
f 1512/1195/756 1522/1196/757 1521/1188/956 1511/1187/747
f 1522/1197/757 1530/1198/758 1538/1192/958 1521/1191/956
f 1471/1265/720 1483/1266/759 1482/1258/804 1470/1257/758
f 1483/1267/759 1493/1268/760 1492/1260/754 1482/1259/804
f 1493/1269/760 1503/1270/761 1502/1262/755 1492/1261/754
f 1503/1271/761 1513/1272/762 1512/1264/756 1502/1263/755
f 1513/1199/762 1523/1200/914 1522/1196/757 1512/1195/756
f 1523/1201/914 1531/1202/915 1530/1198/758 1522/1197/757
f 1472/1273/961 1484/1274/968 1483/1266/759 1471/1265/720
f 1484/1275/968 1494/1276/840 1493/1268/760 1483/1267/759
f 1494/1277/840 1504/1278/766 1503/1270/761 1493/1269/760
f 1504/1279/766 1514/1280/767 1513/1272/762 1503/1271/761
f 1514/1203/767 1524/1204/916 1523/1200/914 1513/1199/762
f 1524/1205/916 1539/1206/917 1531/1202/915 1523/1201/914
f 1477/1281/945 1485/1282/950 1484/1274/968 1472/1273/961
f 1485/1283/950 1495/1284/770 1494/1276/840 1484/1275/968
f 1495/1285/770 1505/1286/771 1504/1278/766 1494/1277/840
f 1505/1287/771 1515/1288/772 1514/1280/767 1504/1279/766
f 1515/1207/772 1525/1208/918 1524/1204/916 1514/1203/767
f 1525/1209/918 1532/1210/969 1539/1206/917 1524/1205/916
f 1478/1289/963 1486/1290/970 1485/1282/950 1477/1281/945
f 1486/1291/970 1496/1292/845 1495/1284/770 1485/1283/950
f 1496/1293/845 1506/1294/862 1505/1286/771 1495/1285/770
f 1506/1295/862 1516/1296/778 1515/1288/772 1505/1287/771
f 1516/1211/778 1526/1212/779 1525/1208/918 1515/1207/772
f 1526/1213/779 1533/1214/780 1532/1210/969 1525/1209/918
f 1473/1297/866 1487/1298/883 1486/1290/970 1478/1289/963
f 1487/1299/883 1497/1300/782 1496/1292/845 1486/1291/970
f 1497/1301/782 1507/1302/783 1506/1294/862 1496/1293/845
f 1507/1303/783 1517/1304/784 1516/1296/778 1506/1295/862
f 1517/1215/784 1527/1216/785 1526/1212/779 1516/1211/778
f 1527/1217/785 1534/1218/732 1533/1214/780 1526/1213/779
f 1479/1305/851 1488/1306/867 1487/1298/883 1473/1297/866
f 1488/1307/867 1498/1308/787 1497/1300/782 1487/1299/883
f 1498/1309/787 1508/1310/788 1507/1302/783 1497/1301/782
f 1508/1311/788 1518/1312/824 1517/1304/784 1507/1303/783
f 1518/1219/824 1528/1220/825 1527/1216/785 1517/1215/784
f 1528/1221/825 1535/1222/735 1534/1218/732 1527/1217/785
f 1474/1313/954 1489/1314/964 1488/1306/867 1479/1305/851
f 1489/1315/964 1499/1316/793 1498/1308/787 1488/1307/867
f 1499/1317/793 1509/1318/794 1508/1310/788 1498/1309/787
f 1509/1319/794 1519/1320/795 1518/1312/824 1508/1311/788
f 1519/1223/795 1529/1224/828 1528/1220/825 1518/1219/824
f 1529/1225/828 1536/1226/738 1535/1222/735 1528/1221/825
f 1475/1321/959 1480/1322/966 1489/1314/964 1474/1313/954
f 1480/1323/966 1490/1324/744 1499/1316/793 1489/1315/964
f 1490/1325/744 1500/1326/746 1509/1318/794 1499/1317/793
f 1500/1327/746 1510/1328/748 1519/1320/795 1509/1319/794
f 1510/1237/748 1520/1238/957 1529/1224/828 1519/1223/795
f 1520/1239/957 1537/1240/967 1536/1226/738 1529/1225/828
f 1538/1241/958 1541/1242/965 1540/1243/971 1537/1244/967
f 1541/1245/965 1551/1246/743 1550/1247/744 1540/1248/971
f 1551/1249/743 1561/1250/745 1560/1251/746 1550/1252/744
f 1561/1253/745 1571/1254/747 1570/1255/748 1560/1256/746
f 1571/1187/747 1581/1188/972 1580/1189/875 1570/1190/748
f 1581/1191/972 1591/1192/834 1590/1193/924 1580/1194/875
f 1530/1257/758 1542/1258/804 1541/1242/965 1538/1241/958
f 1542/1259/804 1552/1260/754 1551/1246/743 1541/1245/965
f 1552/1261/754 1562/1262/755 1561/1250/745 1551/1249/743
f 1562/1263/755 1572/1264/756 1571/1254/747 1561/1253/745
f 1572/1195/756 1582/1196/837 1581/1188/972 1571/1187/747
f 1582/1197/837 1597/1198/717 1591/1192/834 1581/1191/972
f 1531/1265/915 1543/1266/926 1542/1258/804 1530/1257/758
f 1543/1267/926 1553/1268/760 1552/1260/754 1542/1259/804
f 1553/1269/760 1563/1270/761 1562/1262/755 1552/1261/754
f 1563/1271/761 1573/1272/762 1572/1264/756 1562/1263/755
f 1573/1199/762 1583/1200/763 1582/1196/837 1572/1195/756
f 1583/1201/763 1592/1202/720 1597/1198/717 1582/1197/837
f 1539/1273/917 1544/1274/929 1543/1266/926 1531/1265/915
f 1544/1275/929 1554/1276/840 1553/1268/760 1543/1267/926
f 1554/1277/840 1564/1278/766 1563/1270/761 1553/1269/760
f 1564/1279/766 1574/1280/767 1573/1272/762 1563/1271/761
f 1574/1203/767 1584/1204/960 1583/1200/763 1573/1199/762
f 1584/1205/960 1593/1206/961 1592/1202/720 1583/1201/763
f 1532/1281/969 1545/1282/973 1544/1274/929 1539/1273/917
f 1545/1283/973 1555/1284/770 1554/1276/840 1544/1275/929
f 1555/1285/770 1565/1286/771 1564/1278/766 1554/1277/840
f 1565/1287/771 1575/1288/772 1574/1280/767 1564/1279/766
f 1575/1207/772 1585/1208/813 1584/1204/960 1574/1203/767
f 1585/1209/813 1598/1210/814 1593/1206/961 1584/1205/960
f 1533/1289/780 1546/1290/815 1545/1282/973 1532/1281/969
f 1546/1291/815 1556/1292/881 1555/1284/770 1545/1283/973
f 1556/1293/881 1566/1294/862 1565/1286/771 1555/1285/770
f 1566/1295/862 1576/1296/778 1575/1288/772 1565/1287/771
f 1576/1211/778 1586/1212/893 1585/1208/813 1575/1207/772
f 1586/1213/893 1594/1214/894 1598/1210/814 1585/1209/813
f 1534/1297/732 1547/1298/819 1546/1290/815 1533/1289/780
f 1547/1299/819 1557/1300/782 1556/1292/881 1546/1291/815
f 1557/1301/782 1567/1302/783 1566/1294/862 1556/1293/881
f 1567/1303/783 1577/1304/784 1576/1296/778 1566/1295/862
f 1577/1215/784 1587/1216/785 1586/1212/893 1576/1211/778
f 1587/1217/785 1595/1218/732 1594/1214/894 1586/1213/893
f 1535/1305/735 1548/1306/786 1547/1298/819 1534/1297/732
f 1548/1307/786 1558/1308/787 1557/1300/782 1547/1299/819
f 1558/1309/787 1568/1310/788 1567/1302/783 1557/1301/782
f 1568/1311/788 1578/1312/824 1577/1304/784 1567/1303/783
f 1578/1219/824 1588/1220/790 1587/1216/785 1577/1215/784
f 1588/1221/790 1596/1222/791 1595/1218/732 1587/1217/785
f 1536/1313/738 1549/1314/974 1548/1306/786 1535/1305/735
f 1549/1315/974 1559/1316/793 1558/1308/787 1548/1307/786
f 1559/1317/793 1569/1318/794 1568/1310/788 1558/1309/787
f 1569/1319/794 1579/1320/795 1578/1312/824 1568/1311/788
f 1579/1223/795 1589/1224/922 1588/1220/790 1578/1219/824
f 1589/1225/922 1599/1226/923 1596/1222/791 1588/1221/790
f 1537/1321/967 1540/1322/971 1549/1314/974 1536/1313/738
f 1540/1323/971 1550/1324/744 1559/1316/793 1549/1315/974
f 1550/1325/744 1560/1326/746 1569/1318/794 1559/1317/793
f 1560/1327/746 1570/1328/748 1579/1320/795 1569/1319/794
f 1570/1237/748 1580/1238/875 1589/1224/922 1579/1223/795
f 1580/1239/875 1590/1240/924 1599/1226/923 1589/1225/922
f 1591/1241/834 1601/1242/854 1600/1243/889 1590/1244/924
f 1601/1245/854 1611/1246/743 1610/1247/744 1600/1248/889
f 1611/1249/743 1621/1250/745 1620/1251/746 1610/1252/744
f 1621/1253/745 1631/1254/747 1630/1255/748 1620/1256/746
f 1631/1187/747 1641/1188/800 1640/1189/975 1630/1190/748
f 1641/1191/800 1650/1192/802 1655/1193/976 1640/1194/975
f 1597/1257/717 1602/1258/753 1601/1242/854 1591/1241/834
f 1602/1259/753 1612/1260/754 1611/1246/743 1601/1245/854
f 1612/1261/754 1622/1262/755 1621/1250/745 1611/1249/743
f 1622/1263/755 1632/1264/756 1631/1254/747 1621/1253/745
f 1632/1195/756 1642/1196/805 1641/1188/800 1631/1187/747
f 1642/1197/805 1651/1198/806 1650/1192/802 1641/1191/800
f 1592/1265/720 1603/1266/759 1602/1258/753 1597/1257/717
f 1603/1267/759 1613/1268/760 1612/1260/754 1602/1259/753
f 1613/1269/760 1623/1270/761 1622/1262/755 1612/1261/754
f 1623/1271/761 1633/1272/762 1632/1264/756 1622/1263/755
f 1633/1199/762 1643/1200/807 1642/1196/805 1632/1195/756
f 1643/1201/807 1656/1202/808 1651/1198/806 1642/1197/805
f 1593/1273/961 1604/1274/968 1603/1266/759 1592/1265/720
f 1604/1275/968 1614/1276/840 1613/1268/760 1603/1267/759
f 1614/1277/840 1624/1278/930 1623/1270/761 1613/1269/760
f 1624/1279/930 1634/1280/767 1633/1272/762 1623/1271/761
f 1634/1203/767 1644/1204/810 1643/1200/807 1633/1199/762
f 1644/1205/810 1652/1206/811 1656/1202/808 1643/1201/807
f 1598/1281/814 1605/1282/843 1604/1274/968 1593/1273/961
f 1605/1283/843 1615/1284/770 1614/1276/840 1604/1275/968
f 1615/1285/770 1625/1286/771 1624/1278/930 1614/1277/840
f 1625/1287/771 1635/1288/772 1634/1280/767 1624/1279/930
f 1635/1207/772 1645/1208/892 1644/1204/810 1634/1203/767
f 1645/1209/892 1657/1210/814 1652/1206/811 1644/1205/810
f 1594/1289/894 1606/1290/905 1605/1282/843 1598/1281/814
f 1606/1291/905 1616/1292/881 1615/1284/770 1605/1283/843
f 1616/1293/881 1626/1294/862 1625/1286/771 1615/1285/770
f 1626/1295/862 1636/1296/778 1635/1288/772 1625/1287/771
f 1636/1211/778 1646/1212/977 1645/1208/892 1635/1207/772
f 1646/1213/977 1653/1214/894 1657/1210/814 1645/1209/892
f 1595/1297/732 1607/1298/819 1606/1290/905 1594/1289/894
f 1607/1299/819 1617/1300/782 1616/1292/881 1606/1291/905
f 1617/1301/782 1627/1302/783 1626/1294/862 1616/1293/881
f 1627/1303/783 1637/1304/784 1636/1296/778 1626/1295/862
f 1637/1215/784 1647/1216/785 1646/1212/977 1636/1211/778
f 1647/1217/785 1654/1218/732 1653/1214/894 1646/1213/977
f 1596/1305/791 1608/1306/895 1607/1298/819 1595/1297/732
f 1608/1307/895 1618/1308/787 1617/1300/782 1607/1299/819
f 1618/1309/787 1628/1310/788 1627/1302/783 1617/1301/782
f 1628/1311/788 1638/1312/824 1637/1304/784 1627/1303/783
f 1638/1219/824 1648/1220/906 1647/1216/785 1637/1215/784
f 1648/1221/906 1658/1222/735 1654/1218/732 1647/1217/785
f 1599/1313/923 1609/1314/826 1608/1306/895 1596/1305/791
f 1609/1315/826 1619/1316/793 1618/1308/787 1608/1307/895
f 1619/1317/793 1629/1318/794 1628/1310/788 1618/1309/787
f 1629/1319/794 1639/1320/795 1638/1312/824 1628/1311/788
f 1639/1223/795 1649/1224/908 1648/1220/906 1638/1219/824
f 1649/1225/908 1659/1226/909 1658/1222/735 1648/1221/906
f 1590/1321/924 1600/1322/889 1609/1314/826 1599/1313/923
f 1600/1323/889 1610/1324/744 1619/1316/793 1609/1315/826
f 1610/1325/744 1620/1326/746 1629/1318/794 1619/1317/793
f 1620/1327/746 1630/1328/748 1639/1320/795 1629/1319/794
f 1630/1237/748 1640/1238/975 1649/1224/908 1639/1223/795
f 1640/1239/975 1655/1240/976 1659/1226/909 1649/1225/908
f 1650/1241/802 1661/1242/955 1660/1243/978 1655/1244/976
f 1661/1245/955 1671/1246/743 1670/1247/744 1660/1248/978
f 1671/1249/743 1681/1250/745 1680/1251/746 1670/1252/744
f 1681/1253/745 1691/1254/747 1690/1255/748 1680/1256/746
f 1691/1187/747 1701/1188/898 1700/1189/957 1690/1190/748
f 1701/1191/898 1716/1192/900 1715/1193/959 1700/1194/957
f 1651/1257/806 1662/1258/836 1661/1242/955 1650/1241/802
f 1662/1259/836 1672/1260/754 1671/1246/743 1661/1245/955
f 1672/1261/754 1682/1262/755 1681/1250/745 1671/1249/743
f 1682/1263/755 1692/1264/756 1691/1254/747 1681/1253/745
f 1692/1195/756 1702/1196/805 1701/1188/898 1691/1187/747
f 1702/1197/805 1717/1198/902 1716/1192/900 1701/1191/898
f 1656/1265/808 1663/1266/838 1662/1258/836 1651/1257/806
f 1663/1267/838 1673/1268/760 1672/1260/754 1662/1259/836
f 1673/1269/760 1683/1270/761 1682/1262/755 1672/1261/754
f 1683/1271/761 1693/1272/762 1692/1264/756 1682/1263/755
f 1693/1199/762 1703/1200/763 1702/1196/805 1692/1195/756
f 1703/1201/763 1710/1202/720 1717/1198/902 1702/1197/805
f 1652/1273/811 1664/1274/839 1663/1266/838 1656/1265/808
f 1664/1275/839 1674/1276/765 1673/1268/760 1663/1267/838
f 1674/1277/765 1684/1278/766 1683/1270/761 1673/1269/760
f 1684/1279/766 1694/1280/767 1693/1272/762 1683/1271/761
f 1694/1203/767 1704/1204/903 1703/1200/763 1693/1199/762
f 1704/1205/903 1711/1206/723 1710/1202/720 1703/1201/763
f 1657/1281/814 1665/1282/904 1664/1274/839 1652/1273/811
f 1665/1283/904 1675/1284/770 1674/1276/765 1664/1275/839
f 1675/1285/770 1685/1286/771 1684/1278/766 1674/1277/765
f 1685/1287/771 1695/1288/772 1694/1280/767 1684/1279/766
f 1695/1207/772 1705/1208/859 1704/1204/903 1694/1203/767
f 1705/1209/859 1712/1210/726 1711/1206/723 1704/1205/903
f 1653/1289/894 1666/1290/979 1665/1282/904 1657/1281/814
f 1666/1291/979 1676/1292/845 1675/1284/770 1665/1283/904
f 1676/1293/845 1686/1294/862 1685/1286/771 1675/1285/770
f 1686/1295/862 1696/1296/778 1695/1288/772 1685/1287/771
f 1696/1211/778 1706/1212/980 1705/1208/859 1695/1207/772
f 1706/1213/980 1718/1214/981 1712/1210/726 1705/1209/859
f 1654/1297/732 1667/1298/819 1666/1290/979 1653/1289/894
f 1667/1299/819 1677/1300/782 1676/1292/845 1666/1291/979
f 1677/1301/782 1687/1302/783 1686/1294/862 1676/1293/845
f 1687/1303/783 1697/1304/784 1696/1296/778 1686/1295/862
f 1697/1215/784 1707/1216/948 1706/1212/980 1696/1211/778
f 1707/1217/948 1719/1218/732 1718/1214/981 1706/1213/980
f 1658/1305/735 1668/1306/920 1667/1298/819 1654/1297/732
f 1668/1307/920 1678/1308/787 1677/1300/782 1667/1299/819
f 1678/1309/787 1688/1310/788 1687/1302/783 1677/1301/782
f 1688/1311/788 1698/1312/824 1697/1304/784 1687/1303/783
f 1698/1219/824 1708/1220/906 1707/1216/948 1697/1215/784
f 1708/1221/906 1713/1222/735 1719/1218/732 1707/1217/948
f 1659/1313/909 1669/1314/921 1668/1306/920 1658/1305/735
f 1669/1315/921 1679/1316/793 1678/1308/787 1668/1307/920
f 1679/1317/793 1689/1318/794 1688/1310/788 1678/1309/787
f 1689/1319/794 1699/1320/795 1698/1312/824 1688/1311/788
f 1699/1223/795 1709/1224/828 1708/1220/906 1698/1219/824
f 1709/1225/828 1714/1226/738 1713/1222/735 1708/1221/906
f 1655/1321/976 1660/1322/978 1669/1314/921 1659/1313/909
f 1660/1323/978 1670/1324/744 1679/1316/793 1669/1315/921
f 1670/1325/744 1680/1326/746 1689/1318/794 1679/1317/793
f 1680/1327/746 1690/1328/748 1699/1320/795 1689/1319/794
f 1690/1237/748 1700/1238/957 1709/1224/828 1699/1223/795
f 1700/1239/957 1715/1240/959 1714/1226/738 1709/1225/828
f 1716/1241/900 1721/1242/910 1720/1243/971 1715/1244/959
f 1721/1245/910 1731/1246/743 1730/1247/744 1720/1248/971
f 1731/1249/743 1741/1250/745 1740/1251/746 1730/1252/744
f 1741/1253/745 1751/1254/747 1750/1255/748 1740/1256/746
f 1751/1187/747 1761/1188/972 1760/1189/833 1750/1190/748
f 1761/1191/972 1771/1192/834 1770/1193/835 1760/1194/833
f 1717/1257/902 1722/1258/913 1721/1242/910 1716/1241/900
f 1722/1259/913 1732/1260/754 1731/1246/743 1721/1245/910
f 1732/1261/754 1742/1262/755 1741/1250/745 1731/1249/743
f 1742/1263/755 1752/1264/756 1751/1254/747 1741/1253/745
f 1752/1195/756 1762/1196/837 1761/1188/972 1751/1187/747
f 1762/1197/837 1778/1198/717 1771/1192/834 1761/1191/972
f 1710/1265/720 1723/1266/759 1722/1258/913 1717/1257/902
f 1723/1267/759 1733/1268/760 1732/1260/754 1722/1259/913
f 1733/1269/760 1743/1270/761 1742/1262/755 1732/1261/754
f 1743/1271/761 1753/1272/762 1752/1264/756 1742/1263/755
f 1753/1199/762 1763/1200/763 1762/1196/837 1752/1195/756
f 1763/1201/763 1772/1202/720 1778/1198/717 1762/1197/837
f 1711/1273/723 1724/1274/764 1723/1266/759 1710/1265/720
f 1724/1275/764 1734/1276/840 1733/1268/760 1723/1267/759
f 1734/1277/840 1744/1278/809 1743/1270/761 1733/1269/760
f 1744/1279/809 1754/1280/767 1753/1272/762 1743/1271/761
f 1754/1203/767 1764/1204/903 1763/1200/763 1753/1199/762
f 1764/1205/903 1773/1206/723 1772/1202/720 1763/1201/763
f 1712/1281/726 1725/1282/769 1724/1274/764 1711/1273/723
f 1725/1283/769 1735/1284/770 1734/1276/840 1724/1275/764
f 1735/1285/770 1745/1286/771 1744/1278/809 1734/1277/840
f 1745/1287/771 1755/1288/772 1754/1280/767 1744/1279/809
f 1755/1207/772 1765/1208/773 1764/1204/903 1754/1203/767
f 1765/1209/773 1774/1210/879 1773/1206/723 1764/1205/903
f 1718/1289/981 1726/1290/982 1725/1282/769 1712/1281/726
f 1726/1291/982 1736/1292/983 1735/1284/770 1725/1283/769
f 1736/1293/983 1746/1294/862 1745/1286/771 1735/1285/770
f 1746/1295/862 1756/1296/778 1755/1288/772 1745/1287/771
f 1756/1211/778 1766/1212/779 1765/1208/773 1755/1207/772
f 1766/1213/779 1775/1214/882 1774/1210/879 1765/1209/773
f 1719/1297/732 1727/1298/952 1726/1290/982 1718/1289/981
f 1727/1299/952 1737/1300/782 1736/1292/983 1726/1291/982
f 1737/1301/782 1747/1302/783 1746/1294/862 1736/1293/983
f 1747/1303/783 1757/1304/784 1756/1296/778 1746/1295/862
f 1757/1215/784 1767/1216/785 1766/1212/779 1756/1211/778
f 1767/1217/785 1776/1218/732 1775/1214/882 1766/1213/779
f 1713/1305/735 1728/1306/786 1727/1298/952 1719/1297/732
f 1728/1307/786 1738/1308/787 1737/1300/782 1727/1299/952
f 1738/1309/787 1748/1310/788 1747/1302/783 1737/1301/782
f 1748/1311/788 1758/1312/824 1757/1304/784 1747/1303/783
f 1758/1219/824 1768/1220/850 1767/1216/785 1757/1215/784
f 1768/1221/850 1779/1222/851 1776/1218/732 1767/1217/785
f 1714/1313/738 1729/1314/974 1728/1306/786 1713/1305/735
f 1729/1315/974 1739/1316/793 1738/1308/787 1728/1307/786
f 1739/1317/793 1749/1318/794 1748/1310/788 1738/1309/787
f 1749/1319/794 1759/1320/795 1758/1312/824 1748/1311/788
f 1759/1223/795 1769/1224/852 1768/1220/850 1758/1219/824
f 1769/1225/852 1777/1226/984 1779/1222/851 1768/1221/850
f 1715/1321/959 1720/1322/971 1729/1314/974 1714/1313/738
f 1720/1323/971 1730/1324/744 1739/1316/793 1729/1315/974
f 1730/1325/744 1740/1326/746 1749/1318/794 1739/1317/793
f 1740/1327/746 1750/1328/748 1759/1320/795 1749/1319/794
f 1750/1237/748 1760/1238/833 1769/1224/852 1759/1223/795
f 1760/1239/833 1770/1240/835 1777/1226/984 1769/1225/852
f 1771/1241/834 1781/1242/854 1780/1243/855 1770/1244/835
f 1781/1245/854 1791/1246/985 1790/1247/986 1780/1248/855
f 1791/1249/985 1801/1250/987 1800/1251/988 1790/1252/986
f 1778/1257/717 1782/1258/753 1781/1242/854 1771/1241/834
f 1782/1259/753 1792/1260/989 1791/1246/985 1781/1245/854
f 1792/1261/989 1802/1262/990 1801/1250/987 1791/1249/985
f 1772/1265/720 1783/1266/759 1782/1258/753 1778/1257/717
f 1783/1267/759 1793/1268/991 1792/1260/989 1782/1259/753
f 1793/1269/991 1803/1270/992 1802/1262/990 1792/1261/989
f 1773/1273/723 1784/1274/764 1783/1266/759 1772/1265/720
f 1784/1275/764 1794/1276/993 1793/1268/991 1783/1267/759
f 1794/1277/993 1804/1278/994 1803/1270/992 1793/1269/991
f 1774/1281/879 1785/1282/812 1784/1274/764 1773/1273/723
f 1785/1283/812 1795/1284/995 1794/1276/993 1784/1275/764
f 1795/1285/995 1805/1286/996 1804/1278/994 1794/1277/993
f 1775/1289/882 1786/1290/815 1785/1282/812 1774/1281/879
f 1786/1291/815 1796/1292/997 1795/1284/995 1785/1283/812
f 1796/1293/997 1806/1294/998 1805/1286/996 1795/1285/995
f 1776/1297/732 1787/1298/819 1786/1290/815 1775/1289/882
f 1787/1299/819 1797/1300/999 1796/1292/997 1786/1291/815
f 1797/1301/999 1807/1302/1000 1806/1294/998 1796/1293/997
f 1779/1305/851 1788/1306/867 1787/1298/819 1776/1297/732
f 1788/1307/867 1798/1308/1001 1797/1300/999 1787/1299/819
f 1798/1309/1001 1808/1310/1002 1807/1302/1000 1797/1301/999
f 1777/1313/984 1789/1314/868 1788/1306/867 1779/1305/851
f 1789/1315/868 1799/1316/1003 1798/1308/1001 1788/1307/867
f 1799/1317/1003 1809/1318/1004 1808/1310/1002 1798/1309/1001
f 1770/1321/835 1780/1322/855 1789/1314/868 1777/1313/984
f 1780/1323/855 1790/1324/986 1799/1316/1003 1789/1315/868
f 1790/1325/986 1800/1326/988 1809/1318/1004 1799/1317/1003
f 1801/1329/1005 1808/1330/1005 1809/1331/1005 1800/1332/1005
f 1802/1333/1005 1807/1334/1005 1808/1330/1005 1801/1329/1005
f 1803/1335/1005 1806/1336/1005 1807/1334/1005 1802/1333/1005
f 1804/1337/1005 1805/1338/1005 1806/1336/1005 1803/1335/1005
