# Blender 4.0.1
# www.blender.org
mtllib Full_Magazine.mtl
o Full_Magazine
v -0.004691 -0.000028 -0.013116
v -0.004691 -0.000028 0.012001
v -0.004086 0.001474 0.016347
v -0.000000 -0.000028 -0.013116
v -0.000000 0.003567 -0.013116
v -0.000000 -0.000028 -0.014020
v -0.000000 0.003567 -0.014020
v -0.000000 -0.000028 0.012001
v -0.000000 0.003567 0.012001
v -0.000000 -0.000017 0.017221
v -0.000000 0.020180 -0.010979
v -0.000000 0.020180 0.014138
v -0.000000 0.039097 -0.008573
v -0.000000 0.039097 0.016543
v -0.000000 0.062710 -0.005284
v -0.000000 0.062710 0.019833
v -0.000000 0.083783 -0.002346
v -0.000000 0.083153 0.022671
v -0.000000 0.099042 0.000124
v -0.000000 0.091802 0.024101
v -0.004691 0.003567 0.014112
v -0.004691 -0.000028 0.012474
v -0.000000 0.003567 0.014112
v -0.000000 -0.000028 0.012474
v -0.000000 0.001474 0.016347
v -0.000000 0.000711 0.017221
v -0.004086 -0.000028 -0.013116
v -0.004086 -0.000028 -0.014020
v -0.004086 -0.000028 0.012001
v -0.004086 0.003567 -0.014020
v -0.004086 -0.000028 0.012474
v -0.004086 0.003567 0.014112
v -0.004691 0.002237 0.015473
v -0.000000 0.002237 0.015473
v -0.004086 0.002237 0.015473
v -0.002297 0.020180 0.014138
v -0.004086 0.020180 0.012448
v -0.003562 0.020180 0.013643
v -0.002297 0.003567 0.012001
v -0.004086 0.003567 0.010311
v -0.004691 0.003567 0.012001
v -0.004086 0.003567 0.012001
v -0.003562 0.003567 0.011506
v -0.002297 0.039097 0.016543
v -0.004086 0.039097 0.014854
v -0.003562 0.039097 0.016049
v -0.002297 0.062710 0.019833
v -0.004086 0.062710 0.018143
v -0.003562 0.062710 0.019338
v -0.002297 0.083236 0.022671
v -0.004086 0.083454 0.021018
v -0.003562 0.083279 0.022193
v -0.004086 0.095252 0.022842
v -0.002297 0.092747 0.024101
v -0.003562 0.093248 0.023800
v -0.004086 0.003567 -0.012077
v -0.002986 0.003567 -0.013116
v -0.004691 0.003567 -0.013116
v -0.003764 0.003567 -0.012812
v -0.004086 0.020180 -0.009940
v -0.002986 0.020180 -0.010979
v -0.003764 0.020180 -0.010675
v -0.004086 0.039097 -0.007534
v -0.002986 0.039097 -0.008573
v -0.003764 0.039097 -0.008269
v -0.004086 0.062710 -0.004245
v -0.002986 0.062710 -0.005284
v -0.003764 0.062710 -0.004980
v -0.004086 0.083809 -0.001290
v -0.002986 0.083783 -0.002346
v -0.003764 0.083796 -0.002040
v -0.002444 0.099042 0.000124
v -0.003345 0.099343 0.001364
v -0.003082 0.099182 0.000448
v -0.004086 0.003567 0.002154
v -0.004086 0.020164 0.002294
v -0.004086 0.038997 0.004803
v -0.004086 0.062498 0.008145
v -0.004086 0.083604 0.011020
v -0.003345 0.100523 0.015582
v -0.004086 0.020499 -0.006304
v -0.004086 0.039333 -0.003796
v -0.004086 0.062833 -0.000453
v -0.004086 0.083986 0.002490
v -0.003345 0.100190 0.008553
v -0.004086 0.003567 -0.004961
v -0.004086 0.003567 -0.001403
v -0.004086 0.015790 -0.002387
v -0.004086 0.088131 0.007885
v -0.003345 0.100649 0.012463
v -0.004086 0.003567 0.007529
v -0.004086 0.020180 0.009666
v -0.004086 0.039097 0.012072
v -0.004086 0.062710 0.015361
v -0.004086 0.083646 0.018272
v -0.003345 0.097465 0.020470
v -0.004691 -0.000028 -0.013677
v -0.004324 -0.000028 -0.014020
v -0.004584 -0.000028 -0.013920
v -0.004324 0.003567 -0.014020
v -0.004691 0.003567 -0.013677
v -0.004584 0.003567 -0.013920
v -0.004086 -0.000017 0.017221
v -0.004691 -0.000018 0.016347
v -0.004389 -0.000017 0.017110
v -0.004610 -0.000018 0.016807
v -0.004691 0.001474 0.016347
v -0.004086 0.000711 0.017221
v -0.004610 0.001072 0.016807
v -0.004389 0.000808 0.017110
v -0.004086 0.001093 0.016784
v -0.000000 0.001093 0.016784
v -0.000000 -0.000018 0.016347
v -0.004086 -0.000018 0.016347
v -0.000000 -0.000018 0.016786
v -0.004086 -0.000018 0.016786
v -0.000000 0.016215 -0.011487
v -0.000000 0.016215 0.013630
v -0.002297 0.016215 0.013630
v -0.003562 0.016215 0.013135
v -0.004086 0.016215 0.011940
v -0.002986 0.016215 -0.011487
v -0.003764 0.016215 -0.011183
v -0.004086 0.016215 -0.010448
v -0.004086 0.016215 0.003056
v -0.004086 0.016215 -0.007853
v -0.004086 0.013806 -0.002453
v -0.004086 0.016215 0.009158
v -0.000000 0.088616 -0.001564
v -0.000000 0.085893 0.023124
v -0.002297 0.086248 0.023124
v -0.003562 0.086436 0.022702
v -0.004086 0.087190 0.021596
v -0.002986 0.088616 -0.001564
v -0.003764 0.088669 -0.001252
v -0.004086 0.088729 -0.000449
v -0.004086 0.089173 0.012640
v -0.004086 0.089048 0.002712
v -0.004086 0.090186 0.008211
v -0.004086 0.088023 0.018968
v -0.004086 0.087692 0.004838
v -0.004086 0.086342 0.010006
v -0.004086 0.086576 0.003717
v -0.004086 0.087443 0.009092
v -0.004086 0.088290 0.006207
v -0.004086 0.085066 0.010610
v -0.004086 0.017176 -0.004904
v -0.004086 0.016702 0.000513
v -0.004086 0.018526 -0.005770
v -0.004086 0.015894 -0.000949
v -0.004086 0.016224 -0.003721
v -0.004086 0.018212 0.001532
v 0.004691 -0.000028 -0.013116
v 0.004691 -0.000028 0.012001
v 0.004086 0.001474 0.016347
v 0.004691 0.003567 0.014112
v 0.004691 -0.000028 0.012474
v 0.004086 -0.000028 -0.013116
v 0.004086 -0.000028 -0.014020
v 0.004086 -0.000028 0.012001
v 0.004086 0.003567 -0.014020
v 0.004086 -0.000028 0.012474
v 0.004086 0.003567 0.014112
v 0.004691 0.002237 0.015473
v 0.004086 0.002237 0.015473
v 0.002297 0.020180 0.014138
v 0.004086 0.020180 0.012448
v 0.003562 0.020180 0.013643
v 0.002297 0.003567 0.012001
v 0.004086 0.003567 0.010311
v 0.004691 0.003567 0.012001
v 0.004086 0.003567 0.012001
v 0.003562 0.003567 0.011506
v 0.002297 0.039097 0.016543
v 0.004086 0.039097 0.014854
v 0.003562 0.039097 0.016049
v 0.002297 0.062710 0.019833
v 0.004086 0.062710 0.018143
v 0.003562 0.062710 0.019338
v 0.002297 0.083236 0.022671
v 0.004086 0.083454 0.021018
v 0.003562 0.083279 0.022193
v 0.004086 0.095911 0.022951
v 0.002297 0.092747 0.024101
v 0.003562 0.093248 0.023800
v 0.004086 0.003567 -0.012077
v 0.002986 0.003567 -0.013116
v 0.004691 0.003567 -0.013116
v 0.003764 0.003567 -0.012812
v 0.004086 0.020180 -0.009940
v 0.002986 0.020180 -0.010979
v 0.003764 0.020180 -0.010675
v 0.004086 0.039097 -0.007534
v 0.002986 0.039097 -0.008573
v 0.003764 0.039097 -0.008269
v 0.004086 0.062710 -0.004245
v 0.002986 0.062710 -0.005284
v 0.003764 0.062710 -0.004980
v 0.004086 0.083809 -0.001290
v 0.002986 0.083783 -0.002346
v 0.003764 0.083796 -0.002040
v 0.002444 0.099042 0.000124
v 0.003345 0.099343 0.001364
v 0.003082 0.099182 0.000448
v 0.004086 0.003567 0.002154
v 0.004086 0.020164 0.002294
v 0.004086 0.038997 0.004803
v 0.004086 0.062498 0.008145
v 0.004086 0.083604 0.011020
v 0.003345 0.100523 0.015582
v 0.004086 0.020499 -0.006304
v 0.004086 0.039333 -0.003796
v 0.004086 0.062833 -0.000453
v 0.004086 0.083986 0.002490
v 0.003345 0.100190 0.008553
v 0.004086 0.003567 -0.004961
v 0.004086 0.003567 -0.001403
v 0.004086 0.015790 -0.002387
v 0.004086 0.088131 0.007885
v 0.003345 0.100649 0.012463
v 0.004086 0.003567 0.007529
v 0.004086 0.020180 0.009666
v 0.004086 0.039097 0.012072
v 0.004086 0.062710 0.015361
v 0.004086 0.083646 0.018272
v 0.003345 0.098124 0.020579
v 0.004691 -0.000028 -0.013677
v 0.004324 -0.000028 -0.014020
v 0.004584 -0.000028 -0.013920
v 0.004324 0.003567 -0.014020
v 0.004691 0.003567 -0.013677
v 0.004584 0.003567 -0.013920
v 0.004086 -0.000017 0.017221
v 0.004691 -0.000018 0.016347
v 0.004389 -0.000017 0.017110
v 0.004610 -0.000018 0.016807
v 0.004691 0.001474 0.016347
v 0.004086 0.000711 0.017221
v 0.004610 0.001072 0.016807
v 0.004389 0.000808 0.017110
v 0.004086 0.001093 0.016784
v 0.004086 -0.000018 0.016347
v 0.004086 -0.000018 0.016786
v 0.002297 0.016215 0.013630
v 0.003562 0.016215 0.013135
v 0.004086 0.016215 0.011940
v 0.002986 0.016215 -0.011487
v 0.003764 0.016215 -0.011183
v 0.004086 0.016215 -0.010448
v 0.004086 0.016215 0.003056
v 0.004086 0.016215 -0.007853
v 0.004086 0.013806 -0.002453
v 0.004086 0.016215 0.009158
v 0.002297 0.086248 0.023124
v 0.003562 0.086436 0.022702
v 0.004086 0.087190 0.021596
v 0.002986 0.088616 -0.001564
v 0.003764 0.088669 -0.001252
v 0.004086 0.088729 -0.000449
v 0.004086 0.089173 0.012640
v 0.004086 0.089048 0.002712
v 0.004086 0.090186 0.008211
v 0.004086 0.088023 0.018968
v 0.004086 0.087692 0.004838
v 0.004086 0.086342 0.010006
v 0.004086 0.086576 0.003717
v 0.004086 0.087443 0.009092
v 0.004086 0.088290 0.006207
v 0.004086 0.085066 0.010610
v 0.004086 0.017176 -0.004904
v 0.004086 0.016702 0.000513
v 0.004086 0.018526 -0.005770
v 0.004086 0.015894 -0.000949
v 0.004086 0.016224 -0.003721
v 0.004086 0.018212 0.001532
v -0.004526 0.000137 -0.013116
v -0.004526 0.000137 0.012001
v -0.004086 0.001298 0.016193
v -0.004526 0.003402 -0.013116
v -0.000000 0.000206 -0.013116
v -0.000000 0.003392 -0.012962
v -0.000000 0.000137 -0.013855
v -0.000000 0.003402 -0.013855
v -0.000000 0.000206 0.012001
v -0.000000 0.003413 0.011825
v -0.000000 0.000148 0.017056
v -0.000000 0.020150 -0.010747
v -0.000000 0.020210 0.013906
v -0.000000 0.039066 -0.008342
v -0.000000 0.039128 0.016312
v -0.000000 0.062678 -0.005052
v -0.000000 0.062742 0.019601
v -0.000000 0.083749 -0.002115
v -0.000000 0.083188 0.022440
v -0.000000 0.099005 0.000355
v -0.000000 0.091839 0.023870
v -0.004544 0.003400 0.014043
v -0.004526 0.000137 0.012474
v -0.000000 0.003351 0.014023
v -0.000000 0.000206 0.012474
v -0.000000 0.001298 0.016193
v -0.000000 0.000615 0.017008
v -0.004086 0.000206 -0.013116
v -0.004086 0.000137 -0.013855
v -0.004086 0.000206 0.012001
v -0.004086 0.003402 -0.013855
v -0.004086 0.000206 0.012474
v -0.004086 0.003351 0.014023
v -0.004526 0.003402 0.012001
v -0.004524 0.002117 0.015362
v -0.000000 0.002065 0.015314
v -0.004086 0.002065 0.015314
v -0.002254 0.020209 0.013910
v -0.003858 0.020186 0.012400
v -0.003401 0.020201 0.013475
v -0.002266 0.003402 0.011839
v -0.003934 0.003392 0.010282
v -0.004086 0.003334 0.012001
v -0.003458 0.003386 0.011402
v -0.002254 0.039127 0.016316
v -0.003858 0.039103 0.014806
v -0.003401 0.039119 0.015881
v -0.002254 0.062742 0.019605
v -0.003858 0.062717 0.018095
v -0.003401 0.062734 0.019170
v -0.002254 0.083269 0.022444
v -0.003858 0.083461 0.020971
v -0.003401 0.083304 0.022025
v -0.003854 0.095255 0.022821
v -0.002248 0.092783 0.023875
v -0.003380 0.093271 0.023656
v -0.003940 0.003389 -0.012044
v -0.002960 0.003383 -0.012975
v -0.003676 0.003374 -0.012716
v -0.003858 0.020174 -0.009892
v -0.002943 0.020151 -0.010751
v -0.003603 0.020159 -0.010507
v -0.003858 0.039091 -0.007486
v -0.002943 0.039067 -0.008346
v -0.003603 0.039075 -0.008101
v -0.003858 0.062704 -0.004197
v -0.002943 0.062679 -0.005056
v -0.003603 0.062687 -0.004812
v -0.003858 0.083802 -0.001243
v -0.002943 0.083749 -0.002119
v -0.003602 0.083770 -0.001873
v -0.002407 0.099005 0.000350
v -0.003156 0.099337 0.001398
v -0.002937 0.099158 0.000599
v -0.003921 0.003402 0.002154
v -0.003853 0.020164 0.002294
v -0.003853 0.038997 0.004803
v -0.003853 0.062498 0.008145
v -0.003853 0.083604 0.011020
v -0.003154 0.100523 0.015582
v -0.003853 0.020499 -0.006304
v -0.003853 0.039333 -0.003796
v -0.003853 0.062833 -0.000453
v -0.003853 0.083986 0.002490
v -0.003154 0.100190 0.008553
v -0.003921 0.003402 -0.004961
v -0.003921 0.003402 -0.001403
v -0.003853 0.015790 -0.002387
v -0.003853 0.088131 0.007885
v -0.003154 0.100649 0.012463
v -0.003921 0.003402 0.007529
v -0.003853 0.020180 0.009666
v -0.003853 0.039097 0.012072
v -0.003853 0.062710 0.015361
v -0.003853 0.083646 0.018272
v -0.003154 0.097465 0.020470
v -0.004520 0.000127 -0.013641
v -0.004292 0.000128 -0.013849
v -0.004459 0.000119 -0.013788
v -0.004292 0.003411 -0.013849
v -0.004520 0.003412 -0.013641
v -0.004459 0.003420 -0.013788
v -0.004056 0.000139 0.017050
v -0.004522 0.000143 0.016332
v -0.004282 0.000134 0.016968
v -0.004449 0.000136 0.016738
v -0.004525 0.001354 0.016234
v -0.004059 0.000625 0.017006
v -0.004457 0.000966 0.016666
v -0.004287 0.000720 0.016919
v -0.004086 0.000917 0.016630
v -0.000000 0.000917 0.016630
v -0.000000 0.000215 0.016347
v -0.004086 0.000215 0.016347
v -0.000000 0.000216 0.016785
v -0.004086 0.000216 0.016785
v -0.000000 0.016185 -0.011255
v -0.000000 0.016245 0.013398
v -0.002254 0.016244 0.013402
v -0.003401 0.016236 0.012967
v -0.003858 0.016221 0.011892
v -0.002943 0.016186 -0.011259
v -0.003603 0.016193 -0.011015
v -0.003858 0.016209 -0.010401
v -0.003853 0.016215 0.003056
v -0.003853 0.016215 -0.007853
v -0.003853 0.013806 -0.002453
v -0.003853 0.016215 0.009158
v -0.000000 0.088578 -0.001333
v -0.000000 0.085929 0.022893
v -0.002254 0.086284 0.022897
v -0.003403 0.086463 0.022533
v -0.003857 0.087197 0.021549
v -0.002943 0.088579 -0.001337
v -0.003600 0.088642 -0.001087
v -0.003857 0.088722 -0.000405
v -0.003853 0.089173 0.012640
v -0.003853 0.089048 0.002712
v -0.003853 0.090186 0.008211
v -0.003853 0.088023 0.018968
v -0.003853 0.087692 0.004838
v -0.003853 0.086342 0.010006
v -0.003853 0.086576 0.003717
v -0.003853 0.087443 0.009092
v -0.003853 0.088290 0.006207
v -0.003853 0.085066 0.010610
v -0.003853 0.017176 -0.004904
v -0.003853 0.016702 0.000513
v -0.003853 0.018526 -0.005770
v -0.003853 0.015894 -0.000949
v -0.003853 0.016224 -0.003721
v -0.003853 0.018212 0.001532
v 0.004526 0.000137 -0.013116
v 0.004526 0.000137 0.012001
v 0.004086 0.001298 0.016193
v 0.004526 0.003402 -0.013116
v 0.004544 0.003400 0.014043
v 0.004526 0.000137 0.012474
v 0.004086 0.000206 -0.013116
v 0.004086 0.000137 -0.013855
v 0.004086 0.000206 0.012001
v 0.004086 0.003402 -0.013855
v 0.004086 0.000206 0.012474
v 0.004086 0.003351 0.014023
v 0.004526 0.003402 0.012001
v 0.004524 0.002117 0.015362
v 0.004086 0.002065 0.015314
v 0.002254 0.020209 0.013910
v 0.003858 0.020186 0.012400
v 0.003401 0.020201 0.013475
v 0.002266 0.003402 0.011839
v 0.003934 0.003392 0.010282
v 0.004086 0.003334 0.012001
v 0.003458 0.003386 0.011402
v 0.002254 0.039127 0.016316
v 0.003858 0.039103 0.014806
v 0.003401 0.039119 0.015881
v 0.002254 0.062742 0.019605
v 0.003858 0.062717 0.018095
v 0.003401 0.062734 0.019170
v 0.002254 0.083269 0.022444
v 0.003858 0.083461 0.020971
v 0.003401 0.083304 0.022025
v 0.003854 0.095255 0.022821
v 0.002248 0.092783 0.023875
v 0.003380 0.093271 0.023656
v 0.003940 0.003389 -0.012044
v 0.002960 0.003383 -0.012975
v 0.003676 0.003374 -0.012716
v 0.003858 0.020174 -0.009892
v 0.002943 0.020151 -0.010751
v 0.003603 0.020159 -0.010507
v 0.003858 0.039091 -0.007486
v 0.002943 0.039067 -0.008346
v 0.003603 0.039075 -0.008101
v 0.003858 0.062704 -0.004197
v 0.002943 0.062679 -0.005056
v 0.003603 0.062687 -0.004812
v 0.003858 0.083802 -0.001243
v 0.002943 0.083749 -0.002119
v 0.003602 0.083770 -0.001873
v 0.002407 0.099005 0.000350
v 0.003156 0.099337 0.001398
v 0.002937 0.099158 0.000599
v 0.003921 0.003402 0.002154
v 0.003853 0.020164 0.002294
v 0.003853 0.038997 0.004803
v 0.003853 0.062498 0.008145
v 0.003853 0.083604 0.011020
v 0.003154 0.100523 0.015582
v 0.003853 0.020499 -0.006304
v 0.003853 0.039333 -0.003796
v 0.003853 0.062833 -0.000453
v 0.003853 0.083986 0.002490
v 0.003154 0.100190 0.008553
v 0.003921 0.003402 -0.004961
v 0.003921 0.003402 -0.001403
v 0.003853 0.015790 -0.002387
v 0.003853 0.088131 0.007885
v 0.003154 0.100649 0.012463
v 0.003921 0.003402 0.007529
v 0.003853 0.020180 0.009666
v 0.003853 0.039097 0.012072
v 0.003853 0.062710 0.015361
v 0.003853 0.083646 0.018272
v 0.003154 0.097465 0.020470
v 0.004520 0.000127 -0.013641
v 0.004292 0.000128 -0.013849
v 0.004459 0.000119 -0.013788
v 0.004292 0.003411 -0.013849
v 0.004520 0.003412 -0.013641
v 0.004459 0.003420 -0.013788
v 0.004056 0.000139 0.017050
v 0.004522 0.000143 0.016332
v 0.004282 0.000134 0.016968
v 0.004449 0.000136 0.016738
v 0.004525 0.001354 0.016234
v 0.004059 0.000625 0.017006
v 0.004457 0.000966 0.016666
v 0.004287 0.000720 0.016919
v 0.004086 0.000917 0.016630
v 0.004086 0.000215 0.016347
v 0.004086 0.000216 0.016785
v 0.002254 0.016244 0.013402
v 0.003401 0.016236 0.012967
v 0.003858 0.016221 0.011892
v 0.002943 0.016186 -0.011259
v 0.003603 0.016193 -0.011015
v 0.003858 0.016209 -0.010401
v 0.003853 0.016215 0.003056
v 0.003853 0.016215 -0.007853
v 0.003853 0.013806 -0.002453
v 0.003853 0.016215 0.009158
v 0.002254 0.086284 0.022897
v 0.003403 0.086463 0.022533
v 0.003857 0.087197 0.021549
v 0.002943 0.088579 -0.001337
v 0.003600 0.088642 -0.001087
v 0.003857 0.088722 -0.000405
v 0.003853 0.089173 0.012640
v 0.003853 0.089048 0.002712
v 0.003853 0.090186 0.008211
v 0.003853 0.088023 0.018968
v 0.003853 0.087692 0.004838
v 0.003853 0.086342 0.010006
v 0.003853 0.086576 0.003717
v 0.003853 0.087443 0.009092
v 0.003853 0.088290 0.006207
v 0.003853 0.085066 0.010610
v 0.003853 0.017176 -0.004904
v 0.003853 0.016702 0.000513
v 0.003853 0.018526 -0.005770
v 0.003853 0.015894 -0.000949
v 0.003853 0.016224 -0.003721
v 0.003853 0.018212 0.001532
v -0.000000 0.090509 0.023887
v -0.002297 0.091325 0.023887
v -0.003764 0.096882 0.000076
v -0.004086 0.097021 0.000967
v -0.004086 0.098040 0.014939
v -0.004086 0.097752 0.007275
v -0.004086 0.098360 0.011533
v -0.004086 0.095399 0.020141
v -0.000000 0.096761 -0.000245
v -0.003562 0.091758 0.023560
v -0.004086 0.093488 0.022569
v -0.002986 0.096761 -0.000245
v 0.002297 0.091325 0.023887
v 0.003764 0.096882 0.000076
v 0.004086 0.097021 0.000967
v 0.004086 0.098040 0.014939
v 0.004086 0.097752 0.007275
v 0.004086 0.098360 0.011533
v 0.004086 0.095399 0.020141
v 0.003562 0.091758 0.023560
v 0.004086 0.093488 0.022569
v 0.002986 0.096761 -0.000245
v -0.000000 0.090579 0.023662
v -0.002249 0.091397 0.023666
v -0.003590 0.096916 0.000240
v -0.003856 0.097074 0.001014
v -0.003853 0.098103 0.014955
v -0.003853 0.097815 0.007308
v -0.003853 0.098418 0.011557
v -0.003853 0.095452 0.020150
v -0.000000 0.096782 -0.000005
v -0.003385 0.091820 0.023416
v -0.003854 0.093538 0.022550
v -0.002941 0.096783 -0.000009
v 0.002249 0.091397 0.023666
v 0.003590 0.096916 0.000240
v 0.003856 0.097074 0.001014
v 0.003853 0.098103 0.014955
v 0.003853 0.097815 0.007308
v 0.003853 0.098418 0.011557
v 0.003853 0.095452 0.020150
v 0.003385 0.091820 0.023416
v 0.003854 0.093538 0.022550
v 0.002941 0.096783 -0.000009
v -0.003547 0.037494 0.011850
v -0.003362 0.037375 0.013962
v -0.003116 0.037330 0.014754
v -0.002071 0.037317 0.014979
v 0.003362 0.037375 0.013962
v 0.002071 0.037317 0.014979
v 0.003116 0.037330 0.014754
v 0.003547 0.037494 0.011850
v 0.003547 0.037772 0.006951
v 0.003547 0.037951 0.003776
v 0.003547 0.038176 -0.000201
v 0.003550 0.038543 -0.006680
v 0.002857 0.038594 -0.007587
v 0.003390 0.038580 -0.007345
v -0.002857 0.038594 -0.007587
v -0.003354 0.038578 -0.007305
v -0.003580 0.038541 -0.006640
v -0.003578 0.037769 0.006991
v -0.003578 0.038174 -0.000161
v -0.003578 0.037949 0.003816
v -0.003547 0.036416 0.011789
v -0.003362 0.036297 0.013901
v -0.003116 0.036252 0.014693
v -0.002071 0.036239 0.014918
v 0.003362 0.036297 0.013901
v 0.002071 0.036239 0.014918
v 0.003116 0.036252 0.014693
v 0.003547 0.036416 0.011789
v 0.003547 0.036693 0.006890
v 0.003547 0.036873 0.003715
v 0.003547 0.037098 -0.000262
v 0.003550 0.037464 -0.006741
v 0.002857 0.037516 -0.007648
v 0.003390 0.037502 -0.007406
v -0.002857 0.037516 -0.007648
v -0.003354 0.037500 -0.007366
v -0.003580 0.037462 -0.006701
v -0.003578 0.036691 0.006930
v -0.003578 0.037096 -0.000222
v -0.003578 0.036871 0.003755
v 0.001589 0.015566 0.001887
v 0.001713 0.015604 0.002150
v 0.001822 0.015823 0.002438
v 0.001815 0.016225 0.002481
v 0.001688 0.016494 0.002235
v 0.001557 0.016563 0.001977
v 0.001439 0.016546 0.001732
v 0.001299 0.016374 0.001448
v 0.001312 0.015833 0.001384
v 0.001470 0.015610 0.001644
v -0.001562 0.015344 0.001872
v -0.001691 0.015378 0.002132
v -0.001820 0.015597 0.002410
v -0.001829 0.015999 0.002448
v -0.001721 0.016269 0.002192
v -0.001595 0.016342 0.001932
v -0.001477 0.016329 0.001686
v -0.001323 0.016157 0.001405
v -0.001296 0.015614 0.001370
v -0.001442 0.015391 0.001631
v -0.003140 0.015391 -0.002587
v -0.003387 0.015452 -0.002586
v -0.003389 0.016328 -0.002543
v -0.003140 0.016391 -0.002542
v -0.002902 0.016351 -0.002547
v -0.002648 0.015654 -0.002572
v -0.002902 0.015431 -0.002582
v -0.003617 0.015697 -0.002577
v -0.003618 0.016080 -0.002553
v -0.002647 0.016124 -0.002558
v -0.001595 0.015438 -0.007062
v -0.001720 0.015510 -0.007321
v -0.001828 0.015780 -0.007577
v -0.001821 0.016182 -0.007540
v -0.001692 0.016402 -0.007262
v -0.001562 0.016437 -0.007001
v -0.001441 0.016389 -0.006760
v -0.001296 0.016166 -0.006499
v -0.001324 0.015623 -0.006535
v -0.001477 0.015452 -0.006816
v 0.001557 0.015217 -0.007107
v 0.001688 0.015287 -0.007364
v 0.001815 0.015555 -0.007610
v 0.001823 0.015957 -0.007567
v 0.001713 0.016176 -0.007279
v 0.001589 0.016214 -0.007016
v 0.001470 0.016170 -0.006773
v 0.001312 0.015947 -0.006514
v 0.001299 0.015406 -0.006578
v 0.001439 0.015234 -0.006862
v 0.003135 0.014729 -0.002706
v 0.003383 0.014791 -0.002700
v 0.003613 0.015037 -0.002674
v 0.003613 0.015418 -0.002632
v 0.003383 0.015663 -0.002606
v 0.003135 0.015725 -0.002600
v 0.002897 0.015685 -0.002604
v 0.002643 0.015462 -0.002628
v 0.002643 0.014992 -0.002679
v 0.002897 0.014769 -0.002702
v 0.001589 0.014240 0.001709
v 0.001713 0.014278 0.001973
v 0.001823 0.014497 0.002260
v 0.001815 0.014899 0.002304
v 0.001688 0.015168 0.002058
v 0.001557 0.015237 0.001800
v 0.001439 0.015220 0.001555
v 0.001299 0.015048 0.001271
v 0.001312 0.014507 0.001207
v 0.001470 0.014284 0.001466
v -0.001562 0.014018 0.001695
v -0.001691 0.014052 0.001956
v -0.001821 0.014272 0.002233
v -0.001828 0.014674 0.002271
v -0.001721 0.014944 0.002015
v -0.001595 0.015016 0.001756
v -0.001477 0.015003 0.001509
v -0.001324 0.014831 0.001228
v -0.001296 0.014289 0.001193
v -0.001441 0.014065 0.001454
v -0.003389 0.014127 -0.002763
v -0.003618 0.014373 -0.002753
v -0.003141 0.015065 -0.002719
v -0.002903 0.015025 -0.002724
v -0.002648 0.014801 -0.002735
v -0.002647 0.014330 -0.002749
v -0.003141 0.014063 -0.002764
v -0.003618 0.014755 -0.002730
v -0.003389 0.015001 -0.002721
v -0.002902 0.014104 -0.002760
v -0.001595 0.014112 -0.007239
v -0.001721 0.014185 -0.007498
v -0.001828 0.014455 -0.007754
v -0.001821 0.014857 -0.007717
v -0.001691 0.015076 -0.007439
v -0.001562 0.015111 -0.007179
v -0.001442 0.015064 -0.006938
v -0.001296 0.014840 -0.006677
v -0.001323 0.014298 -0.006712
v -0.001477 0.014126 -0.006993
v 0.001557 0.013892 -0.007284
v 0.001688 0.013961 -0.007542
v 0.001815 0.014230 -0.007787
v 0.001823 0.014631 -0.007744
v 0.001713 0.014851 -0.007456
v 0.001589 0.014888 -0.007193
v 0.001470 0.014844 -0.006950
v 0.001312 0.014622 -0.006691
v 0.001299 0.014080 -0.006755
v 0.001439 0.013908 -0.007039
v 0.003135 0.013403 -0.002883
v 0.003383 0.013465 -0.002877
v 0.003613 0.013711 -0.002851
v 0.003613 0.014092 -0.002809
v 0.003383 0.014337 -0.002783
v 0.003135 0.014400 -0.002777
v 0.002897 0.014359 -0.002781
v 0.002643 0.014136 -0.002805
v 0.002643 0.013666 -0.002856
v 0.002897 0.013443 -0.002879
v 0.001589 0.012914 0.001532
v 0.001713 0.012952 0.001796
v 0.001823 0.013171 0.002083
v 0.001815 0.013573 0.002127
v 0.001688 0.013842 0.001881
v 0.001557 0.013911 0.001623
v 0.001439 0.013894 0.001378
v 0.001299 0.013723 0.001094
v 0.001312 0.013181 0.001030
v 0.001470 0.012958 0.001289
v -0.001562 0.012692 0.001518
v -0.001692 0.012727 0.001779
v -0.001821 0.012946 0.002056
v -0.001828 0.013348 0.002094
v -0.001720 0.013618 0.001838
v -0.001595 0.013690 0.001578
v -0.001477 0.013677 0.001332
v -0.001324 0.013506 0.001051
v -0.001296 0.012962 0.001016
v -0.001442 0.012739 0.001277
v -0.003618 0.013048 -0.002930
v -0.003618 0.013431 -0.002907
v -0.003388 0.013677 -0.002898
v -0.003139 0.013739 -0.002896
v -0.002648 0.013476 -0.002912
v -0.003140 0.012738 -0.002941
v -0.003389 0.012800 -0.002940
v -0.002902 0.013698 -0.002901
v -0.002648 0.013002 -0.002926
v -0.002902 0.012778 -0.002937
v -0.001595 0.012786 -0.007416
v -0.001721 0.012859 -0.007676
v -0.001829 0.013129 -0.007931
v -0.001821 0.013531 -0.007894
v -0.001691 0.013750 -0.007616
v -0.001562 0.013785 -0.007355
v -0.001441 0.013738 -0.007114
v -0.001296 0.013515 -0.006854
v -0.001324 0.012971 -0.006889
v -0.001477 0.012800 -0.007170
v 0.001557 0.012566 -0.007461
v 0.001688 0.012635 -0.007719
v 0.001815 0.012904 -0.007965
v 0.001823 0.013305 -0.007921
v 0.001713 0.013525 -0.007633
v 0.001589 0.013562 -0.007370
v 0.001470 0.013518 -0.007127
v 0.001312 0.013296 -0.006868
v 0.001299 0.012754 -0.006932
v 0.001439 0.012582 -0.007216
v 0.003135 0.012077 -0.003060
v 0.003383 0.012139 -0.003054
v 0.003613 0.012385 -0.003028
v 0.003613 0.012766 -0.002986
v 0.003383 0.013012 -0.002960
v 0.003135 0.013074 -0.002954
v 0.002897 0.013033 -0.002958
v 0.002643 0.012810 -0.002982
v 0.002643 0.012341 -0.003033
v 0.002897 0.012117 -0.003057
v 0.001589 0.011589 0.001355
v 0.001713 0.011626 0.001618
v 0.001823 0.011845 0.001906
v 0.001815 0.012247 0.001950
v 0.001688 0.012516 0.001704
v 0.001557 0.012585 0.001446
v 0.001439 0.012569 0.001201
v 0.001299 0.012397 0.000917
v 0.001312 0.011855 0.000853
v 0.001470 0.011633 0.001112
v -0.001562 0.011366 0.001341
v -0.001691 0.011401 0.001601
v -0.001821 0.011620 0.001879
v -0.001829 0.012022 0.001916
v -0.001721 0.012292 0.001661
v -0.001594 0.012364 0.001401
v -0.001477 0.012351 0.001155
v -0.001324 0.012180 0.000874
v -0.001296 0.011636 0.000839
v -0.001441 0.011413 0.001100
v -0.003389 0.011475 -0.003117
v -0.003618 0.011722 -0.003107
v -0.003389 0.012351 -0.003075
v -0.002648 0.012150 -0.003089
v -0.002902 0.011453 -0.003114
v -0.003140 0.011412 -0.003118
v -0.003618 0.012103 -0.003084
v -0.003139 0.012412 -0.003074
v -0.002903 0.012372 -0.003078
v -0.002648 0.011675 -0.003103
v -0.001595 0.011461 -0.007593
v -0.001721 0.011533 -0.007853
v -0.001828 0.011803 -0.008108
v -0.001821 0.012204 -0.008071
v -0.001692 0.012424 -0.007793
v -0.001561 0.012459 -0.007532
v -0.001442 0.012412 -0.007292
v -0.001296 0.012189 -0.007031
v -0.001324 0.011645 -0.007066
v -0.001477 0.011474 -0.007347
v 0.001557 0.011240 -0.007638
v 0.001688 0.011309 -0.007896
v 0.001815 0.011578 -0.008142
v 0.001823 0.011979 -0.008098
v 0.001713 0.012199 -0.007810
v 0.001589 0.012236 -0.007547
v 0.001470 0.012192 -0.007304
v 0.001312 0.011970 -0.007045
v 0.001299 0.011428 -0.007109
v 0.001439 0.011256 -0.007393
v 0.003135 0.010751 -0.003237
v 0.003383 0.010813 -0.003231
v 0.003613 0.011059 -0.003206
v 0.003613 0.011440 -0.003163
v 0.003383 0.011686 -0.003138
v 0.003135 0.011748 -0.003132
v 0.002897 0.011707 -0.003135
v 0.002643 0.011484 -0.003159
v 0.002643 0.011015 -0.003210
v 0.002897 0.010791 -0.003234
v 0.001589 0.010263 0.001178
v 0.001713 0.010300 0.001441
v 0.001823 0.010520 0.001729
v 0.001815 0.010921 0.001773
v 0.001688 0.011190 0.001527
v 0.001557 0.011259 0.001269
v 0.001439 0.011243 0.001024
v 0.001299 0.011071 0.000740
v 0.001312 0.010529 0.000676
v 0.001470 0.010307 0.000935
v -0.001562 0.010040 0.001164
v -0.001691 0.010075 0.001424
v -0.001821 0.010294 0.001702
v -0.001828 0.010697 0.001739
v -0.001720 0.010966 0.001483
v -0.001595 0.011038 0.001224
v -0.001477 0.011025 0.000978
v -0.001324 0.010854 0.000697
v -0.001296 0.010311 0.000662
v -0.001442 0.010087 0.000923
v -0.003617 0.010779 -0.003261
v -0.002648 0.010825 -0.003266
v -0.003140 0.010086 -0.003295
v -0.003388 0.010148 -0.003294
v -0.003618 0.010394 -0.003285
v -0.003387 0.011024 -0.003252
v -0.003140 0.011086 -0.003251
v -0.002903 0.011046 -0.003255
v -0.002648 0.010350 -0.003280
v -0.002902 0.010126 -0.003291
v -0.001595 0.010135 -0.007770
v -0.001720 0.010207 -0.008030
v -0.001828 0.010477 -0.008285
v -0.001820 0.010879 -0.008248
v -0.001691 0.011099 -0.007970
v -0.001562 0.011133 -0.007709
v -0.001442 0.011086 -0.007469
v -0.001296 0.010863 -0.007208
v -0.001324 0.010320 -0.007243
v -0.001477 0.010148 -0.007524
v 0.001557 0.009914 -0.007815
v 0.001688 0.009983 -0.008073
v 0.001815 0.010252 -0.008319
v 0.001823 0.010654 -0.008275
v 0.001713 0.010873 -0.007987
v 0.001589 0.010910 -0.007724
v 0.001470 0.010866 -0.007481
v 0.001312 0.010644 -0.007222
v 0.001299 0.010102 -0.007286
v 0.001439 0.009930 -0.007570
v 0.003135 0.009425 -0.003414
v 0.003383 0.009487 -0.003408
v 0.003613 0.009733 -0.003383
v 0.003613 0.010114 -0.003340
v 0.003383 0.010360 -0.003315
v 0.003135 0.010422 -0.003309
v 0.002897 0.010382 -0.003312
v 0.002643 0.010158 -0.003336
v 0.002643 0.009689 -0.003387
v 0.002897 0.009466 -0.003411
v 0.001589 0.008937 0.001001
v 0.001713 0.008974 0.001264
v 0.001823 0.009194 0.001552
v 0.001815 0.009595 0.001596
v 0.001688 0.009864 0.001350
v 0.001557 0.009933 0.001092
v 0.001439 0.009917 0.000847
v 0.001299 0.009745 0.000563
v 0.001312 0.009203 0.000499
v 0.001470 0.008981 0.000758
v -0.001561 0.008714 0.000986
v -0.001692 0.008749 0.001247
v -0.001821 0.008969 0.001525
v -0.001828 0.009371 0.001562
v -0.001720 0.009641 0.001306
v -0.001595 0.009712 0.001047
v -0.001478 0.009699 0.000801
v -0.001323 0.009527 0.000520
v -0.001296 0.008984 0.000485
v -0.001442 0.008761 0.000746
v -0.003139 0.008761 -0.003472
v -0.003618 0.009071 -0.003462
v -0.003617 0.009454 -0.003438
v -0.002903 0.009721 -0.003432
v -0.002903 0.008801 -0.003468
v -0.003389 0.008822 -0.003471
v -0.003387 0.009698 -0.003429
v -0.003140 0.009760 -0.003428
v -0.002647 0.009495 -0.003443
v -0.002648 0.009022 -0.003457
v -0.001594 0.008809 -0.007947
v -0.001721 0.008881 -0.008207
v -0.001829 0.009151 -0.008462
v -0.001820 0.009553 -0.008425
v -0.001691 0.009773 -0.008147
v -0.001562 0.009807 -0.007887
v -0.001442 0.009760 -0.007646
v -0.001296 0.009536 -0.007385
v -0.001324 0.008993 -0.007420
v -0.001477 0.008822 -0.007701
v 0.001557 0.008588 -0.007992
v 0.001688 0.008657 -0.008250
v 0.001815 0.008926 -0.008496
v 0.001823 0.009328 -0.008452
v 0.001713 0.009547 -0.008164
v 0.001589 0.009584 -0.007901
v 0.001470 0.009540 -0.007658
v 0.001312 0.009318 -0.007399
v 0.001299 0.008776 -0.007463
v 0.001439 0.008604 -0.007747
v 0.003135 0.008099 -0.003591
v 0.003383 0.008161 -0.003585
v 0.003613 0.008407 -0.003560
v 0.003613 0.008788 -0.003517
v 0.003383 0.009034 -0.003492
v 0.003135 0.009096 -0.003486
v 0.002897 0.009056 -0.003489
v 0.002643 0.008832 -0.003513
v 0.002643 0.008363 -0.003564
v 0.002897 0.008140 -0.003588
v 0.001589 0.007611 0.000824
v 0.001713 0.007648 0.001087
v 0.001823 0.007868 0.001375
v 0.001815 0.008269 0.001419
v 0.001688 0.008538 0.001173
v 0.001557 0.008607 0.000915
v 0.001439 0.008591 0.000670
v 0.001299 0.008419 0.000386
v 0.001312 0.007877 0.000322
v 0.001470 0.007655 0.000581
v -0.001562 0.007388 0.000810
v -0.001691 0.007423 0.001070
v -0.001820 0.007642 0.001348
v -0.001829 0.008044 0.001385
v -0.001721 0.008314 0.001130
v -0.001594 0.008387 0.000870
v -0.001478 0.008373 0.000624
v -0.001323 0.008201 0.000343
v -0.001296 0.007659 0.000308
v -0.001442 0.007435 0.000569
v -0.003388 0.007497 -0.003648
v -0.003389 0.008373 -0.003606
v -0.002903 0.008396 -0.003609
v -0.003141 0.007434 -0.003650
v -0.003617 0.007742 -0.003639
v -0.003618 0.008125 -0.003616
v -0.003139 0.008434 -0.003605
v -0.002647 0.008169 -0.003620
v -0.002648 0.007698 -0.003634
v -0.002902 0.007474 -0.003645
v -0.001595 0.007483 -0.008124
v -0.001720 0.007555 -0.008384
v -0.001828 0.007825 -0.008639
v -0.001821 0.008227 -0.008602
v -0.001692 0.008446 -0.008325
v -0.001561 0.008481 -0.008063
v -0.001442 0.008434 -0.007823
v -0.001296 0.008210 -0.007562
v -0.001324 0.007668 -0.007597
v -0.001477 0.007496 -0.007878
v 0.001557 0.007262 -0.008169
v 0.001688 0.007331 -0.008427
v 0.001815 0.007600 -0.008673
v 0.001823 0.008002 -0.008629
v 0.001713 0.008221 -0.008341
v 0.001589 0.008259 -0.008078
v 0.001470 0.008215 -0.007835
v 0.001312 0.007992 -0.007576
v 0.001299 0.007451 -0.007640
v 0.001439 0.007279 -0.007924
v 0.003135 0.006773 -0.003769
v 0.003383 0.006836 -0.003762
v 0.003613 0.007081 -0.003737
v 0.003613 0.007462 -0.003695
v 0.003383 0.007708 -0.003669
v 0.003135 0.007770 -0.003663
v 0.002897 0.007730 -0.003666
v 0.002643 0.007507 -0.003690
v 0.002643 0.007037 -0.003741
v 0.002897 0.006814 -0.003765
v 0.001589 0.006285 0.000647
v 0.001713 0.006323 0.000910
v 0.001823 0.006542 0.001198
v 0.001815 0.006944 0.001242
v 0.001688 0.007212 0.000996
v 0.001557 0.007282 0.000738
v 0.001439 0.007265 0.000493
v 0.001299 0.007093 0.000209
v 0.001312 0.006552 0.000145
v 0.001470 0.006329 0.000404
v -0.001562 0.006062 0.000632
v -0.001691 0.006097 0.000893
v -0.001821 0.006316 0.001171
v -0.001829 0.006718 0.001208
v -0.001721 0.006988 0.000953
v -0.001594 0.007061 0.000693
v -0.001477 0.007047 0.000447
v -0.001324 0.006876 0.000166
v -0.001296 0.006333 0.000131
v -0.001441 0.006110 0.000391
v -0.003389 0.006172 -0.003825
v -0.003618 0.006418 -0.003816
v -0.003389 0.007047 -0.003783
v -0.002648 0.006373 -0.003811
v -0.002901 0.006150 -0.003822
v -0.003140 0.006108 -0.003827
v -0.003618 0.006799 -0.003793
v -0.003139 0.007108 -0.003782
v -0.002902 0.007068 -0.003787
v -0.002648 0.006844 -0.003797
v -0.001595 0.006157 -0.008301
v -0.001721 0.006229 -0.008561
v -0.001828 0.006499 -0.008817
v -0.001821 0.006901 -0.008779
v -0.001692 0.007121 -0.008502
v -0.001561 0.007155 -0.008240
v -0.001442 0.007108 -0.008000
v -0.001296 0.006885 -0.007739
v -0.001324 0.006342 -0.007774
v -0.001477 0.006170 -0.008055
v 0.001557 0.005936 -0.008346
v 0.001688 0.006005 -0.008604
v 0.001815 0.006274 -0.008850
v 0.001823 0.006676 -0.008806
v 0.001713 0.006895 -0.008519
v 0.001589 0.006933 -0.008255
v 0.001470 0.006889 -0.008012
v 0.001312 0.006666 -0.007753
v 0.001299 0.006125 -0.007817
v 0.001439 0.005953 -0.008101
v 0.003135 0.005448 -0.003946
v 0.003383 0.005510 -0.003940
v 0.003613 0.005755 -0.003914
v 0.003613 0.006137 -0.003872
v 0.003383 0.006382 -0.003846
v 0.003135 0.006444 -0.003840
v 0.002897 0.006404 -0.003844
v 0.002643 0.006181 -0.003867
v 0.002643 0.005711 -0.003918
v 0.002897 0.005488 -0.003942
v 0.001589 0.004959 0.000470
v 0.001713 0.004997 0.000734
v 0.001822 0.005216 0.001021
v 0.001815 0.005617 0.001065
v 0.001688 0.005886 0.000820
v 0.001557 0.005956 0.000561
v 0.001439 0.005939 0.000315
v 0.001299 0.005766 0.000031
v 0.001312 0.005227 -0.000033
v 0.001470 0.005003 0.000226
v -0.001563 0.004736 0.000458
v -0.001709 0.004779 0.000725
v -0.001827 0.004998 0.000994
v -0.001835 0.005381 0.001031
v -0.001739 0.005651 0.000785
v -0.001599 0.005734 0.000520
v -0.001462 0.005718 0.000262
v -0.001311 0.005533 -0.000018
v -0.001283 0.005031 -0.000053
v -0.001423 0.004791 0.000205
v -0.003133 0.004833 -0.004273
v -0.003361 0.004893 -0.004240
v -0.003541 0.005129 -0.004197
v -0.003544 0.005464 -0.004163
v -0.003373 0.005701 -0.004162
v -0.003152 0.005768 -0.004186
v -0.002950 0.005692 -0.004228
v -0.002801 0.005472 -0.004282
v -0.002790 0.005161 -0.004308
v -0.002928 0.004922 -0.004295
v 0.001589 0.026166 0.003324
v 0.001713 0.026203 0.003587
v 0.001823 0.026422 0.003875
v 0.001815 0.026824 0.003918
v 0.001688 0.027093 0.003672
v 0.001557 0.027162 0.003415
v 0.001439 0.027146 0.003170
v 0.001299 0.026974 0.002886
v 0.001312 0.026432 0.002822
v 0.001470 0.026210 0.003081
v -0.001562 0.025943 0.003309
v -0.001691 0.025977 0.003570
v -0.001820 0.026197 0.003848
v -0.001829 0.026599 0.003885
v -0.001721 0.026869 0.003630
v -0.001595 0.026941 0.003370
v -0.001477 0.026928 0.003124
v -0.001323 0.026756 0.002842
v -0.001296 0.026213 0.002807
v -0.001442 0.025990 0.003068
v -0.003140 0.025990 -0.001150
v -0.003387 0.026052 -0.001148
v -0.003389 0.026928 -0.001106
v -0.003140 0.026990 -0.001105
v -0.002902 0.026950 -0.001110
v -0.002648 0.026254 -0.001134
v -0.002902 0.026030 -0.001145
v -0.003617 0.026297 -0.001139
v -0.003618 0.026679 -0.001116
v -0.002647 0.026724 -0.001120
v -0.001595 0.026038 -0.005624
v -0.001720 0.026110 -0.005884
v -0.001828 0.026379 -0.006140
v -0.001821 0.026781 -0.006102
v -0.001692 0.027001 -0.005825
v -0.001562 0.027036 -0.005564
v -0.001441 0.026989 -0.005323
v -0.001296 0.026765 -0.005062
v -0.001324 0.026222 -0.005097
v -0.001477 0.026051 -0.005378
v 0.001557 0.025817 -0.005669
v 0.001688 0.025886 -0.005927
v 0.001815 0.026155 -0.006173
v 0.001823 0.026556 -0.006129
v 0.001713 0.026776 -0.005842
v 0.001589 0.026813 -0.005578
v 0.001470 0.026769 -0.005336
v 0.001312 0.026547 -0.005077
v 0.001299 0.026005 -0.005140
v 0.001439 0.025833 -0.005424
v 0.003135 0.025328 -0.001269
v 0.003383 0.025390 -0.001263
v 0.003613 0.025636 -0.001237
v 0.003613 0.026017 -0.001195
v 0.003383 0.026263 -0.001169
v 0.003135 0.026325 -0.001163
v 0.002897 0.026285 -0.001167
v 0.002643 0.026061 -0.001190
v 0.002643 0.025592 -0.001241
v 0.002897 0.025369 -0.001265
v 0.001589 0.024840 0.003147
v 0.001713 0.024877 0.003410
v 0.001823 0.025097 0.003698
v 0.001815 0.025498 0.003741
v 0.001688 0.025767 0.003495
v 0.001557 0.025836 0.003238
v 0.001439 0.025820 0.002993
v 0.001299 0.025648 0.002709
v 0.001312 0.025106 0.002645
v 0.001470 0.024884 0.002904
v -0.001562 0.024617 0.003132
v -0.001691 0.024652 0.003393
v -0.001821 0.024871 0.003671
v -0.001828 0.025273 0.003708
v -0.001721 0.025543 0.003452
v -0.001595 0.025615 0.003193
v -0.001477 0.025602 0.002947
v -0.001324 0.025431 0.002666
v -0.001296 0.024888 0.002630
v -0.001441 0.024664 0.002891
v -0.003389 0.024727 -0.001325
v -0.003618 0.024973 -0.001316
v -0.003141 0.025664 -0.001282
v -0.002902 0.025624 -0.001287
v -0.002648 0.025401 -0.001297
v -0.002647 0.024929 -0.001311
v -0.003141 0.024663 -0.001327
v -0.003618 0.025354 -0.001293
v -0.003389 0.025601 -0.001283
v -0.002902 0.024703 -0.001322
v -0.001595 0.024712 -0.005802
v -0.001721 0.024784 -0.006061
v -0.001828 0.025054 -0.006317
v -0.001821 0.025456 -0.006279
v -0.001691 0.025675 -0.006002
v -0.001562 0.025710 -0.005741
v -0.001442 0.025663 -0.005500
v -0.001296 0.025440 -0.005239
v -0.001323 0.024897 -0.005274
v -0.001477 0.024725 -0.005555
v 0.001557 0.024491 -0.005846
v 0.001688 0.024560 -0.006104
v 0.001815 0.024829 -0.006350
v 0.001823 0.025231 -0.006307
v 0.001713 0.025450 -0.006019
v 0.001589 0.025487 -0.005755
v 0.001470 0.025443 -0.005513
v 0.001312 0.025221 -0.005254
v 0.001299 0.024679 -0.005317
v 0.001439 0.024507 -0.005601
v 0.003135 0.024002 -0.001446
v 0.003383 0.024064 -0.001440
v 0.003613 0.024310 -0.001414
v 0.003613 0.024691 -0.001372
v 0.003383 0.024937 -0.001346
v 0.003135 0.024999 -0.001340
v 0.002897 0.024959 -0.001344
v 0.002643 0.024735 -0.001367
v 0.002643 0.024266 -0.001419
v 0.002897 0.024043 -0.001442
v 0.001589 0.023514 0.002970
v 0.001713 0.023551 0.003233
v 0.001823 0.023771 0.003521
v 0.001815 0.024172 0.003564
v 0.001688 0.024441 0.003318
v 0.001557 0.024510 0.003060
v 0.001439 0.024494 0.002815
v 0.001299 0.024322 0.002532
v 0.001312 0.023780 0.002468
v 0.001470 0.023558 0.002727
v -0.001562 0.023291 0.002955
v -0.001692 0.023326 0.003216
v -0.001821 0.023546 0.003494
v -0.001828 0.023947 0.003531
v -0.001720 0.024217 0.003275
v -0.001595 0.024290 0.003015
v -0.001477 0.024276 0.002769
v -0.001324 0.024105 0.002489
v -0.001296 0.023562 0.002453
v -0.001442 0.023338 0.002714
v -0.003618 0.023648 -0.001493
v -0.003618 0.024030 -0.001470
v -0.003388 0.024276 -0.001460
v -0.003139 0.024338 -0.001459
v -0.002648 0.024076 -0.001474
v -0.003140 0.023337 -0.001504
v -0.003389 0.023400 -0.001503
v -0.002902 0.024297 -0.001464
v -0.002648 0.023601 -0.001489
v -0.002902 0.023377 -0.001499
v -0.001595 0.023386 -0.005979
v -0.001721 0.023458 -0.006238
v -0.001829 0.023728 -0.006494
v -0.001821 0.024130 -0.006456
v -0.001691 0.024350 -0.006179
v -0.001562 0.024384 -0.005918
v -0.001441 0.024337 -0.005677
v -0.001296 0.024114 -0.005417
v -0.001324 0.023571 -0.005451
v -0.001477 0.023399 -0.005733
v 0.001557 0.023165 -0.006023
v 0.001688 0.023234 -0.006281
v 0.001815 0.023503 -0.006527
v 0.001823 0.023905 -0.006484
v 0.001713 0.024124 -0.006196
v 0.001589 0.024162 -0.005933
v 0.001470 0.024118 -0.005690
v 0.001312 0.023895 -0.005431
v 0.001299 0.023353 -0.005495
v 0.001439 0.023182 -0.005778
v 0.003135 0.022676 -0.001623
v 0.003383 0.022739 -0.001617
v 0.003613 0.022984 -0.001591
v 0.003613 0.023365 -0.001549
v 0.003383 0.023611 -0.001523
v 0.003135 0.023673 -0.001517
v 0.002897 0.023633 -0.001521
v 0.002643 0.023410 -0.001544
v 0.002643 0.022940 -0.001596
v 0.002897 0.022717 -0.001619
v 0.001589 0.022188 0.002792
v 0.001713 0.022225 0.003056
v 0.001823 0.022445 0.003344
v 0.001815 0.022846 0.003387
v 0.001688 0.023115 0.003141
v 0.001557 0.023184 0.002883
v 0.001439 0.023168 0.002638
v 0.001299 0.022996 0.002355
v 0.001312 0.022454 0.002291
v 0.001470 0.022232 0.002550
v -0.001562 0.021965 0.002778
v -0.001691 0.022000 0.003039
v -0.001821 0.022219 0.003316
v -0.001829 0.022621 0.003354
v -0.001721 0.022891 0.003098
v -0.001594 0.022964 0.002838
v -0.001477 0.022950 0.002593
v -0.001324 0.022779 0.002312
v -0.001296 0.022235 0.002276
v -0.001441 0.022012 0.002537
v -0.003389 0.022075 -0.001680
v -0.003618 0.022321 -0.001670
v -0.003389 0.022950 -0.001637
v -0.002648 0.022750 -0.001651
v -0.002902 0.022053 -0.001676
v -0.003140 0.022011 -0.001681
v -0.003618 0.022702 -0.001647
v -0.003139 0.023011 -0.001636
v -0.002903 0.022971 -0.001641
v -0.002648 0.022274 -0.001666
v -0.001595 0.022060 -0.006156
v -0.001721 0.022132 -0.006415
v -0.001828 0.022402 -0.006671
v -0.001821 0.022804 -0.006634
v -0.001692 0.023023 -0.006356
v -0.001561 0.023058 -0.006095
v -0.001442 0.023011 -0.005855
v -0.001296 0.022788 -0.005594
v -0.001324 0.022244 -0.005629
v -0.001477 0.022073 -0.005909
v 0.001557 0.021839 -0.006201
v 0.001688 0.021908 -0.006458
v 0.001815 0.022177 -0.006704
v 0.001823 0.022579 -0.006661
v 0.001713 0.022798 -0.006373
v 0.001589 0.022836 -0.006110
v 0.001470 0.022792 -0.005867
v 0.001312 0.022569 -0.005608
v 0.001299 0.022028 -0.005672
v 0.001439 0.021856 -0.005956
v 0.003135 0.021351 -0.001800
v 0.003383 0.021413 -0.001794
v 0.003613 0.021658 -0.001768
v 0.003613 0.022039 -0.001726
v 0.003383 0.022285 -0.001700
v 0.003135 0.022347 -0.001694
v 0.002897 0.022307 -0.001698
v 0.002643 0.022084 -0.001722
v 0.002643 0.021614 -0.001773
v 0.002897 0.021391 -0.001796
v 0.001589 0.020862 0.002615
v 0.001713 0.020900 0.002879
v 0.001823 0.021119 0.003166
v 0.001815 0.021521 0.003210
v 0.001688 0.021789 0.002964
v 0.001557 0.021859 0.002706
v 0.001439 0.021842 0.002461
v 0.001299 0.021670 0.002177
v 0.001312 0.021129 0.002114
v 0.001470 0.020906 0.002373
v -0.001562 0.020639 0.002601
v -0.001691 0.020674 0.002862
v -0.001821 0.020894 0.003139
v -0.001828 0.021296 0.003177
v -0.001720 0.021566 0.002921
v -0.001595 0.021638 0.002661
v -0.001477 0.021624 0.002415
v -0.001324 0.021453 0.002135
v -0.001296 0.020910 0.002099
v -0.001442 0.020686 0.002360
v -0.003617 0.021379 -0.001824
v -0.002648 0.021424 -0.001829
v -0.003140 0.020685 -0.001858
v -0.003388 0.020747 -0.001857
v -0.003618 0.020994 -0.001847
v -0.003387 0.021624 -0.001815
v -0.003140 0.021685 -0.001813
v -0.002903 0.021645 -0.001818
v -0.002648 0.020949 -0.001843
v -0.002902 0.020725 -0.001854
v -0.001595 0.020734 -0.006333
v -0.001720 0.020806 -0.006592
v -0.001828 0.021076 -0.006848
v -0.001820 0.021479 -0.006811
v -0.001691 0.021698 -0.006533
v -0.001562 0.021732 -0.006272
v -0.001442 0.021685 -0.006032
v -0.001296 0.021463 -0.005771
v -0.001324 0.020919 -0.005806
v -0.001477 0.020747 -0.006087
v 0.001557 0.020513 -0.006378
v 0.001688 0.020582 -0.006635
v 0.001815 0.020851 -0.006881
v 0.001823 0.021253 -0.006838
v 0.001713 0.021472 -0.006550
v 0.001589 0.021510 -0.006287
v 0.001470 0.021466 -0.006044
v 0.001312 0.021243 -0.005785
v 0.001299 0.020702 -0.005849
v 0.001439 0.020530 -0.006133
v 0.003135 0.020025 -0.001977
v 0.003383 0.020087 -0.001971
v 0.003613 0.020332 -0.001945
v 0.003613 0.020714 -0.001903
v 0.003383 0.020959 -0.001877
v 0.003135 0.021021 -0.001871
v 0.002897 0.020981 -0.001875
v 0.002643 0.020758 -0.001899
v 0.002643 0.020288 -0.001950
v 0.002897 0.020065 -0.001973
v 0.001589 0.019536 0.002438
v 0.001713 0.019574 0.002702
v 0.001823 0.019793 0.002989
v 0.001815 0.020195 0.003033
v 0.001688 0.020464 0.002787
v 0.001557 0.020533 0.002529
v 0.001439 0.020516 0.002284
v 0.001299 0.020344 0.002000
v 0.001312 0.019803 0.001937
v 0.001470 0.019580 0.002195
v -0.001561 0.019313 0.002423
v -0.001692 0.019348 0.002685
v -0.001821 0.019568 0.002962
v -0.001828 0.019970 0.003000
v -0.001720 0.020240 0.002744
v -0.001595 0.020312 0.002484
v -0.001478 0.020299 0.002238
v -0.001323 0.020126 0.001957
v -0.001296 0.019583 0.001922
v -0.001442 0.019360 0.002183
v -0.003139 0.019360 -0.002035
v -0.003618 0.019670 -0.002024
v -0.003617 0.020053 -0.002001
v -0.002903 0.020321 -0.001995
v -0.002903 0.019400 -0.002030
v -0.003389 0.019421 -0.002034
v -0.003387 0.020298 -0.001992
v -0.003140 0.020359 -0.001990
v -0.002647 0.020094 -0.002006
v -0.002648 0.019622 -0.002020
v -0.001594 0.019408 -0.006510
v -0.001721 0.019480 -0.006770
v -0.001829 0.019751 -0.007025
v -0.001820 0.020153 -0.006988
v -0.001691 0.020372 -0.006710
v -0.001562 0.020406 -0.006449
v -0.001442 0.020359 -0.006209
v -0.001296 0.020135 -0.005947
v -0.001324 0.019592 -0.005983
v -0.001477 0.019421 -0.006264
v 0.001557 0.019187 -0.006555
v 0.001688 0.019256 -0.006813
v 0.001815 0.019525 -0.007058
v 0.001823 0.019927 -0.007015
v 0.001713 0.020146 -0.006727
v 0.001589 0.020184 -0.006464
v 0.001470 0.020140 -0.006221
v 0.001312 0.019917 -0.005962
v 0.001299 0.019376 -0.006026
v 0.001439 0.019204 -0.006310
v 0.003135 0.018699 -0.002154
v 0.003383 0.018761 -0.002148
v 0.003613 0.019006 -0.002122
v 0.003613 0.019388 -0.002080
v 0.003383 0.019633 -0.002054
v 0.003135 0.019695 -0.002048
v 0.002897 0.019655 -0.002052
v 0.002643 0.019432 -0.002076
v 0.002643 0.018962 -0.002127
v 0.002897 0.018739 -0.002150
v 0.001589 0.018210 0.002261
v 0.001713 0.018248 0.002525
v 0.001823 0.018467 0.002812
v 0.001815 0.018869 0.002856
v 0.001688 0.019138 0.002610
v 0.001557 0.019207 0.002352
v 0.001439 0.019190 0.002107
v 0.001299 0.019018 0.001823
v 0.001312 0.018477 0.001759
v 0.001470 0.018254 0.002018
v -0.001562 0.017987 0.002247
v -0.001691 0.018022 0.002507
v -0.001820 0.018241 0.002785
v -0.001829 0.018643 0.002823
v -0.001721 0.018913 0.002567
v -0.001594 0.018986 0.002307
v -0.001478 0.018973 0.002061
v -0.001323 0.018801 0.001780
v -0.001296 0.018258 0.001745
v -0.001442 0.018035 0.002006
v -0.003388 0.018097 -0.002211
v -0.003389 0.018972 -0.002169
v -0.002903 0.018995 -0.002172
v -0.003141 0.018033 -0.002212
v -0.003617 0.018341 -0.002202
v -0.003618 0.018724 -0.002178
v -0.003139 0.019034 -0.002168
v -0.002647 0.018768 -0.002183
v -0.002648 0.018297 -0.002197
v -0.002902 0.018073 -0.002208
v -0.001595 0.018082 -0.006687
v -0.001720 0.018154 -0.006946
v -0.001828 0.018424 -0.007202
v -0.001821 0.018826 -0.007165
v -0.001692 0.019046 -0.006887
v -0.001561 0.019081 -0.006626
v -0.001442 0.019034 -0.006386
v -0.001296 0.018810 -0.006124
v -0.001324 0.018267 -0.006160
v -0.001477 0.018096 -0.006441
v 0.001557 0.017861 -0.006732
v 0.001688 0.017930 -0.006990
v 0.001815 0.018199 -0.007235
v 0.001823 0.018601 -0.007192
v 0.001713 0.018820 -0.006904
v 0.001589 0.018858 -0.006641
v 0.001470 0.018814 -0.006398
v 0.001312 0.018591 -0.006139
v 0.001299 0.018050 -0.006203
v 0.001439 0.017878 -0.006487
v 0.003135 0.017373 -0.002331
v 0.003383 0.017435 -0.002325
v 0.003613 0.017680 -0.002299
v 0.003613 0.018062 -0.002257
v 0.003383 0.018307 -0.002231
v 0.003135 0.018369 -0.002225
v 0.002897 0.018329 -0.002229
v 0.002643 0.018106 -0.002253
v 0.002643 0.017636 -0.002304
v 0.002897 0.017413 -0.002328
v 0.001589 0.016884 0.002084
v 0.001713 0.016922 0.002348
v 0.001823 0.017141 0.002635
v 0.001815 0.017543 0.002679
v 0.001688 0.017812 0.002433
v 0.001557 0.017881 0.002175
v 0.001439 0.017864 0.001930
v 0.001299 0.017692 0.001646
v 0.001312 0.017151 0.001582
v 0.001470 0.016928 0.001841
v -0.001562 0.016662 0.002070
v -0.001691 0.016696 0.002330
v -0.001821 0.016916 0.002608
v -0.001829 0.017317 0.002645
v -0.001721 0.017588 0.002390
v -0.001594 0.017660 0.002130
v -0.001477 0.017647 0.001884
v -0.001324 0.017475 0.001603
v -0.001296 0.016932 0.001568
v -0.001441 0.016709 0.001829
v -0.003389 0.016771 -0.002388
v -0.003618 0.017017 -0.002378
v -0.003389 0.017647 -0.002346
v -0.002648 0.016973 -0.002374
v -0.002901 0.016749 -0.002385
v -0.003140 0.016707 -0.002389
v -0.003618 0.017398 -0.002355
v -0.003139 0.017708 -0.002345
v -0.002902 0.017667 -0.002349
v -0.002648 0.017444 -0.002360
v -0.001595 0.016756 -0.006864
v -0.001721 0.016829 -0.007124
v -0.001828 0.017098 -0.007379
v -0.001821 0.017500 -0.007342
v -0.001692 0.017720 -0.007064
v -0.001561 0.017755 -0.006803
v -0.001442 0.017708 -0.006563
v -0.001296 0.017484 -0.006302
v -0.001324 0.016941 -0.006337
v -0.001477 0.016770 -0.006618
v 0.001557 0.016535 -0.006909
v 0.001688 0.016605 -0.007167
v 0.001815 0.016873 -0.007413
v 0.001823 0.017275 -0.007369
v 0.001713 0.017494 -0.007081
v 0.001589 0.017532 -0.006818
v 0.001470 0.017488 -0.006575
v 0.001312 0.017265 -0.006316
v 0.001299 0.016724 -0.006380
v 0.001439 0.016552 -0.006664
v 0.003135 0.016047 -0.002508
v 0.003383 0.016109 -0.002502
v 0.003613 0.016354 -0.002476
v 0.003613 0.016736 -0.002434
v 0.003384 0.016981 -0.002409
v 0.003135 0.017043 -0.002403
v 0.002897 0.017003 -0.002407
v 0.002643 0.016780 -0.002430
v 0.002643 0.016310 -0.002481
v 0.002897 0.016087 -0.002504
v 0.001701 0.035091 0.004742
v 0.001433 0.035177 0.004245
v 0.001317 0.034434 0.003916
v 0.001451 0.034121 0.004119
v -0.001567 0.033902 0.004365
v -0.001695 0.033947 0.004653
v -0.001817 0.034172 0.004916
v -0.001822 0.034535 0.004954
v -0.001725 0.034809 0.004722
v -0.001600 0.034899 0.004436
v -0.001478 0.034883 0.004157
v -0.001322 0.034697 0.003880
v -0.001296 0.034202 0.003842
v -0.001442 0.033958 0.004093
v -0.003140 0.033949 -0.000094
v -0.003389 0.034012 -0.000092
v -0.003391 0.034886 -0.000050
v -0.003141 0.034950 -0.000049
v -0.002901 0.034909 -0.000054
v -0.002647 0.034214 -0.000079
v -0.002901 0.033990 -0.000090
v -0.003618 0.034257 -0.000083
v -0.003618 0.034638 -0.000060
v -0.002647 0.034683 -0.000065
v -0.001595 0.033997 -0.004569
v -0.001720 0.034069 -0.004828
v -0.001828 0.034339 -0.005084
v -0.001821 0.034741 -0.005047
v -0.001692 0.034961 -0.004769
v -0.001562 0.034996 -0.004508
v -0.001441 0.034948 -0.004268
v -0.001296 0.034724 -0.004007
v -0.001324 0.034182 -0.004042
v -0.001477 0.034010 -0.004323
v 0.001557 0.033776 -0.004614
v 0.001688 0.033845 -0.004872
v 0.001815 0.034114 -0.005118
v 0.001823 0.034516 -0.005074
v 0.001713 0.034735 -0.004786
v 0.001589 0.034773 -0.004523
v 0.001470 0.034729 -0.004280
v 0.001312 0.034506 -0.004021
v 0.001299 0.033965 -0.004085
v 0.001439 0.033793 -0.004369
v 0.003135 0.033288 -0.000213
v 0.003383 0.033350 -0.000207
v 0.003613 0.033595 -0.000182
v 0.003613 0.033977 -0.000139
v 0.003383 0.034222 -0.000114
v 0.003135 0.034284 -0.000108
v 0.002897 0.034244 -0.000111
v 0.002643 0.034021 -0.000135
v 0.002643 0.033551 -0.000186
v 0.002897 0.033328 -0.000210
v 0.001589 0.032799 0.004202
v 0.001713 0.032837 0.004465
v 0.001823 0.033056 0.004753
v 0.001815 0.033458 0.004797
v 0.001688 0.033727 0.004551
v 0.001557 0.033796 0.004293
v 0.001439 0.033779 0.004048
v 0.001299 0.033607 0.003764
v 0.001312 0.033066 0.003700
v 0.001470 0.032843 0.003959
v -0.001563 0.032576 0.004188
v -0.001691 0.032611 0.004448
v -0.001821 0.032831 0.004726
v -0.001828 0.033233 0.004763
v -0.001721 0.033503 0.004508
v -0.001595 0.033575 0.004248
v -0.001477 0.033562 0.004002
v -0.001324 0.033390 0.003721
v -0.001296 0.032848 0.003686
v -0.001441 0.032624 0.003947
v -0.003389 0.032686 -0.000270
v -0.003618 0.032932 -0.000261
v -0.003141 0.033624 -0.000227
v -0.002903 0.033584 -0.000231
v -0.002648 0.033360 -0.000242
v -0.002647 0.032889 -0.000256
v -0.003141 0.032622 -0.000271
v -0.003618 0.033314 -0.000237
v -0.003389 0.033560 -0.000228
v -0.002902 0.032663 -0.000267
v -0.001595 0.032671 -0.004746
v -0.001721 0.032744 -0.005006
v -0.001828 0.033013 -0.005261
v -0.001821 0.033415 -0.005224
v -0.001691 0.033635 -0.004946
v -0.001562 0.033670 -0.004686
v -0.001442 0.033622 -0.004445
v -0.001296 0.033399 -0.004184
v -0.001323 0.032857 -0.004219
v -0.001477 0.032685 -0.004500
v 0.001557 0.032450 -0.004791
v 0.001688 0.032519 -0.005049
v 0.001815 0.032788 -0.005295
v 0.001823 0.033190 -0.005251
v 0.001713 0.033409 -0.004963
v 0.001589 0.033447 -0.004700
v 0.001470 0.033403 -0.004457
v 0.001312 0.033180 -0.004198
v 0.001299 0.032639 -0.004262
v 0.001439 0.032467 -0.004546
v 0.003135 0.031962 -0.000390
v 0.003383 0.032024 -0.000384
v 0.003613 0.032269 -0.000359
v 0.003613 0.032651 -0.000316
v 0.003383 0.032896 -0.000291
v 0.003135 0.032958 -0.000285
v 0.002897 0.032918 -0.000288
v 0.002643 0.032695 -0.000312
v 0.002643 0.032225 -0.000363
v 0.002897 0.032002 -0.000387
v 0.001589 0.031473 0.004025
v 0.001713 0.031511 0.004288
v 0.001823 0.031730 0.004576
v 0.001815 0.032132 0.004620
v 0.001688 0.032401 0.004374
v 0.001557 0.032470 0.004116
v 0.001439 0.032453 0.003871
v 0.001299 0.032281 0.003587
v 0.001312 0.031740 0.003523
v 0.001470 0.031517 0.003782
v -0.001562 0.031251 0.004010
v -0.001692 0.031286 0.004271
v -0.001821 0.031505 0.004549
v -0.001828 0.031907 0.004586
v -0.001720 0.032177 0.004331
v -0.001595 0.032249 0.004071
v -0.001477 0.032236 0.003825
v -0.001324 0.032065 0.003544
v -0.001296 0.031521 0.003509
v -0.001442 0.031298 0.003770
v -0.003618 0.031607 -0.000438
v -0.003618 0.031989 -0.000414
v -0.003388 0.032236 -0.000405
v -0.003139 0.032298 -0.000404
v -0.002648 0.032035 -0.000419
v -0.003140 0.031296 -0.000449
v -0.003389 0.031359 -0.000447
v -0.002902 0.032256 -0.000408
v -0.002648 0.031560 -0.000433
v -0.002902 0.031336 -0.000444
v -0.001595 0.031345 -0.004923
v -0.001721 0.031418 -0.005183
v -0.001829 0.031688 -0.005438
v -0.001821 0.032090 -0.005401
v -0.001691 0.032309 -0.005123
v -0.001562 0.032344 -0.004862
v -0.001441 0.032296 -0.004622
v -0.001296 0.032074 -0.004361
v -0.001324 0.031530 -0.004396
v -0.001477 0.031359 -0.004677
v 0.001557 0.031124 -0.004968
v 0.001688 0.031194 -0.005226
v 0.001815 0.031462 -0.005472
v 0.001823 0.031864 -0.005428
v 0.001713 0.032083 -0.005140
v 0.001589 0.032121 -0.004877
v 0.001470 0.032077 -0.004634
v 0.001312 0.031854 -0.004375
v 0.001299 0.031313 -0.004439
v 0.001439 0.031141 -0.004723
v 0.003135 0.030636 -0.000567
v 0.003383 0.030698 -0.000561
v 0.003613 0.030944 -0.000536
v 0.003613 0.031325 -0.000493
v 0.003383 0.031570 -0.000468
v 0.003135 0.031632 -0.000462
v 0.002897 0.031592 -0.000465
v 0.002643 0.031369 -0.000489
v 0.002643 0.030899 -0.000540
v 0.002897 0.030676 -0.000564
v 0.001589 0.030147 0.003848
v 0.001713 0.030185 0.004111
v 0.001823 0.030404 0.004399
v 0.001815 0.030806 0.004443
v 0.001688 0.031075 0.004197
v 0.001557 0.031144 0.003939
v 0.001439 0.031127 0.003694
v 0.001299 0.030955 0.003410
v 0.001312 0.030414 0.003346
v 0.001470 0.030191 0.003605
v -0.001562 0.029925 0.003834
v -0.001691 0.029959 0.004094
v -0.001821 0.030179 0.004372
v -0.001829 0.030581 0.004409
v -0.001721 0.030851 0.004154
v -0.001594 0.030923 0.003894
v -0.001477 0.030910 0.003648
v -0.001324 0.030739 0.003367
v -0.001296 0.030195 0.003332
v -0.001441 0.029972 0.003593
v -0.003389 0.030034 -0.000624
v -0.003618 0.030280 -0.000615
v -0.003389 0.030910 -0.000582
v -0.002648 0.030709 -0.000596
v -0.002902 0.030012 -0.000621
v -0.003140 0.029970 -0.000626
v -0.003618 0.030661 -0.000592
v -0.003139 0.030971 -0.000581
v -0.002903 0.030931 -0.000585
v -0.002648 0.030233 -0.000610
v -0.001595 0.030019 -0.005100
v -0.001721 0.030092 -0.005360
v -0.001828 0.030362 -0.005615
v -0.001821 0.030763 -0.005578
v -0.001692 0.030983 -0.005301
v -0.001561 0.031018 -0.005039
v -0.001442 0.030971 -0.004799
v -0.001296 0.030748 -0.004538
v -0.001324 0.030204 -0.004573
v -0.001477 0.030033 -0.004854
v 0.001557 0.029799 -0.005145
v 0.001688 0.029868 -0.005403
v 0.001815 0.030136 -0.005649
v 0.001823 0.030538 -0.005605
v 0.001713 0.030757 -0.005318
v 0.001589 0.030795 -0.005054
v 0.001470 0.030751 -0.004811
v 0.001312 0.030529 -0.004552
v 0.001299 0.029987 -0.004616
v 0.001439 0.029815 -0.004900
v 0.003135 0.029310 -0.000745
v 0.003383 0.029372 -0.000739
v 0.003613 0.029618 -0.000713
v 0.003613 0.029999 -0.000671
v 0.003383 0.030244 -0.000645
v 0.003135 0.030307 -0.000639
v 0.002897 0.030266 -0.000642
v 0.002643 0.030043 -0.000666
v 0.002643 0.029573 -0.000717
v 0.002897 0.029350 -0.000741
v 0.001589 0.028821 0.003671
v 0.001713 0.028859 0.003934
v 0.001823 0.029078 0.004222
v 0.001815 0.029480 0.004265
v 0.001688 0.029749 0.004020
v 0.001557 0.029818 0.003762
v 0.001439 0.029801 0.003517
v 0.001299 0.029630 0.003233
v 0.001312 0.029088 0.003169
v 0.001470 0.028865 0.003428
v -0.001562 0.028599 0.003656
v -0.001691 0.028633 0.003917
v -0.001821 0.028853 0.004195
v -0.001828 0.029255 0.004232
v -0.001720 0.029525 0.003976
v -0.001595 0.029597 0.003717
v -0.001477 0.029584 0.003471
v -0.001324 0.029413 0.003190
v -0.001296 0.028869 0.003155
v -0.001442 0.028646 0.003416
v -0.003617 0.029338 -0.000768
v -0.002648 0.029383 -0.000773
v -0.003140 0.028645 -0.000803
v -0.003388 0.028707 -0.000801
v -0.003618 0.028953 -0.000792
v -0.003387 0.029583 -0.000759
v -0.003140 0.029645 -0.000758
v -0.002903 0.029605 -0.000763
v -0.002648 0.028909 -0.000787
v -0.002902 0.028685 -0.000798
v -0.001595 0.028693 -0.005277
v -0.001720 0.028766 -0.005537
v -0.001828 0.029036 -0.005793
v -0.001820 0.029438 -0.005755
v -0.001691 0.029657 -0.005477
v -0.001562 0.029692 -0.005217
v -0.001442 0.029645 -0.004976
v -0.001296 0.029422 -0.004715
v -0.001324 0.028878 -0.004750
v -0.001477 0.028707 -0.005031
v 0.001557 0.028473 -0.005322
v 0.001688 0.028542 -0.005580
v 0.001815 0.028811 -0.005826
v 0.001823 0.029212 -0.005782
v 0.001713 0.029432 -0.005495
v 0.001589 0.029469 -0.005231
v 0.001470 0.029425 -0.004988
v 0.001312 0.029203 -0.004729
v 0.001299 0.028661 -0.004793
v 0.001439 0.028489 -0.005077
v 0.003135 0.027984 -0.000922
v 0.003383 0.028046 -0.000916
v 0.003613 0.028292 -0.000890
v 0.003613 0.028673 -0.000848
v 0.003383 0.028919 -0.000822
v 0.003135 0.028981 -0.000816
v 0.002897 0.028940 -0.000820
v 0.002643 0.028717 -0.000843
v 0.002643 0.028248 -0.000894
v 0.002897 0.028024 -0.000918
v 0.001589 0.027496 0.003494
v 0.001713 0.027533 0.003757
v 0.001823 0.027752 0.004045
v 0.001815 0.028154 0.004088
v 0.001688 0.028423 0.003842
v 0.001557 0.028492 0.003585
v 0.001439 0.028476 0.003340
v 0.001299 0.028304 0.003056
v 0.001312 0.027762 0.002992
v 0.001470 0.027540 0.003251
v -0.001561 0.027273 0.003479
v -0.001692 0.027308 0.003740
v -0.001821 0.027527 0.004018
v -0.001828 0.027930 0.004055
v -0.001720 0.028199 0.003799
v -0.001595 0.028271 0.003540
v -0.001478 0.028258 0.003294
v -0.001323 0.028086 0.003012
v -0.001296 0.027543 0.002978
v -0.001442 0.027320 0.003239
v -0.003139 0.027320 -0.000980
v -0.003618 0.027629 -0.000969
v -0.003617 0.028012 -0.000945
v -0.002903 0.028280 -0.000939
v -0.002903 0.027360 -0.000975
v -0.003389 0.027381 -0.000978
v -0.003387 0.028257 -0.000936
v -0.003140 0.028319 -0.000935
v -0.002647 0.028054 -0.000950
v -0.002648 0.027581 -0.000964
v -0.001594 0.027367 -0.005454
v -0.001721 0.027440 -0.005714
v -0.001829 0.027710 -0.005970
v -0.001820 0.028112 -0.005932
v -0.001691 0.028332 -0.005654
v -0.001562 0.028366 -0.005394
v -0.001442 0.028319 -0.005153
v -0.001296 0.028095 -0.004892
v -0.001324 0.027552 -0.004928
v -0.001477 0.027381 -0.005208
v 0.001557 0.027147 -0.005499
v 0.001688 0.027216 -0.005757
v 0.001815 0.027485 -0.006003
v 0.001823 0.027886 -0.005959
v 0.001713 0.028106 -0.005672
v 0.001589 0.028143 -0.005408
v 0.001470 0.028099 -0.005165
v 0.001312 0.027877 -0.004906
v 0.001299 0.027335 -0.004970
v 0.001439 0.027163 -0.005254
v 0.003135 0.026658 -0.001099
v 0.003384 0.026720 -0.001093
v 0.003613 0.026966 -0.001067
v 0.003613 0.027347 -0.001025
v 0.003383 0.027593 -0.000999
v 0.003135 0.027655 -0.000993
v 0.002897 0.027614 -0.000996
v 0.002642 0.027391 -0.001020
v 0.002642 0.026922 -0.001071
v 0.002897 0.026698 -0.001095
v 0.001777 0.036800 0.004629
v 0.001843 0.036840 0.004889
v 0.001895 0.037069 0.005125
v 0.001889 0.037445 0.005167
v 0.001825 0.037727 0.004983
v 0.001755 0.037820 0.004731
v 0.001700 0.037760 0.004484
v 0.001678 0.037531 0.004280
v 0.001688 0.037187 0.004243
v 0.001721 0.036912 0.004397
v -0.001566 0.036573 0.004707
v -0.001694 0.036617 0.004995
v -0.001817 0.036842 0.005261
v -0.001822 0.037207 0.005299
v -0.001724 0.037482 0.005064
v -0.001599 0.037570 0.004777
v -0.001477 0.037554 0.004499
v -0.001322 0.037366 0.004223
v -0.001297 0.036872 0.004186
v -0.001441 0.036630 0.004437
v -0.003140 0.036620 0.000251
v -0.003389 0.036683 0.000252
v -0.003391 0.037557 0.000295
v -0.003141 0.037620 0.000296
v -0.002901 0.037580 0.000290
v -0.002647 0.036885 0.000265
v -0.002901 0.036661 0.000255
v -0.003618 0.036928 0.000261
v -0.003618 0.037309 0.000285
v -0.002647 0.037353 0.000279
v -0.001595 0.036668 -0.004224
v -0.001720 0.036740 -0.004484
v -0.001828 0.037010 -0.004740
v -0.001821 0.037412 -0.004702
v -0.001692 0.037631 -0.004425
v -0.001562 0.037666 -0.004164
v -0.001441 0.037619 -0.003923
v -0.001296 0.037395 -0.003662
v -0.001324 0.036853 -0.003697
v -0.001477 0.036681 -0.003978
v 0.001557 0.036447 -0.004269
v 0.001688 0.036516 -0.004527
v 0.001815 0.036785 -0.004773
v 0.001823 0.037187 -0.004729
v 0.001713 0.037406 -0.004442
v 0.001589 0.037444 -0.004178
v 0.001470 0.037400 -0.003935
v 0.001312 0.037177 -0.003676
v 0.001299 0.036635 -0.003740
v 0.001439 0.036464 -0.004024
v 0.003135 0.035958 0.000131
v 0.003383 0.036021 0.000137
v 0.003613 0.036266 0.000163
v 0.003613 0.036647 0.000205
v 0.003383 0.036893 0.000231
v 0.003135 0.036955 0.000237
v 0.002897 0.036915 0.000233
v 0.002643 0.036692 0.000210
v 0.002643 0.036222 0.000159
v 0.002897 0.035999 0.000135
v 0.001589 0.035470 0.004547
v 0.001713 0.035508 0.004810
v 0.001823 0.035727 0.005098
v 0.001815 0.036129 0.005141
v 0.001688 0.036397 0.004895
v 0.001557 0.036467 0.004638
v 0.001439 0.036450 0.004393
v 0.001299 0.036278 0.004109
v 0.001312 0.035737 0.004045
v 0.001470 0.035514 0.004304
v -0.001563 0.035247 0.004532
v -0.001691 0.035282 0.004793
v -0.001821 0.035501 0.005071
v -0.001828 0.035903 0.005108
v -0.001721 0.036173 0.004852
v -0.001595 0.036246 0.004593
v -0.001477 0.036232 0.004347
v -0.001324 0.036061 0.004066
v -0.001296 0.035518 0.004030
v -0.001441 0.035294 0.004291
v -0.003389 0.035357 0.000075
v -0.003618 0.035603 0.000084
v -0.003141 0.036295 0.000118
v -0.002903 0.036254 0.000113
v -0.002648 0.036031 0.000103
v -0.002647 0.035559 0.000089
v -0.003141 0.035293 0.000073
v -0.003618 0.035985 0.000107
v -0.003389 0.036231 0.000117
v -0.002902 0.035333 0.000078
v -0.001595 0.035342 -0.004402
v -0.001721 0.035414 -0.004661
v -0.001828 0.035684 -0.004917
v -0.001821 0.036086 -0.004879
v -0.001691 0.036306 -0.004602
v -0.001562 0.036340 -0.004341
v -0.001442 0.036293 -0.004100
v -0.001296 0.036070 -0.003839
v -0.001323 0.035527 -0.003874
v -0.001477 0.035355 -0.004155
v 0.001558 0.035121 -0.004447
v 0.001690 0.035191 -0.004705
v 0.001816 0.035460 -0.004950
v 0.001823 0.035860 -0.004907
v 0.001715 0.036079 -0.004620
v 0.001591 0.036118 -0.004356
v 0.001469 0.036073 -0.004112
v 0.001311 0.035850 -0.003853
v 0.001297 0.035311 -0.003917
v 0.001438 0.035138 -0.004201
v 0.003136 0.034633 -0.000050
v 0.003407 0.034709 -0.000032
v 0.003619 0.034957 -0.000007
v 0.003620 0.035299 0.000033
v 0.003416 0.035545 0.000063
v 0.003149 0.035628 0.000062
v 0.002879 0.035582 0.000047
v 0.002632 0.035345 0.000025
v 0.002629 0.034926 -0.000022
v 0.002867 0.034688 -0.000054
v 0.001589 0.034029 0.004364
v 0.001717 0.034099 0.004627
v 0.001805 0.034362 0.004864
v 0.001800 0.034775 0.004915
v 0.001570 0.035215 0.004499
v 0.001311 0.034931 0.003985
vn -0.0000 -1.0000 -0.0000
vn -0.0000 0.7534 0.6575
vn -0.4346 0.3754 0.8186
vn -0.1163 0.3674 0.9228
vn -0.0000 -1.0000 0.0013
vn -0.0000 1.0000 -0.0000
vn -0.0000 -0.0000 -1.0000
vn -0.0000 -1.0000 0.0019
vn -0.0000 0.7346 0.6785
vn -0.0000 0.9261 0.3773
vn -0.1748 -0.0000 0.9846
vn -0.0000 -0.0000 1.0000
vn -0.0000 0.4138 0.9104
vn -0.1838 -0.0000 -0.9830
vn -1.0000 -0.0000 -0.0000
vn -0.9962 -0.0000 0.0869
vn -0.9989 -0.0000 0.0475
vn -0.0000 0.1267 -0.9919
vn -0.1840 0.1245 -0.9750
vn -0.1837 0.1297 -0.9744
vn -0.0000 0.1321 -0.9912
vn -0.9784 -0.0000 -0.2069
vn -0.9784 -0.0285 0.2049
vn -0.9788 -0.0300 0.2025
vn -0.1838 0.1357 -0.9736
vn -0.0000 0.1380 -0.9904
vn -0.0000 -0.1321 0.9912
vn -0.1840 -0.1299 0.9743
vn -0.1840 -0.1245 0.9750
vn -0.0000 -0.1267 0.9919
vn -0.0000 -0.1376 0.9905
vn -0.1834 -0.1353 0.9737
vn -0.0000 -0.1462 0.9893
vn -0.1825 -0.1437 0.9726
vn -0.0000 -0.1555 0.9878
vn -0.1810 -0.1522 0.9716
vn -0.9784 -0.0264 0.2051
vn -0.9784 -0.0262 0.2051
vn -0.9785 -0.0271 0.2043
vn -0.9923 0.1188 0.0354
vn -0.9803 0.0016 0.1975
vn -0.9862 0.1340 0.0968
vn -0.9626 0.2481 0.1087
vn -0.1831 0.1462 -0.9722
vn -0.0000 0.1490 -0.9888
vn -0.0000 0.1598 -0.9871
vn -0.1973 0.1811 -0.9635
vn -0.1767 0.2031 -0.9631
vn -0.1839 -0.1253 0.9749
vn -0.6905 -0.0916 0.7176
vn -0.6904 -0.0922 0.7175
vn -0.6911 -0.0955 0.7164
vn -0.6896 -0.0997 0.7173
vn -0.6884 -0.1058 0.7176
vn -0.1790 -0.1523 0.9720
vn -0.2020 -0.1514 0.9676
vn -0.7775 -0.0973 0.6214
vn -0.6717 -0.1145 0.7319
vn -0.0000 -0.1274 0.9918
vn -0.1866 -0.1255 0.9744
vn -0.0000 -0.1277 0.9918
vn -0.1839 0.1253 -0.9749
vn -0.1812 0.1256 -0.9754
vn -0.6743 0.0943 -0.7324
vn -0.6905 0.0922 -0.7174
vn -0.9748 0.0285 -0.2211
vn -0.9784 0.0263 -0.2050
vn -0.6906 0.0916 -0.7174
vn -0.6896 0.0956 -0.7178
vn -0.9784 0.0262 -0.2050
vn -0.9782 0.0275 -0.2058
vn -0.6908 0.0998 -0.7162
vn -0.9785 0.0285 -0.2041
vn -0.6918 0.1080 -0.7140
vn -0.9790 0.0310 -0.2014
vn -0.1826 0.1571 -0.9705
vn -0.6991 0.1151 -0.7057
vn -0.9814 0.0315 -0.1893
vn -0.0000 0.1274 -0.9918
vn -0.9860 0.1665 -0.0097
vn -0.9858 0.1602 0.0503
vn -0.9550 0.2841 0.0857
vn -0.9539 0.3001 -0.0025
vn -0.9673 0.1751 -0.1833
vn -0.9875 0.1562 -0.0189
vn -0.9486 0.3140 -0.0397
vn -0.9325 0.3206 -0.1663
vn -0.6902 -0.0000 -0.7236
vn -0.9201 -0.0000 0.3917
vn -0.9530 -0.0000 0.3031
vn -0.6017 -0.0000 0.7987
vn -0.0001 -1.0000 0.0020
vn -0.0000 -1.0000 0.0014
vn -0.0000 0.1277 -0.9918
vn -0.7056 -0.0905 0.7029
vn -0.9817 -0.0243 0.1891
vn -0.7133 0.2028 -0.6708
vn -0.6801 -0.1133 0.7243
vn -0.9794 -0.0314 0.1994
vn 0.1163 0.3674 0.9228
vn 0.4346 0.3754 0.8186
vn 0.1748 -0.0000 0.9846
vn 0.1838 -0.0000 -0.9830
vn 1.0000 -0.0000 -0.0000
vn 0.9989 -0.0000 0.0475
vn 0.9962 -0.0000 0.0869
vn 0.1837 0.1297 -0.9744
vn 0.1840 0.1245 -0.9750
vn 0.9784 -0.0000 -0.2069
vn 0.9788 -0.0300 0.2025
vn 0.9784 -0.0285 0.2049
vn 0.1838 0.1357 -0.9736
vn 0.1840 -0.1245 0.9750
vn 0.1840 -0.1299 0.9743
vn 0.1834 -0.1353 0.9737
vn 0.1825 -0.1437 0.9726
vn 0.1810 -0.1522 0.9716
vn 0.9784 -0.0262 0.2051
vn 0.9784 -0.0264 0.2051
vn 0.9785 -0.0271 0.2043
vn 0.9950 0.0990 0.0162
vn 0.9741 0.2144 0.0722
vn 0.9927 0.1094 0.0509
vn 0.9816 -0.0057 0.1909
vn 0.1831 0.1462 -0.9722
vn 0.1767 0.2031 -0.9631
vn 0.1973 0.1811 -0.9635
vn 0.1839 -0.1253 0.9749
vn 0.6904 -0.0922 0.7175
vn 0.6905 -0.0916 0.7176
vn 0.6911 -0.0955 0.7164
vn 0.6896 -0.0997 0.7173
vn 0.6884 -0.1058 0.7176
vn 0.1790 -0.1523 0.9720
vn 0.6717 -0.1145 0.7319
vn 0.7845 -0.0964 0.6126
vn 0.2020 -0.1514 0.9676
vn 0.1866 -0.1255 0.9744
vn 0.1839 0.1253 -0.9749
vn 0.6905 0.0922 -0.7174
vn 0.6743 0.0943 -0.7324
vn 0.1812 0.1256 -0.9754
vn 0.9784 0.0263 -0.2050
vn 0.9748 0.0285 -0.2211
vn 0.6896 0.0956 -0.7178
vn 0.6906 0.0916 -0.7174
vn 0.9782 0.0275 -0.2058
vn 0.9784 0.0262 -0.2050
vn 0.6908 0.0998 -0.7162
vn 0.9785 0.0285 -0.2041
vn 0.6918 0.1080 -0.7140
vn 0.9790 0.0310 -0.2014
vn 0.1826 0.1571 -0.9705
vn 0.6991 0.1151 -0.7057
vn 0.9814 0.0315 -0.1893
vn 0.9860 0.1665 -0.0097
vn 0.9539 0.3001 -0.0025
vn 0.9603 0.2695 0.0716
vn 0.9876 0.1519 0.0406
vn 0.9673 0.1751 -0.1833
vn 0.9325 0.3206 -0.1663
vn 0.9486 0.3140 -0.0397
vn 0.9875 0.1562 -0.0189
vn 0.6902 -0.0000 -0.7236
vn 0.9530 -0.0000 0.3031
vn 0.9201 -0.0000 0.3917
vn 0.6017 -0.0000 0.7987
vn 0.0001 -1.0000 0.0020
vn 0.7056 -0.0905 0.7029
vn 0.9817 -0.0243 0.1891
vn 0.7133 0.2028 -0.6708
vn 0.9794 -0.0314 0.1994
vn 0.6801 -0.1133 0.7243
vn -0.0677 0.9970 -0.0362
vn -0.0000 0.9989 -0.0462
vn -0.0000 0.9957 -0.0922
vn -0.0309 0.9958 -0.0856
vn -0.1493 -0.7565 -0.6367
vn -0.0748 -0.7666 -0.6377
vn 0.0938 -0.4228 -0.9013
vn 0.3895 -0.4336 -0.8126
vn -0.0785 0.9969 -0.0011
vn -0.0000 1.0000 -0.0013
vn -0.0771 0.9970 -0.0000
vn -0.1271 -0.9917 -0.0174
vn -0.0208 -0.9997 -0.0162
vn 0.0140 -0.0000 0.9999
vn -0.0876 0.9961 0.0044
vn -0.0000 1.0000 -0.0019
vn -0.0721 -0.7305 -0.6791
vn -0.0669 -0.9223 -0.3807
vn -0.0000 -0.9193 -0.3936
vn -0.0000 -0.7314 -0.6820
vn -0.0000 -0.4788 -0.8779
vn -0.0000 -0.0962 -0.9954
vn 0.1689 -0.0891 -0.9816
vn 0.1930 -0.0000 0.9812
vn 1.0000 0.0022 0.0034
vn 1.0000 0.0041 -0.0030
vn 0.9991 -0.0015 -0.0422
vn 0.9959 -0.0042 -0.0907
vn -0.1439 -0.7258 -0.6727
vn -0.1406 -0.9170 -0.3733
vn -0.1538 0.9881 -0.0000
vn -0.1538 0.9880 -0.0104
vn -0.0341 -0.9993 -0.0160
vn -0.0493 -0.9988 -0.0064
vn -0.0291 -0.9995 -0.0124
vn -0.0194 -0.9997 -0.0112
vn 0.1735 -0.1300 0.9762
vn 0.1737 -0.1247 0.9769
vn -0.1565 0.9877 -0.0010
vn 1.0000 -0.0000 0.0056
vn 0.9786 -0.0000 0.2059
vn 1.0000 -0.0001 0.0009
vn 0.9802 0.0291 -0.1960
vn 0.9797 0.0276 -0.1987
vn 1.0000 0.0005 0.0035
vn 1.0000 0.0049 -0.0000
vn -0.0532 -0.9984 -0.0185
vn -0.0000 -0.1380 0.9904
vn 0.1734 -0.1359 0.9754
vn 0.1776 0.1246 -0.9762
vn 0.1776 0.1301 -0.9755
vn -0.0000 0.1376 -0.9905
vn 0.1770 0.1354 -0.9749
vn -0.0000 0.1462 -0.9893
vn 0.1758 0.1439 -0.9739
vn -0.0000 0.1555 -0.9878
vn 0.1722 0.1527 -0.9731
vn 1.0000 -0.0029 0.0013
vn 0.9797 0.0254 -0.1989
vn 0.9799 0.0223 -0.1983
vn 0.9798 0.0263 -0.1981
vn 0.9927 -0.1151 -0.0352
vn 0.9648 -0.2405 -0.1067
vn 0.9867 -0.1323 -0.0940
vn 0.9804 -0.0009 -0.1969
vn -0.0000 -0.9998 -0.0176
vn 0.0019 -0.9998 -0.0201
vn 0.0138 -0.9997 -0.0209
vn -0.0000 -0.9996 -0.0282
vn -0.0000 -0.1490 0.9888
vn 0.1725 -0.1464 0.9741
vn -0.0000 -0.1597 0.9872
vn -0.0000 -0.1596 0.9872
vn 0.1604 -0.1989 0.9668
vn 0.1798 -0.1782 0.9674
vn -0.0792 -0.7514 -0.6551
vn -0.0000 -0.7534 -0.6576
vn -0.0000 -0.7697 -0.6384
vn 0.0434 -0.9982 -0.0411
vn -0.0244 -0.9996 -0.0102
vn 0.1756 0.1220 -0.9769
vn 0.6896 0.0885 -0.7187
vn 0.6903 0.0916 -0.7177
vn 0.6910 0.0955 -0.7165
vn 0.6895 0.0997 -0.7174
vn 0.6882 0.1058 -0.7178
vn 0.1661 0.1533 -0.9741
vn 0.6632 0.1161 -0.7394
vn 0.7774 0.0976 -0.6214
vn 0.1834 0.1528 -0.9711
vn -0.0000 0.1242 -0.9923
vn -0.0000 0.1212 -0.9926
vn 0.1769 0.1186 -0.9770
vn 0.1727 -0.1281 0.9766
vn 0.6916 -0.0953 0.7159
vn 0.6748 -0.1005 0.7312
vn 0.1704 -0.1310 0.9766
vn 0.9809 -0.0279 0.1926
vn 0.9780 -0.0329 0.2060
vn 0.6895 -0.0956 0.7179
vn 0.6905 -0.0916 0.7175
vn 0.9803 -0.0262 0.1957
vn 0.9805 -0.0248 0.1949
vn 0.6906 -0.0998 0.7163
vn 0.9806 -0.0271 0.1940
vn 0.6915 -0.1080 0.7143
vn 0.9811 -0.0295 0.1910
vn 0.1703 -0.1573 0.9727
vn 0.6971 -0.1153 0.7076
vn 0.9833 -0.0300 0.1796
vn -0.0000 -0.1298 0.9915
vn -0.0294 -0.9996 0.0034
vn -0.0150 -0.9995 -0.0282
vn 0.9868 -0.1614 0.0094
vn 0.9566 -0.2913 0.0025
vn 0.9577 -0.2756 -0.0833
vn 0.9866 -0.1555 -0.0489
vn 1.0000 -0.0024 0.0003
vn 1.0000 0.0001 -0.0012
vn 1.0000 0.0002 -0.0013
vn 1.0000 0.0002 -0.0012
vn 1.0000 -0.0025 -0.0015
vn 1.0000 0.0002 -0.0014
vn 0.9684 -0.1727 0.1797
vn 0.9358 -0.3125 0.1632
vn 0.9516 -0.3048 0.0385
vn 0.9883 -0.1517 0.0183
vn 1.0000 -0.0038 -0.0001
vn 0.6914 -0.0000 0.7225
vn -0.0509 0.9974 -0.0505
vn -0.0845 0.9926 -0.0872
vn -0.0907 0.9935 -0.0683
vn 0.9592 -0.0176 -0.2823
vn 0.9155 -0.0271 -0.4015
vn 0.5905 -0.0642 -0.8045
vn -0.1731 0.9849 0.0095
vn -0.1578 -0.7446 -0.6486
vn -0.0981 0.9864 0.1316
vn -0.0000 0.9914 0.1309
vn -0.0769 0.9655 0.2488
vn -0.0000 0.9654 0.2609
vn -0.1898 0.9780 0.0868
vn -0.1882 0.9553 0.2281
vn 1.0000 -0.0056 0.0008
vn 1.0000 -0.0057 0.0015
vn 1.0000 -0.0061 -0.0020
vn 1.0000 -0.0060 0.0001
vn -0.0000 -0.1325 0.9912
vn 0.7048 0.0830 -0.7045
vn 0.9830 0.0173 -0.1830
vn 1.0000 -0.0002 0.0007
vn 1.0000 0.0001 -0.0006
vn 0.7068 -0.1988 0.6789
vn 0.9805 0.0305 -0.1942
vn 0.6780 0.1139 -0.7262
vn -0.0000 -0.1598 0.9871
vn -0.0000 0.1556 -0.9878
vn 0.0677 0.9970 -0.0362
vn 0.0309 0.9958 -0.0856
vn 0.1493 -0.7565 -0.6367
vn -0.3895 -0.4336 -0.8126
vn -0.0938 -0.4228 -0.9013
vn 0.0748 -0.7666 -0.6377
vn 0.0785 0.9969 -0.0011
vn 0.0771 0.9970 -0.0000
vn 0.0006 -1.0000 -0.0000
vn 0.0208 -0.9997 -0.0162
vn -0.0140 -0.0000 0.9999
vn 0.0876 0.9961 0.0044
vn 0.0721 -0.7305 -0.6791
vn 0.0669 -0.9223 -0.3807
vn -0.1689 -0.0891 -0.9816
vn -0.1930 -0.0000 0.9812
vn -1.0000 0.0022 0.0034
vn -0.9959 -0.0042 -0.0907
vn -0.9991 -0.0015 -0.0422
vn -1.0000 0.0041 -0.0030
vn 0.1439 -0.7258 -0.6727
vn 0.1406 -0.9170 -0.3733
vn 0.1538 0.9881 -0.0000
vn 0.1538 0.9880 -0.0104
vn 0.0341 -0.9993 -0.0160
vn 0.0194 -0.9997 -0.0112
vn 0.0290 -0.9995 -0.0124
vn 0.0493 -0.9988 -0.0064
vn -0.1737 -0.1247 0.9769
vn -0.1735 -0.1300 0.9762
vn 0.1565 0.9877 -0.0010
vn -1.0000 -0.0000 0.0056
vn -0.9786 -0.0000 0.2059
vn -1.0000 -0.0001 0.0009
vn -0.9797 0.0276 -0.1987
vn -0.9802 0.0291 -0.1960
vn -1.0000 0.0005 0.0035
vn -1.0000 0.0049 -0.0000
vn 0.0532 -0.9984 -0.0185
vn 0.1271 -0.9917 -0.0174
vn -0.1734 -0.1359 0.9754
vn -0.1776 0.1301 -0.9755
vn -0.1776 0.1246 -0.9762
vn -0.1770 0.1354 -0.9749
vn -0.1758 0.1439 -0.9739
vn -0.1722 0.1527 -0.9731
vn -1.0000 -0.0029 0.0013
vn -0.9799 0.0223 -0.1983
vn -0.9797 0.0254 -0.1989
vn -0.9798 0.0263 -0.1981
vn -0.9927 -0.1151 -0.0352
vn -0.9804 -0.0009 -0.1969
vn -0.9633 0.1240 0.2379
vn -0.9858 0.0451 0.1618
vn -0.0019 -0.9998 -0.0201
vn -0.0138 -0.9997 -0.0209
vn -0.1725 -0.1464 0.9741
vn -0.1798 -0.1782 0.9674
vn -0.1604 -0.1989 0.9668
vn 0.0792 -0.7514 -0.6551
vn -0.0434 -0.9982 -0.0411
vn 0.0244 -0.9996 -0.0102
vn -0.1756 0.1220 -0.9769
vn -0.6903 0.0916 -0.7177
vn -0.6896 0.0885 -0.7187
vn -0.6910 0.0955 -0.7165
vn -0.6895 0.0997 -0.7174
vn -0.6882 0.1058 -0.7178
vn -0.1661 0.1533 -0.9741
vn -0.1834 0.1528 -0.9711
vn -0.8498 0.5147 -0.1139
vn -0.6632 0.1161 -0.7394
vn -0.1769 0.1186 -0.9770
vn -0.1727 -0.1281 0.9766
vn -0.1704 -0.1310 0.9766
vn -0.6748 -0.1005 0.7312
vn -0.6916 -0.0953 0.7159
vn -0.9780 -0.0329 0.2060
vn -0.9809 -0.0279 0.1926
vn -0.6905 -0.0916 0.7175
vn -0.6895 -0.0956 0.7179
vn -0.9805 -0.0248 0.1949
vn -0.9803 -0.0262 0.1957
vn -0.6906 -0.0998 0.7163
vn -0.9806 -0.0271 0.1940
vn -0.6915 -0.1080 0.7143
vn -0.9811 -0.0295 0.1910
vn -0.1703 -0.1573 0.9727
vn -0.6971 -0.1153 0.7076
vn -0.9833 -0.0300 0.1796
vn 0.0294 -0.9996 0.0034
vn 0.0150 -0.9995 -0.0282
vn -0.9868 -0.1614 0.0094
vn -0.9866 -0.1555 -0.0489
vn -0.9990 -0.0034 0.0451
vn -0.9566 -0.2913 0.0025
vn -1.0000 -0.0024 0.0003
vn -1.0000 0.0002 -0.0013
vn -1.0000 0.0001 -0.0012
vn -1.0000 -0.0025 -0.0015
vn -1.0000 0.0002 -0.0012
vn -1.0000 0.0002 -0.0014
vn -0.9684 -0.1727 0.1797
vn -0.9883 -0.1517 0.0183
vn -0.9516 -0.3048 0.0385
vn -0.9358 -0.3125 0.1632
vn -1.0000 -0.0038 -0.0001
vn -0.6914 -0.0000 0.7225
vn 0.0907 0.9935 -0.0683
vn -0.9155 -0.0271 -0.4015
vn -0.9592 -0.0176 -0.2823
vn -0.5905 -0.0642 -0.8045
vn 0.1731 0.9849 0.0095
vn 0.1578 -0.7446 -0.6486
vn 0.0981 0.9864 0.1316
vn 0.0769 0.9655 0.2488
vn 0.1882 0.9553 0.2281
vn 0.1898 0.9780 0.0868
vn -1.0000 -0.0056 0.0008
vn -1.0000 -0.0057 0.0015
vn -1.0000 -0.0061 -0.0020
vn -1.0000 -0.0060 0.0001
vn -0.7048 0.0830 -0.7045
vn -0.9830 0.0173 -0.1830
vn -1.0000 -0.0002 0.0007
vn -1.0000 0.0001 -0.0006
vn -0.7068 -0.1988 0.6789
vn -0.6780 0.1139 -0.7262
vn -0.9805 0.0305 -0.1942
vn 0.3215 0.6765 0.6625
vn 0.3386 0.9051 0.2571
vn 0.3406 0.9054 0.2535
vn 0.3208 0.7429 0.5875
vn 0.1771 0.5962 0.7831
vn 0.1661 0.6070 0.7771
vn -0.0000 0.9803 0.1974
vn 0.1253 0.9871 0.0997
vn 0.2182 0.9746 -0.0497
vn 0.2130 0.9752 -0.0601
vn 0.1327 0.9865 0.0961
vn 0.0993 0.9862 -0.1322
vn 0.0959 0.9867 -0.1316
vn 0.0127 0.9930 -0.1171
vn -0.0000 0.9871 0.1598
vn -0.0000 0.9554 0.2952
vn 0.0151 0.7864 0.6175
vn 0.0131 0.7950 0.6064
vn -0.0000 0.1364 -0.9907
vn -0.0000 0.1379 -0.9904
vn -0.0000 0.2496 -0.9684
vn -0.0000 -0.0690 -0.9976
vn -0.0000 0.0661 0.9978
vn -0.0000 0.4054 0.9141
vn -0.0000 -0.5771 0.8167
vn -0.0000 -0.2864 0.9581
vn -0.0000 0.9993 -0.0383
vn -0.0000 -0.1393 0.9902
vn -0.0000 -0.1364 0.9907
vn -0.0000 0.9926 0.1211
vn -0.0000 0.9587 -0.2845
vn -0.0000 -0.7662 -0.6426
vn -0.0000 -0.9535 -0.3014
vn -0.0000 -0.9874 0.1581
vn -0.0000 -0.8267 0.5626
vn -0.0000 -0.3501 -0.9367
vn -0.0000 -0.5375 -0.8433
vn -0.0000 0.6682 0.7440
vn -0.0000 0.8795 0.4760
vn -0.0000 0.7377 -0.6751
vn -0.0000 0.4644 -0.8856
vn -0.3386 0.9051 0.2571
vn -0.6573 0.6156 0.4346
vn -0.3406 0.9054 0.2535
vn -0.8622 0.2277 0.4525
vn -0.2183 0.9746 -0.0497
vn -0.1253 0.9871 0.0997
vn -0.1327 0.9865 0.0961
vn -0.2131 0.9752 -0.0601
vn -0.0993 0.9862 -0.1322
vn -0.0959 0.9867 -0.1316
vn -0.0127 0.9930 -0.1171
vn -0.8714 0.3633 0.3296
vn -0.8548 0.4543 0.2508
vn -0.0000 0.9992 0.0403
vn 0.6936 0.3121 -0.6492
vn -0.6936 0.3121 -0.6492
vn -0.6915 -0.3082 0.6534
vn 0.6915 -0.3082 0.6534
vn -0.0000 0.9984 0.0565
vn -0.0000 -0.9984 -0.0565
vn -1.0000 -0.0002 0.0031
vn -0.7707 0.0360 -0.6362
vn -0.2553 0.0546 -0.9653
vn -0.9812 -0.0109 0.1927
vn -0.9989 -0.0026 0.0466
vn -0.1061 -0.0562 0.9928
vn -0.2110 -0.0552 0.9759
vn -0.9549 -0.0168 0.2963
vn 0.2110 -0.0552 0.9759
vn 0.1061 -0.0562 0.9928
vn 0.9812 -0.0109 0.1927
vn 0.9549 -0.0168 0.2963
vn 0.9991 -0.0025 0.0435
vn 1.0000 -0.0000 0.0002
vn 0.9931 0.0066 -0.1171
vn 0.2119 0.0552 -0.9757
vn 0.7715 0.0359 -0.6352
vn -1.0000 -0.0000 0.0002
vn -0.9867 0.0092 -0.1624
vn -0.0006 -1.0000 -0.0000
vn -0.0011 -1.0000 -0.0002
vn 0.0011 -1.0000 -0.0002
vn 0.0845 0.9926 -0.0872
vn 0.0509 0.9974 -0.0505
vn 0.5588 -0.8050 0.1994
vn -0.2778 -0.8970 0.3440
vn -0.0186 -0.9995 0.0245
vn 0.1425 -0.9893 -0.0314
vn -0.5188 -0.8427 0.1435
vn -0.0534 -0.9986 -0.0052
vn 0.8810 -0.3097 0.3578
vn -0.5127 -0.4463 0.7335
vn -0.8748 -0.3667 0.3166
vn 0.8775 0.2488 0.4100
vn -0.5340 0.2985 0.7910
vn -0.8771 0.3594 -0.3188
vn 0.5304 0.7677 0.3595
vn -0.3663 0.8231 0.4340
vn -0.5261 0.8377 -0.1467
vn -0.0376 0.9907 0.1306
vn -0.1224 0.9863 0.1105
vn -0.0537 0.9985 0.0056
vn -0.0845 0.9734 -0.2129
vn 0.1051 0.9809 -0.1635
vn 0.3918 0.9083 0.1466
vn -0.1066 0.6066 -0.7878
vn 0.4681 0.6270 -0.6227
vn 0.8431 0.4269 0.3271
vn -0.0373 -0.4213 -0.9062
vn 0.5368 -0.5028 -0.6775
vn 0.8305 -0.4522 -0.3252
vn 0.0456 -0.9344 -0.3532
vn 0.2128 -0.9458 -0.2455
vn 0.3851 -0.9111 -0.1472
vn -0.3644 -0.8245 -0.4330
vn -0.1221 -0.9864 -0.1100
vn 0.2845 -0.8370 -0.4674
vn 0.0204 -0.9885 -0.1498
vn 0.5582 -0.8254 -0.0841
vn 0.0849 -0.9914 -0.0998
vn 0.3563 -0.8797 0.3148
vn 0.1198 -0.9927 -0.0132
vn -0.2796 -0.8961 0.3447
vn -0.0203 -0.9995 0.0255
vn -0.5595 -0.8285 -0.0219
vn -0.0873 -0.9960 -0.0216
vn -0.5330 -0.3005 -0.7910
vn 0.5095 -0.3132 -0.8015
vn 0.9424 -0.3325 -0.0351
vn 0.5320 -0.4316 0.7285
vn -0.5132 -0.4453 0.7337
vn -0.9426 -0.3338 -0.0128
vn -0.5138 0.4444 -0.7338
vn 0.5320 0.4315 -0.7286
vn 0.9424 0.3325 0.0351
vn 0.5095 0.3130 0.8015
vn -0.5335 0.2994 0.7910
vn -0.9426 0.3338 0.0128
vn -0.2799 0.8958 -0.3451
vn 0.3563 0.8797 -0.3150
vn 0.5582 0.8254 0.0841
vn 0.2845 0.8369 0.4676
vn -0.3660 0.8234 0.4337
vn -0.5595 0.8285 0.0219
vn -0.0190 0.9995 -0.0251
vn 0.1198 0.9927 0.0131
vn 0.0849 0.9914 0.0998
vn 0.0204 0.9885 0.1501
vn -0.1238 0.9861 0.1109
vn -0.0874 0.9959 0.0216
vn 0.2134 0.9455 0.2458
vn -0.1085 0.9508 0.2902
vn -0.3687 0.9246 0.0955
vn -0.2058 0.9712 -0.1199
vn 0.1042 0.9811 -0.1629
vn 0.3679 0.9297 0.0175
vn 0.5377 0.5008 0.6782
vn -0.4779 0.5093 0.7157
vn -0.8903 0.4529 0.0482
vn -0.5209 0.6186 -0.5882
vn 0.4671 0.6288 -0.6217
vn 0.8899 0.4561 0.0088
vn 0.4670 -0.6287 0.6217
vn -0.5209 -0.6186 0.5882
vn -0.8903 -0.4529 -0.0482
vn -0.4779 -0.5093 -0.7157
vn 0.5377 -0.5009 -0.6782
vn 0.8914 -0.4531 -0.0087
vn 0.1045 -0.9810 0.1632
vn -0.2058 -0.9712 0.1200
vn -0.3687 -0.9246 -0.0955
vn -0.1085 -0.9508 -0.2902
vn 0.2130 -0.9457 -0.2457
vn 0.3694 -0.9291 -0.0175
vn -0.3660 -0.8234 -0.4337
vn -0.1237 -0.9861 -0.1109
vn 0.2845 -0.8369 -0.4676
vn 0.0204 -0.9885 -0.1501
vn 0.3563 -0.8797 0.3150
vn 0.1198 -0.9927 -0.0131
vn -0.2799 -0.8958 0.3451
vn -0.0191 -0.9995 0.0252
vn -0.5595 -0.8285 -0.0220
vn -0.0853 -0.9961 -0.0216
vn -0.5335 -0.2994 -0.7910
vn 0.5095 -0.3130 -0.8015
vn 0.5320 -0.4315 0.7285
vn -0.5136 -0.4447 0.7338
vn -0.9430 -0.3326 -0.0127
vn -0.5132 0.4453 -0.7337
vn 0.5320 0.4316 -0.7285
vn 0.5095 0.3131 0.8015
vn -0.5334 0.2997 0.7910
vn -0.9423 0.3345 0.0129
vn -0.2796 0.8961 -0.3447
vn 0.3563 0.8797 -0.3148
vn -0.3653 0.8238 0.4335
vn -0.5577 0.8297 0.0219
vn -0.0204 0.9995 -0.0255
vn 0.0204 0.9885 0.1499
vn -0.1217 0.9864 0.1101
vn -0.0831 0.9963 0.0216
vn 0.2125 0.9459 0.2452
vn -0.1085 0.9508 0.2900
vn -0.2058 0.9712 -0.1200
vn 0.1054 0.9809 -0.1636
vn 0.3697 0.9290 0.0176
vn 0.5369 0.5028 0.6774
vn -0.4778 0.5096 0.7155
vn -0.5209 0.6187 -0.5881
vn 0.4668 0.6293 -0.6214
vn 0.8894 0.4571 0.0088
vn 0.4681 -0.6270 0.6227
vn -0.5210 -0.6184 0.5884
vn -0.8903 -0.4528 -0.0482
vn -0.4779 -0.5094 -0.7156
vn 0.5372 -0.5019 -0.6779
vn 0.8905 -0.4548 -0.0087
vn 0.1047 -0.9810 0.1634
vn -0.2059 -0.9712 0.1201
vn -0.1085 -0.9508 -0.2901
vn 0.2129 -0.9458 -0.2455
vn 0.3685 -0.9295 -0.0175
vn -0.3663 -0.8231 -0.4340
vn -0.1225 -0.9863 -0.1106
vn 0.2845 -0.8368 -0.4678
vn -0.2795 -0.8961 0.3447
vn -0.0198 -0.9995 0.0253
vn -0.5594 -0.8286 -0.0219
vn -0.0858 -0.9961 -0.0216
vn -0.5338 -0.2986 -0.7911
vn 0.5095 -0.3129 -0.8016
vn -0.5131 -0.4456 0.7336
vn -0.9424 -0.3342 -0.0128
vn -0.5131 0.4456 -0.7336
vn 0.5095 0.3129 0.8016
vn -0.5338 0.2988 0.7910
vn -0.9429 0.3329 0.0127
vn -0.2788 0.8964 -0.3445
vn 0.3564 0.8797 -0.3148
vn 0.2845 0.8368 0.4678
vn -0.3657 0.8235 0.4338
vn -0.5580 0.8295 0.0220
vn -0.0182 0.9995 -0.0246
vn 0.1198 0.9927 0.0133
vn 0.0204 0.9885 0.1500
vn -0.1212 0.9865 0.1100
vn -0.0829 0.9963 0.0216
vn 0.2137 0.9454 0.2459
vn -0.1085 0.9508 0.2901
vn 0.1043 0.9811 -0.1630
vn 0.3674 0.9299 0.0176
vn 0.5367 0.5034 0.6772
vn -0.4778 0.5097 0.7155
vn 0.4665 0.6293 -0.6215
vn 0.8893 0.4572 0.0088
vn 0.4674 -0.6280 0.6222
vn -0.5210 -0.6185 0.5883
vn -0.4779 -0.5096 -0.7155
vn 0.5368 -0.5030 -0.6774
vn 0.8897 -0.4565 -0.0087
vn 0.1046 -0.9810 0.1631
vn -0.1085 -0.9508 -0.2900
vn 0.2134 -0.9456 -0.2457
vn 0.3692 -0.9292 -0.0176
vn -0.1232 -0.9862 -0.1107
vn 0.0204 -0.9885 -0.1500
vn 0.3564 -0.8797 0.3148
vn -0.2788 -0.8964 0.3446
vn -0.0188 -0.9995 0.0249
vn -0.5579 -0.8296 -0.0219
vn -0.0847 -0.9962 -0.0216
vn -0.5334 -0.2996 -0.7911
vn 0.5095 -0.3131 -0.8015
vn -0.5134 -0.4451 0.7337
vn -0.9426 -0.3338 -0.0129
vn -0.5136 0.4448 -0.7337
vn 0.5095 0.3132 0.8015
vn -0.5332 0.3003 0.7909
vn -0.9419 0.3356 0.0130
vn -0.2792 0.8962 -0.3448
vn 0.3563 0.8797 -0.3149
vn 0.2845 0.8370 0.4674
vn -0.3644 0.8245 0.4330
vn -0.5564 0.8306 0.0219
vn -0.0177 0.9995 -0.0245
vn 0.1198 0.9927 0.0132
vn -0.1221 0.9864 0.1100
vn -0.0846 0.9962 0.0216
vn 0.2126 0.9458 0.2453
vn -0.3686 0.9246 0.0955
vn 0.1039 0.9812 -0.1628
vn 0.3669 0.9301 0.0176
vn 0.5364 0.5034 0.6774
vn -0.4779 0.5096 0.7155
vn -0.5209 0.6188 -0.5880
vn 0.4663 0.6297 -0.6213
vn 0.8890 0.4578 0.0088
vn 0.4669 -0.6289 0.6217
vn -0.5210 -0.6186 0.5881
vn 0.8906 -0.4548 -0.0087
vn 0.1051 -0.9809 0.1634
vn -0.2058 -0.9712 0.1199
vn 0.2129 -0.9457 -0.2455
vn 0.3686 -0.9294 -0.0175
vn -0.3653 -0.8237 -0.4336
vn -0.1222 -0.9863 -0.1104
vn 0.3564 -0.8797 0.3150
vn -0.2793 -0.8961 0.3449
vn -0.0177 -0.9995 0.0245
vn -0.5581 -0.8295 -0.0220
vn -0.0829 -0.9963 -0.0216
vn -0.5336 -0.2992 -0.7910
vn 0.5320 -0.4315 0.7286
vn -0.5138 -0.4445 0.7338
vn -0.9430 -0.3325 -0.0127
vn -0.5128 0.4461 -0.7335
vn 0.5320 0.4317 -0.7284
vn 0.9424 0.3326 0.0351
vn -0.5330 0.3005 0.7910
vn -0.9418 0.3359 0.0130
vn -0.2778 0.8970 -0.3439
vn 0.3564 0.8798 -0.3146
vn -0.5565 0.8306 0.0219
vn -0.0186 0.9995 -0.0245
vn 0.1198 0.9927 0.0134
vn -0.1226 0.9863 0.1102
vn -0.0860 0.9961 0.0216
vn 0.2122 0.9460 0.2452
vn -0.1085 0.9509 0.2900
vn -0.2059 0.9712 -0.1200
vn 0.1036 0.9812 -0.1628
vn 0.3672 0.9300 0.0175
vn 0.5363 0.5038 0.6771
vn -0.4778 0.5097 0.7154
vn -0.5210 0.6183 -0.5884
vn 0.4679 0.6271 -0.6228
vn 0.8914 0.4532 0.0087
vn -0.4778 -0.5098 -0.7154
vn 0.5362 -0.5042 -0.6769
vn 0.8887 -0.4583 -0.0088
vn 0.1046 -0.9810 0.1632
vn 0.2125 -0.9459 -0.2453
vn 0.3673 -0.9299 -0.0176
vn -0.3657 -0.8235 -0.4338
vn -0.1212 -0.9865 -0.1100
vn 0.3564 -0.8798 0.3146
vn 0.1198 -0.9927 -0.0133
vn -0.2784 -0.8967 0.3442
vn -0.0201 -0.9995 0.0252
vn -0.5579 -0.8296 -0.0218
vn -0.0869 -0.9960 -0.0216
vn -0.5340 -0.2985 -0.7910
vn 0.5320 -0.4317 0.7284
vn -0.9419 -0.3357 -0.0130
vn -0.5127 0.4464 -0.7334
vn -0.9430 0.3325 0.0127
vn -0.3657 0.8234 0.4338
vn -0.5582 0.8294 0.0220
vn -0.0192 0.9995 -0.0247
vn -0.1217 0.9864 0.1102
vn -0.0844 0.9962 0.0216
vn 0.2119 0.9460 0.2451
vn -0.2059 0.9712 -0.1201
vn 0.1039 0.9812 -0.1629
vn 0.3677 0.9298 0.0175
vn 0.5375 0.5009 0.6784
vn -0.4780 0.5093 0.7157
vn -0.5210 0.6184 -0.5884
vn 0.4677 0.6274 -0.6226
vn 0.8911 0.4538 0.0087
vn 0.4662 -0.6300 0.6210
vn -0.5209 -0.6188 0.5880
vn -0.4778 -0.5096 -0.7155
vn 0.5369 -0.5027 -0.6775
vn 0.8899 -0.4560 -0.0087
vn 0.1042 -0.9811 0.1630
vn 0.3679 -0.9297 -0.0175
vn -0.3650 -0.8241 -0.4332
vn -0.1235 -0.9862 -0.1107
vn 0.2845 -0.8370 -0.4675
vn 0.0204 -0.9885 -0.1499
vn -0.0197 -0.9995 0.0252
vn -0.0857 -0.9961 -0.0216
vn -0.5330 -0.3004 -0.7910
vn -0.5138 0.4445 -0.7338
vn -0.2793 0.8961 -0.3449
vn -0.0182 0.9995 -0.0247
vn -0.1211 0.9865 0.1099
vn -0.0828 0.9963 0.0216
vn 0.1048 0.9810 -0.1634
vn 0.3689 0.9293 0.0176
vn 0.5374 0.5013 0.6782
vn 0.4672 0.6284 -0.6220
vn 0.8902 0.4554 0.0088
vn 0.4671 -0.6287 0.6217
vn 0.5373 -0.5019 -0.6778
vn 0.8906 -0.4548 -0.0088
vn 0.2139 -0.9453 -0.2461
vn 0.3706 -0.9286 -0.0175
vn -0.1231 -0.9862 -0.1106
vn 0.5583 -0.8253 -0.0840
vn 0.0850 -0.9914 -0.0997
vn 0.3558 -0.8782 0.3197
vn 0.1196 -0.9928 -0.0097
vn -0.3071 -0.8859 0.3475
vn -0.0094 -0.9997 0.0209
vn -0.5280 -0.8348 0.1560
vn 0.0064 -0.9997 -0.0253
vn 0.5315 -0.4311 0.7291
vn -0.5242 -0.4415 0.7282
vn -0.8883 -0.3602 0.2848
vn 0.5320 0.4315 -0.7285
vn 0.9425 0.3324 0.0351
vn 0.5092 0.3098 0.8030
vn -0.5475 0.2792 0.7888
vn -0.9216 0.2379 0.3066
vn 0.5584 0.8253 0.0842
vn 0.2843 0.8337 0.4734
vn -0.4004 0.8024 0.4426
vn -0.6112 0.7632 0.2096
vn -0.0176 0.9995 -0.0244
vn 0.0851 0.9914 0.0998
vn 0.0203 0.9879 0.1538
vn -0.1248 0.9857 0.1135
vn -0.0784 0.9964 0.0309
vn 0.2131 0.9456 0.2457
vn -0.3689 0.9246 0.0954
vn -0.2067 0.9704 -0.1249
vn 0.1450 0.9713 -0.1886
vn 0.4537 0.8773 -0.1563
vn 0.5370 0.5024 0.6777
vn -0.4779 0.5095 0.7156
vn -0.8904 0.4527 0.0481
vn -0.5203 0.6154 -0.5921
vn 0.4895 0.5954 -0.6371
vn 0.8659 0.3975 -0.3038
vn 0.4676 -0.6280 0.6221
vn -0.5209 -0.6185 0.5883
vn -0.8904 -0.4526 -0.0482
vn -0.4779 -0.5036 -0.7197
vn 0.5666 -0.4370 -0.6986
vn 0.8992 -0.2955 -0.3226
vn 0.1056 -0.9808 0.1638
vn -0.2058 -0.9712 0.1201
vn -0.3689 -0.9246 -0.0955
vn -0.1097 -0.9489 -0.2958
vn 0.2685 -0.9216 -0.2803
vn 0.5298 -0.8237 -0.2022
vn -0.1514 0.1195 -0.9812
vn -0.1562 0.1140 -0.9811
vn -0.1566 0.1136 -0.9811
vn -0.1541 0.0941 -0.9836
vn -0.1534 0.0912 -0.9839
vn -0.1444 0.0622 -0.9876
vn -0.1435 0.0602 -0.9878
vn -0.1284 0.0263 -0.9914
vn 0.5605 -0.8044 0.1971
vn -0.2778 -0.8970 0.3439
vn 0.1441 -0.9890 -0.0332
vn -0.5564 -0.8306 -0.0219
vn -0.0844 -0.9962 -0.0216
vn 0.8818 -0.3097 0.3556
vn -0.5127 -0.4464 0.7334
vn -0.9418 -0.3359 -0.0130
vn 0.8782 0.2482 0.4088
vn -0.5340 0.2984 0.7911
vn -0.9431 0.3322 0.0127
vn 0.5305 0.7674 0.3601
vn -0.3663 0.8230 0.4341
vn -0.5595 0.8285 0.0220
vn -0.0376 0.9907 0.1307
vn -0.1224 0.9863 0.1106
vn -0.0851 0.9961 0.0216
vn -0.0845 0.9734 -0.2127
vn 0.3699 0.9289 0.0175
vn -0.1065 0.6067 -0.7878
vn 0.4681 0.6270 -0.6226
vn 0.8914 0.4531 0.0087
vn -0.0373 -0.4214 -0.9061
vn 0.8899 -0.4561 -0.0088
vn 0.0456 -0.9345 -0.3532
vn 0.2128 -0.9457 -0.2456
vn 0.3683 -0.9295 -0.0176
vn -0.9425 0.3338 0.0128
vn 0.5377 0.5009 0.6782
vn 0.4671 0.6287 -0.6217
vn 0.8899 0.4561 0.0087
vn -0.3660 -0.8233 -0.4337
vn 0.2845 -0.8369 -0.4677
vn -0.2799 -0.8959 0.3451
vn -0.5132 0.4454 -0.7337
vn -0.5578 0.8297 0.0219
vn 0.1055 0.9809 -0.1636
vn 0.4667 0.6293 -0.6214
vn -0.5210 -0.6183 0.5884
vn 0.4665 0.6294 -0.6215
vn 0.5368 -0.5029 -0.6774
vn -0.2792 0.8962 -0.3449
vn 0.5364 0.5034 0.6773
vn -0.4779 0.5097 0.7155
vn -0.5209 0.6187 -0.5880
vn -0.1222 -0.9863 -0.1103
vn -0.1084 0.9509 0.2900
vn -0.2058 0.9712 -0.1201
vn 0.3676 0.9298 0.0175
vn 0.4662 -0.6300 0.6211
vn -0.5339 0.2988 0.7910
vn 0.2845 0.8368 0.4677
vn -0.0827 0.9963 0.0216
vn 0.3688 0.9293 0.0176
vn 0.2844 -0.8369 -0.4676
vn 0.0203 -0.9885 -0.1500
vn 0.5578 -0.8258 -0.0833
vn 0.0845 -0.9915 -0.0992
vn 0.9423 -0.3330 -0.0343
vn 0.5320 0.4314 -0.7286
vn 0.9425 0.3323 0.0356
vn 0.3564 0.8796 -0.3150
vn 0.5585 0.8252 0.0840
vn 0.1199 0.9927 0.0132
vn 0.0855 0.9914 0.0993
vn -0.1084 0.9508 0.2902
vn -0.3680 0.9250 0.0947
vn -0.4778 0.5096 0.7156
vn -0.8901 0.4533 0.0472
vn -0.8902 -0.4530 -0.0486
vn -0.3687 -0.9246 -0.0953
vn 0.6512 -0.7299 0.2078
vn -0.2923 -0.8700 0.3970
vn -0.0388 -0.9988 0.0304
vn 0.1672 -0.9853 -0.0360
vn -0.5649 -0.8249 -0.0187
vn -0.0876 -0.9959 -0.0203
vn 0.8971 -0.2846 0.3379
vn -0.5085 -0.4196 0.7519
vn -0.9436 -0.3307 -0.0117
vn 0.8981 0.2084 0.3872
vn -0.5233 0.2555 0.8129
vn -0.9450 0.3269 0.0141
vn 0.6539 0.6634 0.3638
vn -0.3783 0.7767 0.5036
vn -0.5713 0.8203 0.0262
vn 0.1734 0.9643 0.1999
vn -0.1479 0.9785 0.1436
vn -0.0942 0.9952 0.0247
vn -0.0690 0.9539 -0.2920
vn 0.1049 0.9740 -0.2009
vn 0.3738 0.9274 0.0169
vn -0.0422 0.5598 -0.8276
vn 0.4744 0.5906 -0.6528
vn 0.8932 0.4495 0.0074
vn 0.0183 -0.3156 -0.9487
vn 0.5439 -0.4370 -0.7164
vn 0.8937 -0.4486 -0.0103
vn 0.0659 -0.8734 -0.4825
vn 0.2189 -0.9266 -0.3058
vn 0.3771 -0.9260 -0.0193
vn -0.3648 -0.8242 -0.4331
vn -0.1224 -0.9864 -0.1101
vn -0.5331 -0.3002 -0.7910
vn -0.5139 0.4443 -0.7338
vn -0.2805 0.8956 -0.3454
vn -0.0197 0.9995 -0.0254
vn -0.1085 0.9508 0.2903
vn 0.1041 0.9811 -0.1629
vn 0.5379 0.5007 0.6783
vn 0.4674 -0.6284 0.6218
vn 0.5377 -0.5009 -0.6783
vn 0.1049 -0.9810 0.1634
vn -0.0203 0.9995 -0.0255
vn 0.2124 0.9459 0.2452
vn 0.3685 -0.9294 -0.0175
vn -0.5339 -0.2986 -0.7911
vn -0.3686 0.9247 0.0955
vn -0.9426 -0.3337 -0.0129
vn -0.5332 0.3002 0.7909
vn -0.9419 0.3355 0.0130
vn -0.0845 0.9962 0.0216
vn 0.2126 0.9459 0.2453
vn -0.5209 -0.6186 0.5881
vn -0.9430 -0.3324 -0.0127
vn -0.5565 0.8305 0.0219
vn 0.5363 0.5039 0.6771
vn 0.4679 0.6270 -0.6228
vn 0.4674 -0.6279 0.6222
vn -0.1084 -0.9508 -0.2900
vn 0.5584 -0.8252 -0.0845
vn 0.0851 -0.9913 -0.1001
vn 0.5095 -0.3128 -0.8016
vn 0.9425 -0.3323 -0.0354
vn 0.5320 0.4318 -0.7284
vn 0.9424 0.3327 0.0350
vn 0.3563 0.8798 -0.3145
vn 0.5580 0.8255 0.0843
vn 0.0846 0.9914 0.1001
vn -0.1086 0.9508 0.2902
vn -0.3690 0.9245 0.0959
vn -0.4780 0.5092 0.7157
vn -0.8903 0.4527 0.0485
vn -0.8903 -0.4528 -0.0481
vn -0.3686 -0.9247 -0.0957
vn 0.0712 -0.8797 0.4701
vn -0.2790 -0.8815 0.3809
vn -0.0253 -0.9996 0.0109
vn 0.0705 -0.9963 -0.0489
vn -0.5642 -0.8254 -0.0190
vn -0.0866 -0.9960 -0.0207
vn 0.0580 -0.4252 0.9033
vn -0.4997 -0.4279 0.7532
vn -0.9436 -0.3310 -0.0117
vn 0.0146 0.2573 0.9662
vn -0.5145 0.2709 0.8136
vn -0.9449 0.3272 0.0141
vn -0.0387 0.7922 0.6090
vn -0.3653 0.7960 0.4826
vn -0.5705 0.8209 0.0259
vn -0.0674 0.9911 0.1152
vn -0.1326 0.9846 0.1141
vn -0.0928 0.9954 0.0242
vn -0.0593 0.9165 -0.3955
vn 0.1172 0.9680 -0.2218
vn 0.3749 0.9269 0.0166
vn -0.0168 0.4681 -0.8835
vn 0.4750 0.5794 -0.6623
vn 0.8936 0.4489 0.0073
vn 0.0397 -0.2822 -0.9585
vn 0.5402 -0.4408 -0.7169
vn 0.8936 -0.4487 -0.0103
vn 0.0687 -0.8291 -0.5549
vn 0.2270 -0.9215 -0.3151
vn 0.3775 -0.9258 -0.0195
vn -0.2796 -0.8961 0.3448
vn -0.0873 -0.9959 -0.0216
vn 0.1048 -0.9810 0.1634
vn 0.2131 -0.9456 -0.2457
vn -0.3660 -0.8232 -0.4341
vn -0.1237 -0.9861 -0.1113
vn 0.2943 -0.8314 -0.4714
vn 0.0266 -0.9880 -0.1523
vn 0.6082 -0.7903 -0.0739
vn 0.0944 -0.9893 -0.1112
vn -0.5335 -0.2993 -0.7911
vn 0.5115 -0.3093 -0.8017
vn 0.9517 -0.3056 -0.0278
vn -0.5132 0.4452 -0.7338
vn 0.5346 0.4260 -0.7299
vn 0.9555 0.2925 0.0383
vn -0.2795 0.8959 -0.3452
vn 0.3685 0.8725 -0.3208
vn 0.6274 0.7728 0.0953
vn -0.0203 0.9995 -0.0259
vn 0.1307 0.9914 0.0089
vn 0.1305 0.9863 0.1008
vn 0.2125 0.9458 0.2455
vn -0.1129 0.9496 0.2925
vn -0.4067 0.9098 0.0832
vn 0.5369 0.5026 0.6777
vn -0.4832 0.5039 0.7160
vn -0.9088 0.4155 0.0382
vn 0.4681 -0.6266 0.6231
vn -0.5287 -0.6082 0.5921
vn -0.9190 -0.3910 -0.0498
vn 0.1048 -0.9809 0.1637
vn -0.2152 -0.9685 0.1250
vn -0.4395 -0.8913 -0.1112
vn 0.9687 0.0698 -0.2382
vn 0.9713 0.0663 -0.2283
vn 0.9712 0.0664 -0.2287
vn 0.9732 0.0502 -0.2243
vn 0.9731 0.0514 -0.2244
vn 0.9734 0.0219 -0.2281
vn 0.9735 0.0232 -0.2276
vn 0.9700 -0.0202 -0.2424
vt 0.220171 0.663833
vt 0.220171 0.659625
vt 0.239187 0.659625
vt 0.239187 0.663833
vt 0.959653 0.007362
vt 0.961524 0.008392
vt 0.962209 0.009800
vt 0.959509 0.009800
vt 0.220171 0.782918
vt 0.220171 0.780716
vt 0.239187 0.780716
vt 0.239187 0.782918
vt 0.257768 0.878602
vt 0.257884 0.862036
vt 0.260997 0.823810
vt 0.969652 0.423725
vt 0.952920 0.423725
vt 0.952920 0.404710
vt 0.969652 0.404710
vt 0.220171 0.800941
vt 0.239187 0.800941
vt 0.951410 0.009800
vt 0.951410 0.028816
vt 0.942552 0.028816
vt 0.942552 0.009800
vt 0.962008 0.265642
vt 0.965397 0.265642
vt 0.965397 0.284658
vt 0.962008 0.284658
vt 0.969652 0.424834
vt 0.952920 0.424834
vt 0.274987 0.520322
vt 0.275033 0.502299
vt 0.281978 0.502299
vt 0.285528 0.506367
vt 0.951410 0.006985
vt 0.942552 0.006985
vt 0.217356 0.780716
vt 0.217356 0.663833
vt 0.260488 0.819845
vt 0.256533 0.825264
vt 0.257890 0.819492
vt 0.259225 0.819364
vt 0.385330 0.564279
vt 0.399231 0.564280
vt 0.399222 0.653025
vt 0.385330 0.653025
vt 0.217356 0.782918
vt 0.274987 0.639406
vt 0.291719 0.639406
vt 0.291719 0.642018
vt 0.274987 0.642018
vt 0.683662 0.297223
vt 0.696511 0.299009
vt 0.696409 0.396842
vt 0.683585 0.395869
vt 0.274987 0.522524
vt 0.291719 0.522524
vt 0.291719 0.512702
vt 0.257293 0.950066
vt 0.257351 0.940563
vt 0.260122 0.940598
vt 0.260015 0.950068
vt 0.399231 0.763978
vt 0.385330 0.763977
vt 0.719592 0.188713
vt 0.708846 0.188714
vt 0.708903 0.099696
vt 0.719592 0.099699
vt 0.719592 0.300095
vt 0.708878 0.300095
vt 0.719593 0.396557
vt 0.708824 0.396941
vt 0.719593 0.409543
vt 0.708868 0.411197
vt 0.683729 0.078428
vt 0.696565 0.080087
vt 0.696549 0.098691
vt 0.683704 0.097031
vt 0.696449 0.187668
vt 0.683563 0.185951
vt 0.684081 0.451305
vt 0.696555 0.444137
vt 0.696612 0.452413
vt 0.684223 0.461626
vt 0.257890 0.819494
vt 0.252925 0.823798
vt 0.238852 0.823747
vt 0.238885 0.819538
vt 0.238683 0.950162
vt 0.238665 0.940527
vt 0.249154 0.940519
vt 0.399213 0.862955
vt 0.385330 0.862954
vt 0.385330 0.924088
vt 0.399195 0.924069
vt 0.396720 0.934824
vt 0.385330 0.934837
vt 0.959509 0.028816
vt 0.956809 0.028816
vt 0.956809 0.009800
vt 0.254948 0.938273
vt 0.257381 0.932756
vt 0.260113 0.940598
vt 0.708908 0.081093
vt 0.702584 0.099401
vt 0.702593 0.080798
vt 0.702501 0.188407
vt 0.702550 0.299777
vt 0.702482 0.396831
vt 0.708933 0.435097
vt 0.708955 0.441760
vt 0.702858 0.443879
vt 0.702798 0.436881
vt 0.719592 0.081094
vt 0.708915 0.021791
vt 0.719592 0.021792
vt 0.399232 0.545666
vt 0.399232 0.486294
vt 0.403117 0.486475
vt 0.403118 0.545846
vt 0.589639 0.066236
vt 0.589711 0.006985
vt 0.593412 0.007425
vt 0.593340 0.066677
vt 0.403118 0.564459
vt 0.403106 0.653212
vt 0.589241 0.173428
vt 0.589598 0.084808
vt 0.593299 0.085252
vt 0.592943 0.173881
vt 0.403117 0.764173
vt 0.589586 0.284272
vt 0.593287 0.284736
vt 0.403095 0.863222
vt 0.589679 0.383188
vt 0.593433 0.383728
vt 0.399238 0.885732
vt 0.403120 0.886207
vt 0.590183 0.406082
vt 0.594114 0.406852
vt 0.385330 0.545666
vt 0.258086 0.828762
vt 0.260994 0.823810
vt 0.261018 0.821022
vt 0.642574 0.458767
vt 0.658340 0.459650
vt 0.659585 0.471942
vt 0.645190 0.470413
vt 0.655590 0.074779
vt 0.649707 0.092533
vt 0.647365 0.083073
vt 0.610676 0.287704
vt 0.610715 0.386965
vt 0.605301 0.068235
vt 0.609863 0.088912
vt 0.610034 0.177270
vt 0.595537 0.445396
vt 0.623551 0.453130
vt 0.627557 0.465688
vt 0.595289 0.456689
vt 0.631632 0.060369
vt 0.630746 0.069556
vt 0.624339 0.070756
vt 0.649965 0.181015
vt 0.650516 0.291629
vt 0.650170 0.390812
vt 0.969652 0.426128
vt 0.952920 0.426128
vt 0.291719 0.643252
vt 0.274987 0.643252
vt 0.217356 0.661222
vt 0.219063 0.659625
vt 0.275036 0.500124
vt 0.280108 0.500124
vt 0.275038 0.498377
vt 0.278878 0.498377
vt 0.961558 0.264143
vt 0.965398 0.264143
vt 0.217356 0.800941
vt 0.956809 0.006985
vt 0.962209 0.028816
vt 0.220171 0.802982
vt 0.239187 0.802982
vt 0.220171 0.805009
vt 0.239187 0.805009
vt 0.218764 0.804493
vt 0.217733 0.803083
vt 0.658983 0.015933
vt 0.683753 0.019133
vt 0.626195 0.011683
vt 0.642588 0.013809
vt 0.385330 0.486294
vt 0.702603 0.021497
vt 0.696579 0.020786
vt 0.683789 0.416519
vt 0.653911 0.417484
vt 0.624972 0.409162
vt 0.632773 0.409539
vt 0.632909 0.419175
vt 0.608467 0.410341
vt 0.647314 0.397261
vt 0.591291 0.444357
vt 0.403065 0.924885
vt 0.702614 0.411798
vt 0.696477 0.414500
vt 0.385330 0.885732
vt 0.719594 0.431338
vt 0.618314 0.074435
vt 0.637317 0.070896
vt 0.643572 0.075501
vt 0.613514 0.080137
vt 0.614677 0.399664
vt 0.619092 0.405523
vt 0.638766 0.407177
vt 0.643695 0.402724
vt 0.258203 0.663833
vt 0.258203 0.659625
vt 0.959653 0.050269
vt 0.959509 0.047831
vt 0.962209 0.047831
vt 0.961524 0.049239
vt 0.258203 0.782918
vt 0.258203 0.780716
vt 0.217164 0.940657
vt 0.216438 0.823583
vt 0.219601 0.878458
vt 0.969652 0.385694
vt 0.952920 0.385694
vt 0.258203 0.800941
vt 0.951410 0.047831
vt 0.942552 0.047831
vt 0.962008 0.303674
vt 0.965397 0.303674
vt 0.969652 0.384586
vt 0.952920 0.384586
vt 0.291719 0.679166
vt 0.281178 0.665211
vt 0.284728 0.661143
vt 0.291673 0.661143
vt 0.951410 0.050646
vt 0.942552 0.050646
vt 0.261018 0.780716
vt 0.261018 0.663833
vt 0.216975 0.819450
vt 0.218282 0.818978
vt 0.219651 0.819134
vt 0.220954 0.825077
vt 0.371438 0.653025
vt 0.371429 0.564280
vt 0.261018 0.782918
vt 0.291719 0.798251
vt 0.291719 0.800862
vt 0.274987 0.800862
vt 0.274987 0.798251
vt 0.755523 0.297223
vt 0.755600 0.395868
vt 0.742776 0.396841
vt 0.742673 0.299009
vt 0.274987 0.681368
vt 0.291719 0.681368
vt 0.274987 0.671547
vt 0.220027 0.950154
vt 0.217294 0.950162
vt 0.217174 0.940656
vt 0.219948 0.940618
vt 0.371429 0.763978
vt 0.730282 0.099696
vt 0.730338 0.188714
vt 0.730307 0.300095
vt 0.730361 0.396941
vt 0.730318 0.411197
vt 0.755455 0.078428
vt 0.755481 0.097031
vt 0.742635 0.098691
vt 0.742620 0.080087
vt 0.755622 0.185951
vt 0.742736 0.187668
vt 0.755111 0.451294
vt 0.754993 0.464582
vt 0.742518 0.455513
vt 0.742634 0.444136
vt 0.219652 0.819133
vt 0.224678 0.823613
vt 0.228171 0.940555
vt 0.371447 0.862955
vt 0.373940 0.934824
vt 0.371465 0.924069
vt 0.956809 0.047831
vt 0.222359 0.938317
vt 0.219917 0.932801
vt 0.730277 0.081093
vt 0.736592 0.080798
vt 0.736601 0.099401
vt 0.736684 0.188407
vt 0.736634 0.299777
vt 0.736703 0.396830
vt 0.730254 0.435096
vt 0.736390 0.436880
vt 0.736330 0.443878
vt 0.730233 0.441759
vt 0.730270 0.021791
vt 0.371428 0.545666
vt 0.367542 0.545846
vt 0.367543 0.486475
vt 0.371428 0.486294
vt 0.849546 0.066236
vt 0.845845 0.066677
vt 0.845773 0.007425
vt 0.849474 0.006985
vt 0.367554 0.653212
vt 0.367542 0.564459
vt 0.849944 0.173428
vt 0.846242 0.173881
vt 0.845886 0.085252
vt 0.849587 0.084809
vt 0.367544 0.764173
vt 0.849598 0.284272
vt 0.845897 0.284736
vt 0.367565 0.863222
vt 0.849505 0.383189
vt 0.845750 0.383729
vt 0.371422 0.885732
vt 0.367540 0.886207
vt 0.848999 0.406083
vt 0.845068 0.406853
vt 0.219374 0.828605
vt 0.216435 0.823583
vt 0.216412 0.820649
vt 0.796606 0.458763
vt 0.793988 0.470406
vt 0.779595 0.471930
vt 0.780844 0.459644
vt 0.783595 0.074779
vt 0.791820 0.083073
vt 0.789477 0.092533
vt 0.828468 0.386965
vt 0.828508 0.287705
vt 0.829322 0.088912
vt 0.833884 0.068235
vt 0.829151 0.177270
vt 0.843643 0.445397
vt 0.843890 0.456690
vt 0.811621 0.465685
vt 0.815628 0.453128
vt 0.807553 0.060370
vt 0.814846 0.070757
vt 0.808439 0.069556
vt 0.789220 0.181015
vt 0.788668 0.291629
vt 0.789014 0.390811
vt 0.952920 0.383291
vt 0.969652 0.383291
vt 0.274987 0.802097
vt 0.291719 0.802097
vt 0.259311 0.659625
vt 0.261018 0.661222
vt 0.286598 0.658968
vt 0.291671 0.658968
vt 0.287828 0.657222
vt 0.291669 0.657222
vt 0.961558 0.305173
vt 0.965398 0.305173
vt 0.261018 0.800941
vt 0.956809 0.050646
vt 0.258203 0.802982
vt 0.258203 0.805009
vt 0.260641 0.803083
vt 0.259610 0.804493
vt 0.780202 0.015933
vt 0.755432 0.019133
vt 0.812990 0.011683
vt 0.796597 0.013809
vt 0.736582 0.021497
vt 0.742606 0.020786
vt 0.785273 0.417482
vt 0.755396 0.416517
vt 0.814210 0.409162
vt 0.806273 0.419174
vt 0.806410 0.409537
vt 0.830716 0.410341
vt 0.791870 0.397260
vt 0.847888 0.444358
vt 0.367595 0.924885
vt 0.742708 0.414499
vt 0.736572 0.411797
vt 0.820871 0.074435
vt 0.801868 0.070896
vt 0.795613 0.075501
vt 0.825671 0.080137
vt 0.824506 0.399664
vt 0.820091 0.405523
vt 0.800418 0.407176
vt 0.795489 0.402723
vt 0.099125 0.800525
vt 0.118141 0.800549
vt 0.118141 0.804010
vt 0.099110 0.803979
vt 0.433743 0.969710
vt 0.433767 0.967962
vt 0.435977 0.967844
vt 0.435383 0.968909
vt 0.099128 0.681450
vt 0.118150 0.681461
vt 0.118149 0.683663
vt 0.099126 0.683651
vt 0.913509 0.602747
vt 0.913503 0.485847
vt 0.916322 0.540350
vt 0.290264 0.935019
vt 0.290264 0.954035
vt 0.275071 0.954035
vt 0.275071 0.935019
vt 0.099182 0.663440
vt 0.118153 0.663429
vt 0.425647 0.967954
vt 0.417177 0.967982
vt 0.417156 0.948955
vt 0.425647 0.948956
vt 0.963829 0.320264
vt 0.963777 0.339153
vt 0.961596 0.339153
vt 0.961558 0.320278
vt 0.290307 0.934060
vt 0.275028 0.934060
vt 0.170313 0.682267
vt 0.161102 0.668828
vt 0.164651 0.664767
vt 0.170290 0.664313
vt 0.425646 0.970017
vt 0.417090 0.970122
vt 0.097055 0.683649
vt 0.097055 0.800531
vt 0.913815 0.482717
vt 0.914589 0.482434
vt 0.915549 0.482408
vt 0.917461 0.487709
vt 0.336250 0.565064
vt 0.336248 0.653806
vt 0.322555 0.653806
vt 0.322549 0.565065
vt 0.097057 0.681447
vt 0.170313 0.801350
vt 0.170361 0.803794
vt 0.155073 0.803794
vt 0.155120 0.801350
vt 0.481342 0.297720
vt 0.481411 0.396342
vt 0.468814 0.397319
vt 0.468719 0.299505
vt 0.155120 0.684468
vt 0.170313 0.684468
vt 0.155132 0.674964
vt 0.915574 0.612147
vt 0.913435 0.612240
vt 0.915577 0.602749
vt 0.336249 0.764755
vt 0.322553 0.764756
vt 0.447101 0.189177
vt 0.447101 0.099987
vt 0.457624 0.099988
vt 0.457653 0.189177
vt 0.447101 0.300590
vt 0.457611 0.300590
vt 0.447101 0.397037
vt 0.457669 0.397422
vt 0.447101 0.410032
vt 0.457626 0.411684
vt 0.481456 0.078727
vt 0.481404 0.097370
vt 0.468751 0.098996
vt 0.468785 0.080322
vt 0.481467 0.186423
vt 0.468798 0.188134
vt 0.480947 0.451990
vt 0.480813 0.462001
vt 0.468531 0.452867
vt 0.468603 0.444808
vt 0.934559 0.482406
vt 0.934560 0.486562
vt 0.920791 0.486502
vt 0.924043 0.601989
vt 0.934581 0.601925
vt 0.934581 0.612152
vt 0.336251 0.863711
vt 0.322567 0.863713
vt 0.336251 0.925114
vt 0.336251 0.935589
vt 0.325035 0.935577
vt 0.322592 0.925097
vt 0.431069 0.967963
vt 0.431080 0.948958
vt 0.433781 0.948958
vt 0.918493 0.599960
vt 0.916264 0.594752
vt 0.457642 0.081301
vt 0.463370 0.081012
vt 0.463343 0.099699
vt 0.463384 0.188872
vt 0.463323 0.300273
vt 0.463390 0.397309
vt 0.457536 0.435745
vt 0.462991 0.437532
vt 0.462907 0.444348
vt 0.457508 0.442235
vt 0.447101 0.081299
vt 0.447101 0.021024
vt 0.457635 0.020972
vt 0.322543 0.546447
vt 0.319273 0.546631
vt 0.318931 0.486412
vt 0.322474 0.486294
vt 0.574815 0.066986
vt 0.571755 0.067407
vt 0.571952 0.007431
vt 0.575272 0.006985
vt 0.319286 0.653993
vt 0.319278 0.565245
vt 0.574913 0.174032
vt 0.571853 0.174479
vt 0.571709 0.085960
vt 0.574768 0.085530
vt 0.319283 0.764951
vt 0.574506 0.284789
vt 0.571446 0.285253
vt 0.319303 0.863979
vt 0.574417 0.383639
vt 0.571304 0.384186
vt 0.322543 0.886477
vt 0.319290 0.886951
vt 0.573931 0.406510
vt 0.570640 0.407296
vt 0.336250 0.546446
vt 0.916233 0.490835
vt 0.913529 0.483404
vt 0.522352 0.459485
vt 0.519802 0.470792
vt 0.505421 0.472324
vt 0.506633 0.460386
vt 0.509685 0.075209
vt 0.517881 0.083552
vt 0.515493 0.093009
vt 0.554252 0.387427
vt 0.554292 0.288216
vt 0.555370 0.089556
vt 0.560022 0.068908
vt 0.554997 0.177841
vt 0.569260 0.446118
vt 0.569492 0.457080
vt 0.537416 0.466064
vt 0.541325 0.453870
vt 0.533737 0.060912
vt 0.540979 0.071336
vt 0.534577 0.070104
vt 0.515074 0.181524
vt 0.514475 0.292130
vt 0.514815 0.391280
vt 0.274987 0.933236
vt 0.290348 0.933236
vt 0.155037 0.804538
vt 0.170397 0.804538
vt 0.098147 0.803953
vt 0.097371 0.803670
vt 0.097086 0.802979
vt 0.166454 0.662731
vt 0.170316 0.662391
vt 0.167584 0.661302
vt 0.170312 0.661070
vt 0.964305 0.319143
vt 0.961568 0.319160
vt 0.097123 0.663491
vt 0.431040 0.970032
vt 0.436033 0.948959
vt 0.099202 0.661408
vt 0.118153 0.661391
vt 0.099319 0.660128
vt 0.118154 0.660096
vt 0.097476 0.661592
vt 0.098261 0.660516
vt 0.506621 0.015581
vt 0.481875 0.018581
vt 0.539373 0.011549
vt 0.522998 0.013568
vt 0.336251 0.486346
vt 0.463533 0.020645
vt 0.469167 0.020052
vt 0.511082 0.417941
vt 0.481216 0.416985
vt 0.540005 0.409617
vt 0.532074 0.419627
vt 0.532208 0.409995
vt 0.556504 0.410793
vt 0.517671 0.397725
vt 0.572903 0.445036
vt 0.319401 0.925910
vt 0.468750 0.414976
vt 0.463276 0.412280
vt 0.336251 0.886478
vt 0.447101 0.431974
vt 0.546986 0.075043
vt 0.527997 0.071413
vt 0.521714 0.075991
vt 0.551759 0.080766
vt 0.550294 0.400121
vt 0.545883 0.405979
vt 0.526218 0.407635
vt 0.521290 0.403185
vt 0.137154 0.800524
vt 0.137169 0.803978
vt 0.433755 0.928193
vt 0.435395 0.928996
vt 0.435989 0.930063
vt 0.433777 0.929943
vt 0.137179 0.681455
vt 0.137180 0.683656
vt 0.952817 0.540342
vt 0.952812 0.523785
vt 0.955616 0.485839
vt 0.290264 0.973051
vt 0.275071 0.973051
vt 0.137126 0.663443
vt 0.425651 0.929946
vt 0.417177 0.929917
vt 0.963829 0.358042
vt 0.961558 0.358028
vt 0.290307 0.974011
vt 0.275028 0.974011
vt 0.186266 0.682267
vt 0.186289 0.664313
vt 0.191928 0.664767
vt 0.195477 0.668828
vt 0.425652 0.927882
vt 0.417090 0.927776
vt 0.139252 0.683655
vt 0.139224 0.800530
vt 0.955303 0.482708
vt 0.951659 0.487702
vt 0.953569 0.482401
vt 0.954529 0.482426
vt 0.349951 0.565065
vt 0.349941 0.653807
vt 0.139250 0.681452
vt 0.186265 0.801350
vt 0.201459 0.801350
vt 0.201506 0.803794
vt 0.186218 0.803794
vt 0.412861 0.297720
vt 0.425484 0.299505
vt 0.425389 0.397319
vt 0.412792 0.396342
vt 0.186265 0.684468
vt 0.201459 0.684468
vt 0.201447 0.674964
vt 0.953587 0.612147
vt 0.953583 0.602749
vt 0.955651 0.602746
vt 0.955726 0.612240
vt 0.349949 0.764755
vt 0.436550 0.189177
vt 0.436579 0.099988
vt 0.436592 0.300590
vt 0.436534 0.397422
vt 0.436577 0.411684
vt 0.412747 0.078727
vt 0.425418 0.080322
vt 0.425451 0.098996
vt 0.412798 0.097370
vt 0.425405 0.188134
vt 0.412736 0.186423
vt 0.413256 0.451990
vt 0.425600 0.444808
vt 0.425672 0.452867
vt 0.413390 0.462001
vt 0.948328 0.486496
vt 0.945119 0.601988
vt 0.349935 0.863713
vt 0.349910 0.925097
vt 0.347467 0.935577
vt 0.431078 0.929941
vt 0.950666 0.599962
vt 0.952892 0.594747
vt 0.436561 0.081301
vt 0.430860 0.099699
vt 0.430833 0.081012
vt 0.430819 0.188872
vt 0.430880 0.300273
vt 0.430812 0.397309
vt 0.436667 0.435745
vt 0.436695 0.442235
vt 0.431296 0.444348
vt 0.431212 0.437532
vt 0.436568 0.020972
vt 0.349956 0.546448
vt 0.350028 0.486294
vt 0.353570 0.486413
vt 0.353227 0.546631
vt 0.319387 0.066986
vt 0.318931 0.006985
vt 0.322251 0.007431
vt 0.322448 0.067407
vt 0.353222 0.565245
vt 0.353211 0.653994
vt 0.319290 0.174032
vt 0.319435 0.085530
vt 0.322494 0.085960
vt 0.322350 0.174479
vt 0.353218 0.764951
vt 0.319697 0.284789
vt 0.322756 0.285253
vt 0.353199 0.863979
vt 0.319786 0.383639
vt 0.322899 0.384186
vt 0.349959 0.886477
vt 0.353212 0.886951
vt 0.320272 0.406510
vt 0.323563 0.407296
vt 0.952888 0.490828
vt 0.955589 0.483396
vt 0.371851 0.459485
vt 0.387570 0.460386
vt 0.388782 0.472324
vt 0.374401 0.470792
vt 0.384518 0.075209
vt 0.378710 0.093009
vt 0.376322 0.083552
vt 0.339911 0.288216
vt 0.339951 0.387427
vt 0.334181 0.068908
vt 0.338833 0.089556
vt 0.339206 0.177841
vt 0.324943 0.446118
vt 0.352878 0.453870
vt 0.356787 0.466064
vt 0.324711 0.457079
vt 0.360466 0.060912
vt 0.359626 0.070104
vt 0.353224 0.071336
vt 0.379129 0.181524
vt 0.379728 0.292130
vt 0.379388 0.391280
vt 0.290348 0.974834
vt 0.274987 0.974834
vt 0.201542 0.804538
vt 0.186182 0.804538
vt 0.139193 0.802978
vt 0.186262 0.662391
vt 0.190125 0.662731
vt 0.186266 0.661070
vt 0.188995 0.661302
vt 0.964305 0.359163
vt 0.961568 0.359146
vt 0.139186 0.663494
vt 0.431050 0.927870
vt 0.137107 0.661411
vt 0.136990 0.660131
vt 0.138048 0.660519
vt 0.138833 0.661595
vt 0.387581 0.015581
vt 0.412328 0.018581
vt 0.354829 0.011549
vt 0.371205 0.013568
vt 0.430670 0.020645
vt 0.425036 0.020052
vt 0.412987 0.416985
vt 0.383121 0.417941
vt 0.354198 0.409617
vt 0.361995 0.409995
vt 0.362129 0.419627
vt 0.337699 0.410793
vt 0.376532 0.397725
vt 0.321299 0.445036
vt 0.353101 0.925910
vt 0.430927 0.412280
vt 0.425453 0.414976
vt 0.347217 0.075043
vt 0.366206 0.071413
vt 0.372489 0.075991
vt 0.342444 0.080766
vt 0.343909 0.400121
vt 0.348320 0.405979
vt 0.367985 0.407635
vt 0.372912 0.403185
vt 0.137552 0.945118
vt 0.132057 0.948562
vt 0.131544 0.947603
vt 0.136569 0.944653
vt 0.140549 0.934929
vt 0.139468 0.934814
vt 0.121222 0.952585
vt 0.120904 0.951545
vt 0.136541 0.820345
vt 0.139470 0.822051
vt 0.138743 0.822708
vt 0.136258 0.821388
vt 0.140549 0.826415
vt 0.139663 0.826542
vt 0.139478 0.860084
vt 0.138588 0.860056
vt 0.125227 0.819162
vt 0.125114 0.820244
vt 0.138434 0.892916
vt 0.137582 0.919730
vt 0.136692 0.919702
vt 0.137544 0.892887
vt 0.496022 0.607426
vt 0.496022 0.717889
vt 0.494934 0.717889
vt 0.494934 0.607426
vt 0.496022 0.519009
vt 0.494934 0.519009
vt 0.496022 0.817013
vt 0.494935 0.817013
vt 0.479877 0.516863
vt 0.479877 0.507348
vt 0.480964 0.507348
vt 0.480964 0.516863
vt 0.479877 0.828462
vt 0.479877 0.815127
vt 0.480964 0.815127
vt 0.480964 0.828462
vt 0.138896 0.878398
vt 0.138006 0.878369
vt 0.479877 0.715743
vt 0.480964 0.715743
vt 0.479877 0.605280
vt 0.480964 0.605280
vt 0.496022 0.486294
vt 0.496022 0.493007
vt 0.494934 0.493007
vt 0.494934 0.486294
vt 0.496022 0.837308
vt 0.496022 0.843773
vt 0.494935 0.843773
vt 0.494935 0.837308
vt 0.479877 0.842774
vt 0.479877 0.835825
vt 0.480964 0.835825
vt 0.480964 0.842774
vt 0.496022 0.824079
vt 0.496022 0.830648
vt 0.494935 0.830648
vt 0.494935 0.824080
vt 0.479877 0.850619
vt 0.480964 0.850619
vt 0.479877 0.499887
vt 0.479877 0.492820
vt 0.480964 0.492820
vt 0.480964 0.499887
vt 0.496022 0.500781
vt 0.496022 0.509257
vt 0.494934 0.509257
vt 0.494934 0.500781
vt 0.479877 0.486294
vt 0.480964 0.486294
vt 0.953476 0.197106
vt 0.958725 0.200916
vt 0.957713 0.201313
vt 0.952899 0.198028
vt 0.962255 0.213670
vt 0.959938 0.211326
vt 0.942939 0.192358
vt 0.942552 0.193374
vt 0.110694 0.819044
vt 0.113913 0.817980
vt 0.113974 0.819059
vt 0.111270 0.819837
vt 0.108736 0.823090
vt 0.109577 0.823397
vt 0.102822 0.856253
vt 0.103699 0.856410
vt 0.956699 0.228125
vt 0.943313 0.250174
vt 0.942552 0.249712
vt 0.954543 0.225713
vt 0.509992 0.717889
vt 0.509992 0.607426
vt 0.511079 0.607426
vt 0.511080 0.717889
vt 0.509992 0.519009
vt 0.511079 0.519009
vt 0.509992 0.817013
vt 0.511080 0.817013
vt 0.465907 0.507348
vt 0.465907 0.516863
vt 0.464820 0.516863
vt 0.464820 0.507348
vt 0.465907 0.815128
vt 0.465907 0.828462
vt 0.464820 0.828462
vt 0.464820 0.815128
vt 0.099605 0.874291
vt 0.100482 0.874448
vt 0.465907 0.715743
vt 0.464820 0.715743
vt 0.465907 0.605280
vt 0.464820 0.605280
vt 0.509992 0.493007
vt 0.509992 0.486294
vt 0.511079 0.486294
vt 0.511079 0.493007
vt 0.509992 0.843773
vt 0.509992 0.837308
vt 0.511080 0.837308
vt 0.511080 0.843773
vt 0.097055 0.888591
vt 0.097931 0.888747
vt 0.465907 0.835826
vt 0.465907 0.842775
vt 0.464820 0.842775
vt 0.464820 0.835826
vt 0.509992 0.830648
vt 0.509992 0.824080
vt 0.511080 0.824079
vt 0.511080 0.830648
vt 0.465907 0.850619
vt 0.464820 0.850619
vt 0.465907 0.492820
vt 0.465907 0.499887
vt 0.464820 0.499887
vt 0.464820 0.492820
vt 0.509992 0.509257
vt 0.509992 0.500781
vt 0.511079 0.500781
vt 0.511079 0.509257
vt 0.465907 0.486294
vt 0.464820 0.486294
vt 0.719594 0.437410
vt 0.370675 0.935765
vt 0.848253 0.455554
vt 0.399985 0.935765
vt 0.590926 0.455553
vt 0.447101 0.437889
vt 0.350127 0.936498
vt 0.320946 0.455900
vt 0.322374 0.936498
vt 0.573257 0.455900
vt 0.945569 0.265193
vt 0.916569 0.265193
vt 0.921432 0.264143
vt 0.940705 0.264143
vt 0.915422 0.268883
vt 0.946716 0.268883
vt 0.914562 0.278729
vt 0.947576 0.278729
vt 0.947576 0.301561
vt 0.914419 0.301376
vt 0.914419 0.316174
vt 0.947576 0.316359
vt 0.947576 0.334895
vt 0.914419 0.334711
vt 0.947588 0.365093
vt 0.914407 0.364908
vt 0.946844 0.368193
vt 0.915459 0.368008
vt 0.944364 0.369322
vt 0.917773 0.369322
vt 0.466840 0.865639
vt 0.471703 0.864589
vt 0.490976 0.864589
vt 0.495840 0.865639
vt 0.496987 0.869329
vt 0.465693 0.869329
vt 0.497847 0.879174
vt 0.464833 0.879174
vt 0.497989 0.901822
vt 0.464833 0.902007
vt 0.497989 0.916620
vt 0.464833 0.916805
vt 0.497989 0.935157
vt 0.464833 0.935341
vt 0.498001 0.965354
vt 0.464820 0.965539
vt 0.465564 0.968639
vt 0.496949 0.968454
vt 0.494635 0.969767
vt 0.468044 0.969767
vt 0.280013 0.852462
vt 0.280013 0.867260
vt 0.274987 0.867260
vt 0.274987 0.852462
vt 0.971330 0.813535
vt 0.971330 0.816196
vt 0.966304 0.816196
vt 0.966304 0.813535
vt 0.280013 0.819930
vt 0.280013 0.829814
vt 0.274987 0.829814
vt 0.274987 0.819930
vt 0.079466 0.741930
vt 0.079466 0.746906
vt 0.074440 0.746906
vt 0.074440 0.741930
vt 0.280013 0.816067
vt 0.274987 0.816067
vt 0.079466 0.717681
vt 0.079466 0.722657
vt 0.074440 0.722657
vt 0.074440 0.717681
vt 0.082810 0.861366
vt 0.082810 0.865230
vt 0.077784 0.865230
vt 0.077784 0.861366
vt 0.082810 0.828651
vt 0.082810 0.851483
vt 0.077784 0.851483
vt 0.077784 0.828651
vt 0.082810 0.795316
vt 0.082810 0.813853
vt 0.077784 0.813853
vt 0.077784 0.795316
vt 0.082810 0.765119
vt 0.077784 0.765119
vt 0.971330 0.842787
vt 0.971330 0.845511
vt 0.966304 0.845511
vt 0.966304 0.842787
vt 0.280013 0.885796
vt 0.280013 0.915994
vt 0.274987 0.915994
vt 0.274987 0.885796
vt 0.082810 0.761930
vt 0.077784 0.761930
vt 0.280013 0.919267
vt 0.274987 0.919267
vt 0.257476 0.919942
vt 0.257652 0.895101
vt 0.217856 0.660093
vt 0.219508 0.861923
vt 0.219698 0.895027
vt 0.219843 0.919943
vt 0.260518 0.660093
vt 0.916321 0.523793
vt 0.916323 0.556911
vt 0.916324 0.581935
vt 0.952829 0.581928
vt 0.952821 0.556901
vt 0.138908 0.803668
vt 0.138132 0.803951
vt 0.556368 0.517561
vt 0.556428 0.559278
vt 0.555144 0.558662
vt 0.555144 0.518289
vt 0.558389 0.672407
vt 0.558448 0.714125
vt 0.557164 0.713509
vt 0.557164 0.673135
vt 0.557678 0.517003
vt 0.557825 0.559551
vt 0.559699 0.671849
vt 0.559846 0.714397
vt 0.559091 0.516827
vt 0.559239 0.559375
vt 0.561112 0.671673
vt 0.561260 0.714222
vt 0.560489 0.517100
vt 0.560549 0.558817
vt 0.562510 0.671946
vt 0.562570 0.713664
vt 0.561773 0.517716
vt 0.561773 0.558089
vt 0.563794 0.672562
vt 0.563794 0.712936
vt 0.562997 0.518443
vt 0.563057 0.557473
vt 0.565018 0.673290
vt 0.565078 0.712320
vt 0.564305 0.519007
vt 0.564456 0.557207
vt 0.566326 0.673853
vt 0.566477 0.712053
vt 0.565718 0.519191
vt 0.565868 0.557392
vt 0.567738 0.674038
vt 0.567889 0.712238
vt 0.567117 0.518925
vt 0.567176 0.557955
vt 0.569137 0.673771
vt 0.569197 0.712802
vt 0.568401 0.518309
vt 0.568401 0.558683
vt 0.570421 0.673156
vt 0.570421 0.713529
vt 0.170135 0.889907
vt 0.170195 0.931625
vt 0.168911 0.931009
vt 0.168911 0.890635
vt 0.553524 0.850022
vt 0.553464 0.808305
vt 0.554748 0.808921
vt 0.554748 0.849294
vt 0.093189 0.983261
vt 0.093129 0.941543
vt 0.094413 0.942159
vt 0.094413 0.982533
vt 0.244421 0.901826
vt 0.244361 0.860109
vt 0.245645 0.860725
vt 0.245645 0.901099
vt 0.171445 0.889349
vt 0.171593 0.931897
vt 0.552214 0.850581
vt 0.552067 0.808032
vt 0.091878 0.983819
vt 0.091731 0.941271
vt 0.243111 0.902384
vt 0.242963 0.859836
vt 0.172858 0.889173
vt 0.173006 0.931721
vt 0.550801 0.850756
vt 0.550653 0.808208
vt 0.090465 0.983995
vt 0.090318 0.941446
vt 0.241697 0.902560
vt 0.241550 0.860012
vt 0.174256 0.889446
vt 0.174316 0.931163
vt 0.549403 0.850483
vt 0.549343 0.808766
vt 0.089067 0.983722
vt 0.089008 0.942005
vt 0.240300 0.902288
vt 0.240240 0.860570
vt 0.175540 0.890062
vt 0.175540 0.930436
vt 0.548119 0.849867
vt 0.548119 0.809494
vt 0.087783 0.983106
vt 0.087783 0.942732
vt 0.239016 0.901671
vt 0.239016 0.861298
vt 0.176765 0.890790
vt 0.176824 0.929820
vt 0.546894 0.849140
vt 0.546835 0.810110
vt 0.086559 0.982378
vt 0.086499 0.943348
vt 0.237791 0.900944
vt 0.237732 0.861914
vt 0.178072 0.891353
vt 0.178223 0.929553
vt 0.545586 0.848576
vt 0.545436 0.810376
vt 0.085251 0.981815
vt 0.085100 0.943615
vt 0.236483 0.900381
vt 0.236333 0.862180
vt 0.179485 0.891538
vt 0.179635 0.929738
vt 0.544174 0.848392
vt 0.544024 0.810191
vt 0.083839 0.981630
vt 0.083688 0.943430
vt 0.235071 0.900196
vt 0.234920 0.861996
vt 0.180884 0.891271
vt 0.180943 0.930302
vt 0.542775 0.848658
vt 0.542715 0.809628
vt 0.082440 0.981897
vt 0.082380 0.942867
vt 0.233672 0.900462
vt 0.233612 0.861432
vt 0.182168 0.890655
vt 0.182168 0.931029
vt 0.541491 0.849274
vt 0.541491 0.808900
vt 0.081156 0.982513
vt 0.081156 0.942139
vt 0.232388 0.901078
vt 0.232388 0.860705
vt 0.936212 0.513641
vt 0.935503 0.514617
vt 0.934355 0.514990
vt 0.936212 0.512434
vt 0.933207 0.514617
vt 0.935503 0.511457
vt 0.932497 0.513641
vt 0.934355 0.511084
vt 0.932497 0.512434
vt 0.933207 0.511457
vt 0.932738 0.583460
vt 0.932738 0.582164
vt 0.934732 0.584909
vt 0.933499 0.584509
vt 0.933499 0.581116
vt 0.935964 0.584509
vt 0.934732 0.580715
vt 0.936726 0.583460
vt 0.935964 0.581116
vt 0.936726 0.582164
s 1
f 27/1/1 28/2/1 6/3/1 4/4/1
f 109/5/2 110/6/3 108/7/4 111/8/2
f 31/9/5 29/10/1 8/11/1 24/12/5
f 87/13/6 86/14/6 58/15/6
f 28/16/7 30/17/7 7/18/7 6/19/7
f 29/10/1 27/1/1 4/4/1 8/11/1
f 114/20/8 31/9/5 24/12/5 113/21/8
f 35/22/9 34/23/9 23/24/10 32/25/10
f 108/26/4 103/27/11 10/28/12 26/29/13
f 98/30/14 100/31/14 30/17/7 28/16/7
f 22/32/15 104/33/16 107/34/17 33/35/15
f 33/36/9 35/22/9 32/25/10 21/37/10
f 2/38/1 1/39/1 27/1/1 29/10/1
f 102/40/6 59/41/6 30/42/6 100/43/6
f 11/44/18 61/45/19 64/46/20 13/47/21
f 22/48/5 2/38/1 29/10/1 31/9/5
f 1/49/15 58/50/15 101/51/22 97/52/22
f 94/53/15 48/54/23 51/55/24 95/56/15
f 58/50/15 1/49/15 2/57/15 41/58/15
f 2/57/15 22/32/15 21/59/15 41/58/15
f 32/60/10 42/61/6 41/62/6 21/63/10
f 13/47/21 64/46/20 67/64/25 15/65/26
f 14/66/27 44/67/28 36/68/29 12/69/30
f 16/70/31 47/71/32 44/67/28 14/66/27
f 18/72/33 50/73/34 47/71/32 16/70/31
f 130/74/35 131/75/36 50/73/34 18/72/33
f 128/76/15 121/77/37 37/78/38 92/79/15
f 92/79/15 37/78/38 45/80/39 93/81/15
f 93/81/15 45/80/39 48/54/23 94/53/15
f 558/82/40 561/83/41 53/84/42 96/85/43
f 30/86/6 57/87/6 5/88/6 7/89/6
f 23/90/10 9/91/6 39/92/6
f 15/65/26 67/64/25 70/93/44 17/94/45
f 559/95/46 562/96/47 72/97/48 19/98/46
f 111/8/2 112/99/2 25/100/2 3/101/2
f 3/101/2 25/100/2 34/23/9 35/22/9
f 21/59/15 22/32/15 33/35/15
f 43/102/6 40/103/6 41/104/6 42/61/6
f 119/105/49 36/68/29 38/106/50 120/107/51
f 120/107/51 38/106/50 37/78/38 121/77/37
f 36/68/29 44/67/28 46/108/52 38/106/50
f 38/106/50 46/108/52 45/80/39 37/78/38
f 44/67/28 47/71/32 49/109/53 46/108/52
f 46/108/52 49/109/53 48/54/23 45/80/39
f 47/71/32 50/73/34 52/110/54 49/109/53
f 49/109/53 52/110/54 51/55/24 48/54/23
f 552/111/55 54/112/56 55/113/57 560/114/58
f 560/114/58 55/113/57 53/84/42 561/83/41
f 118/115/59 119/105/49 39/116/60 9/117/61
f 59/41/6 57/87/6 30/86/6
f 122/118/62 57/119/63 59/120/64 123/121/65
f 123/122/65 59/123/64 56/124/66 124/125/67
f 64/46/20 61/45/19 62/126/68 65/127/69
f 65/128/69 62/129/68 60/130/70 63/131/71
f 67/64/25 64/46/20 65/127/69 68/132/72
f 68/133/72 65/128/69 63/131/71 66/134/73
f 70/93/44 67/64/25 68/132/72 71/135/74
f 71/136/74 68/133/72 66/134/73 69/137/75
f 134/138/76 70/93/44 71/135/74 135/139/77
f 135/140/77 71/136/74 69/137/75 136/141/78
f 117/142/79 122/118/62 61/45/19 11/44/18
f 56/143/6 59/41/6 58/144/6
f 39/92/6 43/102/6 42/61/6
f 58/144/6 59/41/6 102/40/6 101/145/6
f 557/146/80 555/147/81 80/148/82 90/149/83
f 125/150/15 76/151/15 152/152/15
f 66/134/73 83/153/15 84/154/15 69/137/75
f 124/125/67 126/155/15 81/156/15 60/130/70
f 60/130/70 81/156/15 82/157/15 63/131/71
f 63/131/71 82/157/15 83/153/15 66/134/73
f 554/158/84 556/159/85 85/160/86 73/161/87
f 127/162/15 88/163/15 151/164/15
f 556/159/85 557/146/80 90/149/83 85/160/86
f 555/147/81 558/82/40 96/85/43 80/148/82
f 77/165/15 93/81/15 94/53/15 78/166/15
f 76/151/15 92/79/15 93/81/15 77/165/15
f 125/150/15 128/76/15 92/79/15 76/151/15
f 78/166/15 94/53/15 95/56/15 79/167/15
f 100/31/14 98/30/14 99/168/88 102/169/88
f 102/170/88 99/171/88 97/52/22 101/51/22
f 97/172/1 98/173/1 27/1/1
f 107/34/17 104/33/16 106/174/89 109/175/90
f 109/175/90 106/174/89 105/176/91 110/177/3
f 110/178/3 105/179/91 103/27/11 108/26/4
f 114/20/8 104/180/92 22/48/5 31/9/5
f 33/36/9 107/181/2 3/101/2 35/22/9
f 108/7/4 26/182/13 112/99/2 111/8/2
f 107/181/2 109/5/2 111/8/2 3/101/2
f 116/183/93 114/20/8 113/21/8 115/184/93
f 103/185/93 116/183/93 115/184/93 10/186/93
f 103/185/93 105/187/93 106/188/5 116/183/93
f 116/183/93 106/188/5 104/180/92 114/20/8
f 75/189/15 91/190/15 128/76/15 125/150/15
f 86/191/15 87/192/15 127/162/15 126/155/15
f 56/124/66 86/191/15 126/155/15 124/125/67
f 87/192/15 75/189/15 125/150/15 127/162/15
f 5/193/94 57/119/63 122/118/62 117/142/79
f 62/129/68 123/122/65 124/125/67 60/130/70
f 61/45/19 122/118/62 123/121/65 62/126/68
f 12/69/30 36/68/29 119/105/49 118/115/59
f 43/194/95 120/107/51 121/77/37 40/195/96
f 39/116/60 119/105/49 120/107/51 43/194/95
f 91/190/15 40/195/96 121/77/37 128/76/15
f 79/167/15 95/56/15 140/196/15 137/197/15
f 145/198/15 89/199/15 139/200/15
f 69/137/75 84/154/15 138/201/15 136/141/78
f 146/202/15 79/167/15 137/197/15
f 553/203/97 135/140/77 136/141/78 554/158/84
f 562/96/47 134/138/76 135/139/77 553/204/97
f 52/110/54 132/205/98 133/206/99 51/55/24
f 50/73/34 131/75/36 132/205/98 52/110/54
f 17/94/45 70/93/44 134/138/76 129/207/46
f 95/56/15 51/55/24 133/206/99 140/196/15
f 551/208/35 552/111/55 131/75/36 130/74/35
f 126/155/15 127/162/15 151/164/15 147/209/15
f 88/163/15 127/162/15 150/210/15
f 127/162/15 125/150/15 148/211/15 150/210/15
f 148/211/15 125/150/15 152/152/15
f 126/155/15 147/209/15 149/212/15
f 81/156/15 126/155/15 149/212/15
f 84/154/15 143/213/15 138/201/15
f 143/213/15 141/214/15 138/201/15
f 141/214/15 145/198/15 139/200/15 138/201/15
f 89/199/15 144/215/15 139/200/15
f 144/215/15 142/216/15 137/197/15 139/200/15
f 142/216/15 146/202/15 137/197/15
f 158/217/1 4/4/1 6/3/1 159/218/1
f 239/219/2 241/220/2 238/221/100 240/222/101
f 162/223/5 24/12/5 8/11/1 160/224/1
f 171/225/6 188/226/6 217/227/6
f 159/228/7 6/19/7 7/18/7 161/229/7
f 160/224/1 8/11/1 4/4/1 158/217/1
f 242/230/8 113/21/8 24/12/5 162/223/5
f 165/231/9 163/232/10 23/24/10 34/23/9
f 238/233/100 26/29/13 10/28/12 233/234/102
f 228/235/103 159/228/7 161/229/7 230/236/103
f 157/237/104 164/238/104 237/239/105 234/240/106
f 164/241/9 156/242/10 163/232/10 165/231/9
f 154/243/1 160/224/1 158/217/1 153/244/1
f 232/245/6 230/246/6 161/247/6 189/248/6
f 11/44/18 13/47/21 194/249/107 191/250/108
f 157/251/5 162/223/5 160/224/1 154/243/1
f 153/252/104 227/253/109 231/254/109 188/255/104
f 224/256/104 225/257/104 181/258/110 178/259/111
f 188/255/104 171/260/104 154/261/104 153/252/104
f 154/261/104 171/260/104 156/262/104 157/237/104
f 163/263/10 156/264/10 171/265/6 172/266/6
f 13/47/21 15/65/26 197/267/112 194/249/107
f 14/66/27 12/69/30 166/268/113 174/269/114
f 16/70/31 14/66/27 174/269/114 177/270/115
f 18/72/33 16/70/31 177/270/115 180/271/116
f 130/74/35 18/72/33 180/271/116 254/272/117
f 253/273/104 222/274/104 167/275/118 246/276/119
f 222/274/104 223/277/104 175/278/120 167/275/118
f 223/277/104 224/256/104 178/259/111 175/278/120
f 569/279/121 226/280/122 183/281/123 571/282/124
f 161/283/6 7/89/6 5/88/6 187/284/6
f 169/285/6 9/91/6 23/90/10
f 15/65/26 17/94/45 200/286/125 197/267/112
f 559/95/46 19/98/46 202/287/126 572/288/127
f 241/220/2 155/289/2 25/100/2 112/99/2
f 155/289/2 165/231/9 34/23/9 25/100/2
f 156/262/104 164/238/104 157/237/104
f 173/290/6 172/266/6 171/265/6 170/291/6
f 244/292/128 245/293/129 168/294/130 166/268/113
f 245/293/129 246/276/119 167/275/118 168/294/130
f 166/268/113 168/294/130 176/295/131 174/269/114
f 168/294/130 167/275/118 175/278/120 176/295/131
f 174/269/114 176/295/131 179/296/132 177/270/115
f 176/295/131 175/278/120 178/259/111 179/296/132
f 177/270/115 179/296/132 182/297/133 180/271/116
f 179/296/132 178/259/111 181/258/110 182/297/133
f 563/298/134 570/299/135 185/300/136 184/301/137
f 570/299/135 571/282/124 183/281/123 185/300/136
f 118/115/59 9/117/61 169/302/138 244/292/128
f 189/248/6 161/247/6 187/284/6
f 247/303/139 248/304/140 189/305/141 187/306/142
f 248/307/140 249/308/143 186/309/144 189/310/141
f 194/249/107 195/311/145 192/312/146 191/250/108
f 195/313/145 193/314/147 190/315/148 192/316/146
f 197/267/112 198/317/149 195/311/145 194/249/107
f 198/318/149 196/319/150 193/314/147 195/313/145
f 200/286/125 201/320/151 198/317/149 197/267/112
f 201/321/151 199/322/152 196/319/150 198/318/149
f 257/323/153 258/324/154 201/320/151 200/286/125
f 258/325/154 259/326/155 199/322/152 201/321/151
f 117/142/79 11/44/18 191/250/108 247/303/139
f 186/327/6 188/226/6 189/248/6
f 169/285/6 172/266/6 173/290/6
f 188/328/6 231/329/6 232/245/6 189/248/6
f 568/330/156 220/331/157 210/332/158 566/333/159
f 250/334/104 275/335/104 206/336/104
f 196/319/150 199/322/152 214/337/104 213/338/104
f 249/308/143 190/315/148 211/339/104 251/340/104
f 190/315/148 193/314/147 212/341/104 211/339/104
f 193/314/147 196/319/150 213/338/104 212/341/104
f 565/342/160 203/343/161 215/344/162 567/345/163
f 252/346/104 274/347/104 218/348/104
f 567/345/163 215/344/162 220/331/157 568/330/156
f 566/333/159 210/332/158 226/280/122 569/279/121
f 207/349/104 208/350/104 224/256/104 223/277/104
f 206/336/104 207/349/104 223/277/104 222/274/104
f 250/334/104 206/336/104 222/274/104 253/273/104
f 208/350/104 209/351/104 225/257/104 224/256/104
f 230/236/103 232/352/164 229/353/164 228/235/103
f 232/354/164 231/254/109 227/253/109 229/355/164
f 158/217/1 228/356/1 227/357/1
f 237/239/105 239/358/165 236/359/166 234/240/106
f 239/358/165 240/360/101 235/361/167 236/359/166
f 240/362/101 238/233/100 233/234/102 235/363/167
f 242/230/8 162/223/5 157/251/5 234/364/168
f 164/241/9 165/231/9 155/289/2 237/365/2
f 238/221/100 241/220/2 112/99/2 26/182/13
f 237/365/2 155/289/2 241/220/2 239/219/2
f 243/366/93 115/184/93 113/21/8 242/230/8
f 233/367/93 10/186/93 115/184/93 243/366/93
f 233/367/93 243/366/93 236/368/5 235/369/93
f 243/366/93 242/230/8 234/364/168 236/368/5
f 205/370/104 250/334/104 253/273/104 221/371/104
f 216/372/104 251/340/104 252/346/104 217/373/104
f 186/309/144 249/308/143 251/340/104 216/372/104
f 217/373/104 252/346/104 250/334/104 205/370/104
f 5/193/94 117/142/79 247/303/139 187/306/142
f 192/316/146 190/315/148 249/308/143 248/307/140
f 191/250/108 192/312/146 248/304/140 247/303/139
f 12/69/30 118/115/59 244/292/128 166/268/113
f 173/374/169 170/375/170 246/276/119 245/293/129
f 169/302/138 173/374/169 245/293/129 244/292/128
f 221/371/104 253/273/104 246/276/119 170/375/170
f 209/351/104 260/376/104 263/377/104 225/257/104
f 268/378/104 262/379/104 219/380/104
f 199/322/152 259/326/155 261/381/104 214/337/104
f 269/382/104 260/376/104 209/351/104
f 564/383/171 565/342/160 259/326/155 258/325/154
f 572/288/127 564/384/171 258/324/154 257/323/153
f 182/297/133 181/258/110 256/385/172 255/386/173
f 180/271/116 182/297/133 255/386/173 254/272/117
f 17/94/45 129/207/46 257/323/153 200/286/125
f 225/257/104 263/377/104 256/385/172 181/258/110
f 551/208/35 130/74/35 254/272/117 563/298/134
f 251/340/104 270/387/104 274/347/104 252/346/104
f 218/348/104 273/388/104 252/346/104
f 252/346/104 273/388/104 271/389/104 250/334/104
f 271/389/104 275/335/104 250/334/104
f 251/340/104 272/390/104 270/387/104
f 211/339/104 272/390/104 251/340/104
f 214/337/104 261/381/104 266/391/104
f 266/391/104 261/381/104 264/392/104
f 264/392/104 261/381/104 262/379/104 268/378/104
f 219/380/104 262/379/104 267/393/104
f 267/393/104 262/379/104 260/376/104 265/394/104
f 265/394/104 260/376/104 269/382/104
f 303/395/174 280/396/175 282/397/176 304/398/177
f 384/399/178 386/400/179 383/401/180 385/402/181
f 307/403/182 300/404/183 284/405/6 305/406/184
f 309/407/185 279/408/186 362/409/1
f 304/410/187 282/411/12 283/412/12 306/413/187
f 305/406/184 284/405/6 280/396/175 303/395/174
f 389/414/188 388/415/189 300/404/183 307/403/182
f 312/416/190 308/417/191 299/418/192 311/419/193
f 383/420/180 302/421/194 286/422/195 378/423/196
f 373/424/197 304/410/187 306/413/187 375/425/197
f 298/426/198 310/427/199 382/428/200 379/429/201
f 310/430/202 297/431/203 308/417/191 312/416/190
f 277/432/204 305/406/184 303/395/174 276/433/205
f 377/434/206 375/435/207 306/436/208 334/437/209
f 287/438/30 289/439/27 339/440/210 336/441/211
f 298/442/212 307/403/182 305/406/184 277/432/204
f 276/443/213 372/444/214 376/445/214 279/446/213
f 369/447/215 370/448/215 327/449/216 324/450/217
f 279/446/213 309/451/218 277/452/218 276/443/213
f 277/452/218 309/451/218 297/453/219 298/426/198
f 308/454/191 297/455/203 309/407/185 318/456/220
f 289/439/27 291/457/221 342/458/222 339/440/210
f 290/459/21 288/460/18 313/461/223 320/462/224
f 292/463/225 290/459/21 320/462/224 323/464/226
f 294/465/227 292/463/225 323/464/226 326/466/228
f 405/467/229 294/465/227 326/466/228 406/468/230
f 403/469/231 367/470/215 314/471/232 396/472/233
f 367/470/215 368/473/215 321/474/234 314/471/232
f 368/473/215 369/447/215 324/450/217 321/474/234
f 580/475/235 371/476/236 329/477/237 583/478/238
f 306/436/208 283/479/239 281/480/239 333/481/240
f 316/482/241 285/483/242 299/484/192
f 291/457/221 293/485/243 345/486/244 342/458/222
f 581/487/245 295/488/246 347/489/247 584/490/248
f 386/400/179 278/491/249 301/492/250 387/493/251
f 278/491/249 312/416/190 311/419/193 301/492/250
f 297/453/219 310/427/199 298/426/198
f 319/494/252 318/456/220 317/495/253
f 394/496/254 395/497/255 315/498/256 313/461/223
f 395/497/255 396/472/233 314/471/232 315/498/256
f 313/461/223 315/498/256 322/499/257 320/462/224
f 315/498/256 314/471/232 321/474/234 322/499/257
f 320/462/224 322/499/257 325/500/258 323/464/226
f 322/499/257 321/474/234 324/450/217 325/500/258
f 323/464/226 325/500/258 328/501/259 326/466/228
f 325/500/258 324/450/217 327/449/216 328/501/259
f 574/502/260 582/503/261 331/504/262 330/505/263
f 582/503/261 583/478/238 329/477/237 331/504/262
f 393/506/264 285/507/265 316/508/266 394/496/254
f 334/437/209 306/436/208 333/481/240
f 397/509/267 398/510/268 334/511/269 333/512/270
f 398/513/268 399/514/271 332/515/272 334/516/269
f 339/440/210 340/517/273 337/518/274 336/441/211
f 340/519/273 338/520/275 335/521/276 337/522/274
f 342/458/222 343/523/277 340/517/273 339/440/210
f 343/524/277 341/525/278 338/520/275 340/519/273
f 345/486/244 346/526/279 343/523/277 342/458/222
f 346/527/279 344/528/280 341/525/278 343/524/277
f 409/529/281 410/530/282 346/526/279 345/486/244
f 410/531/282 411/532/283 344/528/280 346/527/279
f 392/533/284 287/438/30 336/441/211 397/509/267
f 332/534/285 279/408/186 334/437/209
f 316/482/241 318/456/220 319/494/252
f 279/408/186 376/535/286 377/434/206 334/437/209
f 579/536/287 365/537/288 355/538/289 577/539/290
f 400/540/291 427/541/104 351/542/104
f 341/525/278 344/528/280 359/543/292 358/544/293
f 399/514/271 335/521/276 356/545/294 401/546/295
f 335/521/276 338/520/275 357/547/296 356/545/294
f 338/520/275 341/525/278 358/544/293 357/547/296
f 576/548/297 348/549/298 360/550/299 578/551/300
f 402/552/301 426/553/104 363/554/104
f 578/551/300 360/550/299 365/537/288 579/536/287
f 577/539/290 355/538/289 371/476/236 580/475/235
f 352/555/104 353/556/104 369/447/215 368/473/215
f 351/542/104 352/555/104 368/473/215 367/470/215
f 400/540/291 351/542/104 367/470/215 403/469/231
f 353/556/104 354/557/104 370/448/215 369/447/215
f 375/425/197 377/558/302 374/559/302 373/424/197
f 377/560/302 376/445/214 372/444/214 374/561/302
f 373/562/303 374/563/304 372/564/305
f 382/428/200 384/565/306 381/566/307 379/429/201
f 384/565/306 385/567/181 380/568/308 381/566/307
f 385/569/181 383/420/180 378/423/196 380/570/308
f 389/414/188 307/403/182 298/442/212 379/571/309
f 310/430/202 312/416/190 278/491/249 382/572/310
f 383/401/180 386/400/179 387/493/251 302/573/194
f 382/572/310 278/491/249 386/400/179 384/399/178
f 391/574/311 390/575/312 388/415/189 389/414/188
f 378/576/313 286/577/314 390/575/312 391/574/311
f 378/576/313 391/574/311 381/578/315 380/579/316
f 391/574/311 389/414/188 379/571/309 381/578/315
f 350/580/317 400/540/291 403/469/231 366/581/318
f 361/582/319 401/546/295 402/552/301 362/583/320
f 332/515/272 399/514/271 401/546/295 361/582/319
f 362/583/320 402/552/301 400/540/291 350/580/317
f 281/584/321 392/533/284 397/509/267 333/512/270
f 337/522/274 335/521/276 399/514/271 398/513/268
f 336/441/211 337/518/274 398/510/268 397/509/267
f 288/460/18 393/506/264 394/496/254 313/461/223
f 319/585/322 317/586/323 396/472/233 395/497/255
f 316/508/266 319/585/322 395/497/255 394/496/254
f 366/581/318 403/469/231 396/472/233 317/586/323
f 354/557/104 412/587/104 415/588/324 370/448/215
f 420/589/104 414/590/104 364/591/104
f 344/528/280 411/532/283 413/592/325 359/543/292
f 421/593/104 412/587/104 354/557/104
f 575/594/326 576/548/297 411/532/283 410/531/282
f 584/490/248 575/595/326 410/530/282 409/529/281
f 328/501/259 327/449/216 408/596/327 407/597/328
f 326/466/228 328/501/259 407/597/328 406/468/230
f 293/485/243 404/598/329 409/529/281 345/486/244
f 370/448/215 415/588/324 408/596/327 327/449/216
f 573/599/330 405/467/229 406/468/230 574/502/260
f 401/546/295 422/600/104 426/553/104 402/552/301
f 363/554/104 425/601/104 402/552/301
f 402/552/301 425/601/104 423/602/104 400/540/291
f 423/602/104 427/541/104 400/540/291
f 401/546/295 424/603/104 422/600/104
f 356/545/294 424/603/104 401/546/295
f 359/543/292 413/592/325 418/604/104
f 418/604/104 413/592/325 416/605/104
f 416/605/104 413/592/325 414/590/104 420/589/104
f 364/591/104 414/590/104 419/606/104
f 419/606/104 414/590/104 412/587/104 417/607/104
f 417/607/104 412/587/104 421/593/104
f 434/608/331 435/609/332 282/397/176 280/396/175
f 514/610/333 515/611/334 513/612/335 516/613/336
f 438/614/337 436/615/338 284/405/6 300/404/183
f 492/616/1 491/617/339 431/618/340
f 435/619/341 437/620/341 283/412/12 282/411/12
f 436/615/338 434/608/331 280/396/175 284/405/6
f 517/621/342 438/614/337 300/404/183 388/415/189
f 442/622/343 311/419/193 299/418/192 439/623/344
f 513/624/335 508/625/345 286/422/195 302/421/194
f 503/626/346 505/627/346 437/620/341 435/619/341
f 433/628/347 509/629/348 512/630/349 441/631/350
f 441/632/351 442/622/343 439/623/344 432/633/352
f 429/634/353 428/635/354 434/608/331 436/615/338
f 507/636/355 464/637/356 437/638/357 505/639/358
f 287/438/30 466/640/359 469/641/360 289/439/27
f 433/642/361 429/634/353 436/615/338 438/614/337
f 428/643/362 431/644/362 506/645/363 502/646/363
f 499/647/364 454/648/365 457/649/366 500/650/364
f 431/644/362 428/643/362 429/651/367 440/652/367
f 429/651/367 433/628/347 432/653/368 440/652/367
f 439/654/344 448/655/369 440/656/370 432/657/352
f 289/439/27 469/641/360 472/658/371 291/457/221
f 290/459/21 450/659/372 443/660/373 288/460/18
f 292/463/225 453/661/374 450/659/372 290/459/21
f 294/465/227 456/662/375 453/661/374 292/463/225
f 405/467/229 529/663/376 456/662/375 294/465/227
f 528/664/377 521/665/378 444/666/379 497/667/364
f 497/667/364 444/666/379 451/668/380 498/669/364
f 498/669/364 451/668/380 454/648/365 499/647/364
f 591/670/381 593/671/382 459/672/383 501/673/384
f 437/638/357 463/674/385 281/480/239 283/479/239
f 299/484/192 285/483/242 446/675/386
f 291/457/221 472/658/371 475/676/387 293/485/243
f 581/487/245 594/677/388 477/678/389 295/488/246
f 516/613/336 387/493/251 301/492/250 430/679/390
f 430/679/390 301/492/250 311/419/193 442/622/343
f 432/653/368 433/628/347 441/631/350
f 449/680/391 447/681/392 448/655/369
f 519/682/393 443/660/373 445/683/394 520/684/395
f 520/684/395 445/683/394 444/666/379 521/665/378
f 443/660/373 450/659/372 452/685/396 445/683/394
f 445/683/394 452/685/396 451/668/380 444/666/379
f 450/659/372 453/661/374 455/686/397 452/685/396
f 452/685/396 455/686/397 454/648/365 451/668/380
f 453/661/374 456/662/375 458/687/398 455/686/397
f 455/686/397 458/687/398 457/649/366 454/648/365
f 585/688/399 460/689/400 461/690/401 592/691/402
f 592/691/402 461/690/401 459/672/383 593/671/382
f 393/506/264 519/682/393 446/692/403 285/507/265
f 464/637/356 463/674/385 437/638/357
f 522/693/404 463/694/405 464/695/406 523/696/407
f 523/697/407 464/698/406 462/699/408 524/700/409
f 469/641/360 466/640/359 467/701/410 470/702/411
f 470/703/411 467/704/410 465/705/412 468/706/413
f 472/658/371 469/641/360 470/702/411 473/707/414
f 473/708/414 470/703/411 468/706/413 471/709/415
f 475/676/387 472/658/371 473/707/414 476/710/416
f 476/711/416 473/708/414 471/709/415 474/712/417
f 532/713/418 475/676/387 476/710/416 533/714/419
f 533/715/419 476/711/416 474/712/417 534/716/420
f 392/533/284 522/693/404 466/640/359 287/438/30
f 462/717/421 464/637/356 431/618/340
f 446/675/386 449/680/391 448/655/369
f 431/618/340 464/637/356 507/636/355 506/718/422
f 590/719/423 588/720/424 485/721/425 495/722/426
f 525/723/427 481/724/15 550/725/15
f 471/709/415 488/726/428 489/727/429 474/712/417
f 524/700/409 526/728/430 486/729/431 465/705/412
f 465/705/412 486/729/431 487/730/432 468/706/413
f 468/706/413 487/730/432 488/726/428 471/709/415
f 587/731/433 589/732/434 490/733/435 478/734/436
f 527/735/437 493/736/15 549/737/15
f 589/732/434 590/719/423 495/722/426 490/733/435
f 588/720/424 591/670/381 501/673/384 485/721/425
f 482/738/15 498/669/364 499/647/364 483/739/15
f 481/724/15 497/667/364 498/669/364 482/738/15
f 525/723/427 528/664/377 497/667/364 481/724/15
f 483/739/15 499/647/364 500/650/364 484/740/15
f 505/627/346 503/626/346 504/741/438 507/742/438
f 507/743/438 504/744/438 502/646/363 506/645/363
f 435/609/332 434/608/331 502/745/439
f 512/630/349 509/629/348 511/746/440 514/747/441
f 514/747/441 511/746/440 510/748/442 515/749/334
f 515/750/334 510/751/442 508/625/345 513/624/335
f 517/621/342 509/752/443 433/642/361 438/614/337
f 441/632/351 512/753/444 430/679/390 442/622/343
f 513/612/335 302/573/194 387/493/251 516/613/336
f 512/753/444 514/610/333 516/613/336 430/679/390
f 518/754/445 517/621/342 388/415/189 390/575/312
f 508/755/446 518/754/445 390/575/312 286/577/314
f 508/755/446 510/756/447 511/757/448 518/754/445
f 518/754/445 511/757/448 509/752/443 517/621/342
f 480/758/449 496/759/450 528/664/377 525/723/427
f 491/760/451 492/761/452 527/735/437 526/728/430
f 462/699/408 491/760/451 526/728/430 524/700/409
f 492/761/452 480/758/449 525/723/427 527/735/437
f 281/584/321 463/694/405 522/693/404 392/533/284
f 467/704/410 523/697/407 524/700/409 465/705/412
f 466/640/359 522/693/404 523/696/407 467/701/410
f 288/460/18 443/660/373 519/682/393 393/506/264
f 449/762/453 520/684/395 521/665/378 447/763/454
f 446/692/403 519/682/393 520/684/395 449/762/453
f 496/759/450 447/763/454 521/665/378 528/664/377
f 484/740/15 500/650/364 538/764/455 535/765/15
f 543/766/15 494/767/15 537/768/15
f 474/712/417 489/727/429 536/769/456 534/716/420
f 544/770/15 484/740/15 535/765/15
f 586/771/457 533/715/419 534/716/420 587/731/433
f 594/677/388 532/713/418 533/714/419 586/772/457
f 458/687/398 530/773/458 531/774/459 457/649/366
f 456/662/375 529/663/376 530/773/458 458/687/398
f 293/485/243 475/676/387 532/713/418 404/598/329
f 500/650/364 457/649/366 531/774/459 538/764/455
f 573/599/330 585/688/399 529/663/376 405/467/229
f 526/728/430 527/735/437 549/737/15 545/775/15
f 493/736/15 527/735/437 548/776/15
f 527/735/437 525/723/427 546/777/15 548/776/15
f 546/777/15 525/723/427 550/725/15
f 526/728/430 545/775/15 547/778/15
f 486/729/431 526/728/430 547/778/15
f 489/727/429 541/779/15 536/769/456
f 541/779/15 539/780/15 536/769/456
f 539/780/15 543/766/15 537/768/15 536/769/456
f 494/767/15 542/781/15 537/768/15
f 542/781/15 540/782/15 535/765/15 537/768/15
f 540/782/15 544/770/15 535/765/15
f 55/783/460 54/784/461 330/785/462 331/786/463
f 53/787/464 55/783/460 331/786/463 329/788/465
f 54/784/461 20/789/466 296/790/466 330/785/462
f 72/791/467 74/792/468 349/793/469 347/794/470
f 74/792/468 73/795/471 348/796/472 349/793/469
f 73/795/471 85/797/473 360/798/473 348/796/472
f 19/799/474 72/791/467 347/794/470 295/800/474
f 80/801/475 96/802/476 371/803/477 355/804/475
f 77/805/478 78/806/479 353/807/479 352/808/478
f 76/809/480 77/805/478 352/808/478 351/810/480
f 78/806/479 79/811/481 354/812/481 353/807/479
f 81/813/482 149/814/483 424/815/483 356/816/482
f 143/817/484 84/818/485 359/819/485 418/820/484
f 85/797/473 90/821/486 365/822/486 360/798/473
f 84/818/485 83/823/487 358/824/487 359/819/485
f 82/825/488 81/813/482 356/816/482 357/826/488
f 83/823/487 82/825/488 357/826/488 358/824/487
f 88/827/489 150/828/490 425/829/490 363/830/489
f 144/831/491 89/832/492 364/833/492 419/834/491
f 90/821/486 80/801/475 355/804/475 365/822/486
f 96/802/476 53/787/464 329/788/465 371/803/477
f 145/835/493 141/836/494 416/837/494 420/838/493
f 146/839/495 142/840/496 417/841/496 421/842/495
f 141/836/494 143/817/484 418/820/484 416/837/494
f 142/840/496 144/831/491 419/834/491 417/841/496
f 89/843/492 145/835/493 420/838/493 364/844/492
f 79/811/481 146/839/495 421/842/495 354/812/481
f 147/845/497 151/846/498 426/847/498 422/848/497
f 148/849/499 152/850/500 427/851/500 423/852/499
f 149/814/483 147/845/497 422/848/497 424/815/483
f 150/828/490 148/849/499 423/852/499 425/829/490
f 151/846/498 88/853/489 363/854/489 426/847/498
f 152/850/500 76/809/480 351/810/480 427/851/500
f 184/855/501 185/856/502 461/857/401 460/858/503
f 185/856/502 183/859/504 459/860/383 461/857/401
f 20/861/466 184/855/501 460/858/503 296/862/466
f 204/863/505 202/864/506 477/865/507 479/866/508
f 203/867/509 204/863/505 479/866/508 478/868/510
f 215/869/511 203/867/509 478/868/510 490/870/511
f 202/864/506 19/799/474 295/800/474 477/865/507
f 226/871/512 210/872/513 485/873/425 501/874/384
f 208/875/479 207/876/478 482/877/478 483/878/479
f 207/876/478 206/879/480 481/880/480 482/877/478
f 209/881/481 208/875/479 483/878/479 484/882/481
f 272/883/483 211/884/482 486/885/482 547/886/483
f 214/887/485 266/888/484 541/889/484 489/890/485
f 220/891/486 215/869/511 490/870/511 495/892/486
f 213/893/487 214/887/485 489/890/485 488/894/487
f 211/884/482 212/895/488 487/896/488 486/885/482
f 212/895/488 213/893/487 488/894/487 487/896/488
f 273/897/490 218/898/489 493/899/489 548/900/490
f 219/901/492 267/902/491 542/903/491 494/904/492
f 210/905/514 220/891/486 495/892/486 485/906/514
f 183/859/504 226/871/512 501/874/384 459/860/383
f 264/907/494 268/908/493 543/909/493 539/910/494
f 265/911/496 269/912/495 544/913/495 540/914/496
f 266/888/484 264/907/494 539/910/494 541/889/484
f 267/902/491 265/911/496 540/914/496 542/903/491
f 268/908/493 219/915/492 494/916/492 543/909/493
f 269/912/495 209/881/481 484/882/481 544/913/495
f 274/917/498 270/918/497 545/919/497 549/920/498
f 275/921/500 271/922/499 546/923/499 550/924/500
f 270/918/497 272/883/483 547/886/483 545/919/497
f 271/922/499 273/897/490 548/900/490 546/923/499
f 218/925/489 274/917/498 549/920/498 493/926/489
f 206/879/480 275/921/500 550/924/500 481/880/480
f 20/927/35 551/208/35 563/298/134 184/301/137
f 202/287/126 204/928/515 564/384/171 572/288/127
f 204/929/515 203/343/161 565/342/160 564/383/171
f 260/376/104 566/333/159 569/279/121 263/377/104
f 261/381/104 567/345/163 568/330/156 262/379/104
f 259/326/155 565/342/160 567/345/163 261/381/104
f 262/379/104 568/330/156 566/333/159 260/376/104
f 255/386/173 256/385/172 571/282/124 570/299/135
f 254/272/117 255/386/173 570/299/135 563/298/134
f 129/207/46 559/95/46 572/288/127 257/323/153
f 263/377/104 569/279/121 571/282/124 256/385/172
f 20/927/35 54/112/56 552/111/55 551/208/35
f 72/97/48 562/96/47 553/204/97 74/930/516
f 74/931/516 553/203/97 554/158/84 73/161/87
f 137/197/15 140/196/15 558/82/40 555/147/81
f 138/201/15 139/200/15 557/146/80 556/159/85
f 136/141/78 138/201/15 556/159/85 554/158/84
f 139/200/15 137/197/15 555/147/81 557/146/80
f 132/205/98 560/114/58 561/83/41 133/206/99
f 131/75/36 552/111/55 560/114/58 132/205/98
f 129/207/46 134/138/76 562/96/47 559/95/46
f 140/196/15 133/206/99 561/83/41 558/82/40
f 296/932/330 460/689/400 585/688/399 573/599/330
f 477/678/389 594/677/388 586/772/457 479/933/517
f 479/934/517 586/771/457 587/731/433 478/734/436
f 535/765/15 538/764/455 591/670/381 588/720/424
f 536/769/456 537/768/15 590/719/423 589/732/434
f 534/716/420 536/769/456 589/732/434 587/731/433
f 537/768/15 535/765/15 588/720/424 590/719/423
f 530/773/458 592/691/402 593/671/382 531/774/459
f 529/663/376 585/688/399 592/691/402 530/773/458
f 404/598/329 532/713/418 594/677/388 581/487/245
f 538/764/455 531/774/459 593/671/382 591/670/381
f 296/932/330 573/599/330 574/502/260 330/505/263
f 347/489/247 349/935/518 575/595/326 584/490/248
f 349/936/518 348/549/298 576/548/297 575/594/326
f 412/587/104 577/539/290 580/475/235 415/588/324
f 413/592/325 578/551/300 579/536/287 414/590/104
f 411/532/283 576/548/297 578/551/300 413/592/325
f 414/590/104 579/536/287 577/539/290 412/587/104
f 407/597/328 408/596/327 583/478/238 582/503/261
f 406/468/230 407/597/328 582/503/261 574/502/260
f 404/598/329 581/487/245 584/490/248 409/529/281
f 415/588/324 580/475/235 583/478/238 408/596/327
f 601/937/519 597/938/519 598/939/519 600/940/519
f 596/941/519 597/938/519 601/937/519 599/942/519
f 595/943/519 596/941/519 599/942/519 602/944/519
f 602/944/519 603/945/519 612/946/519 595/943/519
f 614/947/519 612/946/519 603/945/519 604/948/519
f 604/948/519 605/949/519 613/950/519 614/947/519
f 605/949/519 606/951/519 611/952/519 613/950/519
f 608/953/519 610/954/519 611/952/519 606/951/519
f 610/954/519 608/953/519 607/955/519 609/956/519
f 621/957/520 620/958/520 618/959/520 617/960/520
f 616/961/520 619/962/520 621/957/520 617/960/520
f 615/963/520 622/964/520 619/962/520 616/961/520
f 622/964/520 615/963/520 632/965/520 623/966/520
f 634/967/520 624/968/520 623/966/520 632/965/520
f 624/968/520 634/967/520 633/969/520 625/970/520
f 625/970/520 633/969/520 631/971/520 626/972/520
f 628/973/520 626/972/520 631/971/520 630/974/520
f 630/974/520 629/975/520 627/976/520 628/973/520
f 612/977/521 614/978/15 634/979/15 632/980/521
f 610/981/522 609/982/523 629/983/523 630/984/522
f 596/985/524 595/986/525 615/987/525 616/988/524
f 598/989/526 597/990/527 617/991/527 618/992/526
f 597/993/528 596/985/524 616/988/524 617/994/528
f 601/995/529 600/996/530 620/997/530 621/998/529
f 599/999/531 601/1000/532 621/1001/532 619/1002/531
f 603/1003/104 602/1004/533 622/1005/533 623/1006/104
f 605/1007/534 604/1008/104 624/1009/104 625/1010/534
f 606/1011/535 605/1007/534 625/1010/534 626/1012/535
f 604/1008/104 603/1003/104 623/1006/104 624/1009/104
f 602/1004/533 599/999/531 619/1002/531 622/1005/533
f 607/1013/536 608/1014/537 628/1015/537 627/1016/536
f 613/1017/538 611/1018/539 631/1019/539 633/1020/538
f 614/978/15 613/1017/538 633/1020/538 634/979/15
f 608/1021/537 606/1011/535 626/1012/535 628/1022/537
f 611/1018/539 610/1023/522 630/1024/522 631/1019/539
f 595/986/525 612/977/521 632/980/521 615/987/525
f 600/996/530 598/989/526 618/992/526 620/997/530
f 609/982/523 607/1013/536 627/1016/536 629/983/523
f 86/14/6 56/143/6 58/15/6
f 58/15/6 41/104/6 87/13/6
f 41/104/6 40/103/6 91/1025/6
f 91/1025/6 75/1026/6 41/104/6
f 41/104/6 75/1026/6 87/13/6
f 42/61/6 32/60/10 39/92/6
f 32/60/10 23/90/10 39/92/6
f 27/1/1 1/39/1 97/172/1
f 97/172/1 99/1027/1 98/173/1
f 98/173/1 28/2/1 27/1/1
f 188/226/6 186/327/6 216/1028/6
f 217/227/6 205/1029/6 171/225/6
f 205/1029/6 221/1030/6 171/225/6
f 188/226/6 216/1028/6 217/227/6
f 170/291/6 171/225/6 221/1030/6
f 23/90/10 163/263/10 169/285/6
f 163/263/10 172/266/6 169/285/6
f 227/357/1 153/244/1 158/217/1
f 158/217/1 159/218/1 228/356/1
f 228/356/1 229/1031/1 227/357/1
f 279/408/186 332/534/285 361/1032/540
f 361/1032/540 362/409/1 279/408/186
f 362/409/1 350/1033/1 309/407/185
f 350/1033/1 366/1034/541 309/407/185
f 366/1034/541 317/495/253 309/407/185
f 317/495/253 318/456/220 309/407/185
f 299/484/192 308/454/191 316/482/241
f 308/454/191 318/456/220 316/482/241
f 372/564/305 276/433/205 303/395/174
f 303/395/174 304/398/177 372/564/305
f 304/398/177 373/562/303 372/564/305
f 491/617/339 462/717/421 431/618/340
f 431/618/340 440/656/370 492/616/1
f 440/656/370 448/655/369 447/681/392
f 496/1035/542 440/656/370 447/681/392
f 496/1035/542 480/1036/1 440/656/370
f 480/1036/1 492/616/1 440/656/370
f 448/655/369 439/654/344 446/675/386
f 439/654/344 299/484/192 446/675/386
f 434/608/331 428/635/354 502/745/439
f 502/745/439 504/1037/543 503/1038/544
f 503/1038/544 435/609/332 502/745/439
f 636/1039/545 646/1040/546 645/1041/547 635/1042/548
f 646/1043/546 656/1044/549 655/1045/550 645/1046/547
f 637/1047/551 647/1048/552 646/1040/546 636/1039/545
f 647/1049/552 662/1050/553 656/1044/549 646/1043/546
f 638/1051/554 648/1052/555 647/1048/552 637/1047/551
f 648/1053/555 663/1054/556 662/1050/553 647/1049/552
f 639/1055/557 649/1056/558 648/1052/555 638/1051/554
f 649/1057/558 657/1058/559 663/1054/556 648/1053/555
f 640/1059/560 650/1060/561 649/1056/558 639/1055/557
f 650/1061/561 658/1062/562 657/1058/559 649/1057/558
f 641/1063/563 651/1064/564 650/1060/561 640/1059/560
f 651/1065/564 659/1066/565 658/1062/562 650/1061/561
f 642/1067/566 652/1068/567 651/1064/564 641/1063/563
f 652/1069/567 664/1070/568 659/1066/565 651/1065/564
f 643/1071/569 653/1072/570 652/1068/567 642/1067/566
f 653/1073/570 660/1074/571 664/1070/568 652/1069/567
f 644/1075/572 654/1076/573 653/1072/570 643/1071/569
f 654/1077/573 661/1078/574 660/1074/571 653/1073/570
f 635/1079/548 645/1080/547 654/1076/573 644/1075/572
f 645/1081/547 655/1082/550 661/1078/574 654/1077/573
f 656/1083/549 666/1084/575 665/1085/576 655/1086/550
f 666/1087/575 676/1088/577 675/1089/578 665/1090/576
f 676/1091/577 686/1092/579 685/1093/580 675/1094/578
f 686/1095/579 696/1096/581 695/1097/582 685/1098/580
f 696/1039/581 706/1040/583 705/1041/584 695/1042/582
f 706/1043/583 715/1044/585 721/1045/586 705/1046/584
f 662/1099/553 667/1100/587 666/1084/575 656/1083/549
f 667/1101/587 677/1102/588 676/1088/577 666/1087/575
f 677/1103/588 687/1104/589 686/1092/579 676/1091/577
f 687/1105/589 697/1106/590 696/1096/581 686/1095/579
f 697/1047/590 707/1048/591 706/1040/583 696/1039/581
f 707/1049/591 716/1050/592 715/1044/585 706/1043/583
f 663/1107/556 668/1108/593 667/1100/587 662/1099/553
f 668/1109/593 678/1110/594 677/1102/588 667/1101/587
f 678/1111/594 688/1112/595 687/1104/589 677/1103/588
f 688/1113/595 698/1114/596 697/1106/590 687/1105/589
f 698/1051/596 708/1052/597 707/1048/591 697/1047/590
f 708/1053/597 722/1054/598 716/1050/592 707/1049/591
f 657/1115/559 669/1116/599 668/1108/593 663/1107/556
f 669/1117/599 679/1118/600 678/1110/594 668/1109/593
f 679/1119/600 689/1120/601 688/1112/595 678/1111/594
f 689/1121/601 699/1122/602 698/1114/596 688/1113/595
f 699/1055/602 709/1056/603 708/1052/597 698/1051/596
f 709/1057/603 723/1058/604 722/1054/598 708/1053/597
f 658/1123/562 670/1124/605 669/1116/599 657/1115/559
f 670/1125/605 680/1126/606 679/1118/600 669/1117/599
f 680/1127/606 690/1128/607 689/1120/601 679/1119/600
f 690/1129/607 700/1130/608 699/1122/602 689/1121/601
f 700/1059/608 710/1060/609 709/1056/603 699/1055/602
f 710/1061/609 717/1062/610 723/1058/604 709/1057/603
f 659/1131/565 671/1132/611 670/1124/605 658/1123/562
f 671/1133/611 681/1134/612 680/1126/606 670/1125/605
f 681/1135/612 691/1136/613 690/1128/607 680/1127/606
f 691/1137/613 701/1138/614 700/1130/608 690/1129/607
f 701/1063/614 711/1064/615 710/1060/609 700/1059/608
f 711/1065/615 718/1066/616 717/1062/610 710/1061/609
f 664/1139/568 672/1140/617 671/1132/611 659/1131/565
f 672/1141/617 682/1142/618 681/1134/612 671/1133/611
f 682/1143/618 692/1144/619 691/1136/613 681/1135/612
f 692/1145/619 702/1146/620 701/1138/614 691/1137/613
f 702/1067/620 712/1068/621 711/1064/615 701/1063/614
f 712/1069/621 719/1070/622 718/1066/616 711/1065/615
f 660/1147/571 673/1148/623 672/1140/617 664/1139/568
f 673/1149/623 683/1150/624 682/1142/618 672/1141/617
f 683/1151/624 693/1152/625 692/1144/619 682/1143/618
f 693/1153/625 703/1154/626 702/1146/620 692/1145/619
f 703/1071/626 713/1072/627 712/1068/621 702/1067/620
f 713/1073/627 720/1074/628 719/1070/622 712/1069/621
f 661/1155/574 674/1156/629 673/1148/623 660/1147/571
f 674/1157/629 684/1158/630 683/1150/624 673/1149/623
f 684/1159/630 694/1160/631 693/1152/625 683/1151/624
f 694/1161/631 704/1162/632 703/1154/626 693/1153/625
f 704/1075/632 714/1076/633 713/1072/627 703/1071/626
f 714/1077/633 724/1078/634 720/1074/628 713/1073/627
f 655/1163/550 665/1164/576 674/1156/629 661/1155/574
f 665/1165/576 675/1166/578 684/1158/630 674/1157/629
f 675/1167/578 685/1168/580 694/1160/631 684/1159/630
f 685/1169/580 695/1170/582 704/1162/632 694/1161/631
f 695/1079/582 705/1080/584 714/1076/633 704/1075/632
f 705/1081/584 721/1082/586 724/1078/634 714/1077/633
f 715/1083/585 726/1084/635 725/1085/636 721/1086/586
f 726/1087/635 736/1088/637 735/1089/638 725/1090/636
f 736/1091/637 746/1092/579 745/1093/580 735/1094/638
f 746/1095/579 756/1096/639 755/1097/640 745/1098/580
f 756/1039/639 766/1040/641 765/1041/642 755/1042/640
f 766/1043/641 781/1044/643 780/1045/644 765/1046/642
f 716/1099/592 727/1100/645 726/1084/635 715/1083/585
f 727/1101/645 737/1102/646 736/1088/637 726/1087/635
f 737/1103/646 747/1104/589 746/1092/579 736/1091/637
f 747/1105/589 757/1106/647 756/1096/639 746/1095/579
f 757/1047/647 767/1048/648 766/1040/641 756/1039/639
f 767/1049/648 775/1050/649 781/1044/643 766/1043/641
f 722/1107/598 728/1108/650 727/1100/645 716/1099/592
f 728/1109/650 738/1110/651 737/1102/646 727/1101/645
f 738/1111/651 748/1112/595 747/1104/589 737/1103/646
f 748/1113/595 758/1114/652 757/1106/647 747/1105/589
f 758/1051/652 768/1052/653 767/1048/648 757/1047/647
f 768/1053/653 776/1054/654 775/1050/649 767/1049/648
f 723/1115/604 729/1116/655 728/1108/650 722/1107/598
f 729/1117/655 739/1118/656 738/1110/651 728/1109/650
f 739/1119/656 749/1120/601 748/1112/595 738/1111/651
f 749/1121/601 759/1122/602 758/1114/652 748/1113/595
f 759/1055/602 769/1056/657 768/1052/653 758/1051/652
f 769/1057/657 777/1058/658 776/1054/654 768/1053/653
f 717/1123/610 730/1124/659 729/1116/655 723/1115/604
f 730/1125/659 740/1126/606 739/1118/656 729/1117/655
f 740/1127/606 750/1128/607 749/1120/601 739/1119/656
f 750/1129/607 760/1130/660 759/1122/602 749/1121/601
f 760/1059/660 770/1060/661 769/1056/657 759/1055/602
f 770/1061/661 778/1062/662 777/1058/658 769/1057/657
f 718/1131/616 731/1132/663 730/1124/659 717/1123/610
f 731/1133/663 741/1134/664 740/1126/606 730/1125/659
f 741/1135/664 751/1136/613 750/1128/607 740/1127/606
f 751/1137/613 761/1138/665 760/1130/660 750/1129/607
f 761/1063/665 771/1064/666 770/1060/661 760/1059/660
f 771/1065/666 782/1066/667 778/1062/662 770/1061/661
f 719/1139/622 732/1140/668 731/1132/663 718/1131/616
f 732/1141/668 742/1142/669 741/1134/664 731/1133/663
f 742/1143/669 752/1144/619 751/1136/613 741/1135/664
f 752/1145/619 762/1146/670 761/1138/665 751/1137/613
f 762/1067/670 772/1068/671 771/1064/666 761/1063/665
f 772/1069/671 779/1070/672 782/1066/667 771/1065/666
f 720/1147/628 733/1148/673 732/1140/668 719/1139/622
f 733/1149/673 743/1150/674 742/1142/669 732/1141/668
f 743/1151/674 753/1152/675 752/1144/619 742/1143/669
f 753/1153/675 763/1154/676 762/1146/670 752/1145/619
f 763/1071/676 773/1072/677 772/1068/671 762/1067/670
f 773/1073/677 783/1074/678 779/1070/672 772/1069/671
f 724/1155/634 734/1156/679 733/1148/673 720/1147/628
f 734/1157/679 744/1158/680 743/1150/674 733/1149/673
f 744/1159/680 754/1160/631 753/1152/675 743/1151/674
f 754/1161/631 764/1162/681 763/1154/676 753/1153/675
f 764/1075/681 774/1076/682 773/1072/677 763/1071/676
f 774/1077/682 784/1078/683 783/1074/678 773/1073/677
f 721/1163/586 725/1164/636 734/1156/679 724/1155/634
f 725/1165/636 735/1166/638 744/1158/680 734/1157/679
f 735/1167/638 745/1168/580 754/1160/631 744/1159/680
f 745/1169/580 755/1170/640 764/1162/681 754/1161/631
f 755/1079/640 765/1080/642 774/1076/682 764/1075/681
f 765/1081/642 780/1082/644 784/1078/683 774/1077/682
f 781/1083/643 786/1084/684 785/1085/685 780/1086/644
f 786/1087/684 796/1088/686 795/1089/638 785/1090/685
f 796/1091/686 806/1092/579 805/1093/580 795/1094/638
f 806/1095/579 816/1096/581 815/1097/582 805/1098/580
f 816/1039/581 826/1040/687 825/1041/688 815/1042/582
f 826/1043/687 835/1044/689 840/1045/690 825/1046/688
f 775/1099/649 787/1100/691 786/1084/684 781/1083/643
f 787/1101/691 797/1102/692 796/1088/686 786/1087/684
f 797/1103/692 807/1104/589 806/1092/579 796/1091/686
f 807/1105/589 817/1106/590 816/1096/581 806/1095/579
f 817/1047/590 827/1048/693 826/1040/687 816/1039/581
f 827/1049/693 836/1050/694 835/1044/689 826/1043/687
f 776/1107/654 788/1108/695 787/1100/691 775/1099/649
f 788/1109/695 798/1110/651 797/1102/692 787/1101/691
f 798/1111/651 808/1112/595 807/1104/589 797/1103/692
f 808/1113/595 818/1114/696 817/1106/590 807/1105/589
f 818/1051/696 828/1052/697 827/1048/693 817/1047/590
f 828/1053/697 841/1054/698 836/1050/694 827/1049/693
f 777/1115/658 789/1116/699 788/1108/695 776/1107/654
f 789/1117/699 799/1118/700 798/1110/651 788/1109/695
f 799/1119/700 809/1120/601 808/1112/595 798/1111/651
f 809/1121/601 819/1122/701 818/1114/696 808/1113/595
f 819/1055/701 829/1056/702 828/1052/697 818/1051/696
f 829/1057/702 837/1058/703 841/1054/698 828/1053/697
f 778/1123/662 790/1124/704 789/1116/699 777/1115/658
f 790/1125/704 800/1126/705 799/1118/700 789/1117/699
f 800/1127/705 810/1128/607 809/1120/601 799/1119/700
f 810/1129/607 820/1130/706 819/1122/701 809/1121/601
f 820/1059/706 830/1060/707 829/1056/702 819/1055/701
f 830/1061/707 842/1062/708 837/1058/703 829/1057/702
f 782/1131/667 791/1132/709 790/1124/704 778/1123/662
f 791/1133/709 801/1134/710 800/1126/705 790/1125/704
f 801/1135/710 811/1136/613 810/1128/607 800/1127/705
f 811/1137/613 821/1138/614 820/1130/706 810/1129/607
f 821/1063/614 831/1064/711 830/1060/707 820/1059/706
f 831/1065/711 843/1066/712 842/1062/708 830/1061/707
f 779/1139/672 792/1140/713 791/1132/709 782/1131/667
f 792/1141/713 802/1142/714 801/1134/710 791/1133/709
f 802/1143/714 812/1144/619 811/1136/613 801/1135/710
f 812/1145/619 822/1146/670 821/1138/614 811/1137/613
f 822/1067/670 832/1068/715 831/1064/711 821/1063/614
f 832/1069/715 838/1070/716 843/1066/712 831/1065/711
f 783/1147/678 793/1148/717 792/1140/713 779/1139/672
f 793/1149/717 803/1150/718 802/1142/714 792/1141/713
f 803/1151/718 813/1152/625 812/1144/619 802/1143/714
f 813/1153/625 823/1154/719 822/1146/670 812/1145/619
f 823/1071/719 833/1072/720 832/1068/715 822/1067/670
f 833/1073/720 844/1074/721 838/1070/716 832/1069/715
f 784/1155/683 794/1156/722 793/1148/717 783/1147/678
f 794/1157/722 804/1158/630 803/1150/718 793/1149/717
f 804/1159/630 814/1160/631 813/1152/625 803/1151/718
f 814/1161/631 824/1162/723 823/1154/719 813/1153/625
f 824/1075/723 834/1076/724 833/1072/720 823/1071/719
f 834/1077/724 839/1078/725 844/1074/721 833/1073/720
f 780/1163/644 785/1164/685 794/1156/722 784/1155/683
f 785/1165/685 795/1166/638 804/1158/630 794/1157/722
f 795/1167/638 805/1168/580 814/1160/631 804/1159/630
f 805/1169/580 815/1170/582 824/1162/723 814/1161/631
f 815/1079/582 825/1080/688 834/1076/724 824/1075/723
f 825/1081/688 840/1082/690 839/1078/725 834/1077/724
f 835/1083/689 846/1084/635 845/1085/726 840/1086/690
f 846/1087/635 856/1088/637 855/1089/727 845/1090/726
f 856/1091/637 866/1092/579 865/1093/580 855/1094/727
f 866/1095/579 876/1096/728 875/1097/582 865/1098/580
f 876/1039/728 886/1040/729 885/1041/730 875/1042/582
f 886/1043/729 898/1044/731 897/1045/732 885/1046/730
f 836/1099/694 847/1100/733 846/1084/635 835/1083/689
f 847/1101/733 857/1102/734 856/1088/637 846/1087/635
f 857/1103/734 867/1104/589 866/1092/579 856/1091/637
f 867/1105/589 877/1106/590 876/1096/728 866/1095/579
f 877/1047/590 887/1048/735 886/1040/729 876/1039/728
f 887/1049/735 899/1050/736 898/1044/731 886/1043/729
f 841/1107/698 848/1108/737 847/1100/733 836/1099/694
f 848/1109/737 858/1110/594 857/1102/734 847/1101/733
f 858/1111/594 868/1112/595 867/1104/589 857/1103/734
f 868/1113/595 878/1114/738 877/1106/590 867/1105/589
f 878/1051/738 888/1052/739 887/1048/735 877/1047/590
f 888/1053/739 895/1054/740 899/1050/736 887/1049/735
f 837/1115/703 849/1116/741 848/1108/737 841/1107/698
f 849/1117/741 859/1118/742 858/1110/594 848/1109/737
f 859/1119/742 869/1120/601 868/1112/595 858/1111/594
f 869/1121/601 879/1122/743 878/1114/738 868/1113/595
f 879/1055/743 889/1056/744 888/1052/739 878/1051/738
f 889/1057/744 900/1058/745 895/1054/740 888/1053/739
f 842/1123/708 850/1124/746 849/1116/741 837/1115/703
f 850/1125/746 860/1126/747 859/1118/742 849/1117/741
f 860/1127/747 870/1128/607 869/1120/601 859/1119/742
f 870/1129/607 880/1130/660 879/1122/743 869/1121/601
f 880/1059/660 890/1060/748 889/1056/744 879/1055/743
f 890/1061/748 901/1062/749 900/1058/745 889/1057/744
f 843/1131/712 851/1132/750 850/1124/746 842/1123/708
f 851/1133/750 861/1134/710 860/1126/747 850/1125/746
f 861/1135/710 871/1136/751 870/1128/607 860/1127/747
f 871/1137/751 881/1138/614 880/1130/660 870/1129/607
f 881/1063/614 891/1064/752 890/1060/748 880/1059/660
f 891/1065/752 902/1066/753 901/1062/749 890/1061/748
f 838/1139/716 852/1140/754 851/1132/750 843/1131/712
f 852/1141/754 862/1142/755 861/1134/710 851/1133/750
f 862/1143/755 872/1144/619 871/1136/751 861/1135/710
f 872/1145/619 882/1146/756 881/1138/614 871/1137/751
f 882/1067/756 892/1068/757 891/1064/752 881/1063/614
f 892/1069/757 896/1070/758 902/1066/753 891/1065/752
f 844/1147/721 853/1148/759 852/1140/754 838/1139/716
f 853/1149/759 863/1150/760 862/1142/755 852/1141/754
f 863/1151/760 873/1152/625 872/1144/619 862/1143/755
f 873/1153/625 883/1154/676 882/1146/756 872/1145/619
f 883/1071/676 893/1072/677 892/1068/757 882/1067/756
f 893/1073/677 903/1074/761 896/1070/758 892/1069/757
f 839/1155/725 854/1156/762 853/1148/759 844/1147/721
f 854/1157/762 864/1158/763 863/1150/760 853/1149/759
f 864/1159/763 874/1160/631 873/1152/625 863/1151/760
f 874/1161/631 884/1162/681 883/1154/676 873/1153/625
f 884/1075/681 894/1076/764 893/1072/677 883/1071/676
f 894/1077/764 904/1078/765 903/1074/761 893/1073/677
f 840/1163/690 845/1164/726 854/1156/762 839/1155/725
f 845/1165/726 855/1166/727 864/1158/763 854/1157/762
f 855/1167/727 865/1168/580 874/1160/631 864/1159/763
f 865/1169/580 875/1170/582 884/1162/681 874/1161/631
f 875/1079/582 885/1080/730 894/1076/764 884/1075/681
f 885/1081/730 897/1082/732 904/1078/765 894/1077/764
f 898/1083/731 906/1084/766 905/1085/767 897/1086/732
f 906/1087/766 916/1088/637 915/1089/727 905/1090/767
f 916/1091/637 926/1092/579 925/1093/580 915/1094/727
f 926/1095/579 936/1096/768 935/1097/582 925/1098/580
f 936/1039/768 946/1040/769 945/1041/770 935/1042/582
f 946/1043/769 960/1044/771 955/1045/772 945/1046/770
f 899/1099/736 907/1100/773 906/1084/766 898/1083/731
f 907/1101/773 917/1102/646 916/1088/637 906/1087/766
f 917/1103/646 927/1104/589 926/1092/579 916/1091/637
f 927/1105/589 937/1106/774 936/1096/768 926/1095/579
f 937/1047/774 947/1048/775 946/1040/769 936/1039/768
f 947/1049/775 956/1050/776 960/1044/771 946/1043/769
f 895/1107/740 908/1108/777 907/1100/773 899/1099/736
f 908/1109/777 918/1110/778 917/1102/646 907/1101/773
f 918/1111/778 928/1112/779 927/1104/589 917/1103/646
f 928/1113/779 938/1114/738 937/1106/774 927/1105/589
f 938/1051/738 948/1052/780 947/1048/775 937/1047/774
f 948/1053/780 957/1054/781 956/1050/776 947/1049/775
f 900/1115/745 909/1116/782 908/1108/777 895/1107/740
f 909/1117/782 919/1118/783 918/1110/778 908/1109/777
f 919/1119/783 929/1120/601 928/1112/779 918/1111/778
f 929/1121/601 939/1122/743 938/1114/738 928/1113/779
f 939/1055/743 949/1056/744 948/1052/780 938/1051/738
f 949/1057/744 961/1058/784 957/1054/781 948/1053/780
f 901/1123/749 910/1124/785 909/1116/782 900/1115/745
f 910/1125/785 920/1126/786 919/1118/783 909/1117/782
f 920/1127/786 930/1128/607 929/1120/601 919/1119/783
f 930/1129/607 940/1130/660 939/1122/743 929/1121/601
f 940/1059/660 950/1060/787 949/1056/744 939/1055/743
f 950/1061/787 962/1062/788 961/1058/784 949/1057/744
f 902/1131/753 911/1132/789 910/1124/785 901/1123/749
f 911/1133/789 921/1134/790 920/1126/786 910/1125/785
f 921/1135/790 931/1136/613 930/1128/607 920/1127/786
f 931/1137/613 941/1138/791 940/1130/660 930/1129/607
f 941/1063/791 951/1064/792 950/1060/787 940/1059/660
f 951/1065/792 958/1066/793 962/1062/788 950/1061/787
f 896/1139/758 912/1140/794 911/1132/789 902/1131/753
f 912/1141/794 922/1142/795 921/1134/790 911/1133/789
f 922/1143/795 932/1144/619 931/1136/613 921/1135/790
f 932/1145/619 942/1146/796 941/1138/791 931/1137/613
f 942/1067/796 952/1068/797 951/1064/792 941/1063/791
f 952/1069/797 963/1070/798 958/1066/793 951/1065/792
f 903/1147/761 913/1148/717 912/1140/794 896/1139/758
f 913/1149/717 923/1150/718 922/1142/795 912/1141/794
f 923/1151/718 933/1152/625 932/1144/619 922/1143/795
f 933/1153/625 943/1154/799 942/1146/796 932/1145/619
f 943/1071/799 953/1072/800 952/1068/797 942/1067/796
f 953/1073/800 964/1074/801 963/1070/798 952/1069/797
f 904/1155/765 914/1156/802 913/1148/717 903/1147/761
f 914/1157/802 924/1158/630 923/1150/718 913/1149/717
f 924/1159/630 934/1160/631 933/1152/625 923/1151/718
f 934/1161/631 944/1162/723 943/1154/799 933/1153/625
f 944/1075/723 954/1076/803 953/1072/800 943/1071/799
f 954/1077/803 959/1078/804 964/1074/801 953/1073/800
f 897/1163/732 905/1164/767 914/1156/802 904/1155/765
f 905/1165/767 915/1166/727 924/1158/630 914/1157/802
f 915/1167/727 925/1168/580 934/1160/631 924/1159/630
f 925/1169/580 935/1170/582 944/1162/723 934/1161/631
f 935/1079/582 945/1080/770 954/1076/803 944/1075/723
f 945/1081/770 955/1082/772 959/1078/804 954/1077/803
f 960/1083/771 966/1084/805 965/1085/806 955/1086/772
f 966/1087/805 976/1088/686 975/1089/727 965/1090/806
f 976/1091/686 986/1092/579 985/1093/580 975/1094/727
f 986/1095/579 996/1096/807 995/1097/808 985/1098/580
f 996/1039/807 1006/1040/809 1005/1041/810 995/1042/808
f 1006/1043/809 1015/1044/811 1018/1045/812 1005/1046/810
f 956/1099/776 967/1100/813 966/1084/805 960/1083/771
f 967/1101/813 977/1102/692 976/1088/686 966/1087/805
f 977/1103/692 987/1104/589 986/1092/579 976/1091/686
f 987/1105/589 997/1106/814 996/1096/807 986/1095/579
f 997/1047/814 1007/1048/552 1006/1040/809 996/1039/807
f 1007/1049/552 1019/1050/815 1015/1044/811 1006/1043/809
f 957/1107/781 968/1108/816 967/1100/813 956/1099/776
f 968/1109/816 978/1110/778 977/1102/692 967/1101/813
f 978/1111/778 988/1112/595 987/1104/589 977/1103/692
f 988/1113/595 998/1114/696 997/1106/814 987/1105/589
f 998/1051/696 1008/1052/555 1007/1048/552 997/1047/814
f 1008/1053/555 1020/1054/817 1019/1050/815 1007/1049/552
f 961/1115/784 969/1116/782 968/1108/816 957/1107/781
f 969/1117/782 979/1118/783 978/1110/778 968/1109/816
f 979/1119/783 989/1120/601 988/1112/595 978/1111/778
f 989/1121/601 999/1122/701 998/1114/696 988/1113/595
f 999/1055/701 1009/1056/818 1008/1052/555 998/1051/696
f 1009/1057/818 1016/1058/819 1020/1054/817 1008/1053/555
f 962/1123/788 970/1124/820 969/1116/782 961/1115/784
f 970/1125/820 980/1126/786 979/1118/783 969/1117/782
f 980/1127/786 990/1128/607 989/1120/601 979/1119/783
f 990/1129/607 1000/1130/608 999/1122/701 989/1121/601
f 1000/1059/608 1010/1060/821 1009/1056/818 999/1055/701
f 1010/1061/821 1021/1062/822 1016/1058/819 1009/1057/818
f 958/1131/793 971/1132/823 970/1124/820 962/1123/788
f 971/1133/823 981/1134/612 980/1126/786 970/1125/820
f 981/1135/612 991/1136/613 990/1128/607 980/1127/786
f 991/1137/613 1001/1138/824 1000/1130/608 990/1129/607
f 1001/1063/824 1011/1064/825 1010/1060/821 1000/1059/608
f 1011/1065/825 1017/1066/826 1021/1062/822 1010/1061/821
f 963/1139/798 972/1140/827 971/1132/823 958/1131/793
f 972/1141/827 982/1142/828 981/1134/612 971/1133/823
f 982/1143/828 992/1144/619 991/1136/613 981/1135/612
f 992/1145/619 1002/1146/829 1001/1138/824 991/1137/613
f 1002/1067/829 1012/1068/830 1011/1064/825 1001/1063/824
f 1012/1069/830 1022/1070/831 1017/1066/826 1011/1065/825
f 964/1147/801 973/1148/832 972/1140/827 963/1139/798
f 973/1149/832 983/1150/833 982/1142/828 972/1141/827
f 983/1151/833 993/1152/625 992/1144/619 982/1143/828
f 993/1153/625 1003/1154/834 1002/1146/829 992/1145/619
f 1003/1071/834 1013/1072/835 1012/1068/830 1002/1067/829
f 1013/1073/835 1023/1074/836 1022/1070/831 1012/1069/830
f 959/1155/804 974/1156/837 973/1148/832 964/1147/801
f 974/1157/837 984/1158/763 983/1150/833 973/1149/832
f 984/1159/763 994/1160/631 993/1152/625 983/1151/833
f 994/1161/631 1004/1162/681 1003/1154/834 993/1153/625
f 1004/1075/681 1014/1076/803 1013/1072/835 1003/1071/834
f 1014/1077/803 1024/1078/838 1023/1074/836 1013/1073/835
f 955/1163/772 965/1164/806 974/1156/837 959/1155/804
f 965/1165/806 975/1166/727 984/1158/763 974/1157/837
f 975/1167/727 985/1168/580 994/1160/631 984/1159/763
f 985/1169/580 995/1170/808 1004/1162/681 994/1161/631
f 995/1079/808 1005/1080/810 1014/1076/803 1004/1075/681
f 1005/1081/810 1018/1082/812 1024/1078/838 1014/1077/803
f 1015/1083/811 1026/1084/839 1025/1085/840 1018/1086/812
f 1026/1087/839 1036/1088/841 1035/1089/842 1025/1090/840
f 1036/1091/841 1046/1092/579 1045/1093/580 1035/1094/842
f 1046/1095/579 1056/1096/581 1055/1097/582 1045/1098/580
f 1056/1039/581 1066/1040/687 1065/1041/843 1055/1042/582
f 1066/1043/687 1075/1044/689 1080/1045/844 1065/1046/843
f 1019/1099/815 1027/1100/845 1026/1084/839 1015/1083/811
f 1027/1101/845 1037/1102/588 1036/1088/841 1026/1087/839
f 1037/1103/588 1047/1104/589 1046/1092/579 1036/1091/841
f 1047/1105/589 1057/1106/590 1056/1096/581 1046/1095/579
f 1057/1047/590 1067/1048/693 1066/1040/687 1056/1039/581
f 1067/1049/693 1076/1050/694 1075/1044/689 1066/1043/687
f 1020/1107/817 1028/1108/846 1027/1100/845 1019/1099/815
f 1028/1109/846 1038/1110/594 1037/1102/588 1027/1101/845
f 1038/1111/594 1048/1112/595 1047/1104/589 1037/1103/588
f 1048/1113/595 1058/1114/696 1057/1106/590 1047/1105/589
f 1058/1051/696 1068/1052/697 1067/1048/693 1057/1047/590
f 1068/1053/697 1081/1054/698 1076/1050/694 1067/1049/693
f 1016/1115/819 1029/1116/847 1028/1108/846 1020/1107/817
f 1029/1117/847 1039/1118/742 1038/1110/594 1028/1109/846
f 1039/1119/742 1049/1120/601 1048/1112/595 1038/1111/594
f 1049/1121/601 1059/1122/701 1058/1114/696 1048/1113/595
f 1059/1055/701 1069/1056/702 1068/1052/697 1058/1051/696
f 1069/1057/702 1077/1058/703 1081/1054/698 1068/1053/697
f 1021/1123/822 1030/1124/848 1029/1116/847 1016/1115/819
f 1030/1125/848 1040/1126/747 1039/1118/742 1029/1117/847
f 1040/1127/747 1050/1128/607 1049/1120/601 1039/1119/742
f 1050/1129/607 1060/1130/706 1059/1122/701 1049/1121/601
f 1060/1059/706 1070/1060/849 1069/1056/702 1059/1055/701
f 1070/1061/849 1082/1062/850 1077/1058/703 1069/1057/702
f 1017/1131/826 1031/1132/789 1030/1124/848 1021/1123/822
f 1031/1133/789 1041/1134/612 1040/1126/747 1030/1125/848
f 1041/1135/612 1051/1136/613 1050/1128/607 1040/1127/747
f 1051/1137/613 1061/1138/665 1060/1130/706 1050/1129/607
f 1061/1063/665 1071/1064/851 1070/1060/849 1060/1059/706
f 1071/1065/851 1083/1066/852 1082/1062/850 1070/1061/849
f 1022/1139/831 1032/1140/853 1031/1132/789 1017/1131/826
f 1032/1141/853 1042/1142/618 1041/1134/612 1031/1133/789
f 1042/1143/618 1052/1144/619 1051/1136/613 1041/1135/612
f 1052/1145/619 1062/1146/620 1061/1138/665 1051/1137/613
f 1062/1067/620 1072/1068/854 1071/1064/851 1061/1063/665
f 1072/1069/854 1084/1070/855 1083/1066/852 1071/1065/851
f 1023/1147/836 1033/1148/856 1032/1140/853 1022/1139/831
f 1033/1149/856 1043/1150/624 1042/1142/618 1032/1141/853
f 1043/1151/624 1053/1152/625 1052/1144/619 1042/1143/618
f 1053/1153/625 1063/1154/676 1062/1146/620 1052/1145/619
f 1063/1071/676 1073/1072/857 1072/1068/854 1062/1067/620
f 1073/1073/857 1078/1074/858 1084/1070/855 1072/1069/854
f 1024/1155/838 1034/1156/837 1033/1148/856 1023/1147/836
f 1034/1157/837 1044/1158/630 1043/1150/624 1033/1149/856
f 1044/1159/630 1054/1160/631 1053/1152/625 1043/1151/624
f 1054/1161/631 1064/1162/632 1063/1154/676 1053/1153/625
f 1064/1075/632 1074/1076/859 1073/1072/857 1063/1071/676
f 1074/1077/859 1079/1078/860 1078/1074/858 1073/1073/857
f 1018/1163/812 1025/1164/840 1034/1156/837 1024/1155/838
f 1025/1165/840 1035/1166/842 1044/1158/630 1034/1157/837
f 1035/1167/842 1045/1168/580 1054/1160/631 1044/1159/630
f 1045/1169/580 1055/1170/582 1064/1162/632 1054/1161/631
f 1055/1079/582 1065/1080/843 1074/1076/859 1064/1075/632
f 1065/1081/843 1080/1082/844 1079/1078/860 1074/1077/859
f 1075/1083/689 1086/1084/635 1085/1085/861 1080/1086/844
f 1086/1087/635 1096/1088/637 1095/1089/727 1085/1090/861
f 1096/1091/637 1106/1092/862 1105/1093/863 1095/1094/727
f 1106/1095/862 1116/1096/864 1115/1097/865 1105/1098/863
f 1116/1039/864 1126/1040/866 1125/1041/867 1115/1042/865
f 1126/1043/866 1136/1044/868 1135/1045/869 1125/1046/867
f 1076/1099/694 1087/1100/733 1086/1084/635 1075/1083/689
f 1087/1101/733 1097/1102/734 1096/1088/637 1086/1087/635
f 1097/1103/734 1107/1104/589 1106/1092/862 1096/1091/637
f 1107/1105/589 1117/1106/870 1116/1096/864 1106/1095/862
f 1117/1047/870 1127/1048/871 1126/1040/866 1116/1039/864
f 1127/1049/871 1137/1050/872 1136/1044/868 1126/1043/866
f 1081/1107/698 1088/1108/737 1087/1100/733 1076/1099/694
f 1088/1109/737 1098/1110/873 1097/1102/734 1087/1101/733
f 1098/1111/873 1108/1112/874 1107/1104/589 1097/1103/734
f 1108/1113/874 1118/1114/875 1117/1106/870 1107/1105/589
f 1118/1051/875 1128/1052/876 1127/1048/871 1117/1047/870
f 1128/1053/876 1138/1054/877 1137/1050/872 1127/1049/871
f 1077/1115/703 1089/1116/741 1088/1108/737 1081/1107/698
f 1089/1117/741 1099/1118/742 1098/1110/873 1088/1109/737
f 1099/1119/742 1109/1120/878 1108/1112/874 1098/1111/873
f 1109/1121/878 1119/1122/879 1118/1114/875 1108/1113/874
f 1119/1055/879 1129/1056/880 1128/1052/876 1118/1051/875
f 1129/1057/880 1139/1058/881 1138/1054/877 1128/1053/876
f 1082/1123/850 1090/1124/882 1089/1116/741 1077/1115/703
f 1090/1125/882 1100/1126/747 1099/1118/742 1089/1117/741
f 1100/1127/747 1110/1128/883 1109/1120/878 1099/1119/742
f 1110/1129/883 1120/1130/884 1119/1122/879 1109/1121/878
f 1120/1059/884 1130/1060/885 1129/1056/880 1119/1055/879
f 1130/1061/885 1140/1062/886 1139/1058/881 1129/1057/880
f 1083/1131/852 1091/1132/887 1090/1124/882 1082/1123/850
f 1091/1133/887 1101/1134/612 1100/1126/747 1090/1125/882
f 1101/1135/612 1111/1136/888 1110/1128/883 1100/1127/747
f 1111/1137/888 1121/1138/889 1120/1130/884 1110/1129/883
f 1121/1063/889 1131/1064/890 1130/1060/885 1120/1059/884
f 1131/1065/890 1141/1066/891 1140/1062/886 1130/1061/885
f 1084/1139/855 1092/1140/892 1091/1132/887 1083/1131/852
f 1092/1141/892 1102/1142/893 1101/1134/612 1091/1133/887
f 1102/1143/893 1112/1144/894 1111/1136/888 1101/1135/612
f 1112/1145/894 1122/1146/895 1121/1138/889 1111/1137/888
f 1122/1067/895 1132/1068/896 1131/1064/890 1121/1063/889
f 1132/1069/896 1142/1070/897 1141/1066/891 1131/1065/890
f 1078/1147/858 1093/1148/898 1092/1140/892 1084/1139/855
f 1093/1149/898 1103/1150/899 1102/1142/893 1092/1141/892
f 1103/1151/899 1113/1152/900 1112/1144/894 1102/1143/893
f 1113/1153/900 1123/1154/901 1122/1146/895 1112/1145/894
f 1123/1071/901 1133/1072/902 1132/1068/896 1122/1067/895
f 1133/1073/902 1143/1074/903 1142/1070/897 1132/1069/896
f 1079/1155/860 1094/1156/904 1093/1148/898 1078/1147/858
f 1094/1157/904 1104/1158/905 1103/1150/899 1093/1149/898
f 1104/1159/905 1114/1160/906 1113/1152/900 1103/1151/899
f 1114/1161/906 1124/1162/907 1123/1154/901 1113/1153/900
f 1124/1075/907 1134/1076/908 1133/1072/902 1123/1071/901
f 1134/1077/908 1144/1078/909 1143/1074/903 1133/1073/902
f 1080/1163/844 1085/1164/861 1094/1156/904 1079/1155/860
f 1085/1165/861 1095/1166/727 1104/1158/905 1094/1157/904
f 1095/1167/727 1105/1168/863 1114/1160/906 1104/1159/905
f 1105/1169/863 1115/1170/865 1124/1162/907 1114/1161/906
f 1115/1079/865 1125/1080/867 1134/1076/908 1124/1075/907
f 1125/1081/867 1135/1082/869 1144/1078/909 1134/1077/908
f 1139/1171/910 1140/1172/910 1141/1173/911 1138/1174/912
f 1138/1174/912 1141/1173/911 1142/1175/913 1137/1176/914
f 1137/1176/914 1142/1175/913 1143/1177/915 1136/1178/916
f 1136/1178/916 1143/1177/915 1144/1179/917 1135/1180/917
f 1146/1039/918 1156/1040/919 1155/1041/547 1145/1042/920
f 1156/1043/919 1166/1044/921 1165/1045/922 1155/1046/547
f 1147/1047/923 1157/1048/924 1156/1040/919 1146/1039/918
f 1157/1049/924 1172/1050/925 1166/1044/921 1156/1043/919
f 1148/1051/926 1158/1052/927 1157/1048/924 1147/1047/923
f 1158/1053/927 1173/1054/928 1172/1050/925 1157/1049/924
f 1149/1055/929 1159/1056/930 1158/1052/927 1148/1051/926
f 1159/1057/930 1167/1058/931 1173/1054/928 1158/1053/927
f 1150/1059/932 1160/1060/933 1159/1056/930 1149/1055/929
f 1160/1061/933 1168/1062/934 1167/1058/931 1159/1057/930
f 1151/1063/935 1161/1064/564 1160/1060/933 1150/1059/932
f 1161/1065/564 1169/1066/936 1168/1062/934 1160/1061/933
f 1152/1067/937 1162/1068/938 1161/1064/564 1151/1063/935
f 1162/1069/938 1174/1070/939 1169/1066/936 1161/1065/564
f 1153/1071/940 1163/1072/835 1162/1068/938 1152/1067/937
f 1163/1073/835 1170/1074/941 1174/1070/939 1162/1069/938
f 1154/1075/942 1164/1076/943 1163/1072/835 1153/1071/940
f 1164/1077/943 1171/1078/944 1170/1074/941 1163/1073/835
f 1145/1079/920 1155/1080/547 1164/1076/943 1154/1075/942
f 1155/1081/547 1165/1082/922 1171/1078/944 1164/1077/943
f 1166/1083/921 1176/1084/575 1175/1085/576 1165/1086/922
f 1176/1087/575 1186/1088/577 1185/1089/578 1175/1090/576
f 1186/1091/577 1196/1092/579 1195/1093/580 1185/1094/578
f 1196/1095/579 1206/1096/581 1205/1097/582 1195/1098/580
f 1206/1039/581 1216/1040/583 1215/1041/584 1205/1042/582
f 1216/1043/583 1225/1044/585 1231/1045/586 1215/1046/584
f 1172/1099/925 1177/1100/587 1176/1084/575 1166/1083/921
f 1177/1101/587 1187/1102/588 1186/1088/577 1176/1087/575
f 1187/1103/588 1197/1104/589 1196/1092/579 1186/1091/577
f 1197/1105/589 1207/1106/590 1206/1096/581 1196/1095/579
f 1207/1047/590 1217/1048/591 1216/1040/583 1206/1039/581
f 1217/1049/591 1226/1050/592 1225/1044/585 1216/1043/583
f 1173/1107/928 1178/1108/593 1177/1100/587 1172/1099/925
f 1178/1109/593 1188/1110/594 1187/1102/588 1177/1101/587
f 1188/1111/594 1198/1112/595 1197/1104/589 1187/1103/588
f 1198/1113/595 1208/1114/596 1207/1106/590 1197/1105/589
f 1208/1051/596 1218/1052/597 1217/1048/591 1207/1047/590
f 1218/1053/597 1232/1054/945 1226/1050/592 1217/1049/591
f 1167/1115/931 1179/1116/599 1178/1108/593 1173/1107/928
f 1179/1117/599 1189/1118/600 1188/1110/594 1178/1109/593
f 1189/1119/600 1199/1120/601 1198/1112/595 1188/1111/594
f 1199/1121/601 1209/1122/602 1208/1114/596 1198/1113/595
f 1209/1055/602 1219/1056/603 1218/1052/597 1208/1051/596
f 1219/1057/603 1233/1058/604 1232/1054/945 1218/1053/597
f 1168/1123/934 1180/1124/605 1179/1116/599 1167/1115/931
f 1180/1125/605 1190/1126/606 1189/1118/600 1179/1117/599
f 1190/1127/606 1200/1128/607 1199/1120/601 1189/1119/600
f 1200/1129/607 1210/1130/608 1209/1122/602 1199/1121/601
f 1210/1059/608 1220/1060/609 1219/1056/603 1209/1055/602
f 1220/1061/609 1227/1062/610 1233/1058/604 1219/1057/603
f 1169/1131/936 1181/1132/611 1180/1124/605 1168/1123/934
f 1181/1133/611 1191/1134/612 1190/1126/606 1180/1125/605
f 1191/1135/612 1201/1136/613 1200/1128/607 1190/1127/606
f 1201/1137/613 1211/1138/614 1210/1130/608 1200/1129/607
f 1211/1063/614 1221/1064/615 1220/1060/609 1210/1059/608
f 1221/1065/615 1228/1066/616 1227/1062/610 1220/1061/609
f 1174/1139/939 1182/1140/946 1181/1132/611 1169/1131/936
f 1182/1141/946 1192/1142/618 1191/1134/612 1181/1133/611
f 1192/1143/618 1202/1144/619 1201/1136/613 1191/1135/612
f 1202/1145/619 1212/1146/620 1211/1138/614 1201/1137/613
f 1212/1067/620 1222/1068/947 1221/1064/615 1211/1063/614
f 1222/1069/947 1229/1070/948 1228/1066/616 1221/1065/615
f 1170/1147/941 1183/1148/623 1182/1140/946 1174/1139/939
f 1183/1149/623 1193/1150/624 1192/1142/618 1182/1141/946
f 1193/1151/624 1203/1152/625 1202/1144/619 1192/1143/618
f 1203/1153/625 1213/1154/626 1212/1146/620 1202/1145/619
f 1213/1071/626 1223/1072/627 1222/1068/947 1212/1067/620
f 1223/1073/627 1230/1074/628 1229/1070/948 1222/1069/947
f 1171/1155/944 1184/1156/629 1183/1148/623 1170/1147/941
f 1184/1157/629 1194/1158/630 1193/1150/624 1183/1149/623
f 1194/1159/630 1204/1160/631 1203/1152/625 1193/1151/624
f 1204/1161/631 1214/1162/632 1213/1154/626 1203/1153/625
f 1214/1075/632 1224/1076/633 1223/1072/627 1213/1071/626
f 1224/1077/633 1234/1078/634 1230/1074/628 1223/1073/627
f 1165/1163/922 1175/1164/576 1184/1156/629 1171/1155/944
f 1175/1165/576 1185/1166/578 1194/1158/630 1184/1157/629
f 1185/1167/578 1195/1168/580 1204/1160/631 1194/1159/630
f 1195/1169/580 1205/1170/582 1214/1162/632 1204/1161/631
f 1205/1079/582 1215/1080/584 1224/1076/633 1214/1075/632
f 1215/1081/584 1231/1082/586 1234/1078/634 1224/1077/633
f 1225/1083/585 1236/1084/949 1235/1085/636 1231/1086/586
f 1236/1087/949 1246/1088/950 1245/1089/727 1235/1090/636
f 1246/1091/950 1256/1092/579 1255/1093/580 1245/1094/727
f 1256/1095/579 1266/1096/639 1265/1097/640 1255/1098/580
f 1266/1039/639 1276/1040/951 1275/1041/642 1265/1042/640
f 1276/1043/951 1291/1044/643 1290/1045/644 1275/1046/642
f 1226/1099/592 1237/1100/645 1236/1084/949 1225/1083/585
f 1237/1101/645 1247/1102/646 1246/1088/950 1236/1087/949
f 1247/1103/646 1257/1104/589 1256/1092/579 1246/1091/950
f 1257/1105/589 1267/1106/647 1266/1096/639 1256/1095/579
f 1267/1047/647 1277/1048/648 1276/1040/951 1266/1039/639
f 1277/1049/648 1285/1050/649 1291/1044/643 1276/1043/951
f 1232/1107/945 1238/1108/952 1237/1100/645 1226/1099/592
f 1238/1109/952 1248/1110/651 1247/1102/646 1237/1101/645
f 1248/1111/651 1258/1112/595 1257/1104/589 1247/1103/646
f 1258/1113/595 1268/1114/596 1267/1106/647 1257/1105/589
f 1268/1051/596 1278/1052/653 1277/1048/648 1267/1047/647
f 1278/1053/653 1286/1054/654 1285/1050/649 1277/1049/648
f 1233/1115/604 1239/1116/655 1238/1108/952 1232/1107/945
f 1239/1117/655 1249/1118/656 1248/1110/651 1238/1109/952
f 1249/1119/656 1259/1120/601 1258/1112/595 1248/1111/651
f 1259/1121/601 1269/1122/602 1268/1114/596 1258/1113/595
f 1269/1055/602 1279/1056/657 1278/1052/653 1268/1051/596
f 1279/1057/657 1287/1058/953 1286/1054/654 1278/1053/653
f 1227/1123/610 1240/1124/659 1239/1116/655 1233/1115/604
f 1240/1125/659 1250/1126/606 1249/1118/656 1239/1117/655
f 1250/1127/606 1260/1128/607 1259/1120/601 1249/1119/656
f 1260/1129/607 1270/1130/660 1269/1122/602 1259/1121/601
f 1270/1059/660 1280/1060/661 1279/1056/657 1269/1055/602
f 1280/1061/661 1288/1062/662 1287/1058/953 1279/1057/657
f 1228/1131/616 1241/1132/663 1240/1124/659 1227/1123/610
f 1241/1133/663 1251/1134/664 1250/1126/606 1240/1125/659
f 1251/1135/664 1261/1136/613 1260/1128/607 1250/1127/606
f 1261/1137/613 1271/1138/665 1270/1130/660 1260/1129/607
f 1271/1063/665 1281/1064/954 1280/1060/661 1270/1059/660
f 1281/1065/954 1292/1066/667 1288/1062/662 1280/1061/661
f 1229/1139/948 1242/1140/668 1241/1132/663 1228/1131/616
f 1242/1141/668 1252/1142/669 1251/1134/664 1241/1133/663
f 1252/1143/669 1262/1144/619 1261/1136/613 1251/1135/664
f 1262/1145/619 1272/1146/670 1271/1138/665 1261/1137/613
f 1272/1067/670 1282/1068/955 1281/1064/954 1271/1063/665
f 1282/1069/955 1289/1070/672 1292/1066/667 1281/1065/954
f 1230/1147/628 1243/1148/673 1242/1140/668 1229/1139/948
f 1243/1149/673 1253/1150/956 1252/1142/669 1242/1141/668
f 1253/1151/956 1263/1152/675 1262/1144/619 1252/1143/669
f 1263/1153/675 1273/1154/676 1272/1146/670 1262/1145/619
f 1273/1071/676 1283/1072/677 1282/1068/955 1272/1067/670
f 1283/1073/677 1293/1074/678 1289/1070/672 1282/1069/955
f 1234/1155/634 1244/1156/679 1243/1148/673 1230/1147/628
f 1244/1157/679 1254/1158/680 1253/1150/956 1243/1149/673
f 1254/1159/680 1264/1160/631 1263/1152/675 1253/1151/956
f 1264/1161/631 1274/1162/681 1273/1154/676 1263/1153/675
f 1274/1075/681 1284/1076/682 1283/1072/677 1273/1071/676
f 1284/1077/682 1294/1078/683 1293/1074/678 1283/1073/677
f 1231/1163/586 1235/1164/636 1244/1156/679 1234/1155/634
f 1235/1165/636 1245/1166/727 1254/1158/680 1244/1157/679
f 1245/1167/727 1255/1168/580 1264/1160/631 1254/1159/680
f 1255/1169/580 1265/1170/640 1274/1162/681 1264/1161/631
f 1265/1079/640 1275/1080/642 1284/1076/682 1274/1075/681
f 1275/1081/642 1290/1082/644 1294/1078/683 1284/1077/682
f 1291/1083/643 1296/1084/684 1295/1085/685 1290/1086/644
f 1296/1087/684 1306/1088/686 1305/1089/638 1295/1090/685
f 1306/1091/686 1316/1092/579 1315/1093/580 1305/1094/638
f 1316/1095/579 1326/1096/581 1325/1097/582 1315/1098/580
f 1326/1039/581 1336/1040/687 1335/1041/688 1325/1042/582
f 1336/1043/687 1345/1044/689 1350/1045/690 1335/1046/688
f 1285/1099/649 1297/1100/691 1296/1084/684 1291/1083/643
f 1297/1101/691 1307/1102/692 1306/1088/686 1296/1087/684
f 1307/1103/692 1317/1104/589 1316/1092/579 1306/1091/686
f 1317/1105/589 1327/1106/590 1326/1096/581 1316/1095/579
f 1327/1047/590 1337/1048/693 1336/1040/687 1326/1039/581
f 1337/1049/693 1346/1050/694 1345/1044/689 1336/1043/687
f 1286/1107/654 1298/1108/695 1297/1100/691 1285/1099/649
f 1298/1109/695 1308/1110/651 1307/1102/692 1297/1101/691
f 1308/1111/651 1318/1112/595 1317/1104/589 1307/1103/692
f 1318/1113/595 1328/1114/696 1327/1106/590 1317/1105/589
f 1328/1051/696 1338/1052/697 1337/1048/693 1327/1047/590
f 1338/1053/697 1351/1054/698 1346/1050/694 1337/1049/693
f 1287/1115/953 1299/1116/699 1298/1108/695 1286/1107/654
f 1299/1117/699 1309/1118/700 1308/1110/651 1298/1109/695
f 1309/1119/700 1319/1120/601 1318/1112/595 1308/1111/651
f 1319/1121/601 1329/1122/701 1328/1114/696 1318/1113/595
f 1329/1055/701 1339/1056/702 1338/1052/697 1328/1051/696
f 1339/1057/702 1347/1058/703 1351/1054/698 1338/1053/697
f 1288/1123/662 1300/1124/848 1299/1116/699 1287/1115/953
f 1300/1125/848 1310/1126/705 1309/1118/700 1299/1117/699
f 1310/1127/705 1320/1128/607 1319/1120/601 1309/1119/700
f 1320/1129/607 1330/1130/706 1329/1122/701 1319/1121/601
f 1330/1059/706 1340/1060/707 1339/1056/702 1329/1055/701
f 1340/1061/707 1352/1062/708 1347/1058/703 1339/1057/702
f 1292/1131/667 1301/1132/709 1300/1124/848 1288/1123/662
f 1301/1133/709 1311/1134/710 1310/1126/705 1300/1125/848
f 1311/1135/710 1321/1136/613 1320/1128/607 1310/1127/705
f 1321/1137/613 1331/1138/614 1330/1130/706 1320/1129/607
f 1331/1063/614 1341/1064/711 1340/1060/707 1330/1059/706
f 1341/1065/711 1353/1066/712 1352/1062/708 1340/1061/707
f 1289/1139/672 1302/1140/713 1301/1132/709 1292/1131/667
f 1302/1141/713 1312/1142/714 1311/1134/710 1301/1133/709
f 1312/1143/714 1322/1144/619 1321/1136/613 1311/1135/710
f 1322/1145/619 1332/1146/670 1331/1138/614 1321/1137/613
f 1332/1067/670 1342/1068/957 1341/1064/711 1331/1063/614
f 1342/1069/957 1348/1070/716 1353/1066/712 1341/1065/711
f 1293/1147/678 1303/1148/717 1302/1140/713 1289/1139/672
f 1303/1149/717 1313/1150/718 1312/1142/714 1302/1141/713
f 1313/1151/718 1323/1152/625 1322/1144/619 1312/1143/714
f 1323/1153/625 1333/1154/719 1332/1146/670 1322/1145/619
f 1333/1071/719 1343/1072/958 1342/1068/957 1332/1067/670
f 1343/1073/958 1354/1074/721 1348/1070/716 1342/1069/957
f 1294/1155/683 1304/1156/722 1303/1148/717 1293/1147/678
f 1304/1157/722 1314/1158/630 1313/1150/718 1303/1149/717
f 1314/1159/630 1324/1160/631 1323/1152/625 1313/1151/718
f 1324/1161/631 1334/1162/723 1333/1154/719 1323/1153/625
f 1334/1075/723 1344/1076/724 1343/1072/958 1333/1071/719
f 1344/1077/724 1349/1078/725 1354/1074/721 1343/1073/958
f 1290/1163/644 1295/1164/685 1304/1156/722 1294/1155/683
f 1295/1165/685 1305/1166/638 1314/1158/630 1304/1157/722
f 1305/1167/638 1315/1168/580 1324/1160/631 1314/1159/630
f 1315/1169/580 1325/1170/582 1334/1162/723 1324/1161/631
f 1325/1079/582 1335/1080/688 1344/1076/724 1334/1075/723
f 1335/1081/688 1350/1082/690 1349/1078/725 1344/1077/724
f 1345/1083/689 1356/1084/635 1355/1085/726 1350/1086/690
f 1356/1087/635 1366/1088/637 1365/1089/727 1355/1090/726
f 1366/1091/637 1376/1092/579 1375/1093/580 1365/1094/727
f 1376/1095/579 1386/1096/728 1385/1097/582 1375/1098/580
f 1386/1039/728 1396/1040/729 1395/1041/730 1385/1042/582
f 1396/1043/729 1408/1044/731 1407/1045/732 1395/1046/730
f 1346/1099/694 1357/1100/733 1356/1084/635 1345/1083/689
f 1357/1101/733 1367/1102/734 1366/1088/637 1356/1087/635
f 1367/1103/734 1377/1104/589 1376/1092/579 1366/1091/637
f 1377/1105/589 1387/1106/590 1386/1096/728 1376/1095/579
f 1387/1047/590 1397/1048/735 1396/1040/729 1386/1039/728
f 1397/1049/735 1409/1050/736 1408/1044/731 1396/1043/729
f 1351/1107/698 1358/1108/737 1357/1100/733 1346/1099/694
f 1358/1109/737 1368/1110/594 1367/1102/734 1357/1101/733
f 1368/1111/594 1378/1112/595 1377/1104/589 1367/1103/734
f 1378/1113/595 1388/1114/738 1387/1106/590 1377/1105/589
f 1388/1051/738 1398/1052/739 1397/1048/735 1387/1047/590
f 1398/1053/739 1405/1054/740 1409/1050/736 1397/1049/735
f 1347/1115/703 1359/1116/959 1358/1108/737 1351/1107/698
f 1359/1117/959 1369/1118/742 1368/1110/594 1358/1109/737
f 1369/1119/742 1379/1120/601 1378/1112/595 1368/1111/594
f 1379/1121/601 1389/1122/743 1388/1114/738 1378/1113/595
f 1389/1055/743 1399/1056/744 1398/1052/739 1388/1051/738
f 1399/1057/744 1410/1058/745 1405/1054/740 1398/1053/739
f 1352/1123/708 1360/1124/746 1359/1116/959 1347/1115/703
f 1360/1125/746 1370/1126/747 1369/1118/742 1359/1117/959
f 1370/1127/747 1380/1128/607 1379/1120/601 1369/1119/742
f 1380/1129/607 1390/1130/660 1389/1122/743 1379/1121/601
f 1390/1059/660 1400/1060/748 1399/1056/744 1389/1055/743
f 1400/1061/748 1411/1062/749 1410/1058/745 1399/1057/744
f 1353/1131/712 1361/1132/750 1360/1124/746 1352/1123/708
f 1361/1133/750 1371/1134/710 1370/1126/747 1360/1125/746
f 1371/1135/710 1381/1136/613 1380/1128/607 1370/1127/747
f 1381/1137/613 1391/1138/614 1390/1130/660 1380/1129/607
f 1391/1063/614 1401/1064/752 1400/1060/748 1390/1059/660
f 1401/1065/752 1412/1066/753 1411/1062/749 1400/1061/748
f 1348/1139/716 1362/1140/960 1361/1132/750 1353/1131/712
f 1362/1141/960 1372/1142/961 1371/1134/710 1361/1133/750
f 1372/1143/961 1382/1144/619 1381/1136/613 1371/1135/710
f 1382/1145/619 1392/1146/962 1391/1138/614 1381/1137/613
f 1392/1067/962 1402/1068/757 1401/1064/752 1391/1063/614
f 1402/1069/757 1406/1070/758 1412/1066/753 1401/1065/752
f 1354/1147/721 1363/1148/759 1362/1140/960 1348/1139/716
f 1363/1149/759 1373/1150/760 1372/1142/961 1362/1141/960
f 1373/1151/760 1383/1152/625 1382/1144/619 1372/1143/961
f 1383/1153/625 1393/1154/676 1392/1146/962 1382/1145/619
f 1393/1071/676 1403/1072/677 1402/1068/757 1392/1067/962
f 1403/1073/677 1413/1074/761 1406/1070/758 1402/1069/757
f 1349/1155/725 1364/1156/762 1363/1148/759 1354/1147/721
f 1364/1157/762 1374/1158/763 1373/1150/760 1363/1149/759
f 1374/1159/763 1384/1160/631 1383/1152/625 1373/1151/760
f 1384/1161/631 1394/1162/681 1393/1154/676 1383/1153/625
f 1394/1075/681 1404/1076/764 1403/1072/677 1393/1071/676
f 1404/1077/764 1414/1078/765 1413/1074/761 1403/1073/677
f 1350/1163/690 1355/1164/726 1364/1156/762 1349/1155/725
f 1355/1165/726 1365/1166/727 1374/1158/763 1364/1157/762
f 1365/1167/727 1375/1168/580 1384/1160/631 1374/1159/763
f 1375/1169/580 1385/1170/582 1394/1162/681 1384/1161/631
f 1385/1079/582 1395/1080/730 1404/1076/764 1394/1075/681
f 1395/1081/730 1407/1082/732 1414/1078/765 1404/1077/764
f 1408/1083/731 1416/1084/766 1415/1085/963 1407/1086/732
f 1416/1087/766 1426/1088/637 1425/1089/727 1415/1090/963
f 1426/1091/637 1436/1092/579 1435/1093/580 1425/1094/727
f 1436/1095/579 1446/1096/639 1445/1097/582 1435/1098/580
f 1446/1039/639 1456/1040/769 1455/1041/770 1445/1042/582
f 1456/1043/769 1470/1044/771 1465/1045/772 1455/1046/770
f 1409/1099/736 1417/1100/773 1416/1084/766 1408/1083/731
f 1417/1101/773 1427/1102/646 1426/1088/637 1416/1087/766
f 1427/1103/646 1437/1104/589 1436/1092/579 1426/1091/637
f 1437/1105/589 1447/1106/774 1446/1096/639 1436/1095/579
f 1447/1047/774 1457/1048/775 1456/1040/769 1446/1039/639
f 1457/1049/775 1466/1050/776 1470/1044/771 1456/1043/769
f 1405/1107/740 1418/1108/777 1417/1100/773 1409/1099/736
f 1418/1109/777 1428/1110/778 1427/1102/646 1417/1101/773
f 1428/1111/778 1438/1112/779 1437/1104/589 1427/1103/646
f 1438/1113/779 1448/1114/738 1447/1106/774 1437/1105/589
f 1448/1051/738 1458/1052/780 1457/1048/775 1447/1047/774
f 1458/1053/780 1467/1054/781 1466/1050/776 1457/1049/775
f 1410/1115/745 1419/1116/782 1418/1108/777 1405/1107/740
f 1419/1117/782 1429/1118/783 1428/1110/778 1418/1109/777
f 1429/1119/783 1439/1120/601 1438/1112/779 1428/1111/778
f 1439/1121/601 1449/1122/743 1448/1114/738 1438/1113/779
f 1449/1055/743 1459/1056/744 1458/1052/780 1448/1051/738
f 1459/1057/744 1471/1058/784 1467/1054/781 1458/1053/780
f 1411/1123/749 1420/1124/785 1419/1116/782 1410/1115/745
f 1420/1125/785 1430/1126/786 1429/1118/783 1419/1117/782
f 1430/1127/786 1440/1128/607 1439/1120/601 1429/1119/783
f 1440/1129/607 1450/1130/660 1449/1122/743 1439/1121/601
f 1450/1059/660 1460/1060/787 1459/1056/744 1449/1055/743
f 1460/1061/787 1472/1062/788 1471/1058/784 1459/1057/744
f 1412/1131/753 1421/1132/789 1420/1124/785 1411/1123/749
f 1421/1133/789 1431/1134/964 1430/1126/786 1420/1125/785
f 1431/1135/964 1441/1136/613 1440/1128/607 1430/1127/786
f 1441/1137/613 1451/1138/665 1450/1130/660 1440/1129/607
f 1451/1063/665 1461/1064/792 1460/1060/787 1450/1059/660
f 1461/1065/792 1468/1066/793 1472/1062/788 1460/1061/787
f 1406/1139/758 1422/1140/794 1421/1132/789 1412/1131/753
f 1422/1141/794 1432/1142/795 1431/1134/964 1421/1133/789
f 1432/1143/795 1442/1144/619 1441/1136/613 1431/1135/964
f 1442/1145/619 1452/1146/796 1451/1138/665 1441/1137/613
f 1452/1067/796 1462/1068/797 1461/1064/792 1451/1063/665
f 1462/1069/797 1473/1070/798 1468/1066/793 1461/1065/792
f 1413/1147/761 1423/1148/717 1422/1140/794 1406/1139/758
f 1423/1149/717 1433/1150/718 1432/1142/795 1422/1141/794
f 1433/1151/718 1443/1152/625 1442/1144/619 1432/1143/795
f 1443/1153/625 1453/1154/799 1452/1146/796 1442/1145/619
f 1453/1071/799 1463/1072/800 1462/1068/797 1452/1067/796
f 1463/1073/800 1474/1074/801 1473/1070/798 1462/1069/797
f 1414/1155/765 1424/1156/802 1423/1148/717 1413/1147/761
f 1424/1157/802 1434/1158/630 1433/1150/718 1423/1149/717
f 1434/1159/630 1444/1160/631 1443/1152/625 1433/1151/718
f 1444/1161/631 1454/1162/723 1453/1154/799 1443/1153/625
f 1454/1075/723 1464/1076/803 1463/1072/800 1453/1071/799
f 1464/1077/803 1469/1078/804 1474/1074/801 1463/1073/800
f 1407/1163/732 1415/1164/963 1424/1156/802 1414/1155/765
f 1415/1165/963 1425/1166/727 1434/1158/630 1424/1157/802
f 1425/1167/727 1435/1168/580 1444/1160/631 1434/1159/630
f 1435/1169/580 1445/1170/582 1454/1162/723 1444/1161/631
f 1445/1079/582 1455/1080/770 1464/1076/803 1454/1075/723
f 1455/1081/770 1465/1082/772 1469/1078/804 1464/1077/803
f 1470/1083/771 1476/1084/805 1475/1085/806 1465/1086/772
f 1476/1087/805 1486/1088/686 1485/1089/727 1475/1090/806
f 1486/1091/686 1496/1092/579 1495/1093/580 1485/1094/727
f 1496/1095/579 1506/1096/807 1505/1097/808 1495/1098/580
f 1506/1039/807 1516/1040/809 1515/1041/810 1505/1042/808
f 1516/1043/809 1525/1044/811 1528/1045/812 1515/1046/810
f 1466/1099/776 1477/1100/813 1476/1084/805 1470/1083/771
f 1477/1101/813 1487/1102/692 1486/1088/686 1476/1087/805
f 1487/1103/692 1497/1104/589 1496/1092/579 1486/1091/686
f 1497/1105/589 1507/1106/814 1506/1096/807 1496/1095/579
f 1507/1047/814 1517/1048/552 1516/1040/809 1506/1039/807
f 1517/1049/552 1529/1050/815 1525/1044/811 1516/1043/809
f 1467/1107/781 1478/1108/816 1477/1100/813 1466/1099/776
f 1478/1109/816 1488/1110/778 1487/1102/692 1477/1101/813
f 1488/1111/778 1498/1112/595 1497/1104/589 1487/1103/692
f 1498/1113/595 1508/1114/696 1507/1106/814 1497/1105/589
f 1508/1051/696 1518/1052/555 1517/1048/552 1507/1047/814
f 1518/1053/555 1530/1054/817 1529/1050/815 1517/1049/552
f 1471/1115/784 1479/1116/782 1478/1108/816 1467/1107/781
f 1479/1117/782 1489/1118/783 1488/1110/778 1478/1109/816
f 1489/1119/783 1499/1120/601 1498/1112/595 1488/1111/778
f 1499/1121/601 1509/1122/701 1508/1114/696 1498/1113/595
f 1509/1055/701 1519/1056/818 1518/1052/555 1508/1051/696
f 1519/1057/818 1526/1058/819 1530/1054/817 1518/1053/555
f 1472/1123/788 1480/1124/820 1479/1116/782 1471/1115/784
f 1480/1125/820 1490/1126/786 1489/1118/783 1479/1117/782
f 1490/1127/786 1500/1128/607 1499/1120/601 1489/1119/783
f 1500/1129/607 1510/1130/608 1509/1122/701 1499/1121/601
f 1510/1059/608 1520/1060/821 1519/1056/818 1509/1055/701
f 1520/1061/821 1531/1062/822 1526/1058/819 1519/1057/818
f 1468/1131/793 1481/1132/823 1480/1124/820 1472/1123/788
f 1481/1133/823 1491/1134/612 1490/1126/786 1480/1125/820
f 1491/1135/612 1501/1136/613 1500/1128/607 1490/1127/786
f 1501/1137/613 1511/1138/965 1510/1130/608 1500/1129/607
f 1511/1063/965 1521/1064/825 1520/1060/821 1510/1059/608
f 1521/1065/825 1527/1066/966 1531/1062/822 1520/1061/821
f 1473/1139/798 1482/1140/827 1481/1132/823 1468/1131/793
f 1482/1141/827 1492/1142/828 1491/1134/612 1481/1133/823
f 1492/1143/828 1502/1144/619 1501/1136/613 1491/1135/612
f 1502/1145/619 1512/1146/829 1511/1138/965 1501/1137/613
f 1512/1067/829 1522/1068/830 1521/1064/825 1511/1063/965
f 1522/1069/830 1532/1070/831 1527/1066/966 1521/1065/825
f 1474/1147/801 1483/1148/967 1482/1140/827 1473/1139/798
f 1483/1149/967 1493/1150/833 1492/1142/828 1482/1141/827
f 1493/1151/833 1503/1152/625 1502/1144/619 1492/1143/828
f 1503/1153/625 1513/1154/834 1512/1146/829 1502/1145/619
f 1513/1071/834 1523/1072/835 1522/1068/830 1512/1067/829
f 1523/1073/835 1533/1074/836 1532/1070/831 1522/1069/830
f 1469/1155/804 1484/1156/837 1483/1148/967 1474/1147/801
f 1484/1157/837 1494/1158/763 1493/1150/833 1483/1149/967
f 1494/1159/763 1504/1160/631 1503/1152/625 1493/1151/833
f 1504/1161/631 1514/1162/681 1513/1154/834 1503/1153/625
f 1514/1075/681 1524/1076/803 1523/1072/835 1513/1071/834
f 1524/1077/803 1534/1078/838 1533/1074/836 1523/1073/835
f 1465/1163/772 1475/1164/806 1484/1156/837 1469/1155/804
f 1475/1165/806 1485/1166/727 1494/1158/763 1484/1157/837
f 1485/1167/727 1495/1168/580 1504/1160/631 1494/1159/763
f 1495/1169/580 1505/1170/808 1514/1162/681 1504/1161/631
f 1505/1079/808 1515/1080/810 1524/1076/803 1514/1075/681
f 1515/1081/810 1528/1082/812 1534/1078/838 1524/1077/803
f 1525/1083/811 1536/1084/839 1535/1085/840 1528/1086/812
f 1536/1087/839 1546/1088/841 1545/1089/842 1535/1090/840
f 1546/1091/841 1556/1092/579 1555/1093/580 1545/1094/842
f 1556/1095/579 1566/1096/581 1565/1097/582 1555/1098/580
f 1566/1039/581 1576/1040/687 1575/1041/843 1565/1042/582
f 1576/1043/687 1585/1044/689 1590/1045/844 1575/1046/843
f 1529/1099/815 1537/1100/845 1536/1084/839 1525/1083/811
f 1537/1101/845 1547/1102/588 1546/1088/841 1536/1087/839
f 1547/1103/588 1557/1104/589 1556/1092/579 1546/1091/841
f 1557/1105/589 1567/1106/590 1566/1096/581 1556/1095/579
f 1567/1047/590 1577/1048/693 1576/1040/687 1566/1039/581
f 1577/1049/693 1586/1050/694 1585/1044/689 1576/1043/687
f 1530/1107/817 1538/1108/846 1537/1100/845 1529/1099/815
f 1538/1109/846 1548/1110/594 1547/1102/588 1537/1101/845
f 1548/1111/594 1558/1112/595 1557/1104/589 1547/1103/588
f 1558/1113/595 1568/1114/696 1567/1106/590 1557/1105/589
f 1568/1051/696 1578/1052/968 1577/1048/693 1567/1047/590
f 1578/1053/968 1591/1054/698 1586/1050/694 1577/1049/693
f 1526/1115/819 1539/1116/847 1538/1108/846 1530/1107/817
f 1539/1117/847 1549/1118/742 1548/1110/594 1538/1109/846
f 1549/1119/742 1559/1120/601 1558/1112/595 1548/1111/594
f 1559/1121/601 1569/1122/969 1568/1114/696 1558/1113/595
f 1569/1055/969 1579/1056/702 1578/1052/968 1568/1051/696
f 1579/1057/702 1587/1058/703 1591/1054/698 1578/1053/968
f 1531/1123/822 1540/1124/848 1539/1116/847 1526/1115/819
f 1540/1125/848 1550/1126/747 1549/1118/742 1539/1117/847
f 1550/1127/747 1560/1128/607 1559/1120/601 1549/1119/742
f 1560/1129/607 1570/1130/706 1569/1122/969 1559/1121/601
f 1570/1059/706 1580/1060/849 1579/1056/702 1569/1055/969
f 1580/1061/849 1592/1062/970 1587/1058/703 1579/1057/702
f 1527/1131/966 1541/1132/789 1540/1124/848 1531/1123/822
f 1541/1133/789 1551/1134/612 1550/1126/747 1540/1125/848
f 1551/1135/612 1561/1136/613 1560/1128/607 1550/1127/747
f 1561/1137/613 1571/1138/665 1570/1130/706 1560/1129/607
f 1571/1063/665 1581/1064/851 1580/1060/849 1570/1059/706
f 1581/1065/851 1593/1066/971 1592/1062/970 1580/1061/849
f 1532/1139/831 1542/1140/853 1541/1132/789 1527/1131/966
f 1542/1141/853 1552/1142/618 1551/1134/612 1541/1133/789
f 1552/1143/618 1562/1144/619 1561/1136/613 1551/1135/612
f 1562/1145/619 1572/1146/620 1571/1138/665 1561/1137/613
f 1572/1067/620 1582/1068/854 1581/1064/851 1571/1063/665
f 1582/1069/854 1594/1070/855 1593/1066/971 1581/1065/851
f 1533/1147/836 1543/1148/856 1542/1140/853 1532/1139/831
f 1543/1149/856 1553/1150/624 1552/1142/618 1542/1141/853
f 1553/1151/624 1563/1152/625 1562/1144/619 1552/1143/618
f 1563/1153/625 1573/1154/676 1572/1146/620 1562/1145/619
f 1573/1071/676 1583/1072/857 1582/1068/854 1572/1067/620
f 1583/1073/857 1588/1074/858 1594/1070/855 1582/1069/854
f 1534/1155/838 1544/1156/837 1543/1148/856 1533/1147/836
f 1544/1157/837 1554/1158/630 1553/1150/624 1543/1149/856
f 1554/1159/630 1564/1160/631 1563/1152/625 1553/1151/624
f 1564/1161/631 1574/1162/632 1573/1154/676 1563/1153/625
f 1574/1075/632 1584/1076/859 1583/1072/857 1573/1071/676
f 1584/1077/859 1589/1078/860 1588/1074/858 1583/1073/857
f 1528/1163/812 1535/1164/840 1544/1156/837 1534/1155/838
f 1535/1165/840 1545/1166/842 1554/1158/630 1544/1157/837
f 1545/1167/842 1555/1168/580 1564/1160/631 1554/1159/630
f 1555/1169/580 1565/1170/582 1574/1162/632 1564/1161/631
f 1565/1079/582 1575/1080/843 1584/1076/859 1574/1075/632
f 1575/1081/843 1590/1082/844 1589/1078/860 1584/1077/859
f 1585/1083/689 1596/1084/635 1595/1085/861 1590/1086/844
f 1596/1087/635 1606/1088/972 1605/1089/973 1595/1090/861
f 1606/1091/972 1616/1092/974 1615/1093/975 1605/1094/973
f 1616/1095/974 636/1096/545 635/1097/548 1615/1098/975
f 1586/1099/694 1597/1100/733 1596/1084/635 1585/1083/689
f 1597/1101/733 1607/1102/734 1606/1088/972 1596/1087/635
f 1607/1103/734 1617/1104/976 1616/1092/974 1606/1091/972
f 1617/1105/976 637/1106/551 636/1096/545 1616/1095/974
f 1591/1107/698 1598/1108/737 1597/1100/733 1586/1099/694
f 1598/1109/737 1608/1110/977 1607/1102/734 1597/1101/733
f 1608/1111/977 1618/1112/978 1617/1104/976 1607/1103/734
f 1618/1113/978 638/1114/554 637/1106/551 1617/1105/976
f 1587/1115/703 1599/1116/741 1598/1108/737 1591/1107/698
f 1599/1117/741 1609/1118/979 1608/1110/977 1598/1109/737
f 1609/1119/979 1619/1120/980 1618/1112/978 1608/1111/977
f 1619/1121/980 639/1122/557 638/1114/554 1618/1113/978
f 1592/1123/970 1600/1124/882 1599/1116/741 1587/1115/703
f 1600/1125/882 1610/1126/981 1609/1118/979 1599/1117/741
f 1610/1127/981 1620/1128/982 1619/1120/980 1609/1119/979
f 1620/1129/982 640/1130/560 639/1122/557 1619/1121/980
f 1593/1131/971 1601/1132/887 1600/1124/882 1592/1123/970
f 1601/1133/887 1611/1134/983 1610/1126/981 1600/1125/882
f 1611/1135/983 1621/1136/984 1620/1128/982 1610/1127/981
f 1621/1137/984 641/1138/563 640/1130/560 1620/1129/982
f 1594/1139/855 1602/1140/892 1601/1132/887 1593/1131/971
f 1602/1141/892 1612/1142/985 1611/1134/983 1601/1133/887
f 1612/1143/985 1622/1144/986 1621/1136/984 1611/1135/983
f 1622/1145/986 642/1146/566 641/1138/563 1621/1137/984
f 1588/1147/858 1603/1148/898 1602/1140/892 1594/1139/855
f 1603/1149/898 1613/1150/899 1612/1142/985 1602/1141/892
f 1613/1151/899 1623/1152/987 1622/1144/986 1612/1143/985
f 1623/1153/987 643/1154/569 642/1146/566 1622/1145/986
f 1589/1155/860 1604/1156/904 1603/1148/898 1588/1147/858
f 1604/1157/904 1614/1158/680 1613/1150/899 1603/1149/898
f 1614/1159/680 1624/1160/988 1623/1152/987 1613/1151/899
f 1624/1161/988 644/1162/572 643/1154/569 1623/1153/987
f 1590/1163/844 1595/1164/861 1604/1156/904 1589/1155/860
f 1595/1165/861 1605/1166/973 1614/1158/680 1604/1157/904
f 1605/1167/973 1615/1168/975 1624/1160/988 1614/1159/680
f 1615/1169/975 635/1170/548 644/1162/572 1624/1161/988
f 2100/1039/989 1630/1040/990 1629/1041/991 2099/1042/992
f 1630/1043/990 1640/1044/993 1639/1045/994 1629/1046/991
f 2101/1047/995 1631/1048/996 1630/1040/990 2100/1039/989
f 1631/1049/996 1646/1050/997 1640/1044/993 1630/1043/990
f 2102/1051/998 1632/1052/999 1631/1048/996 2101/1047/995
f 1632/1053/999 1647/1054/1000 1646/1050/997 1631/1049/996
f 1625/1055/1001 1633/1056/1002 1632/1052/999 2102/1051/998
f 1633/1057/1002 1641/1058/1003 1647/1054/1000 1632/1053/999
f 2103/1059/1004 1634/1060/1005 1633/1056/1002 1625/1055/1001
f 1634/1061/1005 1642/1062/1006 1641/1058/1003 1633/1057/1002
f 1626/1063/1007 1635/1064/1008 1634/1060/1005 2103/1059/1004
f 1635/1065/1008 1643/1066/1009 1642/1062/1006 1634/1061/1005
f 2104/1067/1010 1636/1068/1011 1635/1064/1008 1626/1063/1007
f 1636/1069/1011 1648/1070/1012 1643/1066/1009 1635/1065/1008
f 1627/1071/1013 1637/1072/1014 1636/1068/1011 2104/1067/1010
f 1637/1073/1014 1644/1074/1015 1648/1070/1012 1636/1069/1011
f 1628/1075/1016 1638/1076/1017 1637/1072/1014 1627/1071/1013
f 1638/1077/1017 1645/1078/1018 1644/1074/1015 1637/1073/1014
f 2099/1079/992 1629/1080/991 1638/1076/1017 1628/1075/1016
f 1629/1081/991 1639/1082/994 1645/1078/1018 1638/1077/1017
f 1640/1083/993 1650/1084/1019 1649/1085/1020 1639/1086/994
f 1650/1087/1019 1660/1088/577 1659/1089/578 1649/1090/1020
f 1660/1091/577 1670/1092/579 1669/1093/580 1659/1094/578
f 1670/1095/579 1680/1096/581 1679/1097/582 1669/1098/580
f 1680/1039/581 1690/1040/583 1689/1041/584 1679/1042/582
f 1690/1043/583 1699/1044/585 1705/1045/586 1689/1046/584
f 1646/1099/997 1651/1100/1021 1650/1084/1019 1640/1083/993
f 1651/1101/1021 1661/1102/588 1660/1088/577 1650/1087/1019
f 1661/1103/588 1671/1104/589 1670/1092/579 1660/1091/577
f 1671/1105/589 1681/1106/590 1680/1096/581 1670/1095/579
f 1681/1047/590 1691/1048/591 1690/1040/583 1680/1039/581
f 1691/1049/591 1700/1050/592 1699/1044/585 1690/1043/583
f 1647/1107/1000 1652/1108/1022 1651/1100/1021 1646/1099/997
f 1652/1109/1022 1662/1110/594 1661/1102/588 1651/1101/1021
f 1662/1111/594 1672/1112/595 1671/1104/589 1661/1103/588
f 1672/1113/595 1682/1114/596 1681/1106/590 1671/1105/589
f 1682/1051/596 1692/1052/597 1691/1048/591 1681/1047/590
f 1692/1053/597 1706/1054/598 1700/1050/592 1691/1049/591
f 1641/1115/1003 1653/1116/1023 1652/1108/1022 1647/1107/1000
f 1653/1117/1023 1663/1118/600 1662/1110/594 1652/1109/1022
f 1663/1119/600 1673/1120/601 1672/1112/595 1662/1111/594
f 1673/1121/601 1683/1122/602 1682/1114/596 1672/1113/595
f 1683/1055/602 1693/1056/603 1692/1052/597 1682/1051/596
f 1693/1057/603 1707/1058/604 1706/1054/598 1692/1053/597
f 1642/1123/1006 1654/1124/1024 1653/1116/1023 1641/1115/1003
f 1654/1125/1024 1664/1126/606 1663/1118/600 1653/1117/1023
f 1664/1127/606 1674/1128/607 1673/1120/601 1663/1119/600
f 1674/1129/607 1684/1130/608 1683/1122/602 1673/1121/601
f 1684/1059/608 1694/1060/609 1693/1056/603 1683/1055/602
f 1694/1061/609 1701/1062/610 1707/1058/604 1693/1057/603
f 1643/1131/1009 1655/1132/611 1654/1124/1024 1642/1123/1006
f 1655/1133/611 1665/1134/1025 1664/1126/606 1654/1125/1024
f 1665/1135/1025 1675/1136/613 1674/1128/607 1664/1127/606
f 1675/1137/613 1685/1138/791 1684/1130/608 1674/1129/607
f 1685/1063/791 1695/1064/1026 1694/1060/609 1684/1059/608
f 1695/1065/1026 1702/1066/616 1701/1062/610 1694/1061/609
f 1648/1139/1012 1656/1140/1027 1655/1132/611 1643/1131/1009
f 1656/1141/1027 1666/1142/618 1665/1134/1025 1655/1133/611
f 1666/1143/618 1676/1144/619 1675/1136/613 1665/1135/1025
f 1676/1145/619 1686/1146/620 1685/1138/791 1675/1137/613
f 1686/1067/620 1696/1068/621 1695/1064/1026 1685/1063/791
f 1696/1069/621 1703/1070/622 1702/1066/616 1695/1065/1026
f 1644/1147/1015 1657/1148/1028 1656/1140/1027 1648/1139/1012
f 1657/1149/1028 1667/1150/624 1666/1142/618 1656/1141/1027
f 1667/1151/624 1677/1152/625 1676/1144/619 1666/1143/618
f 1677/1153/625 1687/1154/626 1686/1146/620 1676/1145/619
f 1687/1071/626 1697/1072/1029 1696/1068/621 1686/1067/620
f 1697/1073/1029 1704/1074/628 1703/1070/622 1696/1069/621
f 1645/1155/1018 1658/1156/1030 1657/1148/1028 1644/1147/1015
f 1658/1157/1030 1668/1158/630 1667/1150/624 1657/1149/1028
f 1668/1159/630 1678/1160/631 1677/1152/625 1667/1151/624
f 1678/1161/631 1688/1162/632 1687/1154/626 1677/1153/625
f 1688/1075/632 1698/1076/633 1697/1072/1029 1687/1071/626
f 1698/1077/633 1708/1078/634 1704/1074/628 1697/1073/1029
f 1639/1163/994 1649/1164/1020 1658/1156/1030 1645/1155/1018
f 1649/1165/1020 1659/1166/578 1668/1158/630 1658/1157/1030
f 1659/1167/578 1669/1168/580 1678/1160/631 1668/1159/630
f 1669/1169/580 1679/1170/582 1688/1162/632 1678/1161/631
f 1679/1079/582 1689/1080/584 1698/1076/633 1688/1075/632
f 1689/1081/584 1705/1082/586 1708/1078/634 1698/1077/633
f 1699/1083/585 1710/1084/635 1709/1085/636 1705/1086/586
f 1710/1087/635 1720/1088/637 1719/1089/727 1709/1090/636
f 1720/1091/637 1730/1092/579 1729/1093/580 1719/1094/727
f 1730/1095/579 1740/1096/639 1739/1097/640 1729/1098/580
f 1740/1039/639 1750/1040/641 1749/1041/642 1739/1042/640
f 1750/1043/641 1765/1044/643 1764/1045/644 1749/1046/642
f 1700/1099/592 1711/1100/645 1710/1084/635 1699/1083/585
f 1711/1101/645 1721/1102/646 1720/1088/637 1710/1087/635
f 1721/1103/646 1731/1104/589 1730/1092/579 1720/1091/637
f 1731/1105/589 1741/1106/647 1740/1096/639 1730/1095/579
f 1741/1047/647 1751/1048/648 1750/1040/641 1740/1039/639
f 1751/1049/648 1759/1050/649 1765/1044/643 1750/1043/641
f 1706/1107/598 1712/1108/650 1711/1100/645 1700/1099/592
f 1712/1109/650 1722/1110/651 1721/1102/646 1711/1101/645
f 1722/1111/651 1732/1112/595 1731/1104/589 1721/1103/646
f 1732/1113/595 1742/1114/596 1741/1106/647 1731/1105/589
f 1742/1051/596 1752/1052/653 1751/1048/648 1741/1047/647
f 1752/1053/653 1760/1054/654 1759/1050/649 1751/1049/648
f 1707/1115/604 1713/1116/655 1712/1108/650 1706/1107/598
f 1713/1117/655 1723/1118/656 1722/1110/651 1712/1109/650
f 1723/1119/656 1733/1120/601 1732/1112/595 1722/1111/651
f 1733/1121/601 1743/1122/602 1742/1114/596 1732/1113/595
f 1743/1055/602 1753/1056/657 1752/1052/653 1742/1051/596
f 1753/1057/657 1761/1058/953 1760/1054/654 1752/1053/653
f 1701/1123/610 1714/1124/1031 1713/1116/655 1707/1115/604
f 1714/1125/1031 1724/1126/747 1723/1118/656 1713/1117/655
f 1724/1127/747 1734/1128/607 1733/1120/601 1723/1119/656
f 1734/1129/607 1744/1130/660 1743/1122/602 1733/1121/601
f 1744/1059/660 1754/1060/661 1753/1056/657 1743/1055/602
f 1754/1061/661 1762/1062/662 1761/1058/953 1753/1057/657
f 1702/1131/616 1715/1132/1032 1714/1124/1031 1701/1123/610
f 1715/1133/1032 1725/1134/664 1724/1126/747 1714/1125/1031
f 1725/1135/664 1735/1136/613 1734/1128/607 1724/1127/747
f 1735/1137/613 1745/1138/665 1744/1130/660 1734/1129/607
f 1745/1063/665 1755/1064/666 1754/1060/661 1744/1059/660
f 1755/1065/666 1766/1066/667 1762/1062/662 1754/1061/661
f 1703/1139/622 1716/1140/668 1715/1132/1032 1702/1131/616
f 1716/1141/668 1726/1142/669 1725/1134/664 1715/1133/1032
f 1726/1143/669 1736/1144/619 1735/1136/613 1725/1135/664
f 1736/1145/619 1746/1146/670 1745/1138/665 1735/1137/613
f 1746/1067/670 1756/1068/955 1755/1064/666 1745/1063/665
f 1756/1069/955 1763/1070/672 1766/1066/667 1755/1065/666
f 1704/1147/628 1717/1148/673 1716/1140/668 1703/1139/622
f 1717/1149/673 1727/1150/956 1726/1142/669 1716/1141/668
f 1727/1151/956 1737/1152/675 1736/1144/619 1726/1143/669
f 1737/1153/675 1747/1154/676 1746/1146/670 1736/1145/619
f 1747/1071/676 1757/1072/677 1756/1068/955 1746/1067/670
f 1757/1073/677 1767/1074/678 1763/1070/672 1756/1069/955
f 1708/1155/634 1718/1156/679 1717/1148/673 1704/1147/628
f 1718/1157/679 1728/1158/680 1727/1150/956 1717/1149/673
f 1728/1159/680 1738/1160/631 1737/1152/675 1727/1151/956
f 1738/1161/631 1748/1162/681 1747/1154/676 1737/1153/675
f 1748/1075/681 1758/1076/682 1757/1072/677 1747/1071/676
f 1758/1077/682 1768/1078/1033 1767/1074/678 1757/1073/677
f 1705/1163/586 1709/1164/636 1718/1156/679 1708/1155/634
f 1709/1165/636 1719/1166/727 1728/1158/680 1718/1157/679
f 1719/1167/727 1729/1168/580 1738/1160/631 1728/1159/680
f 1729/1169/580 1739/1170/640 1748/1162/681 1738/1161/631
f 1739/1079/640 1749/1080/642 1758/1076/682 1748/1075/681
f 1749/1081/642 1764/1082/644 1768/1078/1033 1758/1077/682
f 1765/1083/643 1770/1084/684 1769/1085/685 1764/1086/644
f 1770/1087/684 1780/1088/686 1779/1089/638 1769/1090/685
f 1780/1091/686 1790/1092/579 1789/1093/580 1779/1094/638
f 1790/1095/579 1800/1096/581 1799/1097/582 1789/1098/580
f 1800/1039/581 1810/1040/687 1809/1041/688 1799/1042/582
f 1810/1043/687 1819/1044/689 1824/1045/690 1809/1046/688
f 1759/1099/649 1771/1100/1034 1770/1084/684 1765/1083/643
f 1771/1101/1034 1781/1102/692 1780/1088/686 1770/1087/684
f 1781/1103/692 1791/1104/589 1790/1092/579 1780/1091/686
f 1791/1105/589 1801/1106/590 1800/1096/581 1790/1095/579
f 1801/1047/590 1811/1048/693 1810/1040/687 1800/1039/581
f 1811/1049/693 1820/1050/694 1819/1044/689 1810/1043/687
f 1760/1107/654 1772/1108/695 1771/1100/1034 1759/1099/649
f 1772/1109/695 1782/1110/651 1781/1102/692 1771/1101/1034
f 1782/1111/651 1792/1112/595 1791/1104/589 1781/1103/692
f 1792/1113/595 1802/1114/696 1801/1106/590 1791/1105/589
f 1802/1051/696 1812/1052/697 1811/1048/693 1801/1047/590
f 1812/1053/697 1825/1054/698 1820/1050/694 1811/1049/693
f 1761/1115/953 1773/1116/699 1772/1108/695 1760/1107/654
f 1773/1117/699 1783/1118/656 1782/1110/651 1772/1109/695
f 1783/1119/656 1793/1120/601 1792/1112/595 1782/1111/651
f 1793/1121/601 1803/1122/701 1802/1114/696 1792/1113/595
f 1803/1055/701 1813/1056/702 1812/1052/697 1802/1051/696
f 1813/1057/702 1821/1058/703 1825/1054/698 1812/1053/697
f 1762/1123/662 1774/1124/848 1773/1116/699 1761/1115/953
f 1774/1125/848 1784/1126/705 1783/1118/656 1773/1117/699
f 1784/1127/705 1794/1128/607 1793/1120/601 1783/1119/656
f 1794/1129/607 1804/1130/706 1803/1122/701 1793/1121/601
f 1804/1059/706 1814/1060/707 1813/1056/702 1803/1055/701
f 1814/1061/707 1826/1062/708 1821/1058/703 1813/1057/702
f 1766/1131/667 1775/1132/709 1774/1124/848 1762/1123/662
f 1775/1133/709 1785/1134/710 1784/1126/705 1774/1125/848
f 1785/1135/710 1795/1136/1035 1794/1128/607 1784/1127/705
f 1795/1137/1035 1805/1138/614 1804/1130/706 1794/1129/607
f 1805/1063/614 1815/1064/711 1814/1060/707 1804/1059/706
f 1815/1065/711 1827/1066/712 1826/1062/708 1814/1061/707
f 1763/1139/672 1776/1140/713 1775/1132/709 1766/1131/667
f 1776/1141/713 1786/1142/714 1785/1134/710 1775/1133/709
f 1786/1143/714 1796/1144/619 1795/1136/1035 1785/1135/710
f 1796/1145/619 1806/1146/670 1805/1138/614 1795/1137/1035
f 1806/1067/670 1816/1068/715 1815/1064/711 1805/1063/614
f 1816/1069/715 1822/1070/716 1827/1066/712 1815/1065/711
f 1767/1147/678 1777/1148/717 1776/1140/713 1763/1139/672
f 1777/1149/717 1787/1150/718 1786/1142/714 1776/1141/713
f 1787/1151/718 1797/1152/625 1796/1144/619 1786/1143/714
f 1797/1153/625 1807/1154/719 1806/1146/670 1796/1145/619
f 1807/1071/719 1817/1072/720 1816/1068/715 1806/1067/670
f 1817/1073/720 1828/1074/721 1822/1070/716 1816/1069/715
f 1768/1155/1033 1778/1156/722 1777/1148/717 1767/1147/678
f 1778/1157/722 1788/1158/630 1787/1150/718 1777/1149/717
f 1788/1159/630 1798/1160/631 1797/1152/625 1787/1151/718
f 1798/1161/631 1808/1162/723 1807/1154/719 1797/1153/625
f 1808/1075/723 1818/1076/724 1817/1072/720 1807/1071/719
f 1818/1077/724 1823/1078/725 1828/1074/721 1817/1073/720
f 1764/1163/644 1769/1164/685 1778/1156/722 1768/1155/1033
f 1769/1165/685 1779/1166/638 1788/1158/630 1778/1157/722
f 1779/1167/638 1789/1168/580 1798/1160/631 1788/1159/630
f 1789/1169/580 1799/1170/582 1808/1162/723 1798/1161/631
f 1799/1079/582 1809/1080/688 1818/1076/724 1808/1075/723
f 1809/1081/688 1824/1082/690 1823/1078/725 1818/1077/724
f 1819/1083/689 1830/1084/635 1829/1085/726 1824/1086/690
f 1830/1087/635 1840/1088/637 1839/1089/727 1829/1090/726
f 1840/1091/637 1850/1092/579 1849/1093/580 1839/1094/727
f 1850/1095/579 1860/1096/728 1859/1097/582 1849/1098/580
f 1860/1039/728 1870/1040/729 1869/1041/730 1859/1042/582
f 1870/1043/729 1882/1044/731 1881/1045/732 1869/1046/730
f 1820/1099/694 1831/1100/733 1830/1084/635 1819/1083/689
f 1831/1101/733 1841/1102/734 1840/1088/637 1830/1087/635
f 1841/1103/734 1851/1104/589 1850/1092/579 1840/1091/637
f 1851/1105/589 1861/1106/590 1860/1096/728 1850/1095/579
f 1861/1047/590 1871/1048/735 1870/1040/729 1860/1039/728
f 1871/1049/735 1883/1050/1036 1882/1044/731 1870/1043/729
f 1825/1107/698 1832/1108/737 1831/1100/733 1820/1099/694
f 1832/1109/737 1842/1110/594 1841/1102/734 1831/1101/733
f 1842/1111/594 1852/1112/595 1851/1104/589 1841/1103/734
f 1852/1113/595 1862/1114/738 1861/1106/590 1851/1105/589
f 1862/1051/738 1872/1052/1037 1871/1048/735 1861/1047/590
f 1872/1053/1037 1879/1054/1038 1883/1050/1036 1871/1049/735
f 1821/1115/703 1833/1116/741 1832/1108/737 1825/1107/698
f 1833/1117/741 1843/1118/742 1842/1110/594 1832/1109/737
f 1843/1119/742 1853/1120/601 1852/1112/595 1842/1111/594
f 1853/1121/601 1863/1122/743 1862/1114/738 1852/1113/595
f 1863/1055/743 1873/1056/744 1872/1052/1037 1862/1051/738
f 1873/1057/744 1884/1058/745 1879/1054/1038 1872/1053/1037
f 1826/1123/708 1834/1124/746 1833/1116/741 1821/1115/703
f 1834/1125/746 1844/1126/747 1843/1118/742 1833/1117/741
f 1844/1127/747 1854/1128/607 1853/1120/601 1843/1119/742
f 1854/1129/607 1864/1130/660 1863/1122/743 1853/1121/601
f 1864/1059/660 1874/1060/748 1873/1056/744 1863/1055/743
f 1874/1061/748 1885/1062/1039 1884/1058/745 1873/1057/744
f 1827/1131/712 1835/1132/1040 1834/1124/746 1826/1123/708
f 1835/1133/1040 1845/1134/710 1844/1126/747 1834/1125/746
f 1845/1135/710 1855/1136/613 1854/1128/607 1844/1127/747
f 1855/1137/613 1865/1138/614 1864/1130/660 1854/1129/607
f 1865/1063/614 1875/1064/752 1874/1060/748 1864/1059/660
f 1875/1065/752 1886/1066/753 1885/1062/1039 1874/1061/748
f 1822/1139/716 1836/1140/960 1835/1132/1040 1827/1131/712
f 1836/1141/960 1846/1142/961 1845/1134/710 1835/1133/1040
f 1846/1143/961 1856/1144/619 1855/1136/613 1845/1135/710
f 1856/1145/619 1866/1146/670 1865/1138/614 1855/1137/613
f 1866/1067/670 1876/1068/757 1875/1064/752 1865/1063/614
f 1876/1069/757 1880/1070/758 1886/1066/753 1875/1065/752
f 1828/1147/721 1837/1148/759 1836/1140/960 1822/1139/716
f 1837/1149/759 1847/1150/1041 1846/1142/961 1836/1141/960
f 1847/1151/1041 1857/1152/625 1856/1144/619 1846/1143/961
f 1857/1153/625 1867/1154/676 1866/1146/670 1856/1145/619
f 1867/1071/676 1877/1072/677 1876/1068/757 1866/1067/670
f 1877/1073/677 1887/1074/761 1880/1070/758 1876/1069/757
f 1823/1155/725 1838/1156/762 1837/1148/759 1828/1147/721
f 1838/1157/762 1848/1158/763 1847/1150/1041 1837/1149/759
f 1848/1159/763 1858/1160/631 1857/1152/625 1847/1151/1041
f 1858/1161/631 1868/1162/681 1867/1154/676 1857/1153/625
f 1868/1075/681 1878/1076/764 1877/1072/677 1867/1071/676
f 1878/1077/764 1888/1078/765 1887/1074/761 1877/1073/677
f 1824/1163/690 1829/1164/726 1838/1156/762 1823/1155/725
f 1829/1165/726 1839/1166/727 1848/1158/763 1838/1157/762
f 1839/1167/727 1849/1168/580 1858/1160/631 1848/1159/763
f 1849/1169/580 1859/1170/582 1868/1162/681 1858/1161/631
f 1859/1079/582 1869/1080/730 1878/1076/764 1868/1075/681
f 1869/1081/730 1881/1082/732 1888/1078/765 1878/1077/764
f 1882/1083/731 1890/1084/766 1889/1085/767 1881/1086/732
f 1890/1087/766 1900/1088/637 1899/1089/727 1889/1090/767
f 1900/1091/637 1910/1092/579 1909/1093/580 1899/1094/727
f 1910/1095/579 1920/1096/768 1919/1097/582 1909/1098/580
f 1920/1039/768 1930/1040/769 1929/1041/770 1919/1042/582
f 1930/1043/769 1944/1044/771 1939/1045/772 1929/1046/770
f 1883/1099/1036 1891/1100/773 1890/1084/766 1882/1083/731
f 1891/1101/773 1901/1102/646 1900/1088/637 1890/1087/766
f 1901/1103/646 1911/1104/589 1910/1092/579 1900/1091/637
f 1911/1105/589 1921/1106/774 1920/1096/768 1910/1095/579
f 1921/1047/774 1931/1048/775 1930/1040/769 1920/1039/768
f 1931/1049/775 1940/1050/1042 1944/1044/771 1930/1043/769
f 1879/1107/1038 1892/1108/777 1891/1100/773 1883/1099/1036
f 1892/1109/777 1902/1110/778 1901/1102/646 1891/1101/773
f 1902/1111/778 1912/1112/779 1911/1104/589 1901/1103/646
f 1912/1113/779 1922/1114/738 1921/1106/774 1911/1105/589
f 1922/1051/738 1932/1052/780 1931/1048/775 1921/1047/774
f 1932/1053/780 1941/1054/781 1940/1050/1042 1931/1049/775
f 1884/1115/745 1893/1116/782 1892/1108/777 1879/1107/1038
f 1893/1117/782 1903/1118/783 1902/1110/778 1892/1109/777
f 1903/1119/783 1913/1120/601 1912/1112/779 1902/1111/778
f 1913/1121/601 1923/1122/743 1922/1114/738 1912/1113/779
f 1923/1055/743 1933/1056/744 1932/1052/780 1922/1051/738
f 1933/1057/744 1945/1058/1043 1941/1054/781 1932/1053/780
f 1885/1123/1039 1894/1124/785 1893/1116/782 1884/1115/745
f 1894/1125/785 1904/1126/786 1903/1118/783 1893/1117/782
f 1904/1127/786 1914/1128/607 1913/1120/601 1903/1119/783
f 1914/1129/607 1924/1130/660 1923/1122/743 1913/1121/601
f 1924/1059/660 1934/1060/787 1933/1056/744 1923/1055/743
f 1934/1061/787 1946/1062/788 1945/1058/1043 1933/1057/744
f 1886/1131/753 1895/1132/789 1894/1124/785 1885/1123/1039
f 1895/1133/789 1905/1134/790 1904/1126/786 1894/1125/785
f 1905/1135/790 1915/1136/613 1914/1128/607 1904/1127/786
f 1915/1137/613 1925/1138/791 1924/1130/660 1914/1129/607
f 1925/1063/791 1935/1064/792 1934/1060/787 1924/1059/660
f 1935/1065/792 1942/1066/793 1946/1062/788 1934/1061/787
f 1880/1139/758 1896/1140/1044 1895/1132/789 1886/1131/753
f 1896/1141/1044 1906/1142/795 1905/1134/790 1895/1133/789
f 1906/1143/795 1916/1144/619 1915/1136/613 1905/1135/790
f 1916/1145/619 1926/1146/796 1925/1138/791 1915/1137/613
f 1926/1067/796 1936/1068/1045 1935/1064/792 1925/1063/791
f 1936/1069/1045 1947/1070/939 1942/1066/793 1935/1065/792
f 1887/1147/761 1897/1148/1046 1896/1140/1044 1880/1139/758
f 1897/1149/1046 1907/1150/718 1906/1142/795 1896/1141/1044
f 1907/1151/718 1917/1152/625 1916/1144/619 1906/1143/795
f 1917/1153/625 1927/1154/799 1926/1146/796 1916/1145/619
f 1927/1071/799 1937/1072/800 1936/1068/1045 1926/1067/796
f 1937/1073/800 1948/1074/801 1947/1070/939 1936/1069/1045
f 1888/1155/765 1898/1156/722 1897/1148/1046 1887/1147/761
f 1898/1157/722 1908/1158/630 1907/1150/718 1897/1149/1046
f 1908/1159/630 1918/1160/631 1917/1152/625 1907/1151/718
f 1918/1161/631 1928/1162/1047 1927/1154/799 1917/1153/625
f 1928/1075/1047 1938/1076/803 1937/1072/800 1927/1071/799
f 1938/1077/803 1943/1078/804 1948/1074/801 1937/1073/800
f 1881/1163/732 1889/1164/767 1898/1156/722 1888/1155/765
f 1889/1165/767 1899/1166/727 1908/1158/630 1898/1157/722
f 1899/1167/727 1909/1168/580 1918/1160/631 1908/1159/630
f 1909/1169/580 1919/1170/582 1928/1162/1047 1918/1161/631
f 1919/1079/582 1929/1080/770 1938/1076/803 1928/1075/1047
f 1929/1081/770 1939/1082/772 1943/1078/804 1938/1077/803
f 1944/1083/771 1950/1084/805 1949/1085/806 1939/1086/772
f 1950/1087/805 1960/1088/686 1959/1089/727 1949/1090/806
f 1960/1091/686 1970/1092/1048 1969/1093/1049 1959/1094/727
f 1970/1095/1048 1146/1096/918 1145/1097/920 1969/1098/1049
f 1940/1099/1042 1951/1100/813 1950/1084/805 1944/1083/771
f 1951/1101/813 1961/1102/1050 1960/1088/686 1950/1087/805
f 1961/1103/1050 1971/1104/1051 1970/1092/1048 1960/1091/686
f 1971/1105/1051 1147/1106/923 1146/1096/918 1970/1095/1048
f 1941/1107/781 1952/1108/816 1951/1100/813 1940/1099/1042
f 1952/1109/816 1962/1110/1052 1961/1102/1050 1951/1101/813
f 1962/1111/1052 1972/1112/1053 1971/1104/1051 1961/1103/1050
f 1972/1113/1053 1148/1114/926 1147/1106/923 1971/1105/1051
f 1945/1115/1043 1953/1116/782 1952/1108/816 1941/1107/781
f 1953/1117/782 1963/1118/1054 1962/1110/1052 1952/1109/816
f 1963/1119/1054 1973/1120/1055 1972/1112/1053 1962/1111/1052
f 1973/1121/1055 1149/1122/929 1148/1114/926 1972/1113/1053
f 1946/1123/788 1954/1124/820 1953/1116/782 1945/1115/1043
f 1954/1125/820 1964/1126/786 1963/1118/1054 1953/1117/782
f 1964/1127/786 1974/1128/1056 1973/1120/1055 1963/1119/1054
f 1974/1129/1056 1150/1130/932 1149/1122/929 1973/1121/1055
f 1942/1131/793 1955/1132/823 1954/1124/820 1946/1123/788
f 1955/1133/823 1965/1134/1057 1964/1126/786 1954/1125/820
f 1965/1135/1057 1975/1136/1058 1974/1128/1056 1964/1127/786
f 1975/1137/1058 1151/1138/935 1150/1130/932 1974/1129/1056
f 1947/1139/939 1956/1140/827 1955/1132/823 1942/1131/793
f 1956/1141/827 1966/1142/1059 1965/1134/1057 1955/1133/823
f 1966/1143/1059 1976/1144/1060 1975/1136/1058 1965/1135/1057
f 1976/1145/1060 1152/1146/937 1151/1138/935 1975/1137/1058
f 1948/1147/801 1957/1148/967 1956/1140/827 1947/1139/939
f 1957/1149/967 1967/1150/833 1966/1142/1059 1956/1141/827
f 1967/1151/833 1977/1152/1061 1976/1144/1060 1966/1143/1059
f 1977/1153/1061 1153/1154/940 1152/1146/937 1976/1145/1060
f 1943/1155/804 1958/1156/837 1957/1148/967 1948/1147/801
f 1958/1157/837 1968/1158/763 1967/1150/833 1957/1149/967
f 1968/1159/763 1978/1160/1062 1977/1152/1061 1967/1151/833
f 1978/1161/1062 1154/1162/942 1153/1154/940 1977/1153/1061
f 1939/1163/772 1949/1164/806 1958/1156/837 1943/1155/804
f 1949/1165/806 1959/1166/727 1968/1158/763 1958/1157/837
f 1959/1167/727 1969/1168/1049 1978/1160/1062 1968/1159/763
f 1969/1169/1049 1145/1170/920 1154/1162/942 1978/1161/1062
f 1980/1039/1063 1990/1040/1064 1989/1041/1065 1979/1042/1066
f 1990/1043/1064 2000/1044/1067 1999/1045/1068 1989/1046/1065
f 1981/1047/1069 1991/1048/1070 1990/1040/1064 1980/1039/1063
f 1991/1049/1070 2006/1050/1071 2000/1044/1067 1990/1043/1064
f 1982/1051/1072 1992/1052/1073 1991/1048/1070 1981/1047/1069
f 1992/1053/1073 2007/1054/1074 2006/1050/1071 1991/1049/1070
f 1983/1055/1075 1993/1056/1076 1992/1052/1073 1982/1051/1072
f 1993/1057/1076 2001/1058/1077 2007/1054/1074 1992/1053/1073
f 1984/1059/1078 1994/1060/1079 1993/1056/1076 1983/1055/1075
f 1994/1061/1079 2002/1062/1080 2001/1058/1077 1993/1057/1076
f 1985/1063/1081 1995/1064/1082 1994/1060/1079 1984/1059/1078
f 1995/1065/1082 2003/1066/1083 2002/1062/1080 1994/1061/1079
f 1986/1067/1084 1996/1068/1085 1995/1064/1082 1985/1063/1081
f 1996/1069/1085 2008/1070/1086 2003/1066/1083 1995/1065/1082
f 1987/1071/1087 1997/1072/1088 1996/1068/1085 1986/1067/1084
f 1997/1073/1088 2004/1074/1089 2008/1070/1086 1996/1069/1085
f 1988/1075/1090 1998/1076/1091 1997/1072/1088 1987/1071/1087
f 1998/1077/1091 2005/1078/1092 2004/1074/1089 1997/1073/1088
f 1979/1079/1066 1989/1080/1065 1998/1076/1091 1988/1075/1090
f 1989/1081/1065 1999/1082/1068 2005/1078/1092 1998/1077/1091
f 2000/1083/1067 2010/1084/1019 2009/1085/1020 1999/1086/1068
f 2010/1087/1019 2020/1088/577 2019/1089/578 2009/1090/1020
f 2020/1091/577 2030/1092/579 2029/1093/580 2019/1094/578
f 2030/1095/579 2040/1096/581 2039/1097/582 2029/1098/580
f 2040/1039/581 2050/1040/1093 2049/1041/584 2039/1042/582
f 2050/1043/1093 2059/1044/585 2065/1045/1094 2049/1046/584
f 2006/1099/1071 2011/1100/1021 2010/1084/1019 2000/1083/1067
f 2011/1101/1021 2021/1102/588 2020/1088/577 2010/1087/1019
f 2021/1103/588 2031/1104/589 2030/1092/579 2020/1091/577
f 2031/1105/589 2041/1106/590 2040/1096/581 2030/1095/579
f 2041/1047/590 2051/1048/591 2050/1040/1093 2040/1039/581
f 2051/1049/591 2060/1050/592 2059/1044/585 2050/1043/1093
f 2007/1107/1074 2012/1108/1022 2011/1100/1021 2006/1099/1071
f 2012/1109/1022 2022/1110/594 2021/1102/588 2011/1101/1021
f 2022/1111/594 2032/1112/595 2031/1104/589 2021/1103/588
f 2032/1113/595 2042/1114/596 2041/1106/590 2031/1105/589
f 2042/1051/596 2052/1052/597 2051/1048/591 2041/1047/590
f 2052/1053/597 2066/1054/598 2060/1050/592 2051/1049/591
f 2001/1115/1077 2013/1116/1023 2012/1108/1022 2007/1107/1074
f 2013/1117/1023 2023/1118/600 2022/1110/594 2012/1109/1022
f 2023/1119/600 2033/1120/601 2032/1112/595 2022/1111/594
f 2033/1121/601 2043/1122/602 2042/1114/596 2032/1113/595
f 2043/1055/602 2053/1056/603 2052/1052/597 2042/1051/596
f 2053/1057/603 2067/1058/604 2066/1054/598 2052/1053/597
f 2002/1123/1080 2014/1124/1024 2013/1116/1023 2001/1115/1077
f 2014/1125/1024 2024/1126/606 2023/1118/600 2013/1117/1023
f 2024/1127/606 2034/1128/607 2033/1120/601 2023/1119/600
f 2034/1129/607 2044/1130/608 2043/1122/602 2033/1121/601
f 2044/1059/608 2054/1060/609 2053/1056/603 2043/1055/602
f 2054/1061/609 2061/1062/610 2067/1058/604 2053/1057/603
f 2003/1131/1083 2015/1132/611 2014/1124/1024 2002/1123/1080
f 2015/1133/611 2025/1134/1025 2024/1126/606 2014/1125/1024
f 2025/1135/1025 2035/1136/613 2034/1128/607 2024/1127/606
f 2035/1137/613 2045/1138/791 2044/1130/608 2034/1129/607
f 2045/1063/791 2055/1064/615 2054/1060/609 2044/1059/608
f 2055/1065/615 2062/1066/616 2061/1062/610 2054/1061/609
f 2008/1139/1086 2016/1140/1027 2015/1132/611 2003/1131/1083
f 2016/1141/1027 2026/1142/618 2025/1134/1025 2015/1133/611
f 2026/1143/618 2036/1144/619 2035/1136/613 2025/1135/1025
f 2036/1145/619 2046/1146/620 2045/1138/791 2035/1137/613
f 2046/1067/620 2056/1068/621 2055/1064/615 2045/1063/791
f 2056/1069/621 2063/1070/948 2062/1066/616 2055/1065/615
f 2004/1147/1089 2017/1148/1028 2016/1140/1027 2008/1139/1086
f 2017/1149/1028 2027/1150/624 2026/1142/618 2016/1141/1027
f 2027/1151/624 2037/1152/625 2036/1144/619 2026/1143/618
f 2037/1153/625 2047/1154/626 2046/1146/620 2036/1145/619
f 2047/1071/626 2057/1072/1029 2056/1068/621 2046/1067/620
f 2057/1073/1029 2064/1074/628 2063/1070/948 2056/1069/621
f 2005/1155/1092 2018/1156/1095 2017/1148/1028 2004/1147/1089
f 2018/1157/1095 2028/1158/630 2027/1150/624 2017/1149/1028
f 2028/1159/630 2038/1160/631 2037/1152/625 2027/1151/624
f 2038/1161/631 2048/1162/632 2047/1154/626 2037/1153/625
f 2048/1075/632 2058/1076/1096 2057/1072/1029 2047/1071/626
f 2058/1077/1096 2068/1078/634 2064/1074/628 2057/1073/1029
f 1999/1163/1068 2009/1164/1020 2018/1156/1095 2005/1155/1092
f 2009/1165/1020 2019/1166/578 2028/1158/630 2018/1157/1095
f 2019/1167/578 2029/1168/580 2038/1160/631 2028/1159/630
f 2029/1169/580 2039/1170/582 2048/1162/632 2038/1161/631
f 2039/1079/582 2049/1080/584 2058/1076/1096 2048/1075/632
f 2049/1081/584 2065/1082/1094 2068/1078/634 2058/1077/1096
f 2059/1083/585 2070/1084/1097 2069/1085/1098 2065/1086/1094
f 2070/1087/1097 2080/1088/1099 2079/1089/1100 2069/1090/1098
f 2080/1091/1099 2090/1092/1101 2089/1093/1102 2079/1094/1100
f 2090/1095/1101 2100/1096/989 2099/1097/992 2089/1098/1102
f 2060/1099/592 2071/1100/1103 2070/1084/1097 2059/1083/585
f 2071/1101/1103 2081/1102/1104 2080/1088/1099 2070/1087/1097
f 2081/1103/1104 2091/1104/1105 2090/1092/1101 2080/1091/1099
f 2091/1105/1105 2101/1106/995 2100/1096/989 2090/1095/1101
f 2066/1107/598 2072/1108/1106 2071/1100/1103 2060/1099/592
f 2072/1109/1106 2082/1110/1107 2081/1102/1104 2071/1101/1103
f 2082/1111/1107 2092/1112/1108 2091/1104/1105 2081/1103/1104
f 2092/1113/1108 2102/1114/998 2101/1106/995 2091/1105/1105
f 2067/1115/604 2073/1116/1109 2072/1108/1106 2066/1107/598
f 2073/1117/1109 2083/1118/1110 2082/1110/1107 2072/1109/1106
f 2083/1119/1110 2093/1120/1111 2092/1112/1108 2082/1111/1107
f 2093/1121/1111 1625/1122/1001 2102/1114/998 2092/1113/1108
f 2061/1123/610 2074/1124/1112 2073/1116/1109 2067/1115/604
f 2074/1125/1112 2084/1126/1113 2083/1118/1110 2073/1117/1109
f 2084/1127/1113 2094/1128/1114 2093/1120/1111 2083/1119/1110
f 2094/1129/1114 2103/1130/1004 1625/1122/1001 2093/1121/1111
f 2062/1131/616 2075/1132/1115 2074/1124/1112 2061/1123/610
f 2075/1133/1115 2085/1134/1116 2084/1126/1113 2074/1125/1112
f 2085/1135/1116 2095/1136/1117 2094/1128/1114 2084/1127/1113
f 2095/1137/1117 1626/1138/1007 2103/1130/1004 2094/1129/1114
f 2063/1139/948 2076/1140/1118 2075/1132/1115 2062/1131/616
f 2076/1141/1118 2086/1142/1119 2085/1134/1116 2075/1133/1115
f 2086/1143/1119 2096/1144/1120 2095/1136/1117 2085/1135/1116
f 2096/1145/1120 2104/1146/1010 1626/1138/1007 2095/1137/1117
f 2064/1147/628 2077/1148/1121 2076/1140/1118 2063/1139/948
f 2077/1149/1121 2087/1150/1122 2086/1142/1119 2076/1141/1118
f 2087/1151/1122 2097/1152/1123 2096/1144/1120 2086/1143/1119
f 2097/1153/1123 1627/1154/1013 2104/1146/1010 2096/1145/1120
f 2068/1155/634 2078/1156/1124 2077/1148/1121 2064/1147/628
f 2078/1157/1124 2088/1158/1125 2087/1150/1122 2077/1149/1121
f 2088/1159/1125 2098/1160/1126 2097/1152/1123 2087/1151/1122
f 2098/1161/1126 1628/1162/1016 1627/1154/1013 2097/1153/1123
f 2065/1163/1094 2069/1164/1098 2078/1156/1124 2068/1155/634
f 2069/1165/1098 2079/1166/1100 2088/1158/1125 2078/1157/1124
f 2079/1167/1100 2089/1168/1102 2098/1160/1126 2088/1159/1125
f 2089/1169/1102 2099/1170/992 1628/1162/1016 2098/1161/1126
f 1983/1181/1127 1982/1182/1128 1985/1183/1129 1984/1184/1127
f 1982/1182/1128 1981/1185/1130 1986/1186/1131 1985/1183/1129
f 1981/1185/1130 1980/1187/1132 1987/1188/1133 1986/1186/1131
f 1980/1187/1132 1979/1189/1134 1988/1190/1134 1987/1188/1133
